Date,Open,High,Low,Close,Volume,OpenNorm,HighNorm,LowNorm,CloseNorm
2015-01-02,27.84749984741211,27.86000061035156,26.837499618530273,27.332500457763672,212818400,1.0188420152208268,1.0192993741426264,0.9818896613576094,1.0
2015-01-05,27.072500228881836,27.162500381469727,26.352500915527344,26.5625,257142000,0.9904875066485919,0.9937802954926629,0.9641452656791976,0.9718283931265806
2015-01-06,26.635000228881836,26.857500076293945,26.157499313354492,26.565000534057617,263188400,0.9744809213500365,0.9826214077192194,0.957010843328261,0.9719198788675754
2015-01-07,26.799999237060547,27.049999237060547,26.674999237060547,26.9375,160423600,0.9805176543753841,0.9896642745459872,0.9759443442900825,0.9855483233824853
2015-01-08,27.3075008392334,28.037500381469727,27.174999237060547,27.97249984741211,237458000,0.9990853519395745,1.0257934660897738,0.9942375846312888,1.0234153253061282
2015-01-09,28.167499542236328,28.3125,27.552499771118164,28.002500534057617,214798000,1.030549677873891,1.0358547343208024,1.0080490006281881,1.0245129448485433
2015-01-12,28.149999618530273,28.157499313354492,27.200000762939453,27.3125,198603200,1.0299094172532757,1.030183804693086,0.9951523024748882,0.99926825363839
2015-01-13,27.857500076293945,28.200000762939453,27.227500915527344,27.55500030517578,268367600,1.0192078884016318,1.0317387831573006,0.9961584362763084,1.008140486369183
2015-01-14,27.260000228881836,27.622499465942383,27.125,27.450000762939453,195826400,0.9973474717765443,1.0106100431106493,0.9924082885104377,1.0042989226454913
2015-01-15,27.5,27.51499938964844,26.665000915527344,26.704999923706055,240056000,1.0061282187663423,1.006676993645963,0.9755785408924514,0.9770419638324975
2015-01-16,26.75749969482422,26.895000457763672,26.299999237060547,26.497499465942383,314053200,0.9789627456943433,0.9839934147014445,0.9622244140341778,0.9694502523429351
2015-01-20,26.959999084472656,27.24250030517578,26.625,27.18000030517578,199599600,0.9863714857019161,0.996707211155929,0.9741150481692314,0.9944205561132782
2015-01-21,27.237499237060547,27.76499938964844,27.0674991607666,27.387500762939453,194303600,0.9965242396739395,1.0158236138165662,0.9903045351666024,1.0020122676028405
2015-01-22,27.565000534057617,28.11750030517578,27.43000030517578,28.100000381469727,215185600,1.008506359549988,1.02872038175304,1.0035671762838814,1.0280801211324246
2015-01-23,28.075000762939453,28.4375,27.88249969482422,28.2450008392334,185859200,1.027165473071999,1.040428044406104,1.0201225364620572,1.0333851775793361
2015-01-26,28.434999465942383,28.59000015258789,28.200000762939453,28.274999618530273,222460000,1.0403365586651092,1.0460074882928259,1.0317387831573006,1.0344827273385773
2015-01-27,28.104999542236328,28.1200008392334,27.25749969482422,27.28499984741211,382274800,1.0282630228312402,1.0288118674940345,0.9972559860355495,0.9982621198369698
2015-01-28,29.407499313354492,29.530000686645508,28.82749938964844,28.82749938964844,585908400,1.0759169055461015,1.0803987996735822,1.0546967495416293,1.0546967495416293
2015-01-29,29.079999923706055,29.79750061035156,28.88999938964844,29.725000381469727,337745600,1.063934855453227,1.0901856804648005,1.05698340458428,1.0875331522413447
2015-01-30,29.600000381469727,30.0,29.212499618530273,29.290000915527344,334982000,1.0829598421560434,1.0975944204723735,1.0687825529783388,1.0716180526837842
2015-02-02,29.512500762939453,29.792499542236328,29.020000457763672,29.657499313354492,250956400,1.079758539052967,1.090002708982811,1.061739686151571,1.0850635257167045
2015-02-03,29.625,29.772499084472656,29.40250015258789,29.662500381469727,207662800,1.0838744902164688,1.0892709626212012,1.075734003847286,1.0852464971986941
2015-02-04,29.625,30.127500534057617,29.57749938964844,29.88999938964844,280598800,1.0838744902164688,1.1022592162986697,1.0821366100534386,1.0935698852666926
2015-02-05,30.0049991607666,30.0575008392334,29.8125,29.98500061035156,168984800,1.097777322171189,1.0996981738162086,1.0907344553444211,1.0970456455927529
2015-02-06,30.0049991607666,30.0625,29.612499237060547,29.732500076293945,174826400,1.097777322171189,1.0998810755150243,1.083417131294669,1.087807539681155
2015-02-09,29.637500762939453,29.959999084472656,29.607500076293945,29.93000030517578,155559200,1.0843318491382685,1.0961309277491535,1.0832342295958535,1.0950333779899124
2015-02-10,30.042499542236328,30.537500381469727,30.040000915527344,30.5049991607666,248034000,1.0991493291534142,1.1172596677958049,1.0990579131955935,1.1160705625123952
2015-02-11,30.6924991607666,31.229999542236328,30.625,31.219999313354492,294247200,1.1229305276403476,1.142595774963779,1.1204609708988813,1.142229901782974
2015-02-12,31.51499938964844,31.8700008392334,31.392499923706055,31.614999771118164,297898000,1.1530229163756127,1.1660111700530813,1.148541092031306,1.1566815784004887
2015-02-13,31.81999969482422,31.81999969482422,31.412500381469727,31.770000457763672,217088800,1.1641818041490564,1.1641818041490564,1.1492728383929158,1.1623525080282053
2015-02-17,31.872499465942383,32.220001220703125,31.729999542236328,31.957500457763672,252609600,1.166102586010902,1.1788164522485605,1.1608890153049853,1.1692124731561575
2015-02-18,31.907499313354492,32.19499969482422,31.862499237060547,32.18000030517578,179566800,1.1673831072521326,1.177901734404961,1.165736712830097,1.1773529595253405
2015-02-19,32.119998931884766,32.25749969482422,32.08250045776367,32.11249923706055,149449600,1.1751577204405104,1.1801883894476117,1.173785783241459,1.1748833330007002
2015-02-20,32.154998779296875,32.375,32.01250076293945,32.375,195793600,1.176438241681741,1.184487312093103,1.1712247407589982,1.184487312093103
2015-02-23,32.505001068115234,33.25,32.415000915527344,33.25,283896400,1.189243593660394,1.216500482690214,1.185950804816323,1.216500482690214
2015-02-24,33.23500061035156,33.400001525878906,32.79249954223633,33.04249954223633,276912400,1.2159517078105935,1.2219885106191148,1.1997621510300485,1.2089087712006517
2015-02-25,32.88999938964844,32.900001525878906,32.037498474121094,32.1974983215332,298846800,1.2033293273139298,1.2036952702779087,1.1721393190362497,1.1779931503627818
2015-02-26,32.1974983215332,32.717498779296875,31.65250015258789,32.60499954223633,365150000,1.1779931503627818,1.197018137065598,1.1580535853827139,1.192902185902096
2015-02-27,32.5,32.64250183105469,32.060001373291016,32.1150016784668,248059200,1.1890606221784046,1.1942742626674954,1.1729626209220283,1.1749748885248688
2015-03-02,32.3125,32.56999969482422,32.07500076293945,32.272499084472656,192386800,1.1822006570504522,1.1916216646608657,1.1735113958016488,1.1807371643272322
2015-03-03,32.2400016784668,32.380001068115234,32.022499084472656,32.34000015258789,151265200,1.1795481986101704,1.1846702835750924,1.1715905441566292,1.1832067908518724
2015-03-04,32.275001525878906,32.38999938964844,32.08000183105469,32.1349983215332,126665200,1.180828719851401,1.1850360869727237,1.1736943672836384,1.175706495320131
2015-03-05,32.14500045776367,32.1875,31.440000534057617,31.602500915527344,226068400,1.17607243828411,1.1776273469651508,1.150278972194336,1.1562242892618628
2015-03-06,32.099998474121094,32.342498779296875,31.565000534057617,31.649999618530273,291368400,1.1744259740789005,1.1832982068096933,1.1548522822796377,1.1579620996417193
2015-03-09,31.989999771118164,32.39250183105469,31.26499938964844,31.78499984741211,354114000,1.1704015086563935,1.1851276424968922,1.1438762962050097,1.1629012829078258
2015-03-10,31.602500915527344,31.80500030517578,30.950000762939453,31.127500534057617,275426400,1.1562242892618628,1.1636330292694357,1.1323516050339348,1.1388456969810823
2015-03-11,31.1875,31.1924991607666,30.52750015258789,30.559999465942383,275756000,1.1410408662827383,1.1412237679815538,1.116893794615,1.1180828301152357
2015-03-12,30.57749938964844,31.225000381469727,30.407499313354492,31.112499237060547,193450800,1.1187230907358512,1.1424128732649634,1.1125033862285139,1.1382968523182877
2015-03-13,31.100000381469727,31.350000381469727,30.645000457763672,30.897499084472656,207309200,1.1378395631796618,1.146986183350265,1.1211927172604912,1.130430753388915
2015-03-16,30.969999313354492,31.237499237060547,30.717500686645508,31.237499237060547,143497200,1.133083281612371,1.1428701624035893,1.123845245483947,1.1428701624035893
2015-03-17,31.475000381469727,31.829999923706055,31.412500381469727,31.760000228881836,204092400,1.1515594934355666,1.1645476773298613,1.1492728383929158,1.1619866348474002
2015-03-18,31.75,32.290000915527344,31.592500686645508,32.11750030517578,261083600,1.1616207616665952,1.1813774947310214,1.1558584160810579,1.1750663044826897
2015-03-19,32.1875,32.3125,31.850000381469727,31.875,183238000,1.1776273469651508,1.1822006570504522,1.1652794236914712,1.1661940717518968
2015-03-20,32.0625,32.099998474121094,31.290000915527344,31.475000381469727,274780400,1.1730540368798492,1.1744259740789005,1.144791014048609,1.1515594934355666
2015-03-23,31.780000686645508,31.962499618530273,31.6299991607666,31.802499771118164,150838800,1.1627183812090103,1.169395374854973,1.1572303532801091,1.163541543528441
2015-03-24,31.8075008392334,32.0099983215332,31.63999938964844,31.67250061035156,131369200,1.1637245150104305,1.1711331852348295,1.1575962264609143,1.1587853317443237
2015-03-25,31.635000228881836,31.704999923706055,30.844999313354492,30.844999313354492,206620800,1.1574133247620988,1.1599743672445597,1.1285099715270694,1.1285099715270694
2015-03-26,30.690000534057617,31.219999313354492,30.649999618530273,31.059999465942383,190291600,1.1228391116825267,1.142229901782974,1.1213756189593067,1.136376070456442
2015-03-27,31.142499923706055,31.174999237060547,30.727500915527344,30.8125,158184800,1.1393944718607028,1.1405835073609385,1.124211118664752,1.1273209360268335
2015-03-30,31.012500762939453,31.600000381469727,31.0,31.592500686645508,188398800,1.1346382600765856,1.1561328035208682,1.1341809011547859,1.1558584160810579
2015-03-31,31.522499084472656,31.622499465942383,31.09000015258789,31.107500076293945,168362400,1.1532973038154228,1.156955965840299,1.137473689998857,1.1381139506194722
2015-04-01,31.204999923706055,31.280000686645508,30.774999618530273,31.0625,162485600,1.1416811269033535,1.1444251408678041,1.1259489290446083,1.1364675561974367
2015-04-02,31.25749969482422,31.38999938964844,31.04750061035156,31.329999923706055,128880400,1.1436019087651994,1.1484496062903113,1.135918781317816,1.1462544369886551
2015-04-06,31.11750030517578,31.877500534057617,31.082500457763672,31.837499618530273,148776000,1.1384798238002771,1.1662855574928916,1.1371993025590468,1.1648220647696717
2015-04-07,31.90999984741211,32.029998779296875,31.4950008392334,31.502500534057617,140049200,1.1674745929931274,1.1718649315964393,1.1522912397971765,1.1525656272369869
2015-04-08,31.462499618530273,31.600000381469727,31.24250030517578,31.399999618530273,149316800,1.1511021345137669,1.1561328035208682,1.1430531338855787,1.148815479471116
2015-04-09,31.462499618530273,31.645000457763672,31.165000915527344,31.63999938964844,129936000,1.1511021345137669,1.1577791979429037,1.1402177039633075,1.1575962264609143
2015-04-10,31.487499237060547,31.802499771118164,31.315000534057617,31.774999618530273,160752000,1.1520167825741925,1.163541543528441,1.1457056621090345,1.1625354097270209
2015-04-13,32.092498779296875,32.14250183105469,31.65250015258789,31.712499618530273,145460400,1.1741515866390901,1.1759810223262892,1.1580535853827139,1.16024875468437
2015-04-14,31.75,31.822500228881836,31.477500915527344,31.575000762939453,102098400,1.1616207616665952,1.164273289890051,1.1516509791765612,1.1552181554604426
2015-04-15,31.602500915527344,31.782499313354492,31.502500534057617,31.69499969482422,115881600,1.1562242892618628,1.162809797166831,1.1525656272369869,1.1596084940637548
2015-04-16,31.56999969482422,31.774999618530273,31.52750015258789,31.542499542236328,113476000,1.1550351839784532,1.1625354097270209,1.1534802752974125,1.154029050177033
2015-04-17,31.387500762939453,31.53499984741211,31.114999771118164,31.1875,207828000,1.1483581903324902,1.1537546627372226,1.1383883380592825,1.1410408662827383
2015-04-20,31.392499923706055,32.029998779296875,31.292499542236328,31.899999618530273,188217200,1.148541092031306,1.1718649315964393,1.1448824300064298,1.1671087198123224
2015-04-21,32.025001525878906,32.04999923706055,31.667499542236328,31.727500915527344,129740400,1.1716820996807977,1.1725966779580494,1.1586023602623345,1.1607975993471644
2015-04-22,31.747499465942383,32.217498779296875,31.579999923706055,32.154998779296875,150618000,1.1615292759256006,1.1787248967243917,1.1554010571592581,1.176438241681741
2015-04-23,32.07500076293945,32.60499954223633,32.03499984741211,32.41749954223633,183083600,1.1735113958016488,1.192902185902096,1.172047903078429,1.186042220774144
2015-04-24,32.622501373291016,32.657501220703125,32.307498931884766,32.56999969482422,178103600,1.1935425163058853,1.1948230375471158,1.1820176855684628,1.1916216646608657
2015-04-27,33.07749938964844,33.282501220703125,32.787498474121094,33.162498474121094,387816800,1.2101892924418822,1.2176895879736236,1.199579179548059,1.2132991098039636
2015-04-28,33.6150016784668,33.6349983215332,32.39250183105469,32.63999938964844,475696000,1.2298546095484875,1.2305862163437498,1.1851276424968922,1.1941827071433266
2015-04-29,32.540000915527344,32.897499084472656,32.07500076293945,32.15999984741211,253544400,1.1905241149016246,1.2036037147537402,1.1735113958016488,1.1766212131637304
2015-04-30,32.15999984741211,32.15999984741211,31.145000457763672,31.287500381469727,332781600,1.1766212131637304,1.1766212131637304,1.1394859576016974,1.1446995283076142
2015-05-01,31.524999618530273,32.532501220703125,31.325000762939453,32.23749923706055,234050400,1.1533887895564177,1.1902497274618142,1.1460715352898396,1.1794566430860018
2015-05-04,32.375,32.64250183105469,32.064998626708984,32.17499923706055,203953200,1.184487312093103,1.1942742626674954,1.17314545283767,1.177169988043351
2015-05-05,32.037498474121094,32.11249923706055,31.44499969482422,31.450000762939453,197085600,1.1721393190362497,1.1748833330007002,1.1504618738931516,1.150644845375141
2015-05-06,31.63999938964844,31.6875,30.84000015258789,31.252500534057617,288564000,1.1575962264609143,1.1593341066239444,1.128327069828254,1.1434190070663837
2015-05-07,31.1924991607666,31.520000457763672,31.0049991607666,31.315000534057617,175763600,1.1412237679815538,1.1532058878576021,1.1343638028536014,1.1457056621090345
2015-05-08,31.670000076293945,31.905000686645508,31.52750015258789,31.905000686645508,222201600,1.1586938460033291,1.1672916912943119,1.1534802752974125,1.1672916912943119
2015-05-11,31.84749984741211,31.88999938964844,31.407499313354492,31.579999923706055,168143200,1.1651879379504766,1.1667428466315175,1.1490898669109264,1.1554010571592581
2015-05-12,31.399999618530273,31.719999313354492,31.204999923706055,31.467500686645508,192640000,1.148815479471116,1.1605231421241802,1.1416811269033535,1.1512851059957563
2015-05-13,31.537500381469727,31.79750061035156,31.467500686645508,31.502500534057617,138776800,1.1538461484782174,1.1633586418296253,1.1512851059957563,1.1525656272369869
2015-05-14,31.852500915527344,32.23749923706055,31.790000915527344,32.23749923706055,180814000,1.165370909432466,1.1794566430860018,1.1630842543898152,1.1794566430860018
2015-05-15,32.26750183105469,32.372501373291016,32.0525016784668,32.192501068115234,152832000,1.1805543324115906,1.1843958961352823,1.172688233482218,1.1778103184471402
2015-05-18,32.095001220703125,32.68000030517578,32.09000015258789,32.54750061035156,203531600,1.1742431421632589,1.1956461998665466,1.1740601706812694,1.190798502341435
2015-05-19,32.67250061035156,32.720001220703125,32.40999984741211,32.51750183105469,178532800,1.1953718124267363,1.1971096925897666,1.1857678333343336,1.1897009525821938
2015-05-20,32.5,32.744998931884766,32.334999084472656,32.51499938964844,145819600,1.1890606221784046,1.1980242708670183,1.183023819369883,1.189609397058025
2015-05-21,32.51750183105469,32.907501220703125,32.45750045776367,32.84749984741211,158921600,1.1897009525821938,1.203969657717719,1.187505713497364,1.201774418632889
2015-05-22,32.900001525878906,33.24250030517578,32.849998474121094,33.1349983215332,182384000,1.2036952702779087,1.2162260952504036,1.2018658345907098,1.2122929760025434
2015-05-26,33.150001525878906,33.227500915527344,32.279998779296875,32.404998779296875,282790400,1.2128418904485119,1.2156773203707831,1.1810115517670425,1.1855848618523441
2015-05-27,32.584999084472656,33.064998626708984,32.51250076293945,33.0099983215332,183332800,1.1921704395404862,1.2097319335200825,1.1895179811002043,1.207719665917242
2015-05-28,32.96500015258789,32.98749923706055,32.775001525878906,32.94499969482422,122933200,1.2060733412783804,1.2068965035978112,1.199121960192607,1.2053415949167703
2015-05-29,32.807498931884766,32.86249923706055,32.474998474121094,32.56999969482422,203538000,1.200310925909669,1.2023231935125096,1.188145904334805,1.1916216646608657
2015-06-01,32.56999969482422,32.84749984741211,32.51250076293945,32.6349983215332,128451200,1.1916216646608657,1.201774418632889,1.1895179811002043,1.1939997356613372
2015-06-02,32.46500015258789,32.665000915527344,32.33000183105469,32.4900016784668,134670400,1.187780100937174,1.1950974249869262,1.1828409874542414,1.1886948187807735
2015-06-03,32.665000915527344,32.73500061035156,32.474998474121094,32.529998779296875,123934000,1.1950974249869262,1.197658467469387,1.188145904334805,1.1901581719376457
2015-06-04,32.39500045776367,32.64500045776367,32.227500915527344,32.34000015258789,153800400,1.185219058454713,1.194365678625316,1.1790908396883706,1.1832067908518724
2015-06-05,32.375,32.42250061035156,32.09000015258789,32.162498474121094,142507200,1.184487312093103,1.1862251922561333,1.1740601706812694,1.1767126291215513
2015-06-08,32.224998474121094,32.3025016784668,31.707500457763672,31.950000762939453,210699200,1.178999284164202,1.1818348536528211,1.1600658529855545,1.1689380857163474
2015-06-09,31.674999237060547,32.02000045776367,31.405000686645508,31.854999542236328,224301600,1.1588767477021447,1.1714991281988083,1.1489984509531055,1.165462325390287
2015-06-10,31.979999542236328,32.334999084472656,31.962499618530273,32.220001220703125,156349200,1.1700356354755883,1.183023819369883,1.169395374854973,1.1788164522485605
2015-06-11,32.29499816894531,32.54499816894531,32.119998931884766,32.147499084472656,141563600,1.181560326646663,1.1907069468172662,1.1751577204405104,1.1761638542419308
2015-06-12,32.04750061035156,32.08250045776367,31.77750015258789,31.792499542236328,147544800,1.1725052620002285,1.173785783241459,1.1626268954680155,1.1631756703476361
2015-06-15,31.524999618530273,31.809999465942383,31.427499771118164,31.729999542236328,175955600,1.1533887895564177,1.1638159309682512,1.1498216132725363,1.1608890153049853
2015-06-16,31.75749969482422,31.962499618530273,31.592500686645508,31.899999618530273,125976400,1.1618951491064056,1.169395374854973,1.1558584160810579,1.1671087198123224
2015-06-17,31.93000030517578,31.969999313354492,31.684999465942383,31.825000762939453,131672400,1.1682063393547373,1.1696697622947834,1.1592426208829498,1.1643647756310458
2015-06-18,31.8075008392334,32.07749938964844,31.80500030517578,31.969999313354492,141628800,1.1637245150104305,1.1736028117594697,1.1636330292694357,1.1696697622947834
2015-06-19,31.927499771118164,31.954999923706055,31.600000381469727,31.649999618530273,218867600,1.1681148536137427,1.169120987415163,1.1561328035208682,1.1579620996417193
2015-06-22,31.872499465942383,32.01499938964844,31.770000457763672,31.90250015258789,136157200,1.166102586010902,1.1713161567168189,1.1623525080282053,1.167200205553317
2015-06-23,31.8700008392334,31.90250015258789,31.719999313354492,31.75749969482422,121075600,1.1660111700530813,1.167200205553317,1.1605231421241802,1.1618951491064056
2015-06-24,31.802499771118164,32.45000076293945,31.780000686645508,32.02750015258789,221123600,1.163541543528441,1.1872313260575535,1.1627183812090103,1.1717735156386186
2015-06-25,32.21500015258789,32.29999923706055,31.875,31.875,127752400,1.178633480766571,1.1817432981286526,1.1661940717518968,1.1661940717518968
2015-06-26,31.917499542236328,31.997499465942383,31.627500534057617,31.6875,176267200,1.1677489804329375,1.1706758960962036,1.1571389373222885,1.1593341066239444
2015-06-29,31.364999771118164,31.61750030517578,31.1200008392334,31.13249969482422,196645600,1.1475349582298855,1.1567730641414835,1.138571309541272,1.1390285986798978
2015-06-30,31.392499923706055,31.530000686645508,31.21500015258789,31.357500076293945,177482800,1.148541092031306,1.153571761038407,1.1420470000841585,1.1472605707900754
2015-07-01,31.725000381469727,31.73500061035156,31.497499465942383,31.649999618530273,120955200,1.1607061136061698,1.1610719867869745,1.1523826557549974,1.1579620996417193
2015-07-02,31.607500076293945,31.67250061035156,31.4424991607666,31.61000061035156,108844000,1.1564071909606783,1.1587853317443237,1.150370388152157,1.156498676701673
2015-07-06,31.23500061035156,31.5575008392334,31.212499618530273,31.5,112241600,1.1427787464457684,1.1545778948398273,1.141955514343164,1.152474141495992
2015-07-07,31.47249984741211,31.537500381469727,30.9424991607666,31.42250061035156,187787200,1.1514680076945718,1.1538461484782174,1.1320771478109506,1.1496387115737208
2015-07-08,31.1200008392334,31.15999984741211,30.635000228881836,30.642499923706055,243046400,1.138571309541272,1.140034732481318,1.1208268440796862,1.1211012315194966
2015-07-09,30.962499618530273,31.01499938964844,29.80500030517578,30.017499923706055,314380000,1.1328088941725607,1.1347296760344066,1.0904600679046108,1.0982346810929888
2015-07-10,30.48500061035156,30.962499618530273,30.302499771118164,30.81999969482422,245418000,1.115338885933959,1.1328088941725607,1.1086618225048224,1.1275953234666438
2015-07-13,31.25749969482422,31.440000534057617,31.079999923706055,31.415000915527344,165762000,1.1436019087651994,1.150278972194336,1.137107816818052,1.1493643241339107
2015-07-14,31.510000228881836,31.592500686645508,31.260000228881836,31.40250015258789,127072400,1.1528400146767972,1.1558584160810579,1.143693394506194,1.1489069652121109
2015-07-15,31.43000030517578,31.787500381469727,31.395000457763672,31.704999923706055,134596800,1.1499130990135311,1.1629927686488204,1.1486325777723005,1.1599743672445597
2015-07-16,31.934999465942383,32.14250183105469,31.837499618530273,32.127498626708984,144889600,1.1683892410535528,1.1759810223262892,1.1648220647696717,1.1754321078803207
2015-07-17,32.27000045776367,32.404998779296875,32.07749938964844,32.404998779296875,184658800,1.1806457483694115,1.1855848618523441,1.1736028117594697,1.1855848618523441
2015-07-20,32.74250030517578,33.24250030517578,32.67499923706055,33.01750183105469,235600800,1.1979328549091974,1.2162260952504036,1.1954632283845572,1.2079941929234
2015-07-21,33.212501525878906,33.22999954223633,32.58000183105469,32.6875,307025600,1.2151285454911627,1.215768736328604,1.1919876076248446,1.195920587306357
2015-07-22,30.497499465942383,31.375,30.497499465942383,31.30500030517578,461802400,1.1157961750725849,1.1479008314106907,1.1157961750725849,1.1453397889282295
2015-07-23,31.549999237060547,31.772499084472656,31.26499938964844,31.290000915527344,203998000,1.1543034376168433,1.162443923986026,1.1438762962050097,1.144791014048609
2015-07-24,31.329999923706055,31.434999465942383,30.975000381469727,31.125,168649200,1.1462544369886551,1.1500960007123466,1.1332662530943605,1.1387542112400875
2015-07-27,30.772499084472656,30.90250015258789,30.530000686645508,30.6924991607666,177822000,1.1258574433036137,1.1306137248709047,1.1169852803559948,1.1229305276403476
2015-07-28,30.844999313354492,30.977500915527344,30.637500762939453,30.844999313354492,134472400,1.1285099715270694,1.133357738835355,1.120918329820681,1.1285099715270694
2015-07-29,30.787500381469727,30.875,30.5674991607666,30.747499465942383,148046800,1.126406287966408,1.1296075910694843,1.118357217555046,1.124942795243188
2015-07-30,30.579999923706055,30.642499923706055,30.427499771118164,30.592500686645508,134513200,1.1188145764768458,1.1211012315194966,1.113235132590124,1.1192719353986456
2015-07-31,30.649999618530273,30.65999984741211,30.227500915527344,30.325000762939453,171540000,1.1213756189593067,1.1217414921401119,1.1059178783235457,1.109485054607427
2015-08-03,30.375,30.642499923706055,29.3799991607666,29.61000061035156,279904000,1.111314350728278,1.1211012315194966,1.0749107717446813,1.083325715336848
2015-08-04,29.354999542236328,29.424999237060547,28.3125,28.65999984741211,496554400,1.0739961236842557,1.0765571661667168,1.0358547343208024,1.0485685307752868
2015-08-05,28.237499237060547,29.36000061035156,28.024999618530273,28.850000381469727,397250400,1.0331107203563519,1.074179095166245,1.025336107167974,1.055519981644234
2015-08-06,28.99250030517578,29.125,28.530000686645508,28.782499313354492,211612000,1.0607335523501507,1.0655812498752626,1.0438123189911699,1.0530503551195938
2015-08-07,28.645000457763672,29.0625,28.625,28.8799991607666,154681600,1.0480197558956663,1.0632945948326118,1.0472880095340564,1.056617531403475
2015-08-10,29.13249969482422,29.997499465942383,29.13249969482422,29.93000030517578,219806400,1.065855637315073,1.0975029347313787,1.065855637315073,1.0950333779899124
2015-08-11,29.45249938964844,29.545000076293945,28.332500457763672,28.372499465942383,388331200,1.077563299968137,1.0809475745532027,1.0365864806824125,1.0380499036224584
2015-08-12,28.13249969482422,28.854999542236328,27.407499313354492,28.809999465942383,404870000,1.0292691566326604,1.0557028833430495,1.0027439441812767,1.054056488921014
2015-08-13,29.010000228881836,29.100000381469727,28.635000228881836,28.787500381469727,194143200,1.061373812970766,1.064666601814837,1.0476538827148614,1.0532333266015832
2015-08-14,28.579999923706055,29.07749938964844,28.502500534057617,28.989999771118164,171718000,1.045641615112021,1.0638433697122325,1.0428061851897494,1.060642066609156
2015-08-17,29.010000228881836,29.412500381469727,28.875,29.290000915527344,163538800,1.061373812970766,1.076099877028091,1.0564346297046594,1.0716180526837842
2015-08-18,29.107500076293945,29.36000061035156,29.002500534057617,29.125,138242800,1.0649409892546473,1.074179095166245,1.0610994255309558,1.0655812498752626
2015-08-19,29.024999618530273,29.1299991607666,28.670000076293945,28.752500534057617,193146000,1.0619225878503866,1.0657641515740781,1.048934403956092,1.0519528053603526
2015-08-20,28.520000457763672,28.587499618530273,27.907499313354492,28.162500381469727,274006400,1.0434464458103647,1.045916002551831,1.0210371845224828,1.0303667761750754
2015-08-21,27.607500076293945,27.975000381469727,26.412500381469727,26.440000534057617,513102000,1.0100612682310286,1.023506811047123,0.9663404349808535,0.9673465687822739
2015-08-24,23.717500686645508,27.200000762939453,23.0,25.780000686645508,648825200,0.8677398807070599,0.9951523024748882,0.8414890556954864,0.9431994971145355
2015-08-25,27.77750015258789,27.77750015258789,25.875,25.934999465942383,414406400,1.0162809727383657,1.0162809727383657,0.9466751876574221,0.9488703569590782
2015-08-26,26.772499084472656,27.47249984741211,26.262500762939453,27.42250061035156,387098400,0.9795115205739638,1.005122084964922,0.9608524768351265,1.0032927888440708
2015-08-27,28.0575008392334,28.309999465942383,27.5049991607666,28.229999542236328,338464400,1.0265252124513837,1.0357632485798078,1.0063111204651578,1.0328363329165418
2015-08-28,28.042499542236328,28.32749938964844,27.885000228881836,28.322500228881836,212657600,1.0259763677885894,1.0364035092004231,1.020214022203052,1.0362206075016074
2015-08-31,28.00749969482422,28.63249969482422,28.0,28.190000534057617,224917200,1.0246958465473588,1.0475623969738665,1.0244214591075487,1.0313729099764957
2015-09-01,27.537500381469727,27.969999313354492,26.84000015258789,26.93000030517578,307383600,1.0075002257485677,1.0233238395651336,0.9819811470986041,0.9852739359426751
2015-09-02,27.5575008392334,28.084999084472656,27.282499313354492,28.084999084472656,247555200,1.0082319721101776,1.02753127646963,0.9981706340959751,1.02753127646963
2015-09-03,28.122499465942383,28.19499969482422,27.510000228881836,27.592500686645508,212935600,1.0289032834518554,1.0315558116753112,1.0064940919471475,1.0095124933514081
2015-09-04,27.24250030517578,27.612499237060547,27.127500534057617,27.3174991607666,199985200,0.996707211155929,1.0102441699298441,0.9924997742514324,0.9994511553372055
2015-09-08,27.9375,28.13999938964844,27.579999923706055,28.07749938964844,219374400,1.0221348040648979,1.0295435440724707,1.0090551344296084,1.02725688902982
2015-09-09,28.440000534057617,28.5049991607666,27.4424991607666,27.537500381469727,340043200,1.0405195301470986,1.0428976011475704,1.004024465422507,1.0075002257485677
2015-09-10,27.5674991607666,28.31999969482422,27.475000381469727,28.142499923706055,251571200,1.0085977755078086,1.0361291217606128,1.0052135707059169,1.0296350298134653
2015-09-11,27.947500228881836,28.552499771118164,27.940000534057617,28.552499771118164,199662000,1.0225006772457028,1.0446354813106007,1.0222262898058925,1.0446354813106007
2015-09-14,29.145000457763672,29.22249984741211,28.71500015258789,28.82749938964844,233453600,1.0663129962368725,1.069148426159144,1.0505807983781275,1.0546967495416293
2015-09-15,28.982500076293945,29.13249969482422,28.604999542236328,29.06999969482422,173364800,1.0603676791693457,1.065855637315073,1.0465562631724463,1.0635689822724221
2015-09-16,29.0625,29.135000228881836,28.86000061035156,29.102500915527344,148694000,1.0632945948326118,1.0659471230560675,1.0558858548250387,1.0647580875558318
2015-09-17,28.915000915527344,29.122499465942383,28.43000030517578,28.479999542236328,256450400,1.0578981224278794,1.0654897641342678,1.0401536569662937,1.0419829530871447
2015-09-18,28.052499771118164,28.575000762939453,27.967500686645508,28.362499237060547,297141200,1.0263422409693943,1.0454587134132054,1.0232324236073127,1.0376840304416535
2015-09-21,28.417499542236328,28.842500686645508,28.415000915527344,28.802499771118164,200888000,1.039696298044494,1.0552455942044237,1.0396048820866732,1.0537821014812037
2015-09-22,28.344999313354492,28.545000076293945,28.1299991607666,28.350000381469727,201384800,1.0370437698210382,1.0443610938707903,1.0291776708916656,1.0372267413030276
2015-09-23,28.407499313354492,28.68000030517578,28.325000762939453,28.579999923706055,143026800,1.039330424863689,1.0493002771368969,1.0363120932426022,1.045641615112021
2015-09-24,28.3125,28.875,28.092500686645508,28.75,200878000,1.0358547343208024,1.0564346297046594,1.0278057336926143,1.0518613196193578
2015-09-25,29.11000061035156,29.17250061035156,28.5049991607666,28.677499771118164,224607600,1.065032474995642,1.0673191300382927,1.0428976011475704,1.049208791395902
2015-09-28,28.462499618530273,28.642499923706055,28.11000061035156,28.11000061035156,208436000,1.0413426924665294,1.0479282701546717,1.0284459943132294,1.0284459943132294
2015-09-29,28.207500457763672,28.377500534057617,26.96500015258789,27.26499938964844,293461600,1.032013170597111,1.038232875104448,0.9865544571839056,0.9975303734753599
2015-09-30,27.542499542236328,27.885000228881836,27.1825008392334,27.575000762939453,265892000,1.0076831274473832,1.020214022203052,0.9945120418542729,1.0088722327307929
2015-10-01,27.267499923706055,27.405000686645508,26.82749938964844,27.395000457763672,255716400,0.9976218592163545,1.0026525282234557,0.9815237881768044,1.0022866550426508
2015-10-02,27.002500534057617,27.752500534057617,26.887500762939453,27.594999313354492,232079200,0.9879264641661308,1.01536632467794,0.9837190272616343,1.0096039093092288
2015-10-05,27.469999313354492,27.842500686645508,27.267499923706055,27.69499969482422,208258800,1.0050305992239275,1.0186591135220113,0.9976218592163545,1.013262571334105
2015-10-06,27.657499313354492,27.934999465942383,27.4424991607666,27.82749938964844,192787200,1.0118905643518796,1.022043318323903,1.004024465422507,1.018110268859217
2015-10-07,27.934999465942383,27.9424991607666,27.352500915527344,27.69499969482422,187062400,1.022043318323903,1.0223177057637134,1.0007317463616099,1.013262571334105
2015-10-08,27.54750061035156,27.54750061035156,27.052499771118164,27.375,247918400,1.0078660989293724,1.0078660989293724,0.9897557602869819,1.0015549086810407
2015-10-09,27.5,28.06999969482422,27.372499465942383,28.030000686645508,211064400,1.0061282187663423,1.0269825015900096,1.001463422940046,1.0255190786499635
2015-10-12,28.1825008392334,28.1875,27.86000061035156,27.899999618530273,121868800,1.0310985225366853,1.0312814242355008,1.0192993741426264,1.0207627970826725
2015-10-13,27.704999923706055,28.112499237060547,27.670000076293945,27.947500228881836,132197200,1.01362844451491,1.0285374102710505,1.0123479232736794,1.0225006772457028
2015-10-14,27.822500228881836,27.8799991607666,27.38999938964844,27.552499771118164,177849600,1.0179273671604012,1.0200310507210626,1.0021036835606614,1.0080490006281881
2015-10-15,27.732500076293945,28.024999618530273,27.622499465942383,27.96500015258789,150694000,1.0146345783163302,1.025336107167974,1.0106100431106493,1.023140937866318
2015-10-16,27.94499969482422,28.0,27.63249969482422,27.760000228881836,156930400,1.022409191504708,1.0244214591075487,1.0109759162914542,1.0156407121177504
2015-10-19,27.700000762939453,27.9375,27.52750015258789,27.9325008392334,119036800,1.0134455428160944,1.0221348040648979,1.0071343525677625,1.0219519023660824
2015-10-20,27.834999084472656,28.542499542236328,27.704999923706055,28.4424991607666,195871200,1.018384656299027,1.0442696081297955,1.01362844451491,1.0406109461049196
2015-10-21,28.5,28.895000457763672,28.424999237060547,28.440000534057617,167180800,1.0427146994487548,1.0571663760662695,1.0399706854843043,1.0405195301470986
2015-10-22,28.582500457763672,28.875,28.524999618530273,28.875,166616400,1.0457331008530155,1.0564346297046594,1.0436293475091802,1.0564346297046594
2015-10-23,29.174999237060547,29.8075008392334,29.082500457763672,29.770000457763672,237467600,1.0674105459961136,1.0905515536456056,1.0640263411942217,1.0891795466633802
2015-10-26,29.520000457763672,29.532499313354492,28.729999542236328,28.81999969482422,265335200,1.0800329264927773,1.0804902156314031,1.051129573257748,1.054422362101819
2015-10-27,28.850000381469727,29.135000228881836,28.497499465942383,28.637500762939453,279537600,1.055519981644234,1.0659471230560675,1.04262321370776,1.047745368455856
2015-10-28,29.232500076293945,29.825000762939453,29.01499938964844,29.8174991607666,342205600,1.069514299339949,1.091191814266221,1.0615567146695817,1.0909173570432367
2015-10-29,29.674999237060547,30.17250061035156,29.5674991607666,30.13249969482422,204909200,1.0857037863373198,1.103905610720705,1.0817707368726335,1.1024421179974853
2015-10-30,30.247499465942383,30.30500030517578,29.862499237060547,29.875,197461200,1.106649554901982,1.1087533082458172,1.0925637514652722,1.093021110387072
2015-11-02,30.200000762939453,30.34000015258789,29.90250015258789,30.295000076293945,128813200,1.1049117445221255,1.1100338294870475,1.0940272441884922,1.108387435065012
2015-11-03,30.197500228881836,30.872499465942383,30.174999237060547,30.642499923706055,182076000,1.1048202587811309,1.1295161053284897,1.1039970266785262,1.1211012315194966
2015-11-04,30.782499313354492,30.954999923706055,30.405000686645508,30.5,179544400,1.1262233164844186,1.1325345067327504,1.1124119702706932,1.1158876608135797
2015-11-05,30.462499618530273,30.67250061035156,30.045000076293945,30.229999542236328,158210800,1.1145156538313545,1.1221988510619114,1.099240814894409,1.1060092942813666
2015-11-06,30.27750015258789,30.45249938964844,30.155000686645508,30.26499938964844,132169200,1.1077471744443967,1.1141497806505496,1.10326535010009,1.1072898155225972
2015-11-09,30.239999771118164,30.45249938964844,30.012500762939453,30.142499923706055,135485600,1.1063751674621716,1.1141497806505496,1.098051779394173,1.1028079911782902
2015-11-10,29.225000381469727,29.517499923706055,29.01499938964844,29.1924991607666,236511600,1.0692399119001386,1.0799414407517824,1.0615567146695817,1.068050806616729
2015-11-11,29.092500686645508,29.354999542236328,28.802499771118164,29.02750015258789,180872000,1.0643922143750268,1.0739961236842557,1.0537821014812037,1.0620140735913812
2015-11-12,29.065000534057617,29.204999923706055,28.912500381469727,28.93000030517578,130102400,1.0633860805736066,1.0685081655385287,1.0578066366868848,1.0584468973075
2015-11-13,28.799999237060547,28.892499923706055,28.0674991607666,28.084999084472656,183249600,1.053690615740209,1.0570748903252747,1.026891015849015,1.02753127646963
2015-11-16,27.844999313354492,28.559999465942383,27.75,28.545000076293945,152426800,1.018750529479832,1.0449098687504108,1.0152748389369455,1.0443610938707903
2015-11-17,28.729999542236328,28.762500762939453,28.329999923706055,28.42250061035156,110467600,1.051129573257748,1.0523186785411576,1.0364949949414177,1.0398792695264834
2015-11-18,28.940000534057617,29.372499465942383,28.875,29.322500228881836,186698800,1.058812770488305,1.074636384304871,1.0564346297046594,1.07280708818402
2015-11-19,29.40999984741211,29.9375,29.190000534057617,29.69499969482422,173183200,1.0760083912870961,1.0953077654297227,1.067959390658908,1.08643553269893
2015-11-20,29.799999237060547,29.979999542236328,29.712499618530273,29.825000762939453,137148400,1.0902770964226214,1.0968626741107634,1.0870757933195452,1.091191814266221
2015-11-23,29.8174991607666,29.9325008392334,29.334999084472656,29.4375,129930000,1.0909173570432367,1.0951248637309072,1.0732643773226458,1.0770145250885164
2015-11-24,29.332500457763672,29.837499618530273,29.280000686645508,29.719999313354492,171212800,1.0731729613648249,1.0916491034048466,1.071252179502979,1.0873501807593553
2015-11-25,29.802499771118164,29.8075008392334,29.479999542236328,29.50749969482422,85553200,1.0903685821636162,1.0905515536456056,1.0785694337695573,1.0795755675709775
2015-11-27,29.572500228881836,29.602500915527344,29.399999618530273,29.45249938964844,52185600,1.0819537083546231,1.083051327897038,1.0756425181062912,1.077563299968137
2015-11-30,29.497499465942383,29.852500915527344,29.4375,29.575000762939453,156721200,1.0792096943901726,1.0921979480676411,1.0770145250885164,1.0820451940956177
2015-12-01,29.6875,29.70249938964844,29.21500015258789,29.334999084472656,139409600,1.0861611452591196,1.0867099201387402,1.0688740387193336,1.0732643773226458
2015-12-02,29.334999084472656,29.52750015258789,29.020000457763672,29.06999969482422,133546400,1.0732643773226458,1.0803073139325876,1.061739686151571,1.0635689822724221
2015-12-03,29.137500762939453,29.197500228881836,28.55500030517578,28.799999237060547,166278000,1.0660386087970624,1.0682337780987183,1.0447269670515953,1.053690615740209
2015-12-04,28.822500228881836,29.8125,28.77750015258789,29.75749969482422,231108000,1.0545138478428138,1.0907344553444211,1.0528674534207783,1.0887221877415807
2015-12-07,29.7450008392334,29.96500015258789,29.45249938964844,29.56999969482422,128336800,1.0882648986029548,1.096313899231143,1.077563299968137,1.0818622226136283
2015-12-08,29.3799991607666,29.649999618530273,29.21500015258789,29.5575008392334,137238000,1.0749107717446813,1.0847891382768944,1.0688740387193336,1.0814049334750024
2015-12-09,29.40999984741211,29.42250061035156,28.770000457763672,28.905000686645508,185445600,1.0760083912870961,1.076465750208896,1.052593065980968,1.0575322492470745
2015-12-10,29.010000228881836,29.23500061035156,28.877500534057617,29.042499542236328,116850800,1.061373812970766,1.0696057850809435,1.0565261154456542,1.062562848471002
2015-12-11,28.79750061035156,28.84749984741211,28.212499618530273,28.295000076293945,187544800,1.053599199782388,1.0554284959032392,1.0321960722959265,1.0352144737001872
2015-12-14,28.045000076293945,28.170000076293945,27.447500228881836,28.1200008392334,257274800,1.0260678535295842,1.0306411636148856,1.0042074369044967,1.0288118674940345
2015-12-15,27.98500061035156,28.200000762939453,27.587499618530273,27.622499465942383,213292400,1.023872684227928,1.0317387831573006,1.0093295218694187,1.0106100431106493
2015-12-16,27.767499923706055,27.997499465942383,27.200000762939453,27.834999084472656,224954000,1.0159150995575608,1.0243299733665538,0.9951523024748882,1.018384656299027
2015-12-17,28.0049991607666,28.0625,27.2450008392334,27.2450008392334,179091200,1.0246043608063642,1.0267081141501992,0.9967986968969237,0.9967986968969237
2015-12-18,27.227500915527344,27.3799991607666,26.45249938964844,26.50749969482422,385813200,0.9961584362763084,1.0017378103798564,0.9678038579208997,0.9698161255237402
2015-12-21,26.81999969482422,26.842500686645508,26.392499923706055,26.832500457763672,190362400,0.9812494007369941,0.9820726328395988,0.9656086886192436,0.9817067596587937
2015-12-22,26.850000381469727,26.93000030517578,26.612499237060547,26.8075008392334,131157600,0.982347020279409,0.9852739359426751,0.9736576892474318,0.9807921115983682
2015-12-23,26.8174991607666,27.212499618530273,26.799999237060547,27.15250015258789,130629600,0.9811579149959994,0.995609591613514,0.9805176543753841,0.993414422311858
2015-12-24,27.25,27.25,26.987499237060547,27.00749969482422,54281600,0.9969815985957392,0.9969815985957392,0.9873776195033364,0.9881093658649464
2015-12-28,26.897499084472656,26.92250061035156,26.545000076293945,26.704999923706055,106816800,0.9840848306592653,0.9849995485028646,0.9711881325059654,0.9770419638324975
2015-12-29,26.739999771118164,27.357500076293945,26.71500015258789,27.184999465942383,123724800,0.978322485073728,1.0009146480604256,0.9774078370133025,0.9946034578120937
2015-12-30,27.145000457763672,27.174999237060547,26.795000076293945,26.829999923706055,100855200,0.9931400348720477,0.9942375846312888,0.9803347526765686,0.981615273917799
2015-12-31,26.752500534057617,26.75749969482422,26.204999923706055,26.315000534057617,163649200,0.9787798439955278,0.9789627456943433,0.9587487234912913,0.9627732586969723
2016-01-04,25.65250015258789,26.342500686645508,25.5,26.337499618530273,270597600,0.9385347012882392,0.9637793924983925,0.9329552574015174,0.9635964210164031
2016-01-05,26.4375,26.462499618530273,25.602500915527344,25.677499771118164,223164000,0.9672550830412792,0.9681697311017047,0.9367054051673882,0.9394493493486648
2016-01-06,25.13999938964844,25.592500686645508,24.967500686645508,25.174999237060547,273829600,0.9197841020252334,0.9363395319865833,0.9134729815600754,0.9210646232664639
2016-01-07,24.670000076293945,25.032499313354492,24.107500076293945,24.112499237060547,324377600,0.9025884812264421,0.915851052560547,0.8820085858425851,0.8821914875414006
2016-01-08,24.637500762939453,24.77750015258789,24.190000534057617,24.239999771118164,283192000,0.9013994457262062,0.9065215306911284,0.8850269872468458,0.8868562833676968
2016-01-11,24.74250030517578,24.76499938964844,24.334999084472656,24.63249969482422,198957600,0.9052410094498978,0.9060641717693287,0.8903319739105835,0.9012164742442168
2016-01-12,25.137500762939453,25.17250061035156,24.709999084472656,24.989999771118164,196616800,0.9196926860674125,0.9209732073086428,0.9040519041664882,0.9142961438795062
2016-01-13,25.079999923706055,25.29750061035156,24.325000762939453,24.34749984741211,249758400,0.9175889327235772,0.9255465173939444,0.8899661705129523,0.8907893328323832
2016-01-14,24.489999771118164,25.1200008392334,23.934999465942383,24.8799991607666,252680400,0.8960029035383,0.9190524254467972,0.8756973955942533,0.9102716086738252
2016-01-15,24.049999237060547,24.427499771118164,23.84000015258789,24.282499313354492,319335600,0.8799048324987498,0.8937162484956492,0.8722217050513666,0.8884111920487376
2016-01-19,24.602500915527344,24.662500381469727,23.875,24.165000915527344,212350800,0.9001189244849758,0.9023140937866319,0.8735022262925972,0.8841123391864203
2016-01-20,23.774999618530273,24.54750061035156,23.354999542236328,24.197500228881836,289337600,0.8698435642677212,0.8981066568821351,0.8544772395897811,0.8853013746866562
2016-01-21,24.26499938964844,24.469999313354492,23.73500061035156,24.075000762939453,208646000,0.8877709314281226,0.89527115717669,0.868380141327675,0.8808195503423493
2016-01-22,24.657499313354492,25.364999771118164,24.592500686645508,25.354999542236328,263202000,0.9021311223046423,0.9280160741354109,0.8997530513041707,0.9276502009546059
2016-01-25,25.3799991607666,25.38249969482422,24.802499771118164,24.86000061035156,207178000,0.9285648490150314,0.9286563347560262,0.9074361787515539,0.909539932095389
2016-01-26,24.982500076293945,25.219999313354492,24.517499923706055,24.997499465942383,300308000,0.914021756439696,0.9227110176884994,0.8970090373397203,0.9145705313193165
2016-01-27,24.010000228881836,24.157499313354492,23.334999084472656,23.354999542236328,533478800,0.8784414095587038,0.8838378819634362,0.8537454932281711,0.8544772395897811
2016-01-28,23.447500228881836,23.6299991607666,23.09749984741211,23.522499084472656,222715200,0.8578615141748468,0.8645385078208097,0.8450562319793676,0.8606054583561233
2016-01-29,23.697500228881836,24.334999084472656,23.587499618530273,24.334999084472656,257666000,0.8670081343454499,0.8903319739105835,0.8629835991397689,0.8903319739105835
2016-02-01,24.11750030517578,24.177499771118164,23.850000381469727,24.107500076293945,163774000,0.8823744590233901,0.8845696283250462,0.8725875782321717,0.8820085858425851
2016-02-02,23.854999542236328,24.010000228881836,23.56999969482422,23.6200008392334,149428800,0.8727704799309872,0.8784414095587038,0.8623433385191536,0.8641727044231786
2016-02-03,23.75,24.209999084472656,23.520000457763672,24.087499618530273,183857200,0.8689289162072956,0.8857586638252819,0.8605140423983025,0.8812768394809751
2016-02-04,23.96500015258789,24.332500457763672,23.79750061035156,24.149999618530273,185886800,0.8767950151366682,0.8902405579527627,0.8706667963703257,0.8835634945236258
2016-02-05,24.1299991607666,24.229999542236328,23.42250061035156,23.5049991607666,185672400,0.8828317481620159,0.8864904101868919,0.8569468661144211,0.8599651977355081
2016-02-08,23.282499313354492,23.924999237060547,23.260000228881836,23.752500534057617,216085600,0.8518247113663252,0.8753315224134482,0.8510015490468944,0.8690204019482904
2016-02-09,23.572500228881836,23.98500061035156,23.482500076293945,23.747499465942383,177324800,0.8624348242601483,0.8775267614982781,0.8591420354160773,0.8688374304663009
2016-02-10,23.979999542236328,24.087499618530273,23.524999618530273,23.5674991607666,169374400,0.8773437900162888,0.8812768394809751,0.860696944097118,0.8622518527781589
2016-02-11,23.447500228881836,23.68000030517578,23.147499084472656,23.424999237060547,200298800,0.8578615141748468,0.8663678737248346,0.8468855281002187,0.8570382820722421
2016-02-12,23.54750061035156,23.625,23.252500534057617,23.497499465942383,161405600,0.8615201761997227,0.8643556061219941,0.8507271616070842,0.8596908102956978
2016-02-16,23.7549991607666,24.212499618530273,23.65250015258789,24.15999984741211,196231600,0.8691118179061113,0.8858501495662766,0.8653617399234144,0.8839293677044309
2016-02-17,24.167499542236328,24.552499771118164,24.037500381469727,24.530000686645508,179452800,0.8842037551442411,0.8982895585809508,0.879447543360124,0.89746639626152
2016-02-18,24.709999084472656,24.72249984741211,24.022499084472656,24.065000534057617,156084000,0.9040519041664882,0.9045092630882878,0.8788986986973296,0.8804536771615443
2016-02-19,24.0,24.190000534057617,23.950000762939453,24.010000228881836,141496800,0.8780755363778988,0.8850269872468458,0.8762462402570477,0.8784414095587038
2016-02-22,24.07749938964844,24.225000381469727,23.979999542236328,24.219999313354492,137123200,0.8809109663001702,0.8863075084880764,0.8773437900162888,0.886124537006087
2016-02-23,24.100000381469727,24.125,23.637500762939453,23.67250061035156,127770400,0.8817341984027748,0.8826488464632003,0.8648129650437938,0.8660934862850242
2016-02-24,23.4950008392334,24.094999313354492,23.329999923706055,24.024999618530273,145022800,0.859599394337877,0.8815512269207854,0.8535625915293554,0.8789901844383243
2016-02-25,24.012500762939453,24.190000534057617,23.8125,24.190000534057617,110330800,0.8785328952996985,0.8850269872468458,0.8712155712499464,0.8850269872468458
2016-02-26,24.299999237060547,24.5049991607666,24.145000457763672,24.227500915527344,115964400,0.8890514526693529,0.8965516784179205,0.8833805928248103,0.8863989942290711
2016-02-29,24.21500015258789,24.5575008392334,24.162500381469727,24.17250061035156,140865200,0.8859416353072713,0.8984725300629403,0.8840208534454256,0.8843867266262304
2016-03-01,24.412500381469727,25.1924991607666,24.354999542236328,25.13249969482422,201628400,0.8931674736160287,0.921704883887079,0.8910637202721935,0.9195097145854231
2016-03-02,25.127500534057617,25.22249984741211,24.90999984741211,25.1875,132678400,0.9193268128866076,0.9228025034294941,0.9113692282162402,0.9215219821882635
2016-03-03,25.145000457763672,25.427499771118164,25.112499237060547,25.375,147822800,0.9199670735072227,0.9303027291780617,0.9187779682238131,0.9283819473162159
2016-03-04,25.592500686645508,25.9375,25.342500686645508,25.752500534057617,184220400,0.9363395319865833,0.9489618427000729,0.9271929118159801,0.9421933633131153
2016-03-07,25.59749984741211,25.707500457763672,25.239999771118164,25.467500686645508,143315600,0.9365224336853988,0.9405469688910798,0.9234427640501094,0.9317662219012817
2016-03-08,25.19499969482422,25.440000534057617,25.100000381469727,25.25749969482422,126247600,0.9217963696280739,0.9307600880998614,0.9183206790851872,0.9240830246707246
2016-03-09,25.32749938964844,25.395000457763672,25.0674991607666,25.280000686645508,108806800,0.9266440671531858,0.9291136936778259,0.9171315738017776,0.9249062567733293
2016-03-10,25.352500915527344,25.559999465942383,25.037500381469727,25.292499542236328,134054400,0.9275587849967851,0.9351504267031735,0.9160340240425364,0.9253635459119551
2016-03-11,25.559999465942383,25.56999969482422,25.375,25.565000534057617,109632800,0.9351504267031735,0.9355162998839784,0.9283819473162159,0.9353333981851629
2016-03-14,25.477500915527344,25.727500915527344,25.44499969482422,25.6299991607666,100304400,0.9321320950820866,0.9412787152526898,0.930942989798677,0.9377114691856345
2016-03-15,25.989999771118164,26.295000076293945,25.962499618530273,26.145000457763672,160270800,0.9508826245619186,0.9620415123353623,0.9498764907604984,0.9565535541896352
2016-03-16,26.15250015258789,26.57749938964844,26.147499084472656,26.49250030517578,153214000,0.9568279416294455,0.9723771680062013,0.9566449701474561,0.9692673506441196
2016-03-17,26.3799991607666,26.61750030517578,26.239999771118164,26.450000762939453,137682800,0.9651513296974439,0.9738406607294212,0.9600292447325218,0.9677124419630788
2016-03-18,26.584999084472656,26.625,26.29750061035156,26.479999542236328,176820800,0.9726515554460115,0.9741150481692314,0.9621329980763569,0.96880999172232
2016-03-21,26.482500076293945,26.912500381469727,26.28499984741211,26.477500915527344,142010800,0.9689014774633147,0.9846336753220598,0.9616756391545573,0.968718575764499
2016-03-22,26.3125,26.822500228881836,26.302499771118164,26.68000030517578,129777600,0.9626817729559776,0.9813408864779888,0.9623158997751726,0.976127315772072
2016-03-23,26.6200008392334,26.767499923706055,26.475000381469727,26.532499313354492,102814000,0.9739321464704159,0.9793286188751483,0.9686270900235043,0.9707307735841657
2016-03-24,26.36750030517578,26.5625,26.22249984741211,26.417499542236328,104532000,0.964694040558818,0.9718283931265806,0.9593889841119065,0.9665233366796692
2016-03-28,26.5,26.54750061035156,26.26499938964844,26.29750061035156,77645600,0.9695417380839298,0.97127961824696,0.9609438927929475,0.9621329980763569
2016-03-29,26.22249984741211,26.947500228881836,26.219999313354492,26.920000076293945,124760400,0.9593889841119065,0.9859141965632904,0.9592974983709118,0.98490806276187
2016-03-30,27.162500381469727,27.604999542236328,27.149999618530273,27.38999938964844,182404400,0.9937802954926629,1.009969782490034,0.9933229365708632,1.0021036835606614
2016-03-31,27.43000030517578,27.475000381469727,27.219999313354492,27.247499465942383,103553600,1.0035671762838814,1.0052135707059169,0.9958839790533243,0.9968901128547445
2016-04-01,27.19499969482422,27.5,27.049999237060547,27.497499465942383,103496000,0.9949693309928987,1.0061282187663423,0.9896642745459872,1.0060367330253477
2016-04-04,27.604999542236328,28.04750061035156,27.5674991607666,27.780000686645508,149424800,1.009969782490034,1.0261593392705788,1.0085977755078086,1.0163724584793605
2016-04-05,27.377500534057617,27.6825008392334,27.354999542236328,27.45249938964844,106314800,1.0016463944220355,1.0128052821954792,1.0008231623194308,1.0043903386033122
2016-04-06,27.5575008392334,27.7450008392334,27.299999237060547,27.739999771118164,105616400,1.0082319721101776,1.01509193723813,0.9988108947165903,1.0149089657561405
2016-04-07,27.487499237060547,27.604999542236328,27.030000686645508,27.135000228881836,127207600,1.0056708598445425,1.009969782490034,0.9889325979675511,0.9927741616912427
2016-04-08,27.227500915527344,27.4424991607666,27.042499542236328,27.165000915527344,94326800,0.9961584362763084,1.004024465422507,0.9893898871061769,0.9938717812336576
2016-04-11,27.24250030517578,27.65250015258789,27.207500457763672,27.2549991607666,117630000,0.996707211155929,1.011707662653064,0.9954266899146984,0.9971645002945547
2016-04-12,27.334999084472656,27.625,27.165000915527344,27.61000061035156,108929200,1.000091415957821,1.0107015288516439,0.9938717812336576,1.0101527539720232
2016-04-13,27.700000762939453,28.084999084472656,27.700000762939453,28.010000228881836,133029200,1.0134455428160944,1.02753127646963,1.0134455428160944,1.0247873322883536
2016-04-14,27.905000686645508,28.09749984741211,27.832500457763672,28.024999618530273,101895600,1.020945768564662,1.0279886353914298,1.0182932403412062,1.025336107167974
2016-04-15,28.02750015258789,28.075000762939453,27.4325008392334,27.462499618530273,187756000,1.025427592908969,1.027165473071999,1.003658662024876,1.0047562117841171
2016-04-18,27.22249984741211,27.237499237060547,26.73500061035156,26.8700008392334,243286000,0.995975464794319,0.9965242396739395,0.9781395833749124,0.983078766641019
2016-04-19,26.969999313354492,27.0,26.5575008392334,26.727500915527344,129539600,0.9867373588827212,0.9878349784251361,0.9716454914277651,0.9778651959351022
2016-04-20,26.65999984741211,27.022499084472656,26.51499938964844,26.782499313354492,122444000,0.975395569410462,0.9886581407445669,0.9700905129635505,0.9798773937547688
2016-04-21,26.732500076293945,26.732500076293945,26.3799991607666,26.49250030517578,126210000,0.9780480976339178,0.9780480976339178,0.9651513296974439,0.9692673506441196
2016-04-22,26.252500534057617,26.6200008392334,26.155000686645508,26.420000076293945,134732400,0.9604866036543215,0.9739321464704159,0.9569194273704402,0.9666148224206639
2016-04-25,26.25,26.412500381469727,26.127500534057617,26.270000457763672,112126400,0.9603951179133268,0.9663404349808535,0.95591329356902,0.9611268642749368
2016-04-26,25.977500915527344,26.325000762939453,25.977500915527344,26.087499618530273,224064800,0.9504253354232929,0.9631391318777773,0.9504253354232929,0.9544498008458
2016-04-27,24.0,24.677499771118164,23.920000076293945,24.454999923706055,458408400,0.8780755363778988,0.9028628686662523,0.8751486207146327,0.8947223822970695
2016-04-28,24.40250015258789,24.469999313354492,23.5625,23.707500457763672,328970800,0.8928016004352237,0.89527115717669,0.8620689510793433,0.8673740075262548
2016-04-29,23.497499465942383,23.68000030517578,23.127500534057617,23.434999465942383,274126000,0.8596908102956978,0.8663678737248346,0.8461538515217826,0.857404155253047
2016-05-02,23.49250030517578,23.520000457763672,23.100000381469727,23.40999984741211,192640400,0.8595079085968823,0.8605140423983025,0.8451477177203623,0.8564895071926215
2016-05-03,23.549999237060547,23.934999465942383,23.420000076293945,23.795000076293945,227325200,0.8616115921575436,0.8756973955942533,0.8568553803734265,0.8705753106293311
2016-05-04,23.799999237060547,23.975000381469727,23.454999923706055,23.54750061035156,164102000,0.8707582123281468,0.8771608883174733,0.858135901614657,0.8615201761997227
2016-05-05,23.5,23.517499923706055,23.170000076293945,23.309999465942383,143562000,0.8597822960366925,0.8604225566573078,0.8477087602028234,0.8528308451677455
2016-05-06,23.342500686645508,23.362499237060547,22.962499618530273,23.18000030517578,174799600,0.8540199504511552,0.8547516270295913,0.8401170487132611,0.8480746333836284
2016-05-09,23.25,23.4424991607666,23.147499084472656,23.197500228881836,131745600,0.8506356758660895,0.8576785426928574,0.8468855281002187,0.8487148940042436
2016-05-10,23.332500457763672,23.392499923706055,23.02750015258789,23.354999542236328,134747200,0.8536540772703503,0.8558492465720062,0.8424951894969066,0.8544772395897811
2016-05-11,23.3700008392334,23.392499923706055,23.114999771118164,23.127500534057617,114876400,0.8550260842525754,0.8558492465720062,0.8456964925999829,0.8461538515217826
2016-05-12,23.18000030517578,23.19499969482422,22.36750030517578,22.584999084472656,305258800,0.8480746333836284,0.8486234082632489,0.8183481178291683,0.8263056327163617
2016-05-13,22.5,22.917499542236328,22.5,22.6299991607666,177571200,0.8231958153542801,0.8384706542912256,0.8231958153542801,0.8279520271383972
2016-05-16,23.09749984741211,23.59749984741211,22.912500381469727,23.469999313354492,245039200,0.8450562319793676,0.8633494723205739,0.8382877525924101,0.8586846764942776
2016-05-17,23.637500762939453,23.674999237060547,23.252500534057617,23.372499465942383,187667600,0.8648129650437938,0.8661849022428452,0.8507271616070842,0.8551175002103962
2016-05-18,23.540000915527344,23.802499771118164,23.47249984741211,23.63999938964844,168249600,0.8612457887599125,0.8708496980691415,0.8587761622352723,0.8649043810016148
2016-05-19,23.65999984741211,23.65999984741211,23.392499923706055,23.549999237060547,121768400,0.8656361273632246,0.8656361273632246,0.8558492465720062,0.8616115921575436
2016-05-20,23.65999984741211,23.857500076293945,23.6299991607666,23.80500030517578,128104000,0.8656361273632246,0.8728619656719819,0.8645385078208097,0.8709411838101362
2016-05-23,23.967500686645508,24.29750061035156,23.917499542236328,24.107500076293945,152074400,0.876886500877663,0.888960036711532,0.875057134973638,0.8820085858425851
2016-05-24,24.30500030517578,24.522499084472656,24.209999084472656,24.475000381469727,140560800,0.8892344241513424,0.8971919390385358,0.8857586638252819,0.8954541286586795
2016-05-25,24.667499542236328,24.934999465942383,24.52750015258789,24.905000686645508,152675200,0.9024969954854474,0.9122838762766657,0.8973749105205252,0.9111863265174246
2016-05-26,24.920000076293945,25.1825008392334,24.65999984741211,25.102500915527344,225324800,0.9117351013970452,0.921339080489448,0.902222608045637,0.9184121648261819
2016-05-27,24.86000061035156,25.11750030517578,24.8125,25.087499618530273,145364800,0.909539932095389,0.9189609397058025,0.9078020519323589,0.9178633201633876
2016-05-31,24.899999618530273,25.100000381469727,24.704999923706055,24.96500015258789,169228800,0.9110033550354352,0.9183206790851872,0.9038690024676725,0.9133814958190807
2016-06-01,24.7549991607666,24.885000228881836,24.582500457763672,24.614999771118164,116693200,0.9056982985885237,0.9104545801558147,0.8993871781233658,0.9005762136236015
2016-06-02,24.399999618530273,24.459999084472656,24.157499313354492,24.43000030517578,160766400,0.892710114694229,0.894905283995885,0.8838378819634362,0.893807734236644
2016-06-03,24.447500228881836,24.5674991607666,24.362499237060547,24.479999542236328,114019600,0.8944479948572592,0.8988383334605713,0.8913381077120037,0.895637030357495
2016-06-06,24.497499465942383,25.47249984741211,24.387500762939453,24.657499313354492,93170000,0.8962772909781103,0.9319491236000972,0.8922528255556031,0.9021311223046423
2016-06-07,24.8125,24.967500686645508,24.739999771118164,24.75749969482422,89638000,0.9078020519323589,0.9134729815600754,0.9051495237089031,0.9057897843295184
2016-06-08,24.7549991607666,24.88999938964844,24.670000076293945,24.73500061035156,83392400,0.9056982985885237,0.9106374818546303,0.9025884812264421,0.9049666220100875
2016-06-09,24.625,24.997499465942383,24.614999771118164,24.912500381469727,106405600,0.9009420868044066,0.9145705313193165,0.9005762136236015,0.9114607139572349
2016-06-10,24.63249969482422,24.837499618530273,24.6200008392334,24.707500457763672,126851600,0.9012164742442168,0.9087166999927844,0.900759185105591,0.9039604882086674
2016-06-13,24.67250061035156,24.780000686645508,24.274999618530273,24.334999084472656,152082000,0.9026799669674367,0.9066130164321231,0.8881368046089274,0.8903319739105835
2016-06-14,24.329999923706055,24.6200008392334,24.1875,24.364999771118164,127727600,0.890149072211768,0.900759185105591,0.8849355015058511,0.8914295934529984
2016-06-15,24.454999923706055,24.602500915527344,24.25749969482422,24.28499984741211,117780800,0.8947223822970695,0.9001189244849758,0.8874965439883121,0.8885026777897325
2016-06-16,24.112499237060547,24.4375,24.017499923706055,24.387500762939453,125307200,0.8821914875414006,0.8940821216764542,0.878715796998514,0.8922528255556031
2016-06-17,24.155000686645508,24.162500381469727,23.825000762939453,23.832500457763672,244032800,0.8837464660056153,0.8840208534454256,0.8716729301717462,0.8719473176115564
2016-06-20,24.0,24.142499923706055,23.75749969482422,23.774999618530273,137647600,0.8780755363778988,0.8832891070838156,0.869203303647106,0.8698435642677212
2016-06-21,23.73500061035156,24.087499618530273,23.670000076293945,23.977500915527344,142185600,0.868380141327675,0.8812768394809751,0.8660020005440296,0.877252374058468
2016-06-22,24.0625,24.22249984741211,23.837499618530273,23.887500762939453,116876400,0.8803621914205495,0.8862160227470817,0.8721302193103719,0.873959585214397
2016-06-23,23.98500061035156,24.072500228881836,23.8125,24.024999618530273,128960800,0.8775267614982781,0.8807280646013546,0.8712155712499464,0.8789901844383243
2016-06-24,23.227500915527344,23.665000915527344,23.162500381469727,23.350000381469727,301245600,0.8498125135466587,0.8658190988452141,0.8474343727630131,0.8542943378909654
2016-06-27,23.25,23.262500762939453,22.875,23.010000228881836,181958400,0.8506356758660895,0.8510930347878891,0.8369157456101848,0.8418549288762913
2016-06-28,23.225000381469727,23.415000915527344,23.03499984741211,23.397499084472656,161779600,0.8497210278056639,0.8566724786746109,0.8427695769367168,0.8560321482708217
2016-06-29,23.49250030517578,23.637500762939453,23.407499313354492,23.600000381469727,146124000,0.8595079085968823,0.8648129650437938,0.8563980214516268,0.8634409580615686
2016-06-30,23.61000061035156,23.9424991607666,23.575000762939453,23.899999618530273,143345600,0.8638068312423735,0.8759717830340635,0.8625263100011431,0.8744168743530227
2016-07-01,23.872499465942383,24.11750030517578,23.832500457763672,23.97249984741211,104106000,0.8734107405516025,0.8823744590233901,0.8719473176115564,0.8770694025764785
2016-07-05,23.84749984741211,23.850000381469727,23.614999771118164,23.747499465942383,110820800,0.872496092491177,0.8725875782321717,0.8639897329411891,0.8688374304663009
2016-07-06,23.649999618530273,23.915000915527344,23.592500686645508,23.88249969482422,123796400,0.8652702541824197,0.8749657190158172,0.8631665706217583,0.8737766137324074
2016-07-07,23.924999237060547,24.125,23.905000686645508,23.98500061035156,100558400,0.8753315224134482,0.8826488464632003,0.8745998458350122,0.8775267614982781
2016-07-08,24.122499465942383,24.22249984741211,24.012500762939453,24.170000076293945,115648400,0.8825573607222056,0.8862160227470817,0.8785328952996985,0.8842952408852358
2016-07-11,24.1875,24.412500381469727,24.1825008392334,24.2450008392334,95179600,0.8849355015058511,0.8931674736160287,0.8847525998070356,0.8870392548496864
2016-07-12,24.292499542236328,24.424999237060547,24.280000686645508,24.354999542236328,96670000,0.8887770652295427,0.8936247627546545,0.8883197760909168,0.8910637202721935
2016-07-13,24.352500915527344,24.417499542236328,24.209999084472656,24.217500686645508,103568800,0.8909723043143727,0.8933503753148442,0.8857586638252819,0.886033121048266
2016-07-14,24.34749984741211,24.747499465942383,24.329999923706055,24.697500228881836,155676000,0.8907893328323832,0.9054239111487133,0.890149072211768,0.9035946150278623
2016-07-15,24.729999542236328,24.825000762939453,24.625,24.69499969482422,120548000,0.9047836505280982,0.9082594108541586,0.9009420868044066,0.9035031292868676
2016-07-18,24.674999237060547,25.032499313354492,24.649999618530273,24.957500457763672,145975600,0.9027713829252576,0.915851052560547,0.9018567348648321,0.9131071083792704
2016-07-19,24.88999938964844,25.0,24.834999084472656,24.967500686645508,95119600,0.9106374818546303,0.9146620170603112,0.9086252142517897,0.9134729815600754
2016-07-20,25.0,25.114999771118164,24.934999465942383,24.989999771118164,105104000,0.9146620170603112,0.9188694539648078,0.9122838762766657,0.9142961438795062
2016-07-21,24.957500457763672,25.25,24.782499313354492,24.857500076293945,130808000,0.9131071083792704,0.9238086372309143,0.9067044323899439,0.9094484463543944
2016-07-22,24.815000534057617,24.825000762939453,24.57749938964844,24.665000915527344,113254800,0.9078935376733536,0.9082594108541586,0.8992042066413765,0.9024055795276266
2016-07-25,24.5625,24.709999084472656,24.229999542236328,24.334999084472656,161531600,0.8986554317617558,0.9040519041664882,0.8864904101868919,0.8903319739105835
2016-07-26,24.204999923706055,24.49250030517578,24.104999542236328,24.167499542236328,224959200,0.8855757621264664,0.8960943892792947,0.8819171001015903,0.8842037551442411
2016-07-27,26.0674991607666,26.087499618530273,25.6875,25.737499237060547,369379200,0.95371805448419,0.9544498008458,0.9398152225294698,0.9416445186503208
2016-07-28,25.707500457763672,26.112499237060547,25.704999923706055,26.084999084472656,159479200,0.9405469688910798,0.9553644489062255,0.9404554831500851,0.9543583151048053
2016-07-29,26.04750061035156,26.137500762939453,25.920000076293945,26.052499771118164,110934800,0.9529863779057538,0.9562791667498249,0.9483215820794576,0.9531692796045694
2016-08-01,26.102500915527344,26.537500381469727,26.102500915527344,26.512500762939453,152671600,0.9549986455085945,0.9709137450661551,0.9549986455085945,0.9699990970057296
2016-08-02,26.512500762939453,26.517499923706055,26.0,26.1200008392334,135266400,0.9699990970057296,0.9701819987045451,0.9512484977427237,0.9556389061292097
2016-08-03,26.20249938964844,26.459999084472656,26.1924991607666,26.447500228881836,120810400,0.9586572377502967,0.96807824536071,0.9582913645694916,0.9676209562220841
2016-08-04,26.395000457763672,26.5,26.31999969482422,26.467500686645508,109634800,0.9657001743602384,0.9695417380839298,0.9629561603957878,0.9683527025836941
2016-08-05,26.5674991607666,26.912500381469727,26.545000076293945,26.8700008392334,162213600,0.9720112948253962,0.9846336753220598,0.9711881325059654,0.983078766641019
2016-08-08,26.8799991607666,27.092500686645508,26.790000915527344,27.092500686645508,112148800,0.9834445700386502,0.9912192530102019,0.980151850977753,0.9912192530102019
2016-08-09,27.0575008392334,27.23500061035156,27.002500534057617,27.20249938964844,105260800,0.9899387317689714,0.9964328237161185,0.9879264641661308,0.9952437184327091
2016-08-10,27.177499771118164,27.225000381469727,26.940000534057617,27.0,96034000,0.9943290703722835,0.9960669505353137,0.98563980912348,0.9878349784251361
2016-08-11,27.1299991607666,27.232500076293945,26.962499618530273,26.982500076293945,109938000,0.9925911902092532,0.9963413379751239,0.9864629714429108,0.9871947178045208
2016-08-12,26.94499969482422,27.11000061035156,26.94499969482422,27.045000076293945,74641600,0.9858227108222957,0.991859513630817,0.9858227108222957,0.9894813728471716
2016-08-15,27.03499984741211,27.385000228881836,27.020000457763672,27.3700008392334,103472800,0.9891154996663667,1.0019207818618459,0.9885667247867461,1.0013720069822252
2016-08-16,27.407499313354492,27.5575008392334,27.302499771118164,27.344999313354492,135177600,1.0027439441812767,1.0082319721101776,0.9989023804575851,1.0004572891386259
2016-08-17,27.274999618530273,27.342500686645508,27.084999084472656,27.30500030517578,101424000,0.9978962466561647,1.000365873180805,0.9909447957872177,0.9989938661985798
2016-08-18,27.3075008392334,27.399999618530273,27.2549991607666,27.270000457763672,87938800,0.9990853519395745,1.0024695567414663,0.9971645002945547,0.9977133449573492
2016-08-19,27.1924991607666,27.42250061035156,27.09000015258789,27.34000015258789,101472400,0.994877845251904,1.0032927888440708,0.9911277672692071,1.0002743874398103
2016-08-22,27.21500015258789,27.274999618530273,26.962499618530273,27.127500534057617,103280800,0.9957010773545087,0.9978962466561647,0.9864629714429108,0.9924997742514324
2016-08-23,27.147499084472656,27.329999923706055,27.13249969482422,27.212499618530273,85030800,0.9932314508298685,0.9999085142590053,0.992682675950248,0.995609591613514
2016-08-24,27.142499923706055,27.1875,26.920000076293945,27.00749969482422,94700400,0.9930485491310529,0.9946949435530884,0.98490806276187,0.9881093658649464
2016-08-25,26.84749984741211,26.969999313354492,26.670000076293945,26.892499923706055,100344800,0.9822555345384143,0.9867373588827212,0.975761442591267,0.9839019289604498
2016-08-26,26.852500915527344,26.987499237060547,26.57749938964844,26.73500061035156,111065200,0.9824385060204037,0.9873776195033364,0.9723771680062013,0.9781395833749124
2016-08-29,26.655000686645508,26.86000061035156,26.572500228881836,26.704999923706055,99881200,0.9752126677116464,0.982712893460214,0.9721942663073857,0.9770419638324975
2016-08-30,26.450000762939453,26.625,26.375,26.5,99455600,0.9677124419630788,0.9741150481692314,0.9649684279986284,0.9695417380839298
2016-08-31,26.415000915527344,26.642499923706055,26.40999984741211,26.524999618530273,118649600,0.9664319207218484,0.9747553087898467,0.9662489492398588,0.9704563861443555
2016-09-01,26.53499984741211,26.700000762939453,26.405000686645508,26.6825008392334,106806000,0.9708222593251604,0.9768590621336819,0.9660660475410433,0.9762188015130667
2016-09-02,26.924999237060547,27.0,26.704999923706055,26.9325008392334,107210000,0.9850909644606857,0.9878349784251361,0.9770419638324975,0.9853654216836698
2016-09-06,26.975000381469727,27.075000762939453,26.877500534057617,26.924999237060547,107521600,0.9869203303647106,0.9905789923895866,0.9833531540808292,0.9850909644606857
2016-09-07,26.957500457763672,27.190000534057617,26.767499923706055,27.09000015258789,169457200,0.9862800697440953,0.9947864292940832,0.9793286188751483,0.9911277672692071
2016-09-08,26.8125,26.8174991607666,26.309999465942383,26.3799991607666,212008000,0.9809750132971838,0.9811579149959994,0.9625902872149829,0.9651513296974439
2016-09-09,26.15999984741211,26.43000030517578,25.782499313354492,25.782499313354492,186228000,0.9571023290692557,0.9669806956014688,0.9432909130723564,0.9432909130723564
2016-09-12,25.662500381469727,26.43000030517578,25.63249969482422,26.36000061035156,181171200,0.9389005744690443,0.9669806956014688,0.9378029549266292,0.9644196531190077
2016-09-13,26.877500534057617,27.197500228881836,26.809999465942383,26.987499237060547,248704800,0.9833531540808292,0.9950608167338935,0.980883527556189,0.9873776195033364
2016-09-14,27.1825008392334,28.25749969482422,27.149999618530273,27.9424991607666,443554800,0.9945120418542729,1.033842466717962,0.9933229365708632,1.0223177057637134
2016-09-15,28.46500015258789,28.9325008392334,28.372499465942383,28.892499923706055,359934400,1.0414341782075243,1.0585383830484947,1.0380499036224584,1.0570748903252747
2016-09-16,28.780000686645508,29.032499313354492,28.510000228881836,28.729999542236328,319547600,1.0529589391617729,1.0621969752901967,1.0430805726295598,1.051129573257748
2016-09-19,28.79750061035156,29.045000076293945,28.3125,28.395000457763672,188092000,1.053599199782388,1.0626543342119965,1.0358547343208024,1.0388731357250631
2016-09-20,28.262500762939453,28.530000686645508,28.127500534057617,28.392499923706055,138057200,1.0340254381999514,1.0438123189911699,1.0290862549338449,1.0387816499840685
2016-09-21,28.462499618530273,28.497499465942383,28.11000061035156,28.387500762939453,144012800,1.0413426924665294,1.04262321370776,1.0284459943132294,1.038598748285253
2016-09-22,28.587499618530273,28.73500061035156,28.5,28.655000686645508,124296000,1.045916002551831,1.0513125447397373,1.0427146994487548,1.0483856290764713
2016-09-23,28.604999542236328,28.697500228881836,27.887500762939453,28.177499771118164,209924800,1.0465562631724463,1.0499405377575122,1.0203055079440468,1.030915551054696
2016-09-26,27.90999984741211,28.34749984741211,27.887500762939453,28.219999313354492,119477600,1.0211286702634776,1.037135255562033,1.0203055079440468,1.0324704597357368
2016-09-27,28.25,28.295000076293945,28.084999084472656,28.272499084472656,98429600,1.0335680792781516,1.0352144737001872,1.02753127646963,1.0343912415975824
2016-09-28,28.42250061035156,28.65999984741211,28.357500076293945,28.487499237060547,118564400,1.0398792695264834,1.0485685307752868,1.037501128742838,1.042257340526955
2016-09-29,28.290000915527344,28.450000762939453,27.950000762939453,28.045000076293945,143548000,1.0350315720013716,1.0408854033279038,1.0225921629866974,1.0260678535295842
2016-09-30,28.114999771118164,28.342500686645508,27.950000762939453,28.262500762939453,145516400,1.028628896012045,1.0369523538632175,1.0225921629866974,1.0340254381999514
2016-10-03,28.177499771118164,28.262500762939453,28.06999969482422,28.1299991607666,86807200,1.030915551054696,1.0340254381999514,1.0269825015900096,1.0291776708916656
2016-10-04,28.26499938964844,28.57749938964844,28.157499313354492,28.25,118947200,1.0341168541577723,1.0455501293710263,1.030183804693086,1.0335680792781516
2016-10-05,28.350000381469727,28.415000915527344,28.17250061035156,28.262500762939453,85812400,1.0372267413030276,1.0396048820866732,1.0307326493558802,1.0340254381999514
2016-10-06,28.424999237060547,28.584999084472656,28.282499313354492,28.47249984741211,115117200,1.0399706854843043,1.0458245168108364,1.0347571147783874,1.0417085656473346
2016-10-07,28.57749938964844,28.63999938964844,28.377500534057617,28.51499938964844,97433600,1.0455501293710263,1.0478367844136771,1.038232875104448,1.0432634743283755
2016-10-10,28.7549991607666,29.1875,28.68000030517578,29.012500762939453,144944000,1.0520442213181735,1.0678679049179134,1.0493002771368969,1.0614652987117608
2016-10-11,29.424999237060547,29.67250061035156,29.049999237060547,29.075000762939453,256164000,1.0765571661667168,1.0856123703794989,1.062837235910812,1.0637519537544116
2016-10-12,29.337499618530273,29.4950008392334,29.1875,29.334999084472656,150347200,1.0733558630636404,1.0791182784323516,1.0678679049179134,1.0732643773226458
2016-10-13,29.197500228881836,29.36000061035156,28.93000030517578,29.2450008392334,140769600,1.0682337780987183,1.074179095166245,1.0584468973075,1.0699716582617487
2016-10-14,29.469999313354492,29.542499542236328,29.282499313354492,29.407499313354492,142608800,1.0782035605887523,1.080856088812208,1.0713435954608,1.0759169055461015
2016-10-17,29.332500457763672,29.459999084472656,29.19499969482422,29.387500762939453,94499600,1.0731729613648249,1.0778376874079472,1.0681422923577237,1.0751852289676653
2016-10-18,29.545000076293945,29.552499771118164,29.362499237060547,29.36750030517578,98214000,1.0809475745532027,1.081221961993013,1.074270511124066,1.0744534826060554
2016-10-19,29.3125,29.440000534057617,28.450000762939453,29.280000686645508,80138400,1.072441215003215,1.0771060108295112,1.0408854033279038,1.071252179502979
2016-10-20,29.21500015258789,29.344999313354492,29.082500457763672,29.26499938964844,96503200,1.0688740387193336,1.0736302505034507,1.0640263411942217,1.0707033348401849
2016-10-21,29.20249938964844,29.227500915527344,29.06999969482422,29.149999618530273,92770800,1.068416679797534,1.0693313976411334,1.0635689822724221,1.066495897935688
2016-10-24,29.274999618530273,29.434999465942383,29.25,29.412500381469727,94154800,1.0710692080209896,1.0769230393475218,1.0701545599605642,1.076099877028091
2016-10-25,29.487499237060547,29.59000015258789,29.32749938964844,29.5625,192516000,1.0788438212093676,1.0825939689752382,1.0729899898828357,1.081587835173818
2016-10-26,28.57749938964844,28.924999237060547,28.32749938964844,28.897499084472656,264536800,1.0455501293710263,1.0582639258255104,1.0364035092004231,1.0572577920240902
2016-10-27,28.84749984741211,28.96500015258789,28.524999618530273,28.6200008392334,138248000,1.0554284959032392,1.0597274185487304,1.0436293475091802,1.047105107835241
2016-10-28,28.467500686645508,28.802499771118164,28.362499237060547,28.43000030517578,151446800,1.041525663948519,1.0537821014812037,1.0376840304416535,1.0401536569662937
2016-10-31,28.412500381469727,28.5575008392334,28.299999237060547,28.385000228881836,105677600,1.0395133963456784,1.0448184527925901,1.0353973753990027,1.0385072625442582
2016-11-01,28.364999771118164,28.4424991607666,27.63249969482422,27.872499465942383,175303200,1.0377755161826483,1.0406109461049196,1.0109759162914542,1.0197566632812523
2016-11-02,27.850000381469727,28.087499618530273,27.8075008392334,27.897499084472656,113326800,1.0189335009618214,1.0276227622106249,1.0173785922807808,1.0206713113416779
2016-11-03,27.7450008392334,27.864999771118164,27.387500762939453,27.457500457763672,107730400,1.01509193723813,1.0194822758414421,1.0020122676028405,1.0045733100853016
2016-11-04,27.13249969482422,27.5625,27.02750015258789,27.209999084472656,123348000,0.992682675950248,1.008414873808993,0.9888411122265564,0.9955181058725192
2016-11-07,27.520000457763672,27.627500534057617,27.364999771118164,27.602500915527344,130240000,1.0068599651279524,1.0107930145926387,1.0011890355002357,1.009878366532213
2016-11-08,27.57749938964844,27.93000030517578,27.424999237060547,27.76499938964844,97016800,1.0089636486886138,1.0218604166250875,1.003384204801892,1.0158236138165662
2016-11-09,27.469999313354492,27.829999923706055,27.012500762939453,27.719999313354492,236705600,1.0050305992239275,1.0182017546002116,0.9882923373469359,1.0141772193945304
2016-11-10,27.772499084472656,27.772499084472656,26.457500457763672,26.947500228881836,228538000,1.0160980012563763,1.0160980012563763,0.9679868294028892,0.9859141965632904
2016-11-11,26.780000686645508,27.217500686645508,26.637500762939453,27.107500076293945,136575600,0.979785977796948,0.9957925630955035,0.9745724070910312,0.9917680278898224
2016-11-14,26.927499771118164,26.95249938964844,26.020000457763672,26.427499771118164,204702000,0.9851824502016804,0.986097098262106,0.9519802441043337,0.9668892098604741
2016-11-15,26.642499923706055,26.920000076293945,26.540000915527344,26.77750015258789,129058000,0.9747553087898467,0.98490806276187,0.9710052308071498,0.9796944920559533
2016-11-16,26.674999237060547,27.5575008392334,26.649999618530273,27.497499465942383,235362000,0.9759443442900825,1.0082319721101776,0.975029696229657,1.0060367330253477
2016-11-17,27.45249938964844,27.587499618530273,27.207500457763672,27.487499237060547,110528000,1.0043903386033122,1.0093295218694187,0.9954266899146984,1.0056708598445425
2016-11-18,27.43000030517578,27.635000228881836,27.415000915527344,27.51499938964844,113715600,1.0035671762838814,1.0110674020324488,1.0030184014042607,1.006676993645963
2016-11-21,27.530000686645508,27.997499465942383,27.502500534057617,27.9325008392334,117058400,1.0072258383087573,1.0243299733665538,1.006219704507337,1.0219519023660824
2016-11-22,27.987499237060547,28.104999542236328,27.850000381469727,27.950000762939453,103862000,1.023964100185749,1.0282630228312402,1.0189335009618214,1.0225921629866974
2016-11-23,27.84000015258789,27.877500534057617,27.582500457763672,27.8075008392334,109705600,1.0185676277810165,1.0199396347632417,1.0091466201706032,1.0173785922807808
2016-11-25,27.782499313354492,27.967500686645508,27.737499237060547,27.947500228881836,45903600,1.0164638744371812,1.0232324236073127,1.0148174800151457,1.0225006772457028
2016-11-28,27.857500076293945,28.11750030517578,27.84749984741211,27.892499923706055,108776000,1.0192078884016318,1.02872038175304,1.0188420152208268,1.0204884096428624
2016-11-29,27.69499969482422,28.00749969482422,27.517499923706055,27.864999771118164,114115200,1.013262571334105,1.0246958465473588,1.0067684793869576,1.0194822758414421
2016-11-30,27.899999618530273,28.049999237060547,27.5674991607666,27.6299991607666,144649200,1.0207627970826725,1.0262507552283997,1.0085977755078086,1.0108844305504594
2016-12-01,27.592500686645508,27.73500061035156,27.25749969482422,27.372499465942383,148347600,1.0095124933514081,1.0147260640573248,0.9972559860355495,1.001463422940046
2016-12-02,27.292499542236328,27.522499084472656,27.212499618530273,27.475000381469727,106112000,0.99853650727678,1.006951381085773,0.995609591613514,1.0052135707059169
2016-12-05,27.5,27.50749969482422,27.0625,27.27750015258789,137298000,1.0061282187663423,1.0064026062061526,0.9901216334677869,0.9979877323971595
2016-12-06,27.375,27.59000015258789,27.29750061035156,27.487499237060547,104782000,1.0015549086810407,1.0094210076104133,0.9987194787587693,1.0056708598445425
2016-12-07,27.315000534057617,27.79750061035156,27.290000915527344,27.75749969482422,119994800,0.9993597393793847,1.0170127190999756,0.9984450913189592,1.0155492263767558
2016-12-08,27.71500015258789,28.107500076293945,27.649999618530273,28.030000686645508,108273200,1.013994317695715,1.0283545085722348,1.0116161769120695,1.0255190786499635
2016-12-09,28.07749938964844,28.674999237060547,28.07749938964844,28.487499237060547,137610400,1.02725688902982,1.0491173056549075,1.02725688902982,1.042257340526955
2016-12-12,28.322500228881836,28.75,28.122499465942383,28.325000762939453,105497600,1.0362206075016074,1.0518613196193578,1.0289032834518554,1.0363120932426022
2016-12-13,28.459999084472656,28.979999542236328,28.4375,28.79750061035156,174935200,1.0412512067255348,1.060276193428351,1.040428044406104,1.053599199782388
2016-12-14,28.760000228881836,29.049999237060547,28.7450008392334,28.79750061035156,136127200,1.052227192800163,1.062837235910812,1.0516784179205423,1.053599199782388
2016-12-15,28.844999313354492,29.1825008392334,28.8075008392334,28.954999923706055,186098000,1.0553370101622446,1.0676850032190979,1.053965072963193,1.0593615453679255
2016-12-16,29.11750030517578,29.125,28.912500381469727,28.99250030517578,177404400,1.0653068624354523,1.0655812498752626,1.0578066366868848,1.0607335523501507
2016-12-19,28.950000762939453,29.344999313354492,28.9375,29.15999984741211,111117600,1.05917864366911,1.0736302505034507,1.0587212847473102,1.0668617711164932
2016-12-20,29.184999465942383,29.375,29.170000076293945,29.237499237060547,85700000,1.0677764191769186,1.0747278700458658,1.067227644297298,1.0696972010387644
2016-12-21,29.200000762939453,29.350000381469727,29.19499969482422,29.26499938964844,95132800,1.0683252638397132,1.0738132219854402,1.0681422923577237,1.0707033348401849
2016-12-22,29.087499618530273,29.127500534057617,28.90999984741211,29.072500228881836,104343600,1.0642092428930374,1.0656727356162572,1.05771515094589,1.0636604680134167
2016-12-23,28.897499084472656,29.1299991607666,28.897499084472656,29.1299991607666,56998000,1.0572577920240902,1.0657641515740781,1.0572577920240902,1.0657641515740781
2016-12-27,29.1299991607666,29.450000762939453,29.122499465942383,29.315000534057617,73187600,1.0657641515740781,1.0774718840103161,1.0654897641342678,1.0725327007442096
2016-12-28,29.3799991607666,29.5049991607666,29.049999237060547,29.190000534057617,83623600,1.0749107717446813,1.0794840818299827,1.062837235910812,1.067959390658908
2016-12-29,29.112499237060547,29.27750015258789,29.100000381469727,29.1825008392334,60158000,1.0651238909534628,1.0711606937619844,1.064666601814837,1.0676850032190979
2016-12-30,29.162500381469727,29.299999237060547,28.857500076293945,28.954999923706055,122345200,1.0669532568574878,1.0719838560814152,1.0557943690840441,1.0593615453679255
2017-01-03,28.950000762939453,29.082500457763672,28.690000534057617,29.037500381469727,115127600,1.05917864366911,1.0640263411942217,1.0496661503177018,1.0623799467721862
2017-01-04,28.962499618530273,29.127500534057617,28.9375,29.0049991607666,84472400,1.0596359328077358,1.0656727356162572,1.0587212847473102,1.0611908414887765
2017-01-05,28.979999542236328,29.21500015258789,28.95249938964844,29.15250015258789,88774400,1.060276193428351,1.0688740387193336,1.0592700596269309,1.0665873836766828
2017-01-06,29.19499969482422,29.540000915527344,29.11750030517578,29.477500915527344,127007600,1.0681422923577237,1.0807646728543872,1.0653068624354523,1.0784780178117364
2017-01-09,29.487499237060547,29.857500076293945,29.48500061035156,29.747499465942383,134247600,1.0788438212093676,1.0923808497664567,1.0787524052515465,1.0883563145607755
2017-01-10,29.6924991607666,29.844999313354492,29.575000762939453,29.77750015258789,97848400,1.086344046957935,1.091923490844657,1.0820451940956177,1.0894539341031906
2017-01-11,29.684999465942383,29.982500076293945,29.649999618530273,29.9375,110354400,1.086069659518125,1.0969541598517583,1.0847891382768944,1.0953077654297227
2017-01-12,29.725000381469727,29.825000762939453,29.552499771118164,29.8125,108344800,1.0875331522413447,1.091191814266221,1.081221961993013,1.0907344553444211
2017-01-13,29.77750015258789,29.905000686645508,29.70249938964844,29.760000228881836,104447600,1.0894539341031906,1.094118729929487,1.0867099201387402,1.0888136734825753
2017-01-17,29.584999084472656,30.059999465942383,29.55500030517578,30.0,137759200,1.0824109974932488,1.0997895897740295,1.0813134477340078,1.0975944204723735
2017-01-18,30.0,30.125,29.927499771118164,29.997499465942383,94852000,1.0975944204723735,1.102167730557675,1.0949418922489178,1.0975029347313787
2017-01-19,29.850000381469727,30.022499084472656,29.842500686645508,29.94499969482422,102389200,1.0921064623266463,1.0984175827918043,1.0918320748868362,1.0955821528695329
2017-01-20,30.112499237060547,30.112499237060547,29.9325008392334,30.0,130391600,1.1017103716358754,1.1017103716358754,1.0951248637309072,1.0975944204723735
2017-01-23,30.0,30.20249938964844,29.9424991607666,30.020000457763672,88200800,1.0975944204723735,1.1050031604799464,1.0954906671285383,1.0983261668339834
2017-01-24,29.887500762939453,30.024999618530273,29.875,29.99250030517578,92844000,1.0934784693088717,1.098509068532799,1.093021110387072,1.0973200330325632
2017-01-25,30.104999542236328,30.524999618530273,30.06999969482422,30.469999313354492,129510400,1.101435984196065,1.1168023088740053,1.1001554629548345,1.1147900412711647
2017-01-26,30.417499542236328,30.61000061035156,30.399999618530273,30.48500061035156,105350400,1.112869259409319,1.1199121960192606,1.1122289987887037,1.115338885933959
2017-01-27,30.53499984741211,30.587499618530273,30.399999618530273,30.487499237060547,82251600,1.1171681820548103,1.119088963916656,1.1122289987887037,1.11543030189178
2017-01-30,30.232500076293945,30.407499313354492,30.165000915527344,30.407499313354492,121510000,1.1061007800223612,1.1125033862285139,1.103631223280895,1.1125033862285139
2017-01-31,30.287500381469727,30.34749984741211,30.155000686645508,30.337499618530273,196804000,1.108113047625202,1.1103082169268579,1.10326535010009,1.109942343746053
2017-02-01,31.75749969482422,32.622501373291016,31.752500534057617,32.1875,447940000,1.1618951491064056,1.1935425163058853,1.16171224740759,1.1776273469651508
2017-02-02,31.9950008392334,32.34749984741211,31.94499969482422,32.13249969482422,134841600,1.170584480138383,1.1834811782916828,1.168755114234358,1.1756150793623101
2017-02-03,32.07749938964844,32.29750061035156,32.040000915527344,32.27000045776367,98029200,1.1736028117594697,1.1816518821708317,1.1722308745604184,1.1806457483694115
2017-02-06,32.282501220703125,32.625,32.224998474121094,32.5724983215332,107383600,1.1811031072912113,1.1936339322637062,1.178999284164202,1.1917130806186864
2017-02-07,32.6349983215332,33.022499084472656,32.61249923706055,32.88249969482422,152735200,1.1939997356613372,1.2081770248390415,1.1931765733419064,1.2030549398741195
2017-02-08,32.837501525878906,33.05500030517578,32.80500030517578,33.0099983215332,92016400,1.2014086152352579,1.2093661301224514,1.2002195099518482,1.207719665917242
2017-02-09,32.912498474121094,33.11249923706055,32.779998779296875,33.10499954223633,113399600,1.2041524896333606,1.2114698136831126,1.1993047921082487,1.2111954262433025
2017-02-10,33.1150016784668,33.23500061035156,33.01250076293945,33.029998779296875,80262000,1.2115613692072813,1.2159517078105935,1.2078112214414105,1.2084514122788519
2017-02-13,33.27000045776367,33.45500183105469,33.1875,33.3224983215332,92141600,1.2172322290518238,1.2240007782219555,1.2142138276475631,1.2191529411304958
2017-02-14,33.36750030517578,33.772499084472656,33.3125,33.755001068115234,132904800,1.2207994053357052,1.235616885350851,1.2187871377328647,1.2349766945134095
2017-02-15,33.880001068115234,34.067501068115234,33.654998779296875,33.877498626708984,142492400,1.2395500045987111,1.2464099697266635,1.2313179627053596,1.2394584490745426
2017-02-16,33.91749954223633,33.974998474121094,33.709999084472656,33.837501525878906,90338400,1.2409219417977626,1.2430256253584238,1.2333302303082,1.2379950959176704
2017-02-17,33.775001525878906,33.95750045776367,33.775001525878906,33.93000030517578,88792800,1.2357084408750196,1.2423854345209824,1.2357084408750196,1.2413793007195622
2017-02-21,34.057498931884766,34.1875,33.994998931884766,34.17499923706055,98028800,1.2460440267626847,1.2508003083299757,1.2437573717200339,1.250342949408176
2017-02-22,34.10749816894531,34.279998779296875,34.02750015258789,34.27750015258789,83347600,1.2478733228835357,1.2541845131318674,1.2449464770034435,1.2540930971740467
2017-02-23,34.345001220703125,34.369998931884766,34.07500076293945,34.13249969482422,83152800,1.256562723698687,1.2574773019759384,1.2466843571664739,1.248788040727135
2017-02-24,33.977500915527344,34.165000915527344,33.81999969482422,34.165000915527344,87106400,1.2431171808825925,1.2499771460105449,1.2373547655138812,1.2499771460105449
2017-02-27,34.28499984741211,34.36000061035156,34.06999969482422,34.23249816894531,81029600,1.2543674846138568,1.2571114985783074,1.2465013856844842,1.2524466329688373
2017-02-28,34.27000045776367,34.36000061035156,34.17499923706055,34.247501373291016,93931600,1.2538187097342364,1.2571114985783074,1.250342949408176,1.2529955474148056
2017-03-01,34.47249984741211,35.037498474121094,34.400001525878906,34.9474983215332,145658400,1.2612274497418092,1.281898761083487,1.2585749913015274,1.278605972239416
2017-03-02,35.0,35.06999969482422,34.689998626708984,34.7400016784668,104844000,1.2805268238844356,1.2830878663668968,1.2691849646290025,1.2710144003162016
2017-03-03,34.69499969482422,34.95750045776367,34.647499084472656,34.94499969482422,84432400,1.2693679361109922,1.278971915203395,1.2676300559479619,1.2785145562815952
2017-03-06,34.842498779296875,34.942501068115234,34.650001525878906,34.834999084472656,87000000,1.2747644085157244,1.2784231403237745,1.2677216114721306,1.2744900210759142
2017-03-07,34.76499938964844,34.994998931884766,34.6974983215332,34.880001068115234,69785200,1.271928978593453,1.2803438524024462,1.2694593520688129,1.2761364852811237
2017-03-08,34.73749923706055,34.95000076293945,34.70500183105469,34.75,74828800,1.2709228447920329,1.2786975277635846,1.269733879074971,1.2713802037138326
2017-03-09,34.685001373291016,34.6974983215332,34.26250076293945,34.66999816894531,88623600,1.269002132713361,1.2694593520688129,1.253544322294426,1.2684532182673927
2017-03-10,34.8125,34.84000015258789,34.65999984741211,34.78499984741211,78451200,1.2736668587564834,1.2746729925579037,1.2680874148697616,1.2726607249550632
2017-03-13,34.712501525878906,34.85749816894531,34.70500183105469,34.79999923706055,69686800,1.2700082665147812,1.275313183395345,1.269733879074971,1.2732094998346837
2017-03-14,34.82500076293945,34.912498474121094,34.709999084472656,34.747501373291016,61236400,1.274124217678283,1.2773254509981855,1.2699167109906127,1.2712887877560117
2017-03-15,34.852500915527344,35.1875,34.75749969482422,35.1150016784668,102767200,1.2751303514797034,1.287386789012388,1.2716545911536428,1.2847343305721062
2017-03-16,35.18000030517578,35.255001068115234,35.064998626708984,35.17250061035156,76928000,1.287112401572578,1.2898564155370282,1.2829048948849073,1.2868380141327675
2017-03-17,35.25,35.25,34.97249984741211,34.997501373291016,175540000,1.2896734440550388,1.2896734440550388,1.2795206900830154,1.280435407926615
2017-03-20,35.099998474121094,35.375,35.057498931884766,35.3650016784668,86168000,1.284185416126138,1.2942467541403404,1.282630507445097,1.2938809507427094
2017-03-21,35.52750015258789,35.70000076293945,34.932498931884766,34.959999084472656,158119600,1.2998261980270622,1.306137388275394,1.2780571973597954,1.2790633311612158
2017-03-22,34.962501525878906,35.400001525878906,34.939998626708984,35.35499954223633,103440800,1.2791548866853844,1.2951614719839397,1.2783315847996057,1.2935150077787303
2017-03-23,35.314998626708984,35.39500045776367,35.15250015258789,35.22999954223633,81385200,1.2920515150555105,1.2949785005019503,1.2861062677711574,1.288941697693429
2017-03-24,35.375,35.435001373291016,35.087501525878906,35.15999984741211,89582400,1.2942467541403404,1.2964419932251703,1.283728196770686,1.2863806552109678
2017-03-27,34.84749984741211,35.30500030517578,34.654998779296875,35.220001220703125,94300400,1.2749473799977138,1.2916857116578793,1.2679044433877722,1.2885758942957977
2017-03-28,35.227500915527344,36.0099983215332,35.154998779296875,35.95000076293945,133499200,1.288850281735608,1.3174791079644792,1.2861976837289784,1.3152840084459971
2017-03-29,35.91999816894531,36.122501373291016,35.79750061035156,36.029998779296875,116760000,1.3141863191204082,1.3215951986943288,1.3097045645592753,1.3182108543260893
2017-03-30,36.04750061035156,36.125,35.875,35.98249816894531,84829200,1.3188511847298785,1.3216866146521498,1.3125399944815466,1.316472974163059
2017-03-31,35.93000030517578,36.067501068115234,35.752498626708984,35.915000915527344,78646800,1.314552262084387,1.3195829310914884,1.308058100354066,1.3140034872047666
2017-04-03,35.9275016784668,36.029998779296875,35.76250076293945,35.92499923706055,79942800,1.3144608461265663,1.3182108543260893,1.3084240433180447,1.3143692906023976
2017-04-04,35.8125,36.22249984741211,35.79249954223633,36.192501068115234,79565600,1.3102533394388958,1.3252537909360311,1.3095215930772859,1.32415624117679
2017-04-05,36.05500030517578,36.3650016784668,35.95249938964844,36.005001068115234,110871600,1.3191255721696886,1.3304674314251217,1.3153754244038178,1.3172962760488376
2017-04-06,36.0724983215332,36.130001068115234,35.86249923706055,35.915000915527344,84596000,1.31976576300713,1.3218695861341392,1.3120826355597468,1.3140034872047666
2017-04-07,35.932498931884766,36.04499816894531,35.817501068115234,35.834999084472656,66688800,1.314643678042208,1.3187596292057098,1.3104363109208852,1.3110765017583266
2017-04-10,35.900001525878906,35.970001220703125,35.724998474121094,35.79249954223633,75733600,1.313454712325146,1.316015754807607,1.3070519665526457,1.3095215930772859
2017-04-11,35.73500061035156,35.837501525878906,35.01499938964844,35.407501220703125,121517600,1.3074179095166245,1.3111680572824953,1.2810755987640563,1.29543585942375
2017-04-12,35.400001525878906,35.537498474121094,35.252498626708984,35.45000076293945,81400000,1.2951614719839397,1.3001920014246933,1.2897648600128597,1.296990768104791
2017-04-13,35.477500915527344,35.595001220703125,35.26250076293945,35.26250076293945,71291600,1.2979969019062112,1.3022958245517025,1.2901308029768386,1.2901308029768386
2017-04-17,35.369998931884766,35.470001220703125,35.217498779296875,35.45750045776367,66328400,1.294063782658351,1.2977225144664009,1.2884843387716292,1.297265155544601
2017-04-18,35.352500915527344,35.5099983215332,35.27750015258789,35.29999923706055,58790000,1.2934235918209096,1.299185867623273,1.290679577856459,1.2915027401758898
2017-04-19,35.470001220703125,35.5,35.11249923706055,35.16999816894531,69313600,1.2977225144664009,1.298820064225642,1.2846427750479374,1.2867464586085988
2017-04-20,35.30500030517578,35.72999954223633,35.290000915527344,35.61000061035156,93278400,1.2916857116578793,1.307234938034635,1.2911369367782588,1.302844599431323
2017-04-21,35.61000061035156,35.66999816894531,35.462501525878906,35.567501068115234,69283600,1.302844599431323,1.3050396989498052,1.2974481270265905,1.3012896907502822
2017-04-24,35.875,35.98749923706055,35.79499816894531,35.90999984741211,68537200,1.3125399944815466,1.3166559456450484,1.3096130090351066,1.3138205157227771
2017-04-25,35.977500915527344,36.224998474121094,35.967498779296875,36.13249969482422,75486000,1.3162901422474174,1.3253452068938518,1.3159241992834385,1.3219610020919599
2017-04-26,36.11750030517578,36.150001525878906,35.845001220703125,35.91999816894531,80164800,1.3214122272123394,1.322601332495749,1.3114424447223056,1.3141863191204082
2017-04-27,35.97999954223633,36.040000915527344,35.82749938964844,35.9474983215332,56985200,1.3163815582052383,1.3185767972900682,1.3108021143185165,1.3151924529218284
2017-04-28,36.022499084472656,36.07500076293945,35.817501068115234,35.912498474121094,83441600,1.317936466886279,1.3198573185312987,1.3104363109208852,1.313911931680598
2017-05-01,36.275001525878906,36.79999923706055,36.2400016784668,36.64500045776367,134411600,1.3271746425810507,1.3463824611995086,1.32589412133982,1.340711601354966
2017-05-02,36.8849983215332,37.022499084472656,36.709999084472656,36.877498626708984,181408800,1.3494922785615902,1.3545229475686915,1.3430896723554375,1.3492178911217798
2017-05-03,36.397499084472656,36.872501373291016,36.067501068115234,36.76499938964844,182788000,1.3316563971421835,1.3490350592061382,1.3195829310914884,1.345101939958278
2017-05-04,36.630001068115234,36.78499984741211,36.45249938964844,36.63249969482422,93487600,1.3401628264753453,1.345833686319888,1.3336686647450242,1.3402542424331663
2017-05-05,36.689998626708984,37.244998931884766,36.689998626708984,37.2400016784668,109310800,1.3423579259938276,1.3626634339378743,1.3423579259938276,1.3624806020222326
2017-05-08,37.25749969482422,38.42499923706055,37.25749969482422,38.252498626708984,195009600,1.363120792859674,1.4058354923084289,1.363120792859674,1.399524302060097
2017-05-09,38.467498779296875,38.720001220703125,38.36249923706055,38.497501373291016,156521600,1.4073904009894695,1.4166285766842412,1.403548837265778,1.4084880903150585
2017-05-10,38.407501220703125,38.48500061035156,38.02750015258789,38.314998626708984,103222800,1.4051953014709875,1.4080307313932587,1.3912923997330933,1.4018109571027477
2017-05-11,38.11249923706055,38.51750183105469,38.07749938964844,38.48749923706055,109020400,1.3944022170951749,1.4092198366766684,1.3931216958539443,1.4081221473510797
2017-05-12,38.67499923706055,39.10499954223633,38.66749954223633,39.025001525878906,130108000,1.4149821124790318,1.430714310337777,1.4147077250392217,1.427787464457685
2017-05-15,39.002498626708984,39.162498474121094,38.76250076293945,38.92499923706055,104038800,1.4269641625719063,1.4328179938984384,1.4181834853652822,1.424128732649635
2017-05-16,38.98500061035156,39.01499938964844,38.68000030517578,38.86750030517578,80194000,1.426323971734465,1.427421521493706,1.4151650839610213,1.4220250490889736
2017-05-17,38.400001525878906,38.64250183105469,37.4275016784668,37.5625,203070800,1.4049209140311771,1.41379314676197,1.369340567150185,1.3742796806331177
2017-05-18,37.817501068115234,38.334999084472656,37.782501220703125,38.1349983215332,134272800,1.38360927228571,1.4025427034643578,1.3823287510444797,1.3952253794146057
2017-05-19,38.345001220703125,38.494998931884766,38.157501220703125,38.26499938964844,107843200,1.4029086464283367,1.4083965347908898,1.3960486813003843,1.3999816609818967
2017-05-22,38.5,38.64500045776367,38.227500915527344,38.497501373291016,91865600,1.4085795062728792,1.413884562719791,1.3986097237828454,1.4084880903150585
2017-05-23,38.724998474121094,38.724998474121094,38.32749938964844,38.45000076293945,79675600,1.4168114085998829,1.4168114085998829,1.4022683160245475,1.4067502101520282
2017-05-24,38.459999084472656,38.54249954223633,38.16749954223633,38.334999084472656,76712000,1.4071160135496592,1.4101344149539201,1.3964144846980153,1.4025427034643578
2017-05-25,38.432498931884766,38.587501525878906,38.25749969482422,38.467498779296875,76942400,1.406109879748239,1.4117808791591295,1.3997072735420863,1.4073904009894695
2017-05-26,38.5,38.560001373291016,38.32749938964844,38.40250015258789,87710400,1.4085795062728792,1.4107747453577093,1.4022683160245475,1.405012329988998
2017-05-30,38.35499954223633,38.60749816894531,38.33250045776367,38.41749954223633,80507600,1.4032744498259677,1.4125124859543916,1.402451287506537,1.4055611048686185
2017-05-31,38.49250030517578,38.54249954223633,38.095001220703125,38.189998626708984,97804800,1.408305118833069,1.4101344149539201,1.3937620262577335,1.3972376470174461
2017-06-01,38.29249954223633,38.33250045776367,38.05500030517578,38.29499816894531,65616400,1.400987794783317,1.402451287506537,1.3922985335345135,1.4010792107411378
2017-06-02,38.39500045776367,38.86249923706055,38.22249984741211,38.86249923706055,111082800,1.4047379425491877,1.4218420776069842,1.398426752300856,1.4218420776069842
2017-06-05,38.584999084472656,38.61249923706055,38.3650016784668,38.48249816894531,101326800,1.4116893236349608,1.412695457436381,1.4036403927899466,1.40793917586909
2017-06-06,38.474998474121094,38.95249938964844,38.44499969482422,38.61249923706055,106499600,1.40766478842928,1.4251348664510552,1.4065672386700387,1.412695457436381
2017-06-07,38.755001068115234,38.994998931884766,38.619998931884766,38.842498779296875,84278400,1.4179090979254718,1.4266897751320962,1.4129698448761914,1.4211103312453743
2017-06-08,38.8125,38.8849983215332,38.599998474121094,38.747501373291016,85003200,1.4200127814861332,1.422665239926415,1.4122380985145815,1.4176347104856615
2017-06-09,38.79750061035156,38.79750061035156,36.505001068115234,37.244998931884766,259530800,1.4194640066065127,1.4194640066065127,1.3355895163900438,1.3626634339378743
2017-06-12,36.435001373291016,36.522499084472656,35.627498626708984,36.35499954223633,289229200,1.3330284739075828,1.3362297072274851,1.3034847902687643,1.3301014884611428
2017-06-13,36.790000915527344,36.86249923706055,36.287498474121094,36.647499084472656,136661600,1.3460166578018775,1.3486691162421593,1.3276318619365026,1.3408030173127867
2017-06-14,36.875,36.875,35.959999084472656,36.290000915527344,126124800,1.3491264751639591,1.3491264751639591,1.3156498118436282,1.3277234174606714
2017-06-15,35.83000183105469,36.119998931884766,35.5525016784668,36.0724983215332,128661600,1.310893669842685,1.3215036431701603,1.3007409158706615,1.31976576300713
2017-06-16,35.94499969482422,36.125,35.54999923706055,35.567501068115234,201444400,1.3151010369640077,1.3216866146521498,1.300649360346493,1.3012896907502822
2017-06-19,35.915000915527344,36.685001373291016,35.915000915527344,36.584999084472656,130165600,1.3140034872047666,1.3421750940781858,1.3140034872047666,1.338516362270136
2017-06-20,36.717498779296875,36.717498779296875,36.23500061035156,36.252498626708984,99600400,1.3433640597952479,1.3433640597952479,1.3257111498578307,1.326351340695272
2017-06-21,36.380001068115234,36.51750183105469,36.15250015258789,36.467498779296875,85063200,1.3310162063047424,1.3360468753118435,1.32269274845357,1.3342174396246447
2017-06-22,36.442501068115234,36.67499923706055,36.279998779296875,36.407501220703125,76425200,1.333302861347393,1.341809151114207,1.3273574744966923,1.3320223401061626
2017-06-23,36.282501220703125,36.790000915527344,36.27750015258789,36.56999969482422,141757600,1.327449030020861,1.3460166578018775,1.3272660585388716,1.3379675873905155
2017-06-26,36.79249954223633,37.06999969482422,36.345001220703125,36.45500183105469,102769600,1.3461080737596982,1.3562608277317216,1.3297356850635118,1.3337602202691927
2017-06-27,36.252498626708984,36.540000915527344,35.904998779296875,35.932498931884766,99047600,1.326351340695272,1.3368700376312743,1.3136375442407877,1.314643678042208
2017-06-28,36.122501373291016,36.52750015258789,35.790000915527344,36.45750045776367,88329600,1.3215951986943288,1.3364126787094746,1.309430177119465,1.3338516362270136
2017-06-29,36.1775016784668,36.282501220703125,35.56999969482422,35.91999816894531,125997600,1.3236074662971695,1.327449030020861,1.301381106708103,1.3141863191204082
2017-06-30,36.11249923706055,36.2400016784668,35.94499969482422,36.005001068115234,92096400,1.32122925573035,1.32589412133982,1.3151010369640077,1.3172962760488376
2017-07-03,36.220001220703125,36.32500076293945,35.775001525878906,35.875,57111200,1.3251623749782102,1.3290039387019017,1.3088814022398445,1.3125399944815466
2017-07-05,35.92250061035156,36.1974983215332,35.68000030517578,36.022499084472656,86278400,1.314277874644577,1.3243390730924316,1.305405641913784,1.317936466886279
2017-07-06,35.755001068115234,35.875,35.602500915527344,35.682498931884766,96515200,1.3081496558782344,1.3125399944815466,1.3025702119915128,1.3054970578716047
2017-07-07,35.724998474121094,36.1875,35.724998474121094,36.04499816894531,76806800,1.3070519665526457,1.3239732696948006,1.3070519665526457,1.3187596292057098
2017-07-10,36.02750015258789,36.48749923706055,35.842498779296875,36.26499938964844,84362400,1.3181194383682684,1.3349491859862546,1.311350889198137,1.3268086996170718
2017-07-11,36.182498931884766,36.462501525878906,36.095001220703125,36.38249969482422,79127200,1.3237902982128111,1.334034607709003,1.3205890648929086,1.331107622262563
2017-07-12,36.467498779296875,36.54499816894531,36.20500183105469,36.435001373291016,99538000,1.3342174396246447,1.337052869546916,1.3246136000985897,1.3330284739075828
2017-07-13,36.375,37.122501373291016,36.36000061035156,36.942501068115234,100797600,1.3308332348227527,1.3581816793767414,1.3302844599431323,1.3515961016885993
2017-07-14,36.99250030517578,37.33250045776367,36.83250045776367,37.2599983215332,80528400,1.3534253978094504,1.3658648068241246,1.3475715664829182,1.3632122088174947
2017-07-17,37.20500183105469,37.724998474121094,37.14250183105469,37.38999938964844,95174000,1.361200080781002,1.3802249279174705,1.3589134257383513,1.3679684903847857
2017-07-18,37.29999923706055,37.532501220703125,37.16749954223633,37.52000045776367,71475200,1.3646757015407147,1.3731821308738765,1.359828004015603,1.3727247719520768
2017-07-19,37.619998931884766,37.85499954223633,37.48749923706055,37.755001068115234,83692000,1.376383364193779,1.3849812094847616,1.371535666668667,1.3813226172430595
2017-07-20,37.875,37.935001373291016,37.54750061035156,37.584999084472656,68974800,1.3857129558463714,1.3879081949312015,1.373730905753497,1.3751028429525485
2017-07-21,37.497501373291016,37.61000061035156,37.220001220703125,37.567501068115234,105010400,1.371901609632646,1.3760175607961478,1.3617488556606228,1.374462652115107
2017-07-24,37.64500045776367,38.11000061035156,37.474998474121094,38.022499084472656,85972800,1.3772980820373784,1.3943108011373542,1.3710783077468673,1.3911094282511038
2017-07-25,37.95000076293945,38.459999084472656,37.95000076293945,38.185001373291016,75415600,1.388456969810822,1.4071160135496592,1.388456969810822,1.3970548151018045
2017-07-26,38.337501525878906,38.48249816894531,38.26499938964844,38.3650016784668,63124000,1.4026342589885263,1.40793917586909,1.3999816609818967,1.4036403927899466
2017-07-27,38.4375,38.497501373291016,36.82500076293945,37.63999938964844,129905200,1.4062928512302284,1.4084880903150585,1.347297179043108,1.377115110555389
2017-07-28,37.47249984741211,37.557498931884766,37.29750061035156,37.375,68854800,1.3709868917890466,1.3740967091511282,1.364584285582894,1.3674197155051653
2017-07-31,37.474998474121094,37.58250045776367,37.032501220703125,37.182498931884766,79383600,1.3710783077468673,1.3750114269947276,1.3548888905326704,1.3603767788952235
2017-08-01,37.275001525878906,37.55500030517578,37.102500915527344,37.51250076293945,141474400,1.3637611232634632,1.3740052931933073,1.3574499330151313,1.3724503845122666
2017-08-02,39.81999969482422,39.9375,39.040000915527344,39.28499984741211,279747200,1.4568736496083559,1.4611725722538471,1.4283362393373056,1.4372998880259191
2017-08-03,39.26250076293945,39.3025016784668,38.755001068115234,38.89250183105469,108389200,1.4364767257064883,1.4379402184297083,1.4179090979254718,1.4229397669325732
2017-08-04,39.01750183105469,39.349998474121094,38.92250061035156,39.09749984741211,82239600,1.4275130770178748,1.4396779590263908,1.424037316691814,1.4304399228979667
2017-08-07,39.26499938964844,39.72999954223633,39.16749954223633,39.70249938964844,87481200,1.4365681416643092,1.4535808607642848,1.4330009653804279,1.4525747269628646
2017-08-08,39.650001525878906,40.45750045776367,39.567501068115234,40.02000045776367,144823600,1.4506540148841927,1.4801975589566634,1.447635613479932,1.464190973658108
2017-08-09,39.814998626708984,40.317501068115234,39.77750015258789,40.26499938964844,104526000,1.4566906781263664,1.4750754739917413,1.4553187409273152,1.4731546223467216
2017-08-10,39.974998474121094,40.0,38.657501220703125,38.83000183105469,163217200,1.4625445094528986,1.463459227296498,1.4143419216415904,1.4206531118899224
2017-08-11,39.150001525878906,39.64250183105469,39.01750183105469,39.369998931884766,105028400,1.4323607745429865,1.4503796274443825,1.4275130770178748,1.4404097053880007
2017-08-14,39.83000183105469,40.0525016784668,39.6875,39.962501525878906,88490800,1.4572395925723347,1.4653800789415177,1.4520259520832441,1.4620872900974466
2017-08-15,40.165000915527344,40.54999923706055,40.03499984741211,40.400001525878906,117862000,1.4694960301050195,1.4835817637585553,1.4647397485377285,1.478093875396002
2017-08-16,40.48500061035156,40.627498626708984,40.037498474121094,40.23749923706055,110686400,1.4812036927580836,1.4864171936808266,1.4648311644955494,1.4721484885453013
2017-08-17,40.130001068115234,40.1775016784668,39.459999084472656,39.46500015258789,111762400,1.468215508863789,1.4699533890268193,1.4437024942320718,1.4438854657140612
2017-08-18,39.46500015258789,39.875,39.18000030517578,39.375,109712400,1.4438854657140612,1.4588859172111963,1.4334583243022276,1.4405926768699902
2017-08-21,39.375,39.47249984741211,38.77750015258789,39.3025016784668,105474000,1.4405926768699902,1.4441598531538715,1.4187322602449026,1.4379402184297083
2017-08-22,39.557498931884766,40.0,39.505001068115234,39.94499969482422,86418400,1.4472696705159531,1.463459227296498,1.4453489584372812,1.4614469596936575
2017-08-23,39.76750183105469,40.11750030517578,39.720001220703125,39.994998931884766,77596400,1.454952937529684,1.4677581499419892,1.4532150573666538,1.4632762558145085
2017-08-24,40.10749816894531,40.185001373291016,39.63750076293945,39.817501068115234,79275600,1.4673922069780103,1.4702277764666294,1.450196655962393,1.4567822336505352
2017-08-25,39.912498474121094,40.13999938964844,39.817501068115234,39.96500015258789,101920400,1.4602578544102478,1.46858131226142,1.4567822336505352,1.4621787060552673
2017-08-28,40.03499984741211,40.5,39.98249816894531,40.36750030517578,103864000,1.4647397485377285,1.481752467637704,1.4628188968927087,1.4769047701125924
2017-08-29,40.025001525878906,40.779998779296875,40.0,40.727500915527344,118067600,1.4643739451400974,1.4919966375675484,1.463459227296498,1.4900759254888765
2017-08-30,40.95000076293945,40.97249984741211,40.65250015258789,40.837501525878906,109078400,1.4982164118580594,1.4990395741774902,1.487331911524426,1.4941004606945576
2017-08-31,40.90999984741211,41.130001068115234,40.869998931884766,41.0,107140400,1.4967529191348394,1.5048019895462015,1.4952894264116194,1.5000457079789105
2017-09-01,41.20000076293945,41.23500061035156,40.907501220703125,41.01250076293945,66364400,1.5073630320286624,1.508643553269893,1.4966615031770185,1.5005030669007102
2017-09-05,40.9375,41.0625,40.13999938964844,40.52000045776367,117874000,1.4977590529362597,1.5023323630215613,1.46858131226142,1.4824842139993142
2017-09-06,40.6775016784668,40.747501373291016,40.130001068115234,40.477500915527344,86606800,1.4882466293680254,1.4908076718504866,1.468215508863789,1.4809293053182733
2017-09-07,40.522499084472656,40.560001373291016,40.09000015258789,40.314998626708984,87714000,1.4825756299571349,1.4839477067225342,1.466752016140569,1.4749839184675726
2017-09-08,40.21500015258789,40.287498474121094,39.63249969482422,39.657501220703125,114446000,1.4713253262258705,1.4739777846661524,1.4500136844804035,1.450928402324003
2017-09-11,40.125,40.51250076293945,39.97249984741211,40.375,126323200,1.4680325373817995,1.4822098265595038,1.4624530934950777,1.4771791575524027
2017-09-12,40.65250015258789,40.9900016784668,39.692501068115234,40.21500015258789,286856000,1.487331911524426,1.4996799045812794,1.4522089235652336,1.4713253262258705
2017-09-13,39.967498779296875,39.9900016784668,39.477500915527344,39.912498474121094,179629600,1.4622701220130883,1.4630934238988669,1.444342824635861,1.4602578544102478
2017-09-14,39.747501373291016,39.849998474121094,39.522499084472656,39.56999969482422,95042800,1.454221191168074,1.457971199367597,1.4459891492747226,1.4477270294377529
2017-09-15,39.61750030517578,40.24250030517578,39.5,39.970001220703125,196458400,1.449464909600783,1.4723314600272908,1.4451659869552917,1.462361677537257
2017-09-18,40.02750015258789,40.125,39.5,39.66749954223633,113077600,1.4644653610979181,1.4680325373817995,1.4451659869552917,1.451294205721634
2017-09-19,39.877498626708984,39.942501068115234,39.61000061035156,39.682498931884766,83242400,1.4589773331690172,1.4613555437358365,1.4491905221609727,1.4518429806012547
2017-09-20,39.474998474121094,39.564998626708984,38.45750045776367,39.01750183105469,211805600,1.4442512691116922,1.4475440579557632,1.4070245975918385,1.4275130770178748
2017-09-21,38.95000076293945,38.95000076293945,38.1875,38.34749984741211,150046800,1.4250434504932346,1.4250434504932346,1.3971462310596254,1.4030000623861574
2017-09-22,37.8849983215332,38.067501068115234,37.63999938964844,37.97249984741211,186581600,1.3860787592440027,1.3927558924563133,1.377115110555389,1.3892801321302528
2017-09-25,37.497501373291016,37.95750045776367,37.290000915527344,37.63750076293945,177549200,1.371901609632646,1.3887313572506323,1.3643098981430837,1.377023694597568
2017-09-26,37.94499969482422,38.47999954223633,37.92250061035156,38.28499984741211,146640000,1.3882739983288326,1.4078477599112693,1.3874508360094018,1.4007134073435068
2017-09-27,38.45000076293945,38.68000030517578,38.3849983215332,38.557498931884766,102016800,1.4067502101520282,1.4151650839610213,1.4043719995852089,1.4106831898335406
2017-09-28,38.47249984741211,38.56999969482422,38.17499923706055,38.31999969482422,88022000,1.407573372471459,1.4111405487553403,1.3966888721378257,1.4019939285847371
2017-09-29,38.3025016784668,38.532501220703125,38.0,38.529998779296875,105199200,1.4013537377472958,1.409768611556289,1.390286265931673,1.4096770560321203
2017-10-02,38.564998626708984,38.61249923706055,38.18000030517578,38.45249938964844,74795200,1.410957577273351,1.412695457436381,1.396871843619815,1.406841626109849
2017-10-03,38.502498626708984,38.772499084472656,38.477500915527344,38.619998931884766,64921200,1.4086709222307001,1.4185492887629132,1.4077563439534484,1.4129698448761914
2017-10-04,38.407501220703125,38.46500015258789,38.1150016784668,38.369998931884766,80655200,1.4051953014709875,1.4072989850316489,1.3944937726193436,1.4038232247055882
2017-10-05,38.54499816894531,38.86000061035156,38.51250076293945,38.84749984741211,85135200,1.4102258309117408,1.4217506616491635,1.409036865194679,1.4212933027273638
2017-10-06,38.74250030517578,38.872501373291016,38.63999938964844,38.82500076293945,69630400,1.417451739003672,1.422208020570963,1.4137015912378015,1.420470140407933
2017-10-09,38.95249938964844,39.182498931884766,38.872501373291016,38.959999084472656,65051600,1.4251348664510552,1.4335497402600483,1.422208020570963,1.4254092538908656
2017-10-10,39.01499938964844,39.5,38.775001525878906,38.974998474121094,62468000,1.427421521493706,1.4451659869552917,1.418640844287082,1.425958028770486
2017-10-11,38.99250030517578,39.244998931884766,38.9375,39.13750076293945,67622400,1.4265983591742752,1.4358363953026991,1.4245860915714348,1.4319034156211867
2017-10-12,39.087501525878906,39.342498779296875,38.932498931884766,39.0,64500400,1.4300741195003357,1.4394035715865805,1.4244031200894454,1.4268727466140856
2017-10-13,39.182498931884766,39.31999969482422,39.102500915527344,39.247501373291016,65576800,1.4335497402600483,1.4385804092671497,1.4306228943799562,1.4359279508268679
2017-10-16,39.474998474121094,40.0,39.412498474121094,39.970001220703125,96486000,1.4442512691116922,1.463459227296498,1.4419646140690414,1.462361677537257
2017-10-17,39.94499969482422,40.217498779296875,39.807498931884766,40.11750030517578,75989200,1.4614469596936575,1.4714167421836915,1.456416290686556,1.4677581499419892
2017-10-18,40.10499954223633,40.1775016784668,39.900001525878906,39.939998626708984,65496800,1.4673007910201896,1.4699533890268193,1.4598006350547958,1.461263988211668
2017-10-19,39.1875,39.27000045776367,38.755001068115234,38.994998931884766,170336800,1.4337327117420378,1.4367511131462987,1.4179090979254718,1.4266897751320962
2017-10-20,39.15250015258789,39.4375,38.9900016784668,39.0625,95896400,1.4324521905008074,1.442879331912641,1.4265069432164543,1.4291594016567364
2017-10-23,39.22249984741211,39.42250061035156,38.875,39.04249954223633,87937200,1.4350132329832683,1.4423305570330205,1.422299436528784,1.4284276552951263
2017-10-24,39.0724983215332,39.35499954223633,39.04999923706055,39.275001525878906,71028800,1.4295252050543674,1.4398609305083803,1.4287020427349366,1.436934084628288
2017-10-25,39.227500915527344,39.38750076293945,38.817501068115234,39.102500915527344,84828400,1.4351962044652578,1.44105003579179,1.4201957529681226,1.4306228943799562
2017-10-26,39.307498931884766,39.45750045776367,39.19499969482422,39.352500915527344,68002000,1.43812305034535,1.4436110782742508,1.434007099181848,1.4397695145505593
2017-10-27,39.8224983215332,40.900001525878906,39.67499923706055,40.76250076293945,177816800,1.4569650655661768,1.4963871157372084,1.4515685931614444,1.491356446730107
2017-10-30,40.97249984741211,42.01750183105469,40.93000030517578,41.68000030517578,178803200,1.4990395741774902,1.537272519065112,1.4974846654964493,1.5249245260082587
2017-10-31,41.974998474121094,42.412498474121094,41.73500061035156,42.2599983215332,144187200,1.5357174708177235,1.5517240561162788,1.5269367936110991,1.546144612229557
2017-11-01,42.467498779296875,42.48500061035156,41.40250015258789,41.72249984741211,134551200,1.5537363237191193,1.5543766541229085,1.5147717720362353,1.5264794346892996
2017-11-02,41.650001525878906,42.125,41.31999969482422,42.02750015258789,165573600,1.5238269762490175,1.5412054987466244,1.5117533706319746,1.537638322462743
2017-11-03,43.5,43.564998626708984,42.779998779296875,43.125,237594400,1.5915119096849415,1.5938899806854132,1.5651695989323733,1.577791979429037
2017-11-06,43.092498779296875,43.747501373291016,42.93000030517578,43.5625,140105200,1.576602874145627,1.6005671138977238,1.5706576268612742,1.5937985647275923
2017-11-07,43.477500915527344,43.8125,43.400001525878906,43.70249938964844,97446000,1.5906887473655107,1.6029451848981955,1.5878533174432394,1.5989206496925144
2017-11-08,43.665000915527344,44.060001373291016,43.58250045776367,44.060001373291016,97638000,1.597548712493463,1.6120003891109778,1.5945303110892024,1.6120003891109778
2017-11-09,43.77750015258789,44.025001525878906,43.28499984741211,43.970001220703125,117930400,1.601664663656965,1.6107198678697472,1.5836458107555689,1.6087076002669067
2017-11-10,43.77750015258789,43.845001220703125,43.567501068115234,43.66749954223633,100582000,1.601664663656965,1.6041342901816051,1.5939815362095817,1.5976401284512838
2017-11-13,43.375,43.625,43.349998474121094,43.49250030517578,67928400,1.58693859959964,1.596085219770243,1.5860238817560406,1.5912375222451312
2017-11-14,43.2599983215332,43.369998931884766,42.79499816894531,42.834999084472656,99130000,1.5827310929119696,1.5867556281176505,1.5657183738119937,1.5671818665352137
2017-11-15,42.49250030517578,42.58000183105469,42.095001220703125,42.27000045776367,116632400,1.5546510415627188,1.557852414448969,1.5401079489873832,1.5465105551935359
2017-11-16,42.79499816894531,42.967498779296875,42.57500076293945,42.775001525878906,94550000,1.5657183738119937,1.5720295640603257,1.5576694429669795,1.5649867670167317
2017-11-17,42.7599983215332,42.84749984741211,42.40999984741211,42.537498474121094,87598000,1.5644378525707632,1.5676392254570135,1.5516326401584581,1.5562973662015804
2017-11-20,42.5724983215332,42.63999938964844,42.38999938964844,42.494998931884766,65049600,1.557577887442811,1.5600475139674512,1.550900893796848,1.5547424575205395
2017-11-21,42.69499969482422,43.42499923706055,42.69499969482422,43.28499984741211,100525200,1.5620597815702917,1.588767895720491,1.5620597815702917,1.5836458107555689
2017-11-22,43.34000015258789,43.75,43.26250076293945,43.7400016784668,102355600,1.5856580783584096,1.6006585298555447,1.582822648436138,1.6002927264579137
2017-11-24,43.775001525878906,43.875,43.662498474121094,43.74250030517578,56106800,1.601573247699144,1.6052318399408463,1.5974571569692944,1.6003841424157343
2017-11-27,43.76250076293945,43.77000045776367,43.334999084472656,43.522499084472656,82867200,1.6011158887773445,1.6013902762171546,1.58547510687642,1.5923350720043723
2017-11-28,43.57500076293945,43.717498779296875,42.96500015258789,43.26750183105469,105715200,1.594255923649392,1.599469424572135,1.5719381481025048,1.5830056199181275
2017-11-29,43.157501220703125,43.22999954223633,41.790000915527344,42.369998931884766,166665600,1.5789810847124466,1.5816335431527284,1.5289490612139398,1.5501691474352381
2017-11-30,42.60749816894531,43.03499984741211,42.11000061035156,42.962501525878906,166108800,1.5588584086840416,1.574499190584966,1.540656723867004,1.571846732144684
2017-12-01,42.48749923706055,42.91749954223633,42.125,42.76250076293945,159037200,1.5544680700807294,1.5702002679394746,1.5412054987466244,1.564529408094932
2017-12-04,43.119998931884766,43.154998779296875,42.407501220703125,42.45000076293945,130169600,1.5776090079470475,1.5788895291882779,1.5515412242006372,1.553096132881678
2017-12-05,42.26499938964844,42.880001068115234,42.099998474121094,42.40999984741211,109400800,1.5463275837115464,1.5688283307404232,1.540290780903025,1.5516326401584581
2017-12-06,41.875,42.54999923706055,41.6150016784668,42.252498626708984,114240000,1.5320588785760214,1.5567547251233802,1.5225464550077872,1.545870224789747
2017-12-07,42.25749969482422,42.61000061035156,42.227500915527344,42.33000183105469,102693200,1.5460531962717363,1.55894996420821,1.5449556465124952,1.548705794278366
2017-12-08,42.622501373291016,42.75,42.20500183105469,42.342498779296875,93420800,1.5594073231300098,1.5640720491731321,1.5441324841930644,1.549163013633818
2017-12-11,42.29999923706055,43.22249984741211,42.1974983215332,43.16749954223633,141095200,1.547608104952777,1.581359155712918,1.5438579571869062,1.5793468881100776
2017-12-12,43.037498474121094,43.09749984741211,42.8650016784668,42.92499923706055,77636800,1.5745906065427866,1.5767858456276167,1.5682795558608027,1.5704746553792848
2017-12-13,43.125,43.3849983215332,43.0,43.067501068115234,95273600,1.577791979429037,1.5873044029972712,1.5732186693437353,1.5756882958683756
2017-12-14,43.099998474121094,43.282501220703125,42.912498474121094,43.05500030517578,81906000,1.5768772615854374,1.5835543947977482,1.570017296457485,1.5752309369465758
2017-12-15,43.407501220703125,43.54249954223633,43.1150016784668,43.49250030517578,160677200,1.5881277048830498,1.5930668183659824,1.5774261760314057,1.5912375222451312
2017-12-18,43.720001220703125,44.29999923706055,43.71500015258789,44.10499954223633,117684400,1.5995609800963035,1.6207810663176019,1.5993780086143141,1.6136467137498394
2017-12-19,43.75749969482422,43.84749984741211,43.522499084472656,43.6349983215332,109745600,1.6009329172953548,1.6042257061394258,1.5923350720043723,1.5964510231678741
2017-12-20,43.717498779296875,43.85499954223633,43.3125,43.587501525878906,93902400,1.599469424572135,1.6045000935792362,1.584651944556989,1.5947132825711918
2017-12-21,43.54249954223633,44.005001068115234,43.525001525878906,43.752498626708984,83799600,1.5930668183659824,1.6099881215081373,1.592426627528541,1.6007499458133654
2017-12-22,43.66999816894531,43.85499954223633,43.625,43.752498626708984,65397600,1.5977315444091047,1.6045000935792362,1.596085219770243,1.6007499458133654
2017-12-26,42.70000076293945,42.86750030517578,42.41999816894531,42.64250183105469,132742000,1.562242753052281,1.5683709718186234,1.5519984435560892,1.5601390694916197
2017-12-27,42.525001525878906,42.69499969482422,42.4275016784668,42.650001525878906,85992800,1.5558401468461285,1.5620597815702917,1.5522729705622471,1.56041345693143
2017-12-28,42.75,42.962501525878906,42.619998931884766,42.77000045776367,65920800,1.5640720491731321,1.571846732144684,1.5593157676058411,1.5648037955347422
2017-12-29,42.630001068115234,42.647499084472656,42.30500030517578,42.307498931884766,103999600,1.5596817105698202,1.5603219014072613,1.5477910764347664,1.5478824923925874
2018-01-02,42.540000915527344,43.07500076293945,42.314998626708984,43.064998626708984,102223600,1.5563889217257492,1.575962683308186,1.5481568798323975,1.5755967403442068
2018-01-03,43.13249969482422,43.63750076293945,42.9900016784668,43.057498931884766,118071600,1.578066366868847,1.5965425786920429,1.5728528659461043,1.5753223529043967
2018-01-04,43.1349983215332,43.36750030517578,43.02000045776367,43.25749969482422,89738400,1.578157782826668,1.5866642121598298,1.5739504157053452,1.5826396769541486
2018-01-05,43.36000061035156,43.842498779296875,43.26250076293945,43.75,94640000,1.5863898247200194,1.6040427346574364,1.582822648436138,1.6006585298555447
2018-01-08,43.587501525878906,43.90250015258789,43.48249816894531,43.587501525878906,82271200,1.5947132825711918,1.6062379737422665,1.5908715792811523,1.5947132825711918
2018-01-09,43.63750076293945,43.76499938964844,43.352500915527344,43.58250045776367,86336000,1.5965425786920429,1.6012073047351651,1.586115437280209,1.5945303110892024
2018-01-10,43.290000915527344,43.57500076293945,43.25,43.5724983215332,95839600,1.5838287822375583,1.594255923649392,1.5823652895143385,1.5941643681252233
2018-01-11,43.647499084472656,43.872501373291016,43.622501373291016,43.81999969482422,74670800,1.596908382089674,1.6051404239830254,1.5959938038124222,1.6032195723380056
2018-01-12,44.04499816894531,44.34000015258789,43.912498474121094,44.272499084472656,101672400,1.6114514746650093,1.6222445590408219,1.6066037771398975,1.6197749325161817
2018-01-16,44.474998474121094,44.84749984741211,44.03499984741211,44.04750061035156,118263600,1.6271836725237545,1.6408121868218384,1.6110856712673782,1.611543030189178
2018-01-17,44.037498474121094,44.8125,43.76750183105469,44.775001525878906,137547200,1.6111770872251991,1.6395316655806078,1.6012988602593339,1.6381597283815565
2018-01-18,44.842498779296875,45.025001525878906,44.5625,44.814998626708984,124773600,1.640629215339849,1.6473063485521597,1.6303850454100048,1.6396230815384287
2018-01-19,44.65250015258789,44.89500045776367,44.352500915527344,44.6150016784668,129700400,1.6336778342540759,1.6425500669848687,1.6227019179626216,1.6323058970550244
2018-01-22,44.32500076293945,44.44499969482422,44.150001525878906,44.25,108434400,1.6216957841612014,1.6260861227645134,1.6152931779550488,1.6189517701967509
2018-01-23,44.32500076293945,44.86000061035156,44.20500183105469,44.2599983215332,130756400,1.6216957841612014,1.6412695457436381,1.6173054455578892,1.6193175735943819
2018-01-24,44.3125,44.32500076293945,43.29999923706055,43.55500030517578,204420400,1.6212384252394016,1.6216957841612014,1.5841945856351896,1.593524177287782
2018-01-25,43.627498626708984,43.73749923706055,42.63249969482422,42.77750015258789,166116000,1.596176635728064,1.600201170933745,1.5597731265276409,1.5650781829745524
2018-01-26,43.0,43.0,42.51499938964844,42.877498626708984,156572000,1.5732186693437353,1.5732186693437353,1.5554742038821496,1.5687367752162547
2018-01-29,42.540000915527344,42.540000915527344,41.76750183105469,41.9900016784668,202561600,1.5563889217257492,1.5563889217257492,1.528125898894509,1.5362663852636917
2018-01-30,41.38249969482422,41.842498779296875,41.17499923706055,41.74250030517578,184192800,1.5140400256746254,1.5308697732926115,1.506448314185063,1.5272111810509095
2018-01-31,41.717498779296875,42.11000061035156,41.625,41.85749816894531,129915600,1.52629646320731,1.540656723867004,1.5229122584054182,1.5314185481722322
2018-02-01,41.79249954223633,42.154998779296875,41.689998626708984,41.94499969482422,188923200,1.5290404771717605,1.5423030485058655,1.5252903294058897,1.5346199210584823
2018-02-02,41.5,41.70000076293945,40.025001525878906,40.125,346375200,1.5183389483201166,1.5256562723698688,1.4643739451400974,1.4680325373817995
2018-02-05,39.775001525878906,40.970001220703125,39.0,39.122501373291016,290954000,1.4552273249694943,1.4989481582196693,1.4268727466140856,1.4313546407415663
2018-02-06,38.70750045776367,40.93000030517578,38.5,40.75749969482422,272975200,1.4161712177624417,1.4974846654964493,1.4085795062728792,1.4911734752481176
2018-02-07,40.772499084472656,40.849998474121094,39.76750183105469,39.8849983215332,206434400,1.491722250127738,1.4945576800500093,1.454952937529684,1.4592517206088276
2018-02-08,40.0724983215332,40.25,38.75749969482422,38.787498474121094,217562000,1.4661116857367797,1.472605847467101,1.4180005138832927,1.4190980636425337
2018-02-09,39.26750183105469,39.47249984741211,37.560001373291016,39.102500915527344,282690400,1.4366596971884777,1.4441598531538715,1.3741882646752968,1.4306228943799562
2018-02-12,39.625,40.97249984741211,39.377498626708984,40.6775016784668,243278000,1.4497392970405933,1.4990395741774902,1.440684092827811,1.4882466293680254
2018-02-13,40.48749923706055,41.1875,40.412498474121094,41.084999084472656,130196800,1.4812951087159045,1.5069056731068629,1.478551094751454,1.503155525340992
2018-02-14,40.7599983215332,41.8849983215332,40.720001220703125,41.842498779296875,162579600,1.4912648912059383,1.5324246819736524,1.4898015380490661,1.5308697732926115
2018-02-15,42.4474983215332,43.272499084472656,42.25,43.247501373291016,204588800,1.5530045773575094,1.5831884518337693,1.545778808831926,1.5822738735565176
2018-02-16,43.09000015258789,43.70500183105469,42.942501068115234,43.10749816894531,160704400,1.5765114581878064,1.599012205216683,1.571114985783074,1.5771516490252477
2018-02-20,43.01250076293945,43.564998626708984,42.85499954223633,42.962501525878906,135722000,1.573676028265535,1.5938899806854132,1.5679136128968238,1.571846732144684
2018-02-21,43.20750045776367,43.529998779296875,42.752498626708984,42.76750183105469,149886400,1.5808103808332976,1.5926094594441826,1.564163465130953,1.5647123795769213
2018-02-22,42.95000076293945,43.48749923706055,42.9275016784668,43.125,123967600,1.5713893732228843,1.5910545507631417,1.5705662109034535,1.577791979429037
2018-02-23,43.41749954223633,43.912498474121094,43.3849983215332,43.875,135249600,1.5884935082806808,1.6066037771398975,1.5873044029972712,1.6052318399408463
2018-02-26,44.087501525878906,44.84749984741211,44.0525016784668,44.74250030517578,152648800,1.613006522912398,1.6408121868218384,1.6117260016711674,1.636970623098147
2018-02-27,44.775001525878906,45.119998931884766,44.540000915527344,44.59749984741211,155712400,1.6381597283815565,1.6507819693118724,1.629561883090574,1.6316655666512352
2018-02-28,44.814998626708984,45.154998779296875,44.51250076293945,44.529998779296875,151128400,1.6396230815384287,1.6520624905531027,1.6285557492891538,1.629195940126595
2018-03-01,44.6349983215332,44.94499969482422,43.165000915527344,43.75,195208000,1.6330375038502867,1.6443793631057197,1.579255472152257,1.6006585298555447
2018-03-02,43.20000076293945,44.07500076293945,43.11249923706055,44.0525016784668,153816000,1.5805359933934873,1.6125491639905982,1.5773346205072372,1.6117260016711674
2018-03-05,43.8025016784668,44.435001373291016,43.630001068115234,44.20500183105469,113605600,1.6025793815005642,1.6257203193668823,1.5962681912522325,1.6173054455578892
2018-03-06,44.477500915527344,44.5625,44.032501220703125,44.16749954223633,95154000,1.6272752280479232,1.6303850454100048,1.6109942553095575,1.6159333687924902
2018-03-07,43.73500061035156,43.962501525878906,43.567501068115234,43.75749969482422,126814000,1.600109754975924,1.6084332128270964,1.5939815362095817,1.6009329172953548
2018-03-08,43.869998931884766,44.279998779296875,43.76750183105469,44.23500061035156,95096400,1.6050488684588569,1.620049319955992,1.6012988602593339,1.6184029953171304
2018-03-09,44.4900016784668,45.0,44.34749984741211,44.994998931884766,128740800,1.627732586969723,1.6463916307085602,1.6225189464806322,1.6462086592265708
2018-03-12,45.0724983215332,45.59749984741211,45.0525016784668,45.43000030517578,128828400,1.649044089148842,1.6682520473336477,1.64831248235358,1.6621238285673055
2018-03-13,45.647499084472656,45.875,44.810001373291016,44.99250030517578,126774000,1.6700813434544988,1.6784048013056712,1.6394402496227871,1.6461172432687499
2018-03-14,45.08000183105469,45.130001068115234,44.45249938964844,44.61000061035156,117473600,1.6493186161550002,1.6511479122758512,1.6263605102043237,1.632122925573035
2018-03-15,44.625,45.060001373291016,44.51750183105469,44.662498474121094,90975200,1.6326717004526556,1.64858686979339,1.6287387207711432,1.634043637651707
2018-03-16,44.662498474121094,44.779998779296875,44.404998779296875,44.505001068115234,157618800,1.634043637651707,1.6383425602971982,1.6246226300412936,1.6282813618493435
2018-03-19,44.33000183105469,44.36750030517578,43.415000915527344,43.82500076293945,133787200,1.6218787556431908,1.623250692842242,1.58840209232286,1.603402543819995
2018-03-20,43.810001373291016,44.20000076293945,43.73500061035156,43.810001373291016,78597600,1.6028537689403746,1.6171224740758998,1.600109754975924,1.6028537689403746
2018-03-21,43.7599983215332,43.772499084472656,42.814998626708984,42.817501068115234,148219600,1.6010243332531757,1.6014816921749755,1.5664501201736039,1.5665416756977724
2018-03-22,42.5,43.16999816894531,42.150001525878906,42.212501525878906,165963200,1.5549254290025292,1.5794383040678985,1.542120216590224,1.5444068716328747
2018-03-23,42.09749984741211,42.47999954223633,41.23500061035156,41.23500061035156,164115200,1.5401993649452042,1.554193682640919,1.508643553269893,1.508643553269893
2018-03-26,42.01750183105469,43.275001525878906,41.61000061035156,43.192501068115234,150164800,1.537272519065112,1.5832800073579378,1.5223634835257978,1.5802616059536772
2018-03-27,43.41999816894531,43.787498474121094,41.72999954223633,42.084999084472656,163690400,1.5885849242385015,1.602030467054596,1.5267538221291097,1.5397420060234044
2018-03-28,41.8125,42.505001068115234,41.29750061035156,41.619998931884766,166674000,1.5297722235333706,1.5551084004845186,1.5109302083125438,1.5227292869234288
2018-03-29,41.95249938964844,42.9375,41.724998474121094,41.94499969482422,153594000,1.5348943084982927,1.5709320143010845,1.5265708506471203,1.5346199210584823
2018-04-02,41.65999984741211,42.23500061035156,41.11750030517578,41.66999816894531,150347200,1.5241927796466488,1.5452300339523055,1.5043446306244017,1.5245585830442798
2018-04-03,41.90999984741211,42.1875,41.220001220703125,42.09749984741211,121112000,1.5333393998172518,1.5434921537892752,1.5080947783902725,1.5401993649452042
2018-04-04,41.220001220703125,43.002498626708984,41.192501068115234,42.90250015258789,138422000,1.5080947783902725,1.573310085301556,1.5070886445888523,1.569651493059854
2018-04-05,43.14500045776367,43.557498931884766,43.02000045776367,43.20000076293945,107732800,1.5785237257906468,1.5936155932456029,1.5739504157053452,1.5805359933934873
2018-04-06,42.74250030517578,43.119998931884766,42.04999923706055,42.095001220703125,140021200,1.563797661733322,1.5776090079470475,1.5384614847821738,1.5401079489873832
2018-04-09,42.470001220703125,43.272499084472656,42.462501525878906,42.51250076293945,116070800,1.553827879243288,1.5831884518337693,1.5535534918034777,1.5553827879243287
2018-04-10,43.25,43.5,42.88249969482422,43.3125,113634400,1.5823652895143385,1.5915119096849415,1.568919746698244,1.584651944556989
2018-04-11,43.057498931884766,43.47999954223633,42.92499923706055,43.11000061035156,89726400,1.5753223529043967,1.5907801633233316,1.5704746553792848,1.5772432045494162
2018-04-12,43.352500915527344,43.75,43.2599983215332,43.53499984741211,91557200,1.586115437280209,1.6006585298555447,1.5827310929119696,1.592792430926172
2018-04-13,43.69499969482422,43.959999084472656,43.462501525878906,43.682498931884766,100497200,1.5986462622527042,1.6083416573029279,1.5901399724858902,1.5981889033309045
2018-04-16,43.75749969482422,44.04750061035156,43.70750045776367,43.95500183105469,86313600,1.6009329172953548,1.611543030189178,1.5991036211745038,1.608158825387286
2018-04-17,44.122501373291016,44.73500061035156,44.102500915527344,44.560001373291016,106421600,1.6142870441536286,1.6366962356583366,1.6135552977920185,1.630293629452184
2018-04-18,44.45249938964844,44.70500183105469,44.220001220703125,44.459999084472656,83018000,1.6263605102043237,1.6355986858990954,1.6178542204375097,1.626634897644134
2018-04-19,43.439998626708984,43.84749984741211,43.165000915527344,43.20000076293945,139235200,1.5893166706001116,1.6042257061394258,1.579255472152257,1.5805359933934873
2018-04-20,42.650001525878906,42.80500030517578,41.35749816894531,41.43000030517578,261964400,1.56041345693143,1.5660843167759726,1.5131253078310258,1.5157779058376555
2018-04-23,41.70750045776367,41.72999954223633,41.022499084472656,41.310001373291016,146062000,1.525930659809679,1.5267538221291097,1.5008688702983413,1.5113875672343435
2018-04-24,41.41749954223633,41.58250045776367,40.30500030517578,40.73500061035156,134768000,1.515320546915856,1.5213573497243773,1.4746181150699416,1.4903503129286868
2018-04-25,40.654998779296875,41.35499954223633,40.602500915527344,40.912498474121094,113528400,1.4874233274822468,1.5130338918732051,1.4855026154035749,1.4968443350926601
2018-04-26,41.029998779296875,41.432498931884766,40.842498779296875,41.05500030517578,111852000,1.5011432577381514,1.5158693217954764,1.4942832926101992,1.502057975581751
2018-04-27,41.0,41.08250045776367,40.157501220703125,40.58000183105469,142623200,1.5000457079789105,1.5030641093831711,1.4692216426652092,1.484679453084144
2018-04-30,40.532501220703125,41.814998626708984,40.459999084472656,41.314998626708984,169709600,1.482941572921114,1.5298636394911913,1.4802889749144843,1.5115703991499851
2018-05-01,41.602500915527344,42.29999923706055,41.317501068115234,42.275001525878906,214277600,1.5220890960859874,1.547608104952777,1.5116619546741537,1.5466935266755255
2018-05-02,43.807498931884766,44.4375,43.45000076293945,44.14250183105469,266157600,1.602762213416206,1.6258117353247032,1.5896826135640905,1.6150187905152384
2018-05-03,43.970001220703125,44.375,43.61000061035156,44.22249984741211,136272800,1.6087076002669067,1.6235250802820524,1.5955364448906226,1.6179456363953306
2018-05-04,44.5625,46.0625,44.54249954223633,45.95750045776367,224805200,1.6303850454100048,1.6852647664336233,1.6296532990483947,1.6814232027099318
2018-05-07,46.29499816894531,46.91749954223633,46.1875,46.290000915527344,169805600,1.6937710562004373,1.7165461906691244,1.689838076518925,1.6935882242847957
2018-05-08,46.247501373291016,46.55500030517578,45.91749954223633,46.51250076293945,113611200,1.692033315603755,1.7032836193350194,1.6799597099867118,1.7017287106539787
2018-05-09,46.63750076293945,46.849998474121094,46.30500030517578,46.84000015258789,92844800,1.70630202073928,1.7140765641444842,1.6941369991644162,1.713710760746853
2018-05-10,46.935001373291016,47.592498779296875,46.912498474121094,47.5099983215332,111957200,1.7171865210729136,1.7412420372164832,1.716363219187135,1.7382236358122225
2018-05-11,47.372501373291016,47.51499938964844,46.86249923706055,47.147499084472656,104848800,1.733193106371469,1.738406607294212,1.7145339230662837,1.7249610644781175
2018-05-14,47.252498626708984,47.38249969482422,46.96500015258789,47.037498474121094,83115200,1.728802628201809,1.7335589097691,1.7182840708321545,1.7209365292724363
2018-05-15,46.69499969482422,46.76750183105469,46.275001525878906,46.61000061035156,94780800,1.7084057042999414,1.711058302306571,1.6930394494051753,1.7052958869378598
2018-05-16,46.51750183105469,47.1150016784668,46.5,47.04499816894531,76732400,1.701911682135968,1.7237720987610556,1.701271351732179,1.7212109167122467
2018-05-17,47.0,47.227500915527344,46.59000015258789,46.747501373291016,69176000,1.719564592073385,1.7278880499245575,1.70456414057625,1.7103265559449612
2018-05-18,46.79750061035156,46.95249938964844,46.532501220703125,46.57749938964844,73190800,1.7121558520658122,1.717826711910355,1.7024604570155886,1.7041067816544502
2018-05-21,47.0,47.317501068115234,46.727500915527344,46.907501220703125,73603200,1.719564592073385,1.7311808387686285,1.709594809583351,1.7161803872714934
2018-05-22,47.095001220703125,47.220001220703125,46.69499969482422,46.790000915527344,60962800,1.7230403523994455,1.7276136624847471,1.7084057042999414,1.7118814646260019
2018-05-23,46.587501525878906,47.125,46.439998626708984,47.09000015258789,80233600,1.704472724618429,1.7241379021586867,1.6990761126473488,1.722857380917456
2018-05-24,47.192501068115234,47.209999084472656,46.5525016784668,47.037498474121094,92936000,1.726607528683327,1.7272477195207683,1.7031922033771987,1.7209365292724363
2018-05-25,47.057498931884766,47.412498474121094,46.912498474121094,47.14500045776367,69844000,1.7216682756340465,1.7346564595283411,1.716363219187135,1.7248696485202966
2018-05-29,46.900001525878906,47.1875,46.717498779296875,46.974998474121094,90056400,1.715905999831683,1.7264245572013375,1.7092288666193722,1.7186498742297858
2018-05-30,46.93000030517578,47.0,46.69499969482422,46.875,74762000,1.7170035495909242,1.719564592073385,1.7084057042999414,1.7149912819880835
2018-05-31,46.80500030517578,47.057498931884766,46.53499984741211,46.717498779296875,109931200,1.7124302395056226,1.7216682756340465,1.7025518729734095,1.7092288666193722
2018-06-01,46.997501373291016,47.564998626708984,46.9375,47.560001373291016,93770000,1.7194731761155644,1.740235903415063,1.7172779370307343,1.7400530714994213
2018-06-04,47.90999984741211,48.35499954223633,47.837501525878906,47.95750045776367,105064800,1.7528582839117266,1.7691392566500923,1.7502058254714448,1.7545961640747567
2018-06-05,48.26750183105469,48.48500061035156,48.09000015258789,48.32749938964844,86264000,1.7659380233301898,1.7738955382173833,1.7594438615998687,1.768133122848672
2018-06-06,48.407501220703125,48.52000045776367,47.97999954223633,48.494998931884766,83734400,1.7710601082951118,1.7751760594586137,1.7554193263941875,1.7742613416150144
2018-06-07,48.53499984741211,48.54999923706055,48.084999084472656,48.3650016784668,85388800,1.7757248343382344,1.7762736092178548,1.7592608901178792,1.7695051996140712
2018-06-08,47.79249954223633,48.0,47.442501068115234,47.92499923706055,106627200,1.7485593612662351,1.7561510727557976,1.73575414885393,1.753407058791347
2018-06-11,47.837501525878906,47.99250030517578,47.5525016784668,47.807498931884766,73234000,1.7502058254714448,1.7558766853159873,1.739778684059611,1.7491081361458558
2018-06-12,47.84749984741211,48.15250015258789,47.787498474121094,48.06999969482422,67644400,1.7505716288690758,1.7617305166425195,1.7483763897842457,1.7587121152382585
2018-06-13,48.10499954223633,48.220001220703125,47.61000061035156,47.67499923706055,86553600,1.7599926364794891,1.7642001431671597,1.7418823676202724,1.7442604386207439
2018-06-14,47.88750076293945,47.89250183105469,47.55500030517578,47.70000076293945,86440400,1.7520351215922958,1.7522180930742852,1.739870100017432,1.7451751564643434
2018-06-15,47.50749969482422,47.540000915527344,47.064998626708984,47.209999084472656,246876800,1.7381322198544016,1.7393213251378112,1.7219426630738568,1.7272477195207683
2018-06-18,46.970001220703125,47.30500030517578,46.79999923706055,47.185001373291016,73939600,1.718467042314144,1.7307234798468287,1.7122472680236331,1.7263331412435166
2018-06-19,46.28499984741211,46.58250045776367,45.86249923706055,46.42250061035156,134314000,1.6934052528028063,1.7042897531364396,1.6779474423838714,1.6984359218099077
2018-06-20,46.587501525878906,46.79999923706055,46.432498931884766,46.625,82514800,1.704472724618429,1.7122472680236331,1.6988017252075387,1.7058446618174805
2018-06-21,46.8125,47.087501525878906,46.23500061035156,46.3650016784668,102847600,1.7127046269454327,1.7227659649596354,1.6915759566819553,1.6963322382492463
2018-06-22,46.529998779296875,46.537498474121094,46.17499923706055,46.22999954223633,108801600,1.7023689014914198,1.7026432889312302,1.6893807175971252,1.6913929851999658
2018-06-25,45.849998474121094,46.22999954223633,45.182498931884766,45.54249954223633,126652400,1.6774900834620716,1.6913929851999658,1.6530686243545232,1.6662397797308073
2018-06-26,45.747501373291016,46.63249969482422,45.6349983215332,46.10749816894531,98276800,1.6737400752625486,1.7061190492572906,1.669623984532699,1.686911091072485
2018-06-27,46.307498931884766,46.81999969482422,46.00749969482422,46.040000915527344,101141200,1.694228415122237,1.712979014385243,1.6832524988307829,1.6844416041141925
2018-06-28,46.025001525878906,46.5525016784668,45.95000076293945,46.375,69460800,1.683892829234572,1.7031922033771987,1.6811488152701215,1.6966980416468773
2018-06-29,46.5724983215332,46.79750061035156,45.727500915527344,46.27750015258789,90950800,1.7039238101724608,1.7121558520658122,1.6730083289009388,1.693130865362996
2018-07-02,45.95500183105469,46.82500076293945,45.85499954223633,46.79499816894531,70925200,1.6813317867521111,1.7131619858672325,1.677673054944061,1.7120642965416435
2018-07-03,46.9474983215332,46.98749923706055,45.8849983215332,45.97999954223633,55819200,1.7176437404283653,1.7191072331515853,1.6787706047033022,1.6822463650293626
2018-07-05,46.314998626708984,46.602500915527344,46.06999969482422,46.349998474121094,66416800,1.6945028025620474,1.7050214994980497,1.6855391538734337,1.6957833238032778
2018-07-06,46.35499954223633,47.10749816894531,46.29999923706055,46.99250030517578,69940800,1.6959662952852674,1.7234975717548975,1.6939540276824268,1.7192902046335747
2018-07-09,47.375,47.66999816894531,47.32500076293945,47.64500045776367,79026400,1.7332845223292899,1.7440774671387544,1.7314552262084386,1.743162888861503
2018-07-10,47.6775016784668,47.81999969482422,47.54499816894531,47.587501525878906,63756400,1.7443519941449126,1.7495654950676556,1.7395041570534528,1.7410592053008416
2018-07-11,47.125,47.44499969482422,46.90250015258789,46.970001220703125,75326000,1.7241379021586867,1.7358455648117508,1.7159974157895037,1.718467042314144
2018-07-12,47.38249969482422,47.852500915527344,47.32749938964844,47.75749969482422,72164400,1.7335589097691,1.7507546003510652,1.7315466421662595,1.7472788400250048
2018-07-13,47.77000045776367,47.959999084472656,47.724998474121094,47.83250045776367,50055600,1.7477361989468043,1.7546875800325776,1.746089734741595,1.7500228539894551
2018-07-16,47.880001068115234,48.162498474121094,47.60499954223633,47.727500915527344,60172400,1.7517607341524855,1.7620963200401505,1.741699396138283,1.7461812902657636
2018-07-17,47.4375,47.967498779296875,47.29999923706055,47.86249923706055,62138000,1.7355711773719404,1.7549619674723878,1.7305405083648393,1.7511204037486963
2018-07-18,47.94499969482422,47.95000076293945,47.48249816894531,47.599998474121094,65573600,1.754138805152957,1.7543217766349466,1.737217502010802,1.7415164246562935
2018-07-19,47.42250061035156,48.13750076293945,47.42250061035156,47.970001220703125,81147200,1.73502240249232,1.7611817417628988,1.73502240249232,1.7550535229965565
2018-07-20,47.94499969482422,48.10749816894531,47.54249954223633,47.86000061035156,82704800,1.754138805152957,1.76008405243731,1.7394127410956322,1.7510289877908756
2018-07-23,47.66999816894531,47.9900016784668,47.38999938964844,47.90250015258789,63957600,1.7440774671387544,1.7557852693581664,1.7338332972089103,1.7525838964719163
2018-07-24,48.11249923706055,48.415000915527344,48.01250076293945,48.25,74791600,1.7602670239192995,1.7713344957349222,1.7566084316775972,1.7652976929264006
2018-07-25,48.26499938964844,48.712501525878906,48.10749816894531,48.70500183105469,66839600,1.7658464678060213,1.7822189960685555,1.76008405243731,1.7819446086287454
2018-07-26,48.65250015258789,48.9900016784668,48.40250015258789,48.5525016784668,76304000,1.7800237569837256,1.792371750040579,1.7708771368131224,1.7763651647420236
2018-07-27,48.747501373291016,48.79750061035156,47.525001525878906,47.744998931884766,96096000,1.783499517309786,1.785328813430637,1.7387725502581908,1.746821481103205
2018-07-30,47.974998474121094,48.04999923706055,47.26750183105469,47.477500915527344,84118000,1.755236354912198,1.7579803688766487,1.7293515426477775,1.7370346700951604
2018-07-31,47.57500076293945,48.03499984741211,47.334999084472656,47.5724983215332,157492000,1.7406018463790418,1.757431593997028,1.7318210296060699,1.7405102908548733
2018-08-01,49.782501220703125,50.439998626708984,49.32749938964844,50.375,271742800,1.821366519233429,1.8454220353769988,1.8047196035310844,1.843043964376527
2018-08-02,50.14500045776367,52.095001220703125,50.087501525878906,51.84749984741211,249616000,1.834629090567534,1.9059727558115078,1.8325254070068726,1.8969175515987255
2018-08-03,51.75749969482422,52.185001373291016,51.369998931884766,51.997501373291016,133789600,1.8936247627546545,1.9092655446555789,1.8794474735769502,1.9024055795276265
2018-08-06,52.0,52.3125,51.76750183105469,52.26750183105469,101701600,1.9024969954854474,1.9139302706987011,1.8939907057186334,1.9122839460598395
2018-08-07,52.33000183105469,52.375,51.689998626708984,51.77750015258789,102349600,1.9145706011024903,1.916216925741352,1.8911551362300143,1.8943565091162644
2018-08-08,51.51250076293945,51.95249938964844,51.130001068115234,51.8125,90102000,1.8846611140660408,1.900759115322417,1.8706667963703258,1.895637030357495
2018-08-09,52.38249969482422,52.44499969482422,51.79999923706055,52.220001220703125,93970400,1.9164913131811623,1.918777968223813,1.8951796714356952,1.9105460658968094
2018-08-10,51.84000015258789,52.275001525878906,51.66749954223633,51.88249969482422,98444800,1.8966431641589152,1.9125583334996499,1.8903319739105835,1.8981980728399561
2018-08-13,52.32749938964844,52.73749923706055,51.92499923706055,52.217498779296875,103563600,1.9144790455783218,1.929479497075457,1.8997529815209968,1.9104545103726407
2018-08-14,52.540000915527344,52.63999938964844,52.064998626708984,52.4375,82992000,1.9222537285498735,1.9259123207915756,1.9048750664859189,1.9185035807840027
2018-08-15,52.30500030517578,52.685001373291016,52.08250045776367,52.560001373291016,115230400,1.913655883258891,1.927558784996785,1.905515396889708,1.9229854749114836
2018-08-16,52.9375,53.45249938964844,52.86750030517578,53.33000183105469,114001600,1.9367968211252091,1.9556388363460357,1.934235778642748,1.9511570817849029
2018-08-17,53.36000061035156,54.48749923706055,53.290000915527344,54.39500045776367,141708000,1.952254631544144,1.9935058382696786,1.9496935890616829,1.990121633467787
2018-08-20,54.525001525878906,54.79499816894531,53.77750015258789,53.8650016784668,121150800,1.994877915035078,2.004756142000943,1.9675294704810893,1.9707308433673396
2018-08-21,54.20000076293945,54.29750061035156,53.50749969482422,53.7599983215332,104639200,1.9829872809000244,1.9865544571839056,1.9576511039488762,1.9668891400773003
2018-08-22,53.525001525878906,54.09000015258789,53.459999084472656,53.76250076293945,76072400,1.9582914343526654,1.9789627456943433,1.955913223785846,1.9669806956014688
2018-08-23,53.662498474121094,54.26250076293945,53.650001525878906,53.872501373291016,75532800,1.963321963793419,1.985273935942675,1.962864744437967,1.97100523080715
2018-08-24,54.150001525878906,54.224998474121094,53.77750015258789,54.040000915527344,73905600,1.9811579847791732,1.983901859177276,1.9675294704810893,1.9771334495734922
2018-08-27,54.287498474121094,54.685001373291016,54.08250045776367,54.48500061035156,82100400,1.9861885142199267,2.00073174636161,1.978688358254533,1.993414422311858
2018-08-28,54.752498626708984,55.1349983215332,54.72999954223633,54.92499923706055,91107200,2.0032012333199023,2.017195551015617,2.0023780710004715,2.0095124235682342
2018-08-29,55.037498474121094,55.872501373291016,54.852500915527344,55.744998931884766,109019200,2.013628374731736,2.044178192171975,2.006859965127952,2.0395133265625045
2018-08-30,55.8125,57.064998626708984,55.599998474121094,56.25749969482422,195175200,2.0419829530871447,2.087807469897981,2.034208270115593,2.0582639258255107
2018-08-31,56.627498626708984,57.217498779296875,56.5,56.907501220703125,173360400,2.071800884599426,2.093386913784703,2.0671361585563033,2.0820451940956177
2018-09-04,57.102500915527344,57.29499816894531,56.657501220703125,57.09000015258789,109560400,2.0891795466633805,2.0962223437069745,2.0728985739250145,2.0887221877415807
2018-09-05,57.247501373291016,57.41749954223633,56.275001525878906,56.717498779296875,133332000,2.094484603110292,2.100704237834455,2.0589042562292996,2.075093673443497
2018-09-06,56.557498931884766,56.837501525878906,55.32500076293945,55.775001525878906,137160000,2.0692398421169647,2.0794841516131566,2.024147071667738,2.0406110158880937
2018-09-07,55.462501525878906,56.342498779296875,55.1775016784668,55.32500076293945,150479200,2.0291777406748395,2.061373743187592,2.018750599263006,2.024147071667738
2018-09-10,55.23749923706055,55.462501525878906,54.11750030517578,54.58250045776367,158066000,2.020945698781488,2.0291777406748395,1.9799688794957635,1.9969815985957393
2018-09-11,54.502498626708984,56.07500076293945,54.13999938964844,55.962501525878906,142996000,1.9940546131492993,2.0515869321795477,1.9807920418151943,2.047470981016046
2018-09-12,56.23500061035156,56.25,54.959999084472656,55.26750183105469,197114800,2.05744076350608,2.0579895383857,2.010792944809465,2.022043388107077
2018-09-13,55.880001068115234,57.087501525878906,55.64250183105469,56.602500915527344,166825600,2.044452579611785,2.0886307717837598,2.0357633183629815,2.070886306322174
2018-09-14,56.4375,56.709999084472656,55.630001068115234,55.959999084472656,127997200,2.0648495035136527,2.0748192860036867,2.0353059594411818,2.047379425491877
2018-09-17,55.537498474121094,55.73749923706055,54.317501068115234,54.470001220703125,148780400,2.0319216150729424,2.0392389391226944,1.9872862035455157,1.9928656474322375
2018-09-18,54.4474983215332,55.462501525878906,54.279998779296875,54.560001373291016,126286800,1.9920423455464589,2.0291777406748395,1.9859141267801164,1.9961584362763085
2018-09-19,54.625,54.904998779296875,53.82500076293945,54.592498779296875,108495200,1.99853650727678,2.0087806772066243,1.9692673506441196,1.9973474019933704
2018-09-20,55.060001373291016,55.56999969482422,54.787498474121094,55.00749969482422,106435200,2.0144516766175147,2.033110720356352,2.004481754561133,2.012530824972495
2018-09-21,55.19499969482422,55.34000015258789,54.3224983215332,54.415000915527344,384986800,2.0193907901004473,2.024695846547359,1.9874690354611573,1.9908533798293968
2018-09-24,54.20500183105469,55.314998626708984,54.157501220703125,55.1974983215332,110773600,1.9831702523820138,2.0237811287037593,1.9814323722189835,2.0194822060582682
2018-09-25,54.9375,55.70500183105469,54.92499923706055,55.54750061035156,98217600,2.009969782490034,2.0380499734056325,2.0095124235682342,2.0322875580369213
2018-09-26,55.25,55.9375,54.939998626708984,55.10499954223633,95938800,2.0214030577032878,2.0465562631724463,2.010061198447855,2.0160980012563763
2018-09-27,55.95500183105469,56.61000061035156,55.8849983215332,56.23749923706055,120724800,2.0471965935762357,2.071160693761984,2.044635411527427,2.0575321794639003
2018-09-28,56.1974983215332,56.459999084472656,56.005001068115234,56.435001373291016,91717600,2.0560686867406806,2.0656726658330835,2.0490258896970865,2.064758087555832
2018-10-01,56.98749923706055,57.35499954223633,56.587501525878906,56.814998626708984,94403200,2.08497203997571,2.098417582791804,2.0703375314425534,2.078660849727378
2018-10-02,56.8125,57.5,56.657501220703125,57.31999969482422,99152800,2.078569433769557,2.1037226392387156,2.0728985739250145,2.0971370615505736
2018-10-03,57.51250076293945,58.36750030517578,57.44499969482422,58.01750183105469,114619200,2.1041799981605154,2.1354614223960167,2.101710371635875,2.1226562099837114
2018-10-04,57.69499969482422,58.087501525878906,56.682498931884766,56.997501373291016,128168000,2.1108569918064783,2.125217252466172,2.0738131522022663,2.0853379829396888
2018-10-05,56.9900016784668,57.102500915527344,55.14500045776367,56.0724983215332,134322000,2.0850635954998786,2.0891795466633805,2.017561493979596,2.051495376655379
2018-10-08,55.5525016784668,56.20000076293945,55.04999923706055,55.942501068115234,118655600,2.0324705295189105,2.0561602422648493,2.014085733653536,2.046739234654436
2018-10-09,55.90999984741211,56.817501068115234,55.5625,56.717498779296875,107564000,2.0455501293710263,2.0787524052515467,2.0328363329165415,2.075093673443497
2018-10-10,56.3650016784668,56.587501525878906,54.01250076293945,54.09000015258789,167962400,2.0621970450733706,2.0703375314425534,1.976127315772072,1.9789627456943433
2018-10-11,53.630001068115234,54.875,53.08000183105469,53.61249923706055,212497600,1.962132998076357,2.007683127447383,1.9420104616142997,1.961492667672568
2018-10-12,55.10499954223633,55.720001220703125,54.209999084472656,55.52750015258789,161351600,2.0160980012563763,2.038598748285253,1.9833530842976554,2.031555811675311
2018-10-15,55.290000915527344,55.45750045776367,54.317501068115234,54.34000015258789,123164000,2.022866550426508,2.0289947691928503,1.9872862035455157,1.9881093658649465
2018-10-16,54.73249816894531,55.747501373291016,54.189998626708984,55.537498474121094,116736000,2.0024694869582924,2.0396048820866732,1.9826213379360453,2.0319216150729424
2018-10-17,55.57500076293945,55.65999984741211,54.834999084472656,55.29750061035156,91541600,2.0332936918383413,2.036403509200423,2.006219634724163,2.023140937866318
2018-10-18,54.46500015258789,54.935001373291016,53.25,54.005001068115234,130325200,1.9926826759502478,2.009878366532213,1.948230096338463,1.9758529283322617
2018-10-19,54.51499938964844,55.314998626708984,54.35749816894531,54.82749938964844,132314800,1.994511972071099,2.0237811287037593,1.9887495567023878,2.005945247284353
2018-10-22,54.9474983215332,55.84000015258789,54.73500061035156,55.162498474121094,115168400,2.010335585887665,2.042989086888565,2.002561042482461,2.0182016848170377
2018-10-23,53.95750045776367,55.8125,53.67499923706055,55.682498931884766,155071200,1.9741150481692316,2.0419829530871447,1.9637793227152187,2.037226671519854
2018-10-24,55.650001525878906,56.057498931884766,53.6349983215332,53.772499084472656,163702000,2.036037705802792,2.0509466017757583,1.9623158299919987,1.9673464989990999
2018-10-25,54.4275016784668,55.345001220703125,54.1875,54.95000076293945,119423200,1.9913107387511966,2.0248788180293484,1.9825299219782246,2.0104271414118338
2018-10-26,53.974998474121094,55.04750061035156,53.16749954223633,54.07500076293945,189033600,1.9747552390066727,2.013994317695715,1.9452116949342022,1.9784139708147228
2018-10-29,54.79750061035156,54.92250061035156,51.522499084472656,53.060001373291016,183742000,2.0048476975251117,2.0094210076104133,1.885026917463672,1.9412787152526898
2018-10-30,52.787498474121094,53.79499816894531,52.317501068115234,53.32500076293945,146640000,1.931308793196308,1.9681696613185307,1.9141132421806908,1.9509741103029135
2018-10-31,54.220001220703125,55.11249923706055,54.154998779296875,54.71500015258789,153435600,1.9837190272616343,2.0163723886961864,1.9813408166948148,2.0018292961208513
2018-11-01,54.76250076293945,55.59000015258789,54.20249938964844,55.55500030517578,233292800,2.003567176283881,2.033842466717962,1.983078696857845,2.0325619454767314
2018-11-02,52.38750076293945,53.412498474121094,51.35749816894531,51.869998931884766,365314800,1.9166742846631517,1.9541753436228158,1.8789901146551504,1.8977407139181564
2018-11-05,51.07500076293945,51.09749984741211,49.54249954223633,50.397499084472656,264654800,1.8686545287674854,1.8694776910869162,1.812585702460457,1.8438671266959579
2018-11-06,50.47999954223633,51.18000030517578,50.42250061035156,50.942501068115234,127531600,1.8468855281002188,1.8724960924911769,1.8447818445395574,1.8638068312423737
2018-11-07,51.49250030517578,52.51499938964844,51.032501220703125,52.48749923706055,133697600,1.8839293677044309,1.921339010706274,1.8670996200864447,1.9203328769048538
2018-11-08,52.494998931884766,52.529998779296875,51.6875,52.122501373291016,101450400,1.9206072643446641,1.9218877855858947,1.8910637202721934,1.906978889612928
2018-11-09,51.38750076293945,51.502498626708984,50.5625,51.11750030517578,137463200,1.8800878039807394,1.884295171102062,1.8499039295044795,1.870209437448526
2018-11-12,49.75,49.962501525878906,48.4474983215332,48.54249954223633,204542000,1.8201774139500193,1.827952096921571,1.772523461451984,1.7759992217780445
2018-11-13,47.907501220703125,49.29499816894531,47.86249923706055,48.057498931884766,187531600,1.7527668679539057,1.8035304982476748,1.7511204037486963,1.7582547563164588
2018-11-14,48.474998474121094,48.619998931884766,46.48249816894531,46.70000076293945,243204000,1.7735295952534043,1.778834651700316,1.7006310213283897,1.7085886757819309
2018-11-15,47.09749984741211,47.99250030517578,46.724998474121094,47.852500915527344,185915200,1.7231317683572664,1.7558766853159873,1.7095032540591826,1.7507546003510652
2018-11-16,47.625,48.74250030517578,47.3650016784668,48.38249969482422,147713200,1.7424311424998928,1.7833165458277966,1.7329187189316586,1.7701453904515125
2018-11-19,47.5,47.67499923706055,46.247501373291016,46.46500015258789,167701200,1.7378578324145912,1.7442604386207439,1.692033315603755,1.6999908304909483
2018-11-20,44.592498779296875,45.36750030517578,43.877498626708984,44.244998931884766,271300800,1.6314825951692458,1.6598371735246547,1.605323255898667,1.6187687987147614
2018-11-21,44.932498931884766,45.067501068115234,44.13750076293945,44.19499969482422,124496800,1.64392200418392,1.6488612572332004,1.614835819033249,1.6169395025939104
2018-11-23,43.73500061035156,44.150001525878906,43.025001525878906,43.0724983215332,94496000,1.600109754975924,1.6152931779550488,1.5741333871873346,1.5758711277840172
2018-11-26,43.560001373291016,43.73749923706055,42.564998626708984,43.654998779296875,179994000,1.5937071487697716,1.600201170933745,1.5573035000030007,1.5971827695294842
2018-11-27,42.877498626708984,43.692501068115234,42.720001220703125,43.560001373291016,165549600,1.5687367752162547,1.5985548462948833,1.5629744994138912,1.5937071487697716
2018-11-28,44.182498931884766,45.3224983215332,43.73249816894531,45.23500061035156,184250000,1.6164821436721106,1.6581907093194452,1.6000181994517555,1.6549894759995427
2018-11-29,45.665000915527344,45.70000076293945,44.42499923706055,44.88750076293945,167080000,1.670721673858288,1.6720021950995185,1.6253543764029035,1.6422756795450584
2018-11-30,45.0724983215332,45.08250045776367,44.25749969482422,44.64500045776367,158126000,1.649044089148842,1.649410032112821,1.6192261576365612,1.6334034468142655
2018-12-03,46.1150016784668,46.23500061035156,45.3025016784668,46.20500183105469,163210000,1.687185618078643,1.6915759566819553,1.657459102524183,1.6904784069227141
2018-12-04,45.23749923706055,45.59749984741211,44.067501068115234,44.17250061035156,165377200,1.6550808919573636,1.6682520473336477,1.6122747765507879,1.6161163402744796
2018-12-06,42.939998626708984,43.69499969482422,42.60499954223633,43.68000030517578,172393600,1.5710234302589055,1.5986462622527042,1.5587669927262207,1.5980974873730835
2018-12-07,43.372501373291016,43.622501373291016,42.07500076293945,42.122501373291016,169126400,1.5868471836418192,1.5959938038124222,1.5393762026257733,1.5411140827888037
2018-12-10,41.25,42.522499084472656,40.83250045776367,42.400001525878906,248104000,1.5091923281495134,1.55574859132196,1.493917489212568,1.5512668367608269
2018-12-11,42.915000915527344,42.9474983215332,41.75,42.157501220703125,189126800,1.5701088519816537,1.5712978176987156,1.5274855684907198,1.542394604030034
2018-12-12,42.599998474121094,42.97999954223633,42.255001068115234,42.275001525878906,142510800,1.5585840212442312,1.5724869229821252,1.5459617803139154,1.5466935266755255
2018-12-13,42.622501373291016,43.14250183105469,42.38750076293945,42.73749923706055,127594400,1.5594073231300098,1.5784323098328261,1.5508094778390273,1.5636146902513324
2018-12-14,42.25,42.27000045776367,41.31999969482422,41.369998931884766,162814800,1.545778808831926,1.5465105551935359,1.5117533706319746,1.5135826667528256
2018-12-17,41.36249923706055,42.087501525878906,40.682498931884766,40.98500061035156,177151600,1.5133082793130153,1.5398335615475731,1.488429461283667,1.4994969330992898
2018-12-18,41.345001220703125,41.88249969482422,41.09749984741211,41.51750183105469,135366000,1.512668088475574,1.5323332660158315,1.5036128842627916,1.5189792787239058
2018-12-19,41.5,41.86249923706055,39.772499084472656,40.22249984741211,196189200,1.5183389483201166,1.5316015196542216,1.4551357694453257,1.4715997136656809
2018-12-20,40.099998474121094,40.52750015258789,38.82500076293945,39.20750045776367,259092000,1.4671178195382,1.4827586014391245,1.420470140407933,1.4344644581036479
2018-12-21,39.21500015258789,39.540000915527344,37.407501220703125,37.682498931884766,382978400,1.4347388455434582,1.4466294796785117,1.368608820788575,1.3786700192364296
2018-12-24,37.037498474121094,37.88750076293945,36.647499084472656,36.70750045776367,148676800,1.355071722448312,1.3861703147681712,1.3408030173127867,1.3429982563976166
2018-12-26,37.07500076293945,39.307498931884766,36.68000030517578,39.29249954223633,234330000,1.356443799213711,1.43812305034535,1.3419921225961964,1.4375742754657295
2018-12-27,38.959999084472656,39.192501068115234,37.51750183105469,39.037498474121094,212468400,1.4254092538908656,1.4339156832240274,1.372633355994256,1.4282446838131369
2018-12-28,39.375,39.630001068115234,38.63750076293945,39.057498931884766,169165600,1.4405926768699902,1.4499222685225828,1.4136101752799806,1.4289764301747467
2018-12-31,39.63249969482422,39.84000015258789,39.119998931884766,39.435001373291016,140014000,1.4500136844804035,1.457605395969966,1.4312630852173975,1.44278791595482
2019-01-02,38.72249984741211,39.712501525878906,38.557498931884766,39.47999954223633,148158800,1.4167199926420622,1.4529406699268435,1.4106831898335406,1.4444342405936816
2019-01-03,35.994998931884766,36.43000030517578,35.5,35.54750061035156,365248800,1.3169303330848587,1.3328455024255934,1.298820064225642,1.3005579443886721
2019-01-04,36.13249969482422,37.13750076293945,35.95000076293945,37.064998626708984,234428400,1.3219610020919599,1.3587304542563619,1.3152840084459971,1.3560778562497322
2019-01-07,37.17499923706055,37.20750045776367,36.474998474121094,36.98249816894531,219111200,1.3601023914554131,1.361291496738823,1.334491827064455,1.3530594548454715
2019-01-08,37.38999938964844,37.95500183105469,37.130001068115234,37.6875,164101200,1.3679684903847857,1.3886399412928114,1.3584560668165515,1.3788529907184193
2019-01-09,37.8224983215332,38.63249969482422,37.407501220703125,38.32749938964844,180396400,1.383792104201352,1.4134272037979911,1.368608820788575,1.4022683160245475
2019-01-10,38.125,38.49250030517578,37.71500015258789,38.45000076293945,143122800,1.3948595760169746,1.408305118833069,1.3798591245198395,1.4067502101520282
2019-01-11,38.220001220703125,38.42499923706055,37.877498626708984,38.0724983215332,108092800,1.398335336343035,1.4058354923084289,1.3858043718041924,1.3929387243719549
2019-01-14,37.712501525878906,37.817501068115234,37.30500030517578,37.5,129756800,1.3797677085620186,1.38360927228571,1.3648586730227041,1.3719930255904669
2019-01-15,37.567501068115234,38.34749984741211,37.51250076293945,38.26750183105469,114843600,1.374462652115107,1.4030000623861574,1.3724503845122666,1.4000732165060654
2019-01-16,38.27000045776367,38.970001220703125,38.25,38.73500061035156,122278800,1.4001646324638861,1.4257751968548444,1.3994328861022762,1.417177351563862
2019-01-17,38.54999923706055,39.415000915527344,38.314998626708984,38.96500015258789,119284800,1.4104088023937305,1.4420561695932101,1.4018109571027477,1.425592225372855
2019-01-18,39.375,39.470001220703125,38.994998931884766,39.20500183105469,135004000,1.4405926768699902,1.4440684371960506,1.4266897751320962,1.434373042145827
2019-01-22,39.102500915527344,39.182498931884766,38.154998779296875,38.32500076293945,121576000,1.4306228943799562,1.4335497402600483,1.3959571257762158,1.4021769000667266
2019-01-23,38.537498474121094,38.78499984741211,37.92499923706055,38.47999954223633,92522400,1.4099514434719307,1.419006647684713,1.3875422519672225,1.4078477599112693
2019-01-24,38.52750015258789,38.619998931884766,37.935001373291016,38.17499923706055,101766000,1.4095856400742997,1.4129698448761914,1.3879081949312015,1.3966888721378257
2019-01-25,38.869998931884766,39.532501220703125,38.58000183105469,39.439998626708984,134142000,1.4221164650467946,1.4463550922387014,1.4115064917193192,1.4429707478704619
2019-01-28,38.9474983215332,39.08250045776367,38.415000915527344,39.07500076293945,104768400,1.4249518949690658,1.4298911480183463,1.4054696889107976,1.429616760578536
2019-01-29,39.0625,39.532501220703125,38.52750015258789,38.66999816894531,166348800,1.4291594016567364,1.4463550922387014,1.4095856400742997,1.4147991409970424
2019-01-30,40.8125,41.537498474121094,40.057498931884766,41.3125,244439200,1.493185742850958,1.5197108855191679,1.4655629108571593,1.5114789831921642
2019-01-31,41.52750015258789,42.25,41.13999938964844,41.61000061035156,162958400,1.5193450821215368,1.545778808831926,1.5051677929438325,1.5223634835257978
2019-02-01,41.7400016784668,42.244998931884766,41.48249816894531,41.630001068115234,130672400,1.5271197650930886,1.5455958373499366,1.5176986179163274,1.5230952298874076
2019-02-04,41.852500915527344,42.915000915527344,41.81999969482422,42.8125,125982000,1.5312357162565906,1.5701088519816537,1.5300466109731807,1.566358704215783
2019-02-05,43.21500015258789,43.77000045776367,43.087501525878906,43.54499816894531,144406400,1.581084768273108,1.6013902762171546,1.5764200422299854,1.593158234323803
2019-02-06,43.662498474121094,43.89250183105469,43.212501525878906,43.560001373291016,112958400,1.5974571569692944,1.6058721703446355,1.580993352315287,1.5937071487697716
2019-02-07,43.099998474121094,43.48500061035156,42.584999084472656,42.73500061035156,126966800,1.5768772615854374,1.590963134805321,1.5580352463646108,1.5635232742935117
2019-02-08,42.247501373291016,42.665000915527344,42.10499954223633,42.602500915527344,95280000,1.545687392874105,1.5609622318110505,1.5404737523850145,1.5586755767683997
2019-02-11,42.76250076293945,42.8025016784668,42.3125,42.35749816894531,83973600,1.564529408094932,1.565992900818152,1.5480654638745768,1.5497117885134384
2019-02-12,42.525001525878906,42.75,42.42499923706055,42.72249984741211,89134000,1.5558401468461285,1.5640720491731321,1.5521814150380786,1.563065915371712
2019-02-13,42.84749984741211,43.119998931884766,42.47999954223633,42.54499816894531,89960800,1.5676392254570135,1.5776090079470475,1.554193682640919,1.5565717536413908
2019-02-14,42.4275016784668,42.814998626708984,42.345001220703125,42.70000076293945,87342800,1.5522729705622471,1.5664501201736039,1.5492545691579864,1.562242753052281
2019-02-15,42.8125,42.92499923706055,42.4375,42.60499954223633,98507200,1.566358704215783,1.5704746553792848,1.5526387739598784,1.5587669927262207
2019-02-19,42.4275016784668,42.86000061035156,42.372501373291016,42.73249816894531,75891200,1.5522729705622471,1.5680965843788133,1.5502607029594067,1.563431718769343
2019-02-20,42.79750061035156,43.33000183105469,42.747501373291016,43.00749969482422,104457600,1.5658099293361625,1.5852922749607783,1.5639806332153114,1.5734930567835457
2019-02-21,42.95000076293945,43.092498779296875,42.57500076293945,42.76499938964844,68998800,1.5713893732228843,1.576602874145627,1.5576694429669795,1.5646208240527528
2019-02-22,42.89500045776367,43.25,42.845001220703125,43.24250030517578,75652800,1.5693771056200438,1.5823652895143385,1.5675478094991926,1.5820909020745282
2019-02-25,43.540000915527344,43.967498779296875,43.48749923706055,43.557498931884766,87493600,1.5929754024081615,1.608616044742738,1.5910545507631417,1.5936155932456029
2019-02-26,43.4275016784668,43.82500076293945,43.29249954223633,43.58250045776367,68280800,1.5888594512446597,1.603402543819995,1.5839201981953792,1.5945303110892024
2019-02-27,43.3025016784668,43.75,43.182498931884766,43.717498779296875,111341600,1.584286141159358,1.6006585298555447,1.579895662989698,1.599469424572135
2019-02-28,43.58000183105469,43.727500915527344,43.22999954223633,43.287498474121094,112861600,1.5944388951313815,1.5998353675361139,1.5816335431527284,1.5837372267133898
2019-03-01,43.56999969482422,43.787498474121094,43.22249984741211,43.74250030517578,103544800,1.5940729521674026,1.602030467054596,1.581359155712918,1.6003841424157343
2019-03-04,43.92250061035156,44.4375,43.49250030517578,43.962501525878906,109744800,1.6069697201038764,1.6258117353247032,1.5912375222451312,1.6084332128270964
2019-03-05,43.98500061035156,44.0,43.6349983215332,43.88249969482422,78949600,1.6092563751465272,1.6098051500261477,1.5964510231678741,1.6055062273806564
2019-03-06,43.66749954223633,43.872501373291016,43.48500061035156,43.630001068115234,83241600,1.5976401284512838,1.6051404239830254,1.590963134805321,1.5962681912522325
2019-03-07,43.467498779296875,43.61000061035156,43.005001068115234,43.125,99185600,1.5903228044015318,1.5955364448906226,1.5734016408257248,1.577791979429037
2019-03-08,42.58000183105469,43.26750183105469,42.375,43.227500915527344,95997600,1.557852414448969,1.5830056199181275,1.5503521189172276,1.5815421271949077
2019-03-11,43.872501373291016,44.779998779296875,43.837501525878906,44.724998474121094,128044000,1.6051404239830254,1.6383425602971982,1.6038599027417948,1.6363302926943577
2019-03-12,45.0,45.66749954223633,44.842498779296875,45.227500915527344,129870400,1.6463916307085602,1.6708130898161089,1.640629215339849,1.6547150885597326
2019-03-13,45.5625,45.82500076293945,45.22999954223633,45.4275016784668,124130000,1.6669715260924172,1.6765755051848201,1.6548065045175533,1.6620324126094845
2019-03-14,45.974998474121094,46.025001525878906,45.63999938964844,45.932498931884766,94318000,1.6820633935473732,1.683892829234572,1.6698069560146884,1.6805084848663325
2019-03-15,46.212501525878906,46.83250045776367,45.935001373291016,46.529998779296875,156171600,1.6907527943625245,1.7134363733070428,1.680600040390501,1.7023689014914198
2019-03-18,46.45000076293945,47.09749984741211,46.4474983215332,47.005001068115234,104879200,1.6994420556113279,1.7231317683572664,1.6993505000871592,1.7197475635553745
2019-03-19,47.087501525878906,47.247501373291016,46.47999954223633,46.63249969482422,126585600,1.7227659649596354,1.7286197962861674,1.7005396053705688,1.7061190492572906
2019-03-20,46.557498931884766,47.372501373291016,46.182498931884766,47.040000915527344,124140800,1.7033750352928403,1.733193106371469,1.6896551050369355,1.721028084796605
2019-03-21,47.505001068115234,49.08250045776367,47.45249938964844,48.772499084472656,204136800,1.7380408038965809,1.7957559548424709,1.7361199522515611,1.7844140955870378
2019-03-22,48.834999084472656,49.42250061035156,47.69499969482422,47.76250076293945,169630800,1.7867007506296884,1.8081953638571449,1.744992184982354,1.7474618115069942
2019-03-25,47.877498626708984,47.994998931884766,46.650001525878906,47.185001373291016,175381200,1.7516691786283167,1.7559681012738082,1.7067593796610798,1.7263331412435166
2019-03-26,47.915000915527344,48.220001220703125,46.14500045776367,46.6974983215332,199202000,1.753041255393716,1.7642001431671597,1.6882831678378842,1.7084971202577623
2019-03-27,47.1875,47.439998626708984,46.63750076293945,47.11750030517578,119393600,1.7264245572013375,1.7356625933297614,1.70630202073928,1.7238635147188763
2019-03-28,47.23749923706055,47.38999938964844,46.88249969482422,47.18000030517578,83121600,1.7282538533221885,1.7338332972089103,1.7152656694278938,1.7261501697615271
2019-03-29,47.45750045776367,47.52000045776367,47.1349983215332,47.48749923706055,94256000,1.7363029237335506,1.7385895787762013,1.7245037055563177,1.7374004734927917
2019-04-01,47.90999984741211,47.91999816894531,47.095001220703125,47.810001373291016,111448000,1.7528582839117266,1.7532240873093576,1.7230403523994455,1.7491996916700243
2019-04-02,47.772499084472656,48.6150016784668,47.76250076293945,48.505001068115234,91062800,1.7478276149046252,1.7786518197846743,1.7474618115069942,1.7746272845789932
2019-04-03,48.3125,49.125,48.287498474121094,48.837501525878906,93087200,1.7675843479690514,1.7973108635235115,1.766669630125452,1.786792306153857
2019-04-04,48.6974983215332,49.092498779296875,48.28499984741211,48.92250061035156,76457200,1.7816700816225872,1.796121758240102,1.7665782141676312,1.7899021235159387
2019-04-05,49.11249923706055,49.275001525878906,48.98249816894531,49.25,74106400,1.7968535046017118,1.8027988914524125,1.7920972230344208,1.8018841736088131
2019-04-08,49.10499954223633,50.057498931884766,49.084999084472656,50.025001525878906,103526800,1.7965791171619017,1.8314277176812839,1.7958473708002916,1.8302387519642218
2019-04-09,50.08000183105469,50.712501525878906,49.807498931884766,49.875,143072800,1.8322510195670625,1.8553919574333804,1.8222810975106807,1.824750724035321
2019-04-10,49.66999816894531,50.185001373291016,49.54499816894531,50.154998779296875,86781200,1.8172504285035793,1.836092583290754,1.8126771184182777,1.834994893965165
2019-04-11,50.212501525878906,50.25,49.61000061035156,49.73749923706055,83603200,1.8370987170921742,1.8384706542912255,1.8150553289850972,1.8197200550282195
2019-04-12,49.79999923706055,50.03499984741211,49.0525016784668,49.717498779296875,111042800,1.8220067100708703,1.830604555361853,1.7946584050832297,1.8189883086666097
2019-04-15,49.64500045776367,49.962501525878906,49.502498626708984,49.807498931884766,70146400,1.8163358502263278,1.827952096921571,1.811122209737237,1.8222810975106807
2019-04-16,49.8650016784668,50.342498779296875,49.63999938964844,49.8125,102785600,1.8243849206376899,1.8418548590931174,1.8161528787443384,1.82246406899267
2019-04-17,49.8849983215332,50.845001220703125,49.65250015258789,50.782501220703125,115627200,1.825116527432952,1.8602396549584923,1.816610237666138,1.8579529999158415
2019-04-18,50.779998779296875,51.037498474121094,50.630001068115234,50.96500015258789,96783200,1.8578614443916728,1.8672824520020863,1.8523735560291197,1.8646299935618045
2019-04-22,50.70750045776367,51.23500061035156,50.584999084472656,51.13249969482422,77758000,1.855208985951391,1.8745083600940176,1.8507270918239103,1.8707582123281468
2019-04-23,51.10749816894531,51.9375,50.974998474121094,51.869998931884766,93292000,1.8698434944845472,1.9002103404427966,1.8649957969594355,1.8977407139181564
2019-04-24,51.84000015258789,52.119998931884766,51.76250076293945,51.790000915527344,70162400,1.8966431641589152,1.9068873340887595,1.893807734236644,1.8948138680380642
2019-04-25,51.70750045776367,51.939998626708984,51.279998779296875,51.31999969482422,74172800,1.8917954666338035,1.9003017564006175,1.8761546847328792,1.8776181774560992
2019-04-26,51.224998474121094,51.25,50.529998779296875,51.07500076293945,74596400,1.8741424171300385,1.875057134973638,1.8487148242210698,1.8686545287674854
2019-04-29,51.099998474121094,51.49250030517578,50.96500015258789,51.15250015258789,88818800,1.869569107044737,1.8839293677044309,1.8646299935618045,1.8714899586897566
2019-04-30,50.76499938964844,50.849998474121094,49.77750015258789,50.16749954223633,186139600,1.8573126695120523,1.860422486874134,1.8211835477514395,1.8354522528869648
2019-05-01,52.470001220703125,53.82749938964844,52.307498931884766,52.630001068115234,259309200,1.9196926860674124,1.9693587666019405,1.9137472992167117,1.9255465173939446
2019-05-02,52.459999084472656,53.162498474121094,52.032501220703125,52.287498474121094,127985200,1.9193267431034335,1.9450287234522128,1.903686100768857,1.9130155528551018
2019-05-03,52.72249984741211,52.959999084472656,52.557498931884766,52.9375,83569600,1.9289307221958365,1.93761998344464,1.922893919387315,1.9367968211252091
2019-05-06,51.0724983215332,52.209999084472656,50.875,52.119998931884766,129772400,1.8685629732433167,1.9101801229328306,1.8613372047177335,1.9068873340887595
2019-05-07,51.470001220703125,51.85499954223633,50.20750045776367,50.71500015258789,155054800,1.883106205385,1.897191939038536,1.8369157456101848,1.8554833733912013
2019-05-08,50.474998474121094,51.334999084472656,50.4375,50.724998474121094,105358000,1.8467025566182291,1.8781669523357196,1.8453306194191779,1.8558491767888323
2019-05-09,50.099998474121094,50.41999816894531,49.165000915527344,50.18000030517578,139634400,1.8329826263623246,1.8446902890153887,1.7987743562467315,1.8359096118087646
2019-05-10,49.35499954223633,49.712501525878906,48.192501068115234,49.29499816894531,164834800,1.8057257373325046,1.818805476750968,1.7631940093657394,1.8035304982476748
2019-05-13,46.9275016784668,47.369998931884766,45.712501525878906,46.43000030517578,229722400,1.7169121336331032,1.7331015508473002,1.6724595540213183,1.6987103092497178
2019-05-14,46.602500915527344,47.42499923706055,46.352500915527344,47.165000915527344,146118800,1.7050214994980497,1.735113818450141,1.6958748793274465,1.7256013948819067
2019-05-15,46.567501068115234,47.9375,46.505001068115234,47.72999954223633,106178800,1.7037409782568191,1.7538644177131468,1.7014543232141683,1.7462727062235845
2019-05-16,47.477500915527344,48.11750030517578,47.209999084472656,47.52000045776367,132125600,1.7370346700951604,1.7604499954012889,1.7272477195207683,1.7385895787762013
2019-05-17,46.73249816894531,47.724998474121094,46.689998626708984,47.25,131516400,1.709777641498993,1.746089734741595,1.708222732817952,1.7287112122439883
2019-05-20,45.880001068115234,46.087501525878906,45.06999969482422,45.772499084472656,154449200,1.6785877727876606,1.6861794842772229,1.6489526731910213,1.6746546535398004
2019-05-21,46.30500030517578,47.0,46.17499923706055,46.650001525878906,113459200,1.6941369991644162,1.719564592073385,1.6893807175971252,1.7067593796610798
2019-05-22,46.165000915527344,46.4275016784668,45.63750076293945,45.69499969482422,118994400,1.6890149141994941,1.698618893291897,1.6697155400568677,1.671819223617529
2019-05-23,44.95000076293945,45.1349983215332,44.45249938964844,44.915000915527344,146118800,1.6445623345877092,1.6513307441914928,1.6263605102043237,1.6432818133464786
2019-05-24,45.04999923706055,45.53499984741211,44.654998779296875,44.74250030517578,94858800,1.6482209268294112,1.665965392290997,1.6337692502118966,1.636970623098147
2019-05-28,44.72999954223633,45.147499084472656,44.477500915527344,44.557498931884766,111792800,1.6365132641763471,1.6517881031132926,1.6272752280479232,1.6302020739280154
2019-05-29,44.10499954223633,44.837501525878906,44.0,44.345001220703125,113924800,1.6136467137498394,1.6404463834242073,1.6098051500261477,1.6224275305228113
2019-05-30,44.48749923706055,44.807498931884766,44.16749954223633,44.57500076293945,84873600,1.6276410314455543,1.6393486940986184,1.6159333687924902,1.6308424043318044
2019-05-31,44.057498931884766,44.497501373291016,43.747501373291016,43.76750183105469,108174400,1.611908833586809,1.6280069744095331,1.6005671138977238,1.6012988602593339
2019-06-03,43.900001525878906,44.47999954223633,42.567501068115234,43.32500076293945,161584400,1.6061465577844456,1.627366644005744,1.5573950555271694,1.5851093034787889
2019-06-04,43.86000061035156,44.95750045776367,43.630001068115234,44.90999984741211,123872000,1.6046830650612256,1.6448367220275195,1.5962681912522325,1.6430988418644892
2019-06-05,46.06999969482422,46.247501373291016,45.28499984741211,45.6349983215332,119093600,1.6855391538734337,1.692033315603755,1.6568187721203937,1.669623984532699
2019-06-06,45.77000045776367,46.36750030517578,45.537498474121094,46.30500030517578,90105200,1.6745632375819794,1.696423654207067,1.6660568082488179,1.6941369991644162
2019-06-07,46.627498626708984,47.97999954223633,46.442501068115234,47.537498474121094,122737600,1.7059360777753012,1.7554193263941875,1.6991676681715175,1.7392297696136427
2019-06-10,47.95249938964844,48.842498779296875,47.904998779296875,48.14500045776367,104883600,1.7544131925927673,1.7869751380694987,1.7526753124297372,1.761456129202709
2019-06-11,48.71500015258789,49.0,48.400001525878906,48.70249938964844,107731600,1.7823104120263764,1.79273755343821,1.7707857208553017,1.7818530531045766
2019-06-12,48.48749923706055,48.99250030517578,48.34749984741211,48.54750061035156,73012800,1.773986954175204,1.7924631659983998,1.768864869210282,1.7761821932600341
2019-06-13,48.67499923706055,49.1974983215332,48.400001525878906,48.537498474121094,86698400,1.7808469193031564,1.7999633219637934,1.7707857208553017,1.775816250296055
2019-06-14,47.88750076293945,48.397499084472656,47.57500076293945,48.185001373291016,75046000,1.7520351215922958,1.770694165331133,1.7406018463790418,1.762919621925929
2019-06-17,48.224998474121094,48.7400016784668,48.04249954223633,48.47249984741211,58676400,1.7643829750828013,1.7832251298699757,1.7577059814368383,1.7734381792955836
2019-06-18,49.01250076293945,50.0724983215332,48.8025016784668,49.61249923706055,106204000,1.7931949123600097,1.8319764925609043,1.7855117849126265,1.8151467449429182
2019-06-19,49.91999816894531,49.970001220703125,49.32749938964844,49.467498779296875,84496800,1.8263970486741825,1.8282264843613814,1.8047196035310844,1.8098416884960065
2019-06-20,50.092498779296875,50.15250015258789,49.50749969482422,49.8650016784668,86056000,1.8327082389225142,1.8349034780073443,1.8113051812192265,1.8243849206376899
2019-06-21,49.70000076293945,50.212501525878906,49.537498474121094,49.69499969482422,191202400,1.8183481178291683,1.8370987170921742,1.8124027309784676,1.8181651463471789
2019-06-24,49.6349983215332,50.040000915527344,49.54249954223633,49.64500045776367,72881600,1.815969907262349,1.8307875268438425,1.812585702460457,1.8163358502263278
2019-06-25,49.60749816894531,49.814998626708984,48.8224983215332,48.89250183105469,84281200,1.8149637734609285,1.822555484950491,1.7862433917078888,1.7888045737566975
2019-06-26,49.442501068115234,50.247501373291016,49.337501525878906,49.95000076293945,104270000,1.808927110218755,1.8383792383334048,1.8050855464950633,1.8274947379997715
2019-06-27,50.0724983215332,50.39250183105469,49.89250183105469,49.935001373291016,83598800,1.8319764925609043,1.8436842947803163,1.82539105443911,1.8269459631201508
2019-06-28,49.66999816894531,49.875,49.26250076293945,49.47999954223633,124442400,1.8172504285035793,1.824750724035321,1.802341532530613,1.8102990474178062
2019-07-01,50.79249954223633,51.122501373291016,50.162498474121094,50.38750076293945,109012000,1.8583188033134725,1.8703924089305157,1.8352692814049754,1.8435013232983268
2019-07-02,50.352500915527344,50.782501220703125,50.34000015258789,50.682498931884766,67740800,1.8422208020570963,1.8579529999158415,1.8417634431352965,1.8542942681077916
2019-07-03,50.81999969482422,51.11000061035156,50.67250061035156,51.102500915527344,45448000,1.8593249371148928,1.869935050008716,1.8539284647101604,1.8696606625689056
2019-07-05,50.837501525878906,51.27000045776367,50.724998474121094,51.057498931884766,69062000,1.859965267518682,1.875788881335248,1.8558491767888323,1.8680141983636962
2019-07-08,50.20249938964844,50.349998474121094,49.602500915527344,50.005001068115234,101354400,1.8367327741281954,1.8421292465329278,1.814780941545287,1.829507005602612
2019-07-09,49.79999923706055,50.377498626708984,49.70249938964844,50.310001373291016,82312000,1.8220067100708703,1.843135380334348,1.8184395337869892,1.8406658933760556
2019-07-10,50.462501525878906,50.932498931884766,50.38999938964844,50.807498931884766,71588400,1.8462453372627774,1.8634408882783946,1.8435927392561478,1.858867578193093
2019-07-11,50.82749938964844,51.09749984741211,50.4275016784668,50.4375,80767200,1.8595993245547031,1.8694776910869162,1.8449648160215468,1.8453306194191779
2019-07-12,50.61249923706055,51.0,50.54999923706055,50.82500076293945,70380800,1.8517332256253305,1.8659105148030348,1.8494465705826797,1.8595079085968822
2019-07-15,51.022499084472656,51.467498779296875,51.0,51.3025016784668,67789600,1.8667336771224656,1.8830146498608313,1.8659105148030348,1.8769779866186578
2019-07-16,51.147499084472656,51.52750015258789,50.875,51.125,67467200,1.8713069872077672,1.8852098889456614,1.8613372047177335,1.8704838248883364
2019-07-17,51.01250076293945,51.272499084472656,50.817501068115234,50.837501525878906,56430000,1.8663678737248346,1.8758802972930688,1.859233521157072,1.859965267518682
2019-07-18,51.0,51.470001220703125,50.92499923706055,51.415000915527344,74162400,1.8659105148030348,1.883106205385,1.8631665008385845,1.8810939377821596
2019-07-19,51.4474983215332,51.625,50.59000015258789,50.647499084472656,83717200,1.8822829034992214,1.8887770652295426,1.8509100633058997,1.853013746866561
2019-07-22,50.912498474121094,51.807498931884766,50.90250015258789,51.80500030517578,89111600,1.8627091419167847,1.8954540588755056,1.8623433385191537,1.8953626429176846
2019-07-23,52.1150016784668,52.227500915527344,51.8224983215332,52.209999084472656,73420800,1.9067045021731177,1.9108204533366198,1.896002833755126,1.9101801229328306
2019-07-24,51.91749954223633,52.287498474121094,51.79249954223633,52.16749954223633,59966400,1.8994785940811867,1.9130155528551018,1.894905283995885,1.9086252142517897
2019-07-25,52.22249984741211,52.310001373291016,51.682498931884766,51.755001068115234,55638400,1.9106374818546301,1.9138388547408804,1.890880748790204,1.8935333467968336
2019-07-26,51.869998931884766,52.432498931884766,51.78499984741211,51.935001373291016,70475600,1.8977407139181564,1.9183206093020133,1.8946308965560748,1.9001189244849757
2019-07-29,52.1150016784668,52.65999984741211,52.11000061035156,52.41999816894531,86693600,1.9067045021731177,1.9266440671531857,1.9065215306911283,1.9178632503802135
2019-07-30,52.189998626708984,52.540000915527344,51.82749938964844,52.19499969482422,135742800,1.9094483765712205,1.9222537285498735,1.8961858052371154,1.9096313480532099
2019-07-31,54.10499954223633,55.342498779296875,52.82500076293945,53.2599983215332,277125600,1.9795115205739637,2.0247872625051797,1.932680869961707,1.948595899736094
2019-08-01,53.474998474121094,54.50749969482422,51.685001373291016,52.10749816894531,216071600,1.9564619986654666,1.9942375846312888,1.8909723043143727,1.9064299751669598
2019-08-02,51.38249969482422,51.60749816894531,50.407501220703125,51.005001068115234,163448400,1.8799048324987497,1.8881367348257536,1.8442330696599367,1.8660934862850242
2019-08-05,49.497501373291016,49.662498474121094,48.14500045776367,48.334999084472656,209572000,1.8109393778215954,1.8169760410637692,1.761456129202709,1.7684075102884822
2019-08-06,49.07749938964844,49.51750183105469,48.5099983215332,49.25,143299200,1.7955729833604812,1.8116711241832053,1.7748101164946348,1.8018841736088131
2019-08-07,48.852500915527344,49.88999938964844,48.45500183105469,49.7599983215332,133457600,1.7873410810334776,1.8252994989149414,1.7727979884581422,1.8205432173476503
2019-08-08,50.04999923706055,50.88249969482422,49.84749984741211,50.85749816894531,108038000,1.8311533302414735,1.8616115921575436,1.8237445902339007,1.8606968743139443
2019-08-09,50.32500076293945,50.689998626708984,49.8224983215332,50.247501373291016,98478800,1.841214668255676,1.8545686555476018,1.8228298723903011,1.8383792383334048
2019-08-12,49.904998779296875,50.51250076293945,49.787498474121094,50.119998931884766,89927600,1.825848273794562,1.8480746333836284,1.8215493511490706,1.8337143727239344
2019-08-13,50.255001068115234,53.03499984741211,50.119998931884766,52.24250030517578,188874000,1.8386536257732151,1.9403639974090903,1.8337143727239344,1.9113692282162402
2019-08-14,50.790000915527344,51.61000061035156,50.647499084472656,50.6875,146189600,1.8582273873556518,1.8882282903499221,1.853013746866561,1.854477239589781
2019-08-15,50.8650016784668,51.28499984741211,49.91749954223633,50.435001373291016,108909600,1.8609714013201022,1.8763376562148686,1.8263056327163616,1.8452392034613572
2019-08-16,51.06999969482422,51.790000915527344,50.959999084472656,51.625,110481600,1.868471557285496,1.8948138680380642,1.8644470220798148,1.8887770652295426
2019-08-19,52.654998779296875,53.182498931884766,52.50749969482422,52.587501525878906,97654400,1.9264610956711963,1.9457604698138227,1.9210646232664639,1.9239916087129039
2019-08-20,52.720001220703125,53.337501525878906,52.58000183105469,52.59000015258789,107537200,1.9288393062380156,1.9514314692247132,1.9237172212730935,1.9240830246707246
2019-08-21,53.247501373291016,53.412498474121094,52.900001525878906,53.15999984741211,86141600,1.9481386803806422,1.9541753436228158,1.9354248839261576,1.9449373074943919
2019-08-22,53.29750061035156,53.61000061035156,52.6875,53.1150016784668,89014800,1.9499679765014932,1.961401251714747,1.927650200954606,1.9432909828555303
2019-08-23,52.35749816894531,53.01250076293945,50.25,50.65999984741211,187272000,1.9155765953375627,1.9395408350896595,1.8384706542912255,1.8534711057883608
2019-08-26,51.46500015258789,51.79750061035156,51.26499938964844,51.622501373291016,104174400,1.8829232339030106,1.8950882554778745,1.8756059098532585,1.888685649271722
2019-08-27,51.96500015258789,52.13750076293945,50.88249969482422,51.040000915527344,103493200,1.9012164742442168,1.9075276644925485,1.8616115921575436,1.8673740075262548
2019-08-28,51.025001525878906,51.43000030517578,50.83000183105469,51.38249969482422,63755200,1.8668252326466344,1.88164271266178,1.8596908800788718,1.8799048324987497
2019-08-29,52.125,52.33000183105469,51.665000915527344,52.252498626708984,83962000,1.907070305570749,1.9145706011024903,1.8902405579527626,1.9117350316138713
2019-08-30,52.540000915527344,52.61249923706055,51.79999923706055,52.185001373291016,84573600,1.9222537285498735,1.9249061869901554,1.8951796714356952,1.9092655446555789
2019-09-03,51.60749816894531,51.744998931884766,51.05500030517578,51.42499923706055,80092000,1.8881367348257536,1.8931674038328548,1.8679227824058755,1.8814597411797906
2019-09-04,52.09749984741211,52.369998931884766,51.83000183105469,52.29750061035156,76752400,1.9060641717693287,1.9160339542593625,1.8962773607612842,1.9133814958190807
2019-09-05,53.0,53.49250030517578,52.877498626708984,53.31999969482422,95654800,1.9390834761678597,1.9571023290692557,1.934601582040379,1.950791138820924
2019-09-06,53.51250076293945,53.60499954223633,53.127498626708984,53.314998626708984,77449200,1.9578340754308659,1.9612182802327576,1.9437482022109822,1.9506081673389346
2019-09-09,53.709999084472656,54.11000061035156,52.76750183105469,53.54249954223633,109237600,1.965059843956449,1.9796944920559532,1.930577186401046,1.9589316251901068
2019-09-10,53.46500015258789,54.19499969482422,52.9275016784668,54.17499923706055,127111600,1.9560961952678355,1.9828043094180348,1.9364310177275779,1.9820725630564249
2019-09-11,54.51750183105469,55.9275016784668,54.432498931884766,55.897499084472656,177158400,1.9946035275952676,2.0461904597748153,1.9914935706668382,2.0450927704492265
2019-09-12,56.20000076293945,56.60499954223633,55.71500015258789,55.772499084472656,128906800,2.0561602422648493,2.070977722279995,2.0384157768032636,2.040519460363925
2019-09-13,55.0,55.1974983215332,54.255001068115234,54.6875,159053200,2.0122564375326846,2.0194822060582682,1.9849995485028649,2.000823162319431
2019-09-16,54.432498931884766,55.032501220703125,54.38999938964844,54.974998474121094,84632400,1.9914935706668382,2.0134455428160942,1.9899386619857975,2.011341719689085
2019-09-17,54.9900016784668,55.20500183105469,54.779998779296875,55.17499923706055,73274800,2.0118906341350535,2.019756733064426,2.0042073671213227,2.0186590437388374
2019-09-18,55.26499938964844,55.712501525878906,54.86000061035156,55.692501068115234,101360000,2.0219518325829084,2.0383243608454427,2.0071343525677627,2.0375926144838328
2019-09-19,55.502498626708984,55.939998626708984,55.092498779296875,55.2400016784668,88242400,2.030641093831712,2.0466476791302672,2.0156406423345765,2.0210372543056567
2019-09-20,55.345001220703125,55.63999938964844,54.36750030517578,54.432498931884766,221652400,2.0248788180293484,2.035671762838813,1.9891154996663667,1.9914935706668382
2019-09-23,54.73749923706055,54.959999084472656,54.412498474121094,54.68000030517578,76662000,2.002652458440282,2.010792944809465,1.9907618243052283,2.0005487748796207
2019-09-24,55.25749969482422,55.622501373291016,54.29750061035156,54.41999816894531,124763200,2.021677445143098,2.0350315720013716,1.9865544571839056,1.9910362117450384
2019-09-25,54.63750076293945,55.375,54.28499984741211,55.25749969482422,87613600,1.9989938661985798,2.0259763677885894,1.9860970982621058,2.021677445143098
2019-09-26,55.0,55.23500061035156,54.70750045776367,54.97249984741211,75334000,2.0122564375326846,2.020854282823667,2.0015549086810407,2.0112503037312646
2019-09-27,55.1349983215332,55.2400016784668,54.31999969482422,54.70500183105469,101408000,2.017195551015617,2.0210372543056567,1.9873776195033364,2.0014634927232198
2019-09-30,55.224998474121094,56.14500045776367,55.1974983215332,55.99250030517578,103909600,2.0204883398596882,2.054147974662009,2.0194822060582682,2.0485685307752868
2019-10-01,56.26750183105469,57.05500030517578,56.04999923706055,56.147499084472656,139223200,2.0586298687894895,2.08744166650035,2.050672214335948,2.0542393906198293
2019-10-02,55.76499938964844,55.89500045776367,54.48249816894531,54.7400016784668,138449200,2.0402450729241144,2.0450013544914056,1.9933228667876892,2.0027440139644503
2019-10-03,54.60749816894531,55.2400016784668,53.782501220703125,55.20500183105469,114426000,1.9978961768729908,2.0210372543056567,1.967712441963079,2.019756733064426
2019-10-04,56.40999984741211,56.872501373291016,55.97249984741211,56.752498626708984,138478800,2.0638433697122323,2.080764672854387,2.047836784413677,2.0763741946847274
2019-10-07,56.567501068115234,57.48249816894531,56.459999084472656,56.76499938964844,122306000,2.0696057850809435,2.1030823088349266,2.0656726658330835,2.076831553606527
2019-10-08,56.45500183105469,57.01499938964844,56.08250045776367,56.099998474121094,111820000,2.0654898339174417,2.08597817377713,2.051861319619358,2.0525015104567994
2019-10-09,56.75749969482422,56.9474983215332,56.40999984741211,56.75749969482422,74770400,2.0765571661667166,2.0835085472524897,2.0638433697122323,2.0765571661667166
2019-10-10,56.98249816894531,57.61000061035156,56.82500076293945,57.522499084472656,113013600,2.0847890684937203,2.107747174444397,2.079026792691357,2.1045458015581464
2019-10-11,58.23749923706055,59.40999984741211,58.07749938964844,59.0525016784668,166795600,2.1307051408287254,2.1736028117594697,2.1248513095021933,2.1605232119073543
2019-10-14,58.724998474121094,59.532501220703125,58.66749954223633,58.967498779296875,96427600,2.148541022248132,2.1780847058869504,2.1464373386874707,2.1574132549789247
2019-10-15,59.09749984741211,59.412498474121094,58.720001220703125,58.83000183105469,87360000,2.162169536546216,2.1736942277172906,2.14835819033249,2.152382725538171
2019-10-16,58.342498779296875,58.810001373291016,58.29999923706055,58.592498779296875,73903200,2.134546704552417,2.1516509791765612,2.132991795871376,2.1436933247230203
2019-10-17,58.772499084472656,59.037498474121094,58.380001068115234,58.81999969482422,67585200,2.1502789024111624,2.159974297461386,2.135918781317816,2.1520167825741923
2019-10-18,58.647499084472656,59.39500045776367,58.5724983215332,59.102500915527344,97433600,2.1457055923258608,2.173054036879849,2.14296157836141,2.162352508028205
2019-10-21,59.380001068115234,60.247501373291016,59.33000183105469,60.127498626708984,87247200,2.1725052620002288,2.2042440451575294,2.1706759658793775,2.199853566987869
2019-10-22,60.290000915527344,60.54999923706055,59.904998779296875,59.9900016784668,82293600,2.20579895383857,2.2153113774068043,2.1917130806186864,2.194823037547116
2019-10-23,60.525001525878906,60.810001373291016,60.30500030517578,60.79499816894531,75828800,2.2143967991295526,2.2248239405413863,2.2063477287181907,2.224275026095418
2019-10-24,61.127498626708984,61.20000076293945,60.45249938964844,60.89500045776367,69275200,2.236440047670282,2.2390926456769114,2.211744201122923,2.2279337579034677
2019-10-25,60.790000915527344,61.682498931884766,60.720001220703125,61.64500045776367,73477200,2.2240921941797764,2.2567455556143283,2.2215311516973153,2.2553736184152773
2019-10-28,61.85499954223633,62.3125,61.68000030517578,62.26250076293945,96572800,2.2630567458626603,2.2797950775228255,2.256654139656508,2.2779657814019747
2019-10-29,62.24250030517578,62.4375,60.64250183105469,60.8224983215332,142839600,2.277234035040365,2.284368387608127,2.218695721775044,2.2252811598968383
2019-10-30,61.189998626708984,61.32500076293945,60.3025016784668,60.814998626708984,124522000,2.2387267027129325,2.243665955762213,2.20625631276037,2.2250067724570277
2019-10-31,61.810001373291016,62.29249954223633,59.314998626708984,62.189998626708984,139162000,2.2614104212237987,2.2790633311612156,2.170127051433409,2.275313183395345
2019-11-01,62.3849983215332,63.98249816894531,62.290000915527344,63.95500183105469,151125200,2.2824475359631076,2.3408944332706074,2.2789719152033947,2.3398884390355352
2019-11-04,64.3324966430664,64.4625015258789,63.845001220703125,64.375,103272000,2.3536996456829127,2.3584560668165517,2.3358639038298543,2.3552546939303016
2019-11-05,64.26249694824219,64.54750061035156,64.08000183105469,64.28250122070312,79897600,2.3511386032004515,2.361565884178633,2.344461749120837,2.3518704891284097
2019-11-06,64.19249725341797,64.37249755859375,63.842498779296875,64.30999755859375,75864400,2.348577560717991,2.355163138406133,2.3357723483056856,2.352876483363482
2019-11-07,64.68499755859375,65.0875015258789,64.52749633789062,64.85749816894531,94940400,2.3665964136193867,2.3813226172430593,2.3608339982506754,2.3729076038677186
2019-11-08,64.67250061035156,65.11000061035156,64.2125015258789,65.03500366210938,69986400,2.3661391942639347,2.38214577956249,2.3493094466459485,2.3794019051643875
2019-11-11,64.57499694824219,65.61750030517578,64.56999969482422,65.55000305175781,81821200,2.3625718784137058,2.4007134073435066,2.362389046498064,2.398243920385214
2019-11-12,65.38749694824219,65.69750213623047,65.2300033569336,65.48999786376953,87388800,2.392298393968166,2.4036403927899466,2.3865362577321503,2.3960485417340367
2019-11-13,65.28250122070312,66.19499969482422,65.26750183105469,66.11750030517578,102734400,2.388456969810822,2.4218420776069842,2.3879081949312013,2.419006647684713
2019-11-14,65.9375,66.22000122070312,65.5250015258789,65.66000366210938,89182800,2.412421069996571,2.4227567954505838,2.3973292025416146,2.4022684555908955
2019-11-15,65.91999816894531,66.44499969482422,65.75250244140625,66.44000244140625,100206400,2.4117807395927815,2.4309886977775874,2.405652660392787,2.4308058658619456
2019-11-18,66.44999694824219,66.85749816894531,66.05750274658203,66.7750015258789,86703200,2.431171529693229,2.4460805652325432,2.4168115481662307,2.4430623033946306
2019-11-19,66.9749984741211,67.0,66.34750366210938,66.57250213623047,76167200,2.4503794878780347,2.4512942057216343,2.427421661060054,2.4356535633870577
2019-11-20,66.38500213623047,66.5199966430664,65.0999984741211,65.79750061035156,106234400,2.428793598259105,2.43373257217569,2.3817798365985112,2.4072989850316486
2019-11-21,65.92250061035156,66.00250244140625,65.29499816894531,65.50250244140625,121395200,2.4118722951169502,2.41479928056339,2.388914189166274,2.396506040222184
2019-11-22,65.64749908447266,65.79499816894531,65.20999908447266,65.44499969482422,65325200,2.401810957102748,2.4072074295074803,2.385804371804192,2.394402217095175
2019-11-25,65.67749786376953,66.61000061035156,65.62999725341797,66.59249877929688,84020400,2.402908506861989,2.437025500586109,2.4011706266989585,2.43638517018232
2019-11-26,66.73500061035156,66.79000091552734,65.625,66.07250213623047,105207600,2.4415988106714104,2.443611078274251,2.400987794783317,2.4173603230458514
2019-11-27,66.3949966430664,66.99500274658203,66.32749938964844,66.95999908447266,65235600,2.4291592620903883,2.4511113738059924,2.426689775132096,2.449830712998414
2019-11-29,66.6500015258789,67.0,66.4749984741211,66.8125,46617600,2.438488993309329,2.4512942057216343,2.4320862475368283,2.4444342405936816
2019-12-02,66.81749725341797,67.0625,65.86250305175781,66.04000091552734,94487200,2.4446170725093235,2.453580860764285,2.4096771955984684,2.4161712177624417
2019-12-03,64.57749938964844,64.88249969482422,64.07250213623047,64.86250305175781,114430400,2.3626634339378745,2.3738223217113177,2.3441873616810263,2.3730907149160556
2019-12-04,65.26750183105469,65.82749938964844,65.16999816894531,65.43499755859375,67181600,2.3879081949312013,2.40839653479089,2.3843408790809724,2.394036274131196
2019-12-05,65.94750213623047,66.47250366210938,65.68250274658203,66.3949966430664,74424400,2.4127870129605498,2.4319949711453552,2.4030916179103263,2.4291592620903883
2019-12-06,66.87000274658203,67.75,66.82499694824219,67.67749786376953,106075600,2.446538063720691,2.4787340662334434,2.4448914599491336,2.4760814682268135
2019-12-09,67.5,67.69999694824219,66.22750091552734,66.7300033569336,128042400,2.46958744606284,2.4769046305462443,2.423031182890394,2.441415978755769
2019-12-10,67.1500015258789,67.51750183105469,66.46499633789062,67.12000274658203,90420400,2.456782233650535,2.4702277764666296,2.4317203045728495,2.455684683891294
2019-12-11,67.20249938964844,67.7750015258789,67.125,67.69249725341797,78756800,2.458702945729207,2.479648784077043,2.455867515806936,2.476630243106434
2019-12-12,66.94499969482422,68.13999938964844,66.83000183105469,67.86499786376953,137310400,2.4492819381187934,2.4930027713689684,2.445074570997471,2.482941433354766
2019-12-13,67.86499786376953,68.82499694824219,67.73249816894531,68.7874984741211,133587600,2.482941433354766,2.5180644213139587,2.4780937358296544,2.516692484114907
2019-12-16,69.25,70.19750213623047,69.24500274658203,69.96499633789062,128186000,2.533613787257062,2.5682795558608027,2.5334309553414203,2.5597729869612933
2019-12-17,69.89250183105469,70.44249725341797,69.69999694824219,70.10250091552734,114158400,2.557120668087359,2.5772430649830684,2.5500775919110694,2.564803795534742
2019-12-18,69.94999694824219,70.4749984741211,69.77999877929688,69.93499755859375,116028400,2.5592242120816726,2.578432170266478,2.5530045773575094,2.558675437202052
2019-12-19,69.875,70.29499816894531,69.73750305175781,70.00499725341797,98369200,2.55648033768357,2.571846592578336,2.5514498082428165,2.561236479684513
2019-12-20,70.55750274658203,70.6624984741211,69.63999938964844,69.86000061035156,275978000,2.581450711237087,2.5852921353944307,2.547882492392587,2.5559315628039494
2019-12-23,70.13249969482422,71.0625,70.09249877929688,71.0,98572000,2.5659013452939834,2.5999267834939346,2.564437852570763,2.597640128451284
2019-12-24,71.17250061035156,71.22250366210938,70.7300033569336,71.06749725341797,48478800,2.6039513186996155,2.6057807543868146,2.5877619014854187,2.6001096154095764
2019-12-26,71.20500183105469,72.49500274658203,71.17500305175781,72.47750091552734,93121200,2.6051404239830256,2.652337017559261,2.604042874223784,2.651696687155472
2019-12-27,72.77999877929688,73.49250030517578,72.02999877929688,72.44999694824219,146266000,2.662764019404747,2.688831942717505,2.6353241588929373,2.6506904137877036
2019-12-30,72.36499786376953,73.17250061035156,71.30500030517578,72.87999725341797,144114400,2.6475805964256223,2.6771242800644406,2.6087990162247277,2.666422611646449
2019-12-31,72.48249816894531,73.41999816894531,72.37999725341797,73.4124984741211,100805600,2.6518795190711133,2.686179344710875,2.6481293713052425,2.685904957271065
2020-01-02,74.05999755859375,75.1500015258789,73.79750061035156,75.0875015258789,135480400,2.7095946700170033,2.749474079109835,2.6999908304909486,2.747187424067184
2020-01-03,74.2874984741211,75.1449966430664,74.125,74.35749816894531,146322800,2.7179181278681757,2.7492909680614974,2.7119728805838226,2.720479170350637
2020-01-06,73.44750213623047,74.98999786376953,73.1875,74.94999694824219,118387200,2.6871856180786433,2.743620108216955,2.6776730549440613,2.7421566154937347
2020-01-07,74.95999908447266,75.2249984741211,74.37000274658203,74.59750366210938,108872000,2.7425225584577135,2.7522179535079374,2.7209366688387844,2.7292601266899568
2020-01-08,74.29000091552734,76.11000061035156,74.29000091552734,75.79750061035156,132079200,2.7180096833923444,2.784597067069027,2.7180096833923444,2.773163791855773
2020-01-09,76.80999755859375,77.60749816894531,76.55000305175781,77.40750122070312,170108400,2.8102074918936375,2.839385232568477,2.800695207891751,2.832068048085073
2020-01-10,77.6500015258789,78.1675033569336,77.0625,77.5824966430664,140644800,2.840940280815866,2.8598738515608613,2.8194456675884094,2.838470514724878
2020-01-13,77.91000366210938,79.26750183105469,77.7874984741211,79.23999786376953,121532000,2.850452843950448,2.9001189244849757,2.8459708102566195,2.899112651117208
2020-01-14,79.17500305175781,79.39250183105469,78.0425033569336,78.16999816894531,161954400,2.8967347196830837,2.9046922345702773,2.8553005414755597,2.8599651279523344
2020-01-15,77.9625015258789,78.875,77.38749694824219,77.83499908447266,121923600,2.8523735560291197,2.885758663825282,2.831336162157115,2.8477086904196494
2020-01-16,78.39749908447266,78.92500305175781,78.02249908447266,78.80999755859375,108829200,2.8682885858035063,2.887588099512481,2.854568655547602,2.8833804532584626
2020-01-17,79.06749725341797,79.68499755859375,78.75,79.68250274658203,137816400,2.892801460868876,2.9153936238555733,2.8811853537399803,2.9153023474641
2020-01-21,79.29750061035156,79.75499725341797,79.0,79.14250183105469,110843200,2.901216474244217,2.9179546663380345,2.8903319739105835,2.895545614399674
2020-01-22,79.6449966430664,79.99749755859375,79.32749938964844,79.42500305175781,101832400,2.9139301311323536,2.926826899068827,2.902314024003458,2.905881339853687
2020-01-23,79.4800033569336,79.88999938964844,78.9124984741211,79.80750274658203,104472000,2.9078936074565274,2.922893919387315,2.8871306010243334,2.919875657549402
2020-01-24,80.0625,80.8324966430664,79.37999725341797,79.57749938964844,146537600,2.929205109635647,2.957376576942718,2.9042347360821297,2.911460644174061
2020-01-27,77.51499938964844,77.94249725341797,76.22000122070312,77.23750305175781,161940000,2.8360010277665855,2.851641670101162,2.7886216022747083,2.8258484133609096
2020-01-28,78.1500015258789,79.5999984741211,78.04750061035156,79.42250061035156,162234000,2.859233521157072,2.912283806493492,2.855483373391201,2.905789784329518
2020-01-29,81.11250305175781,81.9625015258789,80.34500122070312,81.08499908447266,216229200,2.9676210260052582,2.9987194787587694,2.9395408350896597,2.96661475263749
2020-01-30,80.13500213623047,81.02249908447266,79.6875,80.96749877929688,126743200,2.9318577076422763,2.964328097594839,2.915485179379742,2.9623158299919985
2020-01-31,80.23249816894531,80.66999816894531,77.07250213623047,77.37750244140625,199588400,2.93542474435981,2.9514313296583654,2.8198116105523883,2.830970498325832
2020-02-03,76.07499694824219,78.37249755859375,75.55500030517578,77.16500091552734,173788400,2.7833164062614486,2.8673738679599072,2.7642915591249806,2.82319581535428
2020-02-04,78.82749938964844,79.91000366210938,78.40750122070312,79.7125015258789,136616400,2.8840207836622516,2.9236258053152726,2.8686545287674856,2.9163998972233416
2020-02-05,80.87999725341797,81.19000244140625,79.73750305175781,80.36250305175781,118826800,2.9591144571057484,2.9704564559275295,2.917314615066941,2.9401811654934487
2020-02-06,80.64250183105469,81.30500030517578,80.06500244140625,81.30249786376953,105425600,2.9504253354232928,2.974663823048852,2.929296665159815,2.9745722675246835
2020-02-07,80.59249877929688,80.8499984741211,79.5,80.00749969482422,117684000,2.948595899736094,2.9580169073465075,2.90862521425179,2.9271928420328064
2020-02-10,78.54499816894531,80.38749694824219,78.4625015258789,80.38749694824219,109348800,2.8736850582082387,2.9410956042043526,2.870666796370326,2.9410956042043526
2020-02-11,80.9000015258789,80.9749984741211,79.67749786376953,79.90249633789062,94323200,2.959846343033706,2.962590217431809,2.915119236415763,2.923351138742767
2020-02-12,80.36750030517578,81.80500030517578,80.36750030517578,81.80000305175781,113730400,2.9403639974090905,2.992957063390058,2.9403639974090905,2.992774231474417
2020-02-13,81.04750061035156,81.55500030517578,80.8375015258789,81.21749877929688,94747600,2.9652428154384385,2.983810443219455,2.9575596879910555,2.9714624501626017
2020-02-14,81.18499755859375,81.49500274658203,80.7125015258789,81.23750305175781,80113600,2.970273344879192,2.981615343700973,2.952986377905754,2.9721943360905594
2020-02-18,78.83999633789062,79.9375,78.65249633789062,79.75,152531200,2.8844780030177035,2.9246317995503452,2.8776180378897513,2.9177718344223926
2020-02-19,80.0,81.14250183105469,80.0,80.90499877929688,93984000,2.926918454592996,2.968718575764499,2.926918454592996,2.960029174949348
2020-02-20,80.65750122070312,81.1624984741211,79.55249786376953,80.07499694824219,100566000,2.9509741103029135,2.9694501825597612,2.9105459263304616,2.929662328991099
2020-02-21,79.65499877929688,80.11250305175781,77.625,78.26249694824219,129554000,2.9142960740963324,2.9310345453228455,2.8400255629722664,2.863349332754226
2020-02-24,74.31500244140625,76.04499816894531,72.30750274658203,74.54499816894531,222195200,2.718924401235944,2.7822188565022077,2.6454770524313087,2.727339135478589
2020-02-25,75.23750305175781,75.63249969482422,71.53250122070312,72.0199966430664,230673600,2.752675451996085,2.767126989047252,2.6171224740758996,2.6349582159289584
2020-02-26,71.63249969482422,74.47000122070312,71.625,73.1624984741211,198054800,2.620781066317602,2.7245952610804864,2.6205066788777915,2.6767583371004617
2020-02-27,70.2750015258789,71.5,68.23999786376953,68.37999725341797,320605600,2.571114985783074,2.61593336879249,2.496661363610671,2.5017834485755928
2020-02-28,64.31500244140625,69.60250091552734,64.09249877929688,68.33999633789062,426510000,2.3530595944118193,2.546510555193536,2.344918968476289,2.500319955852373
2020-03-02,70.56999969482422,75.36000061035156,69.43000030517578,74.70249938964844,341397200,2.5819079305925388,2.757157206557218,2.540199364945204,2.7331015508473
2020-03-03,75.9175033569336,76.0,71.44999694824219,72.33000183105469,319475600,2.777554270025433,2.780572531863346,2.6141039331052913,2.6463002147507395
2020-03-04,74.11000061035156,75.8499984741211,73.28250122070312,75.68499755859375,219178400,2.7114241057042023,2.775084503934445,2.6811488152701215,2.7690477011259236
2020-03-05,73.87999725341797,74.88749694824219,72.85250091552734,73.2300033569336,187572800,2.703009092328861,2.739869960451084,2.6654166174113763,2.6792281031914498
2020-03-06,70.5,72.70500183105469,70.30750274658203,72.25749969482422,226176800,2.5793468881100776,2.660020145006644,2.5723040910664836,2.6436476167441096
2020-03-09,65.9375,69.52249908447266,65.75,66.5425033569336,286744800,2.412421069996571,2.543583569747096,2.4055611048686187,2.4345560136278164
2020-03-10,69.28500366210938,71.61000061035156,67.34249877929688,71.33499908447266,285290000,2.5348944480646405,2.6199579039981713,2.463825030694129,2.6098965659839686
2020-03-11,69.34750366210938,70.30500030517578,67.96499633789062,68.85749816894531,255598800,2.537181103107291,2.572212535542315,2.486600025596468,2.5192535265973683
2020-03-12,63.98500061035156,67.5,62.0,62.057498931884766,418474000,2.340985988794776,2.46958744606284,2.2683618023095717,2.270465485870233
2020-03-13,66.22250366210938,69.9800033569336,63.23749923706055,69.49250030517578,370732000,2.4228483509747525,2.560322040973609,2.3136375442407875,2.5424860199878547
2020-03-16,60.48749923706055,64.7699966430664,60.0,60.5525016784668,322423600,2.2130247223641533,2.369706230981468,2.195188840944747,2.215402932930973
2020-03-17,61.877498626708984,64.40249633789062,59.599998474121094,63.21500015258789,324056000,2.263879908182091,2.356260688165374,2.1805541928452428,2.3128143819213567
2020-03-18,59.942501068115234,62.5,59.279998779296875,61.66749954223633,300233600,2.1930851573840857,2.286655042650778,2.168846530192179,2.256196780734708
2020-03-19,61.84749984741211,63.209999084472656,60.65250015258789,61.19499969482422,271857200,2.26278235842285,2.3126314104393675,2.219061525172675,2.238909674194922
2020-03-20,61.79499816894531,62.95750045776367,57.0,57.310001373291016,401693200,2.26086150677783,2.3033933743109434,2.0854293988975097,2.0967712581529425
2020-03-23,57.02000045776367,57.125,53.15250015258789,56.092498779296875,336752800,2.0861611452591196,2.0900027089828113,1.9446629200545815,2.052227123016989
2020-03-24,59.09000015258789,61.92250061035156,58.57500076293945,61.720001220703125,287531200,2.1618951491064053,2.2655263723873005,2.1430531338855787,2.2581176323797276
2020-03-25,62.6875,64.5625,61.07500076293945,61.380001068115234,303602000,2.2935150077787303,2.362114659058254,2.2345193355916098,2.2456782233650534
2020-03-26,61.630001068115234,64.66999816894531,61.59000015258789,64.61000061035156,252087200,2.2548248435356566,2.366047638739766,2.253361350812437,2.363852539221284
2020-03-27,63.1875,63.967498779296875,61.76250076293945,61.935001373291016,204216800,2.3118082481199367,2.340345658390987,2.2596725410607683,2.2659837313091002
2020-03-30,62.685001373291016,63.880001068115234,62.349998474121094,63.70249938964844,167976400,2.2934235918209094,2.3371444250710844,2.281167014721877,2.3306502633407633
2020-03-31,63.900001525878906,65.62249755859375,63.0,63.5724983215332,197002000,2.3378761714326948,2.4008962392591484,2.304948282991984,2.3258939817734725
2020-04-01,61.625,62.18000030517578,59.782501220703125,60.227500915527344,176218400,2.254641872053667,2.274947379997714,2.1872313260575535,2.203512298795919
2020-04-02,60.084999084472656,61.287498474121094,59.224998474121094,61.23249816894531,165934000,2.1982986583068285,2.2422938789968136,2.166834262589338,2.240281611393973
2020-04-03,60.70000076293945,61.42499923706055,59.74250030517578,60.352500915527344,129880000,2.2207994053357054,2.247324548003915,2.1857678333343338,2.2080856088812206
2020-04-06,62.724998474121094,65.77749633789062,62.345001220703125,65.61750030517578,201820400,2.294886944977782,2.406567099103691,2.2809841828062356,2.4007134073435066
2020-04-07,67.69999694824219,67.92500305175781,64.75,64.85749816894531,202887200,2.4769046305462443,2.485136812005944,2.368974624186206,2.3729076038677186
2020-04-08,65.68499755859375,66.84249877929688,65.30750274658203,66.51750183105469,168895200,2.403182894301799,2.445531790352923,2.3893716876544215,2.433641295784217
2020-04-09,67.17500305175781,67.51750183105469,66.17500305175781,66.99749755859375,161834800,2.4576969514941345,2.4702277764666296,2.421110470811722,2.4512026501974655
2020-04-13,67.07749938964844,68.42500305175781,66.4574966430664,68.3125,131022800,2.4541296356439055,2.50343005234715,2.4314459171330394,2.4993139616173004
2020-04-14,70.0,72.0625,69.51249694824219,71.76249694824219,194994800,2.5610536477688712,2.636513264176347,2.5432176267831172,2.625537208318545
2020-04-15,70.5999984741211,71.5824966430664,70.15750122070312,71.10749816894531,131154400,2.5830054803517797,2.618951630630403,2.5668160631375825,2.601573108132796
2020-04-16,71.84500122070312,72.05000305175781,70.5875015258789,71.67250061035156,157125200,2.628555749289154,2.6360560448208954,2.5825482609963277,2.622244559040822
2020-04-17,71.17250061035156,71.73750305175781,69.21499633789062,70.69999694824219,215250000,2.6039513186996155,2.624622769607641,2.5323331264494837,2.5866640725934817
2020-04-20,69.48750305175781,70.41999816894531,69.2125015258789,69.23249816894531,130015200,2.5423031880722133,2.5764199026636376,2.5322418500580106,2.532973456853273
2020-04-21,69.06999969482422,69.3125,66.35749816894531,67.09249877929688,180991600,2.52702820956892,2.5359004422997127,2.4277873248913373,2.4546784105235258
2020-04-22,68.40249633789062,69.4749984741211,68.05000305175781,69.0250015258789,116862400,2.5026066108950236,2.5418456895840658,2.489710122091245,2.5253818849300584
2020-04-23,68.96749877929688,70.4375,68.71749877929688,68.75749969482422,124814400,2.5232780618030493,2.577060233067427,2.514131441632446,2.5155949343556663
2020-04-24,69.30000305175781,70.75250244140625,69.25,70.74250030517578,126161200,2.535443222944261,2.5885850638048495,2.533613787257062,2.5882191208408707
2020-04-27,70.44999694824219,71.13500213623047,69.98750305175781,70.7925033569336,117087600,2.577517452422879,2.6025793815005644,2.5605964284134197,2.5900485565280693
2020-04-28,71.2699966430664,71.4574966430664,69.55000305175781,69.6449966430664,112004800,2.6075183554171493,2.6143783205451014,2.544589843114864,2.548065324308229
2020-04-29,71.18250274658203,72.4175033569336,70.97250366210938,71.93250274658203,137280800,2.604317261663595,2.6495015876369896,2.5966341342162114,2.631757122175404
2020-04-30,72.48999786376953,73.63249969482422,72.0875015258789,73.44999694824219,183064000,2.652153906510924,2.6939540276824268,2.6374279820199464,2.687276894470116
2020-05-01,71.5625,74.75,71.4625015258789,72.26750183105469,240616800,2.618220023835141,2.7348394310103306,2.614561431593439,2.6440135597080885
2020-05-04,72.2925033569336,73.42250061035156,71.58000183105469,73.29000091552734,133568000,2.644928277551688,2.686270900235044,2.61886035423893,2.681423202709932
2020-05-05,73.76499938964844,75.25,73.61499786376953,74.38999938964844,147751200,2.6988017252075385,2.753132671351537,2.693313697278638,2.7216682756340465
2020-05-06,75.11499786376953,75.80999755859375,74.71749877929688,75.15750122070312,142333600,2.7481934183022565,2.773621011211225,2.733650325726921,2.749748466549645
2020-05-07,75.80500030517578,76.2925033569336,75.49250030517578,75.93499755859375,115215200,2.7734381792955833,2.7912742002813378,2.7620049040823296,2.7781943212965268
2020-05-08,76.41000366210938,77.5875015258789,76.07250213623047,77.53250122070312,133838400,2.7955731229268292,2.838653625773215,2.783225129869976,2.8366413581703744
2020-05-11,77.0250015258789,79.26249694824219,76.80999755859375,78.75250244140625,145946400,2.818073730389358,2.8999358134366386,2.8102074918936375,2.881276909264149
2020-05-12,79.4574966430664,79.92250061035156,77.72750091552734,77.85250091552734,162301200,2.907070166004401,2.9240830246707246,2.843775710738137,2.8483490208234388
2020-05-13,78.0374984741211,78.98750305175781,75.80249786376953,76.9124984741211,200622400,2.855117430427222,2.8898747545551315,2.773346623771415,2.8139576396595083
2020-05-14,76.12750244140625,77.44750213623047,75.38249969482422,77.38500213623047,158929200,2.7852373974728164,2.833531540808293,2.7579803688766487,2.831244885765642
2020-05-15,75.0875015258789,76.9749984741211,75.05249786376953,76.92749786376953,166348400,2.747187424067184,2.8162442947021593,2.7459067632596055,2.814506414539129
2020-05-18,78.2925033569336,79.125,77.58000183105469,78.73999786376953,135178400,2.864447161646163,2.894905283995885,2.8383792383334048,2.8808194107760015
2020-05-19,78.75749969482422,79.62999725341797,78.25250244140625,78.28500366210938,101729600,2.8814597411797904,2.913381356252733,2.8629836689229426,2.8641727742063523
2020-05-20,79.16999816894531,79.87999725341797,79.12999725341797,79.80750274658203,111504800,2.8965516086347467,2.922527976423336,2.8950881159115265,2.919875657549402
2020-05-21,79.66500091552734,80.22250366210938,78.96749877929688,79.2125015258789,102688800,2.9146620170603112,2.9350590805285264,2.889142868627174,2.898106656882135
2020-05-22,78.94249725341797,79.80750274658203,78.8375015258789,79.72250366210938,81803200,2.8882281507835743,2.919875657549402,2.8843867266262304,2.9167658401873204
2020-05-26,80.875,81.05999755859375,79.125,79.18250274658203,125522000,2.958931625190107,2.9657000347938904,2.894905283995885,2.8970091071228943
2020-05-27,79.03500366210938,79.67749786376953,78.27249908447266,79.52749633789062,112945200,2.891612634718162,2.915119236415763,2.8637152757182047,2.909631208486862
2020-05-28,79.19249725341797,80.86000061035156,78.90750122070312,79.5625,133560800,2.8973747709541775,2.9583828503104863,2.8869477691086916,2.9109118692944405
2020-05-29,79.8125,80.2874984741211,79.11750030517578,79.48500061035156,153532400,2.9200584894650436,2.9374370119626505,2.894630896556075,2.908076439372169
2020-06-01,79.4375,80.5875015258789,79.30249786376953,80.4625015258789,80791200,2.906338559209139,2.9484130678204523,2.9013993061598584,2.9438397577351507
2020-06-02,80.1875,80.86000061035156,79.73249816894531,80.83499908447266,87642800,2.9337784197209484,2.9583828503104863,2.9171315040186037,2.957468132466887
2020-06-03,81.16500091552734,81.55000305175781,80.57499694824219,81.27999877929688,104491200,2.96954173808393,2.9836276113038136,2.9479555693323047,2.9737491052052527
2020-06-04,81.09750366210938,81.40499877929688,80.19499969482422,80.58000183105469,87560400,2.9670722511256375,2.9783224152905543,2.9340528071607586,2.948138680380642
2020-06-05,80.8375015258789,82.9375,80.80750274658203,82.875,137250400,2.9575596879910555,3.0343912415975827,2.9564621382318146,3.0321045865549316
2020-06-08,82.5625,83.4000015258789,81.83000183105469,83.36499786376953,95654400,3.020671311341678,3.0513125447397376,2.9938717812336577,3.050031883932159
2020-06-09,83.03500366210938,86.40249633789062,83.00250244140625,85.99749755859375,147712400,3.0379585574478116,3.1611632631784476,3.036769452164402,3.146345783163302
2020-06-10,86.9749984741211,88.69249725341797,86.52249908447266,88.20999908447266,166651600,3.1821091015262835,3.2449463374370957,3.165553741348108,3.2272934274996787
2020-06-11,87.32749938964844,87.76499938964844,83.87000274658203,83.9749984741211,201662400,3.1950058694627574,3.211012454761313,3.0685082353217026,3.0723496594790465
2020-06-12,86.18000030517578,86.94999694824219,83.55500030517578,84.69999694824219,200146000,3.1530229163756127,3.1811943836826844,3.05698340458428,3.098874802147256
2020-06-15,83.3125,86.41999816894531,83.1449966430664,85.74749755859375,138808800,3.048111171853487,3.161803593582237,3.041982813520797,3.1371991629926987
2020-06-16,87.86499786376953,88.30000305175781,86.18000030517578,88.0199966430664,165428800,3.214671047003015,3.2305863559100976,3.1530229163756127,3.220341906847558
2020-06-17,88.7874984741211,88.8499984741211,87.77249908447266,87.89749908447266,114406400,3.2484220977631564,3.250708752805807,3.2112868422011234,3.215860152286425
2020-06-18,87.85250091552734,88.36250305175781,87.30500030517578,87.93250274658203,96820400,3.2142138276475634,3.232873010952748,3.1941827071433266,3.217140813094003
2020-06-19,88.66000366210938,89.13999938964844,86.2874984741211,87.43000030517578,264476000,3.2437575112863817,3.26131886569963,3.156955896057125,3.1987560172286282
2020-06-22,87.83499908447266,89.86499786376953,87.7874984741211,89.71749877929688,135445200,3.213573497243774,3.28784400836784,3.2118356170807436,3.2824475359631076
2020-06-23,91.0,93.09500122070312,90.56749725341795,91.63249969482422,212155600,3.3293697420995327,3.406018463790418,3.3135459887166183,3.352510679965851
2020-06-24,91.25,92.19750213623048,89.62999725341797,90.01499938964844,192623200,3.338516362270136,3.373182130873877,3.2792461630768575,3.293332036296741
2020-06-25,90.1750030517578,91.25,89.39250183105469,91.20999908447266,137522400,3.29918600718962,3.338516362270136,3.270557041394402,3.337052869546916
2020-06-26,91.10250091552734,91.33000183105467,88.25499725341797,88.40750122070312,205256800,3.3331198898654035,3.3414433477165755,3.2289397521385403,3.2345193355916098
2020-06-29,88.3125,90.5425033569336,87.81999969482422,90.44499969482422,130646000,3.2310435752655495,3.3126315500057153,3.2130247223641533,3.3090642341554863
2020-06-30,90.0199966430664,91.49500274658205,90.0,91.1999969482422,140223200,3.2935148682123825,3.347480150525098,3.2927832614171204,3.3366869265829378
2020-07-01,91.27999877929688,91.83999633789062,90.97750091552734,91.02749633789062,110737200,3.339613912029377,3.3601022518890655,3.328546579780102,3.3303757363346054
2020-07-02,91.9625015258789,92.61750030517578,90.91000366210938,91.02749633789062,114041600,3.364584285582894,3.388548385768643,3.3260770928218095,3.3303757363346054
2020-07-06,92.5,93.94499969482422,92.46749877929688,93.4625015258789,118655600,3.3842494631231514,3.4371169165439297,3.383060357839742,3.4194640066065127
2020-07-07,93.85250091552734,94.65499877929688,93.05750274658205,93.17250061035156,112424400,3.4337327117420378,3.463093284332519,3.4046465265913675,3.4088538937126898
2020-07-08,94.18000030517578,95.375,94.08999633789062,95.34249877929688,117092000,3.445714761834912,3.4894355950850873,3.4424218334244934,3.4882464898016776
2020-07-09,96.2624969482422,96.31749725341795,94.67250061035156,95.75250244140624,125642800,3.521905985037651,3.52391825264049,3.463733614736308,3.50324708086516
2020-07-10,95.33499908447266,95.9800033569336,94.70500183105467,95.91999816894533,90257200,3.4879721023618675,3.5115705387163327,3.4649227200197172,3.5093751600651557
2020-07-13,97.26499938964844,99.95500183105467,95.25749969482422,95.47750091552734,191649200,3.558584021244231,3.657001743602383,3.4851366724395962,3.493185742850958
2020-07-14,94.83999633789062,97.25499725341795,93.87750244140624,97.05750274658205,170989200,3.469861693936303,3.5582180782802517,3.434647429585637,3.550992449321017
2020-07-15,98.98999786376952,99.24749755859376,96.48999786376952,97.7249984741211,153198000,3.621695644594853,3.6311166522052676,3.530229442888822,3.5754137688622176
2020-07-16,96.5625,97.40499877929688,95.90499877929688,96.52249908447266,110577600,3.532882040895452,3.5637061062091533,3.5088263851855346,3.531418548172232
2020-07-17,96.9875030517578,97.14749908447266,95.83999633789062,96.32749938964844,92186800,3.548431406838555,3.55428509859874,3.5064481746187153,3.5242841956044697
2020-07-20,96.4175033569336,98.5,96.0625,98.35749816894533,90318000,3.5275771240148885,3.6037683472176263,3.514588800554246,3.598554706728536
2020-07-21,99.17250061035156,99.25,96.74250030517578,97.0,103433200,3.628372777807164,3.6312082077294354,3.5394676185835943,3.5488886261940076
2020-07-22,96.69249725341795,97.9749984741211,96.60250091552734,97.27249908447266,89001600,3.5376381828963948,3.5845603890328204,3.534345533618672,3.5588584086840416
2020-07-23,96.99749755859376,97.07749938964844,92.01000213623048,92.84500122070312,197004400,3.5487970706698393,3.551724056116279,3.366322165745925,3.3968718436198153
2020-07-24,90.9875030517578,92.97000122070312,89.1449966430664,92.61499786376952,185438800,3.3289125227440803,3.4014451537051165,3.2615016976152718,3.3884568302444737
2020-07-27,93.70999908447266,94.90499877929688,93.4800033569336,94.80999755859376,121214000,3.428519071252947,3.4722399045031223,3.4201043370103017,3.468764144177062
2020-07-28,94.36750030517578,94.5500030517578,93.24749755859376,93.25250244140624,103625600,3.452574726962865,3.4592518601751747,3.4115977681107927,3.411780879159129
2020-07-29,93.75,95.2300033569336,93.7125015258789,95.04000091552734,90329200,3.429982563976167,3.4841306782045236,3.428610626777116,3.4771791575524027
2020-07-30,94.1875,96.29750061035156,93.76750183105467,96.19000244140624,158130000,3.4459891492747223,3.5231866458452283,3.430622894379956,3.5192536661637157
2020-07-31,102.88500213623048,106.41500091552734,100.8249969482422,106.26000213623048,374336800,3.76420014316716,3.8933503753148444,3.6888318031511576,3.8876795154703023
2020-08-03,108.1999969482422,111.6374969482422,107.89250183105467,108.9375,308151200,3.958657098183949,4.084423125529742,3.9474069340190314,3.9856397393403062
2020-08-04,109.13249969482422,110.79000091552734,108.3874969482422,109.66500091552734,173071600,3.992774091908069,4.0534162283003985,3.9655170633119017,4.012256437532685
2020-08-05,109.37750244140624,110.39250183105467,108.89749908447266,110.0625,121776800,4.00173788016303,4.038873135725063,3.984176246617086,4.02679953010802
2020-08-06,110.40499877929688,114.4124984741211,109.79750061035156,113.90249633789062,202428800,4.039330355080515,4.185950665249975,4.017104135057797,4.16729148194479
2020-08-07,113.20500183105467,113.6750030517578,110.2925033569336,111.1125030517578,198045600,4.141772612644348,4.158968303226313,4.035214543483361,4.065215446477631
2020-08-10,112.5999984741211,113.7750015258789,110.0,112.72750091552734,212403600,4.119637669013103,4.162626895468016,4.024512875065369,4.124302534622573
2020-08-11,111.97000122070312,112.48249816894533,109.10749816894533,109.375,187902400,4.096588286670953,4.115338746367612,3.99185937406447,4.001646324638862
2020-08-12,110.49749755859376,113.2750015258789,110.29750061035156,113.01000213623048,165598000,4.042714559882407,4.144333655126809,4.035397375399003,4.134638260076586
2020-08-13,114.43000030517578,116.0425033569336,113.92749786376952,115.01000213623048,210082000,4.186590995653765,4.245586807407233,4.168206199788389,4.207811221441411
2020-08-14,114.83000183105467,115.0,113.04499816894533,114.90750122070312,165565200,4.201225643753268,4.207445278477431,4.135918641751469,4.20406107367554
2020-08-17,116.0625,116.0875015258789,113.9625015258789,114.60749816894533,119561600,4.246318414202495,4.2472331320460945,4.169486860595968,4.193085017817738
2020-08-18,114.35250091552734,116.0,114.00749969482422,115.5625,105633600,4.183755565731493,4.244031759159844,4.1711331852348295,4.228025173861289
2020-08-19,115.98249816894533,117.1624984741211,115.61000061035156,115.7074966430664,145538000,4.2433914287560555,4.286563487126609,4.2297630540243185,4.233330090741853
2020-08-20,115.75,118.39250183105467,115.73249816894533,118.2750015258789,126907200,4.234885138989241,4.331564981184362,4.234244808585452,4.327266058538871
2020-08-21,119.2624969482422,124.86750030517578,119.25,124.37000274658205,338054800,4.3633950407331366,4.568462387776444,4.362937821377685,4.550260702959407
2020-08-24,128.69749450683594,128.78500366210938,123.9375,125.85749816894533,345937600,4.708588396649235,4.711790048668181,4.5344369495764925,4.6046829254948785
2020-08-25,124.69750213623048,125.18000030517578,123.05249786376952,124.8249969482422,211495600,4.562242753052281,4.579895662989698,4.502057836015402,4.566907339529056
2020-08-26,126.18000030517578,126.99250030517578,125.0824966430664,126.52249908447266,163022400,4.616482143672111,4.646208659226571,4.576328347139469,4.629012968644606
2020-08-27,127.14250183105467,127.48500061035156,123.8324966430664,125.01000213623048,155552400,4.6516966871554715,4.664227512127967,4.530595246286453,4.5736760282655355
2020-08-28,126.0124969482422,126.44249725341795,124.57749938964844,124.80750274658205,187630000,4.610353785339421,4.626085983198165,4.557852274882621,4.566267288257962
2020-08-31,127.58000183105467,131.0,126.0,129.0399932861328,225702700,4.667703272454027,4.792828969396031,4.609896565983968,4.721119221621731
2020-09-01,132.75999450683594,134.8000030517578,130.52999877929688,134.17999267578125,151948100,4.857220974421536,4.931857707642276,4.775633278814066,4.909173709998715
2020-09-02,137.58999633789062,137.97999572753906,127.0,131.39999389648438,200119000,5.033933743109435,5.04820244824496,4.646483046666381,4.807463338362839
2020-09-03,126.91000366210938,128.83999633789062,120.5,120.87999725341795,257599600,4.643190397388658,4.7138020371383265,4.4086709222307,4.422573684402246
2020-09-04,120.06999969482422,123.6999969482422,110.88999938964844,120.95999908447266,332607200,4.392938724371955,4.525747548761342,4.057074820542101,4.425500669848686
2020-09-08,113.9499969482422,118.98999786376952,112.68000030517578,112.81999969482422,231366600,4.169029362107821,4.353425258243102,4.122564654459542,4.1276867394244645
2020-09-09,117.26000213623048,119.13999938964844,115.26000213623048,117.31999969482422,176940500,4.290130802976839,4.358913286172004,4.216957841612015,4.292325902495321
2020-09-10,120.36000061035156,120.5,112.5,113.48999786376952,182274400,4.403548837265778,4.4086709222307,4.1159790767714,4.152199614489834
2020-09-11,114.56999969482422,115.2300033569336,110.0,112.0,180860300,4.191713080618687,4.215860291852772,4.024512875065369,4.097685836430195
2020-09-14,114.72000122070312,115.93000030517578,112.8000030517578,115.36000061035156,140150100,4.1972011085475875,4.241470716677383,4.1269551326292016,4.220616433853716
2020-09-15,118.33000183105467,118.83000183105467,113.61000061035156,115.54000091552734,184642000,4.329278326141711,4.347571566482918,4.156590092659494,4.227202011541858
2020-09-16,115.2300033569336,116.0,112.04000091552734,112.12999725341795,154679000,4.215860291852772,4.244031759159844,4.0991493291534145,4.102441978431137
2020-09-17,109.72000122070312,112.1999969482422,108.70999908447266,110.33999633789062,178011000,4.0142687051355255,4.105003020913599,3.977316281489134,4.0369521445136956
2020-09-18,110.4000015258789,110.87999725341795,106.08999633789062,106.83999633789062,287104900,4.039147523164874,4.056708877578122,3.8814596016134426,3.908899462125252
2020-09-21,104.54000091552734,110.19000244140624,103.0999984741211,110.08000183105467,195713800,3.824750724035321,4.03146439571749,3.7720661025301845,4.027439860511809
2020-09-22,112.68000030517578,112.86000061035156,109.16000366210938,111.80999755859376,183055400,4.122564654459542,4.129150232147684,3.993780365275837,4.090734315778074
2020-09-23,111.62000274658205,112.11000061035156,106.7699966430664,107.12000274658205,150718700,4.0837830742586485,4.101710371635876,3.906338419642791,3.9191439111877924
2020-09-24,105.16999816894533,110.25,105.0,108.22000122070312,167743300,3.8478001063774707,4.033659495235972,3.841580471653307,3.9593889841119063
2020-09-25,108.43000030517578,112.44000244140624,107.66999816894533,112.27999877929688,149981400,3.9670721115592897,4.1137839772529174,3.9392663080835018,4.107930006360038
2020-09-28,115.01000213623048,115.31999969482422,112.77999877929688,114.95999908447266,137672400,4.207811221441411,4.2191529411304955,4.126223246701245,4.205981785754211
2020-09-29,114.5500030517578,115.30999755859376,113.56999969482422,114.08999633789062,99382200,4.190981473823424,4.218786998166517,4.155126599936274,4.1741514470727425
2020-09-30,113.79000091552734,117.26000213623048,113.62000274658205,115.80999755859376,142675200,4.163175670347636,4.290130802976839,4.156956035623473,4.2370802385077235
2020-10-01,117.63999938964844,117.72000122070312,115.83000183105467,116.79000091552734,116120400,4.3040335651483845,4.306960550594825,4.23781212443568,4.272935112394873
2020-10-02,112.88999938964844,115.37000274658205,112.22000122070312,113.0199966430664,144712000,4.130247781906926,4.2209823768176955,4.1057349068415565,4.135003923907869
2020-10-05,113.91000366210938,116.6500015258789,113.5500030517578,116.5,106243800,4.167566148517296,4.267813027429951,4.154394993141011,4.26232499950105
2020-10-06,115.6999969482422,116.12000274658205,112.25,113.16000366210938,161498200,4.233055703302043,4.248422237329504,4.106832456600797,4.1401262880054865
2020-10-07,114.62000274658205,115.5500030517578,114.12999725341795,115.08000183105467,96849000,4.193542516305886,4.227567954505836,4.175614939795961,4.210372263923871
2020-10-08,116.25,116.4000015258789,114.58999633789062,114.97000122070312,83477200,4.253178379330447,4.258666407259348,4.192444687413949,4.206347728718191
2020-10-09,115.27999877929688,117.0,114.91999816894533,116.97000122070312,100506900,4.217689448407276,4.280618239842257,4.204518293030993,4.279520690083015
2020-10-12,120.05999755859376,125.18000030517578,119.27999877929688,124.4000015258789,240226800,4.392572781407977,4.579895662989698,4.364035371136926,4.551358252718647
2020-10-13,125.2699966430664,125.38999938964844,119.6500015258789,121.0999984741211,262330500,4.5831883122674215,4.587578790437082,4.3775724694771885,4.430622754813609
2020-10-14,121.0,123.02999877929688,119.62000274658205,121.19000244140624,150712000,4.426964162571906,4.501234673695972,4.376474919717948,4.4339156832240265
2020-10-15,118.72000122070312,121.1999969482422,118.1500015258789,120.70999908447266,112559200,4.343547031277237,4.434281347055311,4.32269274845357,4.416354049678083
2020-10-16,121.27999877929688,121.5500030517578,118.80999755859376,119.0199966430664,115393800,4.437208332501751,4.447086838600311,4.346839680554961,4.3545228080023435
2020-10-19,119.95999908447266,120.41999816894533,115.66000366210938,115.9800033569336,120639300,4.3889141891662735,4.405743936784261,4.231592489711518,4.243300152364582
2020-10-20,116.1999969482422,118.9800033569336,115.62999725341795,117.51000213623048,124423700,4.251348943643249,4.353059594411819,4.230494660819581,4.299277423147442
2020-10-21,116.66999816894533,118.70999908447266,116.4499969482422,116.87000274658205,89946000,4.268544634225214,4.343181088313258,4.260495563813852,4.275862097841314
2020-10-22,117.4499969482422,118.04000091552734,114.58999633789062,115.75,101988000,4.297082044496264,4.318668213247889,4.192444687413949,4.234885138989241
2020-10-23,116.38999938964844,116.5500030517578,114.27999877929688,115.04000091552734,82572600,4.2583004642953695,4.2641544351882485,4.181102967724863,4.208908771200652
2020-10-26,114.01000213623048,116.5500030517578,112.87999725341795,115.0500030517578,111850700,4.171224740758999,4.2641544351882485,4.129881838942946,4.20927471416463
2020-10-27,115.48999786376952,117.27999877929688,114.54000091552734,116.5999984741211,92276800,4.225372575854658,4.2908624097721,4.1906155308594455,4.265983591742752
2020-10-28,115.0500030517578,115.43000030517578,111.0999984741211,111.1999969482422,143937800,4.20927471416463,4.2231774763361765,4.0647579479894835,4.068416540231187
2020-10-29,112.37000274658205,116.93000030517578,112.1999969482422,115.31999969482422,146129200,4.111222934770458,4.278057197359796,4.105003020913599,4.2191529411304955
2020-10-30,111.05999755859376,111.98999786376952,107.72000122070312,108.86000061035156,190272600,4.063294455266265,4.0973198934662145,3.9410957437707004,3.982804309418035
2020-11-02,109.11000061035156,110.68000030517578,107.31999969482422,108.7699966430664,122866900,3.991950929588638,4.049391693094718,3.926461095671196,3.979511381007616
2020-11-03,109.66000366210938,111.48999786376952,108.7300033569336,110.44000244140624,107624400,4.012073605617043,4.079026653125009,3.9780481674170916,4.040611015888093
2020-11-04,114.13999938964844,115.58999633789062,112.3499984741211,114.9499969482422,138235500,4.175980882759942,4.229031168096361,4.1104910488424995,4.205615842790233
2020-11-05,117.9499969482422,119.62000274658205,116.87000274658205,119.02999877929688,126387100,4.3153752848374705,4.376474919717948,4.275862097841314,4.354888750966323
2020-11-06,118.31999969482422,119.1999969482422,116.12999725341795,118.69000244140624,114457900,4.328912383177733,4.361108385690486,4.248787901160787,4.3424494815179955
2020-11-09,120.5,121.98999786376952,116.0500030517578,116.31999969482422,154515300,4.4086709222307,4.4631847002903395,4.245861194847042,4.255739421812908
2020-11-10,115.5500030517578,117.58999633789062,114.12999725341795,115.97000122070312,138023400,4.227567954505836,4.302204129461186,4.175614939795961,4.242934209400603
2020-11-11,117.19000244140624,119.62999725341795,116.44000244140624,119.48999786376952,112295000,4.287569760494377,4.37684058354923,4.260129899982568,4.3717184985843085
2020-11-12,119.62000274658205,120.52999877929688,118.56999969482422,119.20999908447266,103162300,4.376474919717948,4.409768471989941,4.338059003348336,4.361474328654465
2020-11-13,119.44000244140624,119.66999816894533,117.87000274658205,119.26000213623048,81581900,4.369889342029805,4.378304076272451,4.3124485785237265,4.363303764341664
2020-11-16,118.91999816894533,120.98999786376952,118.1500015258789,120.3000030517578,91183000,4.350864215760642,4.426598219607927,4.32269274845357,4.4013537377472955
2020-11-17,119.5500030517578,120.66999816894533,118.95999908447266,119.38999938964844,74271000,4.373913877235486,4.414890556954864,4.352327708483862,4.368059906342607
2020-11-18,118.61000061035156,119.81999969482422,118.0,118.02999877929688,76322100,4.339522496071556,4.383792104201352,4.317204720524669,4.31830227028391
2020-11-19,117.58999633789062,119.05999755859376,116.80999755859376,118.63999938964844,74113000,4.302204129461186,4.355986300725564,4.273666719190136,4.340620045830797
2020-11-20,118.63999938964844,118.7699966430664,117.29000091552734,117.33999633789062,73604300,4.340620045830797,4.34537618783174,4.29122835273608,4.293057509290583
2020-11-23,117.18000030517578,117.62000274658205,113.75,113.8499984741211,127959300,4.287203817530399,4.303301958353123,4.161712177624416,4.165370769866118
2020-11-24,113.91000366210938,115.8499984741211,112.58999633789062,115.16999816894533,113874200,4.167566148517296,4.238543731230943,4.119271726049123,4.213664913201596
2020-11-25,115.5500030517578,116.75,115.16999816894533,116.02999877929688,76499200,4.227567954505836,4.271471619671654,4.213664913201596,4.245129308919085
2020-11-27,116.56999969482422,117.48999786376952,116.22000122070312,116.58999633789062,46691300,4.2648860419835115,4.298545537219483,4.252080829571206,4.265617648778774
2020-11-30,116.97000122070312,120.97000122070312,116.80999755859376,119.0500030517578,169410200,4.279520690083015,4.425866612812666,4.273666719190136,4.35562063689428
2020-12-01,121.01000213623048,123.47000122070312,120.01000213623048,122.72000122070312,127728200,4.427330105535885,4.517332814518697,4.3907436248534735,4.489892954006887
2020-12-02,122.0199966430664,123.37000274658205,120.88999938964844,123.08000183105467,89004200,4.464282250049581,4.513674222276995,4.422939627366225,4.50306410938317
2020-12-03,123.5199966430664,123.77999877929688,122.20999908447266,122.94000244140624,78967600,4.5191619710732,4.528674534207782,4.471233770701702,4.497942024418249
2020-12-04,122.5999984741211,122.86000061035156,121.5199966430664,122.25,78260400,4.485502475837227,4.495015038971809,4.4459890097083745,4.472697263424922
2020-12-07,122.30999755859376,124.56999969482422,122.25,123.75,86712000,4.474892362943405,4.557577887442811,4.472697263424922,4.52757698444854
2020-12-08,124.37000274658205,124.9800033569336,123.08999633789062,124.37999725341795,82225500,4.550260702959407,4.572578478506294,4.503429773214455,4.55062636679069
2020-12-09,124.52999877929688,125.9499969482422,121.0,121.77999877929688,115089200,4.556114394719591,4.60806713029677,4.426964162571906,4.455501572842957
2020-12-10,120.5,123.87000274658205,120.1500015258789,123.23999786376952,81312200,4.4086709222307,4.531967462618201,4.395865709818395,4.508917801143355
2020-12-11,122.43000030517578,122.76000213623048,120.5500030517578,122.41000366210938,86939800,4.479282841113064,4.491356446730108,4.410500357917899,4.478551234317802
2020-12-14,122.5999984741211,123.3499984741211,121.54000091552734,121.77999877929688,79184500,4.485502475837227,4.512942336349036,4.446720895636332,4.455501572842957
2020-12-15,124.33999633789062,127.9000015258789,124.12999725341795,127.87999725341795,157243700,4.54916287406747,4.679410935107091,4.5414797466200865,4.6786790491791335
2020-12-16,127.41000366210938,128.3699951171875,126.55999755859376,127.80999755859376,98208600,4.661483637729864,4.696606346556361,4.630384905843657,4.676118006696673
2020-12-17,128.89999389648438,129.5800018310547,128.0399932861328,128.6999969482422,94359800,4.715997136656808,4.740876233818852,4.684532740939318,4.708679952173404
2020-12-18,128.9600067138672,129.10000610351562,126.12000274658205,126.66000366210938,192541500,4.718192794440681,4.723314879405604,4.614287044153629,4.6340437772180545
2020-12-21,125.0199966430664,128.30999755859375,123.4499969482422,128.22999572753906,121251600,4.574041692096818,4.694411247037879,4.516600928590739,4.691484261591439
2020-12-22,131.61000061035156,134.41000366210938,129.64999389648438,131.8800048828125,168904800,4.815146744942918,4.917589002506751,4.743436997168618,4.825025251041479
2020-12-23,132.16000366210938,132.42999267578125,130.77999877929688,130.9600067138672,88223700,4.835269420971323,4.845147368804493,4.784779898984668,4.791365755805506
2020-12-24,131.32000732421875,133.4600067138672,131.10000610351562,131.97000122070312,54930100,4.804536911181791,4.882831957511538,4.796487840770428,4.8283179003192025
2020-12-28,133.99000549316406,137.33999633789062,133.50999450683594,136.69000244140625,124486200,4.902222747611985,5.0247871229388315,4.884660834933345,5.00100613380142
2020-12-29,138.0500030517578,138.7899932861328,134.33999633789062,134.8699951171875,121047300,5.050763769860117,5.0778374082752515,4.915027680891595,4.934418470992042
2020-12-30,135.5800018310547,135.99000549316406,133.39999389648438,133.72000122070312,96452100,4.960395117913327,4.9753957089768095,4.880636299727664,4.892344241513424
2020-12-31,134.0800018310547,134.74000549316406,131.72000122070312,132.69000244140625,99116600,4.905515396889708,4.929662608123794,4.819171280148599,4.854660211071771
2021-01-04,133.52000427246094,133.61000061035156,126.76000213623048,129.41000366210938,143301900,4.88502705703002,4.888319706307743,4.637702369459757,4.734656599094689
2021-01-05,128.88999938964844,131.74000549316406,128.42999267578125,131.00999450683594,97664900,4.715631472825525,4.819903166076557,4.698801446074843,4.793194633227314
2021-01-06,127.72000122070312,131.0500030517578,126.37999725341795,126.5999984741211,155088000,4.672825357418949,4.794658405083229,4.623799328155514,4.631848398566877
2021-01-07,128.36000061035156,131.6300048828125,127.86000061035156,130.9199981689453,109578200,4.696240682725078,4.815878630870876,4.677947442383871,4.789901983949591
2021-01-08,132.42999267578125,132.6300048828125,130.22999572753906,132.0500030517578,105158200,4.845147368804493,4.852465111553288,4.764657222956264,4.831244885765642
2021-01-11,129.19000244140625,130.1699981689453,128.5,128.97999572753906,100384500,4.726607528683327,4.762462123437782,4.70136276769,4.718924122103248
2021-01-12,128.5,129.69000244140625,126.86000061035156,128.8000030517578,91951100,4.70136276769,4.744900769024533,4.641360961701459,4.712338823547801
2021-01-13,128.75999450683594,131.4499969482422,128.49000549316406,130.88999938964844,88636800,4.710875051691886,4.809292774050038,4.700997103858716,4.78880443419035
2021-01-14,130.8000030517578,131.0,128.75999450683594,128.91000366210938,90221800,4.785511784912627,4.792828969396031,4.710875051691886,4.716363358753482
2021-01-15,128.77999877929688,130.22000122070312,127.0,127.13999938964844,111598500,4.711606937619844,4.76429155912498,4.646483046666381,4.651605131631303
2021-01-19,127.77999877929688,128.7100067138672,126.94000244140624,127.83000183105467,90757300,4.675020456937432,4.709046174270078,4.644287947147898,4.67684989262463
2021-01-20,128.66000366210938,132.49000549316406,128.5500030517578,132.02999877929688,104319500,4.70721673858288,4.847343026588367,4.703192203377198,4.830512999837684
2021-01-21,133.8000030517578,139.6699981689453,133.58999633789062,136.8699951171875,120150900,4.8952712269598635,5.1100336899207,4.887587820379785,5.007591432356866
2021-01-22,136.27999877929688,139.85000610351562,135.02000427246094,139.07000732421875,114459400,4.986005542737937,5.116619546741537,4.939906778053638,5.088082136470487
2021-01-25,143.07000732421875,145.08999633789062,136.5399932861328,142.9199981689453,157611700,5.234428059200137,5.308332348227529,4.995517826739824,5.22893975213854
2021-01-26,143.60000610351562,144.3000030517578,141.3699951171875,143.16000366210938,98390600,5.253818849300584,5.279429274125195,5.172230595427723,5.23772070847786
2021-01-27,143.42999267578125,144.3000030517578,140.41000366210938,142.05999755859375,140843800,5.2475986563110295,5.279429274125195,5.137107886601226,5.19747535642105
2021-01-28,139.52000427246094,141.99000549316406,136.6999969482422,137.08999633789062,142621100,5.104545941124495,5.194914593071284,5.001371797632704,5.015640502768229
2021-01-29,135.8300018310547,136.74000549316406,130.2100067138672,131.9600067138672,177523800,4.9695417380839295,5.002835569488619,4.763925895293697,4.827952236487919
2021-02-01,133.75,135.3800048828125,130.92999267578125,134.13999938964844,106239800,4.893441791272665,4.953077933429922,4.790267647780874,4.90771049640819
2021-02-02,135.72999572753906,136.30999755859375,134.61000061035156,134.99000549316406,83305400,4.965882866709532,4.987103092497178,4.924906186990156,4.938809228294398
2021-02-03,135.75999450683594,135.77000427246094,133.61000061035156,133.94000244140625,89880900,4.966980416468774,4.967346638565448,4.888319706307743,4.900393311924786
2021-02-04,136.3000030517578,137.39999389648438,134.58999633789062,137.38999938964844,84183100,4.986737428665895,5.026982222457314,4.924174301062197,5.0266165586260305
2021-02-05,137.35000610351562,137.4199981689453,135.86000061035156,136.75999450683594,75693800,5.025153345035506,5.027714108385272,4.970639287843171,5.0035668971511855
2021-02-08,136.02999877929688,136.9600067138672,134.9199981689453,136.91000366210938,71297200,4.9768589225673345,5.010884639899981,4.936247906679241,5.009055204212783
2021-02-09,136.6199951171875,137.8800048828125,135.85000610351562,136.00999450683594,76774200,4.998444812186263,5.044544135135953,4.970273624011888,4.976127036639376
2021-02-10,136.47999572753906,136.99000549316406,134.39999389648438,135.38999938964844,73046600,4.993322727221342,5.011982189659222,4.917222780410077,4.953443597261206
2021-02-11,135.89999389648438,136.38999938964844,133.77000427246094,135.1300048828125,64280000,4.972102501433695,4.990030077943619,4.894173677200623,4.943931313259319
2021-02-12,134.35000610351562,135.52999877929688,133.69000244140625,135.3699951171875,60145100,4.915393902988269,4.958565682226128,4.891246691754183,4.952711711333248
2021-02-16,135.49000549316406,136.00999450683594,132.7899932861328,133.19000244140625,80576300,4.957102468635604,4.976127036639376,4.858318524180777,4.872953451412977
2021-02-17,131.25,132.22000122070312,129.47000122070312,130.83999633789062,97918500,4.801975589566634,4.837464520489806,4.7368516986131715,4.786974998503151
2021-02-18,129.1999969482422,130.0,127.41000366210938,129.7100067138672,96856700,4.726973192514611,4.756242488713618,4.661483637729864,4.745632654952491
2021-02-19,130.24000549316406,130.7100067138672,128.8000030517578,129.8699951171875,87668800,4.765023445052938,4.782219135634904,4.712338823547801,4.75148606757998
2021-02-22,128.00999450683594,129.72000122070312,125.5999984741211,126.0,103916400,4.6834351911800765,4.745998318783774,4.595261917884464,4.609896565983968
2021-02-23,123.76000213623048,126.70999908447266,118.38999938964844,125.86000061035156,158273000,4.52794292741252,4.635872933772558,4.331473425660194,4.604774481019047
2021-02-24,124.94000244140624,125.55999755859376,122.2300033569336,125.3499984741211,111039900,4.5711149857830735,4.593798425161245,4.47196565662966,4.586115297713861
2021-02-25,124.68000030517578,126.45999908447266,120.54000091552734,120.98999786376952,148199500,4.561602422648492,4.626726313601955,4.41013441495392,4.426598219607927
2021-02-26,122.58999633789062,124.8499984741211,121.1999969482422,121.26000213623048,164560400,4.485136532873248,4.567822057372656,4.434281347055311,4.4364767257064885
2021-03-01,123.75,127.93000030517578,122.79000091552734,127.79000091552734,116307900,4.52757698444854,4.6805084848663325,4.492453996489348,4.67538639990141
2021-03-02,128.41000366210938,128.72000122070312,125.01000213623048,125.12000274658205,102260900,4.698070118412277,4.709411838101362,4.5736760282655355,4.5777005634712165
2021-03-03,124.80999755859376,125.70999908447266,121.83999633789062,122.05999755859376,112966300,4.566358564649436,4.599286453090145,4.457696672361439,4.465745742772802
2021-03-04,121.75,123.5999984741211,118.62000274658205,120.12999725341795,178155000,4.454404023083716,4.52208895651964,4.339888439035535,4.395133823890436
2021-03-05,120.9800033569336,121.94000244140624,117.56999969482422,121.41999816894533,153766600,4.426232555776644,4.461355543735836,4.301472522665923,4.442330417466673
2021-03-08,120.93000030517578,121.0,116.20999908447266,116.36000061035156,154376600,4.424403120089445,4.426964162571906,4.251714886607227,4.257202914536128
2021-03-09,119.02999877929688,122.05999755859376,118.79000091552734,121.08999633789062,129525800,4.354888750966323,4.465745742772802,4.346108073759698,4.430256811849629
2021-03-10,121.69000244140624,122.16999816894533,119.4499969482422,119.9800033569336,111943300,4.452208923565233,4.4697702779784825,4.37025500586109,4.389646075094232
2021-03-11,122.54000091552734,123.20999908447266,121.26000213623048,121.95999908447266,103026500,4.483307376318745,4.507820251384114,4.4364767257064885,4.462087150531099
2021-03-12,120.4000015258789,121.16999816894533,119.16000366210938,121.02999877929688,88105100,4.405012329988998,4.43318379729607,4.359645172099961,4.428061712331147
2021-03-15,121.41000366210938,124.0,120.41999816894533,123.98999786376952,92403800,4.441964753635389,4.5367236046191435,4.405743936784261,4.536357661655164
2021-03-16,125.6999969482422,127.22000122070312,124.72000122070312,125.56999969482422,115227900,4.598920510126167,4.654532117077743,4.563065915371712,4.594164368125224
2021-03-17,124.0500030517578,125.86000061035156,122.33999633789062,124.76000213623048,111932600,4.538553040306342,4.604774481019047,4.475989912702645,4.564529408094932
2021-03-18,122.87999725341795,123.18000030517578,120.31999969482422,120.52999877929688,121229700,4.4957466457670705,4.506722701624874,4.402085344542558,4.409768471989941
2021-03-19,119.9000015258789,121.43000030517578,119.68000030517578,119.98999786376952,185549500,4.386719089647792,4.442696360430651,4.37867001923643,4.390011738925515
2021-03-22,120.33000183105467,123.87000274658205,120.26000213623048,123.38999938964844,111912300,4.402451287506536,4.531967462618201,4.399890245024077,4.514405829072256
2021-03-23,123.33000183105467,124.23999786376952,122.13999938964844,122.54000091552734,95467100,4.5122107295537734,4.545504281825767,4.468672728219241,4.483307376318745
2021-03-24,122.81999969482422,122.9000015258789,120.06999969482422,120.08999633789062,88530500,4.4935515462485895,4.496478531695029,4.392938724371955,4.393670331167217
2021-03-25,119.54000091552734,121.66000366210938,119.0,120.58999633789062,98844700,4.373547934271508,4.451111373805992,4.353791201207081,4.411963571508423
2021-03-26,120.3499984741211,121.4800033569336,118.91999816894533,121.20999908447266,94071200,4.403182894301799,4.44452579611785,4.350864215760642,4.4346472900192895
2021-03-29,121.6500015258789,122.58000183105467,120.7300033569336,121.38999938964844,80819200,4.450745430842013,4.484770869041965,4.417085935606041,4.4412328677074315
2021-03-30,120.11000061035156,120.4000015258789,118.86000061035156,119.9000015258789,85671900,4.394402217095175,4.405012329988998,4.348669116242159,4.386719089647792
2021-03-31,121.6500015258789,123.5199966430664,121.1500015258789,122.1500015258789,118323800,4.450745430842013,4.5191619710732,4.432452190500808,4.4690386711832195
2021-04-01,123.66000366210938,124.18000030517578,122.48999786376952,123.0,75089100,4.524284335170817,4.5433091823072855,4.481477940631546,4.500137123936732
2021-04-05,123.87000274658205,126.16000366210938,123.06999969482422,125.9000015258789,88651200,4.531967462618201,4.615750536876848,4.502698166419192,4.6062379737422665
2021-04-06,126.5,127.12999725341795,125.6500015258789,126.20999908447266,80171300,4.6281898063251745,4.651239188667324,4.597091353571663,4.6175796934313516
2021-04-07,125.83000183105467,127.91999816894533,125.13999938964844,127.9000015258789,83466700,4.6036769312598045,4.680142541902354,4.5784321702664785,4.679410935107091
2021-04-08,128.9499969482422,130.38999938964844,128.52000427246094,130.36000061035156,88844600,4.717826572344007,4.770511193849144,4.702094653617958,4.769413644089902
2021-04-09,129.8000030517578,133.0399932861328,129.47000122070312,133.0,106686700,4.748925304230214,4.86746514435138,4.7368516986131715,4.866001930760856
2021-04-12,132.52000427246094,132.85000610351562,130.6300048828125,131.24000549316406,91420000,4.848440576347607,4.860514181964651,4.779292150188463,4.801609925735351
2021-04-13,132.44000244140625,134.66000366210938,131.92999267578125,134.42999267578125,91266500,4.8455135909011675,4.926735622677354,4.826854128463286,4.918320330169318
2021-04-14,134.94000244140625,135.0,131.66000366210938,132.02999877929688,87222800,4.9369797926071985,4.93917489212568,4.816976180630117,4.830512999837684
2021-04-15,133.82000732421875,135.0,133.63999938964844,134.5,89347100,4.896003112887822,4.93917489212568,4.889417256066984,4.920881651784474
2021-04-16,134.3000030517578,134.6699981689453,133.27999877929688,134.16000366210938,84922400,4.91356446730107,4.927101286508638,4.8762461006907,4.9084423823361485
2021-04-19,133.50999450683594,135.47000122070312,133.33999633789062,134.83999633789062,94264200,4.884660834933345,4.956370582707645,4.878441200209182,4.9333209212328
2021-04-20,135.02000427246094,135.52999877929688,131.80999755859375,133.11000061035156,94812300,4.939906778053638,4.958565682226128,4.8224639294263225,4.870026465966537
2021-04-21,132.36000061035156,133.75,131.3000030517578,133.5,68847100,4.842586605454727,4.893441791272665,4.8038050252538325,4.884295171102062
2021-04-22,133.0399932861328,134.14999389648438,131.41000366210938,131.94000244140625,84566500,4.86746514435138,4.908076160239474,4.807829560459514,4.827220350559961
2021-04-23,132.16000366210938,135.1199951171875,132.16000366210938,134.32000732421875,78657500,4.835269420971323,4.943565091162645,4.835269420971323,4.914296353229028
2021-04-26,134.8300018310547,135.05999755859375,133.55999755859375,134.72000122070312,66905100,4.932955257401518,4.941369991644163,4.886490270620544,4.928930722195837
2021-04-27,135.00999450683594,135.41000366210938,134.11000061035156,134.38999938964844,66015800,4.939540555956964,4.954175483189164,4.906612946648949,4.916857116578793
2021-04-28,134.30999755859375,135.02000427246094,133.0800018310547,133.5800018310547,107760100,4.9139301311323536,4.939906778053638,4.868928916207295,4.887222156548502
2021-04-29,136.47000122070312,137.07000732421875,132.4499969482422,133.47999572753906,151101000,4.992957063390058,5.014909175105662,4.84587925473245,4.883563285174104
2021-04-30,131.77999877929688,133.55999755859375,131.07000732421875,131.4600067138672,109839500,4.821366379667081,4.886490270620544,4.795390291011188,4.809658996146712
2021-05-03,132.0399932861328,134.07000732421875,131.8300018310547,132.5399932861328,75135100,4.830878663668968,4.905149733058425,4.82319581535428,4.8491719040101735
2021-05-04,131.19000244140625,131.49000549316406,126.6999969482422,127.8499984741211,137564700,4.7997804900481515,4.810756545905954,4.6355069908085795,4.677581499419892
2021-05-05,129.1999969482422,130.4499969482422,127.97000122070312,128.10000610351562,84000900,4.726973192514611,4.772706293367626,4.681971977589552,4.686728398723191
2021-05-06,127.88999938964844,129.75,127.12999725341795,129.74000549316406,78128300,4.679044992143113,4.747095868543015,4.651239188667324,4.746730204711732
2021-05-07,130.85000610351562,131.25999450683594,129.47999572753906,130.2100067138672,78973300,4.787341220599825,4.802341253397917,4.737217362444454,4.763925895293697
2021-05-10,129.41000366210938,129.5399932861328,126.80999755859376,126.8499984741211,88071200,4.734656599094689,4.739412461962936,4.63953152601426,4.64099501873748
2021-05-11,123.5,126.2699966430664,122.7699966430664,125.91000366210938,126142800,4.518430364277937,4.619774792949834,4.4917221105613905,4.606603916706245
2021-05-12,123.4000015258789,124.63999938964844,122.25,122.7699966430664,112172300,4.5147717720362355,4.560138929925272,4.472697263424922,4.4917221105613905
2021-05-13,124.58000183105467,126.1500015258789,124.26000213623048,124.97000122070312,105861300,4.557943830406789,4.61538459391287,4.546236167753726,4.572212535542315
2021-05-14,126.25,127.88999938964844,125.8499984741211,127.4499969482422,81918000,4.619043186154571,4.679044992143113,4.6044085380550674,4.662946851320389
2021-05-17,126.81999969482422,126.93000030517578,125.16999816894533,126.2699966430664,74244600,4.639897468978239,4.64392200418392,4.57952972002572,4.619774792949834
2021-05-18,126.55999755859376,126.98999786376952,124.77999877929688,124.8499984741211,63342900,4.630384905843657,4.646117103702402,4.565261014890194,4.567822057372656
2021-05-19,123.16000366210938,124.91999816894533,122.86000061035156,124.69000244140624,92612000,4.505991094829611,4.570383099855117,4.495015038971809,4.56196836561247
2021-05-20,125.2300033569336,127.72000122070312,125.0999984741211,127.30999755859376,76857100,4.581725098676897,4.672825357418949,4.576968677543258,4.657824766355467
2021-05-21,127.81999969482422,128.0,125.20999908447266,125.43000030517578,79295400,4.676483949660652,4.683069527348794,4.58099321274894,4.5890422831603015
2021-05-24,126.01000213623048,127.94000244140624,125.94000244140624,127.0999984741211,63092900,4.610262508947948,4.680874427830311,4.607701466465486,4.650141638908083
2021-05-25,127.81999969482422,128.32000732421875,126.31999969482422,126.9000015258789,72009500,4.676483949660652,4.694777469134554,4.6216042286370325,4.642824454424679
2021-05-26,126.95999908447266,127.38999938964844,126.41999816894533,126.8499984741211,56575900,4.645019553943161,4.660751751801906,4.625262820878735,4.64099501873748
2021-05-27,126.44000244140624,127.63999938964844,125.08000183105467,125.27999877929688,94625600,4.625994706806692,4.66989837197251,4.576237070747996,4.5835542552314
2021-05-28,125.56999969482422,125.8000030517578,124.5500030517578,124.61000061035156,71311100,4.594164368125224,4.602579381500564,4.556846280647548,4.559041380166031
2021-06-01,125.08000183105467,125.3499984741211,123.94000244140624,124.27999877929688,67637100,4.576237070747996,4.586115297713861,4.534528505100661,4.546967774548988
2021-06-02,124.27999877929688,125.23999786376952,124.0500030517578,125.05999755859376,59278900,4.546967774548988,4.58209076250818,4.538553040306342,4.575505184820039
2021-06-03,124.68000030517578,124.8499984741211,123.12999725341795,123.54000091552734,76229200,4.561602422648492,4.567822057372656,4.504893265937674,4.519893857001158
2021-06-04,124.06999969482422,126.16000366210938,123.8499984741211,125.88999938964844,75169300,4.539284647101605,4.615750536876848,4.531235576690243,4.605872030778287
2021-06-07,126.16999816894533,126.31999969482422,124.83000183105467,125.9000015258789,71057600,4.616116200708133,4.6216042286370325,4.567090450577393,4.6062379737422665
2021-06-08,126.5999984741211,128.4600067138672,126.20999908447266,126.73999786376952,74403800,4.631848398566877,4.699899554099475,4.6175796934313516,4.636970483531798
2021-06-09,127.20999908447266,127.75,126.5199966430664,127.12999725341795,56877900,4.654166174113764,4.6739229071781905,4.628921413120437,4.651239188667324
2021-06-10,127.0199966430664,128.19000244140625,125.94000244140624,126.11000061035156,71186400,4.647214653461643,4.690021048000914,4.607701466465486,4.61392110118965
2021-06-11,126.52999877929688,127.44000244140624,126.0999984741211,127.3499984741211,53522400,4.629287356084416,4.6625811874891046,4.613555158225671,4.659288259078687
2021-06-14,127.81999969482422,130.5399932861328,127.06999969482422,130.47999572753906,96906500,4.676483949660652,4.775998942645349,4.649044089148842,4.773803843126867
2021-06-15,129.94000244140625,130.60000610351562,129.38999938964844,129.63999938964844,62746300,4.7540473891951365,4.778194600429222,4.733924713166731,4.743071333337334
2021-06-16,130.3699951171875,130.88999938964844,128.4600067138672,130.14999389648438,91815000,4.769779307921186,4.78880443419035,4.699899554099475,4.761730237509823
2021-06-17,129.8000030517578,132.5500030517578,129.64999389648438,131.7899932861328,96721700,4.748925304230214,4.849538126106848,4.743436997168618,4.821732043498365
2021-06-18,130.7100067138672,131.50999450683594,130.24000549316406,130.4600067138672,108953300,4.782219135634904,4.81148787356852,4.765023445052938,4.773072515464301
2021-06-21,130.3000030517578,132.41000366210938,129.2100067138672,132.3000030517578,79663300,4.767218544571421,4.844416041141926,4.727339414611285,4.840391505936245
2021-06-22,132.1300048828125,134.0800018310547,131.6199951171875,133.97999572753906,74783600,4.8341718712120825,4.905515396889708,4.815512408774201,4.90185652551531
2021-06-23,133.77000427246094,134.32000732421875,133.22999572753906,133.6999969482422,60214200,4.894173677200623,4.914296353229028,4.874416665003501,4.891612355585466
2021-06-24,134.4499969482422,134.63999938964844,132.92999267578125,133.41000366210938,68711000,4.919052216097276,4.926003736749396,4.863440609145699,4.881002521824339
2021-06-25,133.4600067138672,133.88999938964844,132.80999755859375,133.11000061035156,70783700,4.882831957511538,4.898563876237587,4.859050410108734,4.870026465966537
2021-06-28,133.41000366210938,135.25,133.35000610351562,134.77999877929688,62111300,4.881002521824339,4.948321512296284,4.878807422305856,4.931125821714319
2021-06-29,134.8000030517578,136.49000549316406,134.35000610351562,136.3300018310547,64556100,4.931857707642276,4.993688949318016,4.915393902988269,4.987834978425136
2021-06-30,136.1699981689453,137.41000366210938,135.8699951171875,136.9600067138672,63261400,4.981981007532256,5.027348444553988,4.9710049516744546,5.010884639899981
2021-07-01,136.60000610351562,137.3300018310547,135.75999450683594,137.27000427246094,52485800,4.997713484523697,5.024421459107549,4.966980416468774,5.022226359589067
2021-07-02,137.89999389648438,140.0,137.75,139.9600067138672,78852600,5.045275462798521,5.1221072955377425,5.039787714002315,5.120644081947218
2021-07-06,140.07000732421875,143.14999389648438,140.07000732421875,142.02000427246094,108181800,5.124668617152899,5.237354486381186,5.124668617152899,5.196012142830526
2021-07-07,143.5399932861328,144.88999938964844,142.66000366210938,144.57000732421875,104911600,5.25162319151671,5.3010151637441245,5.2194274681366535,5.289307780223756
2021-07-08,141.5800018310547,144.05999755859375,140.6699981689453,143.24000549316406,105575500,5.179914002007801,5.2706483177858745,5.1466201706031125,5.2406476939243
2021-07-09,142.75,145.64999389648438,142.64999389648438,145.11000061035156,99890800,5.222720117414377,5.328820688087217,5.2190612460399795,5.309064234155486
2021-07-12,146.2100067138672,146.32000732421875,144.0,144.5,76299700,5.349309586212296,5.353334121417977,5.268453218267393,5.286746458608599
2021-07-13,144.02999877929688,147.4600067138672,143.6300048828125,145.63999938964844,100827100,5.269550768026634,5.395042687065312,5.254916399059825,5.328455024255933
2021-07-14,148.10000610351562,149.57000732421875,147.67999267578125,149.14999389648438,127050800,5.41845801237144,5.472240183635818,5.403091199211283,5.456873370475661
2021-07-15,149.24000549316406,150.0,147.08999633789062,148.47999572753906,106820300,5.460166578018775,5.4879721023618675,5.381505309592353,5.432360495410291
2021-07-16,148.4600067138672,149.75999450683594,145.8800048828125,146.38999938964844,93251400,5.431629167747724,5.479191146022547,5.337235980595254,5.355894884767743
2021-07-19,143.75,144.07000732421875,141.6699981689453,142.4499969482422,121434600,5.2593065980967895,5.271014539882549,5.183206651285524,5.211744061556575
2021-07-20,143.4600067138672,147.10000610351562,142.9600067138672,146.14999389648438,96350000,5.248696764335662,5.381871531689027,5.230403523994456,5.347113928428423
2021-07-21,145.52999877929688,146.1300048828125,144.6300048828125,145.39999389648438,74993500,5.324430489050252,5.346382600765857,5.291502879742238,5.319674067916614
2021-07-22,145.94000244140625,148.1999969482422,145.80999755859375,146.8000030517578,77338200,5.3394310801137355,5.422116325480447,5.334674658980097,5.370895475831226
2021-07-23,147.5500030517578,148.72000122070312,146.9199981689453,148.55999755859375,71447400,5.3983353363430355,5.441141451749611,5.37528567486819,5.435287480856731
2021-07-26,148.27000427246094,149.8300018310547,147.6999969482422,148.99000549316406,72434100,5.424677647095604,5.481752467637704,5.403823085139241,5.451019957848172
2021-07-27,149.1199951171875,149.2100067138672,145.5500030517578,146.77000427246094,104818600,5.455775820716419,5.459069028259534,5.32516237497821,5.369797926071985
2021-07-28,144.80999755859375,146.97000122070312,142.5399932861328,144.97999572753906,118931200,5.298088178297684,5.377115110555389,5.2150367108342985,5.304307813021848
2021-07-29,144.69000244140625,146.5500030517578,144.5800018310547,145.63999938964844,56699500,5.2936979792607195,5.361748855660623,5.289673444055039,5.328455024255933
2021-07-30,144.3800048828125,146.3300018310547,144.11000061035156,145.86000061035156,70440600,5.2823562595716345,5.353699785249261,5.272477753473074,5.336504094667295
2021-08-02,146.36000061035156,146.9499969482422,145.25,145.52000427246094,62880000,5.354797335008501,5.376383224627431,5.314186319120409,5.3240648252189695
2021-08-03,145.80999755859375,148.0399932861328,145.17999267578125,147.36000061035156,64786600,5.334674658980097,5.416262354587567,5.311624997505252,5.391383815690914
2021-08-04,147.27000427246094,147.7899932861328,146.27999877929688,146.9499969482422,56368300,5.388091166413191,5.407115734416964,5.351870349562062,5.376383224627431
2021-08-05,146.97999572753906,147.83999633789062,146.1699981689453,147.05999755859375,46397700,5.377480774386672,5.408945170104163,5.347845814356381,5.380407759833112
2021-08-06,146.35000610351562,147.11000061035156,145.6300048828125,146.13999938964844,54126800,5.354431671177219,5.382237195520311,5.32808936042465,5.34674826459714
2021-08-09,146.1999969482422,146.6999969482422,145.52000427246094,146.08999633789062,48908700,5.348943364115621,5.367236604456828,5.3240648252189695,5.3449188289099405
2021-08-10,146.44000244140625,147.7100067138672,145.3000030517578,145.60000610351562,69023100,5.357724320454942,5.404189307235915,5.316015754807607,5.326991810665409
2021-08-11,146.0500030517578,146.72000122070312,145.52999877929688,145.86000061035156,48493500,5.343455615319416,5.3679684903847855,5.324430489050252,5.336504094667295
2021-08-12,146.19000244140625,149.0500030517578,145.83999633789062,148.88999938964844,72282600,5.348577700284339,5.453215057366654,5.335772208739337,5.447361086473774
2021-08-13,148.97000122070312,149.44000244140625,148.27000427246094,149.10000610351562,59375000,5.450288071920214,5.467483762502179,5.424677647095604,5.455044493053853
2021-08-16,148.5399932861328,151.19000244140625,146.47000122070312,151.1199951171875,103296000,5.434555594928773,5.531510103696401,5.358821870214182,5.528948782081244
2021-08-17,150.22999572753906,151.67999267578125,149.08999633789062,150.19000244140625,92229700,5.496386836604513,5.549437121940932,5.454678270957178,5.494923623013988
2021-08-18,149.8000030517578,150.72000122070312,146.14999389648438,146.36000061035156,86326000,5.480654917878463,5.514314413114436,5.347113928428423,5.354797335008501
2021-08-19,145.02999877929688,148.0,144.5,146.6999969482422,86960300,5.306137248709046,5.414799140997043,5.286746458608599,5.367236604456828
2021-08-20,147.44000244140625,148.5,146.77999877929688,148.19000244140625,60549600,5.394310801137354,5.433092381338248,5.370163589903268,5.421750661649163
2021-08-23,148.30999755859375,150.19000244140625,147.88999938964844,149.7100067138672,60131800,5.426140860686128,5.494923623013988,5.410774605791361,5.47736226860074
2021-08-24,149.4499969482422,150.86000061035156,149.14999389648438,149.6199951171875,48606400,5.467849426333462,5.519436498079358,5.456873370475661,5.474069061057626
2021-08-25,149.80999755859375,150.32000732421875,147.8000030517578,148.36000061035156,58991300,5.481020581709746,5.4996800441476275,5.407481956513638,5.427970296373327
2021-08-26,148.35000610351562,149.1199951171875,147.50999450683594,147.5399932861328,48597200,5.427604632542043,5.455775820716419,5.396871564487119,5.397969114246361
2021-08-27,147.47999572753906,148.75,146.8300018310547,148.60000610351562,55802400,5.395774014727879,5.4422390015088515,5.371993025590466,5.4367512527126465
2021-08-30,149.0,153.49000549316406,148.61000061035156,153.1199951171875,90956700,5.451385621679455,5.615659120919028,5.437116916543929,5.602121743446069
2021-08-31,152.66000366210938,152.8000030517578,151.2899932861328,151.8300018310547,86453100,5.5852922749607785,5.590414359925701,5.535168416805408,5.554925429002529
2021-09-01,152.8300018310547,154.97999572753906,152.33999633789062,152.50999450683594,80313700,5.591511909684941,5.670172619845972,5.573584333175019,5.579803967899181
2021-09-02,153.8699951171875,154.72000122070312,152.39999389648438,153.64999389648438,71115500,5.629561603957878,5.660660335844085,5.5757794326935,5.621512533546516
2021-09-03,153.75999450683594,154.6300048828125,153.08999633789062,154.3000030517578,57808700,5.625537068752197,5.657367686566362,5.601024193686828,5.645294080949319
2021-09-07,154.97000122070312,157.25999450683594,154.38999938964844,156.69000244140625,82278300,5.669806956014688,5.753589751140641,5.648586730227042,5.732735747449669
2021-09-08,156.97999572753906,157.0399932861328,153.97999572753906,155.11000061035156,74420200,5.7433455812107965,5.745540680729279,5.633586139163559,5.6749290409796105
2021-09-09,155.49000549316406,156.11000061035156,153.9499969482422,154.07000732421875,57305700,5.688832082283852,5.711515521662023,5.632488589404319,5.636879346706674
2021-09-10,155.0,155.47999572753906,148.6999969482422,148.97000122070312,140893200,5.67090450577393,5.688465860187178,5.4404095658216525,5.450288071920214
2021-09-13,150.6300048828125,151.4199981689453,148.75,149.5500030517578,102404300,5.5110217638367125,5.539924837939046,5.4422390015088515,5.47150829770786
2021-09-14,150.35000610351562,151.07000732421875,146.91000366210938,148.1199951171875,109296300,5.500777593906868,5.527119904659436,5.374920011036907,5.4191893400340065
2021-09-15,148.55999755859375,149.44000244140625,146.3699951171875,149.02999877929688,83281300,5.435287480856731,5.467483762502179,5.355162998839785,5.452483171438696
2021-09-16,148.44000244140625,148.97000122070312,147.22000122070312,148.7899932861328,68034100,5.4308972818197665,5.450288071920214,5.386261730725992,5.443702215099376
2021-09-17,148.82000732421875,148.82000732421875,145.75999450683594,146.05999755859375,129868800,5.444800323124008,5.444800323124008,5.332845223292898,5.3438212791507
2021-09-20,143.8000030517578,144.83999633789062,141.27000427246094,142.94000244140625,123478900,5.2611360337839885,5.2991857280569254,5.168572282318716,5.229671638066498
2021-09-21,143.92999267578125,144.60000610351562,142.77999877929688,143.42999267578125,75834000,5.265891896652236,5.290405329982996,5.223817667173618,5.2475986563110295
2021-09-22,144.4499969482422,146.42999267578125,143.6999969482422,145.85000610351562,76404300,5.2849170229214,5.357358098358267,5.25747716240959,5.336138430836012
2021-09-23,146.64999389648438,147.0800018310547,145.63999938964844,146.8300018310547,64838200,5.365407168769629,5.38113964576107,5.328455024255933,5.371993025590466
2021-09-24,145.66000366210938,147.47000122070312,145.55999755859375,146.9199981689453,53477900,5.329186910183891,5.395408350896595,5.325528038809494,5.37528567486819
2021-09-27,145.47000122070312,145.9600067138672,143.82000732421875,145.3699951171875,74150700,5.3222353895317704,5.340162966041693,5.261867919711946,5.318576518157372
2021-09-28,143.25,144.75,141.69000244140625,141.91000366210938,108972300,5.241013357755583,5.295893078779202,5.183938537213482,5.191987607624845
2021-09-29,142.47000122070312,144.4499969482422,142.02999877929688,142.8300018310547,74602000,5.212475947484533,5.2849170229214,5.1963778066618085,5.225647102860817
2021-09-30,143.66000366210938,144.3800048828125,141.27999877929688,141.5,89056700,5.256013948819066,5.2823562595716345,5.16893794615,5.176987016561362
2021-10-01,141.89999389648438,142.9199981689453,139.11000061035156,142.64999389648438,94639600,5.19162138552817,5.22893975213854,5.0895453500610115,5.2190612460399795
2021-10-04,141.75999450683594,142.2100067138672,138.27000427246094,139.13999938964844,98322000,5.186499300563248,5.202963663482646,5.058812840271479,5.090642899820253
2021-10-05,139.49000549316406,142.24000549316406,139.36000061035156,141.11000061035156,80861100,5.103448391365253,5.2040612132418875,5.098691970231615,5.162718311425836
2021-10-06,139.47000122070312,142.14999389648438,138.3699951171875,142.0,83221100,5.102716505437296,5.200768005698773,5.062471153380486,5.195280256902568
2021-10-07,143.05999755859375,144.22000122070312,142.72000122070312,143.2899932861328,61732700,5.234061837103463,5.2765022886787545,5.221622567655136,5.242476571346107
2021-10-08,144.02999877929688,144.17999267578125,142.55999755859375,142.89999389648438,58773200,5.269550768026634,5.275038516822839,5.215768596762256,5.228207866210583
2021-10-11,142.27000427246094,144.80999755859375,141.80999755859375,142.80999755859375,64452200,5.205158763001129,5.298088178297684,5.188328736250447,5.224915216932859
2021-10-12,143.22999572753906,143.25,141.0399932861328,141.50999450683594,73035900,5.240281471827625,5.241013357755583,5.160156989810679,5.177352680392644
2021-10-13,141.24000549316406,141.39999389648438,139.1999969482422,140.91000366210938,78762700,5.167474732559475,5.1733281451869635,5.092837999338735,5.155401126942432
2021-10-14,142.11000061035156,143.8800048828125,141.50999450683594,143.75999450683594,69907100,5.199304792108249,5.264063019230428,5.177352680392644,5.259672261928073
2021-10-15,143.77000427246094,144.89999389648438,143.50999450683594,144.83999633789062,67940300,5.260038484024747,5.301380827575407,5.25052564175747,5.2991857280569254
2021-10-18,143.4499969482422,146.83999633789062,143.16000366210938,146.5500030517578,85589200,5.248330542238987,5.37235868942175,5.23772070847786,5.361748855660623
2021-10-19,147.00999450683594,149.1699981689453,146.5500030517578,148.75999450683594,76378900,5.378578324145913,5.457605256403618,5.361748855660623,5.442604665340135
2021-10-20,148.6999969482422,149.75,148.1199951171875,149.25999450683594,58418800,5.4404095658216525,5.478825482191264,5.4191893400340065,5.460897905681342
2021-10-21,148.80999755859375,149.63999938964844,147.8699951171875,149.47999572753906,61421000,5.444434101027334,5.474800946985583,5.410042719863403,5.468946976092703
2021-10-22,149.69000244140625,150.17999267578125,148.63999938964844,148.69000244140625,58883400,5.4766303826727825,5.494557400917314,5.438214466303171,5.44004390199037
2021-10-25,148.67999267578125,149.3699951171875,147.6199951171875,148.63999938964844,50720600,5.439677679893695,5.4649224408870225,5.4008960996928,5.438214466303171
2021-10-26,149.3300018310547,150.83999633789062,149.00999450683594,149.32000732421875,60893400,5.463459227296498,5.5187046121514,5.451751285510738,5.463093563465215
2021-10-27,149.36000061035156,149.72999572753906,148.49000549316406,148.85000610351562,56094900,5.464556777055739,5.478093596263307,5.432726717506966,5.44589787288325
2021-10-28,149.82000732421875,153.1699981689453,149.72000122070312,152.57000732421875,100077900,5.481386803806421,5.603951179133268,5.477727932432023,5.581999625683055
2021-10-29,147.22000122070312,149.94000244140625,146.41000366210938,149.8000030517578,124953200,5.386261730725992,5.485777002843385,5.3566267706957005,5.480654917878463
2021-11-01,148.99000549316406,149.6999969482422,147.8000030517578,148.9600067138672,74588300,5.451019957848172,5.476996046504065,5.407481956513638,5.449922408088931
2021-11-02,148.66000366210938,151.57000732421875,148.64999389648438,150.02000427246094,69122000,5.438946352231128,5.5454131450006425,5.438580130134454,5.488703988289825
2021-11-03,150.38999938964844,151.97000122070312,149.82000732421875,151.49000549316406,54511500,5.502240807497393,5.560047513967451,5.481386803806421,5.542486159554203
2021-11-04,151.5800018310547,152.42999267578125,150.63999938964844,150.9600067138672,60394600,5.545778808831926,5.576876982452742,5.511387427667995,5.523095369453755
2021-11-05,151.88999938964844,152.1999969482422,150.05999755859375,151.27999877929688,65463900,5.557120528521011,5.568462248210096,5.490167201880349,5.534802752974124
2021-11-08,151.41000366210938,151.57000732421875,150.16000366210938,150.44000244140625,55020900,5.5395591741077626,5.5454131450006425,5.4938260732547475,5.504070243184591
2021-11-09,150.1999969482422,151.42999267578125,150.05999755859375,150.80999755859375,56787900,5.495289286845272,5.540290501770329,5.490167201880349,5.517607062392159
2021-11-10,150.02000427246094,150.1300048828125,147.85000610351562,147.9199981689453,65187100,5.488703988289825,5.492728523495506,5.409311392200837,5.411872155550602
2021-11-11,148.9600067138672,149.42999267578125,147.67999267578125,147.8699951171875,41000000,5.449922408088931,5.467117540405504,5.403091199211283,5.410042719863403
2021-11-12,148.42999267578125,150.39999389648438,147.47999572753906,149.99000549316406,63804000,5.430531059723092,5.502606471328676,5.395774014727879,5.487606438530584
2021-11-15,150.3699951171875,151.8800048828125,149.42999267578125,150.0,59222800,5.501508921569434,5.556754864689728,5.467117540405504,5.4879721023618675
2021-11-16,149.94000244140625,151.49000549316406,149.33999633789062,151.0,59256200,5.485777002843385,5.542486159554203,5.463824891127781,5.524558583044279
2021-11-17,151.0,155.0,150.99000549316406,153.49000549316406,88807000,5.524558583044279,5.67090450577393,5.524192919212997,5.615659120919028
2021-11-18,153.7100067138672,158.6699981689453,153.0500030517578,157.8699951171875,137827700,5.6237081913303895,5.805176822886536,5.599560980096304,5.775907526687528
2021-11-19,157.64999389648438,161.02000427246094,156.52999877929688,160.5500030517578,117305600,5.767858456276166,5.891155275796362,5.726881776556789,5.873959585214397
2021-11-22,161.67999267578125,165.6999969482422,161.0,161.02000427246094,117467900,5.915301928765057,6.062379737422664,5.890423389868404,5.891155275796362
2021-11-23,161.1199951171875,161.8000030517578,159.05999755859375,161.41000366210938,96041900,5.894813588905369,5.919692686067412,5.819445528022062,5.905423980931888
2021-11-24,160.75,162.13999938964844,159.63999938964844,161.94000244140625,69463600,5.881276769697801,5.932131955515739,5.8406657538097075,5.9248147710323344
2021-11-26,159.57000732421875,160.4499969482422,156.36000061035156,156.80999755859375,76959800,5.838104990459942,5.870300713839999,5.7206621418326264,5.737125946486634
2021-11-29,159.3699951171875,161.19000244140625,158.7899932861328,160.24000549316406,88748200,5.830787247711147,5.897374910520525,5.809567021923501,5.862617865525312
2021-11-30,159.99000549316406,165.52000427246094,159.9199981689453,165.3000030517578,174048100,5.853471245354709,6.055794438867218,5.850909923739552,6.047745368455856
2021-12-01,167.47999572753906,170.3000030517578,164.52999877929688,164.77000427246094,152052500,6.127503628376127,6.230677771867918,6.019573622016089,6.028354578355409
2021-12-02,158.74000549316406,164.1999969482422,157.8000030517578,163.75999450683594,136739200,5.807738144501693,6.007500016399046,5.773346763337763,5.991401875576321
2021-12-03,164.02000427246094,164.9600067138672,159.72000122070312,161.83999633789062,118023100,6.0009147178435995,6.03530609900753,5.843592739256148,5.921155899657937
2021-12-06,164.2899932861328,167.8800048828125,164.27999877929688,165.32000732421875,107497000,6.010792665676769,6.142138555608327,6.0104270018454855,6.048477254383814
2021-12-07,169.0800018310547,171.5800018310547,168.33999633789062,171.17999267578125,120405400,6.1860422207741435,6.277508422480175,6.1589680240936175,6.262873495247975
2021-12-08,172.1300048828125,175.9600067138672,170.6999969482422,175.0800018310547,116998900,6.29763109850858,6.4377573865140665,6.245312140834727,6.405561104868618
2021-12-09,174.91000366210938,176.75,173.9199981689453,174.55999755859375,108923700,6.3993414701444555,6.4666604606164,6.363120653293326,6.386535978599454
2021-12-10,175.2100067138672,179.6300048828125,174.69000244140625,179.4499969482422,115402700,6.410317526002257,6.572029703626673,6.391292399733094,6.565443846805835
2021-12-13,181.1199951171875,182.1300048828125,175.52999877929688,175.74000549316406,153237000,6.626543202553617,6.663495905332705,6.422024909522626,6.429708316102705
2021-12-14,175.25,177.74000549316406,172.2100067138672,174.3300018310547,139380400,6.411780739592782,6.502881277467529,6.30055808395502,6.37812124435681
2021-12-15,175.11000061035156,179.5,172.30999755859375,179.3000030517578,131063300,6.40665865462786,6.567273282493034,6.304216397064026,6.55995609800963
2021-12-16,179.27999877929688,181.13999938964844,170.75,172.25999450683594,150185800,6.559224212081673,6.627275088481575,6.247141576521925,6.302386961376827
2021-12-17,169.92999267578125,173.47000122070312,169.69000244140625,171.13999938964844,195432700,6.21714039439496,6.346656848639319,6.208359996321031,6.261410281657451
2021-12-20,168.27999877929688,170.5800018310547,167.4600067138672,169.75,107499100,6.156772924575136,6.240921941797763,6.126772300713561,6.2105550958395135
2021-12-21,171.55999755859375,173.1999969482422,169.1199951171875,172.99000549316406,91185900,6.276776536552217,6.336778342540758,6.1875054343646685,6.32909549422607
2021-12-22,173.0399932861328,175.86000061035156,172.14999389648438,175.63999938964844,92135300,6.330924371647878,6.434098515139669,6.298362426171146,6.4260494447283065
2021-12-23,175.85000610351562,176.85000610351562,175.27000427246094,176.27999877929688,68356600,6.433732851308386,6.470319331990798,6.41251262552074,6.449464770034435
2021-12-27,177.08999633789062,180.4199981689453,177.07000732421875,180.3300018310547,74919600,6.479099730064727,6.600932777729007,6.47836840240216,6.597640128451284
2021-12-28,180.16000366210935,181.3300018310547,178.52999877929688,179.2899932861328,79144300,6.59142049372712,6.634226609133696,6.531784351569863,6.559589875912955
2021-12-29,179.3300018310547,180.6300048828125,178.13999938964844,179.3800048828125,62348900,6.561053647768872,6.608616184309086,6.5175156464343384,6.562883083456071
2021-12-30,179.47000122070312,180.57000732421875,178.08999633789062,178.1999969482422,59773000,6.566175732733794,6.606421084790604,6.515686210747139,6.51971074595282
2021-12-31,178.08999633789062,179.22999572753906,177.25999450683594,177.57000732421875,64062300,6.515686210747139,6.5573947763944735,6.48531936478889,6.4966616427433665
2022-01-03,177.8300018310547,182.8800048828125,177.7100067138672,182.0099945068359,104487900,6.5061739267452525,6.690935765844514,6.501783727708289,6.659105148030348
2022-01-04,182.6300048828125,182.94000244140625,179.1199951171875,179.6999969482422,99310400,6.6817891456739105,6.693130865362996,6.553370241188793,6.574590466976439
2022-01-05,179.61000061035156,180.1699981689453,174.63999938964844,174.9199981689453,94537600,6.571297817698715,6.591786157558404,6.389462964045895,6.399707133975738
2022-01-06,172.6999969482422,175.3000030517578,171.63999938964844,172.0,96904000,6.318485102199552,6.41361017527998,6.279703521998657,6.292874677374941
2022-01-07,172.88999938964844,174.13999938964844,171.02999877929688,172.1699981689453,86709100,6.325436622851672,6.371169723704688,6.25738574645177,6.299094312099104
2022-01-10,169.0800018310547,172.5,168.1699981689453,172.19000244140625,106765600,6.1860422207741435,6.311167917716148,6.152748389369455,6.299826198027062
2022-01-11,172.32000732421875,175.17999267578125,170.82000732421875,175.0800018310547,76138300,6.304582619160701,6.409219417977625,6.249702898137082,6.405561104868618
2022-01-12,176.1199951171875,177.17999267578125,174.82000732421875,175.52999877929688,74805200,6.443610799141555,6.48239237934245,6.396048820866732,6.422024909522626
2022-01-13,175.77999877929688,176.6199951171875,171.7899932861328,172.19000244140625,84505800,6.431171529693229,6.461904039482762,6.285191270794862,6.299826198027062
2022-01-14,171.33999633789062,173.77999877929688,171.08999633789062,173.07000732421875,80440800,6.268727466140855,6.357998568328404,6.259580845970252,6.33202247967251
2022-01-18,171.50999450683594,172.5399932861328,169.41000366210938,169.8000030517578,90956700,6.274947100865019,6.312631131306672,6.198115826391187,6.212384531526712
2022-01-19,170.0,171.0800018310547,165.94000244140625,166.22999572753906,94815000,6.219701716010117,6.259215182138969,6.071160693761985,6.081770527523112
2022-01-20,166.97999572753906,169.67999267578125,164.17999267578125,164.50999450683594,91420500,6.109210388034922,6.207993774224357,6.006768130471088,6.018841736088131
2022-01-21,164.4199981689453,166.3300018310547,162.3000030517578,162.41000366210938,122848900,6.015549086810408,6.085429398897509,5.9379859264086186,5.9420104616142995
2022-01-24,160.02000427246094,162.3000030517578,154.6999969482422,161.6199951171875,162294600,5.854568795113949,5.9379859264086186,5.659928449916127,5.9131068292465745
2022-01-25,158.97999572753906,162.75999450683594,157.02000427246094,159.77999877929688,115798400,5.816518542575621,5.9548153948939095,5.744809353066712,5.84578783877463
2022-01-26,163.5,164.38999938964844,157.82000732421875,159.69000244140625,108275300,5.9818895915744354,6.014451537051166,5.774078649265721,5.842495189496907
2022-01-27,162.4499969482422,163.83999633789062,158.27999877929688,159.22000122070312,121954600,5.9434736752048245,5.994328861022762,5.7909081177510116,5.825299498914942
2022-01-28,165.7100067138672,170.35000610351562,162.8000030517578,170.3300018310547,179935700,6.062745959519339,6.232507207555117,5.956279166749825,6.231775321627159
2022-01-31,170.16000366210938,175.0,169.50999450683594,174.77999877929688,115541600,6.225555686902997,6.402634119422179,6.201774139500193,6.394585049010817
2022-02-01,174.00999450683594,174.83999633789062,172.30999755859375,174.61000061035156,86213900,6.36641330257105,6.396780148529299,6.304216397064026,6.388365414286653
2022-02-02,174.75,175.8800048828125,173.3300018310547,175.83999633789062,84914300,6.393487499251576,6.434830401067627,6.341534763674397,6.4333666292117115
2022-02-03,174.47999572753906,176.24000549316406,172.1199951171875,172.89999389648438,89418100,6.383608993153015,6.448001556443911,6.297264876411906,6.325802286682956
2022-02-04,171.67999267578125,174.10000610351562,170.67999267578125,172.38999938964844,82465400,6.281166735589181,6.369706510114164,6.244580254906769,6.307143382510467
2022-02-07,172.86000061035156,173.9499969482422,170.9499969482422,171.66000366210938,77251200,6.324339073092432,6.364218203052567,6.2544587610053295,6.280435407926615
2022-02-08,171.72999572753906,175.35000610351562,171.42999267578125,174.8300018310547,74829200,6.28299617127638,6.415439610967179,6.272020115418578,6.396414484698015
2022-02-09,176.0500030517578,176.64999389648438,174.89999389648438,176.27999877929688,71285000,6.44105003579179,6.463001589242003,6.398975248047781,6.449464770034435
2022-02-10,174.13999938964844,175.47999572753906,171.5500030517578,172.1199951171875,90865900,6.371169723704688,6.420195473835427,6.276410872720934,6.297264876411906
2022-02-11,172.3300018310547,173.0800018310547,168.0399932861328,168.63999938964844,98670700,6.304948282991984,6.332388143503794,6.147991968235816,6.16994407995142
2022-02-14,167.3699951171875,169.5800018310547,166.55999755859375,168.8800048828125,86185500,6.123479093170446,6.20433546111535,6.093844133140155,6.178725036290739
2022-02-15,170.97000122070312,172.9499969482422,170.25,172.7899932861328,62527400,6.255190646933288,6.327631722370155,6.22884833618072,6.321777751477275
2022-02-16,171.85000610351562,173.33999633789062,170.0500030517578,172.5500030517578,61177400,6.287386928578736,6.34190042750568,6.221531151697315,6.312997353403346
2022-02-17,171.02999877929688,171.91000366210938,168.47000122070312,168.8800048828125,69589300,6.25738574645177,6.289582028097218,6.163724445227256,6.178725036290739
2022-02-18,169.82000732421875,170.5399932861328,166.19000244140625,167.3000030517578,82772700,6.21311641745467,6.239458169941847,6.080307313932588,6.120918329820681
2022-02-22,164.97999572753906,166.69000244140625,162.14999389648438,164.32000732421875,91162800,6.036037426670096,6.098600554273793,5.932497619347022,6.011890773701402
2022-02-23,165.5399932861328,166.14999389648438,159.75,160.07000732421875,90009200,6.056525766529784,6.0788435420766715,5.8446902890153885,5.856398230801148
2022-02-24,152.5800018310547,162.85000610351562,152.0,162.74000549316406,141147500,5.582365289514338,5.958108602437024,5.561145063726692,5.954084067231343
2022-02-25,163.83999633789062,165.1199951171875,160.8699951171875,164.85000610351562,91974200,5.994328861022762,6.041159511635018,5.885666968734766,6.031281563801849
2022-02-28,163.05999755859375,165.4199981689453,162.42999267578125,165.1199951171875,95056600,5.965791450751711,6.052135567492821,5.942741789276866,6.041159511635018
2022-03-01,164.6999969482422,166.60000610351562,161.97000122070312,163.1999969482422,83474400,6.025793256740252,6.09530790499607,5.925912320791576,5.970913535716633
2022-03-02,164.38999938964844,167.36000061035156,162.9499969482422,166.55999755859375,79724800,6.014451537051166,6.123113429339163,5.96176691554603,6.093844133140155
2022-03-03,168.47000122070312,168.91000366210938,165.5500030517578,166.22999572753906,76678400,6.163724445227256,6.179822586049981,6.056891988626459,6.081770527523112
2022-03-04,164.49000549316406,165.5500030517578,162.10000610351562,163.1699981689453,83737200,6.0181104084255646,6.056891988626459,5.930668741925214,5.969815985957393
2022-03-07,163.36000061035156,165.02000427246094,159.0399932861328,159.3000030517578,96418800,5.976767506609513,6.037501198526012,5.818713642094104,5.828226484361381
2022-03-08,158.82000732421875,162.8800048828125,155.8000030517578,157.44000244140625,131148300,5.810665129948133,5.9592061521962645,5.700173801972938,5.760175607961479
2022-03-09,161.47999572753906,163.41000366210938,159.41000366210938,162.9499969482422,91454900,5.907984744281653,5.978596942296712,5.832251019567062,5.96176691554603
2022-03-10,160.1999969482422,160.38999938964844,155.97999572753906,158.52000427246094,105342000,5.861154093669396,5.868105614321517,5.706759100528385,5.799689074090331
2022-03-11,158.92999267578125,159.27999877929688,154.5,154.72999572753906,96970100,5.814689106888423,5.827494598433423,5.652611265432723,5.661025999675369
2022-03-14,151.4499969482422,154.1199951171875,150.10000610351562,150.6199951171875,108732100,5.541022387698288,5.638708224128481,5.491630973736265,5.510655541740038
2022-03-15,150.89999389648438,155.57000732421875,150.3800048828125,155.08999633789062,92964300,5.520899711669882,5.691759067730293,5.501875143666109,5.674197155051653
2022-03-16,157.0500030517578,160.0,154.4600067138672,159.58999633789062,102300200,5.745906902825953,5.853836909185992,5.651148051842199,5.8388363181225085
2022-03-17,158.61000061035156,161.0,157.6300048828125,160.6199951171875,75615400,5.802981723368054,5.890423389868404,5.767127128613599,5.876520348564163
2022-03-18,160.50999450683594,164.47999572753906,159.75999450683594,163.97999572753906,123511700,5.872495813358482,6.01774418632889,5.845055952846672,5.999450945987684
2022-03-21,163.50999450683594,166.35000610351562,163.00999450683594,165.3800048828125,95811400,5.982255255405719,6.086161284825468,5.963962015064513,6.050672353902296
2022-03-22,165.50999450683594,169.4199981689453,164.91000366210938,168.82000732421875,81532000,6.055428216770544,6.19848149022247,6.0334766633203305,6.1765299367722575
2022-03-23,167.99000549316406,172.63999938964844,167.64999389648438,170.2100067138672,98062700,6.146163090814008,6.316290002681069,6.133723263100291,6.227385122590195
2022-03-24,171.05999755859375,174.13999938964844,170.2100067138672,174.07000732421875,90131400,6.258483296211011,6.371169723704688,6.227385122590195,6.368608960354923
2022-03-25,173.8800048828125,175.27999877929688,172.75,174.72000122070312,80546200,6.361657439702801,6.412878289352022,6.320314537886751,6.392389949492334
2022-03-28,172.1699981689453,175.72999572753906,172.0,175.60000610351562,90371900,6.299094312099104,6.42934209400603,6.292874677374941,6.424586231137782
2022-03-29,176.69000244140625,179.00999450683594,176.33999633789062,178.9600067138672,100589400,6.464465361097918,6.549345705983112,6.451659869552917,6.547516828561304
2022-03-30,178.5500030517578,179.61000061035156,176.6999969482422,177.77000427246094,92633200,6.532516237497821,6.571297817698715,6.464831024929201,6.503978827226771
2022-03-31,177.83999633789062,178.02999877929688,174.39999389648438,174.61000061035156,103049300,6.506539590576536,6.513491111228657,6.380682007706574,6.388365414286653
2022-04-01,174.02999877929688,174.8800048828125,171.94000244140625,174.30999755859375,78751300,6.367145188499007,6.398243920385214,6.2906795778564595,6.377389358428851
2022-04-04,174.57000732421875,178.49000549316406,174.44000244140625,178.44000244140625,76468400,6.386902200696129,6.530321137979339,6.3821457795624905,6.52849170229214
2022-04-05,177.5,178.3000030517578,174.4199981689453,175.05999755859375,73401800,6.49410032112821,6.5233696173272175,6.381413893634533,6.404829218940661
2022-04-06,172.36000061035156,173.6300048828125,170.1300048828125,171.8300018310547,89058800,6.306045832751225,6.352510819532199,6.224458137143755,6.286655042650778
2022-04-07,171.16000366210938,173.36000061035156,169.85000610351562,172.13999938964844,77594700,6.2621421675854085,6.342632313433638,6.214213967213911,6.297996762339864
2022-04-08,171.77999877929688,171.77999877929688,169.1999969482422,170.08999633789062,76575500,6.2848256069635795,6.2848256069635795,6.190432419811108,6.22299436528784
2022-04-11,168.7100067138672,169.02999877929688,165.5,165.75,72246700,6.172505401566577,6.184212785086945,6.05506255293926,6.064209173109863
2022-04-12,168.02000427246094,169.8699951171875,166.63999938964844,167.66000366210938,79265200,6.147260640573249,6.214945294876477,6.096771118586595,6.134089485196965
2022-04-13,167.38999938964844,171.0399932861328,166.77000427246094,170.39999389648438,70618900,6.124210979098404,6.257751410283053,6.101527539720234,6.234336084976925
2022-04-14,170.6199951171875,171.27000427246094,165.0399932861328,165.2899932861328,75329400,6.242385155388287,6.2661667027910894,6.038232526188579,6.047379146359182
2022-04-18,163.9199981689453,166.60000610351562,163.57000732421875,165.07000732421875,69023900,5.997255846469201,6.09530790499607,5.984450913189592,6.0393306342132105
2022-04-19,165.02000427246094,167.82000732421875,163.91000366210938,167.39999389648438,67723800,6.037501198526012,6.139943456089845,5.996890182637919,6.1245766429296875
2022-04-20,168.75999450683594,168.8800048828125,166.10000610351562,167.22999572753906,67929800,6.174334278988384,6.178725036290739,6.077014664654865,6.118357008205524
2022-04-21,168.91000366210938,171.52999877929688,165.91000366210938,166.4199981689453,87227800,6.179822586049981,6.275678986792976,6.070063144002743,6.088722048175232
2022-04-22,166.4600067138672,167.8699951171875,161.5,161.7899932861328,84882400,6.090185820031149,6.1417723335116525,5.908716630209611,5.919326463970738
2022-04-25,161.1199951171875,163.1699981689453,158.4600067138672,162.8800048828125,96046400,5.894813588905369,5.969815985957393,5.797493974571849,5.9592061521962645
2022-04-26,162.25,162.33999633789062,156.72000122070312,156.8000030517578,95623200,5.9361564907214195,5.939449139999143,5.7338332972089106,5.73676028265535
2022-04-27,155.91000366210938,159.7899932861328,155.3800048828125,156.57000732421875,88063200,5.704198337178619,5.8461535026059135,5.684807547078171,5.728345548412705
2022-04-28,159.25,164.52000427246094,158.92999267578125,163.63999938964844,130216800,5.826397048674182,6.019207958184806,5.814689106888423,5.987011676539358
2022-04-29,161.83999633789062,166.1999969482422,157.25,157.64999389648438,131747600,5.921155899657937,6.080672977763871,5.753224087309357,5.767858456276166
2022-05-02,156.7100067138672,158.22999572753906,153.27000427246094,157.9600067138672,123055300,5.733467633377627,5.7890786820638125,5.607610050507666,5.779200734230643
2022-05-03,158.14999389648438,160.7100067138672,156.32000732421875,159.47999572753906,88966500,5.786151696617372,5.879813556107277,5.719198928242101,5.834811782916828
2022-05-04,159.6699981689453,166.47999572753906,159.25999450683594,166.02000427246094,108256500,5.841763303568949,6.090917147693715,5.826762712505466,6.074087679208424
2022-05-05,163.85000610351562,164.0800018310547,154.9499969482422,156.77000427246094,130525300,5.994695083119436,6.003109817362081,5.6690750700867305,5.73566273289611
2022-05-06,156.00999450683594,159.44000244140625,154.17999267578125,157.27999877929688,116124600,5.707856650287625,5.833348569326303,5.640903323646963,5.754321637068599
2022-05-09,154.92999267578125,155.8300018310547,151.49000549316406,152.05999755859375,131577900,5.668343184158773,5.701271351732179,5.542486159554203,5.563340163245174
2022-05-10,155.52000427246094,156.74000549316406,152.92999267578125,154.50999450683594,115366700,5.689929632043094,5.734565183136868,5.595170222793948,5.652976929264007
2022-05-11,153.5,155.4499969482422,145.80999755859375,146.5,142689800,5.616024784750311,5.687368310427937,5.334674658980097,5.359919419973424
2022-05-12,142.77000427246094,146.1999969482422,138.8000030517578,142.55999755859375,182602000,5.223452003342335,5.348943364115621,5.0782036303719265,5.215768596762256
2022-05-13,144.58999633789062,148.10000610351562,143.11000061035156,147.11000061035156,113990900,5.290039107886322,5.41845801237144,5.235891272790661,5.382237195520311
2022-05-16,145.5500030517578,147.52000427246094,144.17999267578125,145.5399932861328,86643800,5.32516237497821,5.397237786583794,5.275038516822839,5.324796152881536
2022-05-17,148.86000061035156,149.77000427246094,146.67999267578125,149.24000549316406,78336300,5.4462635367145324,5.479557368119222,5.36650471852887,5.460166578018775
2022-05-18,146.85000610351562,147.36000061035156,139.89999389648438,140.82000732421875,109742900,5.372724911518425,5.391383815690914,5.118448424163345,5.152108477664709
2022-05-19,139.8800048828125,141.66000366210938,136.60000610351562,137.35000610351562,136095600,5.117717096500779,5.182840987454242,4.997713484523697,5.025153345035506
2022-05-20,139.08999633789062,140.6999969482422,132.61000061035156,137.58999633789062,137426100,5.088813464133054,5.147717720362353,4.85173322562533,5.033933743109435
2022-05-23,137.7899932861328,143.25999450683594,137.64999389648438,143.11000061035156,117726300,5.041250927592839,5.241379021586867,5.036128842627917,5.235891272790661
2022-05-24,140.80999755859375,141.97000122070312,137.3300018310547,140.36000061035156,104132700,5.151742255568035,5.194182707143327,5.024421459107549,5.135278450914027
2022-05-25,138.42999267578125,141.7899932861328,138.33999633789062,140.52000427246094,92482700,5.064666252898967,5.187596850322489,5.061373603621244,5.1411324218069065
2022-05-26,137.38999938964844,144.33999633789062,137.13999938964844,143.77999877929688,90601500,5.0266165586260305,5.280892487715719,5.017469938455427,5.260404147856031
2022-05-27,145.38999938964844,149.67999267578125,145.25999450683594,149.63999938964844,90978500,5.31930840408533,5.4762641605761075,5.314551982951691,5.474800946985583
2022-05-31,149.07000732421875,150.66000366210938,146.83999633789062,148.83999633789062,103718400,5.4539469432946115,5.512119313595954,5.37235868942175,5.445531650786575
2022-06-01,149.89999389648438,151.74000549316406,147.67999267578125,148.7100067138672,74286600,5.484313230987469,5.551632779724806,5.403091199211283,5.440775787918327
2022-06-02,147.8300018310547,151.27000427246094,146.86000061035156,151.2100067138672,72348100,5.408579506272879,5.53443708914284,5.373090575349708,5.532241989624358
2022-06-03,146.89999389648438,147.97000122070312,144.4600067138672,145.3800048828125,88570300,5.374553788940232,5.4137015912378015,5.285283245018075,5.318942740254047
2022-06-06,147.02999877929688,148.57000732421875,144.89999389648438,146.13999938964844,71598400,5.3793102100738714,5.435653702953405,5.301380827575407,5.34674826459714
2022-06-07,144.35000610351562,149.0,144.10000610351562,148.7100067138672,67808200,5.281258709812393,5.451385621679455,5.272112089641791,5.440775787918327
2022-06-08,148.5800018310547,149.8699951171875,147.4600067138672,147.9600067138672,53950200,5.436019366784689,5.483215681228229,5.395042687065312,5.413335927406518
2022-06-09,147.0800018310547,147.9499969482422,142.52999877929688,142.63999938964844,69473000,5.38113964576107,5.412969705309844,5.214671047003015,5.218695582208696
2022-06-10,140.27999877929688,140.75999450683594,137.05999755859375,137.1300048828125,91437900,5.132351465467587,5.149912819880836,5.014542953008988,5.0171042746241445
2022-06-13,132.8699951171875,135.1999969482422,131.44000244140625,131.8800048828125,122207100,4.861245509627217,4.9464920766090845,4.808927110218755,4.825025251041479
2022-06-14,133.1300048828125,133.88999938964844,131.47999572753906,132.75999450683594,84784300,4.870758351894494,4.898563876237587,4.810390323809279,4.857220974421536
2022-06-15,134.2899932861328,137.33999633789062,132.16000366210938,135.42999267578125,91533000,4.913198245204396,5.0247871229388315,4.835269420971323,4.95490681085173
2022-06-16,132.0800018310547,132.38999938964844,129.0399932861328,130.05999755859375,108123900,4.832342435524883,4.8436841552139684,4.721119221621731,4.7584375882321
2022-06-17,130.07000732421875,133.0800018310547,129.80999755859375,131.55999755859375,134520300,4.758803810328775,4.868928916207295,4.749290968061497,4.813317309255719
2022-06-21,133.4199981689453,137.05999755859375,133.32000732421875,135.8699951171875,81000500,4.881368185655622,5.014542953008988,4.877709872546616,4.9710049516744546
2022-06-22,134.7899932861328,137.75999450683594,133.91000366210938,135.35000610351562,73409200,4.931491485545602,5.040153377833598,4.899295762165545,4.951980383670682
2022-06-23,136.82000732421875,138.58999633789062,135.6300048828125,138.27000427246094,72433800,5.0057625549350595,5.070520223791847,4.962224553600525,5.058812840271479
2022-06-24,139.89999389648438,141.91000366210938,139.77000427246094,141.66000366210938,89116800,5.118448424163345,5.191987607624845,5.113692561295098,5.182840987454242
2022-06-27,142.6999969482422,143.49000549316406,140.97000122070312,141.66000366210938,70207900,5.2208906817271785,5.2497943140949035,5.157596226460914,5.182840987454242
2022-06-28,142.1300048828125,143.4199981689453,137.32000732421875,137.44000244140625,67083400,5.200036678036207,5.247232992479747,5.024055795276265,5.02844599431323
2022-06-29,137.4600067138672,140.6699981689453,136.6699981689453,139.22999572753906,66242400,5.029177880241187,5.1466201706031125,5.000274247873462,5.093935549097976
2022-06-30,137.25,138.3699951171875,133.77000427246094,136.72000122070312,98964500,5.021494473661108,5.062471153380486,4.894173677200623,5.002103683560661
2022-07-01,136.0399932861328,139.0399932861328,135.66000366210938,138.92999267578125,71051600,4.977224586398617,5.086984028445855,4.963322103359767,5.082959493240174
2022-07-05,137.77000427246094,141.61000061035156,136.92999267578125,141.55999755859375,73353800,5.040519599930272,5.1810115517670425,5.009786531875349,5.1791821160798435
2022-07-06,141.35000610351562,144.1199951171875,141.0800018310547,142.9199981689453,74064300,5.171499267765157,5.272843417304357,5.161620761666596,5.22893975213854
2022-07-07,143.2899932861328,146.5500030517578,143.27999877929688,146.35000610351562,66253700,5.242476571346107,5.361748855660623,5.2421109075148244,5.354431671177219
2022-07-08,145.25999450683594,147.5500030517578,145.0,147.0399932861328,64547800,5.314551982951691,5.3983353363430355,5.305039698949805,5.379675873905154
2022-07-11,145.6699981689453,146.63999938964844,143.77999877929688,144.8699951171875,63141600,5.329552574015175,5.365041504938346,5.260404147856031,5.300283277816166
2022-07-12,145.75999450683594,148.4499969482422,145.0500030517578,145.86000061035156,77588800,5.332845223292898,5.43126294565105,5.306869134637004,5.336504094667295
2022-07-13,142.99000549316406,146.4499969482422,142.1199951171875,145.49000549316406,71185600,5.231501073753697,5.358089984286225,5.199670455939532,5.322967275459728
2022-07-14,144.0800018310547,148.9499969482422,143.25,148.47000122070312,78140700,5.271380203713832,5.449556185992256,5.241013357755583,5.431994831579008
2022-07-15,149.77999877929688,150.86000061035156,148.1999969482422,150.1699981689453,76259900,5.479923031950506,5.519436498079358,5.422116325480447,5.49419173708603
2022-07-18,150.74000549316406,151.57000732421875,146.6999969482422,147.07000732421875,81420900,5.515046299042393,5.5454131450006425,5.367236604456828,5.380773981929787
2022-07-19,147.9199981689453,151.22999572753906,146.91000366210938,151.0,82982400,5.411872155550602,5.532973317286925,5.374920011036907,5.524558583044279
2022-07-20,151.1199951171875,153.72000122070312,150.3699951171875,153.0399932861328,64823400,5.528948782081244,5.624073855161673,5.501508921569434,5.599194757999629
2022-07-21,154.5,155.57000732421875,151.94000244140625,155.35000610351562,65086600,5.652611265432723,5.691759067730293,5.55894996420821,5.683709997318931
2022-07-22,155.38999938964844,156.27999877929688,153.41000366210938,154.08999633789062,66675400,5.685173210909455,5.717735156386186,5.612732135472588,5.63761067436924
2022-07-25,154.00999450683594,155.0399932861328,152.27999877929688,152.9499969482422,53623900,5.6346836889228005,5.672367719364454,5.571389233656537,5.595902108721906
2022-07-26,152.25999450683594,153.08999633789062,150.8000030517578,151.60000610351562,55138700,5.570657347728579,5.601024193686828,5.517241398560875,5.546510694759884
2022-07-27,152.5800018310547,157.3300018310547,152.16000366210938,156.7899932861328,78620700,5.582365289514338,5.756151072755798,5.566999034619572,5.736394060558676
2022-07-28,156.97999572753906,157.63999938964844,154.41000366210938,157.35000610351562,81378700,5.7433455812107965,5.767492792444883,5.649318616155,5.7568829586837555
2022-07-29,161.24000549316406,163.6300048828125,159.5,162.50999450683594,101786900,5.899204346207724,5.986646012708074,5.835543668844785,5.945668774723306
2022-08-01,161.00999450683594,163.58999633789062,160.88999938964844,161.50999450683594,67829400,5.890789053699687,5.985182240852159,5.8863988546627235,5.909082294040894
2022-08-02,160.10000610351562,162.41000366210938,159.6300048828125,160.00999450683594,59907000,5.85749578056039,5.9420104616142995,5.840300089978425,5.854202573017275
2022-08-03,160.83999633789062,166.58999633789062,160.75,166.1300048828125,82507500,5.884569418975524,6.094941682899396,5.881276769697801,6.078112214414105
2022-08-04,166.00999450683594,167.19000244140625,164.42999267578125,165.80999755859375,55474100,6.07372145711175,6.116893794615,6.0159147506416915,6.066404272628345
2022-08-05,163.2100067138672,165.85000610351562,163.0,165.35000610351562,56697000,5.971279757813308,6.067868044484261,5.963596351233229,6.049574804143055
2022-08-08,166.3699951171875,167.80999755859375,164.1999969482422,164.8699951171875,60276900,6.086892612488034,6.139577233993171,6.007500016399046,6.032012891464415
2022-08-09,164.02000427246094,165.82000732421875,163.25,164.9199981689453,63135500,6.0009147178435995,6.06677049472502,5.972742971403832,6.033842327151614
2022-08-10,167.67999267578125,169.33999633789062,166.89999389648438,169.24000549316406,70170500,6.134820812859532,6.19555450477603,6.106283402588481,6.191896191667023
2022-08-11,170.05999755859375,170.99000549316406,168.19000244140625,168.49000549316406,57149200,6.2218968155285985,6.255922532861246,6.1534802752974125,6.164456331155215
2022-08-12,169.82000732421875,172.1699981689453,169.39999389648438,172.10000610351562,68039400,6.21311641745467,6.299094312099104,6.197749604294512,6.296533548749339
2022-08-15,171.52000427246094,173.38999938964844,171.35000610351562,173.19000244140625,54091700,6.275313322961693,6.343729863192879,6.26909368823753,6.3364126787094746
2022-08-16,172.77999877929688,173.7100067138672,171.66000366210938,173.02999877929688,56377100,6.321412087645991,6.355437804978639,6.280435407926615,6.330558707816595
2022-08-17,172.77000427246094,176.14999389648438,172.57000732421875,174.5500030517578,79542000,6.321046423814709,6.444708348900797,6.3137292393313045,6.386170314768171
2022-08-18,173.75,174.89999389648438,173.1199951171875,174.14999389648438,62290100,6.356901018569163,6.398975248047781,6.333851357094318,6.371535387535971
2022-08-19,173.02999877929688,173.74000549316406,171.30999755859375,171.52000427246094,70346300,6.330558707816595,6.35653535473788,6.267629916381614,6.275313322961693
2022-08-22,169.69000244140625,169.86000061035156,167.13999938964844,167.57000732421875,69026800,6.208359996321031,6.214579631045194,6.115064358927801,6.1307968359192415
2022-08-23,167.0800018310547,168.7100067138672,166.64999389648438,167.22999572753906,54147100,6.112869259409319,6.172505401566577,6.097136782417878,6.118357008205524
2022-08-24,167.32000732421875,168.11000061035156,166.25,167.52999877929688,53841500,6.121650215748639,6.150553289850972,6.08250241345107,6.129333064063326
2022-08-25,168.77999877929688,170.13999938964844,168.35000610351562,170.02999877929688,51218200,6.175066164916342,6.224823800975038,6.1593342461902925,6.220799265769357
2022-08-26,170.57000732421875,171.0500030517578,163.55999755859375,163.6199951171875,78961000,6.240556277966479,6.258117632379728,5.984084691092917,5.9862797906114
2022-08-29,161.14999389648438,162.89999389648438,159.82000732421875,161.3800048828125,73314000,5.8959111386646095,5.959937479858832,5.847251610630545,5.904326431172646
2022-08-30,162.1300048828125,162.55999755859375,157.72000122070312,158.91000366210938,77906200,5.931766291684456,5.947498210410505,5.770419777891322,5.8139577792258565
2022-08-31,160.30999755859375,160.5800018310547,157.13999938964844,157.22000122070312,87991100,5.865178628875077,5.875057134973638,5.7491995521036765,5.752126537550117
2022-09-01,156.63999938964844,158.4199981689453,154.6699981689453,157.9600067138672,74229900,5.73090631176247,5.796030202715933,5.658830900156887,5.779200734230643
2022-09-02,159.75,160.36000061035156,154.97000122070312,155.80999755859375,76957800,5.8446902890153885,5.867008064562276,5.669806956014688,5.700539465804221
2022-09-06,156.47000122070312,157.08999633789062,153.69000244140625,154.52999877929688,73714800,5.724686677038307,5.747370116416477,5.622976305402432,5.6537088151919646
2022-09-07,154.82000732421875,156.6699981689453,153.61000061035156,155.9600067138672,87449600,5.664319207218483,5.7320038615217115,5.620049319955992,5.706027772865817
2022-09-08,154.63999938964844,156.36000061035156,152.67999267578125,154.4600067138672,84923800,5.6577333503976455,5.7206621418326264,5.586023602623345,5.651148051842199
2022-09-09,155.47000122070312,157.82000732421875,154.75,157.3699951171875,68028800,5.688100196355895,5.774078649265721,5.661757885603326,5.757614286346322
2022-09-12,159.58999633789062,164.25999450683594,159.3000030517578,163.42999267578125,104956000,5.8388363181225085,6.009695115917528,5.828226484361381,5.979328269959279
2022-09-13,159.89999389648438,160.5399932861328,153.3699951171875,153.83999633789062,122656600,5.850178037811594,5.873593363117722,5.611268363616672,5.628464054198637
2022-09-14,154.7899932861328,157.10000610351562,153.61000061035156,155.30999755859375,87965400,5.6632210991938505,5.747736338513152,5.620049319955992,5.682246225463015
2022-09-15,154.64999389648438,155.24000549316406,151.3800048828125,152.3699951171875,90481100,5.658099014228929,5.679685462113249,5.538461624348522,5.57468188293426
2022-09-16,151.2100067138672,151.35000610351562,148.3699951171875,150.6999969482422,162278800,5.532241989624358,5.537364074589281,5.42833596020461,5.513582527186478
2022-09-19,149.30999755859375,154.55999755859375,149.10000610351562,154.47999572753906,81474200,5.46272734136854,5.654806364951206,5.455044493053853,5.6518793795047655
2022-09-20,153.39999389648438,158.0800018310547,153.0800018310547,156.89999389648438,107689800,5.612365913375913,5.7835909332676065,5.6006585298555445,5.740418595764357
2022-09-21,157.33999633789062,158.74000549316406,153.60000610351562,153.72000122070312,101696800,5.756516736587081,5.807738144501693,5.6196836561247085,5.624073855161673
2022-09-22,152.3800048828125,154.47000122070312,150.91000366210938,152.74000549316406,86652500,5.575048105030934,5.651513715673483,5.521265933766556,5.588219260407218
2022-09-23,151.19000244140625,151.47000122070312,148.55999755859375,150.42999267578125,96029900,5.531510103696401,5.541754273626245,5.435287480856731,5.503704021087917
2022-09-26,149.66000366210938,153.77000427246094,149.63999938964844,150.77000427246094,93339400,5.475532832913541,5.625903290848872,5.474800946985583,5.516143848801635
2022-09-27,152.74000549316406,154.72000122070312,149.9499969482422,151.75999450683594,84442700,5.588219260407218,5.660660335844085,5.486142666674668,5.552364107387373
2022-09-28,147.63999938964844,150.63999938964844,144.83999633789062,149.83999633789062,146691400,5.401627985620759,5.511387427667995,5.2991857280569254,5.4821181314689875
2022-09-29,146.10000610351562,146.72000122070312,140.67999267578125,142.47999572753906,128138200,5.345285051006615,5.3679684903847855,5.146985834434395,5.212841611315816
2022-09-30,141.27999877929688,143.10000610351562,138.0,138.1999969482422,124925300,5.16893794615,5.235525608959378,5.048934334172918,5.056251518656322
2022-10-03,138.2100067138672,143.07000732421875,137.69000244140625,142.4499969482422,114311700,5.056617740752997,5.234428059200137,5.037592614483833,5.211744061556575
2022-10-04,145.02999877929688,146.22000122070312,144.25999450683594,146.10000610351562,87830100,5.306137248709046,5.34967525004358,5.277965502269279,5.345285051006615
2022-10-05,144.07000732421875,147.3800048828125,143.00999450683594,146.39999389648438,79471000,5.271014539882549,5.392115701618872,5.232232401416264,5.3562605485990264
2022-10-06,145.80999755859375,147.5399932861328,145.22000122070312,145.42999267578125,68402200,5.334674658980097,5.397969114246361,5.313088769361167,5.320771617675855
2022-10-07,142.5399932861328,143.10000610351562,139.4499969482422,140.08999633789062,85925600,5.2150367108342985,5.235525608959378,5.101984619509338,5.125399944815466
2022-10-10,140.4199981689453,141.88999938964844,138.57000732421875,140.4199981689453,74899000,5.137473550432509,5.191255721696887,5.069788896129281,5.137473550432509
2022-10-11,139.89999389648438,141.35000610351562,138.22000122070312,138.97999572753906,77033700,5.118448424163345,5.171499267765157,5.05698340458428,5.084788928927373
2022-10-12,139.1300048828125,140.36000061035156,138.16000366210938,138.33999633789062,70433700,5.090277235988969,5.135278450914027,5.054788305065798,5.061373603621244
2022-10-13,134.99000549316406,143.58999633789062,134.3699951171875,142.99000549316406,113224000,4.938809228294398,5.2534526272039095,4.916125230650835,5.231501073753697
2022-10-14,144.30999755859375,144.52000427246094,138.19000244140625,138.3800048828125,88598000,5.279794937956478,5.287478344536557,5.055885854825039,5.06283737547716
2022-10-17,141.07000732421875,142.89999389648438,140.27000427246094,142.41000366210938,85250900,5.161255097835312,5.228207866210583,5.131985801636303,5.210280847966051
2022-10-18,145.49000549316406,146.6999969482422,140.61000061035156,143.75,99136600,5.322967275459728,5.367236604456828,5.14442507108463,5.2593065980967895
2022-10-19,141.69000244140625,144.9499969482422,141.5,143.86000061035156,61758300,5.183938537213482,5.303210263262606,5.176987016561362,5.26333113330247
2022-10-20,143.02000427246094,145.88999938964844,142.64999389648438,143.38999938964844,64522000,5.232598623512938,5.337601644426536,5.2190612460399795,5.246135442720505
2022-10-21,142.8699951171875,147.85000610351562,142.64999389648438,147.27000427246094,86548600,5.227110316451341,5.409311392200837,5.2190612460399795,5.388091166413191
2022-10-24,147.19000244140625,150.22999572753906,146.0,149.4499969482422,75981900,5.3851641809667505,5.496386836604513,5.341626179632217,5.467849426333462
2022-10-25,150.08999633789062,152.49000549316406,149.36000061035156,152.33999633789062,74732300,5.491264751639591,5.579072640236615,5.464556777055739,5.573584333175019
2022-10-26,150.9600067138672,151.99000549316406,148.0399932861328,149.35000610351562,88194300,5.523095369453755,5.560779399895409,5.416262354587567,5.464191113224456
2022-10-27,148.07000732421875,149.0500030517578,144.1300048828125,144.8000030517578,109180200,5.417360462612199,5.453215057366654,5.273209639401031,5.297722514466401
2022-10-28,148.1999969482422,157.5,147.82000732421875,155.74000549316406,164762400,5.422116325480447,5.762370707479961,5.408213842441596,5.6979787024544555
2022-10-31,153.16000366210938,154.24000549316406,151.9199981689453,153.33999633789062,97943200,5.603585515301985,5.643098981430837,5.558218078280253,5.610170813857431
2022-11-01,155.0800018310547,155.4499969482422,149.1300048828125,150.64999389648438,80379300,5.673831491220369,5.687368310427937,5.456142042813093,5.511753091499279
2022-11-02,148.9499969482422,152.1699981689453,145.0,145.02999877929688,93604600,5.449556185992256,5.567364698450856,5.305039698949805,5.306137248709046
2022-11-03,142.05999755859375,142.8000030517578,138.75,138.8800048828125,97918500,5.19747535642105,5.224549553101576,5.076374194684727,5.081130615818366
2022-11-04,142.08999633789062,142.6699981689453,134.3800048828125,138.3800048828125,140814800,5.198572906180291,5.219793131967937,4.91649145274751,5.06283737547716
2022-11-07,137.11000061035156,139.14999389648438,135.6699981689453,138.9199981689453,83374600,5.016372388696187,5.091008563651536,4.96368776719105,5.08259382940889
2022-11-08,140.41000366210938,141.42999267578125,137.49000549316406,139.5,89908500,5.137107886601226,5.174425694946205,5.030275430000429,5.103814055196537
2022-11-09,138.5,138.5500030517578,134.58999633789062,134.8699951171875,74917800,5.067227574514124,5.069057010201323,4.924174301062197,4.934418470992042
2022-11-10,141.24000549316406,146.8699951171875,139.5,146.8699951171875,118854000,5.167474732559475,5.3734562391809915,5.103814055196537,5.3734562391809915
2022-11-11,145.82000732421875,150.00999450683594,144.3699951171875,149.6999969482422,93979700,5.335040881076771,5.48833776619315,5.28199003747496,5.476996046504065
2022-11-14,148.97000122070312,150.27999877929688,147.42999267578125,148.27999877929688,73374100,5.450288071920214,5.498216272291711,5.39394457904068,5.4250433109268865
2022-11-15,152.22000122070312,153.58999633789062,148.55999755859375,150.0399932861328,89868300,5.569194134138054,5.6193174340280345,5.435287480856731,5.489435315952392
2022-11-16,149.1300048828125,149.8699951171875,147.2899932861328,148.7899932861328,64218300,5.456142042813093,5.483215681228229,5.388822494075757,5.443702215099376
2022-11-17,146.42999267578125,151.47999572753906,146.14999389648438,150.72000122070312,80389400,5.357358098358267,5.542119937457528,5.347113928428423,5.514314413114436
2022-11-18,152.30999755859375,152.6999969482422,149.97000122070312,151.2899932861328,74829600,5.572486783415777,5.586755488551303,5.486874552602626,5.535168416805408
2022-11-21,150.16000366210938,150.3699951171875,147.72000122070312,148.00999450683594,58724100,5.4938260732547475,5.501508921569434,5.404554971067198,5.415164804828326
2022-11-22,148.1300048828125,150.4199981689453,146.92999267578125,150.17999267578125,51804100,5.4195555621306815,5.5033383572566335,5.375651338699473,5.494557400917314
2022-11-23,149.4499969482422,151.8300018310547,149.33999633789062,151.07000732421875,58301400,5.467849426333462,5.554925429002529,5.463824891127781,5.527119904659436
2022-11-25,148.30999755859375,148.8800048828125,147.1199951171875,148.11000061035156,35195900,5.426140860686128,5.446995422642491,5.382602859351595,5.418823676202724
2022-11-28,145.13999938964844,146.63999938964844,143.3800048828125,144.22000122070312,69246000,5.310161783914727,5.365041504938346,5.245769778889223,5.2765022886787545
2022-11-29,144.2899932861328,144.80999755859375,140.35000610351562,141.1699981689453,83763800,5.27906305202852,5.298088178297684,5.134912787082744,5.164913410944319
2022-11-30,141.39999389648438,148.72000122070312,140.5500030517578,148.02999877929688,111380900,5.1733281451869635,5.441141451749611,5.142229971566148,5.415896690756283
2022-12-01,148.2100067138672,149.1300048828125,146.61000061035156,148.30999755859375,71250400,5.422482547577121,5.456142042813093,5.363943955179105,5.426140860686128
2022-12-02,145.9600067138672,148.0,145.64999389648438,147.80999755859375,65447400,5.340162966041693,5.414799140997043,5.328820688087217,5.4078476203449215
2022-12-05,147.77000427246094,150.9199981689453,145.77000427246094,146.6300048828125,68826400,5.406384406754397,5.52163159759784,5.333211445389572,5.364675841107062
2022-12-06,147.07000732421875,147.3000030517578,141.9199981689453,142.91000366210938,64727200,5.380773981929787,5.389188716172432,5.192353271456128,5.228574088307257
2022-12-07,142.19000244140625,143.3699951171875,140.0,140.94000244140625,69721100,5.2022317775546885,5.245403556792548,5.1221072955377425,5.156498676701673
2022-12-08,142.36000061035156,143.52000427246094,141.10000610351562,142.64999389648438,62128300,5.208451412278852,5.250891863854144,5.162352647594553,5.2190612460399795
2022-12-09,142.33999633789062,145.57000732421875,140.89999389648438,142.16000366210938,76097000,5.207719526350894,5.325894260906168,5.155034904845758,5.201134227795448
2022-12-12,142.6999969482422,144.5,141.05999755859375,144.49000549316406,70462700,5.2208906817271785,5.286746458608599,5.160888875738637,5.286380794777315
2022-12-13,149.5,149.97000122070312,144.24000549316406,145.47000122070312,93886200,5.469678862020661,5.486874552602626,5.277234174606712,5.3222353895317704
2022-12-14,145.35000610351562,146.66000366210938,141.16000366210938,143.2100067138672,82291200,5.317845190494806,5.365773390866304,5.164547747113035,5.239550144165059
2022-12-15,141.11000061035156,141.8000030517578,136.02999877929688,136.5,98931900,5.162718311425836,5.187963072419164,4.9768589225673345,4.9940546131492995
2022-12-16,136.69000244140625,137.64999389648438,133.72999572753906,134.50999450683594,160156900,5.00100613380142,5.036128842627917,4.892709905344708,4.921247315615758
2022-12-19,135.11000061035156,135.1999969482422,131.32000732421875,132.3699951171875,79592600,4.943199427331361,4.9464920766090845,4.804536911181791,4.842952269286011
2022-12-20,131.38999938964844,133.25,129.88999938964844,132.3000030517578,77432800,4.807097674531556,4.875148550931459,4.752217953507937,4.840391505936245
2022-12-21,132.97999572753906,136.80999755859375,132.75,135.4499969482422,85928000,4.865270044832898,5.005396332838385,4.8568553105902526,4.955638696779688
2022-12-22,134.35000610351562,134.55999755859375,130.3000030517578,132.22999572753906,77852100,4.915393902988269,4.923076751302957,4.767218544571421,4.8378301843210885
2022-12-23,130.9199981689453,132.4199981689453,129.63999938964844,131.86000061035156,63814900,4.789901983949591,4.84478170497321,4.743071333337334,4.824293365113522
2022-12-27,131.3800048828125,131.41000366210938,128.72000122070312,130.02999877929688,69007800,4.806732010700273,4.807829560459514,4.709411838101362,4.75734003847286
2022-12-28,129.6699981689453,131.02999877929688,125.87000274658205,126.04000091552734,85438400,4.744168883096576,4.793926519155272,4.605140423983026,4.611360058707189
2022-12-29,127.98999786376952,130.47999572753906,127.7300033569336,129.61000061035156,75703700,4.682703584384814,4.773803843126867,4.673191300382928,4.741973783578093
2022-12-30,128.41000366210938,129.9499969482422,127.43000030517578,129.92999267578125,77034200,4.698070118412277,4.754413053026419,4.662215244525126,4.753681167098462
2023-01-03,130.27999877929688,130.89999389648438,124.16999816894533,125.06999969482422,112117500,4.766486658643463,4.789170098021633,4.542943239343307,4.575871127784017
2023-01-04,126.88999938964844,128.66000366210938,125.08000183105467,126.36000061035156,89113600,4.6424585114607,4.70721673858288,4.576237070747996,4.623067721360253
2023-01-05,127.12999725341795,127.7699966430664,124.76000213623048,125.0199966430664,80962700,4.651239188667324,4.6746545139734526,4.564529408094932,4.574041692096818
2023-01-06,126.01000213623048,130.2899932861328,124.88999938964844,129.6199951171875,87754700,4.610262508947948,4.766852322474746,4.569285550095875,4.7423394474093765
2023-01-09,130.47000122070312,133.41000366210938,129.88999938964844,130.14999389648438,70790800,4.773438179295583,4.881002521824339,4.752217953507937,4.761730237509823
2023-01-10,130.25999450683594,131.25999450683594,128.1199951171875,130.72999572753906,63896200,4.765754772715505,4.802341253397917,4.687459726385757,4.78295046329747
2023-01-11,131.25,133.50999450683594,130.4600067138672,133.49000549316406,69458900,4.801975589566634,4.884660834933345,4.773072515464301,4.8839295072707785
2023-01-12,133.8800048828125,134.25999450683594,131.44000244140625,133.41000366210938,71379600,4.898198212406304,4.9121006954451545,4.808927110218755,4.881002521824339
2023-01-13,132.02999877929688,134.9199981689453,131.66000366210938,134.75999450683594,57809700,4.830512999837684,4.936247906679241,4.816976180630117,4.930393935786361
2023-01-17,134.8300018310547,137.2899932861328,134.1300048828125,135.94000244140625,63646600,4.932955257401518,5.022957687251633,4.907344832576907,4.973566273289611
2023-01-18,136.82000732421875,138.61000061035156,135.02999877929688,135.2100067138672,69672800,5.0057625549350595,5.071252109719805,4.940272441884922,4.946858298705759
2023-01-19,134.0800018310547,136.25,133.77000427246094,135.27000427246094,58280400,4.905515396889708,4.984907992978696,4.894173677200623,4.949053398224241
2023-01-20,135.27999877929688,138.02000427246094,134.22000122070312,137.8699951171875,80223600,4.949419062055525,5.0496662201008755,4.91063748185463,5.044177913039279
2023-01-23,138.1199951171875,143.32000732421875,137.89999389648438,141.11000061035156,81760300,5.053324533209882,5.24357467937074,5.045275462798521,5.162718311425836
2023-01-24,140.30999755859375,143.16000366210938,140.3000030517578,142.52999877929688,66435100,5.133449015226828,5.23772070847786,5.133083351395545,5.214671047003015
2023-01-25,140.88999938964844,142.42999267578125,138.80999755859375,141.86000061035156,65799300,5.154669241014474,5.211012175628618,5.078569294203209,5.190158171937646
2023-01-26,143.1699981689453,144.25,141.89999389648438,143.9600067138672,54105100,5.2380863723091435,5.277599838437996,5.19162138552817,5.2669900046768685
2023-01-27,143.16000366210938,147.22999572753906,143.0800018310547,145.92999267578125,70555800,5.23772070847786,5.386627394557276,5.23479372303142,5.3390648580170605
2023-01-30,144.9600067138672,145.5500030517578,142.85000610351562,143.0,64015300,5.30357648535928,5.32516237497821,5.226378988788775,5.23186673758498
2023-01-31,142.6999969482422,144.33999633789062,142.27999877929688,144.2899932861328,65874500,5.2208906817271785,5.280892487715719,5.205524426832412,5.27906305202852
2023-02-01,143.97000122070312,146.61000061035156,141.32000732421875,145.42999267578125,77663600,5.267355668508151,5.363943955179105,5.170401718005915,5.320771617675855
2023-02-02,148.89999389648438,151.17999267578125,148.1699981689453,150.82000732421875,118339000,5.4477267503050575,5.531143881599726,5.421018775721206,5.517973284488833
2023-02-03,148.02999877929688,157.3800048828125,147.8300018310547,154.5,154357300,5.415896690756283,5.757980508442996,5.408579506272879,5.652611265432723
2023-02-06,152.57000732421875,153.10000610351562,150.77999877929688,151.72999572753906,69858300,5.581999625683055,5.601390415783502,5.5165095126329176,5.551266557628131
2023-02-07,150.63999938964844,155.22999572753906,150.63999938964844,154.64999389648438,83322600,5.511387427667995,5.679319240016575,5.511387427667995,5.658099014228929
2023-02-08,153.8800048828125,154.5800018310547,151.1699981689453,151.9199981689453,64120100,5.629927826054553,5.655538250879164,5.530778217768443,5.558218078280253
2023-02-09,153.77999877929688,154.3300018310547,150.4199981689453,150.8699951171875,56007100,5.626268954680155,5.64639163070856,5.5033383572566335,5.519802161910641
2023-02-10,149.4600067138672,151.33999633789062,149.22000122070312,151.00999450683594,57450700,5.468215648430137,5.536997852492606,5.4594346920908166,5.524924246875563
2023-02-13,150.9499969482422,154.25999450683594,150.9199981689453,153.85000610351562,62199000,5.522729147357081,5.643830309093404,5.52163159759784,5.628830276295312
2023-02-14,152.1199951171875,153.77000427246094,150.86000061035156,153.1999969482422,61707600,5.565535262763657,5.625903290848872,5.519436498079358,5.605048728892509
2023-02-15,153.11000061035156,155.5,152.8800048828125,155.3300018310547,65573800,5.601756079614786,5.689197746115136,5.59334134537214,5.682978111390972
2023-02-16,153.50999450683594,156.3300018310547,153.35000610351562,153.7100067138672,68167900,5.616390448581594,5.719564592073385,5.610537035954105,5.6237081913303895
2023-02-17,152.35000610351562,153.0,150.85000610351562,152.5500030517578,59144100,5.5739505552716935,5.597731544409105,5.519070834248074,5.581267739755098
2023-02-21,150.1999969482422,151.3000030517578,148.41000366210938,148.47999572753906,58867200,5.495289286845272,5.535534638902082,5.429799732060525,5.432360495410291
2023-02-22,148.8699951171875,149.9499969482422,147.16000366210938,148.91000366210938,51011300,5.446629200545816,5.486142666674668,5.38406663120751,5.4480929724017315
2023-02-23,150.08999633789062,150.33999633789062,147.24000549316406,149.39999389648438,48394200,5.491264751639591,5.500411371810194,5.38699361665395,5.466019990646263
2023-02-24,147.11000061035156,147.19000244140625,145.72000122070312,146.7100067138672,55469600,5.382237195520311,5.3851641809667505,5.331382009702374,5.367602826553503
2023-02-27,147.7100067138672,149.1699981689453,147.4499969482422,147.9199981689453,44998500,5.404189307235915,5.457605256403618,5.394676464968637,5.411872155550602
2023-02-28,147.0500030517578,149.0800018310547,146.8300018310547,147.41000366210938,50547000,5.380042096001829,5.454312607125895,5.371993025590466,5.393213251378113
2023-03-01,146.8300018310547,147.22999572753906,145.00999450683594,145.30999755859375,55479000,5.371993025590466,5.386627394557276,5.305405362781088,5.3163814186388905
2023-03-02,144.3800048828125,146.7100067138672,143.89999389648438,145.91000366210938,52238100,5.2823562595716345,5.367602826553503,5.2647943468929945,5.338333530354494
2023-03-03,148.0399932861328,151.11000061035156,147.3300018310547,151.02999877929688,70732300,5.416262354587567,5.528583118249961,5.390286265931673,5.525656132803521
2023-03-06,153.7899932861328,156.3000030517578,153.4600067138672,153.8300018310547,87558000,5.626634618511439,5.718467042314144,5.614561571159786,5.628098390367354
2023-03-07,153.6999969482422,154.02999877929688,151.1300048828125,151.60000610351562,56182000,5.623341969233715,5.635415574850758,5.529315004177919,5.546510694759884
2023-03-08,152.80999755859375,153.47000122070312,151.8300018310547,152.8699951171875,47204800,5.590780023756984,5.61492723499107,5.554925429002529,5.592975123275466
2023-03-09,153.55999755859375,154.5399932861328,150.22999572753906,150.58999633789062,53833600,5.618219884268793,5.654074479023247,5.496386836604513,5.509557991980797
2023-03-10,150.2100067138672,150.94000244140625,147.61000061035156,148.5,68572400,5.4956555089419465,5.5223634835257975,5.400530435861517,5.433092381338248
2023-03-13,147.80999755859375,153.13999938964844,147.6999969482422,150.47000122070312,84457100,5.4078476203449215,5.602853629374027,5.403823085139241,5.5051677929438325
2023-03-14,151.27999877929688,153.39999389648438,150.10000610351562,152.58999633789062,73695900,5.534802752974124,5.612365913375913,5.491630973736265,5.582730953345622
2023-03-15,151.19000244140625,153.25,149.9199981689453,152.99000549316406,77167900,5.531510103696401,5.606878164579708,5.485045116915427,5.597365880577821
2023-03-16,152.16000366210938,156.4600067138672,151.63999938964844,155.85000610351562,76161100,5.566999034619572,5.724321013207024,5.547973908350408,5.702003237660136
2023-03-17,156.0800018310547,156.74000549316406,154.27999877929688,155.0,98944600,5.710417971902782,5.734565183136868,5.644562195021361,5.67090450577393
2023-03-20,155.07000732421875,157.82000732421875,154.14999389648438,157.39999389648438,73641400,5.673465827389086,5.774078649265721,5.639805773887723,5.758711836105563
2023-03-21,157.32000732421875,159.39999389648438,156.5399932861328,159.27999877929688,73938300,5.755785408924514,5.831884797470388,5.727247440388073,5.827494598433423
2023-03-22,159.3000030517578,162.13999938964844,157.80999755859375,157.8300018310547,75701800,5.828226484361381,5.932131955515739,5.773712427169046,5.774444313097003
2023-03-23,158.8300018310547,161.5500030517578,157.67999267578125,158.92999267578125,67622100,5.811030793779416,5.910546065896809,5.768956006035407,5.814689106888423
2023-03-24,158.86000061035156,160.33999633789062,157.85000610351562,160.25,59196500,5.8121283435386575,5.866276178634318,5.775176199024962,5.862983529356595
2023-03-27,159.94000244140625,160.77000427246094,157.8699951171875,158.27999877929688,52390300,5.85164180966751,5.882008655625759,5.775907526687528,5.7909081177510116
2023-03-28,157.97000122070312,158.49000549316406,155.97999572753906,157.64999389648438,45992200,5.779566398061926,5.79859152433109,5.706759100528385,5.767858456276166
2023-03-29,159.3699951171875,161.0500030517578,159.35000610351562,160.77000427246094,51305700,5.830787247711147,5.8922528255556035,5.83005592004858,5.882008655625759
2023-03-30,161.52999877929688,162.47000122070312,161.27000427246094,162.36000061035156,49501700,5.909814179968851,5.944205561132782,5.900301895966965,5.940181025927101
2023-03-31,162.44000244140625,165.0,161.91000366210938,164.89999389648438,68749800,5.943108011373541,6.036769312598054,5.923717221273093,6.0331104412236565
2023-04-03,164.27000427246094,166.2899932861328,164.22000122070312,166.1699981689453,56976200,6.010061338014203,6.083965627041594,6.008231902327004,6.07957542800463
2023-04-04,166.60000610351562,166.83999633789062,165.11000061035156,165.6300048828125,46278300,6.09530790499607,6.104088303069999,6.0407938478037355,6.059818974072899
2023-04-05,164.74000549316406,165.0500030517578,161.8000030517578,163.75999450683594,51511700,6.027257028596168,6.038598748285253,5.919692686067412,5.991401875576321
2023-04-06,162.42999267578125,164.9600067138672,162.0,164.66000366210938,45390100,5.942741789276866,6.03530609900753,5.927009870550816,6.024330043149728
2023-04-10,161.4199981689453,162.02999877929688,160.0800018310547,162.02999877929688,47716900,5.90578964476317,5.928107420310058,5.856763894632432,5.928107420310058
2023-04-11,162.35000610351562,162.36000061035156,160.50999450683594,160.8000030517578,47644200,5.939815362095818,5.940181025927101,5.872495813358482,5.883106205385
2023-04-12,161.22000122070312,162.05999755859375,159.77999877929688,160.10000610351562,50133100,5.898472460279766,5.929204970069299,5.84578783877463,5.85749578056039
2023-04-13,161.6300048828125,165.8000030517578,161.4199981689453,165.55999755859375,68445600,5.913473051343249,6.066038608797062,5.90578964476317,6.057257652457743
2023-04-14,164.58999633789062,166.32000732421875,163.82000732421875,165.2100067138672,49386500,6.021768721534571,6.085063735066226,5.993597533360195,6.044452719178133
2023-04-17,165.08999633789062,165.38999938964844,164.02999877929688,165.22999572753906,41516200,6.040061961875777,6.051038017733579,6.001280381674882,6.045184046840699
2023-04-18,166.10000610351562,167.41000366210938,165.64999389648438,166.47000122070312,49923000,6.077014664654865,6.124942865026362,6.060550301735466,6.0905514838624315
2023-04-19,165.8000030517578,168.16000366210938,165.5399932861328,167.6300048828125,47720200,6.066038608797062,6.152382725538171,6.056525766529784,6.132991935437724
2023-04-20,166.08999633789062,167.8699951171875,165.55999755859375,166.64999389648438,52456400,6.07664844255819,6.1417723335116525,6.057257652457743,6.097136782417878
2023-04-21,165.0500030517578,166.4499969482422,164.49000549316406,165.02000427246094,58337300,6.038598748285253,6.089819597934474,6.0181104084255646,6.037501198526012
2023-04-24,165.0,165.60000610351562,163.88999938964844,165.3300018310547,41949600,6.036769312598054,6.058721424313658,5.996158296709961,6.048842918215097
2023-04-25,165.19000244140625,166.30999755859375,163.72999572753906,163.77000427246094,48714100,6.043720833250175,6.0846975129695515,5.990304325817081,5.991768097672996
2023-04-26,163.05999755859375,165.27999877929688,162.8000030517578,163.75999450683594,45498800,5.965791450751711,6.047013482527898,5.956279166749825,5.991401875576321
2023-04-27,165.19000244140625,168.55999755859375,165.19000244140625,168.41000366210938,64902300,6.043720833250175,6.167017094504979,6.043720833250175,6.161529345708774
2023-04-28,168.49000549316406,169.85000610351562,167.8800048828125,169.67999267578125,55275900,6.164456331155215,6.214213967213911,6.142138555608327,6.207993774224357
2023-05-01,169.27999877929688,170.4499969482422,168.63999938964844,169.58999633789062,52472900,6.1933594052575485,6.236165520664124,6.16994407995142,6.2047011249466335
2023-05-02,170.08999633789062,170.35000610351562,167.5399932861328,168.5399932861328,48425700,6.22299436528784,6.232507207555117,6.12969872789461,6.166285208577022
2023-05-03,169.5,170.9199981689453,167.16000366210938,167.4499969482422,65136000,6.20140847566891,6.253361211246089,6.115796244855759,6.126406078616887
2023-05-04,164.88999938964844,167.0399932861328,164.30999755859375,165.7899932861328,81235400,6.032744777392373,6.111405487553403,6.011524551604727,6.065672386700387
2023-05-05,170.97999572753906,174.3000030517578,170.75999450683594,173.57000732421875,113453200,6.255556310764571,6.377023694597568,6.247507240353209,6.350315720013716
2023-05-08,172.47999572753906,173.85000610351562,172.11000061035156,173.5,55962800,6.31043603178819,6.360559889943561,6.296899212580622,6.34775439839856
2023-05-09,173.0500030517578,173.5399932861328,171.60000610351562,171.77000427246094,45326900,6.331290593744552,6.349217611989085,6.278240308408133,6.284459943132296
2023-05-10,173.02000427246094,174.02999877929688,171.89999389648438,173.55999755859375,53724500,6.330193043985312,6.367145188499007,6.289215806000543,6.349949497917042
2023-05-11,173.85000610351562,174.58999633789062,172.1699981689453,173.75,49514700,6.360559889943561,6.387633528358696,6.299094312099104,6.356901018569163
2023-05-12,173.6199951171875,174.05999755859375,171.0,172.57000732421875,45533100,6.352144597435524,6.368242738258248,6.256288196692529,6.3137292393313045
2023-05-15,173.16000366210938,173.2100067138672,171.47000122070312,172.07000732421875,37266700,6.335315128950233,6.337144564637432,6.273483887274494,6.295435998990098
2023-05-16,171.99000549316406,173.13999938964844,171.8000030517578,172.07000732421875,42110300,6.292509013543658,6.3345832430222755,6.285557492891537,6.295435998990098
2023-05-17,171.7100067138672,172.92999267578125,170.4199981689453,172.69000244140625,57951600,6.282264843613814,6.326899836442197,6.235067970904883,6.318119438368268
2023-05-18,173.0,175.24000549316406,172.5800018310547,175.0500030517578,65496700,6.329461158057354,6.411415075761498,6.314094903162587,6.404463555109378
2023-05-19,176.38999938964844,176.38999938964844,174.94000244140625,175.16000366210938,55809500,6.453489305240116,6.453489305240116,6.400439019903696,6.408488090315059
2023-05-22,173.97999572753906,174.7100067138672,173.4499969482422,174.1999969482422,43570900,6.365315752811808,6.392024285661051,6.345924962711361,6.37336482322317
2023-05-23,173.1300048828125,173.3800048828125,171.27999877929688,171.55999755859375,50747300,6.334217579190993,6.343364199361596,6.266532366622373,6.276776536552217
2023-05-24,171.08999633789062,172.4199981689453,170.52000427246094,171.83999633789062,45143500,6.259580845970252,6.308240932269707,6.238726842279281,6.287020706482061
2023-05-25,172.41000366210938,173.89999389648438,171.69000244140625,172.99000549316406,56058300,6.3078752684384245,6.362388767365369,6.281532957685856,6.32909549422607
2023-05-26,173.32000732421875,175.77000427246094,173.11000061035156,175.42999267578125,54835000,6.341169099843113,6.430805865861946,6.333485693263035,6.418366038148228
2023-05-30,176.9600067138672,178.99000549316406,176.57000732421875,177.3000030517578,55964400,6.474343867196479,6.548614378320545,6.460075162060954,6.486783136644806
2023-05-31,177.3300018310547,179.35000610351562,176.75999450683594,177.25,99625300,6.487880686404046,6.561785533696829,6.467026124447684,6.484953700957607
2023-06-01,177.6999969482422,180.1199951171875,176.92999267578125,180.08999633789062,68901800,6.501417505611614,6.589956721871205,6.473245759171847,6.588859172111964
2023-06-02,181.02999877929688,181.77999877929688,179.25999450683594,180.9499969482422,61996900,6.623250553275894,6.650690413787704,6.558492326153715,6.6203235678294545
2023-06-05,182.6300048828125,184.9499969482422,178.0399932861328,179.5800018310547,121946500,6.6817891456739105,6.766669490559104,6.51385677505994,6.570200267939475
2023-06-06,179.97000122070312,180.1199951171875,177.42999267578125,179.2100067138672,64848400,6.5844689730749995,6.589956721871205,6.491538999513053,6.556663448731907
2023-06-07,178.44000244140625,181.2100067138672,177.32000732421875,177.82000732421875,61944600,6.52849170229214,6.629836410096732,6.487515022572763,6.50580826291397
2023-06-08,177.89999389648438,180.83999633789065,177.4600067138672,180.57000732421875,50214900,6.508734690095018,6.6162990326237745,6.492637107537686,6.606421084790604
2023-06-09,181.5,182.22999572753903,180.6300048828125,180.9600067138672,48900000,6.640446243857859,6.66715421844171,6.608616184309086,6.6206897899261286
2023-06-12,181.27000427246097,183.88999938964844,180.97000122070312,183.7899932861328,54274900,6.632031509615215,6.727887910358209,6.621055453757412,6.724229038983812
2023-06-13,182.8000030517578,184.1499938964844,182.44000244140625,183.30999755859375,54929100,6.688008780398074,6.737400194360097,6.67483762502179,6.706667684570563
2023-06-14,183.3699951171875,184.38999938964844,182.02000427246097,183.9499969482422,57462900,6.708862784089045,6.746181150699416,6.659471370127025,6.730083009876692
2023-06-15,183.9600067138672,186.52000427246097,183.77999877929688,186.0099945068359,65433200,6.730449231973366,6.824110533197881,6.723863375152528,6.805451070759998
2023-06-16,186.72999572753903,186.9900054931641,184.27000427246097,184.9199981689453,101256200,6.831793381512566,6.841306223779846,6.741790951662453,6.765571940799863
2023-06-20,184.41000366210935,186.1000061035156,184.41000366210935,185.0099945068359,49799100,6.746913036627372,6.808744278303112,6.746913036627372,6.768864590077586
2023-06-21,184.8999938964844,185.41000366210935,182.58999633789065,183.9600067138672,49515700,6.7648400548719065,6.783499517309785,6.680325373817996,6.730449231973366
2023-06-22,183.7400054931641,187.0500030517578,183.6699981689453,187.0,51245300,6.722400161562005,6.843501323298327,6.719838839946847,6.8416718876111275
2023-06-23,185.5500030517578,187.55999755859375,185.0099945068359,186.67999267578125,53117000,6.788621602274708,6.862160227470817,6.768864590077586,6.8299639458253685
2023-06-26,186.8300018310547,188.0500030517578,185.22999572753903,185.27000427246097,48088700,6.835452252886965,6.880087803980739,6.7769136604889475,6.778377432344865
2023-06-27,185.88999938964844,188.38999938964844,185.6699981689453,188.05999755859375,50730800,6.801060871723035,6.892527073429066,6.793011801311672,6.880453467812022
2023-06-28,187.92999267578125,189.8999938964844,187.6000061035156,189.25,51216800,6.8756970466783836,6.947772458283969,6.863623999326731,6.923991469146556
2023-06-29,189.0800018310547,190.07000732421875,188.94000244140625,189.58999633789065,46347300,6.917771834422393,6.953992651273522,6.91264974945747,6.936430738594884
2023-06-30,191.6300048828125,194.47999572753903,191.2599945068359,193.97000122070312,85213200,7.011067471815623,7.115338606801262,6.997530094342663,7.096679702628774
2023-07-03,193.77999877929688,193.8800048828125,191.7599945068359,192.4600067138672,31458200,7.089728181976653,7.093387053351051,7.015823334683869,7.041434317773872
2023-07-05,191.57000732421875,192.97999572753903,190.6199951171875,191.3300018310547,46920300,7.008872372297141,7.060458885777644,6.974114769036536,7.0000914159578205
2023-07-06,189.83999633789065,192.02000427246097,189.1999969482422,191.80999755859375,45094300,6.945577358765487,7.025336176951149,6.922162033459357,7.017652770371069
2023-07-07,191.41000366210935,192.6699981689453,190.2400054931641,190.67999267578125,46815000,7.00301840140426,7.04911716608856,6.960212285997686,6.976309868555018
2023-07-10,189.2599945068359,189.9900054931641,187.0399932861328,188.61000061035156,59922200,6.924357132977838,6.951065665827083,6.843135101201653,6.900576143840428
2023-07-11,189.16000366210935,189.3000030517578,186.6000061035156,188.0800018310547,46638100,6.920698819868831,6.9258209048337545,6.827037518644318,6.881185353739981
2023-07-12,189.67999267578125,191.6999969482422,188.47000122070312,189.77000427246097,60750200,6.939723387872606,7.013628235165388,6.895454058875505,6.943016595415721
2023-07-13,190.5,191.19000244140625,189.77999877929688,190.5399932861328,41342300,6.969724569999571,6.994969330992899,6.943382259247003,6.9711877835900955
2023-07-14,190.22999572753903,191.17999267578125,189.6300048828125,190.69000244140625,41616200,6.95984606390101,6.994603108896224,6.937894510450798,6.976676090651693
2023-07-17,191.8999938964844,194.32000732421875,191.80999755859375,193.9900054931641,50520200,7.020945419648793,7.109485194173775,7.017652770371069,7.097411588556733
2023-07-18,193.3500061035156,194.3300018310547,192.4199981689453,193.72999572753903,48288200,7.073996263250603,7.109850858005058,7.0399705459179565,7.087898746289453
2023-07-19,193.1000061035156,198.22999572753903,192.6499938964844,195.1000061035156,80507300,7.06484964308,7.252537909360309,7.048385280160603,7.138022604444824
2023-07-20,195.08999633789065,196.47000122070312,192.5,193.1300048828125,59581200,7.137656382348152,7.188145904334805,7.042897531364396,7.065947192839242
2023-07-21,194.1000061035156,194.97000122070312,191.22999572753903,191.94000244140625,71951700,7.1014361237624115,7.133266183311187,6.996432544583422,7.022409191504708
2023-07-24,193.41000366210935,194.91000366210935,192.25,192.75,45377800,7.076191362769085,7.131071083792703,7.033750911193794,7.052044151534999
2023-07-25,193.3300018310547,194.44000244140625,192.9199981689453,193.6199951171875,37283200,7.073264377322646,7.113875393210739,7.058263786259163,7.083874211083773
2023-07-26,193.6699981689453,195.63999938964844,193.32000732421875,194.5,47471900,7.085703646770972,7.157779058376556,7.072898713491362,7.1160704927292215
2023-07-27,196.02000427246097,197.1999969482422,192.5500030517578,193.22000122070312,47460200,7.171682099680799,7.214853878918657,7.044726967051595,7.069239842116965
2023-07-28,194.6699981689453,196.6300048828125,194.13999938964844,195.8300018310547,48291400,7.122290127453384,7.193999875227685,7.102899337352937,7.164730579028677
2023-07-31,196.05999755859375,196.4900054931641,195.2599945068359,196.4499969482422,38824100,7.1731453132713225,7.188877790262764,7.143876017072313,7.187414018406847
2023-08-01,196.2400054931641,196.72999572753903,195.27999877929688,195.61000061035156,35175100,7.179731170092161,7.197658188336691,7.144607903000272,7.156681508617315
2023-08-02,195.0399932861328,195.17999267578125,191.8500061035156,192.5800018310547,50389300,7.135826946660952,7.140949031625874,7.019116542226984,7.045824516810836
2023-08-03,191.57000732421875,192.3699951171875,190.69000244140625,191.1699981689453,61235200,7.008872372297141,7.038141110230757,6.976676090651693,6.9942374450649405
2023-08-04,185.52000427246097,187.3800048828125,181.9199981689453,181.9900054931641,115956800,6.787524052515468,6.85557492891537,6.655812498752626,6.658373820367784
2023-08-07,182.1300048828125,183.1300048828125,177.35000610351562,178.85000610351562,97576100,6.663495905332705,6.700082386015117,6.488612572332005,6.543492293355623
2023-08-08,179.69000244140625,180.27000427246097,177.5800018310547,179.8000030517578,67823000,6.574224803145156,6.595445028932803,6.497027306574649,6.578249338350837
2023-08-09,180.8699951171875,180.92999267578125,177.00999450683594,178.19000244140625,60378500,6.617396582383014,6.619591681901497,6.476172744618287,6.519345082121537
2023-08-10,179.47999572753906,180.75,177.60000610351562,177.97000122070312,54686900,6.566541396565077,6.61300638334605,6.497759192502607,6.511296011710175
2023-08-11,177.32000732421875,178.6199951171875,176.5500030517578,177.7899932861328,52036700,6.487515022572763,6.535077000847586,6.459343276132996,6.504710154889337
2023-08-14,177.97000122070312,179.69000244140625,177.30999755859375,179.4600067138672,43675600,6.511296011710175,6.574224803145156,6.487148800476088,6.56581006890251
2023-08-15,178.8800048828125,179.47999572753906,177.0500030517578,177.4499969482422,43622600,6.544589843114864,6.566541396565077,6.4776365164742025,6.492270885441011
2023-08-16,177.1300048828125,178.5399932861328,176.5,176.57000732421875,46964900,6.480563501920642,6.532150015401147,6.457513840445797,6.460075162060954
2023-08-17,177.13999938964844,177.50999450683594,173.47999572753906,174.0,66062900,6.480929165751926,6.494465984959493,6.347022512470602,6.366047638739766
2023-08-18,172.3000030517578,175.10000610351562,171.9600067138672,174.49000549316406,61172200,6.303850733232744,6.406292990796576,6.291411463784417,6.383975215249689
2023-08-21,175.07000732421875,176.1300048828125,173.74000549316406,175.83999633789062,46311900,6.4051954410373355,6.44397702123823,6.35653535473788,6.4333666292117115
2023-08-22,177.05999755859375,177.67999267578125,176.25,177.22999572753906,42038900,6.478002180305485,6.500685619683656,6.448367220275194,6.484221815029649
2023-08-23,178.52000427246094,181.5500030517578,178.3300018310547,181.1199951171875,52722800,6.53141868773858,6.642275679545058,6.524467167086459,6.626543202553617
2023-08-24,180.6699981689453,181.1000061035156,176.00999450683594,176.3800048828125,54945800,6.61007939789961,6.62581187489105,6.439586263935874,6.453123641408833
2023-08-25,177.3800048828125,179.14999389648438,175.82000732421875,178.61000061035156,51449600,6.489710122091245,6.554467790948034,6.432635301549144,6.5347113370163035
2023-08-28,180.08999633789062,180.58999633789065,178.5500030517578,180.19000244140625,43820700,6.588859172111964,6.607152412453171,6.532516237497821,6.592518043486362
2023-08-29,179.6999969482422,184.8999938964844,179.5,184.1199951171875,53003900,6.574590466976439,6.7648400548719065,6.567273282493034,6.736302644600855
2023-08-30,184.94000244140625,187.8500061035156,184.7400054931641,187.6499938964844,60813900,6.766303826727821,6.872770619497334,6.758986642244418,6.865452876748541
2023-08-31,187.83999633789065,189.1199951171875,187.47999572753903,187.8699951171875,60794500,6.872404397400661,6.919235048012917,6.859233242024375,6.873501947159902
2023-09-01,189.4900054931641,189.9199981689453,188.27999877929688,189.4600067138672,45766500,6.932772425485877,6.948504344211925,6.888502538223385,6.931674875726634
2023-09-05,188.27999877929688,189.97999572753903,187.61000061035156,189.6999969482422,45280000,6.888502538223385,6.950699443730406,6.863989663158015,6.940455273800564
2023-09-06,188.3999938964844,188.8500061035156,181.47000122070312,182.91000366210935,81755800,6.89289273726035,6.909357100179746,6.639348694098619,6.692033315603754
2023-09-07,175.17999267578125,178.2100067138672,173.5399932861328,177.55999755859375,112488800,6.409219417977625,6.520076968049494,6.349217611989085,6.496295420646692
2023-09-08,178.35000610351562,180.2400054931641,177.7899932861328,178.17999267578125,65551300,6.525199053014417,6.594347479173562,6.504710154889337,6.518978860024863
2023-09-11,180.07000732421875,180.3000030517578,177.33999633789062,179.36000061035156,58953100,6.588127844449398,6.596542578692043,6.48824635023533,6.562151197528112
2023-09-12,179.49000549316406,180.1300048828125,174.82000732421875,176.3000030517578,90370200,6.566907618661752,6.590322943967879,6.396048820866732,6.450196655962393
2023-09-13,176.50999450683594,177.3000030517578,173.97999572753906,174.2100067138672,84267900,6.457879504277081,6.486783136644806,6.365315752811808,6.373731045319845
2023-09-14,174.0,176.10000610351562,173.5800018310547,175.74000549316406,60895800,6.366047638739766,6.442879471478989,6.350681383845,6.429708316102705
2023-09-15,176.47999572753906,176.5,173.82000732421875,175.00999450683594,109259500,6.456781954517839,6.457513840445797,6.3594623401843196,6.4029997832534615
2023-09-18,176.47999572753906,179.3800048828125,176.1699981689453,177.97000122070312,67257600,6.456781954517839,6.562883083456071,6.445440234828754,6.511296011710175
2023-09-19,177.52000427246094,179.6300048828125,177.1300048828125,179.07000732421875,51826900,6.4948322070561675,6.572029703626673,6.480563501920642,6.551541363766985
2023-09-20,179.25999450683594,179.6999969482422,175.39999389648438,175.49000549316406,58436200,6.558492326153715,6.574590466976439,6.417268488388987,6.4205616959321015
2023-09-21,174.5500030517578,176.3000030517578,173.86000061035156,173.92999267578125,63149100,6.386170314768171,6.450196655962393,6.360925553774844,6.363486317124609
2023-09-22,174.6699981689453,177.0800018310547,174.0500030517578,174.7899932861328,56725400,6.390560513805135,6.478734066233444,6.367877074426965,6.3949507128421
2023-09-25,174.1999969482422,176.97000122070312,174.14999389648438,176.0800018310547,46172700,6.37336482322317,6.474709531027762,6.371535387535971,6.442147585551031
2023-09-26,174.82000732421875,175.1999969482422,171.66000366210938,171.9600067138672,64588900,6.396048820866732,6.409951303905583,6.280435407926615,6.291411463784417
2023-09-27,172.6199951171875,173.0399932861328,169.0500030517578,170.42999267578125,66921800,6.315558116753111,6.330924371647878,6.184944671014903,6.235433634736166
2023-09-28,169.33999633789062,172.02999877929688,167.6199951171875,170.69000244140625,56294400,6.19555450477603,6.293972227134183,6.132625713341049,6.2449464770034435
2023-09-29,172.02000427246094,173.07000732421875,170.33999633789062,171.2100067138672,51861100,6.293606563302899,6.33202247967251,6.232140985458443,6.263971603272608
2023-10-02,171.22000122070312,174.3000030517578,170.92999267578125,173.75,52164500,6.26433726710389,6.377023694597568,6.253726875077372,6.356901018569163
2023-10-03,172.25999450683594,173.6300048828125,170.82000732421875,172.39999389648438,49594600,6.302386961376827,6.352510819532199,6.249702898137082,6.30750904634175
2023-10-04,171.08999633789062,174.2100067138672,170.97000122070312,173.66000366210938,53020300,6.259580845970252,6.373731045319845,6.255190646933288,6.35360836929144
2023-10-05,173.7899932861328,175.4499969482422,172.67999267578125,174.91000366210938,48527900,6.358364232159687,6.419097924076186,6.317753216271594,6.3993414701444555
2023-10-06,173.8000030517578,177.99000549316406,173.17999267578125,177.49000549316406,57266700,6.358730454256362,6.5120278976381325,6.3360464566128005,6.493734657296926
2023-10-09,176.80999755859375,179.0500030517578,175.8000030517578,178.99000549316406,42390800,6.468855560134883,6.550809477839027,6.4319034156211865,6.548614378320545
2023-10-10,178.10000610351562,179.72000122070312,177.9499969482422,178.38999938964844,43698000,6.516052432843813,6.575322352904396,6.510564125782217,6.526662266604941
2023-10-11,178.1999969482422,179.85000610351562,177.60000610351562,179.8000030517578,47551100,6.51971074595282,6.580078774038036,6.497759192502607,6.578249338350837
2023-10-12,180.07000732421875,182.33999633789065,179.0399932861328,180.7100067138672,56743100,6.588127844449398,6.671178753647393,6.550443255742353,6.611543169755526
2023-10-13,181.4199981689453,181.92999267578125,178.13999938964844,178.85000610351562,51427100,6.6375192584114195,6.656178162583909,6.5175156464343384,6.543492293355623
2023-10-16,176.75,179.0800018310547,176.50999450683594,178.72000122070312,52517000,6.4666604606164,6.5519070275982685,6.457879504277081,6.538735872221984
2023-10-17,176.64999389648438,178.4199981689453,174.8000030517578,177.14999389648438,57549400,6.463001589242003,6.527759816364182,6.395316934938775,6.4812948295832085
2023-10-18,175.5800018310547,177.5800018310547,175.11000061035156,175.83999633789062,54764400,6.423854345209825,6.497027306574649,6.40665865462786,6.4333666292117115
2023-10-19,176.0399932861328,177.83999633789062,175.19000244140625,175.4600067138672,59302900,6.440683813695116,6.506539590576536,6.409585640074299,6.41946414617286
2023-10-20,175.30999755859375,175.4199981689453,172.63999938964844,172.8800048828125,64244000,6.413975839111264,6.418000374316945,6.316290002681069,6.3250709590203895
2023-10-23,170.91000366210938,174.00999450683594,169.92999267578125,173.0,55980100,6.252995547414805,6.36641330257105,6.21714039439496,6.329461158057354
2023-10-24,173.0500030517578,173.6699981689453,171.4499969482422,173.44000244140625,43816600,6.331290593744552,6.353974033122723,6.272752001346536,6.345559298880078
2023-10-25,171.8800048828125,173.05999755859375,170.64999389648438,171.10000610351562,57157000,6.288484478337977,6.331656257575836,6.243482705147528,6.259947068066927
2023-10-26,170.3699951171875,171.3800048828125,165.6699981689453,166.88999938964844,70625300,6.233238535217684,6.27019123799677,6.061282187663424,6.105917738757198
2023-10-27,166.91000366210938,168.9600067138672,166.8300018310547,168.22000122070312,58499100,6.106649624685156,6.18165202173718,6.103722639238716,6.154577825056654
2023-10-30,169.02000427246094,171.1699981689453,168.8699951171875,170.2899932861328,51131000,6.183847121255662,6.262507831416692,6.178358814194065,6.230311549771244
2023-10-31,169.35000610351562,170.89999389648438,167.89999389648438,170.77000427246094,44846000,6.195920726872704,6.252629325318131,6.142869883270894,6.247873462449883
2023-11-01,171.0,174.22999572753906,170.1199951171875,173.97000122070312,56934900,6.256288196692529,6.3744623729824115,6.22409191504708,6.364950088980525
2023-11-02,175.52000427246094,177.77999877929688,175.4600067138672,177.57000732421875,77334800,6.421659245691343,6.5043444910580535,6.41946414617286,6.4966616427433665
2023-11-03,174.24000549316406,176.82000732421875,173.35000610351562,176.64999389648438,79829200,6.374828595079086,6.469221782231557,6.3422666496023545,6.463001589242003
2023-11-06,176.3800048828125,179.42999267578125,176.2100067138672,179.22999572753906,63841300,6.453123641408833,6.564711960877878,6.44690400668467,6.5573947763944735
2023-11-07,179.17999267578125,182.44000244140625,178.97000122070312,181.82000732421875,70530000,6.5555653407072745,6.67483762502179,6.547882492392588,6.652154185643619
2023-11-08,182.3500061035156,183.4499969482422,181.58999633789065,182.88999938964844,49340300,6.671544975744066,6.711789769535486,6.643738893135584,6.691301429675797
2023-11-09,182.9600067138672,184.1199951171875,181.80999755859375,182.41000366210935,53763500,6.693862751290954,6.736302644600855,6.651787963546945,6.673740075262548
2023-11-10,183.97000122070312,186.57000732421875,183.52999877929688,186.3999938964844,66133400,6.73081489580465,6.825939968885079,6.714716754981925,6.819719775895525
2023-11-13,185.82000732421875,186.02999877929688,184.2100067138672,184.8000030517578,43627500,6.798500108373269,6.806182956687956,6.739595852143969,6.761181741762899
2023-11-14,187.6999969482422,188.11000061035156,186.3000030517578,187.44000244140625,60108400,6.867282312435738,6.882282903499221,6.816061462786518,6.857770028433852
2023-11-15,187.8500061035156,189.5,187.77999877929688,188.0099945068359,53790500,6.872770619497334,6.9331380893171595,6.8702092978821785,6.878624032124822
2023-11-16,189.57000732421875,190.9600067138672,188.6499938964844,189.7100067138672,54412900,6.935699410932315,6.986554596750254,6.902039357430953,6.940821495897238
2023-11-17,190.25,190.3800048828125,188.57000732421875,189.69000244140625,50922700,6.960577949828968,6.965334370962608,6.8991129302499035,6.94008960996928
2023-11-20,189.88999938964844,191.91000366210935,189.8800048828125,191.4499969482422,46505100,6.947406794452684,7.0213116417454655,6.947041130621401,7.004481614994785
2023-11-21,191.41000366210935,191.52000427246097,189.7400054931641,190.63999938964844,38134500,7.00301840140426,7.007042936609943,6.94191904565648,6.974846654964494
2023-11-22,191.4900054931641,192.92999267578125,190.8300018310547,191.30999755859375,39617700,7.005945386850701,7.058629450090446,6.981798175616615,6.999359530029863
2023-11-24,190.8699951171875,190.8999938964844,189.25,189.97000122070312,24048300,6.983261389207139,6.984358938966381,6.923991469146556,6.9503337798991245
2023-11-27,189.9199981689453,190.6699981689453,188.8999938964844,189.7899932861328,40552600,6.948504344211925,6.975944204723735,6.911185977601556,6.943747923078287
2023-11-28,189.77999877929688,191.0800018310547,189.3999938964844,190.3999938964844,38415400,6.943382259247003,6.990944795787217,6.929479217942762,6.966065698625175
2023-11-29,190.8999938964844,192.08999633789065,188.97000122070312,189.3699951171875,43014200,6.984358938966381,7.027896940300915,6.913747299216712,6.92838166818352
2023-11-30,189.83999633789065,190.32000732421875,188.19000244140625,189.9499969482422,48794400,6.945577358765487,6.963139271444125,6.885209888945662,6.949601893971167
2023-12-01,190.3300018310547,191.55999755859375,189.22999572753903,191.2400054931641,45704800,6.963504935275409,7.008506150200466,6.923259583218597,6.996798766680099
2023-12-04,189.97999572753903,190.0500030517578,187.4499969482422,189.42999267578125,43389500,6.950699443730406,6.953260765345564,6.858135692265135,6.930576767702003
2023-12-05,190.2100067138672,194.3999938964844,190.17999267578125,193.4199981689453,66628400,6.959114736238444,7.112411621354824,6.958016628213811,7.076557026600369
2023-12-06,194.4499969482422,194.7599945068359,192.11000061035156,192.32000732421875,41089700,7.1142410570420225,7.125582776731107,7.028628826228871,7.03631223280895
2023-12-07,193.6300048828125,195.0,193.58999633789065,194.27000427246097,47477700,7.084240433180447,7.134363733070428,7.082776661324533,7.107655758486577
2023-12-08,194.1999969482422,195.9900054931641,193.6699981689453,195.7100067138672,53406400,7.105094436871419,7.170584549921558,7.085703646770972,7.1603403799917125
2023-12-11,193.11000061035156,193.4900054931641,191.4199981689453,193.17999267578125,60943700,7.065215306911283,7.079118348215527,7.003384065235544,7.067776070261049
2023-12-12,193.0800018310547,194.72000122070312,191.72000122070312,194.7100067138672,52696900,7.064117757152043,7.124119563140583,7.014360121093346,7.1237538993093
2023-12-13,195.08999633789065,198.0,194.8500061035156,197.9600067138672,70404200,7.137656382348152,7.2441231751176645,7.128875984274221,7.24265996152714
2023-12-14,198.02000427246097,199.6199951171875,196.16000366210935,198.11000061035156,66831600,7.244855061045624,7.303393095178248,7.176804184645719,7.248147710323346
2023-12-15,197.52999877929688,198.3999938964844,197.0,197.57000732421875,128538400,7.226927484535699,7.2587575440844745,7.207536694435253,7.228391256391616
2023-12-18,196.08999633789065,196.6300048828125,194.38999938964844,195.88999938964844,55751900,7.174242863030564,7.193999875227685,7.112045957523541,7.166925678547159
2023-12-19,196.16000366210935,196.9499969482422,195.88999938964844,196.94000244140625,40714100,7.176804184645719,7.2057072587480535,7.166925678547159,7.205341594916771
2023-12-20,196.8999938964844,197.67999267578125,194.8300018310547,194.8300018310547,52242800,7.203877823060855,7.232415233331905,7.128144098346264,7.128144098346264
2023-12-21,196.1000061035156,197.0800018310547,193.5,194.67999267578125,46482500,7.174609085127237,7.210463679881692,7.079484012046809,7.122655791284668
2023-12-22,195.17999267578125,195.41000366210935,192.97000122070312,193.6000061035156,37149600,7.140949031625874,7.149364324133909,7.060093221946362,7.083142883421206
2023-12-26,193.61000061035156,193.88999938964844,192.8300018310547,193.0500030517578,28919300,7.08350854725249,7.093752717182334,7.05497113698144,7.0630202073928015
2023-12-27,192.4900054931641,193.5,191.08999633789065,193.1499938964844,48087700,7.042531867533114,7.079484012046809,6.991310459618502,7.066678520501809
2023-12-28,194.13999938964844,194.66000366210935,193.1699981689453,193.5800018310547,34049900,7.102899337352937,7.1219244636221,7.067410406429766,7.082410997493249
2023-12-29,193.8999938964844,194.3999938964844,191.72999572753903,192.52999877929688,42672100,7.094118381013619,7.112411621354824,7.014725784924628,7.043995081123637
2024-01-02,187.1499938964844,188.44000244140625,183.88999938964844,185.63999938964844,82488700,6.847159636407334,6.894356509116265,6.727887910358209,6.791914251552432
2024-01-03,184.22000122070312,185.8800048828125,183.42999267578125,184.25,58414500,6.739961515975253,6.800695207891751,6.711057883607528,6.741059065734493
2024-01-04,182.1499938964844,183.08999633789065,180.8800048828125,181.91000366210935,71983600,6.664227232995272,6.698618614159202,6.617762804479689,6.655446834921341
2024-01-05,181.9900054931641,182.7599945068359,180.1699981689453,181.17999267578125,62379700,6.658373820367784,6.686545008542157,6.591786157558404,6.6287383020721
2024-01-08,182.08999633789065,185.6000061035156,181.5,185.55999755859375,59144500,6.66203213347679,6.790451037961906,6.640446243857859,6.788987266105991
2024-01-09,183.9199981689453,185.1499938964844,182.72999572753903,185.13999938964844,42841800,6.728985460117451,6.77398667504251,6.6854474587829165,6.773621011211225
2024-01-10,184.3500061035156,186.3999938964844,183.9199981689453,186.19000244140625,46792900,6.744717937108891,6.819719775895525,6.728985460117451,6.812036927580836
2024-01-11,186.5399932861328,187.0500030517578,183.6199951171875,185.58999633789065,49128400,6.824841860860446,6.843501323298327,6.718009404259648,6.790084815865233
2024-01-12,186.05999755859375,186.7400054931641,185.19000244140625,185.9199981689453,40477800,6.8072805064471975,6.8321596036092425,6.775450446898424,6.802158421482275
2024-01-16,182.16000366210935,184.2599945068359,180.92999267578125,183.6300048828125,65603000,6.664593455091945,6.741424729565776,6.619591681901497,6.718375626356323
2024-01-17,181.27000427246097,182.92999267578125,180.3000030517578,182.67999267578125,47317400,6.632031509615215,6.6927646432663215,6.596542578692043,6.683618023095718
2024-01-18,186.08999633789065,189.13999938964844,185.8300018310547,188.6300048828125,78005800,6.80837805620644,6.919966933940875,6.798865772204552,6.901308029768385
2024-01-19,189.3300018310547,191.9499969482422,188.82000732421875,191.55999755859375,68903000,6.926918454592996,7.022774855335991,6.908259550420507,7.008506150200466
2024-01-22,192.3000030517578,195.3300018310547,192.2599945068359,193.88999938964844,60133900,7.035580346880992,7.146437338687471,7.034116575025076,7.093752717182334
2024-01-23,195.02000427246097,195.75,193.8300018310547,195.17999267578125,42355600,7.1350956189983865,7.161803593582237,7.0915576176638515,7.140949031625874
2024-01-24,195.4199981689453,196.3800048828125,194.33999633789065,194.5,53631300,7.149729987965194,7.184853255057082,7.1102165218363425,7.1160704927292215
2024-01-25,195.22000122070312,196.27000427246097,193.11000061035156,194.1699981689453,54822100,7.14241280348179,7.180828719851402,7.065215306911283,7.103996887112178
2024-01-26,194.27000427246097,194.7599945068359,191.94000244140625,192.4199981689453,44594000,7.107655758486577,7.125582776731107,7.022409191504708,7.0399705459179565
2024-01-29,192.0099945068359,192.1999969482422,189.5800018310547,191.72999572753903,47145600,7.024969954854472,7.031921475506595,6.936065074763599,7.014725784924628
2024-01-30,190.94000244140625,191.8000030517578,187.47000122070312,188.0399932861328,55859400,6.985822710822296,7.017287106539786,6.8588675781930935,6.8797215818840645
2024-01-31,187.0399932861328,187.1000061035156,184.3500061035156,184.3999938964844,55467800,6.843135101201653,6.845330758985525,6.744717937108891,6.7465468145307
2024-02-01,183.9900054931641,186.9499969482422,183.82000732421875,186.86000061035156,64885400,6.731546781732608,6.839842451923929,6.725327147008445,6.836549802646206
2024-02-02,179.86000061035156,187.3300018310547,179.25,185.8500061035156,102551700,6.5804444378693185,6.853745493228171,6.558126662322431,6.799597658132509
2024-02-05,188.1499938964844,189.25,185.83999633789065,187.67999267578125,69668800,6.883746117089747,6.923991469146556,6.799231436035837,6.86655042650778
2024-02-06,186.86000061035156,189.30999755859375,186.77000427246097,189.3000030517578,43490800,6.836549802646206,6.926186568665038,6.833257153368484,6.9258209048337545
2024-02-07,190.63999938964844,191.0500030517578,188.61000061035156,189.41000366210935,53439000,6.974846654964494,6.989847246027977,6.900576143840428,6.9298454400394345
2024-02-08,189.38999938964844,189.5399932861328,187.3500061035156,188.32000732421875,40962000,6.929113554111478,6.934601302907684,6.854477379156128,6.8899663100793
2024-02-09,188.6499938964844,189.9900054931641,188.0,188.8500061035156,45155200,6.902039357430953,6.951065665827083,6.87825836829354,6.909357100179746
2024-02-12,188.4199981689453,188.6699981689453,186.7899932861328,187.1499938964844,41781900,6.893624623188306,6.9027712433589095,6.833988481031049,6.847159636407334
2024-02-13,185.77000427246097,186.2100067138672,183.5099945068359,185.0399932861328,56529500,6.796670672686071,6.812768813508795,6.7139848690539665,6.769962139836827
2024-02-14,185.32000732421875,185.52999877929688,182.44000244140625,184.1499938964844,54630500,6.780206868032063,6.787889716346751,6.67483762502179,6.737400194360097
2024-02-15,183.5500030517578,184.4900054931641,181.3500061035156,183.86000061035156,65434500,6.715448640909884,6.749840022073815,6.634958495061653,6.726790360598969
2024-02-16,183.4199981689453,184.8500061035156,181.6699981689453,182.30999755859375,49752500,6.710692219776244,6.763011177450097,6.646665878582023,6.670081203888151
2024-02-20,181.7899932861328,182.42999267578125,180.0,181.55999755859375,53665600,6.651056077618987,6.674471402925115,6.585566522834241,6.642641343376342
2024-02-21,181.94000244140625,182.88999938964844,180.66000366210935,182.32000732421875,41371400,6.656544384680584,6.691301429675797,6.609713734068326,6.670447425984825
2024-02-22,183.47999572753903,184.9600067138672,182.4600067138672,184.3699951171875,52292200,6.712887319294725,6.767035712655779,6.675569510949748,6.745449264771458
2024-02-23,185.0099945068359,185.0399932861328,182.22999572753903,182.52000427246097,45119700,6.768864590077586,6.769962139836827,6.66715421844171,6.67776461046823
2024-02-26,182.2400054931641,182.7599945068359,180.6499938964844,181.16000366210935,40867400,6.667520440538387,6.686545008542157,6.609347511971653,6.628006974409532
2024-02-27,181.1000061035156,183.9199981689453,179.55999755859375,182.6300048828125,54318900,6.62581187489105,6.728985460117451,6.569468382011517,6.6817891456739105
2024-02-28,182.5099945068359,183.1199951171875,180.1300048828125,181.4199981689453,48953900,6.677398388371554,6.699716163918443,6.590322943967879,6.6375192584114195
2024-02-29,181.27000427246097,182.57000732421875,179.52999877929688,180.75,136682600,6.632031509615215,6.679594046155429,6.568370832252276,6.61300638334605
2024-03-01,179.5500030517578,180.52999877929688,177.3800048828125,179.66000366210938,73563100,6.5691027181802335,6.604957312934688,6.489710122091245,6.573127253385914
2024-03-04,176.14999389648438,176.89999389648438,173.7899932861328,175.10000610351562,81510100,6.444708348900797,6.472148209412606,6.358364232159687,6.406292990796576
2024-03-05,170.75999450683594,172.0399932861328,169.6199951171875,170.1199951171875,95132400,6.247507240353209,6.2943378909654655,6.205798674705874,6.22409191504708
2024-03-06,171.05999755859375,171.24000549316406,168.67999267578125,169.1199951171875,68587700,6.258483296211011,6.265069153031849,6.171407293541944,6.1875054343646685
2024-03-07,169.14999389648438,170.72999572753906,168.49000549316406,169.0,71765100,6.188602984123909,6.246409690593968,6.164456331155215,6.183115235327704
2024-03-08,169.0,173.6999969482422,168.94000244140625,170.72999572753906,76267000,6.183115235327704,6.355071582881964,6.180920135809222,6.246409690593968
2024-03-11,172.94000244140625,174.3800048828125,172.0500030517578,172.75,60139500,6.327266058538871,6.379950680044008,6.29470411306214,6.320314537886751
2024-03-12,173.14999389648438,174.02999877929688,171.00999450683594,173.22999572753906,59825400,6.334948906853559,6.367145188499007,6.256653860523812,6.337875892299999
2024-03-13,172.77000427246094,173.19000244140625,170.75999450683594,171.1300048828125,52488700,6.321046423814709,6.3364126787094746,6.247507240353209,6.261044617826167
2024-03-14,172.91000366210938,174.30999755859375,172.0500030517578,173.0,72913500,6.326168508779631,6.377389358428851,6.29470411306214,6.329461158057354
2024-03-15,171.1699981689453,172.6199951171875,170.2899932861328,172.6199951171875,121752700,6.262507831416692,6.315558116753111,6.230311549771244,6.315558116753111
2024-03-18,175.57000732421875,177.7100067138672,173.52000427246094,173.72000122070312,75604200,6.423488681378542,6.501783727708289,6.348486284326517,6.355803468809922
2024-03-19,174.33999633789062,176.61000061035156,173.02999877929688,176.0800018310547,55215200,6.378486908188092,6.461538375651478,6.330558707816595,6.442147585551031
2024-03-20,175.72000122070312,178.6699981689453,175.08999633789062,178.6699981689453,53423100,6.428976430174747,6.536906436534785,6.405926768699902,6.536906436534785
2024-03-21,177.0500030517578,177.49000549316406,170.83999633789062,171.3699951171875,106181300,6.4776365164742025,6.493734657296926,6.250434225799649,6.269825015900096
2024-03-22,171.75999450683594,173.0500030517578,170.05999755859375,172.27999877929688,71160100,6.284093721035622,6.331290593744552,6.2218968155285985,6.303118847304785
2024-03-25,170.57000732421875,171.94000244140625,169.4499969482422,170.85000610351562,54288300,6.240556277966479,6.2906795778564595,6.199579039981711,6.2508004478963235
2024-03-26,170.0,171.4199981689453,169.5800018310547,169.7100067138672,57388400,6.219701716010117,6.271654451587295,6.20433546111535,6.2090918822489884
2024-03-27,170.41000366210938,173.60000610351562,170.11000061035156,173.30999755859375,60273300,6.234702307073599,6.351413269772958,6.223726251215798,6.340802877746439
2024-03-28,171.75,172.22999572753906,170.50999450683594,171.47999572753906,65672700,6.283728057204338,6.301289411617587,6.238360620182606,6.273849551105777
2024-04-01,171.19000244140625,171.25,169.47999572753906,170.02999877929688,46240500,6.26323971734465,6.265434816863132,6.200676589740953,6.220799265769357
2024-04-02,169.0800018310547,169.33999633789062,168.22999572753906,168.83999633789062,49329500,6.1860422207741435,6.19555450477603,6.154943488887937,6.177261264434824
2024-04-03,168.7899932861328,170.67999267578125,168.5800018310547,169.64999389648438,47691700,6.175431828747625,6.244580254906769,6.167748980432938,6.206896224465115
2024-04-04,170.2899932861328,171.9199981689453,168.82000732421875,168.82000732421875,53704400,6.230311549771244,6.289947691928501,6.1765299367722575,6.1765299367722575
2024-04-05,169.58999633789062,170.38999938964844,168.9499969482422,169.5800018310547,42104800,6.2047011249466335,6.233970421145641,6.181285799640505,6.20433546111535
2024-04-08,169.02999877929688,169.1999969482422,168.24000549316406,168.4499969482422,37425500,6.184212785086945,6.190432419811108,6.1553097109846115,6.1629925592992985
2024-04-09,168.6999969482422,170.0800018310547,168.35000610351562,169.6699981689453,42373800,6.172139179469902,6.222628701456556,6.1593342461902925,6.207628110393073
2024-04-10,168.8000030517578,169.08999633789062,167.11000061035156,167.77999877929688,49709300,6.1757980508443,6.186407884605427,6.11396680916856,6.138479684233929
2024-04-11,168.33999633789062,175.4600067138672,168.16000366210938,175.0399932861328,91070300,6.1589680240936175,6.41946414617286,6.152382725538171,6.404097333012703
2024-04-12,174.25999450683594,178.36000061035156,174.2100067138672,176.5500030517578,101670900,6.375559922741653,6.5255647168457,6.373731045319845,6.459343276132996
2024-04-15,175.36000061035156,176.6300048828125,172.5,172.69000244140625,73531800,6.415805274798463,6.4622702615794365,6.311167917716148,6.318119438368268
2024-04-16,171.75,173.75999450683594,168.27000427246094,169.3800048828125,73711200,6.283728057204338,6.3572666824004465,6.156407260743852,6.197018276631946
2024-04-17,169.61000061035156,170.64999389648438,168.0,168.0,50901200,6.205433010874591,6.243482705147528,6.146528754645291,6.146528754645291
2024-04-18,168.02999877929688,168.63999938964844,166.5500030517578,167.0399932861328,43122900,6.1476263044045325,6.16994407995142,6.093478469308872,6.111405487553403
2024-04-19,166.2100067138672,166.39999389648438,164.0800018310547,165.0,68149400,6.0810391998605455,6.087990162247275,6.003109817362081,6.036769312598054
2024-04-22,165.52000427246094,167.25999450683594,164.77000427246094,165.83999633789062,48116400,6.055794438867218,6.119454557964765,6.028354578355409,6.0675018223875865
2024-04-23,165.35000610351562,167.0500030517578,164.9199981689453,166.89999389648438,49537800,6.049574804143055,6.111771709650077,6.033842327151614,6.106283402588481
2024-04-24,166.5399932861328,169.3000030517578,166.2100067138672,169.02000427246094,48251800,6.093112247212197,6.194091291185506,6.0810391998605455,6.183847121255662
2024-04-25,169.52999877929688,170.61000061035156,168.14999389648438,169.88999938964844,50558300,6.202506025428151,6.242019491557004,6.152016503441497,6.215677180804435
2024-04-26,169.8800048828125,171.33999633789062,169.17999267578125,169.3000030517578,44838400,6.215311516973152,6.268727466140855,6.18970053388315,6.194091291185506
2024-04-29,173.3699951171875,176.02999877929688,173.10000610351562,173.5,68169400,6.342997977264921,6.440318149863832,6.333120029431751,6.34775439839856
2024-04-30,173.3300018310547,174.99000549316406,170.0,170.3300018310547,65934800,6.341534763674397,6.402268455590895,6.219701716010117,6.231775321627159
2024-05-01,169.5800018310547,172.7100067138672,169.11000061035156,169.3000030517578,50383100,6.20433546111535,6.318851324296226,6.187139770533385,6.194091291185506
2024-05-02,172.50999450683594,173.4199981689453,170.88999938964844,173.02999877929688,94214900,6.3115335815474305,6.34482741295212,6.252263661486848,6.330558707816595
2024-05-03,186.6499938964844,187.0,182.66000366210935,183.3800048828125,163224100,6.828866396066128,6.8416718876111275,6.682886695433151,6.70922900618572
2024-05-06,182.3500061035156,184.1999969482422,180.4199981689453,181.7100067138672,78569700,6.671544975744066,6.739229630047295,6.600932777729007,6.648129650437938
2024-05-07,183.4499969482422,184.8999938964844,181.32000732421875,182.3999938964844,77305800,6.711789769535486,6.7648400548719065,6.633860945302413,6.6733738531658755
2024-05-08,182.8500061035156,183.07000732421875,181.4499969482422,182.7400054931641,45057100,6.689838216085271,6.697887286496635,6.638616808170661,6.685813680879593
2024-05-09,182.55999755859375,184.66000366210935,182.11000061035156,184.57000732421875,48983000,6.679227824058754,6.756059656797976,6.662764019404746,6.752767007520253
2024-05-10,184.8999938964844,185.08999633789065,182.1300048828125,183.0500030517578,50759500,6.7648400548719065,6.771791575524027,6.663495905332705,6.697155400568677
2024-05-13,185.44000244140625,187.1000061035156,184.6199951171875,186.27999877929688,72044800,6.784597067069027,6.845330758985525,6.754595884942061,6.815329576858559
2024-05-14,187.5099945068359,188.3000030517578,186.2899932861328,187.42999267578125,52393600,6.860330791783617,6.889234424151343,6.815695240689843,6.857403806337177
2024-05-15,187.91000366210935,190.6499938964844,187.3699951171875,189.72000122070312,70400000,6.874965719015816,6.975212318795778,6.855208706818695,6.941187159728521
2024-05-16,190.47000122070312,191.1000061035156,189.66000366210935,189.83999633789065,52845200,6.968627020240331,6.991676681715174,6.938992060210038,6.945577358765487
2024-05-17,189.5099945068359,190.80999755859375,189.17999267578125,189.8699951171875,41282900,6.933503753148441,6.981066289688656,6.9214301475313995,6.946674908524726
2024-05-20,189.3300018310547,191.9199981689453,189.0099945068359,191.0399932861328,44361300,6.926918454592996,7.02167730557675,6.915210512807235,6.989481023931302
2024-05-21,191.08999633789065,192.72999572753903,190.9199981689453,192.3500061035156,42309400,6.991310459618502,7.051312265607041,6.985090824894338,7.03740978256819
2024-05-22,192.27000427246097,192.82000732421875,190.27000427246097,190.8999938964844,34648500,7.034482797121752,7.054605473150156,6.961309835756928,6.984358938966381
2024-05-23,190.97999572753903,191.0,186.6300048828125,186.8800048828125,51005900,6.987285924412819,6.988017810340778,6.828135068403561,6.837281688574164
2024-05-24,188.82000732421875,190.5800018310547,188.0399932861328,189.97999572753903,36327000,6.908259550420507,6.972651555446012,6.8797215818840645,6.950699443730406
2024-05-28,191.5099945068359,193.0,189.1000061035156,189.9900054931641,52280100,7.006676714513266,7.061190771705602,6.918503720350349,6.951065665827083
2024-05-29,189.61000061035156,192.25,189.5099945068359,190.2899932861328,53068000,6.93716262452284,7.033750911193794,6.933503753148441,6.962041163419493
2024-05-30,190.7599945068359,192.17999267578125,190.6300048828125,191.2899932861328,49889100,6.979236854001456,7.031189589578637,6.97448099113321,6.998627644101905
2024-05-31,191.44000244140625,192.57000732421875,189.91000366210935,192.25,75158300,7.004115951163502,7.045458852979553,6.948138680380641,7.033750911193794
2024-06-03,192.8999938964844,194.9900054931641,192.52000427246097,194.02999877929688,50080500,7.057531900331206,7.133998069239145,7.0436294172923555,7.0988748021472565
2024-06-04,194.63999938964844,195.32000732421875,193.02999877929688,194.3500061035156,47471400,7.121192577694144,7.146071674856187,7.062288321464844,7.110582743933015
2024-06-05,195.3999938964844,196.8999938964844,194.8699951171875,195.8699951171875,54156800,7.148998102037237,7.203877823060855,7.129607311936788,7.166193792619201
2024-06-06,195.69000244140625,196.5,194.1699981689453,194.47999572753903,41181800,7.159608494063755,7.189243454094046,7.103996887112178,7.115338606801262
2024-06-07,194.6499938964844,196.94000244140625,194.13999938964844,196.88999938964844,53103900,7.1215582415254275,7.205341594916771,7.102899337352937,7.203512159229572
2024-06-10,196.8999938964844,197.3000030517578,192.1499938964844,193.1199951171875,97010200,7.203877823060855,7.218512750293055,7.0300920398193965,7.065580970742567
2024-06-11,193.6499938964844,207.16000366210935,193.6300048828125,207.1499938964844,172373300,7.084971760843016,7.579255472152256,7.084240433180447,7.578889250055584
2024-06-12,207.3699951171875,220.1999969482422,206.8999938964844,213.07000732421875,198134300,7.5869383204669445,8.056342934614143,7.56974262988498,7.795481706969008
2024-06-13,214.7400054931641,216.75,211.6000061035156,214.2400054931641,97862700,7.856581062716791,7.930119687912899,7.74169953570463,7.838287822375585
2024-06-14,213.8500061035156,215.1699981689453,211.3000030517578,212.4900054931641,70122700,7.8240191172400575,7.87231298144284,7.730723479846828,7.774261481181363
2024-06-17,213.3699951171875,218.9499969482422,212.72000122070312,216.6699981689453,93728300,7.806457204561419,8.010609833761128,7.782676215424008,7.927192702466458
2024-06-18,217.58999633789065,218.6300048828125,213.0,214.2899932861328,79943300,7.960852197702432,7.998902450240759,7.792920385353852,7.840116699797392
2024-06-20,213.92999267578125,214.2400054931641,208.8500061035156,209.67999267578125,86172500,7.826945544421108,7.838287822375585,7.641086713827995,7.671453001520854
2024-06-21,210.38999938964844,211.88999938964844,207.11000061035156,207.4900054931641,241805100,7.69742964844214,7.752309369465758,7.577426036465058,7.591329077769301
2024-06-24,207.72000122070312,212.6999969482422,206.58999633789065,208.13999938964844,80727000,7.599743812011945,7.781944329496049,7.558400910195895,7.615110066906712
2024-06-25,209.1499938964844,211.3800048828125,208.61000061035156,209.07000732421875,55549700,7.652062211420408,7.733650465293269,7.632305757488677,7.649135784239358
2024-06-26,211.5,214.86000061035156,210.63999938964844,213.25,66213200,7.738040664330233,7.860971261753755,7.706576268612743,7.802067005524455
2024-06-27,214.69000244140625,215.7400054931641,212.3500061035156,214.1000061035156,49772700,7.854751627029591,7.893167543399204,7.769139396216439,7.833165737410661
2024-06-28,215.77000427246097,216.07000732421875,210.3000030517578,210.6199951171875,82542700,7.894265093158444,7.905241149016246,7.694136999164416,7.705844382684785
2024-07-01,212.08999633789065,217.5099945068359,211.9199981689453,216.75,60402900,7.759626553949164,7.95792521225599,7.753406919224999,7.930119687912899
2024-07-02,216.1499938964844,220.3800048828125,215.1000061035156,220.27000427246097,58046200,7.908167576197296,8.062928791434981,7.8697522180930735,8.058904256229301
2024-07-03,220.0,221.5500030517578,219.02999877929688,221.5500030517578,37369800,8.049025750130738,8.105734906841557,8.013536819207568,8.105734906841557
2024-07-05,221.6499938964844,226.4499969482422,221.6499938964844,226.33999633789065,60412400,8.109393219950563,8.28500843887922,8.109393219950563,8.28098390367354
2024-07-08,227.08999633789065,227.8500061035156,223.25,227.82000732421875,59085900,8.308423764185351,8.336229846793833,8.167931812348579,8.335132297034592
2024-07-09,227.92999267578125,229.3999938964844,226.3699951171875,228.67999267578125,48076100,8.339156273974881,8.39293844523926,8.282081453432781,8.366596134486691
2024-07-10,229.3000030517578,233.0800018310547,229.25,232.97999572753903,62627700,8.389280132130253,8.52757698444854,8.387450696443054,8.523918113074142
2024-07-11,231.38999938964844,232.38999938964844,225.77000427246097,227.57000732421875,64710600,8.465745742772802,8.502332223455213,8.26012989998257,8.325985676863988
2024-07-12,228.9199981689453,232.63999938964844,228.67999267578125,230.5399932861328,53046500,8.37537709082601,8.511478843625817,8.366596134486691,8.434647010886593
2024-07-15,236.47999572753903,237.22999572753903,233.08999633789065,234.3999938964844,62631300,8.651970795462585,8.679410655974396,8.527942648279826,8.575870848651322
2024-07-16,235.0,236.27000427246097,232.3300018310547,234.82000732421875,43234300,8.597822960366926,8.6442879471479,8.500137123936732,8.59123766181148
2024-07-17,229.4499969482422,231.4600067138672,226.63999938964844,228.8800048828125,57345900,8.394767880926459,8.468307064387957,8.291959959531342,8.373913877235486
2024-07-18,230.27999877929688,230.44000244140625,222.27000427246097,224.17999267578125,66034600,8.425134726884707,8.430988697777588,8.132077217594126,8.201956971415836
2024-07-19,224.82000732421875,226.8000030517578,223.27999877929688,224.30999755859375,49151500,8.225372854987354,8.29781393042422,8.169029362107821,8.206713392549474
2024-07-22,227.0099945068359,227.77999877929688,223.08999633789065,223.9600067138672,48201800,8.305496778738908,8.333668525178677,8.1620778414557,8.193908459269863
2024-07-23,224.3699951171875,226.94000244140625,222.67999267578125,225.0099945068359,39960300,8.208908492067955,8.302936015389143,8.147077250392217,8.232323817374084
2024-07-24,224.0,224.8000030517578,217.1300048828125,218.5399932861328,61777600,8.19537167286039,8.224640969059397,7.94402272921714,7.995609242697644
2024-07-25,218.92999267578125,220.8500061035156,214.6199951171875,217.4900054931641,51391200,8.00987794783317,8.080124482016945,7.852190305414434,7.957193884593425
2024-07-26,218.6999969482422,219.4900054931641,216.0099945068359,217.9600067138672,41601300,8.001463213590524,8.03036684595825,7.903045491232371,7.9743895751753895
2024-07-29,216.9600067138672,219.3000030517578,215.75,218.2400054931641,36311800,7.937803094492977,8.023415325306129,7.893533207230486,7.984633745105235
2024-07-30,219.19000244140625,220.3300018310547,216.1199951171875,218.8000030517578,41643800,8.019390790100447,8.061099355747782,7.907070026438054,8.005122084964922
2024-07-31,221.44000244140625,223.82000732421875,220.6300048828125,222.0800018310547,50036300,8.101710371635875,8.188786374304943,8.072075411605583,8.125125696942003
2024-08-01,224.3699951171875,224.47999572753903,217.02000427246097,218.36000061035156,62501000,8.208908492067955,8.212933027273635,7.93999819401146,7.989023944142198
2024-08-02,219.1499938964844,225.6000061035156,217.7100067138672,219.86000061035156,105568600,8.017927018244533,8.253910265258403,7.965242955004786,8.043903665165816
2024-08-05,199.08999633789065,213.5,196.0,209.27000427246097,119548600,7.284002305077801,7.811213625695058,7.17095021375284,7.656452968722764
2024-08-06,205.3000030517578,209.9900054931641,201.07000732421875,207.22999572753903,69660500,7.511204595752354,7.682795279475332,7.356443938780059,7.581816235502021
2024-08-07,206.8999938964844,213.63999938964844,206.38999938964844,209.82000732421875,63516400,7.56974262988498,7.81633571065998,7.551083725712489,7.676575644751168
2024-08-08,213.11000061035156,214.1999969482422,208.8300018310547,213.30999755859375,47161100,7.7969449205595325,7.8368240505196685,7.640354827900039,7.804262105042937
2024-08-09,212.1000061035156,216.77999877929688,211.97000122070312,216.2400054931641,42201600,7.759992776045836,7.931217237672139,7.755236354912198,7.91146078374041
2024-08-12,216.07000732421875,219.5099945068359,215.6000061035156,217.52999877929688,38028100,7.905241149016246,8.031098173620816,7.88804545843428,7.958657098183949
2024-08-13,219.0099945068359,221.88999938964844,219.0099945068359,221.27000427246097,44155300,8.01280493327961,8.118174176289882,8.01280493327961,8.095490736911714
2024-08-14,220.57000732421875,223.02999877929688,219.6999969482422,221.72000122070312,41960600,8.069880312087102,8.159882741937217,8.038049694272937,8.11195454156572
2024-08-15,224.6000061035156,225.3500061035156,222.7599945068359,224.72000122070312,46414000,8.217323784575992,8.2447636450878,8.150004235838654,8.221713983612958
2024-08-16,223.9199981689453,226.8300018310547,223.6499938964844,226.0500030517578,44340200,8.192444687413948,8.298911480183463,8.182566181315389,8.270374069912412
2024-08-19,225.72000122070312,225.9900054931641,223.0399932861328,225.88999938964844,40687800,8.258300464295369,8.268178970393931,8.1602484057685,8.264520099019533
2024-08-20,225.77000427246097,227.1699981689453,225.4499969482422,226.5099945068359,30299000,8.26012989998257,8.311350749631789,8.248421958196808,8.287203538397701
2024-08-21,226.52000427246097,227.97999572753903,225.0500030517578,226.3999938964844,34765500,8.287569760494378,8.34098570966208,8.23378758923,8.283179003192023
2024-08-22,227.7899932861328,228.33999633789065,223.8999938964844,224.52999877929688,43695300,8.334034189009959,8.354156865038366,8.191712801485991,8.214762462960836
2024-08-23,225.66000366210935,228.22000122070312,224.3300018310547,226.83999633789065,38677300,8.256105364776886,8.3497666660014,8.207445278477431,8.299277144014747
2024-08-26,226.7599945068359,227.27999877929688,223.88999938964844,227.17999267578125,30602200,8.296350158568305,8.31537528483747,8.191347137654708,8.311716413463072
2024-08-27,226.0,228.8500061035156,224.88999938964844,228.02999877929688,35934600,8.268544634225213,8.372816327476244,8.22793361833712,8.34281514534928
2024-08-28,227.9199981689453,229.86000061035156,225.67999267578125,226.4900054931641,38052200,8.3387906101436,8.409768471989942,8.256836692439453,8.286472210735138
2024-08-29,230.1000061035156,232.9199981689453,228.8800048828125,229.7899932861328,51906300,8.41854942832926,8.521723013555661,8.373913877235486,8.407207150374784
2024-08-30,230.19000244140625,230.3999938964844,227.47999572753903,229.0,52990800,8.421842077606984,8.429524925921672,8.322692469320874,8.378304076272451
2024-09-03,228.5500030517578,229.0,221.1699981689453,222.77000427246097,50190600,8.361840271618444,8.378304076272451,8.091831865537314,8.150370457935331
2024-09-04,221.66000366210935,221.77999877929688,217.47999572753903,220.8500061035156,43840200,8.109759442047237,8.114149641084202,7.956827662496749,8.080124482016945
2024-09-05,221.6300048828125,225.47999572753903,221.52000427246097,222.3800048828125,36615400,8.108661892287996,8.249519507956048,8.104637357082316,8.136101752799805
2024-09-06,223.9499969482422,225.2400054931641,219.77000427246097,220.82000732421875,48423000,8.19354223717319,8.240739109882123,8.040611015888095,8.079026932257705
2024-09-09,220.82000732421875,221.27000427246097,216.7100067138672,220.91000366210935,67180000,8.079026932257705,8.095490736911714,7.928656474322374,8.082319581535428
2024-09-10,218.9199981689453,221.47999572753903,216.72999572753903,220.11000061035156,51591000,8.009512284001886,8.103173585226399,7.929387801984939,8.05305028533642
2024-09-11,221.4600067138672,223.08999633789065,217.88999938964844,222.66000366210935,44587100,8.102442257563833,8.1620778414557,7.971828253560233,8.14634592272965
2024-09-12,222.5,223.5500030517578,219.82000732421875,222.77000427246097,37455600,8.14049195183677,8.178907868206382,8.042440451575292,8.150370457935331
2024-09-13,223.5800018310547,224.0399932861328,221.91000366210935,222.5,36766600,8.180005417965623,8.196834886450914,8.118906062217839,8.14049195183677
2024-09-16,216.5399932861328,217.22000122070312,213.9199981689453,216.32000732421875,59357400,7.9224362813328195,7.947315378494864,7.826579880589824,7.914387769186849
2024-09-17,215.75,216.8999938964844,214.5,216.7899932861328,45519300,7.893533207230486,7.9356074367091045,7.847800106377471,7.931582901503423
2024-09-18,217.5500030517578,222.7100067138672,217.5399932861328,220.69000244140625,59894900,7.959388984111906,8.148175358416848,7.959022762015232,8.074270511124066
2024-09-19,224.9900054931641,229.82000732421875,224.6300048828125,228.8699951171875,66781300,8.231592489711518,8.408305258399416,8.218421334335234,8.373547655138813
2024-09-20,229.97000122070312,233.08999633789065,227.6199951171875,228.1999969482422,318679900,8.413793007195622,8.527942648279826,8.327814554285796,8.349034780073442
2024-09-23,227.33999633789065,229.4499969482422,225.80999755859375,226.47000122070312,54146000,8.317570384355953,8.394767880926459,8.261593113573092,8.285740324807179
2024-09-24,228.6499938964844,229.3500061035156,225.72999572753903,227.3699951171875,43556100,8.365498584727451,8.39110956781745,8.258666128126652,8.318667934115194
2024-09-25,224.92999267578125,227.2899932861328,224.02000427246097,226.3699951171875,42308700,8.229396831927644,8.315740948668754,8.196103558788348,8.282081453432781
2024-09-26,227.3000030517578,228.5,225.41000366210935,227.52000427246097,36636700,8.316107170765427,8.360010835931245,8.246958744606284,8.32415624117679
2024-09-27,228.4600067138672,229.52000427246097,227.3000030517578,227.7899932861328,34026000,8.358547622340721,8.397329202541616,8.316107170765427,8.334034189009959
2024-09-30,230.0399932861328,233.0,229.6499938964844,233.0,54541900,8.416353770545388,8.5246499990021,8.402085065409864,8.5246499990021
2024-10-01,229.52000427246097,229.6499938964844,223.7400054931641,226.2100067138672,63285000,8.397329202541616,8.402085065409864,8.185859388858503,8.276228040805293
2024-10-02,225.88999938964844,227.3699951171875,223.02000427246097,226.77999877929688,32880600,8.264520099019533,8.318667934115194,8.159517078105935,8.297082044496264
2024-10-03,225.13999938964844,226.80999755859375,223.32000732421875,225.6699981689453,34044200,8.237080238507723,8.298179594255505,8.170493133963737,8.256471028608171
2024-10-04,227.8999938964844,228.0,224.1300048828125,226.8000030517578,37245100,8.338058724215642,8.341717595590039,8.200128093994028,8.29781393042422
2024-10-07,224.5,225.69000244140625,221.3300018310547,221.69000244140625,39505400,8.213664913201594,8.257202914536128,8.097685836430195,8.110856991806479
2024-10-08,224.3000030517578,225.97999572753903,223.25,225.77000427246097,31855700,8.20634772871819,8.267812748297255,8.167931812348579,8.26012989998257
2024-10-09,225.22999572753903,229.75,224.8300018310547,229.5399932861328,33591100,8.240372887785446,8.40574393678426,8.225738518818638,8.398060530204182
2024-10-10,227.77999877929688,229.5,227.1699981689453,229.0399932861328,28183500,8.333668525178677,8.396597316613658,8.311350749631789,8.379767289862976
2024-10-11,229.3000030517578,229.41000366210935,227.33999633789065,227.5500030517578,31759200,8.389280132130253,8.393304667335933,8.317570384355953,8.325253790936031
2024-10-14,228.6999969482422,231.72999572753903,228.6000061035156,231.3000030517578,39882100,8.367328020414648,8.478185012221127,8.363669707305641,8.462453093495078
2024-10-15,233.61000061035156,237.4900054931641,232.3699951171875,233.8500061035156,64751400,8.546967774548987,8.688923498241675,8.501600337527256,8.555748730888306
2024-10-16,231.6000061035156,232.1199951171875,229.83999633789065,231.77999877929688,34082200,8.473429149352878,8.492453717356652,8.409036586061985,8.480014447908326
2024-10-17,233.42999267578125,233.8500061035156,230.52000427246097,232.1499938964844,32993800,8.54038191772815,8.555748730888306,8.43391568322403,8.493551267115894
2024-10-18,236.17999267578125,236.17999267578125,234.0099945068359,235.0,46431500,8.640994739604784,8.640994739604784,8.561602143515795,8.597822960366926
2024-10-21,234.4499969482422,236.8500061035156,234.4499969482422,236.47999572753903,36254500,8.57770028433852,8.665508172935544,8.57770028433852,8.651970795462585
2024-10-22,233.88999938964844,236.22000122070312,232.6000061035156,235.86000061035156,38846600,8.557211944478832,8.6424585114607,8.51001563003529,8.629287356084415
2024-10-23,234.0800018310547,235.13999938964844,227.7599945068359,230.7599945068359,52287000,8.564163465130953,8.602945045331847,8.332936639250718,8.442696081297955
2024-10-24,229.97999572753903,230.82000732421875,228.41000366210935,230.57000732421875,31109500,8.414158671026904,8.444891739081829,8.35671818665352,8.435745118911226
2024-10-25,229.7400054931641,233.22000122070312,229.57000732421875,231.41000366210935,38802300,8.405378272952978,8.532699069413463,8.399158638228814,8.466477628700758
2024-10-28,233.32000732421875,234.72999572753903,232.5500030517578,233.3999938964844,36087100,8.53635794078786,8.587944454268364,8.508186194348093,8.53928436796891
2024-10-29,233.1000061035156,234.3300018310547,232.32000732421875,233.6699981689453,35417200,8.528308870376497,8.573310085301555,8.499771460105448,8.54916287406747
2024-10-30,232.61000061035156,233.47000122070312,229.5500030517578,230.1000061035156,47070900,8.510381293866576,8.541845689584067,8.398426752300855,8.41854942832926
2024-10-31,229.33999633789065,229.8300018310547,225.3699951171875,225.91000366210935,64370100,8.390743345720779,8.4086709222307,8.245494972750368,8.26525198494749
2024-11-01,220.97000122070312,225.3500061035156,220.27000427246097,222.91000366210935,65276700,8.08451468105391,8.2447636450878,8.058904256229301,8.155492542900252
2024-11-04,220.9900054931641,222.7899932861328,219.7100067138672,222.0099945068359,44944500,8.08524656698187,8.151101785597897,8.038415916369612,8.122564375326846
2024-11-05,221.8000030517578,223.9499969482422,221.13999938964844,223.4499969482422,28111300,8.114881527012159,8.19354223717319,8.090734315778073,8.175248996831984
2024-11-06,222.61000061035156,226.07000732421875,221.19000244140625,222.72000122070312,54561100,8.14451648704245,8.27110595584037,8.092563751465272,8.148541022248132
2024-11-07,224.6300048828125,227.8800048828125,224.57000732421875,227.47999572753903,42137700,8.218421334335234,8.337327396553073,8.216226234816752,8.322692469320874
2024-11-08,227.1699981689453,228.66000366210935,226.41000366210935,226.9600067138672,38328800,8.311350749631789,8.365864806824124,8.283545225288696,8.303667901317102
2024-11-11,225.0,225.6999969482422,221.5,224.22999572753903,42005600,8.2319581535428,8.257568578367412,8.103905471154357,8.203786407103033
2024-11-12,224.5500030517578,225.58999633789065,223.36000061035156,224.22999572753903,40398300,8.215494348888793,8.253544043161732,8.17195634755426,8.203786407103033
2024-11-13,224.0099945068359,226.6499938964844,222.7599945068359,225.1199951171875,48566200,8.195737336691671,8.292325623362625,8.150004235838654,8.236348352579766
2024-11-14,225.02000427246097,228.8699951171875,225.0,228.22000122070312,44923900,8.23269003947076,8.373547655138813,8.2319581535428,8.3497666660014
2024-11-15,226.3999938964844,226.9199981689453,224.27000427246097,225.0,47923700,8.283179003192023,8.302204129461186,8.20525017895895,8.2319581535428
2024-11-18,225.25,229.7400054931641,225.1699981689453,228.02000427246097,44633700,8.241104773713404,8.405378272952978,8.238177788266965,8.342449481517997
2024-11-19,226.97999572753903,230.16000366210935,226.66000366210935,228.27999877929688,36211800,8.304399228979667,8.420744527847742,8.292691845459299,8.351961765519883
2024-11-20,228.05999755859375,229.92999267578125,225.88999938964844,229.0,35169600,8.34391269510852,8.412329235339707,8.264520099019533,8.378304076272451
2024-11-21,228.8800048828125,230.16000366210935,225.7100067138672,228.52000427246097,42108300,8.373913877235486,8.420744527847742,8.257934800464087,8.360742721859204
2024-11-22,228.05999755859375,230.72000122070312,228.05999755859375,229.8699951171875,38168300,8.34391269510852,8.441232867707432,8.34391269510852,8.410134135821224
2024-11-25,231.4600067138672,233.25,229.7400054931641,232.8699951171875,90152800,8.468307064387957,8.533796619172703,8.405378272952978,8.519893577868462
2024-11-26,233.3300018310547,235.57000732421875,233.3300018310547,235.05999755859375,45986200,8.536723604619144,8.618677522323289,8.536723604619144,8.600018059885407
2024-11-27,234.47000122070312,235.69000244140625,233.80999755859375,234.92999267578125,33498400,8.578432170266478,8.623067721360252,8.554284959032392,8.595261638751769
2024-11-29,234.80999755859375,237.80999755859375,233.97000122070312,237.3300018310547,28481400,8.590871439714805,8.700630881762041,8.560138929925271,8.683069527348794
2024-12-02,237.27000427246097,240.7899932861328,237.16000366210935,239.58999633789065,48137100,8.680874427830313,8.809658437881321,8.67684989262463,8.765754772715505
2024-12-03,239.80999755859375,242.7599945068359,238.8999938964844,242.6499938964844,38861000,8.773803843126867,8.881733849486904,8.74051001172218,8.877709314281224
2024-12-04,242.8699951171875,244.11000061035156,241.25,243.0099945068359,44383900,8.885758384692586,8.93112582171432,8.826488464632003,8.890880469657507
2024-12-05,243.9900054931641,244.5399932861328,242.1300048828125,243.0399932861328,40033900,8.926735622677356,8.946857740440368,8.85868474627745,8.891978019416749
2024-12-06,242.91000366210935,244.6300048828125,242.0800018310547,242.83999633789065,36870600,8.887222156548502,8.950150947983483,8.856855310590253,8.884660834933346
2024-12-09,241.8300018310547,247.2400054931641,241.75,246.75,44649200,8.84770869041965,9.045641684895196,8.84478170497321,9.027714108385272
2024-12-10,246.88999938964844,248.2100067138672,245.33999633789065,247.77000427246097,36914800,9.032836193350194,9.081130615818367,8.976127036639378,9.065032474995643
2024-12-11,247.9600067138672,250.8000030517578,246.2599945068359,246.4900054931641,45205800,9.071983995647763,9.17588946680212,9.009786531875347,9.018201824383386
2024-12-12,246.88999938964844,248.7400054931641,245.67999267578125,247.9600067138672,32777500,9.032836193350194,9.100521405918814,8.988566306087703,9.071983995647763
2024-12-13,247.82000732421875,249.2899932861328,246.2400054931641,248.1300048828125,33155300,9.06686191068284,9.120643523681828,9.009055204212784,9.078203630371926
2024-12-16,247.9900054931641,251.3800048828125,247.6499938964844,251.0399932861328,51694800,9.073081545407005,9.197109692589766,9.060641717693288,9.18466986487605
2024-12-17,250.0800018310547,253.8300018310547,249.77999877929688,253.47999572753903,51356400,9.149547156049552,9.286746458608599,9.13857110019175,9.273940967063597
2024-12-18,252.16000366210935,254.27999877929688,247.7400054931641,248.0500030517578,56774100,9.225647102860815,9.303210263262606,9.063934925236403,9.075276644925486
2024-12-19,247.5,252.0,247.08999633789065,249.7899932861328,60882300,9.05515396889708,9.219793131967936,9.0401533778336,9.138936764023034
2024-12-20,248.0399932861328,255.0,245.69000244140625,254.4900054931641,147495300,9.074910422828811,9.329552574015175,8.988932528184376,9.310893669842686
2024-12-23,254.77000427246097,255.6499938964844,253.4499969482422,255.27000427246097,40858800,9.32113783977253,9.353333563152587,9.272843417304356,9.339431080113737
2024-12-24,255.4900054931641,258.2099914550781,255.2899932861328,258.20001220703125,23234700,9.347480150525099,9.4469948643771,9.340162407776303,9.446629758811207
2024-12-26,258.19000244140625,260.1000061035156,257.6300048828125,259.0199890136719,27237100,9.446263536714532,9.516143848801635,9.425775196854845,9.476629824407391
2024-12-27,257.8299865722656,258.70001220703125,253.05999755859375,255.58999633789065,42355300,9.433091823072857,9.464922999152414,9.258574712168832,9.351138463634104
2024-12-30,252.22999572753903,253.5,250.75,252.1999969482422,35557500,9.228207866210582,9.274672852991555,9.174060031114921,9.227110316451341
2024-12-31,252.44000244140625,253.27999877929688,249.42999267578125,250.4199981689453,39480700,9.235891272790662,9.266623782580194,9.125765608646748,9.16198642549788
2025-01-02,248.92999267578125,249.1000061035156,241.82000732421875,243.8500061035156,55740700,9.107472368305544,9.113692561295096,8.847343026588366,8.921613537712432
2025-01-03,243.36000061035156,244.17999267578125,241.88999938964844,243.36000061035156,40244100,8.903685961202509,8.933686585064084,8.849903789938132,8.903685961202509
2025-01-06,244.30999755859375,247.3300018310547,243.1999969482422,245.0,45045600,8.938443006197723,9.048934334172918,8.89783199030963,8.96368776719105
2025-01-07,242.97999572753903,245.5500030517578,241.3500061035156,242.2100067138672,40856000,8.889782919898266,8.983810443219456,8.8301473360064,8.861611731723892
2025-01-08,241.9199981689453,243.7100067138672,240.0500030517578,242.6999969482422,37628900,8.851001339697373,8.91649145274751,8.782584799466187,8.879538749968424
2025-01-10,240.0099945068359,240.16000366210935,233.0,236.8500061035156,61710900,8.78112102761027,8.786609334671867,8.5246499990021,8.665508172935544
2025-01-13,233.52999877929688,234.6699981689453,229.72000122070312,234.3999938964844,49630700,8.544040789102548,8.585749354749883,8.40464638702502,8.575870848651322
2025-01-14,234.75,236.1199951171875,232.47000122070312,233.27999877929688,39435300,8.588676340196322,8.638799640086303,8.505259208901654,8.534894168931945
2025-01-15,234.63999938964844,238.9600067138672,234.42999267578125,237.8699951171875,39832000,8.584651804990642,8.742705669506051,8.576968398410562,8.702825981280524
2025-01-16,237.3500061035156,238.0099945068359,228.02999877929688,228.2599945068359,71759100,8.68380141327675,8.707948066245445,8.34281514534928,8.351229879591923
2025-01-17,232.1199951171875,232.2899932861328,228.47999572753903,229.97999572753903,68488300,8.492453717356652,8.498673352080816,8.359278950003286,8.414158671026904
2025-01-21,224.0,224.4199981689453,219.3800048828125,222.63999938964844,98070400,8.19537167286039,8.210737927755154,8.026342310752568,8.145614036801692
2025-01-22,219.7899932861328,224.1199951171875,219.7899932861328,223.8300018310547,64126500,8.04134234355066,8.199761871897353,8.04134234355066,8.189152038136225
2025-01-23,224.7400054931641,227.02999877929688,222.3000030517578,223.66000366210935,60234800,8.222445869540916,8.306228664666866,8.133174767353365,8.182932403412062
2025-01-24,224.77999877929688,225.6300048828125,221.41000366210935,222.77999877929688,54697900,8.223909083131439,8.255007815017645,8.100612821876632,8.150736121766615
2025-01-27,224.02000427246097,232.1499938964844,223.97999572753903,229.86000061035156,94863400,8.196103558788348,8.493551267115894,8.194639786932429,8.409768471989942
2025-01-28,230.8500061035156,240.19000244140625,230.80999755859375,238.2599945068359,75707600,8.44598928884107,8.787706884431108,8.444525516985156,8.717094686416049
2025-01-29,234.1199951171875,239.86000061035156,234.0099945068359,239.36000061035156,45486100,8.565626678721477,8.775633278814066,8.561602143515795,8.75734003847286
2025-01-30,238.6699981689453,240.7899932861328,237.2100067138672,237.58999633789065,55658300,8.732095277479532,8.809658437881321,8.67867932831183,8.692581811350681
2025-01-31,247.19000244140625,247.19000244140625,233.44000244140625,236.0,100959800,9.043812249207996,9.043812249207996,8.540748139824824,8.634409441049337
2025-02-03,229.9900054931641,231.8300018310547,225.6999969482422,228.0099945068359,73063300,8.41452489312358,8.481843883595525,8.257568578367412,8.34208325942132
2025-02-04,227.25,233.1300048828125,226.6499938964844,232.8000030517578,45067300,8.314277735078228,8.52940642013574,8.292325623362625,8.517332814518696
2025-02-05,228.52999877929688,232.6699981689453,228.27000427246097,232.47000122070312,39620300,8.361108385690486,8.512576393385057,8.3515961016886,8.505259208901654
2025-02-06,231.2899932861328,233.8000030517578,230.42999267578125,233.22000122070312,29925300,8.462086871398403,8.553919295201108,8.430622475680913,8.532699069413463
2025-02-07,232.6000061035156,234.0,227.2599945068359,227.6300048828125,39707200,8.51001563003529,8.561236479684514,8.314643398909512,8.328180776382471
2025-02-10,229.57000732421875,230.58999633789065,227.1999969482422,227.6499938964844,33115600,8.399158638228814,8.436476446573794,8.312448299391031,8.328912104045038
2025-02-11,228.1999969482422,235.22999572753903,228.1300048828125,232.6199951171875,53718400,8.349034780073442,8.60623769460957,8.346474016723677,8.510746957697858
2025-02-12,231.1999969482422,236.9600067138672,230.67999267578125,236.8699951171875,45243300,8.45879422212068,8.669532708141226,8.439769095851515,8.666239500598111
2025-02-13,236.91000366210935,242.33999633789065,235.57000732421875,241.52999877929688,53614100,8.667703272454027,8.86636759459214,8.618677522323289,8.836732634561848
2025-02-14,241.25,245.5500030517578,240.9900054931641,244.6000061035156,40896200,8.826488464632003,8.983810443219456,8.816976180630117,8.94905339822424
2025-02-18,244.1499938964844,245.17999267578125,241.83999633789065,244.47000122070312,48822500,8.932589035304844,8.970273065746497,8.848074354250933,8.944296977090604
2025-02-19,244.66000366210935,246.0099945068359,243.16000366210935,244.8699951171875,32204200,8.951248497742723,9.000639911704745,8.896368776719104,8.958931346057412
2025-02-20,244.94000244140625,246.77999877929688,244.2899932861328,245.8300018310547,32316900,8.961492667672568,9.028811658144512,8.937711120269766,8.994054613149299
2025-02-21,245.9499969482422,248.69000244140625,245.22000122070312,245.5500030517578,53197400,8.998444812186264,9.098691970231615,8.971736837602412,8.983810443219456
2025-02-24,244.92999267578125,248.86000061035156,244.4199981689453,247.1000061035156,51326400,8.961126445575893,9.104911604955777,8.942467541403404,9.040519599930272
2025-02-25,248.0,250.0,244.91000366210935,247.0399932861328,48013300,9.073447209238287,9.146620170603112,8.960395117913325,9.0383239421464
2025-02-26,244.3300018310547,244.97999572753903,239.1300048828125,240.36000061035156,44433600,8.939174892125681,8.962955881263092,8.748925304230214,8.793926519155272
2025-02-27,239.41000366210935,242.4600067138672,237.05999755859375,237.3000030517578,41153600,8.759169474160057,8.870758351894494,8.673191021250233,8.681971977589553
2025-02-28,236.9499969482422,242.08999633789065,230.1999969482422,241.83999633789065,56833400,8.669166486044551,8.857220974421537,8.422207741438267,8.848074354250933
2025-03-03,241.7899932861328,244.02999877929688,236.11000061035156,238.02999877929688,47184000,8.846244918563734,8.928198836267878,8.638433976255019,8.708679952173403
2025-03-04,237.7100067138672,240.07000732421875,234.67999267578125,235.92999267578125,53798100,8.696972568653035,8.783316685394144,8.586115018581166,8.631848119434181
2025-03-05,235.4199981689453,236.5500030517578,229.22999572753903,235.7400054931641,47227600,8.613189215261691,8.654532117077743,8.386718810515095,8.624897157047453
2025-03-06,234.44000244140625,237.86000061035156,233.16000366210935,235.3300018310547,45170400,8.577334620507237,8.70246031744924,8.53050396989498,8.609896565983968
2025-03-07,235.11000061035156,241.3699951171875,234.7599945068359,239.07000732421875,46273600,8.601847495572606,8.830878663668967,8.589042004027604,8.746730204711731
2025-03-10,235.5399932861328,236.16000366210935,224.22000122070312,227.47999572753903,72071200,8.617579414298657,8.640263411942216,8.203420743271751,8.322692469320874
2025-03-11,223.80999755859375,225.83999633789065,217.4499969482422,220.83999633789065,76137400,8.188420152208268,8.262690663332334,7.955730112737509,8.079758259920272
2025-03-12,220.13999938964844,221.75,214.91000366210935,216.97999572753903,62547500,8.05414783509566,8.11305209132496,7.862800697440952,7.938534422155542
2025-03-13,215.9499969482422,216.83999633789065,208.4199981689453,209.67999267578125,61368300,7.90085039171389,7.933412337190623,7.625354236836555,7.671453001520854
2025-03-14,211.25,213.9499969482422,209.5800018310547,213.4900054931641,60107600,7.72889404415963,7.827677430349065,7.667794688411848,7.810847961863776
2025-03-17,213.30999755859375,215.22000122070312,209.97000122070312,214.0,48073400,7.804262105042937,7.874142417130039,7.682063393547373,7.829506866036264
2025-03-18,214.16000366210935,215.1499938964844,211.4900054931641,212.69000244140625,42432400,7.8353608369291425,7.871581095514883,7.7376750004989505,7.7815786656647665
2025-03-19,214.22000122070312,218.7599945068359,213.75,215.2400054931641,54385400,7.837555936447626,8.003658313109005,7.820360245865661,7.8748743030579975
2025-03-20,213.9900054931641,217.4900054931641,212.22000122070312,214.1000061035156,48862900,7.8291412022049816,7.957193884593425,7.7643829750828015,7.833165737410661
2025-03-21,211.55999755859375,218.83999633789065,211.27999877929688,218.27000427246097,94127800,7.740235763848715,8.006585298555448,7.729991593918871,7.985731294864475
2025-03-24,221.0,221.47999572753903,218.5800018310547,220.72999572753903,44299500,8.085612230813151,8.103173585226399,7.9970730145535605,8.075733724714588
2025-03-25,220.77000427246097,224.1000061035156,220.0800018310547,223.75,34493600,8.077197496570507,8.199030544234786,8.05195273557718,8.186225052689785
2025-03-26,223.5099945068359,225.02000427246097,220.47000122070312,221.52999877929688,34466100,8.177444096350465,8.23269003947076,8.066221440712704,8.105003020913598
2025-03-27,221.38999938964844,224.9900054931641,220.55999755859375,223.8500061035156,37094800,8.099880935948676,8.231592489711518,8.069514089990427,8.189883924064182
2025-03-28,221.6699981689453,223.80999755859375,217.67999267578125,217.8999938964844,39818600,8.11012510587852,8.188420152208268,7.964144846980154,7.972193917391517
2025-03-31,217.0099945068359,225.6199951171875,216.22999572753903,222.1300048828125,65299300,7.939631971914784,8.254641592920972,7.911094561643734,8.126955132629202
2025-04-01,219.80999755859375,223.67999267578125,218.8999938964844,223.19000244140625,36412700,8.042074229478617,8.18366373107463,8.00878039807393,8.165736712830098
2025-04-02,221.32000732421875,225.19000244140625,221.02000427246097,223.88999938964844,35905900,8.097320172598911,8.238909674194922,8.08634411674111,8.191347137654708
2025-04-03,205.5399932861328,207.4900054931641,201.25,203.19000244140625,103419000,7.519984993826283,7.591329077769301,7.363029237335505,7.434007099181848
2025-04-04,193.88999938964844,199.8800048828125,187.33999633789065,188.3800048828125,125910900,7.093752717182334,7.312905937445525,6.854111157059456,6.892161409597782
2025-04-07,177.1999969482422,194.1499938964844,174.6199951171875,181.4600067138672,160466300,6.4831242652704075,7.103265001184221,6.388731078117937,6.638983030267335
2025-04-08,186.6999969482422,190.33999633789065,169.2100067138672,172.4199981689453,120859500,6.830695831753326,6.963870599106692,6.190798641907783,6.308240932269707
2025-04-09,171.9499969482422,200.61000061035156,171.88999938964844,198.8500061035156,184395900,6.291045241687742,7.339613912029377,6.28885014216926,7.275221907003871
2025-04-10,189.07000732421875,194.77999877929688,183.0,190.4199981689453,121880000,6.91740617059111,7.126314662659065,6.695325964881478,6.966797584553132
2025-04-11,186.1000061035156,199.5399932861328,186.05999755859375,198.1499938964844,87435900,6.808744278303112,7.300466109731808,6.8072805064471975,7.249610923913871
2025-04-14,211.44000244140625,212.94000244140625,201.16000366210935,202.52000427246097,101352900,7.735845564811751,7.79072528583537,7.359736588057781,7.40949422411648
2025-04-15,201.86000061035156,203.5099945068359,199.8000030517578,202.13999938964844,51343900,7.385347012882392,7.445714482702216,7.309978951999086,7.395591182812237
2025-04-16,198.36000061035156,200.6999969482422,192.3699951171875,194.27000427246097,59732400,7.2572943304939495,7.3429065613071005,7.038141110230757,7.107655758486577
2025-04-17,197.1999969482422,198.8300018310547,194.4199981689453,196.97999572753903,52164700,7.214853878918657,7.2744900210759145,7.113143507282781,7.206804808507294
2025-04-21,193.27000427246097,193.8000030517578,189.80999755859375,193.16000366210935,46742500,7.071069277804165,7.090460067904611,6.9444798090062445,7.0670447425984815
2025-04-22,196.1199951171875,201.58999633789065,195.97000122070312,199.7400054931641,52976400,7.175340412789804,7.375468506783832,7.169852663993599,7.307783852480604
2025-04-23,206.0,208.0,202.8000030517578,204.6000061035156,52929200,7.536815020576965,7.6099879819417895,7.419738394046323,7.485594170927743
2025-04-24,204.88999938964844,208.8300018310547,202.94000244140625,208.3699951171875,47311000,7.496204004688871,7.640354827900039,7.424860479011245,7.623524801149356
2025-04-25,206.3699951171875,209.75,206.1999969482422,209.27999877929688,38222300,7.550351839784532,7.674014323136011,7.544132205060369,7.656818632554046
2025-04-28,210.0,211.5,207.4600067138672,210.13999938964844,38743100,7.683160943306614,7.738040664330233,7.590231528010059,7.688283028271536
2025-04-29,208.69000244140625,212.2400054931641,208.3699951171875,211.2100067138672,36827600,7.635232742935116,7.76511486101076,7.623524801149356,7.727430830569105
2025-04-30,209.3000030517578,213.5800018310547,206.6699981689453,212.5,52286500,7.657550518482004,7.8141406111414975,7.561327895642334,7.774627145012645
2025-05-01,209.0800018310547,214.55999755859375,208.8999938964844,213.32000732421875,57365700,7.649501448070642,7.849995205895953,7.642915591249805,7.8046283271396115
2025-05-02,206.08999633789065,206.9900054931641,202.16000366210935,205.3500061035156,101010600,7.540107669854689,7.573035837428095,7.396323068740194,7.513034031439552
2025-05-05,203.1000061035156,204.1000061035156,198.2100067138672,198.88999938964844,69018500,7.430714449904124,7.4673009305865365,7.2518065816977435,7.276685120594396
2025-05-06,198.2100067138672,200.6499938964844,197.02000427246097,198.5099945068359,51216500,7.2518065816977435,7.341077125619902,7.208268580363211,7.262782079290154
2025-05-07,199.1699981689453,199.44000244140625,193.25,196.25,68536700,7.286929290524241,7.296807796622802,7.070337391876206,7.180096833923443
2025-05-08,197.72000122070312,200.0500030517578,194.67999267578125,197.4900054931641,50478900,7.233879005187821,7.319125572169689,7.122655791284668,7.225464270945176
2025-05-09,199.0,200.5399932861328,197.5399932861328,198.52999877929688,36453900,7.280709655800077,7.3370525904142205,7.227293148366983,7.263513965218112
2025-05-12,210.97000122070312,211.27000427246097,206.75,210.7899932861328,63775800,7.7186498742297855,7.729625930087589,7.5642548810887735,7.712064017408948
2025-05-13,210.42999267578125,213.3999938964844,209.0,212.92999267578125,51909300,7.698892862032664,7.807554754320661,7.646574462624202,7.790359063738695
2025-05-14,212.42999267578125,213.94000244140625,210.5800018310547,212.3300018310547,49325800,7.772065823397488,7.827311766517782,7.70438116909426,7.768407510288482
2025-05-15,210.9499969482422,212.9600067138672,209.5399932861328,211.4499969482422,45029500,7.717917988301828,7.791457171763327,7.666330916555933,7.736211228643034
2025-05-16,212.36000061035156,212.57000732421875,209.77000427246097,211.2599945068359,54737900,7.769505060047723,7.777188466627802,7.67474620906397,7.729259707990912
2025-05-19,207.91000366210935,209.47999572753903,204.2599945068359,208.77999877929688,46140500,7.606695332664065,7.664135817037449,7.473154343214025,7.6385253922128395
2025-05-20,207.6699981689453,208.47000122070312,205.02999877929688,206.86000061035156,42496600,7.597914376324747,7.6271836725237545,7.501326089653793,7.568279416294454
2025-05-21,205.1699981689453,207.0399932861328,200.7100067138672,202.08999633789065,59211800,7.506448174618715,7.574864714849901,7.3432727834037745,7.393761747125039
2025-05-22,200.7100067138672,202.75,199.6999969482422,201.36000061035156,46742400,7.3432727834037745,7.417908958359124,7.306320080624688,7.367053772541186
2025-05-23,193.6699981689453,197.6999969482422,193.4600067138672,195.27000427246097,78432900,7.085703646770972,7.233147119259863,7.078020798456285,7.14424223916899
2025-05-27,198.3000030517578,200.7400054931641,197.42999267578125,200.2100067138672,56288500,7.255099230975467,7.344370333163017,7.223268613161302,7.324979543062568
2025-05-28,200.58999633789065,202.72999572753903,199.8999938964844,200.4199981689453,45339700,7.3388820261014205,7.417177072431165,7.313637265108093,7.332662391377256
2025-05-29,203.5800018310547,203.80999755859375,198.5099945068359,199.9499969482422,51396800,7.448275804317373,7.456690538560019,7.262782079290154,7.315466700795291
2025-05-30,199.3699951171875,201.9600067138672,196.77999877929688,200.8500061035156,70819900,7.294246475007645,7.3890058842567905,7.199487624023891,7.348394868368696
2025-06-02,200.27999877929688,202.1300048828125,200.1199951171875,201.6999969482422,35423300,7.327540306412334,7.395225518980953,7.321686335519454,7.379493041989512
2025-06-03,201.3500061035156,203.77000427246097,200.9600067138672,203.27000427246097,46381600,7.366688108709902,7.455227324969496,7.352419403574378,7.436934084628289
2025-06-04,202.91000366210935,206.2400054931641,202.1000061035156,202.82000732421875,43604000,7.423762929252003,7.545595976916285,7.394127969221711,7.420470279974281
2025-06-05,203.5,204.75,200.1499938964844,200.6300048828125,55126100,7.445348818870934,7.491081919723949,7.322783885278696,7.340345797957335
2025-06-06,203.0,205.6999969482422,202.0500030517578,203.9199981689453,46607700,7.427055578529727,7.525838964719163,7.392298533534514,7.4607150737657
2025-06-09,204.38999938964844,206.0,200.02000427246097,201.4499969482422,72862600,7.477910764347665,7.536815020576965,7.318028022410449,7.370346421818909
2025-06-10,200.6000061035156,204.3500061035156,200.57000732421875,202.6699981689453,54672600,7.339248248198093,7.47644755075714,7.338150698438852,7.414981972912684
2025-06-11,203.5,204.5,198.41000366210935,198.77999877929688,60989900,7.445348818870934,7.481935299553346,7.259123766181147,7.272660585388715
2025-06-12,199.0800018310547,199.67999267578125,197.36000061035156,199.1999969482422,43904600,7.283636641246518,7.30558819469673,7.220707849811537,7.288026840283481
2025-06-13,199.72999572753903,200.3699951171875,195.6999969482422,196.4499969482422,51447300,7.307417630383928,7.330832955690057,7.159974157895038,7.187414018406847
2025-06-16,197.3000030517578,198.69000244140625,196.55999755859375,198.4199981689453,43020700,7.218512750293055,7.269367936110992,7.191438553612528,7.259489430012431
2025-06-17,197.1999969482422,198.38999938964844,195.2100067138672,195.63999938964844,38856200,7.214853878918657,7.25839188025319,7.142047139650506,7.157779058376556
2025-06-18,195.94000244140625,197.57000732421875,195.07000732421875,196.5800018310547,45394700,7.168755114234358,7.228391256391616,7.136925054685584,7.192170439540486
2025-06-20,198.2400054931641,201.6999969482422,196.86000061035156,201.0,96813500,7.252904131456986,7.379493041989512,7.20241460947033,7.353882617164902
2025-06-23,201.6300048828125,202.3000030517578,198.9600067138672,201.5,55814300,7.376932278639747,7.401445153705117,7.279246442209553,7.372175857506108
2025-06-24,202.58999633789065,203.44000244140625,200.1999969482422,200.3000030517578,54064000,7.412054987466245,7.443153719352451,7.324613320965894,7.328272192340291
2025-06-25,201.4499969482422,203.6699981689453,200.6199951171875,201.55999755859375,39525700,7.370346421818909,7.451568453595097,7.33997957586066,7.374370957024591
2025-06-26,201.42999267578125,202.63999938964844,199.4600067138672,201.0,50799100,7.3696145358909515,7.413884423153443,7.2975396825507595,7.353882617164902
2025-06-27,201.88999938964844,203.22000122070312,200.0,201.0800018310547,73188600,7.386444562641634,7.435104648941089,7.31729613648249,7.356809602611342
2025-06-30,202.0099945068359,207.38999938964844,199.2599945068359,205.1699981689453,91912800,7.3908347616785965,7.587670206394902,7.290221939801962,7.506448174618715
2025-07-01,206.6699981689453,210.19000244140625,206.13999938964844,207.82000732421875,78788900,7.561327895642334,7.6901124639587355,7.541937105541886,7.603402683386343
2025-07-02,208.91000366210935,213.33999633789065,208.13999938964844,212.44000244140625,67941800,7.643281813346477,7.805359654802179,7.615110066906712,7.772432045494163
2025-07-03,212.1499938964844,214.6499938964844,211.80999755859375,213.5500030517578,34955800,7.761821653467646,7.853287855173677,7.749382384019318,7.813043061382257
2025-07-07,212.67999267578125,216.22999572753903,208.8000030517578,209.9499969482422,50229000,7.781212443568092,7.911094561643734,7.639257278140797,7.681331507619415
2025-07-08,210.1000061035156,211.42999267578125,208.4499969482422,210.0099945068359,42848900,7.686819814681011,7.7354793427150765,7.626451786595797,7.683526607137897
2025-07-09,209.52999877929688,211.3300018310547,207.22000122070312,211.13999938964844,48749400,7.665965252724649,7.73182102960607,7.5814505716707385,7.724869508953949
2025-07-10,210.5099945068359,213.47999572753903,210.02999877929688,212.41000366210935,44443600,7.701819847479102,7.810481739767099,7.6842584930658555,7.771334495734921
2025-07-11,210.57000732421875,212.1300048828125,209.86000061035156,211.16000366210935,39765800,7.704015505262977,7.761090325805078,7.678038858341692,7.725601394881906
2025-07-14,209.92999267578125,210.91000366210935,207.5399932861328,208.6199951171875,38840100,7.680599621691457,7.716454774711303,7.593157955191107,7.63267142131996
2025-07-15,209.22000122070312,211.88999938964844,208.9199981689453,209.11000061035156,42296300,7.654623533035564,7.752309369465758,7.643647477177762,7.650598997829883
2025-07-16,210.3000030517578,212.3999938964844,208.63999938964844,210.16000366210935,47490500,7.694136999164416,7.770968273638249,7.633403307247917,7.689014914199493
2025-07-17,210.57000732421875,211.8000030517578,209.58999633789065,210.02000427246097,48068100,7.704015505262977,7.749016720188035,7.668160352243133,7.683892829234573
2025-07-18,210.8699951171875,211.7899932861328,209.6999969482422,211.17999267578125,48974600,7.714991002855388,7.748650498091361,7.672184887448812,7.726332722544473
2025-07-21,212.1000061035156,215.77999877929688,211.6300048828125,212.47999572753903,51377400,7.759992776045836,7.894630756989727,7.742797085463872,7.773895259084687
2025-07-22,213.13999938964844,214.9499969482422,212.22999572753903,214.3999938964844,46404100,7.798042470318774,7.864263911031478,7.764748638914083,7.8441412350030735
2025-07-23,215.0,215.1499938964844,212.41000366210935,214.1499938964844,46989300,7.866093346718676,7.871581095514883,7.771334495734921,7.83499461483247
2025-07-24,213.8999938964844,215.69000244140625,213.52999877929688,213.7599945068359,46022600,7.825847994661867,7.891338107712004,7.812311175454299,7.820725909696943
2025-07-25,214.6999969482422,215.2400054931641,213.3999938964844,213.8800048828125,40268800,7.855117290860875,7.8748743030579975,7.807554754320661,7.8251166669993
2025-07-28,214.02999877929688,214.8500061035156,213.05999755859375,214.0500030517578,37858000,7.830604415795505,7.86060559792247,7.795115484872333,7.831336301723463
2025-07-29,214.17999267578125,214.80999755859375,210.82000732421875,211.27000427246097,51411700,7.836092164591711,7.859141826066556,7.7131621254335805,7.729625930087589
2025-07-30,211.8999938964844,212.38999938964844,207.72000122070312,209.0500030517578,45512500,7.752675033297042,7.770602609806964,7.599743812011945,7.6484038983114
2025-07-31,208.4900054931641,209.83999633789065,207.16000366210935,207.57000732421875,80698400,7.627915558451713,7.677306972413735,7.579255472152256,7.59425606321574
2025-08-01,210.8699951171875,213.5800018310547,201.5,202.3800048828125,104434500,7.714991002855388,7.8141406111414975,7.372175857506108,7.4043721391515565
2025-08-04,204.5099945068359,207.8800048828125,201.67999267578125,203.3500061035156,75109300,7.4823009633846285,7.605597782904825,7.378761156061555,7.439861070074727
2025-08-05,203.3999938964844,205.33999633789065,202.16000366210935,202.9199981689453,44155100,7.441689947496537,7.512667809342879,7.396323068740194,7.424128593083287
2025-08-06,205.6300048828125,215.3800048828125,205.58999633789065,213.25,108483100,7.523278201369397,7.879996388022919,7.521814429513483,7.802067005524455
2025-08-07,218.8800048828125,220.8500061035156,216.5800018310547,220.02999877929688,90224800,8.008049070411362,8.080124482016945,7.923900053188735,8.05012329988998
2025-08-08,220.8300018310547,231.0,219.25,229.3500061035156,113854000,8.079392596088988,8.451477037637275,8.02158588961893,8.39110956781745
2025-08-11,227.9199981689453,229.55999755859375,224.7599945068359,227.17999267578125,61806100,8.3387906101436,8.398792416132139,8.22317719720348,8.311716413463072
2025-08-12,228.0099945068359,230.8000030517578,227.07000732421875,229.6499938964844,55626200,8.34208325942132,8.444159853153872,8.307692436522782,8.402085065409864
2025-08-13,231.07000732421875,235.0,230.42999267578125,233.3300018310547,69878500,8.454038359252433,8.597822960366926,8.430622475680913,8.536723604619144
2025-08-14,234.05999755859375,235.1199951171875,230.8500061035156,232.77999877929688,51916300,8.563431579202994,8.60221315940389,8.44598928884107,8.516600928590739
2025-08-15,234.0,234.27999877929688,229.33999633789065,231.58999633789065,56038700,8.561236479684514,8.571480649614358,8.390743345720779,8.473062927256207
2025-08-18,231.6999969482422,233.1199951171875,230.11000061035156,230.88999938964844,37476200,8.477087462461887,8.529040198039064,8.418915092160544,8.447452502431595
2025-08-19,231.27999877929688,232.8699951171875,229.3500061035156,230.55999755859375,39402600,8.46172120756712,8.519893577868462,8.39110956781745,8.435378896814552
2025-08-20,229.97999572753903,230.47000122070312,225.77000427246097,226.0099945068359,42263900,8.414158671026904,8.432086247536828,8.26012989998257,8.268910298056495
2025-08-21,226.27000427246097,226.52000427246097,223.77999877929688,224.8999938964844,30621200,8.278423140323776,8.287569760494378,8.187322602449026,8.228299282168404
2025-08-22,226.1699981689453,229.08999633789065,225.41000366210935,227.7599945068359,42477800,8.274764268949376,8.381596725550175,8.246958744606284,8.332936639250718
2025-08-25,226.47999572753903,229.3000030517578,226.22999572753903,227.16000366210935,30983100,8.286105988638461,8.389280132130253,8.276959368467859,8.310985085800505
2025-08-26,226.8699951171875,229.4900054931641,224.69000244140625,229.30999755859375,54575100,8.300374693773987,8.396231652782374,8.220616433853715,8.389645795961536
2025-08-27,228.61000061035156,230.8999938964844,228.2599945068359,230.4900054931641,31259500,8.364035371136925,8.447818166262879,8.351229879591923,8.432818133464787
2025-08-28,230.82000732421875,233.41000366210935,229.33999633789065,232.55999755859375,38074700,8.444891739081829,8.539650590065582,8.390743345720779,8.508551858179377
2025-08-29,232.5099945068359,233.3800048828125,231.3699951171875,232.13999938964844,39418400,8.506722422492176,8.538553040306343,8.465013856844843,8.49318560328461
2025-09-02,229.25,230.8500061035156,226.97000122070312,229.72000122070312,44075600,8.387450696443054,8.44598928884107,8.304033565148385,8.40464638702502
2025-09-03,237.2100067138672,238.8500061035156,234.36000061035156,238.47000122070312,66427800,8.67867932831183,8.73868113430037,8.574407635060798,8.724778092996129
2025-09-04,238.4499969482422,239.8999938964844,236.7400054931641,239.77999877929688,47549400,8.72404620706817,8.77709649240459,8.661483637729866,8.772706293367627
2025-09-05,240.0,241.32000732421875,238.4900054931641,239.69000244140625,54870400,8.780755363778988,8.82904978624716,8.725509978924087,8.769413644089903
2025-09-08,239.3000030517578,240.1499938964844,236.33999633789065,237.8800048828125,48999500,8.755144938954377,8.786243112575194,8.646848710497665,8.7031922033772
2025-09-09,237.0,238.77999877929688,233.36000061035156,234.3500061035156,66313900,8.67099592173175,8.736119812685214,8.537821154378385,8.574041971229512
2025-09-10,232.19000244140625,232.4199981689453,225.9499969482422,226.7899932861328,83440800,8.49501503897181,8.503429773214455,8.266715198538014,8.297447708327548
2025-09-11,226.8800048828125,230.4499969482422,226.6499938964844,230.02999877929688,50208600,8.300740915870662,8.43135436160887,8.292325623362625,8.415988106714105
2025-09-12,229.22000122070312,234.5099945068359,229.02000427246097,234.07000732421875,55824200,8.386353146683813,8.579895383857002,8.37903596220041,8.56379780129967
2025-09-15,237.0,238.19000244140625,235.02999877929688,236.6999969482422,42699500,8.67099592173175,8.714533923066284,8.598920510126167,8.660019865873949
2025-09-16,237.17999267578125,241.22000122070312,236.32000732421875,238.1499938964844,63421100,8.677581220287196,8.825390914872763,8.646117382835097,8.713070151210369
2025-09-17,238.97000122070312,240.1000061035156,237.72999572753903,238.9900054931641,46508000,8.743071333337335,8.784414235153385,8.6977038963156,8.743803219265294
2025-09-18,239.97000122070312,241.1999969482422,236.6499938964844,237.8800048828125,44249600,8.779657814019746,8.824659028944804,8.658190430186751,8.7031922033772
2025-09-19,241.22999572753903,246.3000030517578,240.2100067138672,245.5,163741300,8.825756578704045,9.011250303731265,8.788438770359067,8.981981007532257
2025-09-22,248.3000030517578,256.6400146484375,248.1199951171875,256.0799865722656,105517400,9.08442326509609,9.389554938269107,9.077837408275252,9.369065481878636
2025-09-23,255.8800048828125,257.3399963378906,253.5800018310547,254.42999267578125,60275200,9.361748855660622,9.415164804828326,9.277599838437995,9.308698012058812
2025-09-24,255.22000122070312,255.7400054931641,251.0399932861328,252.30999755859375,42303700,9.337601644426536,9.356626770695701,9.18466986487605,9.231134851657023
2025-09-25,253.2100067138672,257.1700134277344,251.7100067138672,256.8699951171875,55202100,9.264063019230429,9.408945728369554,9.20918329820681,9.39796911424636
2025-09-26,254.1000061035156,257.6000061035156,253.77999877929688,255.4600067138672,46076300,9.296624964707158,9.424677647095603,9.2849170229214,9.346382600765857
2025-09-29,254.55999755859375,255.0,253.0099945068359,254.42999267578125,40127700,9.313454433192451,9.329552574015175,9.256745276481633,9.308698012058812
2025-09-30,254.86000061035156,255.9199981689453,253.11000061035156,254.6300048828125,37704300,9.324430489050252,9.363212069251148,9.26040414785603,9.316015754807607
2025-10-01,255.0399932861328,258.7900085449219,254.92999267578125,255.4499969482422,48713900,9.331015787605699,9.468215648430137,9.326991252400019,9.346016378669182
2025-10-02,256.5799865722656,258.17999267578125,254.1499938964844,257.1300048828125,42630200,9.387358722219842,9.445897314617858,9.298453842128968,9.407481956513639
2025-10-03,254.6699981689453,259.239990234375,253.9499969482422,258.0199890136719,49155600,9.317478968398131,9.484678894818753,9.291136657645563,9.440043343724978
2025-10-06,257.989990234375,259.07000732421875,255.0500030517578,256.69000244140625,44664100,9.438945793965738,9.478459818359982,9.331382009702374,9.391383815690913
2025-10-07,256.80999755859375,257.3999938964844,255.42999267578125,256.4800109863281,31955800,9.395774014727879,9.417359904346808,9.345284492741223,9.383700967376226
2025-10-08,256.5199890136719,258.5199890136719,256.1099853515625,258.05999755859375,36496900,9.38516362270136,9.458336584066185,9.370163031637876,9.441507115580894
2025-10-09,257.80999755859375,258.0,253.13999938964844,254.0399932861328,38322000,9.432360495410292,9.439312016062411,9.261501697615271,9.294429306923286
2025-10-10,254.94000244140625,256.3800048828125,244.0,245.27000427246097,61999100,9.327357474496692,9.380042096001828,8.927101286508638,8.973566273289611
2025-10-13,249.3800048828125,249.69000244140625,245.55999755859375,247.66000366210935,38142900,9.123936731224942,9.135278450914027,8.984176107050738,9.06100793978996
2025-10-14,246.6000061035156,248.8500061035156,244.6999969482422,247.77000427246097,35478000,9.022226359589066,9.104545941124494,8.952711711333247,9.065032474995643
2025-10-15,249.4900054931641,251.82000732421875,247.47000122070312,249.33999633789065,33893600,9.127961266430624,9.21320783341249,9.05405641913784,9.122472959369027
2025-10-16,248.25,249.0399932861328,245.1300048828125,247.4499969482422,39777000,9.082593829408891,9.111496903511224,8.968444188324689,9.053324533209882
2025-10-17,248.02000427246097,253.3800048828125,247.27000427246097,252.2899932861328,49147000,9.074179095166246,9.270282653954592,9.046739234654437,9.230402965729064
2025-10-20,255.88999938964844,264.3800048828125,255.6300048828125,262.239990234375,90483000,9.362114519491906,9.672733941461129,9.35260223549002,9.59443833686599
2025-10-21,261.8800048828125,265.2900085449219,261.8299865722656,262.7699890136719,46695900,9.581267739755097,9.706027772865818,9.579437745802506,9.613829126966438
2025-10-22,262.6499938964844,262.8500061035156,255.42999267578125,258.45001220703125,45015300,9.609438927929473,9.616756670678269,9.345284492741223,9.45577637898181
2025-10-23,259.94000244140625,260.6199951171875,258.010009765625,259.5799865722656,32754900,9.510289877908754,9.535168416805407,9.439678238159086,9.497118164267079
2025-10-24,261.19000244140625,264.1300048828125,259.17999267578125,262.82000732421875,38253700,9.55602297876177,9.663587321290525,9.48248379530027,9.615659120919029
2025-10-27,264.8800048828125,269.1199951171875,264.6499938964844,268.80999755859375,44888200,9.691027181802335,9.846153502605913,9.682611889294298,9.834811782916828
2025-10-28,268.989990234375,269.8900146484375,268.1499938964844,269.0,41534800,9.841397081472275,9.874325807311072,9.810664571682741,9.841763303568948
2025-10-29,269.2799987792969,271.4100036621094,267.1099853515625,269.70001220703125,51086700,9.852007473498793,9.929936855997257,9.772614319144413,9.86737428665895
2025-10-30,271.989990234375,274.1400146484375,268.4800109863281,271.3999938964844,69886500,9.951156523519511,10.029818350211324,9.822738735565176,9.929570633900582
2025-10-31,276.989990234375,277.32000732421875,269.1600036621094,270.3699951171875,86167100,10.134088926931573,10.146163090814008,9.847617274461829,9.891886603458929
2025-11-03,270.4200134277344,270.8500061035156,266.25,269.04998779296875,50194600,9.893716597411519,9.909448516137568,9.741150481692314,9.843592180990756
2025-11-04,268.3299865722656,271.489990234375,267.6199951171875,270.0400085449219,49274800,9.817249870238188,9.932863283178305,9.791273781582294,9.879813556107276
2025-11-05,268.6099853515625,271.70001220703125,266.92999267578125,270.1400146484375,43683100,9.827494040168032,9.940547248023776,9.766029020588967,9.883472427481674
2025-11-06,267.8900146484375,273.3999938964844,267.8900146484375,269.7699890136719,51204000,9.801152845946246,10.002743595265407,9.801152845946246,9.869934491743324
2025-11-07,269.79998779296875,272.2900085449219,266.7699890136719,268.4700012207031,48227400,9.871032041502566,9.962133137642704,9.760175049696088,9.822372513468501
2025-11-10,268.9599914550781,273.7300109863281,267.4599914550781,269.42999267578125,41312400,9.840299531713033,10.014817759147842,9.785419810689415,9.857495222294999
2025-11-11,269.80999755859375,275.9100036621094,269.79998779296875,275.25,46208300,9.87139826359924,10.094576019068112,9.871032041502566,10.070428807834027
2025-11-12,275.0,275.7300109863281,271.70001220703125,273.4700012207031,48398000,10.061282187663423,10.087990720512666,9.940547248023776,10.005304916880563
2025-11-13,274.1099853515625,276.70001220703125,272.0899963378906,272.95001220703125,49602800,10.0287196839213,10.123479651435838,9.95481539489391,9.986280348876791
2025-11-14,271.04998779296875,275.9599914550781,269.6000061035156,272.4100036621094,47431300,9.916765142355581,10.09640489648992,9.863715415284553,9.96652333667967
2025-11-17,268.82000732421875,270.489990234375,265.7300109863281,267.4599914550781,45018300,9.835178005013502,9.896276802495892,9.722125913688542,9.785419810689415
2025-11-18,269.989990234375,270.7099914550781,265.32000732421875,267.44000244140625,45677300,9.877983562154686,9.904325872907254,9.707125322625059,9.784688483026848
2025-11-19,265.5299987792969,272.2099914550781,265.5,268.55999755859375,40424500,9.714808170939746,9.959205593930873,9.713710621180505,9.825665162746224
2025-11-20,270.8299865722656,275.42999267578125,265.9200134277344,266.25,45823600,9.90871607194422,10.077014106389473,9.729077434340663,9.741150481692314
2025-11-21,265.95001220703125,273.3299865722656,265.6700134277344,271.489990234375,59030800,9.730174984099904,10.00018227365025,9.719930814170059,9.932863283178305
2025-11-24,270.8999938964844,277.0,270.8999938964844,275.9200134277344,65585800,9.911277393559375,10.134455149028248,9.911277393559375,10.094942241164787
2025-11-25,275.2699890136719,280.3800048828125,275.25,276.9700012207031,46914200,10.071160135496593,10.258117632379728,10.070428807834027,10.133357599269008
2025-11-26,276.9599914550781,279.5299987792969,276.6300048828125,277.54998779296875,33431400,10.132991377172333,10.22701890049352,10.12091832982068,10.154577266791263
2025-11-28,277.260009765625,279.0,275.989990234375,278.8500061035156,20135600,10.143967991295526,10.207628110393074,10.09750244624916,10.202140361596868
2025-12-01,278.010009765625,283.4200134277344,276.1400146484375,283.1000061035156,46587700,10.171407851807336,10.369340846282881,10.10299131157615,10.357632904497121
2025-12-02,283.0,287.3999938964844,282.6300048828125,286.19000244140625,53669500,10.353974033122723,10.51495432481918,10.340437213915155,10.470684995822081
2025-12-03,286.20001220703125,288.6199951171875,283.29998779296875,284.1499938964844,43538700,10.471051217918756,10.559589875912955,10.364949530715133,10.39604826260134
2025-12-04,284.1000061035156,284.7300109863281,278.5899963378906,280.70001220703125,43989100,10.394219385179534,10.41726904665438,10.19262751932959,10.269825574165488
2025-12-05,280.5400085449219,281.1400146484375,278.04998779296875,278.7799987792969,47265800,10.263971603272607,10.285923714988211,10.172870507132469,10.19957903998171
2025-12-08,278.1300048828125,279.6700134277344,276.1499938964844,277.8900146484375,38211800,10.1757980508443,10.232141543723834,10.103356417142042,10.16701765277037
2025-12-09,278.1600036621094,280.0299987792969,276.9200134277344,277.17999267578125,32193300,10.17689560060354,10.245312140834727,10.1315287218472,10.141040447583695
2025-12-10,277.75,279.75,276.44000244140625,278.7799987792969,33038300,10.161895009540057,10.235067970904883,10.11396680916856,10.19957903998171
2025-12-11,279.1000061035156,279.5899963378906,273.80999755859375,278.0299987792969,33248000,10.21128698176747,10.229214000012004,10.01774418632889,10.172139179469902
2025-12-12,277.8999938964844,279.2200012207031,276.82000732421875,278.2799987792969,39532900,10.167382758336263,10.215677180804436,10.127869850472802,10.181285799640506
2025-12-15,280.1499938964844,280.1499938964844,272.8399963378906,274.1099853515625,50409100,10.24970233987169,10.24970233987169,9.982255255405718,10.0287196839213
2025-12-16,272.82000732421875,275.5,271.7900085449219,274.6099853515625,37648600,9.981523927743153,10.07957542800463,9.9438398973015,10.047012924262507
2025-12-17,275.010009765625,276.1600036621094,271.6400146484375,271.8399963378906,50138700,10.061648409760098,10.103722639238716,9.938352148505293,9.945668774723305
2025-12-18,273.6099853515625,273.6300048828125,266.95001220703125,272.19000244140625,51630700,10.010426443580094,10.011158887773444,9.766761464782316,9.958474266268308
2025-12-19,272.1499938964844,274.6000061035156,269.8999938964844,273.6700134277344,144632000,9.957010494412392,10.046647818696615,9.874690912876963,10.01262265962936
2025-12-22,272.8599853515625,273.8800048828125,270.510009765625,270.9700012207031,36571800,9.982986583068286,10.020305507944046,9.897009246689242,9.913838715174533
2025-12-23,270.8399963378906,272.5,269.55999755859375,272.3599853515625,29642000,9.909082294040894,9.969815985957393,9.862251643428637,9.96469334272708
2025-12-24,272.3399963378906,275.42999267578125,272.20001220703125,273.80999755859375,17910600,9.963962015064512,10.077014106389473,9.95884048836498,10.01774418632889
2025-12-26,274.1600036621094,275.3699951171875,272.8599853515625,273.3999938964844,21521800,10.030549677873891,10.07481900687099,9.982986583068286,10.002743595265407
2025-12-29,272.69000244140625,274.3599853515625,272.3500061035156,273.760009765625,23715200,9.976767506609514,10.037866304091905,9.964328237161187,10.015915308907083
2025-12-30,272.80999755859375,274.0799865722656,272.2799987792969,273.0799865722656,22139600,9.981157705646478,10.02762213416206,9.96176691554603,9.991035653479647
2025-12-31,273.05999755859375,273.67999267578125,271.75,271.8599853515625,27293600,9.99030432581708,10.012987765195252,9.942376125445582,9.946400102385873
2026-01-02,272.260009765625,277.8399963378906,269.0,271.010009765625,37838100,9.961035587883464,10.16518765881778,9.841763303568948,9.915302487030448
2026-01-05,270.6400146484375,271.510009765625,266.1400146484375,267.260009765625,45647200,9.90176566782288,9.933595727371655,9.737126504752025,9.778103184471401
2026-01-06,267.0,267.54998779296875,262.1199951171875,262.3599853515625,52352100,9.768590342204124,9.788712459967138,9.590048137829026,9.598828535902955
2026-01-07,263.20001220703125,263.67999267578125,259.80999755859375,260.3299865722656,48309800,9.62956216222327,9.647122958371126,9.505533456775115,9.524558024778889
2026-01-08,257.0199890136719,259.2900085449219,255.6999969482422,259.0400085449219,50419300,9.403456863042566,9.486508888771343,9.355162998839784,9.47736226860074
2026-01-09,259.0799865722656,260.2099914550781,256.2200012207031,259.3699951171875,39997000,9.478824923925872,9.520167825741924,9.37418812510895,9.489435315952392
2026-01-12,259.1600036621094,261.29998779296875,256.79998779296875,260.25,45263800,9.481752467637705,9.56004695570206,9.395407792631204,9.52163159759784
2026-01-13,258.7200012207031,261.80999755859375,258.3900146484375,261.04998779296875,45730800,9.46565432681498,9.57870641813994,9.453581279463329,9.550900335531457
2026-01-14,259.489990234375,261.82000732421875,256.7099914550781,259.9599914550781,40019400,9.493825514989355,9.579072640236616,9.39211514335348,9.511021205571321
2026-01-15,260.6499938964844,261.0400085449219,257.04998779296875,258.2099914550781,39388600,9.536265966564649,9.550535229965565,9.404554412801806,9.4469948643771
2026-01-16,257.8999938964844,258.8999938964844,254.92999267578125,255.52999877929688,72142800,9.435653144688015,9.472239625370426,9.326991252400019,9.348943364115621
2026-01-20,252.72999572753903,254.7899932861328,243.4199981689453,246.6999969482422,80267500,9.246501106551788,9.321869167435096,8.905881060720992,9.025884672698073
2026-01-21,248.6999969482422,251.55999755859375,245.17999267578125,247.6499938964844,54641700,9.099057634062898,9.203694991145213,8.970273065746497,9.060641717693288
2026-01-22,249.1999969482422,251.0,248.1499938964844,248.3500061035156,39708300,9.117350874404105,9.183206651285525,9.078934958034493,9.086252700783287
2026-01-23,247.32000732421875,249.41000366210935,244.67999267578125,248.0399932861328,41689000,9.048568670341634,9.125034280984181,8.95197982540529,9.074910422828811
2026-01-26,251.47999572753903,256.55999755859375,249.8000030517578,255.41000366210935,55969200,9.200768005698771,9.386627394557275,9.139302986119707,9.344553165078656
2026-01-27,259.1700134277344,261.95001220703125,258.2099914550781,258.2699890136719,49648300,9.482118689734378,9.583829061370254,9.4469948643771,9.44918996389558
2026-01-28,257.6499938964844,258.8599853515625,254.5099945068359,256.44000244140625,41288000,9.42650652451741,9.47077585351451,9.31162499750525,9.382237195520311
2026-01-29,258.0,259.6499938964844,254.41000366210935,258.2799987792969,67253000,9.439312016062411,9.499679485882236,9.307966684396243,9.449556185992256
2026-01-30,255.1699981689453,261.8999938964844,252.17999267578125,259.4800109863281,92443400,9.335772208739337,9.581999067417664,9.226378430523383,9.493460409423465
2026-02-02,260.0299987792969,270.489990234375,259.2099914550781,270.010009765625,73913400,9.513582527186477,9.896276802495892,9.483581345059513,9.878716006348036
2026-02-03,269.20001220703125,271.8800048828125,267.6099853515625,269.4800109863281,64394700,9.849081046317744,9.947132546579223,9.79090755948562,9.859325216247589
2026-02-04,272.2900085449219,278.95001220703125,272.2900085449219,276.489990234375,90545700,9.962133137642704,10.205799232971266,9.962133137642704,10.115795686590367
2026-02-05,278.1300048828125,279.5,273.2300109863281,275.9100036621094,52977400,10.1757980508443,10.22592135073428,9.996524518806636,10.094576019068112
2026-02-06,277.1199951171875,280.9100036621094,276.92999267578125,278.1199951171875,50453400,10.138845348065212,10.277508422480174,10.131893827413093,10.175431828747625
2026-02-09,277.9100036621094,278.20001220703125,271.70001220703125,274.6199951171875,44623400,10.167748980432938,10.178359372459456,9.940547248023776,10.047379146359182
2026-02-10,274.8900146484375,275.3699951171875,272.94000244140625,273.67999267578125,34376900,10.057258210723134,10.07481900687099,9.985914126780116,10.012987765195252
2026-02-11,274.70001220703125,280.17999267578125,274.45001220703125,275.5,51931300,10.050306690071013,10.250799889630931,10.04116006990041,10.07957542800463
2026-02-12,275.5899963378906,275.7200012207031,260.17999267578125,261.7300109863281,81077200,10.082868077282352,10.087624498415991,9.519070275982683,9.575779990958893
2026-02-13,262.010009765625,262.2300109863281,255.4499969482422,255.77999877929688,56290700,9.586024160888735,9.594073231300099,9.346016378669182,9.358089984286226
2026-02-17,258.04998779296875,266.2900085449219,255.5399932861328,263.8800048828125,58469100,9.441140893484219,9.742614253548231,9.349309027946905,9.654440701119922
2026-02-18,263.6000061035156,266.82000732421875,262.45001220703125,264.3500061035156,34203300,9.644196531190078,9.762005043648678,9.60212230171146,9.671636391701888
2026-02-19,262.6000061035156,264.4800109863281,260.04998779296875,260.5799865722656,30845300,9.607610050507665,9.676392812835527,9.514313854849044,9.533704644949491
2026-02-20,258.9700012207031,264.75,258.1600036621094,264.5799865722656,42070500,9.474800946985583,9.686270760668696,9.445165986955292,9.68005056767914
2026-02-23,263.489990234375,269.42999267578125,263.3800048828125,266.17999267578125,37308200,9.640171437719006,9.857495222294999,9.636147460778716,9.738589160077158
2026-02-24,267.8599853515625,274.8900146484375,267.7099914550781,272.1400146484375,47014600,9.800054179656223,10.057258210723134,9.794566430860018,9.9566453888465
2026-02-25,271.7799987792969,274.94000244140625,271.04998779296875,274.2300109863281,33714300,9.943473675204825,10.059087088144942,9.916765142355581,10.033110999489047
2026-02-26,274.95001220703125,276.1099853515625,270.79998779296875,272.95001220703125,32345100,10.059453310241615,10.101892645286126,9.907618522184977,9.986280348876791
2026-02-27,272.80999755859375,272.80999755859375,262.8900146484375,264.17999267578125,72366500,9.981157705646478,9.981157705646478,9.618220442534184,9.665416198712332
2026-03-02,262.4100036621094,266.5299987792969,260.20001220703125,264.7200012207031,41827900,9.600658529855545,9.751394651622158,9.519802720176033,9.685173210909454
2026-03-03,263.4800109863281,265.55999755859375,260.1300048828125,263.75,38568900,9.639806332153114,9.715905720698988,9.517241398560875,9.649684279986284
2026-03-04,264.6499938964844,266.1499938964844,261.4200134277344,262.5199890136719,39803100,9.682611889294298,9.737491610317917,9.564438271269808,9.604682506795834
2026-03-05,260.7900085449219,261.55999755859375,257.25,260.2900085449219,49658600,9.541388609794963,9.569559797969337,9.411872155550602,9.523095369453756
2026-03-06,258.6300048828125,258.7699890136719,254.3699951171875,257.4599914550781,41120000,9.462361677537256,9.467483204236787,9.30650291254033,9.41955500386529
2026-03-09,255.69000244140625,261.1499938964844,253.67999267578125,259.8800048828125,38218500,9.354797335008502,9.554559206905855,9.281258151547002,9.508094778390273
2026-03-10,257.6499938964844,262.4800109863281,256.95001220703125,260.8299865722656,30590800,9.42650652451741,9.603219851470701,9.400896657958192,9.542851265120095
2026-03-11,261.0899963378906,262.1300048828125,259.54998779296875,260.80999755859375,26218900,9.552364107387373,9.5904143599257,9.496020614507838,9.542119937457528
2026-03-12,258.6600036621094,258.95001220703125,254.17999267578125,255.7599945068359,40794000,9.463459227296498,9.474069619323016,9.299551391888208,9.357358098358267
2026-03-13,255.47999572753903,256.3299865722656,249.52000427246097,250.1199951171875,36930000,9.347113928428422,9.378212102049238,9.129058816189865,9.151010369640076
2026-03-16,252.11000061035156,253.88999938964844,249.8800048828125,252.82000732421875,32074200,9.223817667173618,9.288941558127082,9.142229971566149,9.249794314094903
2026-03-17,252.9600067138672,255.1300048828125,252.17999267578125,254.22999572753903,32361600,9.254916399059825,9.334308995148813,9.226378430523383,9.301380827575406
2026-03-18,252.6300048828125,254.94000244140625,249.0,249.94000244140625,35757900,9.242842793442783,9.327357474496692,9.1100336899207,9.14442507108463
2026-03-19,249.3999938964844,251.8300018310547,247.3000030517578,248.9600067138672,34864100,9.12466805888751,9.213573497243774,9.047836784413677,9.108570476330176
2026-03-20,247.97999572753903,249.1999969482422,246.0,247.9900054931641,88331100,9.072715323310328,9.117350874404105,9.000274247873463,9.073081545407005
2026-03-23,253.97000122070312,254.6000061035156,250.27999877929688,251.4900054931641,40546100,9.291868543573521,9.314918205048365,9.156864340532957,9.201134227795448
2026-03-24,250.3500061035156,254.8300018310547,249.5500030517578,251.63999938964844,45152300,9.159425662148113,9.323332939291012,9.130156365949105,9.206621976591652
2026-03-25,254.1000061035156,255.0,251.6000061035156,252.6199951171875,28476700,9.296624964707158,9.329552574015175,9.205158763001128,9.242476571346108
2026-03-26,252.1199951171875,257.0,250.77000427246097,252.88999938964844,41796700,9.224183331004902,9.40272553538,9.17479191704288,9.252355077444669
2026-03-27,253.8999938964844,255.4900054931641,248.07000732421875,248.8000030517578,47900000,9.289307221958365,9.347480150525099,9.076008530853445,9.102716505437295
2026-03-30,250.07000732421875,250.8699951171875,245.5099945068359,246.6300048828125,39446200,9.149181492218268,9.178450230151887,8.982346671363539,9.023323909348308
2026-03-31,247.91000366210935,255.47999572753903,247.1000061035156,253.7899932861328,49598100,9.070154559960564,9.347113928428422,9.040519599930272,9.285282686752684
2026-04-01,254.0800018310547,256.17999267578125,253.3300018310547,255.6300048828125,40059400,9.295893078779201,9.372724353253034,9.268453218267393,9.35260223549002
2026-04-02,254.1999969482422,256.1300048828125,250.6499938964844,255.9199981689453,31289400,9.300283277816167,9.370895475831226,9.170401159740525,9.363212069251148
2026-04-06,256.510009765625,262.1600036621094,256.4599914550781,258.8599853515625,29329900,9.384798517135467,9.591511909684941,9.382968523182878,9.47077585351451
2026-04-07,256.1600036621094,256.20001220703125,245.6999969482422,253.5,62148000,9.371993025590466,9.373456797446382,8.98929819201566,9.274672852991555
2026-04-08,258.45001220703125,259.75,256.5299987792969,258.8999938964844,41032800,9.45577637898181,9.503338357256634,9.385529844798034,9.472239625370426
2026-04-09,259.0,261.1199951171875,256.07000732421875,260.489990234375,28121600,9.475898496744824,9.553461657146613,9.368700376312743,9.530411995671768
2026-04-10,259.9800109863281,262.19000244140625,259.0199890136719,260.4800109863281,31291500,9.511753649764671,9.592609459444182,9.476629824407391,9.530046890105876
2026-04-13,259.7300109863281,260.17999267578125,256.6600036621094,259.20001220703125,36234700,9.502607029594067,9.519070275982683,9.390286265931673,9.48321623949362
2026-04-14,259.25,261.92999267578125,257.19000244140625,258.8299865722656,48370700,9.485045116915428,9.583096617176905,9.40967705603212,9.46967830375527
2026-04-15,258.1600036621094,266.55999755859375,257.80999755859375,266.42999267578125,49913500,9.445165986955292,9.7524922013814,9.432360495410292,9.74773578024776
2026-04-16,266.79998779296875,267.1600036621094,261.2699890136719,263.3999938964844,43323100,9.761272599455328,9.774444313097003,9.558949405942819,9.636878788441283
2026-04-17,266.9599914550781,272.29998779296875,266.7200012207031,270.2300109863281,61436200,9.767126570348209,9.962498243208596,9.75834617227428,9.886765076759398
2026-04-20,270.3299865722656,274.2799987792969,270.2900085449219,273.04998779296875,36590200,9.890422831603013,10.034939876910855,9.88896017627788,9.989938103720407
2026-04-21,271.5,272.79998779296875,265.3999938964844,266.1700134277344,50209800,9.93322950527498,9.980791483549803,9.710051749806107,9.738224054511265
2026-04-22,267.82000732421875,273.739990234375,266.8699951171875,273.1700134277344,43249200,9.79859152433109,10.015182864713733,9.763833921070486,9.994329419288153
2026-04-23,275.04998779296875,275.7699890136719,271.6499938964844,273.42999267578125,33399600,10.06311106508523,10.089453375837799,9.938717254071186,10.003841145024648
2026-04-24,272.760009765625,273.05999755859375,269.6499938964844,271.05999755859375,38157100,9.97932882822467,9.99030432581708,9.86554429270636,9.917131364452256
2026-04-27,266.0899963378906,268.3599853515625,265.07000732421875,267.6099853515625,41466800,9.735296510799435,9.81834741999743,9.697978702454456,9.79090755948562
2026-04-28,272.3399963378906,273.2300109863281,268.6600036621094,270.7099914550781,40018900,9.963962015064512,9.996524518806636,9.829324034120622,9.904325872907254
2026-04-29,267.54998779296875,271.0400085449219,267.0400085449219,270.1700134277344,30047900,9.788712459967138,9.916400036789689,9.77005411406004,9.884569977240915
2026-04-30,270.5,276.0,268.1400146484375,271.3500061035156,91848200,9.896643024592567,10.097868668345836,9.81029946611685,9.927741756478774
2026-05-01,278.8599853515625,287.2200012207031,278.3699951171875,280.1400146484375,79915400,10.20250546716276,10.508369026263734,10.184578448918229,10.249337234305798
2026-05-04,279.6600036621094,280.6300048828125,274.8599853515625,276.8299865722656,46668400,10.23177532162716,10.26726425255033,10.05615954443311,10.128234956038694
2026-05-05,276.92999267578125,284.57000732421875,276.5,284.17999267578125,49311700,10.131893827413093,10.411415075761498,10.116161908687042,10.397145812360582
2026-05-06,281.9200134277344,288.0299987792969,281.07000732421875,287.510009765625,58336100,10.314461125259262,10.538003986294026,10.283362393373055,10.518979418290254
2026-05-07,289.2699890136719,292.1300048828125,285.7799987792969,287.44000244140625,45224300,10.583370865050368,10.688008780398073,10.455684404758598,10.516418096675096
2026-05-08,290.010009765625,294.760009765625,290.0,293.32000732421875,52692800,10.610445619996284,10.784231403237744,10.61007939789961,10.731546781732607
2026-05-11,291.9800109863281,293.8800048828125,290.2300109863281,292.67999267578125,42247300,10.682521031601869,10.752035121592296,10.618494690407648,10.708130898161087
2026-05-12,292.55999755859375,295.2699890136719,292.55999755859375,294.79998779296875,45748100,10.703740699124124,10.802889749144843,10.703740699124124,10.785694058562877
2026-05-13,293.5,300.9200134277344,293.5,298.8699951171875,52684300,10.738132080288054,11.009604258225098,10.738132080288054,10.934601302907684
2026-05-14,299.82000732421875,300.45001220703125,295.3800048828125,298.2099914550781,35324900,10.969358906168289,10.992408567643134,10.806914842615914,10.910454091673598
2026-05-15,297.8999938964844,303.20001220703125,296.5199890136719,300.2300109863281,54862800,10.899112371984511,11.093021389519768,10.848622849997858,10.984359497231772
2026-05-18,300.239990234375,300.6600036621094,294.9100036621094,297.8399963378906,34483000,10.984724602797662,11.00009141595782,10.78971915203395,10.89691727246603
2026-05-19,296.9700012207031,300.510009765625,296.3500061035156,298.9700012207031,42243600,10.865087212917256,10.994603667161616,10.842403773539086,10.938260174282082
2026-05-20,298.17999267578125,302.79998779296875,298.0799865722656,302.25,38229800,10.909356541914356,11.078385904022177,10.905697670539958,11.058263786259163
2026-05-21,301.05999755859375,305.5400085449219,300.3999938964844,304.989990234375,42965100,11.014725784924629,11.178633620332919,10.990578573690543,11.158510386039122
2026-05-22,306.1199951171875,311.3999938964844,305.8399963378906,308.82000732421875,43670200,11.199853287855174,11.39302986119708,11.189609117925329,11.29863723231
2026-05-26,309.55999755859375,311.82000732421875,307.6700134277344,308.3299865722656,48000500,11.325710870725135,11.408396674357238,11.256563002831383,11.280709097534686
2026-05-27,308.3299865722656,313.260009765625,308.29998779296875,310.8500061035156,50430900,11.280709097534686,11.461081295862375,11.279611547775446,11.372907743434066
2026-05-28,310.67999267578125,312.79998779296875,309.57000732421875,312.510009765625,48220400,11.366687550444512,11.444250710846301,11.32607709282181,11.433641435350564
2026-05-29,311.7799987792969,315.0,309.5299987792969,312.05999755859375,70026800,11.406932902501323,11.524741414959921,11.324613320965893,11.417177072431166
2026-06-01,309.6300048828125,310.94000244140625,305.0199890136719,306.30999755859375,48849900,11.328272192340291,11.37620039271179,11.159607935798363,11.206804808507295
2026-06-02,307.4599914550781,315.45001220703125,306.69000244140625,315.20001220703125,44534700,11.248879037985912,11.54120577787932,11.220707849811536,11.532059157708717
2026-06-03,314.17999267578125,316.94000244140625,308.8500061035156,310.260009765625,50836700,11.494740232832955,11.595719276806264,11.299734782069242,11.351321853815136
2026-06-04,313.2300109863281,313.5400085449219,309.6499938964844,311.2300109863281,44869100,11.459983746103132,11.47132546579222,11.329003520002859,11.386810784738309
2026-06-05,312.8599853515625,315.1700134277344,307.1499938964844,307.3399963378906,65310500,11.446445810364784,11.530961607949475,11.237537318296827,11.244488838948948
2026-06-08,308.739990234375,317.3999938964844,301.1700134277344,301.5400085449219,77949100,11.29570968859817,11.612548745291555,11.018750878395702,11.03228769760327
2026-06-09,300.2799987792969,300.75,287.7799987792969,290.54998779296875,70108800,10.98618837465358,11.003384065235544,10.528857366123423,10.630201515662623
2026-06-10,290.739990234375,294.75,287.3800048828125,291.5799865722656,52793300,10.637153036314745,10.783865181141069,10.514222997156615,10.667885546104278
2026-06-11,293.7200012207031,297.0,289.5899963378906,295.6300048828125,42572500,10.746181150699416,10.866184762676497,10.595078806836128,10.816061462786518
2026-06-12,296.0299987792969,297.1400146484375,289.6199951171875,291.1300048828125,38742100,10.830695831753326,10.87130740590681,10.596176356595368,10.651422299715662
2026-06-15,294.1199951171875,297.7799987792969,291.70001220703125,296.4200134277344,45732600,10.760815519666224,10.894722172947548,10.672276861672024,10.844965095154242
2026-06-16,295.25,300.4800109863281,293.9700012207031,299.239990234375,39874400,10.802158421482275,10.993506117402374,10.75532777087002,10.948138122115251
2026-06-17,300.8500061035156,302.07000732421875,294.3599853515625,295.95001220703125,42745100,11.007042936609942,11.051678487703716,10.769595917740153,10.827769404572278
2026-06-18,298.1099853515625,300.57000732421875,295.6199951171875,298.010009765625,85962200,10.9067952202992,10.996798766680097,10.815695240689843,10.903137465455584
2026-06-22,297.5,302.4200134277344,296.760009765625,297.010009765625,40202659,10.884478003017703,11.064483979248717,10.85740436460257,10.866550984773172
