Date,Open,High,Low,Close,Volume,OpenNorm,HighNorm,LowNorm,CloseNorm
2015-01-02,46.65999984741211,47.41999816894531,46.540000915527344,46.7599983215332,27913900,0.9978614525724856,1.0141146251305184,0.9952951793433973,1.0
2015-01-05,46.369998931884766,46.72999954223633,46.25,46.33000183105469,39673900,0.9916595508201966,0.9993584520878167,0.9890932775911083,0.990804180797404
2015-01-06,46.380001068115234,46.75,45.540000915527344,45.650001525878906,36447900,0.9918734545111612,0.9997861778893906,0.9739093787468327,0.9762618298653116
2015-01-07,45.97999954223633,46.459999084472656,45.4900016784668,46.22999954223633,29114100,0.9833191016403933,0.9935842761371017,0.9728401050330755,0.9886655517895344
2015-01-08,46.75,47.75,46.720001220703125,47.59000015258789,29645200,0.9997861778893906,1.021171978485955,0.9991446299772072,1.017750253653719
2015-01-09,47.61000061035156,47.81999969482422,46.900001525878906,47.189998626708984,23944200,1.0181779794552928,1.022668978001286,1.0029940806110174,1.0091959007829512
2015-01-12,47.41999816894531,47.540000915527344,46.36000061035156,46.599998474121094,23651900,1.0141146251305184,1.0166809799399616,0.9914457287095872,0.9965782751677639
2015-01-13,46.970001220703125,47.90999984741211,46.060001373291016,46.36000061035156,35270600,1.0044910801263485,1.024593703318191,0.9850300048466889,0.9914457287095872
2015-01-14,45.959999084472656,46.2400016784668,45.619998931884766,45.959999084472656,29719600,0.9828913758388194,0.9888794554804989,0.9756202003727733,0.9828913758388194
2015-01-15,46.220001220703125,46.380001068115234,45.40999984741211,45.47999954223633,32750800,0.988451729678925,0.9918734545111612,0.97112920182678,0.9726262013421111
2015-01-16,45.310001373291016,46.279998779296875,45.16999816894531,46.2400016784668,35695300,0.9689906543992655,0.9897348255032916,0.9659965737882482,0.9888794554804989
2015-01-20,46.29999923706055,46.650001525878906,45.56999969482422,46.38999938964844,36161900,0.9901625513048655,0.9976476304618761,0.9745509266590161,0.9920872766217705
2015-01-21,45.939998626708984,46.13999938964844,45.47999954223633,45.91999816894531,39081100,0.9824636500372456,0.9867408264726294,0.9726262013421111,0.9820359242356717
2015-01-22,46.380001068115234,47.13999938964844,46.08000183105469,47.130001068115234,35898000,0.9918734545111612,1.008126627069194,0.9854577306482628,1.0079128049585846
2015-01-23,47.36000061035156,47.38999938964844,46.79999923706055,47.18000030517578,26211600,1.0128315293061518,1.0134730772183351,1.0008554516031478,1.0089820786723418
2015-01-26,47.0,47.130001068115234,46.2400016784668,47.0099983215332,42525500,1.0051326280385318,1.0079128049585846,0.9888794554804989,1.0053464501491411
2015-01-27,42.95000076293945,43.20000076293945,42.11000061035156,42.65999984741211,169164000,0.9185201519385164,0.9238666020876576,0.9005560761741881,0.9123182501862276
2015-01-28,42.7400016784668,42.790000915527344,41.15999984741211,41.189998626708984,84507100,0.9140291533925231,0.9150984271062803,0.8802395492913808,0.8808810972035641
2015-01-29,40.93000030517578,42.119998931884766,40.790000915527344,42.0099983215332,63585300,0.8753208249438136,0.9007698982847975,0.8723268259131514,0.8984174471663186
2015-01-30,41.54999923706055,41.58000183105469,40.349998474121094,40.400001525878906,78004900,0.8885799984711842,0.8892216279637225,0.8629170214392358,0.863986376733348
2015-02-02,40.59000015258789,41.369998931884766,40.22999954223633,41.279998779296875,50352500,0.8680496494777674,0.8847305478373741,0.8603507482101475,0.8828058225204691
2015-02-03,41.630001068115234,41.93000030517578,41.04999923706055,41.599998474121094,52082400,0.8902909016774797,0.896706625540378,0.8778870981729019,0.8896492721849414
2015-02-04,41.939998626708984,42.209999084472656,41.36000061035156,41.84000015258789,41614800,0.8969204476509874,0.9026946236017025,0.8845167257267648,0.894781900223473
2015-02-05,42.220001220703125,42.63999938964844,41.86000061035156,42.45000076293945,36548200,0.902908527292667,0.9118905243846537,0.895209626025047,0.9078272516402343
2015-02-06,42.68000030517578,42.790000915527344,42.150001525878906,42.40999984741211,34616600,0.9127459759878015,0.9150984271062803,0.9014115277773359,0.9069718000370864
2015-02-09,42.2400016784668,42.7400016784668,42.209999084472656,42.36000061035156,31381100,0.9033362530942409,0.9140291533925231,0.9026946236017025,0.9059025263233292
2015-02-10,42.7400016784668,42.77000045776367,42.18000030517578,42.599998474121094,29670700,0.9140291533925231,0.9146707013047065,0.9020530756895192,0.9110350727815059
2015-02-11,42.650001525878906,42.650001525878906,42.209999084472656,42.380001068115234,38262500,0.9121044280756181,0.9121044280756181,0.9026946236017025,0.9063302521249031
2015-02-12,42.65999984741211,43.09000015258789,42.5099983215332,43.09000015258789,33268800,0.9123182501862276,0.9215141509691787,0.9091103474646008,0.9215141509691787
2015-02-13,43.380001068115234,43.869998931884766,43.150001525878906,43.869998931884766,40264900,0.9277160527214676,0.9381950493287854,0.9227973283739004,0.9381950493287854
2015-02-17,43.970001220703125,44.0,43.189998626708984,43.58000183105469,33695700,0.9403336783366549,0.9409752262488382,0.9236526983966932,0.9319932291568516
2015-02-18,43.630001068115234,43.70000076293945,43.38999938964844,43.529998779296875,27111700,0.9330625028706088,0.9345595023859399,0.927929874832077,0.9309238738627392
2015-02-19,43.18000030517578,43.529998779296875,43.04999923706055,43.5,27603400,0.9234388762860837,0.9309238738627392,0.920658699366031,0.9302823259505559
2015-02-20,43.5099983215332,43.880001068115234,43.290000915527344,43.86000061035156,29721100,0.9304961480611653,0.9384089530197499,0.9257913274045626,0.937981227218176
2015-02-23,43.70000076293945,44.189998626708984,43.650001525878906,44.150001525878906,32518800,0.9345595023859399,0.9450384989932576,0.9334902286721827,0.9441831289704649
2015-02-24,44.150001525878906,44.29999923706055,43.91999816894531,44.09000015258789,25271700,0.9441831289704649,0.9473909501117366,0.9392643230425426,0.9428999515657432
2015-02-25,43.95000076293945,44.09000015258789,43.79999923706055,43.9900016784668,29759800,0.939905952535081,0.9428999515657432,0.9366980498134543,0.9407614041382287
2015-02-26,43.9900016784668,44.22999954223633,43.88999938964844,44.060001373291016,28957300,0.9407614041382287,0.9458939505964055,0.9386227751303593,0.9422584036535598
2015-02-27,44.130001068115234,44.20000076293945,43.65999984741211,43.849998474121094,33807700,0.943755403168891,0.9452524026842221,0.9337040507827921,0.9377673235272115
2015-03-02,43.66999816894531,44.189998626708984,43.54999923706055,43.880001068115234,31924000,0.9339178728934014,0.9450384989932576,0.9313515996643131,0.9384089530197499
2015-03-03,43.560001373291016,43.83000183105469,43.09000015258789,43.279998779296875,31748600,0.9315655033552777,0.9373396793059926,0.9215141509691787,0.9255774237135981
2015-03-04,43.0099983215332,43.209999084472656,42.880001068115234,43.060001373291016,25748700,0.9198032477628831,0.924080424198267,0.9170231524231853,0.9208726030569954
2015-03-05,43.06999969482422,43.2400016784668,42.81999969482422,43.11000061035156,23193500,0.9210864251676047,0.9247220536908054,0.9157399750184637,0.9219418767707526
2015-03-06,43.0,43.11000061035156,42.150001525878906,42.36000061035156,36248800,0.9195894256522736,0.9219418767707526,0.9014115277773359,0.9059025263233292
2015-03-09,42.189998626708984,43.130001068115234,42.189998626708984,42.849998474121094,32108000,0.9022668978001286,0.9223696025723265,0.9022668978001286,0.916381522930647
2015-03-10,42.349998474121094,42.709999084472656,42.029998779296875,42.029998779296875,39159700,0.9056886226323647,0.9133875238999848,0.8988451729678925,0.8988451729678925
2015-03-11,42.310001373291016,42.369998931884766,41.84000015258789,41.97999954223633,32215300,0.904833252609572,0.9061163484339386,0.894781900223473,0.8977758992541353
2015-03-12,41.33000183105469,41.650001525878906,40.86000061035156,41.02000045776367,59992500,0.8838751778145814,0.8907186274790536,0.8738238254284825,0.8772455502607186
2015-03-13,40.70000076293945,41.470001220703125,40.61000061035156,41.380001068115234,58007700,0.8704021005962463,0.8868691768452436,0.8684773752793413,0.8849444515283386
2015-03-16,41.470001220703125,41.63999938964844,41.279998779296875,41.560001373291016,35273500,0.8868691768452436,0.8905047237880892,0.8828058225204691,0.8887939021621486
2015-03-17,41.369998931884766,41.83000183105469,41.150001525878906,41.70000076293945,31673400,0.8847305478373741,0.8945680781128637,0.8800257271807714,0.8917879011928108
2015-03-18,41.43000030517578,42.83000183105469,41.33000183105469,42.5,44194800,0.8860137252420959,0.9159538787094281,0.8838751778145814,0.9088965253539915
2015-03-19,42.2599983215332,42.59000015258789,42.220001220703125,42.290000915527344,33879100,0.9037638973154597,0.9108212506708965,0.902908527292667,0.9044055268079981
2015-03-20,42.560001373291016,42.97999954223633,42.4900016784668,42.880001068115234,71904500,0.9101797027587132,0.9191616998506998,0.9086827032433821,0.9170231524231853
2015-03-23,42.880001068115234,43.130001068115234,42.779998779296875,42.86000061035156,26246100,0.9170231524231853,0.9223696025723265,0.9148845234153159,0.9165954266216114
2015-03-24,42.779998779296875,43.16999816894531,42.75,42.900001525878906,25513300,0.9148845234153159,0.9232249725951193,0.9142429755031326,0.9174508782247592
2015-03-25,42.91999816894531,42.93000030517578,41.439998626708984,41.459999084472656,43469900,0.9178785224459781,0.9180924261369425,0.8862275473527053,0.8866552731542792
2015-03-26,41.220001220703125,41.61000061035156,40.91999816894531,41.209999084472656,37495600,0.8815227266961025,0.8898631758759058,0.8751069212528491,0.881308823005138
2015-03-27,41.119998931884766,41.43000030517578,40.83000183105469,40.970001220703125,34401400,0.879384097688233,0.8860137252420959,0.8731822775162992,0.8761762765469614
2015-03-30,41.099998474121094,41.540000915527344,40.90999984741211,40.959999084472656,35049700,0.8789563718866591,0.8883661763605747,0.8748930991422397,0.8759623728559969
2015-03-31,40.779998779296875,41.029998779296875,40.540000915527344,40.65999984741211,34887200,0.8721129222221868,0.877459372371328,0.8669803757640102,0.8695466489930985
2015-04-01,40.599998474121094,40.7599983215332,40.310001373291016,40.720001220703125,36865300,0.8682634715883768,0.8716851964206129,0.862061651416443,0.8708298263978203
2015-04-02,40.65999984741211,40.7400016784668,40.119998931884766,40.290000915527344,37487500,0.8695466489930985,0.8712575521993942,0.8579982970916685,0.8616339256148691
2015-04-06,40.34000015258789,41.779998779296875,40.18000030517578,41.54999923706055,39223700,0.8627031993286263,0.8934987228187514,0.8592814744963901,0.8885799984711842
2015-04-07,41.61000061035156,41.90999984741211,41.310001373291016,41.529998779296875,28809400,0.8898631758759058,0.8962788997388041,0.8834474520130075,0.8881522726696103
2015-04-08,41.459999084472656,41.689998626708984,41.040000915527344,41.41999816894531,24753400,0.8866552731542792,0.8915739975018464,0.8776732760622925,0.8857998215511314
2015-04-09,41.25,41.619998931884766,41.25,41.47999954223633,25723900,0.8821642746082858,0.8900769979865153,0.8821642746082858,0.8870829989558531
2015-04-10,41.630001068115234,41.95000076293945,41.40999984741211,41.720001220703125,28022000,0.8902909016774797,0.897134351341952,0.885585999440522,0.8922156269943847
2015-04-13,41.400001525878906,42.060001373291016,41.38999938964844,41.7599983215332,30276700,0.8853721773299125,0.8994868024604309,0.8851582736389481,0.8930709970171775
2015-04-14,41.79999923706055,42.029998779296875,41.38999938964844,41.650001525878906,24244400,0.8939264486203252,0.8988451729678925,0.8851582736389481,0.8907186274790536
2015-04-15,41.7599983215332,42.459999084472656,41.68000030517578,42.2599983215332,27343600,0.8930709970171775,0.9080410737508436,0.8913601753912369,0.9037638973154597
2015-04-16,41.95000076293945,42.34000015258789,41.81999969482422,42.15999984741211,22509700,0.897134351341952,0.9054748005217553,0.8943541744218991,0.9016253498879453
2015-04-17,41.66999816894531,41.7400016784668,41.15999984741211,41.619998931884766,42387600,0.8911462717002725,0.8926433527959586,0.8802395492913808,0.8900769979865153
2015-04-20,41.72999954223633,43.16999816894531,41.68000030517578,42.90999984741211,46057700,0.8924294491049941,0.9232249725951193,0.8913601753912369,0.9176647003353687
2015-04-21,43.0,43.150001525878906,42.529998779296875,42.63999938964844,26013800,0.9195894256522736,0.9227973283739004,0.9095380732661748,0.9118905243846537
2015-04-22,42.66999816894531,43.130001068115234,42.54999923706055,42.9900016784668,25064300,0.912532072296837,0.9223696025723265,0.9099657990677487,0.9193756035416643
2015-04-23,42.88999938964844,43.61000061035156,42.79999923706055,43.34000015258789,46309500,0.9172369745337948,0.9326347770690349,0.9153122492168898,0.9268606011183198
2015-04-24,45.65999984741211,48.13999938964844,45.650001525878906,47.869998931884766,130933700,0.9764756519759211,1.0295124276657583,0.9762618298653116,1.0237382517150435
2015-04-27,47.22999954223633,48.130001068115234,47.220001220703125,48.029998779296875,59248200,1.010051352386099,1.029298605555149,1.0098375302754896,1.0271599765472794
2015-04-28,47.779998779296875,49.209999084472656,47.70000076293945,49.15999984741211,60730800,1.0218135263981385,1.052395227777654,1.0201027047721978,1.0513259540638968
2015-04-29,48.720001220703125,49.310001373291016,48.5,49.060001373291016,47804600,1.0419162311703363,1.0545338567855236,1.0372113289333784,1.0491874066363824
2015-04-30,48.70000076293945,49.540000915527344,48.599998474121094,48.63999938964844,64725500,1.0414885053687624,1.0594525811330908,1.0393498763608928,1.0402053279640406
2015-05-01,48.58000183105469,48.880001068115234,48.400001525878906,48.65999984741211,38937300,1.038922232139674,1.0453379560025724,1.035072781505864,1.0406330537656145
2015-05-04,48.369998931884766,48.869998931884766,48.18000030517578,48.2400016784668,34039500,1.0344311520133256,1.0451240523116079,1.0303678792689062,1.0316510566736279
2015-05-05,47.81999969482422,48.15999984741211,47.310001373291016,47.599998474121094,50369200,1.022668978001286,1.0299401534673323,1.0117622555923946,1.0179640757643285
2015-05-06,47.56999969482422,47.77000045776367,46.02000045776367,46.279998779296875,52433000,1.0173225278521452,1.0215997042875289,0.9841745532435411,0.9897348255032916
2015-05-07,46.27000045776367,47.09000015258789,46.15999984741211,46.70000076293945,32971700,0.9895210033926822,1.0070573533554368,0.9871685522742033,0.9987169041756334
2015-05-08,47.54999923706055,47.97999954223633,47.52000045776367,47.75,35364900,1.0168948020505713,1.0260907028335222,1.016253254138388,1.021171978485955
2015-05-11,47.54999923706055,47.90999984741211,47.369998931884766,47.369998931884766,24609400,1.0168948020505713,1.024593703318191,1.0130453514167612,1.0130453514167612
2015-05-12,46.849998474121094,47.68000030517578,46.41999816894531,47.349998474121094,29928300,1.001924725316905,1.0196749789706239,0.9927288245339538,1.0126176256151873
2015-05-13,48.189998626708984,48.31999969482422,47.56999969482422,47.630001068115234,34184600,1.0305817013795155,1.0333618782995684,1.0173225278521452,1.0186057052568667
2015-05-14,48.029998779296875,48.81999969482422,48.029998779296875,48.720001220703125,32980900,1.0271599765472794,1.0440547785978507,1.0271599765472794,1.0419162311703363
2015-05-15,48.869998931884766,48.90999984741211,48.04999923706055,48.29999923706055,28642700,1.0451240523116079,1.0459795039147557,1.0275877023488533,1.0329341524979945
2015-05-18,47.97999954223633,48.220001220703125,47.61000061035156,48.0099983215332,24136500,1.0260907028335222,1.031223330872054,1.0181779794552928,1.0267322507457057
2015-05-19,47.560001373291016,47.810001373291016,47.18000030517578,47.58000183105469,28574800,1.0171087057415356,1.0224551558906767,1.0089820786723418,1.0175364315431095
2015-05-20,47.38999938964844,47.93000030517578,47.27000045776367,47.58000183105469,25047900,1.0134730772183351,1.025021429119765,1.0109068039892468,1.0175364315431095
2015-05-21,47.279998779296875,47.599998474121094,47.0099983215332,47.41999816894531,22410700,1.0111206260998562,1.0179640757643285,1.0053464501491411,1.0141146251305184
2015-05-22,47.29999923706055,47.349998474121094,46.81999969482422,46.900001525878906,25720600,1.01154835190143,1.0126176256151873,1.0012831774047217,1.0029940806110174
2015-05-26,46.83000183105469,46.880001068115234,46.189998626708984,46.59000015258789,29581900,1.0014970810956862,1.0025663548094434,0.9878101001863866,0.9963644530571545
2015-05-27,46.81999969482422,47.77000045776367,46.619998931884766,47.61000061035156,27335600,1.0012831774047217,1.0215997042875289,0.9970060009693378,1.0181779794552928
2015-05-28,47.5,48.02000045776367,47.38999938964844,47.45000076293945,19283700,1.015825528336814,1.02694615443667,1.0134730772183351,1.0147562546230569
2015-05-29,47.43000030517578,47.56999969482422,46.59000015258789,46.86000061035156,36519600,1.014328528821483,1.0173225278521452,0.9963644530571545,1.0021386290078695
2015-06-01,47.060001373291016,47.77000045776367,46.619998931884766,47.22999954223633,28837300,1.0064158054432535,1.0215997042875289,0.9970060009693378,1.010051352386099
2015-06-02,46.93000030517578,47.349998474121094,46.619998931884766,46.91999816894531,21498300,1.0036356285232007,1.0126176256151873,0.9970060009693378,1.0034217248322361
2015-06-03,47.369998931884766,47.7400016784668,46.81999969482422,46.849998474121094,28002200,1.0130453514167612,1.0209581563753456,1.0012831774047217,1.001924725316905
2015-06-04,46.790000915527344,47.15999984741211,46.20000076293945,46.36000061035156,27745500,1.0006416294925384,1.008554352870768,0.9880240038773511,0.9914457287095872
2015-06-05,46.310001373291016,46.52000045776367,45.84000015258789,46.13999938964844,25438100,0.99037645499583,0.9948674535418234,0.980325102609731,0.9867408264726294
2015-06-08,46.29999923706055,46.43000030517578,45.66999816894531,45.72999954223633,22121600,0.9901625513048655,0.9929427282249184,0.9766894740865305,0.9779726514912522
2015-06-09,45.7599983215332,45.939998626708984,45.459999084472656,45.650001525878906,24406100,0.9786141994034355,0.9824636500372456,0.9721984755405372,0.9762618298653116
2015-06-10,45.790000915527344,46.83000183105469,45.689998626708984,46.61000061035156,28417400,0.9792558288959738,1.0014970810956862,0.9771171998881044,0.9967921788587284
2015-06-11,46.65999984741211,46.91999816894531,46.130001068115234,46.439998626708984,27347800,0.9978614525724856,1.0034217248322361,0.98652700436202,0.9931565503355277
2015-06-12,46.220001220703125,46.470001220703125,45.900001525878906,45.970001220703125,23931000,0.988451729678925,0.9937981798280662,0.9816082800144528,0.9831052795297839
2015-06-15,45.45000076293945,45.650001525878906,45.02000045776367,45.47999954223633,33254500,0.9719846534299278,0.9762618298653116,0.9627887526469766,0.9726262013421111
2015-06-16,45.349998474121094,46.2400016784668,45.29999923706055,45.83000183105469,27070300,0.9698460244220583,0.9888794554804989,0.968776750708301,0.9801112804991217
2015-06-17,45.72999954223633,46.06999969482422,45.36000061035156,45.970001220703125,28704100,0.9779726514912522,0.9852438269572983,0.9700599281130228,0.9831052795297839
2015-06-18,46.220001220703125,46.79999923706055,46.16999816894531,46.720001220703125,32658300,0.988451729678925,1.0008554516031478,0.9873823743848127,0.9991446299772072
2015-06-19,46.790000915527344,46.83000183105469,45.9900016784668,46.099998474121094,63837000,1.0006416294925384,1.0014970810956862,0.9835330053313578,0.9858853748694816
2015-06-22,46.33000183105469,46.720001220703125,46.15999984741211,46.22999954223633,20318100,0.990804180797404,0.9991446299772072,0.9871685522742033,0.9886655517895344
2015-06-23,46.130001068115234,46.279998779296875,45.619998931884766,45.90999984741211,25896500,0.98652700436202,0.9897348255032916,0.9756202003727733,0.9818221021250622
2015-06-24,45.66999816894531,46.25,45.54999923706055,45.63999938964844,34890900,0.9766894740865305,0.9890932775911083,0.9741232008574422,0.9760479261743472
2015-06-25,46.029998779296875,46.060001373291016,45.5,45.650001525878906,20616000,0.9843883753541505,0.9850300048466889,0.973053927143685,0.9762618298653116
2015-06-26,45.650001525878906,46.279998779296875,45.029998779296875,45.2599983215332,49835300,0.9762618298653116,0.9897348255032916,0.963002574757586,0.9679212991051532
2015-06-29,45.040000915527344,45.22999954223633,44.36000061035156,44.369998931884766,34081700,0.9632164784485505,0.9672797511929699,0.9486741275164582,0.9488879496270677
2015-06-30,44.709999084472656,44.720001220703125,43.939998626708984,44.150001525878906,35945400,0.9561591250931137,0.9563730287840783,0.9396920488441165,0.9441831289704649
2015-07-01,44.459999084472656,45.22999954223633,44.099998474121094,44.45000076293945,28343900,0.9508126749439727,0.9672797511929699,0.9431137736763526,0.9505988528333632
2015-07-02,44.47999954223633,44.75,44.060001373291016,44.400001525878906,21752000,0.9512404007455465,0.9570145766962616,0.9422584036535598,0.949529579119606
2015-07-06,43.959999084472656,44.47999954223633,43.95000076293945,44.38999938964844,23034000,0.9401197746456904,0.9512404007455465,0.939905952535081,0.9493156754286416
2015-07-07,44.34000015258789,44.4900016784668,43.31999969482422,44.29999923706055,36435800,0.9482464017148843,0.951454304436511,0.9264328753167459,0.9473909501117366
2015-07-08,44.439998626708984,44.900001525878906,44.029998779296875,44.2400016784668,39785900,0.9503849491423988,0.9602224794178883,0.9416167741610215,0.9461078542873699
2015-07-09,44.75,45.220001220703125,44.5,44.52000045776367,32424700,0.9570145766962616,0.9670659290823606,0.9516681265471204,0.9520958523486943
2015-07-10,45.0099983215332,45.13999938964844,44.56999969482422,44.61000061035156,25465800,0.9625748489560121,0.9653550258760649,0.9531651260624515,0.9540205776655993
2015-07-13,44.97999954223633,45.619998931884766,44.95000076293945,45.540000915527344,28178300,0.9619333010438288,0.9756202003727733,0.9612917531316455,0.9739093787468327
2015-07-14,45.45000076293945,45.959999084472656,45.310001373291016,45.619998931884766,22880300,0.9719846534299278,0.9828913758388194,0.9689906543992655,0.9756202003727733
2015-07-15,45.68000030517578,45.88999938964844,45.43000030517578,45.7599983215332,26629600,0.9769033777774949,0.9813943763234882,0.9715569276283539,0.9786141994034355
2015-07-16,46.0099983215332,46.689998626708984,45.970001220703125,46.65999984741211,26271700,0.9839606495525767,0.9985030004846689,0.9831052795297839,0.9978614525724856
2015-07-17,46.54999923706055,46.779998779296875,46.2599983215332,46.619998931884766,29467100,0.9955090014540067,1.000427725801574,0.9893070997017177,0.9970060009693378
2015-07-20,46.650001525878906,47.130001068115234,46.439998626708984,46.91999816894531,30631900,0.9976476304618761,1.0079128049585846,0.9931565503355277,1.0034217248322361
2015-07-21,46.779998779296875,47.33000183105469,46.47999954223633,47.279998779296875,42781900,1.000427725801574,1.0121899813939683,0.9940120019386756,1.0111206260998562
2015-07-22,45.439998626708984,46.93000030517578,45.20000076293945,45.540000915527344,59152400,0.9717707497389633,1.0036356285232007,0.9666382032807866,0.9739093787468327
2015-07-23,45.27000045776367,46.22999954223633,45.099998474121094,46.11000061035156,33934000,0.9681352027961178,0.9886655517895344,0.9644995742729171,0.9860992785604461
2015-07-24,45.90999984741211,46.31999969482422,45.79999923706055,45.939998626708984,32333200,0.9818221021250622,0.9905902771064394,0.9794696510065833,0.9824636500372456
2015-07-27,45.939998626708984,46.0099983215332,45.25,45.349998474121094,39701400,0.9824636500372456,0.9839606495525767,0.9677074769945438,0.9698460244220583
2015-07-28,45.58000183105469,45.63999938964844,44.790000915527344,45.34000015258789,34328900,0.9747648303499805,0.9760479261743472,0.9578700282994094,0.9696322023114489
2015-07-29,45.400001525878906,46.779998779296875,45.2599983215332,46.290000915527344,40945900,0.9709153797161705,1.000427725801574,0.9679212991051532,0.9899487291942561
2015-07-30,46.2599983215332,47.400001525878906,45.93000030517578,46.880001068115234,39777900,0.9893070997017177,1.0136869809092994,0.9822498279266361,1.0025663548094434
2015-07-31,47.290000915527344,47.369998931884766,46.5,46.70000076293945,31201500,1.0113345297908207,1.0130453514167612,0.9944397277402495,0.9987169041756334
2015-08-03,46.97999954223633,47.0,46.45000076293945,46.810001373291016,24125900,1.0047049022369579,1.0051326280385318,0.9933704540264923,1.0010693552941123
2015-08-04,46.75,47.709999084472656,46.68000030517578,47.540000915527344,33403900,0.9997861778893906,1.0203165268828074,0.9982891783740595,1.0166809799399616
2015-08-05,47.97999954223633,48.40999984741211,47.540000915527344,47.58000183105469,26959700,1.0260907028335222,1.0352866036164734,1.0166809799399616,1.0175364315431095
2015-08-06,47.709999084472656,47.77000045776367,46.33000183105469,46.619998931884766,27368000,1.0203165268828074,1.0215997042875289,0.990804180797404,0.9970060009693378
2015-08-07,46.38999938964844,46.779998779296875,46.2599983215332,46.7400016784668,19163000,0.9920872766217705,1.000427725801574,0.9893070997017177,0.9995723557787811
2015-08-10,46.95000076293945,47.4900016784668,46.84000015258789,47.33000183105469,23079900,1.0040633543247746,1.0156117062262044,1.0017109032062956,1.0121899813939683
2015-08-11,46.81999969482422,46.939998626708984,45.900001525878906,46.40999984741211,29237400,1.0012831774047217,1.00384945063381,0.9816082800144528,0.9925150024233445
2015-08-12,46.189998626708984,46.900001525878906,45.709999084472656,46.7400016784668,30181400,0.9878101001863866,1.0029940806110174,0.9775449256896783,0.9995723557787811
2015-08-13,47.060001373291016,47.099998474121094,46.4900016784668,46.72999954223633,22627200,1.0064158054432535,1.0072711754660462,0.9942259056296401,0.9993584520878167
2015-08-14,46.529998779296875,47.099998474121094,46.52000045776367,47.0,21473400,0.9950812756524328,1.0072711754660462,0.9948674535418234,1.0051326280385318
2015-08-17,46.810001373291016,47.45000076293945,46.56999969482422,47.31999969482422,21099700,1.0010693552941123,1.0147562546230569,0.9959367272555806,1.011976077703004
2015-08-18,46.84000015258789,47.43000030517578,46.70000076293945,47.27000045776367,23574100,1.0017109032062956,1.014328528821483,0.9987169041756334,1.0109068039892468
2015-08-19,46.779998779296875,47.08000183105469,46.29999923706055,46.61000061035156,31485500,1.000427725801574,1.0068435312448274,0.9901625513048655,0.9967921788587284
2015-08-20,46.06999969482422,46.470001220703125,45.65999984741211,45.65999984741211,36238200,0.9852438269572983,0.9937981798280662,0.9764756519759211,0.9764756519759211
2015-08-21,45.29999923706055,45.47999954223633,43.06999969482422,43.06999969482422,70053100,0.968776750708301,0.9726262013421111,0.9210864251676047,0.9210864251676047
2015-08-24,40.45000076293945,42.689998626708984,39.720001220703125,41.68000030517578,88753700,0.8650556504471052,0.9129597980984109,0.8494440258012558,0.8913601753912369
2015-08-25,42.56999969482422,43.2400016784668,40.38999938964844,40.470001220703125,70616600,0.9103935248693226,0.9247220536908054,0.8637724730423835,0.8654833762486791
2015-08-26,42.0099983215332,42.84000015258789,41.060001373291016,42.709999084472656,63408000,0.8984174471663186,0.9161677008200376,0.8781010018638664,0.9133875238999848
2015-08-27,43.22999954223633,43.95000076293945,42.93000030517578,43.900001525878906,50943200,0.9245081499998409,0.939905952535081,0.9180924261369425,0.9388366788213238
2015-08-28,43.400001525878906,44.150001525878906,43.38999938964844,43.93000030517578,28246700,0.9281437785230415,0.9441831289704649,0.927929874832077,0.9394782267335071
2015-08-31,43.560001373291016,43.93000030517578,43.099998474121094,43.52000045776367,34441700,0.9315655033552777,0.9394782267335071,0.9217279730797882,0.9307100517521298
2015-09-01,42.16999816894531,42.59000015258789,41.65999984741211,41.81999969482422,49688900,0.9018391719985547,0.9108212506708965,0.890932449589663,0.8943541744218991
2015-09-02,42.36000061035156,43.380001068115234,41.880001068115234,43.36000061035156,37671500,0.9059025263233292,0.9277160527214676,0.8956373518266209,0.9272883269198937
2015-09-03,43.40999984741211,43.97999954223633,43.279998779296875,43.5,28285200,0.9283576006336509,0.9405475004472643,0.9255774237135981,0.9302823259505559
2015-09-04,42.810001373291016,43.040000915527344,42.20000076293945,42.61000061035156,37138800,0.9155261529078542,0.9204448772554215,0.9024808014910931,0.9112489764724704
2015-09-08,43.29999923706055,44.0,43.20000076293945,43.88999938964844,32469800,0.926005149515172,0.9409752262488382,0.9238666020876576,0.9386227751303593
2015-09-09,44.209999084472656,44.400001525878906,42.90999984741211,43.06999969482422,33469500,0.9454662247948316,0.949529579119606,0.9176647003353687,0.9210864251676047
2015-09-10,43.119998931884766,43.790000915527344,42.75,43.290000915527344,31366600,0.9221556988813621,0.9364842277028449,0.9142429755031326,0.9257913274045626
2015-09-11,43.13999938964844,43.59000015258789,42.939998626708984,43.47999954223633,27132500,0.9225834246829359,0.932207051267461,0.918306248247552,0.929854600148982
2015-09-14,43.43000030517578,43.439998626708984,42.86000061035156,43.040000915527344,23656000,0.9287853264352248,0.9289991485458342,0.9165954266216114,0.9204448772554215
2015-09-15,43.189998626708984,44.290000915527344,43.08000183105469,43.97999954223633,28882200,0.9236526983966932,0.9471771280011271,0.9213003288585693,0.9405475004472643
2015-09-16,43.970001220703125,44.380001068115234,43.84000015258789,44.29999923706055,23372200,0.9403336783366549,0.9491018533180321,0.9375535014166021,0.9473909501117366
2015-09-17,44.290000915527344,45.0,44.08000183105469,44.25,32768200,0.9471771280011271,0.9623610268454027,0.9426861294551337,0.9463216763979794
2015-09-18,43.5,43.9900016784668,43.33000183105469,43.47999954223633,63143700,0.9302823259505559,0.9407614041382287,0.9266467790077104,0.929854600148982
2015-09-21,43.619998931884766,44.470001220703125,43.599998474121094,44.11000061035156,26177200,0.9328485991796442,0.9510265786349371,0.9324208733780703,0.9433276773673172
2015-09-22,43.380001068115234,44.04999923706055,43.310001373291016,43.900001525878906,28085900,0.9277160527214676,0.9420444999625954,0.9262190532061365,0.9388366788213238
2015-09-23,43.93000030517578,44.16999816894531,43.5099983215332,43.869998931884766,17145200,0.9394782267335071,0.9446107731916837,0.9304961480611653,0.9381950493287854
2015-09-24,43.45000076293945,44.130001068115234,43.27000045776367,43.90999984741211,27905600,0.9292130522367987,0.943755403168891,0.9253636016029887,0.9390505009319332
2015-09-25,44.47999954223633,44.72999954223633,43.7599983215332,43.939998626708984,29384600,0.9512404007455465,0.9565868508946876,0.9358425982103065,0.9396920488441165
2015-09-28,43.83000183105469,44.09000015258789,43.209999084472656,43.290000915527344,27613800,0.9373396793059926,0.9428999515657432,0.924080424198267,0.9257913274045626
2015-09-29,43.369998931884766,43.56999969482422,43.04999923706055,43.439998626708984,32763600,0.9275021490305031,0.931779325465887,0.920658699366031,0.9289991485458342
2015-09-30,43.880001068115234,44.29999923706055,43.65999984741211,44.2599983215332,34958900,0.9384089530197499,0.9473909501117366,0.9337040507827921,0.9465354985085888
2015-10-01,44.75,44.75,43.75,44.61000061035156,28657900,0.9570145766962616,0.9570145766962616,0.9356287760996971,0.9540205776655993
2015-10-02,44.27000045776367,45.56999969482422,43.91999816894531,45.56999969482422,41839000,0.9467494021995532,0.9745509266590161,0.9392643230425426,0.9745509266590161
2015-10-05,45.75,46.88999938964844,45.70000076293945,46.630001068115234,34369300,0.978400377292826,1.0027801769200528,0.9773311035790688,0.9972199046603023
2015-10-06,46.33000183105469,47.18000030517578,46.220001220703125,46.75,27017200,0.990804180797404,1.0089820786723418,0.988451729678925,0.9997861778893906
2015-10-07,47.099998474121094,47.349998474121094,45.95000076293945,46.79999923706055,27711500,1.0072711754660462,1.0126176256151873,0.98267755372821,1.0008554516031478
2015-10-08,46.560001373291016,47.52000045776367,46.5,47.45000076293945,33772700,0.9957229051449712,1.016253254138388,0.9944397277402495,1.0147562546230569
2015-10-09,47.45000076293945,47.540000915527344,46.91999816894531,47.11000061035156,28600600,1.0147562546230569,1.0166809799399616,1.0034217248322361,1.0074850791570107
2015-10-12,46.97999954223633,47.06999969482422,46.5,47.0,19769100,1.0047049022369579,1.0066296275538629,0.9944397277402495,1.0051326280385318
2015-10-13,46.560001373291016,47.130001068115234,46.560001373291016,46.88999938964844,19987800,0.9957229051449712,1.0079128049585846,0.9957229051449712,1.0027801769200528
2015-10-14,46.650001525878906,47.099998474121094,46.529998779296875,46.68000030517578,24697800,0.9976476304618761,1.0072711754660462,0.9950812756524328,0.9982891783740595
2015-10-15,47.0099983215332,47.029998779296875,46.529998779296875,47.0099983215332,27189400,1.0053464501491411,1.005774175950715,0.9950812756524328,1.0053464501491411
2015-10-16,47.02000045776367,47.540000915527344,46.900001525878906,47.5099983215332,26450300,1.0055603538401057,1.0166809799399616,1.0029940806110174,1.0160393504474234
2015-10-19,47.41999816894531,47.880001068115234,47.02000045776367,47.619998931884766,29387600,1.0141146251305184,1.0239521554060078,1.0055603538401057,1.0183918015659024
2015-10-20,47.439998626708984,47.810001373291016,47.02000045776367,47.77000045776367,30802200,1.0145423509320923,1.0224551558906767,1.0055603538401057,1.0215997042875289
2015-10-21,47.91999816894531,47.9900016784668,47.11000061035156,47.20000076293945,25144300,1.0248075254288007,1.0263046065244867,1.0074850791570107,1.0094098044739157
2015-10-22,47.529998779296875,48.95000076293945,47.09000015258789,48.029998779296875,56637100,1.0164670762489973,1.0468349555179035,1.0070573533554368,1.0271599765472794
2015-10-23,52.29999923706055,54.06999969482422,52.25,52.869998931884766,135227100,1.1184773548842526,1.1563302317298143,1.1174080811704954,1.130667254697866
2015-10-26,52.529998779296875,54.31999969482422,52.5,54.25,64633300,1.1233960792318198,1.1616766818789555,1.1227545313196365,1.1601796823636243
2015-10-27,53.9900016784668,54.369998931884766,53.58000183105469,53.689998626708984,50999900,1.1546194101038738,1.1627459555927127,1.1458512351224965,1.1482036046606203
2015-10-28,53.540000915527344,53.97999954223633,52.86000061035156,53.97999954223633,47000800,1.1449957835193487,1.1544055064129093,1.1304534325872566,1.1544055064129093
2015-10-29,53.540000915527344,53.83000183105469,53.220001220703125,53.36000061035156,30202100,1.1449957835193487,1.1511976852716377,1.1381523338548765,1.1411463328855387
2015-10-30,53.31999969482422,53.9900016784668,52.619998931884766,52.63999938964844,46619800,1.1402908812823909,1.1546194101038738,1.1253208045487249,1.1257485303502988
2015-11-02,52.849998474121094,53.36000061035156,52.619998931884766,53.2400016784668,30285000,1.130239528896292,1.1411463328855387,1.1253208045487249,1.1385800596564504
2015-11-03,52.93000030517578,54.38999938964844,52.900001525878906,54.150001525878906,36596900,1.1319504321025877,1.1631736813942866,1.1313088841904042,1.15804113493611
2015-11-04,54.18000030517578,54.880001068115234,54.060001373291016,54.400001525878906,37087800,1.1586826828482932,1.1736527595819595,1.156116409619205,1.163387585085251
2015-11-05,54.4900016784668,54.70000076293945,54.0,54.380001068115234,31468500,1.165312310402156,1.1698033089481494,1.1548332322144832,1.1629598592836772
2015-11-06,54.09000015258789,54.97999954223633,53.959999084472656,54.91999816894531,32851200,1.1567579575313882,1.1757913070094739,1.1539777806113354,1.1745081296047521
2015-11-09,54.54999923706055,54.869998931884766,53.560001373291016,54.15999984741211,32513100,1.1665954062265227,1.173438855890995,1.1454235093209226,1.1582549570467193
2015-11-10,54.06999969482422,54.130001068115234,53.27000045776367,53.5099983215332,55283700,1.1563302317298143,1.157613409134536,1.1392216075686337,1.1443541540268105
2015-11-11,53.70000076293945,54.20000076293945,53.459999084472656,53.650001525878906,36516300,1.1484175083515848,1.1591104086498671,1.143284880313053,1.1473482346378276
2015-11-12,53.47999954223633,53.97999954223633,53.189998626708984,53.31999969482422,35361100,1.143712606114627,1.1544055064129093,1.1375107043623383,1.1402908812823909
2015-11-13,53.06999969482422,53.290000915527344,52.529998779296875,52.84000015258789,36848200,1.13494443113325,1.1396493333702076,1.1233960792318198,1.1300257067856827
2015-11-16,53.08000183105469,53.88999938964844,52.849998474121094,53.77000045776367,32165200,1.1351583348242142,1.1524807810960043,1.130239528896292,1.149914507866916
2015-11-17,53.16999816894531,53.529998779296875,52.849998474121094,52.970001220703125,31551300,1.1370829785607643,1.1447818798283842,1.130239528896292,1.1328058837057353
2015-11-18,53.0,53.97999954223633,52.97999954223633,53.849998474121094,29710000,1.1334474316179188,1.1544055064129093,1.133019705816345,1.1516253294928565
2015-11-19,53.9900016784668,54.65999984741211,53.779998779296875,53.939998626708984,28149200,1.1546194101038738,1.1689478573450016,1.1501283299775253,1.1535500548097615
2015-11-20,54.25,54.29999923706055,53.27000045776367,54.189998626708984,37147600,1.1601796823636243,1.1612489560773815,1.1392216075686337,1.1588965049589026
2015-11-23,54.25,54.459999084472656,53.75,54.189998626708984,28235900,1.1601796823636243,1.1646706809096177,1.149486782065342,1.1588965049589026
2015-11-24,53.91999816894531,54.439998626708984,53.58000183105469,54.25,24600000,1.1531223290081876,1.1642429551080438,1.1458512351224965,1.1601796823636243
2015-11-25,54.09000015258789,54.22999954223633,53.689998626708984,53.689998626708984,21005100,1.1567579575313882,1.1597519565620504,1.1482036046606203,1.1482036046606203
2015-11-27,53.79999923706055,54.08000183105469,53.790000915527344,53.93000030517578,9009100,1.1505560557790993,1.1565441354207788,1.1503422336684899,1.153336232699152
2015-11-30,54.540000915527344,54.959999084472656,54.0,54.349998474121094,56241400,1.1663815841159133,1.1753635812079,1.1548332322144832,1.1623182297911387
2015-12-01,54.40999984741211,55.22999954223633,54.29999923706055,55.220001220703125,39952800,1.1636014071958605,1.181137757158615,1.1612489560773815,1.1809239350480056
2015-12-02,55.31999969482422,55.959999084472656,55.060001373291016,55.209999084472656,47274900,1.18306248247552,1.1967493818044646,1.1775022102157695,1.1807100313570411
2015-12-03,55.4900016784668,55.77000045776367,53.93000030517578,54.20000076293945,38627800,1.1866981109987205,1.192686109060045,1.153336232699152,1.1591104086498671
2015-12-04,54.119998931884766,56.22999954223633,54.099998474121094,55.90999984741211,43963700,1.1573995054435715,1.2025235577551794,1.1569717796419976,1.1956801080907073
2015-12-07,55.790000915527344,55.970001220703125,55.290000915527344,55.810001373291016,30709800,1.1931138348616188,1.1969632854954289,1.1824209345633367,1.1935415606631927
2015-12-08,55.470001220703125,56.099998474121094,54.9900016784668,55.790000915527344,32878000,1.1862703851971468,1.1997433808351268,1.1760052107004384,1.1931138348616188
2015-12-09,55.369998931884766,55.869998931884766,54.5099983215332,54.97999954223633,36373200,1.1841317561892772,1.1948246564875595,1.1657399546233749,1.1757913070094739
2015-12-10,55.38999938964844,55.65999984741211,55.0099983215332,55.27000045776367,31775800,1.1845594819908511,1.1903336579415662,1.1764328549216572,1.1819932087617628
2015-12-11,54.709999084472656,55.099998474121094,54.0099983215332,54.060001373291016,39549500,1.1700171310587588,1.1783575802385622,1.1550470543250926,1.156116409619205
2015-12-14,54.33000183105469,55.209999084472656,53.68000030517578,55.13999938964844,46768900,1.16189058556992,1.1807100313570411,1.147989782550011,1.17921303184171
2015-12-15,55.65999984741211,55.900001525878906,55.09000015258789,55.20000076293945,39843000,1.1903336579415662,1.1954662859800977,1.1781437581279528,1.1804962092464317
2015-12-16,55.540000915527344,56.25,54.7599983215332,56.130001068115234,37503300,1.187767384712478,1.2029512835567533,1.171086404772516,1.200385010327665
2015-12-17,56.36000061035156,56.790000915527344,55.529998779296875,55.70000076293945,41280900,1.2053037346752322,1.2144996354581834,1.1875534810215134,1.1911891095447138
2015-12-18,55.77000045776367,56.0,54.029998779296875,54.130001068115234,84684200,1.192686109060045,1.1976048334076121,1.1554747801266665,1.157613409134536
2015-12-21,54.880001068115234,55.349998474121094,54.22999954223633,54.83000183105469,37246300,1.1736527595819595,1.1837040303877033,1.1597519565620504,1.1725834858682023
2015-12-22,54.9900016784668,55.47999954223633,54.5,55.349998474121094,28322200,1.1760052107004384,1.1864842073077562,1.1655261325127655,1.1837040303877033
2015-12-23,55.70000076293945,55.880001068115234,55.439998626708984,55.81999969482422,27279800,1.1911891095447138,1.1950385601785238,1.1856287557046084,1.1937553827738023
2015-12-24,55.86000061035156,55.959999084472656,55.43000030517578,55.66999816894531,9558500,1.19461083437695,1.1967493818044646,1.185414933593999,1.1905474800521756
2015-12-28,55.349998474121094,55.95000076293945,54.97999954223633,55.95000076293945,22458300,1.1837040303877033,1.196535559693855,1.1757913070094739,1.196535559693855
2015-12-29,56.290000915527344,56.849998474121094,56.060001373291016,56.54999923706055,27731400,1.203806735159901,1.21578273128255,1.1988880108123339,1.2093670074196516
2015-12-30,56.470001220703125,56.779998779296875,56.290000915527344,56.310001373291016,21704500,1.2076561857937111,1.2142857317672189,1.203806735159901,1.204234460961475
2015-12-31,56.040000915527344,56.189998626708984,55.41999816894531,55.47999954223633,27334100,1.19846028501076,1.2016681061520318,1.1852010299030344,1.1864842073077562
2016-01-04,54.31999969482422,54.79999923706055,53.38999938964844,54.79999923706055,53778000,1.1616766818789555,1.1719418563756638,1.141787880797722,1.1719418563756638
2016-01-05,54.93000030517578,55.38999938964844,54.540000915527344,55.04999923706055,34079700,1.1747220332957167,1.1845594819908511,1.1663815841159133,1.177288306524805
2016-01-06,54.31999969482422,54.400001525878906,53.63999938964844,54.04999923706055,39518900,1.1616766818789555,1.163387585085251,1.1471343309468631,1.1559025059282404
2016-01-07,52.70000076293945,53.4900016784668,52.06999969482422,52.16999816894531,56564900,1.1270317077550205,1.1439265098055915,1.1135586305366854,1.1156971779641998
2016-01-08,52.369998931884766,53.279998779296875,52.150001525878906,52.33000183105469,48754000,1.1199743543995837,1.1394354296792433,1.115269533742981,1.119118984376791
2016-01-11,52.5099983215332,52.849998474121094,51.459999084472656,52.29999923706055,36943800,1.122968353430246,1.130239528896292,1.1005132791199241,1.1184773548842526
2016-01-12,52.7599983215332,53.099998474121094,52.060001373291016,52.779998779296875,36095500,1.128314803579387,1.1355859790454332,1.113344808426076,1.128742529380961
2016-01-13,53.79999923706055,54.06999969482422,51.29999923706055,51.63999938964844,66883600,1.1505560557790993,1.1563302317298143,1.097091554287688,1.1043627297537342
2016-01-14,52.0,53.41999816894531,51.56999969482422,53.11000061035156,52381900,1.1120616310213542,1.1424294287099055,1.102865730238403,1.1357998827363975
2016-01-15,51.310001373291016,51.970001220703125,50.34000015258789,50.9900016784668,71820700,1.0973054579786525,1.111420083109171,1.0765612052942715,1.0904620083141803
2016-01-19,51.47999954223633,51.68000030517578,50.060001373291016,50.560001373291016,43564500,1.100941004921498,1.105218181356882,1.070573207232947,1.081266107531229
2016-01-20,49.97999954223633,51.380001068115234,49.099998474121094,50.790000915527344,63273000,1.0688623040266514,1.0988024574939836,1.0500427766591751,1.0861848318787963
2016-01-21,51.0,51.58000183105469,50.29999923706055,50.47999954223633,40191200,1.0906758304247897,1.1030796339293676,1.0757057536911236,1.0795552043249337
2016-01-22,51.40999984741211,52.33000183105469,51.2599983215332,52.290000915527344,37555800,1.099444005406167,1.119118984376791,1.0962361026845402,1.1182635327736432
2016-01-25,51.939998626708984,52.650001525878906,51.650001525878906,51.790000915527344,34707700,1.1107784536166325,1.1259624340412633,1.1045766334446987,1.107570632475361
2016-01-26,51.790000915527344,52.439998626708984,51.54999923706055,52.16999816894531,28900800,1.107570632475361,1.1214713539149148,1.1024380044368292,1.1156971779641998
2016-01-27,52.0099983215332,52.20000076293945,51.02000045776367,51.220001220703125,36775200,1.1122754531319636,1.1163388074567382,1.0911035562263636,1.0953807326617475
2016-01-28,51.86000061035156,52.209999084472656,51.25,52.060001373291016,62513800,1.109067631990692,1.1165526295673476,1.0960222805739308,1.113344808426076
2016-01-29,54.72999954223633,55.09000015258789,54.0,55.09000015258789,83611700,1.1704448568603327,1.1781437581279528,1.1548332322144832,1.1781437581279528
2016-02-01,54.880001068115234,55.09000015258789,54.5,54.709999084472656,44208500,1.1736527595819595,1.1781437581279528,1.1655261325127655,1.1700171310587588
2016-02-02,54.16999816894531,54.2599983215332,52.650001525878906,53.0,56313800,1.1584687791573287,1.1603935044742337,1.1259624340412633,1.1334474316179188
2016-02-03,53.25,53.38999938964844,51.2599983215332,52.15999984741211,57559800,1.1387938817670598,1.141787880797722,1.0962361026845402,1.1154833558535904
2016-02-04,52.099998474121094,52.810001373291016,51.369998931884766,52.0,46987100,1.1142001784488686,1.1293841588734992,1.0985885538030191,1.1120616310213542
2016-02-05,51.939998626708984,52.0,49.560001373291016,50.15999984741211,62009000,1.1107784536166325,1.1120616310213542,1.0598803069346647,1.0727117546604614
2016-02-08,49.54999923706055,49.56999969482422,48.189998626708984,49.40999984741211,59290500,1.0596664032437002,1.0600941290452741,1.0305817013795155,1.056672404213038
2016-02-09,49.02000045776367,50.2400016784668,48.66999816894531,49.279998779296875,46740500,1.0483319550332346,1.0744226578667568,1.040846875876224,1.0538922272929852
2016-02-10,49.88999938964844,50.38999938964844,49.52000045776367,49.709999084472656,38237000,1.0669375787097464,1.0776304790080287,1.059024855331517,1.0630881280759363
2016-02-11,48.68000030517578,50.11000061035156,48.5099983215332,49.689998626708984,48878600,1.0410607795671885,1.0716424809467042,1.0374251510439878,1.0626604022743624
2016-02-12,50.25,50.68000030517578,49.75,50.5,34243300,1.0746364799773664,1.0838323807603174,1.0639435796790842,1.0799829301265074
2016-02-16,50.900001525878906,51.09000015258789,50.130001068115234,51.09000015258789,37291200,1.0885372829972753,1.0926005557416947,1.0720702067482781,1.0926005557416947
2016-02-17,51.4900016784668,52.77000045776367,51.45000076293945,52.41999816894531,40789000,1.1011549086124626,1.1285287072703516,1.1002994570093148,1.121043628113341
2016-02-18,52.33000183105469,52.95000076293945,52.099998474121094,52.189998626708984,27176000,1.119118984376791,1.1323781579041616,1.1142001784488686,1.1161249037657737
2016-02-19,51.970001220703125,52.279998779296875,51.529998779296875,51.81999969482422,33559100,1.111420083109171,1.1180496290826787,1.1020102786352552,1.1082121803875442
2016-02-22,52.279998779296875,53.0,52.279998779296875,52.650001525878906,25008300,1.1180496290826787,1.1334474316179188,1.1180496290826787,1.1259624340412633
2016-02-23,52.34000015258789,52.369998931884766,50.97999954223633,51.18000030517578,28895300,1.1193328064874004,1.1199743543995837,1.0902481046232158,1.0945252810585997
2016-02-24,50.689998626708984,51.5,50.20000076293945,51.36000061035156,33014500,1.084046202870927,1.101368730723072,1.0735672062636092,1.0983747316924097
2016-02-25,51.72999954223633,52.099998474121094,50.61000061035156,52.099998474121094,26939500,1.1062874550706392,1.1142001784488686,1.0823353812449863,1.1142001784488686
2016-02-26,52.599998474121094,52.68000030517578,51.099998474121094,51.29999923706055,35975900,1.124893078747151,1.1266039819534466,1.092814377852304,1.097091554287688
2016-02-29,51.349998474121094,51.650001525878906,50.65999984741211,50.880001068115234,31654000,1.0981608280014452,1.1045766334446987,1.0834046549587435,1.0881095571957013
2016-03-01,50.970001220703125,52.59000015258789,50.91999816894531,52.58000183105469,33024500,1.0900342825126064,1.1246792566365416,1.088964927218494,1.1244654345259322
2016-03-02,52.40999984741211,52.959999084472656,52.15999984741211,52.95000076293945,29289900,1.1208298060027315,1.132591980014771,1.1154833558535904,1.1323781579041616
2016-03-03,52.970001220703125,52.970001220703125,51.779998779296875,52.349998474121094,24427800,1.1328058837057353,1.1328058837057353,1.1073567287843964,1.1195466285980098
2016-03-04,52.400001525878906,52.45000076293945,51.709999084472656,52.029998779296875,33034200,1.1206159838921221,1.1216852576058793,1.1058597292690653,1.1127031789335375
2016-03-07,51.560001373291016,51.79999923706055,50.58000183105469,51.029998779296875,38407800,1.1026519081277937,1.1077844545859703,1.081693833332803,1.091317378336973
2016-03-08,50.79999923706055,52.130001068115234,50.599998474121094,51.650001525878906,33835100,1.0863986539894057,1.114841807941407,1.082121477554022,1.1045766334446987
2016-03-09,51.88999938964844,52.849998474121094,51.86000061035156,52.84000015258789,28251600,1.1097091799028753,1.130239528896292,1.109067631990692,1.1300257067856827
2016-03-10,52.93000030517578,52.939998626708984,51.15999984741211,52.04999923706055,38387800,1.1319504321025877,1.132164254213197,1.0940975552570258,1.1131309047351114
2016-03-11,53.0,53.06999969482422,52.380001068115234,53.06999969482422,32275700,1.1334474316179188,1.13494443113325,1.1201882580905482,1.13494443113325
2016-03-14,52.709999084472656,53.59000015258789,52.630001068115234,53.16999816894531,24083600,1.1272455298656299,1.146065057233106,1.1255347082396894,1.1370829785607643
2016-03-15,52.75,53.59000015258789,52.7400016784668,53.59000015258789,21104800,1.1281009814687777,1.146065057233106,1.127887159358168,1.146065057233106
2016-03-16,53.45000076293945,54.599998474121094,53.400001525878906,54.349998474121094,31691700,1.1430710582024437,1.16766467994028,1.1420017844886865,1.1623182297911387
2016-03-17,54.209999084472656,55.0,54.0,54.65999984741211,28223900,1.1593242307604765,1.1762190328110478,1.1548332322144832,1.1689478573450016
2016-03-18,54.91999816894531,54.970001220703125,53.45000076293945,53.4900016784668,67625500,1.1745081296047521,1.1755774848988645,1.1430710582024437,1.1439265098055915
2016-03-21,53.25,53.93000030517578,52.93000030517578,53.86000061035156,23925700,1.1387938817670598,1.153336232699152,1.1319504321025877,1.151839233183821
2016-03-22,53.61000061035156,54.25,53.459999084472656,54.06999969482422,23124100,1.1464927830346798,1.1601796823636243,1.143284880313053,1.1563302317298143
2016-03-23,54.11000061035156,54.2400016784668,53.7400016784668,53.970001220703125,20129000,1.1571856833329621,1.159965860253015,1.1492729599547327,1.1541916843023
2016-03-24,53.84000015258789,54.33000183105469,53.72999954223633,54.209999084472656,19950000,1.151411507382247,1.16189058556992,1.1490590562637681,1.1593242307604765
2016-03-28,54.209999084472656,54.290000915527344,53.33000183105469,53.540000915527344,17025100,1.1593242307604765,1.1610351339667722,1.1405047849733554,1.1449957835193487
2016-03-29,53.65999984741211,54.86000061035156,53.45000076293945,54.709999084472656,23924300,1.147562056748437,1.1732250337803856,1.1430710582024437,1.1700171310587588
2016-03-30,54.93000030517578,55.63999938964844,54.900001525878906,55.04999923706055,23008300,1.1747220332957167,1.1899059321399923,1.1740804853835334,1.177288306524805
2016-03-31,54.95000076293945,55.59000015258789,54.86000061035156,55.22999954223633,26360500,1.1751497590972906,1.188836658426235,1.1732250337803856,1.181137757158615
2016-04-01,55.04999923706055,55.61000061035156,54.56999969482422,55.56999969482422,24399200,1.177288306524805,1.189264384227809,1.1670231320280966,1.1884089326246612
2016-04-04,55.43000030517578,55.65999984741211,55.0,55.43000030517578,18928800,1.185414933593999,1.1903336579415662,1.1762190328110478,1.185414933593999
2016-04-05,55.189998626708984,55.29999923706055,54.459999084472656,54.560001373291016,19272300,1.1802823055554672,1.1826347566739461,1.1646706809096177,1.1668093099174872
2016-04-06,54.36000061035156,55.20000076293945,54.209999084472656,55.119998931884766,21188700,1.1625321334821033,1.1804962092464317,1.1593242307604765,1.178785306040136
2016-04-07,54.869998931884766,54.90999984741211,54.22999954223633,54.459999084472656,19225100,1.173438855890995,1.1742943074941428,1.1597519565620504,1.1646706809096177
2016-04-08,54.66999816894531,55.279998779296875,54.31999969482422,54.41999816894531,22167200,1.169161679455611,1.1822070308723722,1.1616766818789555,1.1638152293064699
2016-04-11,54.4900016784668,55.150001525878906,54.29999923706055,54.310001373291016,21414200,1.165312310402156,1.1794269355326745,1.1612489560773815,1.161462859768346
2016-04-12,54.369998931884766,54.779998779296875,53.7599983215332,54.650001525878906,24944300,1.1627459555927127,1.17151413057409,1.1497006041759514,1.1687340352343922
2016-04-13,55.119998931884766,55.439998626708984,54.88999938964844,55.349998474121094,20818000,1.178785306040136,1.1856287557046084,1.1738665816925689,1.1837040303877033
2016-04-14,55.220001220703125,55.58000183105469,55.06999969482422,55.36000061035156,20877100,1.1809239350480056,1.1886228363156255,1.177716032326379,1.1839179340786679
2016-04-15,55.29999923706055,55.91999816894531,55.11000061035156,55.650001525878906,28793800,1.1826347566739461,1.1958939302013167,1.1785714839295267,1.1901198358309566
2016-04-18,55.4900016784668,56.59000015258789,55.209999084472656,56.459999084472656,23786000,1.1866981109987205,1.2102224590227995,1.1807100313570411,1.2074422821027466
2016-04-19,56.630001068115234,56.77000045776367,55.68000030517578,56.38999938964844,29596800,1.2110779106259473,1.2140719096566095,1.1907613837431401,1.2059452825874155
2016-04-20,56.290000915527344,56.5,55.4900016784668,55.59000015258789,36195700,1.203806735159901,1.2082977337058944,1.1866981109987205,1.188836658426235
2016-04-21,55.79999923706055,56.22999954223633,55.41999816894531,55.779998779296875,38909100,1.1933276569722284,1.2025235577551794,1.1852010299030344,1.1928999311706545
2016-04-22,51.90999984741211,52.43000030517578,50.77000045776367,51.779998779296875,126834100,1.1101369057044492,1.1212575318043054,1.0857571060772224,1.1073567287843964
2016-04-25,51.779998779296875,52.130001068115234,51.630001068115234,52.11000061035156,33226900,1.1073567287843964,1.114841807941407,1.1041489076431248,1.1144140821398332
2016-04-26,52.2599983215332,52.349998474121094,51.09000015258789,51.439998626708984,33532600,1.1176219032811048,1.1195466285980098,1.0926005557416947,1.1000855533183502
2016-04-27,51.47999954223633,51.5,50.54999923706055,50.939998626708984,43369300,1.100941004921498,1.101368730723072,1.0810522038402648,1.089392653020068
2016-04-28,50.619998931884766,50.77000045776367,49.560001373291016,49.900001525878906,43134800,1.082549203355596,1.0857571060772224,1.0598803069346647,1.067151482400711
2016-04-29,49.349998474121094,50.25,49.349998474121094,49.869998931884766,48411700,1.0553892268083163,1.0746364799773664,1.0553892268083163,1.0665098529081725
2016-05-02,50.0,50.75,49.779998779296875,50.61000061035156,33114500,1.0692900298282253,1.0853293802756485,1.0645851275912674,1.0823353812449863
2016-05-03,50.34000015258789,50.40999984741211,49.599998474121094,49.779998779296875,26460200,1.0765612052942715,1.0780582048096026,1.0607356769574574,1.0645851275912674
2016-05-04,49.84000015258789,50.060001373291016,49.459999084472656,49.869998931884766,24257600,1.0658683049959892,1.070573207232947,1.0577416779267952,1.0665098529081725
2016-05-05,49.869998931884766,50.29999923706055,49.72999954223633,49.939998626708984,25390700,1.0665098529081725,1.0757057536911236,1.0635158538775102,1.0680068524235036
2016-05-06,49.91999816894531,50.38999938964844,49.65999984741211,50.38999938964844,24787300,1.0675791266219297,1.0776304790080287,1.0620188543621791,1.0776304790080287
2016-05-09,50.4900016784668,50.59000015258789,50.0,50.06999969482422,17951600,1.079769108015898,1.0819076554434124,1.0692900298282253,1.0707870293435564
2016-05-10,50.33000183105469,51.099998474121094,50.189998626708984,51.02000045776367,22891000,1.0763473831836619,1.092814377852304,1.0733533025726447,1.0911035562263636
2016-05-11,51.130001068115234,51.779998779296875,51.0,51.04999923706055,24039100,1.0934560073448425,1.1073567287843964,1.0906758304247897,1.0917451041385469
2016-05-12,51.20000076293945,51.810001373291016,50.91999816894531,51.5099983215332,24102800,1.0949530068601736,1.1079983582769348,1.088964927218494,1.1015825528336813
2016-05-13,51.439998626708984,51.900001525878906,51.040000915527344,51.08000183105469,22592300,1.1000855533183502,1.1099230835938398,1.0915312820279375,1.0923867336310853
2016-05-16,50.79999923706055,51.959999084472656,50.75,51.83000183105469,20032000,1.0863986539894057,1.1112061794182064,1.0853293802756485,1.1084260840785087
2016-05-17,51.720001220703125,51.72999954223633,50.36000061035156,50.5099983215332,27803500,1.1060736329600298,1.1062874550706392,1.0769889310958451,1.080196752237117
2016-05-18,50.47999954223633,51.13999938964844,50.29999923706055,50.810001373291016,24907500,1.0795552043249337,1.0936698294554519,1.0757057536911236,1.0866125576803702
2016-05-19,50.470001220703125,50.619998931884766,49.81999969482422,50.31999969482422,23842400,1.079341382214324,1.082549203355596,1.0654405791944153,1.0761334794926976
2016-05-20,50.47999954223633,51.220001220703125,50.400001525878906,50.619998931884766,23905800,1.0795552043249337,1.0953807326617475,1.077844382698993,1.082549203355596
2016-05-23,50.599998474121094,50.68000030517578,49.97999954223633,50.029998779296875,26118700,1.082121477554022,1.0838323807603174,1.0688623040266514,1.0699315777404086
2016-05-24,50.70000076293945,51.709999084472656,50.400001525878906,51.59000015258789,34757900,1.0842601065618913,1.1058597292690653,1.077844382698993,1.103293456039977
2016-05-25,51.91999816894531,52.4900016784668,51.790000915527344,52.119998931884766,24040200,1.1103507278150586,1.1225407092090272,1.107570632475361,1.1146279042504426
2016-05-26,51.93000030517578,51.97999954223633,51.36000061035156,51.88999938964844,24335200,1.1105646315060231,1.1116339052197803,1.0983747316924097,1.1097091799028753
2016-05-27,51.91999816894531,52.31999969482422,51.77000045776367,52.31999969482422,17721400,1.1103507278150586,1.1189050806858265,1.107142906673787,1.1189050806858265
2016-05-31,52.2599983215332,53.0,52.08000183105469,53.0,37653100,1.1176219032811048,1.1334474316179188,1.1137725342276499,1.1334474316179188
2016-06-01,52.439998626708984,52.95000076293945,52.439998626708984,52.849998474121094,25324800,1.1214713539149148,1.1323781579041616,1.1214713539149148,1.130239528896292
2016-06-02,52.63999938964844,52.7400016784668,51.84000015258789,52.47999954223633,22840800,1.1257485303502988,1.127887159358168,1.1086399061891181,1.1223268055180626
2016-06-03,52.380001068115234,52.41999816894531,51.599998474121094,51.790000915527344,23368300,1.1201882580905482,1.121043628113341,1.1035072781505864,1.107570632475361
2016-06-06,51.9900016784668,52.349998474121094,51.88999938964844,52.130001068115234,18243300,1.1118478089107449,1.1195466285980098,1.1097091799028753,1.114841807941407
2016-06-07,52.2400016784668,52.72999954223633,52.099998474121094,52.099998474121094,20866800,1.117194259059886,1.1276732556672038,1.1142001784488686,1.1142001784488686
2016-06-08,52.02000045776367,52.439998626708984,51.869998931884766,52.040000915527344,21149400,1.1124893568229282,1.1214713539149148,1.1092814541013014,1.112917082624502
2016-06-09,52.0,52.0,51.4900016784668,51.619998931884766,20305700,1.1120616310213542,1.1120616310213542,1.1011549086124626,1.1039350039521603
2016-06-10,51.04999923706055,52.04999923706055,51.040000915527344,51.47999954223633,25833200,1.0917451041385469,1.1131309047351114,1.0915312820279375,1.100941004921498
2016-06-13,49.58000183105469,50.720001220703125,49.060001373291016,50.13999938964844,83217800,1.0603080327362386,1.0846878323634652,1.0491874066363824,1.0722840288588875
2016-06-14,49.900001525878906,50.099998474121094,49.56999969482422,49.83000183105469,42577100,1.067151482400711,1.0714285772557397,1.0600941290452741,1.0656544828853798
2016-06-15,49.779998779296875,50.119998931884766,49.689998626708984,49.689998626708984,33757600,1.0645851275912674,1.0718563030573136,1.0626604022743624,1.0626604022743624
2016-06-16,49.52000045776367,50.470001220703125,49.5099983215332,50.38999938964844,31188600,1.059024855331517,1.079341382214324,1.0588109516405524,1.0776304790080287
2016-06-17,50.40999984741211,50.43000030517578,49.81999969482422,50.130001068115234,45710500,1.0780582048096026,1.0784859306111763,1.0654405791944153,1.0720702067482781
2016-06-20,50.63999938964844,50.83000183105469,50.029998779296875,50.06999969482422,35607900,1.0829769291571696,1.0870402834819441,1.0699315777404086,1.0707870293435564
2016-06-21,50.20000076293945,51.43000030517578,50.15999984741211,51.189998626708984,34097800,1.0735672062636092,1.0998717312077408,1.0727117546604614,1.094739103169209
2016-06-22,51.08000183105469,51.459999084472656,50.95000076293945,50.9900016784668,28816800,1.0923867336310853,1.1005132791199241,1.0896065567110325,1.0904620083141803
2016-06-23,51.279998779296875,52.060001373291016,51.150001525878906,51.90999984741211,29028800,1.096663828486114,1.113344808426076,1.0938837331464164,1.1101369057044492
2016-06-24,49.810001373291016,50.939998626708984,49.52000045776367,49.83000183105469,133503000,1.0652267570838059,1.089392653020068,1.059024855331517,1.0656544828853798
2016-06-27,49.099998474121094,49.150001525878906,48.040000915527344,48.43000030517578,50216300,1.0500427766591751,1.0511121319532875,1.027373880238244,1.0357143294180473
2016-06-28,48.91999816894531,49.470001220703125,48.66999816894531,49.439998626708984,38140700,1.046193326025365,1.0579555816177597,1.040846875876224,1.0573139521252213
2016-06-29,49.90999984741211,50.720001220703125,49.79999923706055,50.540000915527344,31304000,1.0673653045113203,1.0846878323634652,1.0650128533928414,1.0808383817296552
2016-06-30,50.720001220703125,51.29999923706055,50.5,51.16999816894531,28527800,1.0846878323634652,1.097091554287688,1.0799829301265074,1.0943113773676352
2016-07-01,51.130001068115234,51.720001220703125,51.06999969482422,51.15999984741211,21400400,1.0934560073448425,1.1060736329600298,1.0921728299401208,1.0940975552570258
2016-07-05,50.83000183105469,51.279998779296875,50.7400016784668,51.16999816894531,24806400,1.0870402834819441,1.096663828486114,1.0851155581650391,1.0943113773676352
2016-07-06,50.779998779296875,51.540000915527344,50.38999938964844,51.380001068115234,28167500,1.0859709281878318,1.1022241823262198,1.0776304790080287,1.0988024574939836
2016-07-07,51.41999816894531,51.61000061035156,51.06999969482422,51.380001068115234,19585200,1.0996578275167763,1.1037211818415509,1.0921728299401208,1.0988024574939836
2016-07-08,51.72999954223633,52.36000061035156,51.54999923706055,52.29999923706055,28391000,1.1062874550706392,1.1197605322889743,1.1024380044368292,1.1184773548842526
2016-07-11,52.5,52.83000183105469,52.470001220703125,52.59000015258789,22269200,1.1227545313196365,1.129811884675073,1.1221129834074532,1.1246792566365416
2016-07-12,52.939998626708984,53.400001525878906,52.790000915527344,53.209999084472656,27317600,1.132164254213197,1.1420017844886865,1.1289564330719255,1.1379384301639122
2016-07-13,53.560001373291016,53.86000061035156,53.18000030517578,53.5099983215332,25356800,1.1454235093209226,1.151839233183821,1.1372968822517286,1.1443541540268105
2016-07-14,53.84000015258789,53.9900016784668,53.58000183105469,53.7400016784668,24545500,1.151411507382247,1.1546194101038738,1.1458512351224965,1.1492729599547327
2016-07-15,53.95000076293945,54.0,53.209999084472656,53.70000076293945,32024400,1.153763958500726,1.1548332322144832,1.1379384301639122,1.1484175083515848
2016-07-18,53.70000076293945,54.34000015258789,53.54999923706055,53.959999084472656,31433900,1.1484175083515848,1.1621044076805294,1.145209605629958,1.1539777806113354
2016-07-19,53.709999084472656,53.900001525878906,52.93000030517578,53.09000015258789,53336500,1.1486313304621942,1.1526946847869688,1.1319504321025877,1.1353721569348239
2016-07-20,56.150001525878906,56.84000015258789,55.529998779296875,55.90999984741211,89893300,1.200812736129239,1.2155689091719406,1.1875534810215134,1.1956801080907073
2016-07-21,55.97999954223633,56.22999954223633,55.7599983215332,55.79999923706055,32776700,1.1971771076060385,1.2025235577551794,1.1924722053690806,1.1933276569722284
2016-07-22,56.08000183105469,56.630001068115234,55.779998779296875,56.56999969482422,32157200,1.1993157366139078,1.2110779106259473,1.1928999311706545,1.2097947332212255
2016-07-25,56.470001220703125,56.7400016784668,56.2599983215332,56.72999954223633,25610600,1.2076561857937111,1.2134303617444262,1.203165105667363,1.2132164580534617
2016-07-26,56.52000045776367,57.290000915527344,56.5099983215332,56.7599983215332,28079000,1.2087254595074683,1.2251925357564657,1.2085115558165038,1.213858005965645
2016-07-27,56.61000061035156,56.79999923706055,56.11000061035156,56.189998626708984,32327500,1.2106501848243734,1.2147134575687928,1.199957284526091,1.2016681061520318
2016-07-28,56.0,56.369998931884766,55.720001220703125,56.209999084472656,37550400,1.1976048334076121,1.2055175567858416,1.1916168353462877,1.2020958319536055
2016-07-29,56.2599983215332,56.7599983215332,56.04999923706055,56.68000030517578,30558700,1.203165105667363,1.213858005965645,1.1986741071213696,1.2121471843397045
2016-08-01,56.599998474121094,56.75,56.13999938964844,56.58000183105469,26003400,1.2104362811334088,1.2136441838550356,1.2005988324382744,1.21000863691219
2016-08-02,56.849998474121094,56.900001525878906,56.310001373291016,56.58000183105469,35122000,1.21578273128255,1.2168520865766623,1.204234460961475,1.21000863691219
2016-08-03,56.68000030517578,57.11000061035156,56.4900016784668,56.970001220703125,22075600,1.2121471843397045,1.2213430851226557,1.208083911595285,1.2183490860919934
2016-08-04,56.79999923706055,57.52000045776367,56.66999816894531,57.38999938964844,26587700,1.2147134575687928,1.230111260104033,1.21193328064874,1.22733108318398
2016-08-05,57.650001525878906,58.209999084472656,57.45000076293945,57.959999084472656,29335200,1.2328914370240858,1.2448674331467346,1.2286142605887018,1.2395209829975935
2016-08-08,58.060001373291016,58.09000015258789,57.779998779296875,58.060001373291016,19473500,1.241659612005463,1.2423011599176463,1.2356715323637835,1.241659612005463
2016-08-09,58.16999816894531,58.5,58.02000045776367,58.20000076293945,16920700,1.2440119815435868,1.2510693348990236,1.2408041604023152,1.2446536110361253
2016-08-10,58.15999984741211,58.31999969482422,57.81999969482422,58.02000045776367,15756900,1.2437981594329774,1.2472198842652136,1.2365269839669313,1.2408041604023152
2016-08-11,58.029998779296875,58.45000076293945,58.029998779296875,58.29999923706055,18162300,1.2410179825129246,1.2500000611852662,1.2410179825129246,1.2467921584636397
2016-08-12,58.029998779296875,58.189998626708984,57.619998931884766,57.939998626708984,21655200,1.2410179825129246,1.2444397073451607,1.2322498075315473,1.2390932571960196
2016-08-15,58.0099983215332,58.5,57.959999084472656,58.119998931884766,19283900,1.2405902567113507,1.2510693348990236,1.2395209829975935,1.2429427078298296
2016-08-16,57.61000061035156,57.619998931884766,57.27000045776367,57.439998626708984,20523500,1.232035985420938,1.2322498075315473,1.2247648099548918,1.2284003568977373
2016-08-17,57.540000915527344,57.68000030517578,57.22999954223633,57.560001373291016,18856400,1.2305389859056068,1.233532984936269,1.223909358351744,1.2309667117071807
2016-08-18,57.41999816894531,57.70000076293945,57.27000045776367,57.599998474121094,14214300,1.2279726310961634,1.233960710737843,1.2247648099548918,1.2318220817299734
2016-08-19,57.43000030517578,57.72999954223633,57.20000076293945,57.619998931884766,17271000,1.228186534787128,1.2346022586500263,1.2232678104395607,1.2322498075315473
2016-08-22,57.599998474121094,57.75,57.2599983215332,57.66999816894531,15221900,1.2318220817299734,1.2350299844516002,1.2245509062639273,1.2333190812453045
2016-08-23,57.900001525878906,58.18000030517578,57.849998474121094,57.88999938964844,18732400,1.238237887173227,1.2442258852345514,1.2371685318791146,1.2380239834822624
2016-08-24,57.79999923706055,58.040000915527344,57.720001220703125,57.95000076293945,18151500,1.2360992581653574,1.2412318862038891,1.2343884365394169,1.2393071608869841
2016-08-25,57.880001068115234,58.290000915527344,57.779998779296875,58.16999816894531,18552600,1.237810161371653,1.2465783363530303,1.2356715323637835,1.2440119815435868
2016-08-26,58.279998779296875,58.70000076293945,57.689998626708984,58.029998779296875,20971200,1.2463644326620658,1.2553465113344073,1.2337468070468784,1.2410179825129246
2016-08-29,58.18000030517578,58.599998474121094,58.099998474121094,58.099998474121094,16417200,1.2442258852345514,1.253207882326538,1.2425149820282557,1.2425149820282557
2016-08-30,57.97999954223633,58.189998626708984,57.61000061035156,57.88999938964844,16930200,1.2399487087991674,1.2444397073451607,1.232035985420938,1.2380239834822624
2016-08-31,57.650001525878906,57.79999923706055,57.29999923706055,57.459999084472656,20860300,1.2328914370240858,1.2360992581653574,1.225406357867075,1.2288280826993112
2016-09-01,57.0099983215332,57.81999969482422,57.0099983215332,57.59000015258789,26075400,1.2192044561147861,1.2365269839669313,1.2192044561147861,1.231608259619364
2016-09-02,57.66999816894531,58.189998626708984,57.41999816894531,57.66999816894531,18900500,1.2333190812453045,1.2444397073451607,1.2279726310961634,1.2333190812453045
2016-09-06,57.779998779296875,57.79999923706055,57.209999084472656,57.61000061035156,16278400,1.2356715323637835,1.2360992581653574,1.22348163255017,1.232035985420938
2016-09-07,57.470001220703125,57.84000015258789,57.40999984741211,57.65999984741211,17493400,1.2290419863902757,1.2369547097685052,1.227758808985554,1.2331052591346952
2016-09-08,57.630001068115234,57.790000915527344,57.18000030517578,57.43000030517578,20146100,1.2324637112225119,1.235885436054748,1.2228400846379868,1.228186534787128
2016-09-09,56.790000915527344,57.52000045776367,56.209999084472656,56.209999084472656,35113900,1.2144996354581834,1.230111260104033,1.2020958319536055,1.2020958319536055
2016-09-12,56.0,57.209999084472656,55.61000061035156,57.04999923706055,29303000,1.1976048334076121,1.22348163255017,1.189264384227809,1.220059907717934
2016-09-13,56.5,56.650001525878906,56.04999923706055,56.529998779296875,30130200,1.2082977337058944,1.2115056364275212,1.1986741071213696,1.2089392816180777
2016-09-14,56.38999938964844,56.630001068115234,56.029998779296875,56.2599983215332,24062500,1.2059452825874155,1.2110779106259473,1.1982463813197957,1.203165105667363
2016-09-15,56.150001525878906,57.349998474121094,55.97999954223633,57.189998626708984,26847000,1.200812736129239,1.2264756315808323,1.1971771076060385,1.2230539067485962
2016-09-16,57.630001068115234,57.630001068115234,56.75,57.25,44607000,1.2324637112225119,1.2324637112225119,1.2136441838550356,1.2243370841533179
2016-09-19,57.27000045776367,57.75,56.849998474121094,56.93000030517578,20937100,1.2247648099548918,1.2350299844516002,1.21578273128255,1.2174936344888456
2016-09-20,57.349998474121094,57.349998474121094,56.75,56.810001373291016,17384000,1.2264756315808323,1.2264756315808323,1.2136441838550356,1.2149273612597573
2016-09-21,57.5099983215332,57.849998474121094,57.08000183105469,57.7599983215332,33707300,1.2298973564130684,1.2371685318791146,1.2207015372104724,1.2352438065622096
2016-09-22,57.91999816894531,58.0,57.630001068115234,57.81999969482422,19822200,1.2386655313944457,1.2403764346007413,1.2324637112225119,1.2365269839669313
2016-09-23,57.869998931884766,57.90999984741211,57.380001068115234,57.43000030517578,19955300,1.2375962576806885,1.2384517092838363,1.2271172610733707,1.228186534787128
2016-09-26,57.08000183105469,57.13999938964844,56.83000183105469,56.900001525878906,21688700,1.2207015372104724,1.221984633034839,1.2153550870613312,1.2168520865766623
2016-09-27,56.93000030517578,58.060001373291016,56.68000030517578,57.95000076293945,28065100,1.2174936344888456,1.241659612005463,1.2121471843397045,1.2393071608869841
2016-09-28,57.880001068115234,58.060001373291016,57.66999816894531,58.029998779296875,20536400,1.237810161371653,1.241659612005463,1.2333190812453045,1.2410179825129246
2016-09-29,57.810001373291016,58.16999816894531,57.209999084472656,57.400001525878906,25463500,1.236313161856322,1.2440119815435868,1.22348163255017,1.2275449868749446
2016-09-30,57.56999969482422,57.77000045776367,57.34000015258789,57.599998474121094,29910800,1.2311805338177901,1.235457710253174,1.226261809470223,1.2318220817299734
2016-10-03,57.40999984741211,57.54999923706055,57.060001373291016,57.41999816894531,19189500,1.227758808985554,1.2307528080162162,1.2202738114088985,1.2279726310961634
2016-10-04,57.27000045776367,57.599998474121094,56.970001220703125,57.2400016784668,20085900,1.2247648099548918,1.2318220817299734,1.2183490860919934,1.2241232620427085
2016-10-05,57.290000915527344,57.959999084472656,57.2599983215332,57.63999938964844,16726400,1.2251925357564657,1.2395209829975935,1.2245509062639273,1.2326775333331212
2016-10-06,57.7400016784668,57.86000061035156,57.279998779296875,57.7400016784668,16212600,1.2348161623409908,1.237382435570079,1.2249786320655012,1.2348161623409908
2016-10-07,57.849998474121094,57.97999954223633,57.41999816894531,57.79999923706055,20089000,1.2371685318791146,1.2399487087991674,1.2279726310961634,1.2360992581653574
2016-10-10,57.90999984741211,58.38999938964844,57.869998931884766,58.040000915527344,18196500,1.2384517092838363,1.2487168837805447,1.2375962576806885,1.2412318862038891
2016-10-11,57.88999938964844,58.02000045776367,56.88999938964844,57.189998626708984,26497400,1.2380239834822624,1.2408041604023152,1.2166381828856978,1.2230539067485962
2016-10-12,57.11000061035156,57.27000045776367,56.400001525878906,57.11000061035156,22177500,1.2213430851226557,1.2247648099548918,1.20615918627838,1.2213430851226557
2016-10-13,56.70000076293945,57.29999923706055,56.31999969482422,56.91999816894531,25313700,1.2125749101412784,1.225406357867075,1.2044482830720844,1.217279730797881
2016-10-14,57.119998931884766,57.7400016784668,57.119998931884766,57.41999816894531,27402500,1.221556907233265,1.2348161623409908,1.221556907233265,1.2279726310961634
2016-10-17,57.36000061035156,57.459999084472656,56.869998931884766,57.220001220703125,23830000,1.2266895352717968,1.2288280826993112,1.216210457084124,1.2236955362411346
2016-10-18,57.529998779296875,57.95000076293945,57.40999984741211,57.65999984741211,19149500,1.2303250822146423,1.2393071608869841,1.227758808985554,1.2331052591346952
2016-10-19,57.470001220703125,57.84000015258789,57.400001525878906,57.529998779296875,22878400,1.2290419863902757,1.2369547097685052,1.2275449868749446,1.2303250822146423
2016-10-20,57.5,57.52000045776367,56.65999984741211,57.25,49455600,1.229683534302459,1.230111260104033,1.2117194585381306,1.2243370841533179
2016-10-21,60.279998779296875,60.45000076293945,59.4900016784668,59.65999984741211,80032200,1.2891360338551947,1.2927716623783954,1.2722413133849786,1.275876860327824
2016-10-24,59.939998626708984,61.0,59.93000030517578,61.0,54067000,1.2818648583891485,1.3045338363904349,1.2816510362785392,1.3045338363904349
2016-10-25,60.849998474121094,61.369998931884766,60.79999923706055,60.9900016784668,35137200,1.301325933668808,1.3124465597686643,1.300256659955051,1.3043200142798252
2016-10-26,60.810001373291016,61.20000076293945,60.470001220703125,60.630001068115234,29911600,1.3004705636460154,1.3088110128258186,1.2931993881799693,1.2966211130122054
2016-10-27,60.61000061035156,60.83000183105469,60.09000015258789,60.099998474121094,28479900,1.2961933872106315,1.3008982894475893,1.2850727611107753,1.2852865832213847
2016-10-28,60.0099983215332,60.52000045776367,59.58000183105469,59.869998931884766,33574700,1.2833618579044797,1.2942686618937265,1.2741660387018836,1.2803678588738174
2016-10-31,60.15999984741211,60.41999816894531,59.91999816894531,59.91999816894531,26434700,1.2865697606261064,1.292130032885857,1.2814371325875746,1.2814371325875746
2016-11-01,59.970001220703125,60.02000045776367,59.25,59.79999923706055,24533000,1.282506487881687,1.2835757615954442,1.2671086853464468,1.2788708593584863
2016-11-02,59.81999969482422,59.93000030517578,59.29999923706055,59.43000030517578,22147000,1.2792985851600602,1.2816510362785392,1.268177959060204,1.2709581359802569
2016-11-03,59.529998779296875,59.63999938964844,59.11000061035156,59.209999084472656,21600400,1.2730966834077713,1.2754491345262502,1.2641146863157846,1.266253233743299
2016-11-04,58.650001525878906,59.279998779296875,58.52000045776367,58.709999084472656,28697000,1.2542772376206501,1.2677502332586301,1.2514970607005973,1.255560333445017
2016-11-07,59.779998779296875,60.52000045776367,59.779998779296875,60.41999816894531,31664800,1.2784431335569124,1.2942686618937265,1.2784431335569124,1.292130032885857
2016-11-08,60.54999923706055,60.779998779296875,60.150001525878906,60.470001220703125,22935400,1.2949102098059098,1.299828934153477,1.286355938515497,1.2931993881799693
2016-11-09,60.0,60.59000015258789,59.20000076293945,60.16999816894531,49632500,1.2831480357938703,1.2957656614090576,1.2660394116326896,1.2867835827367158
2016-11-10,60.47999954223633,60.4900016784668,57.630001068115234,58.70000076293945,57822400,1.2934132102905787,1.2936271139815432,1.2324637112225119,1.2553465113344073
2016-11-11,58.22999954223633,59.119998931884766,58.0099983215332,59.02000045776367,38767800,1.2452951589483086,1.264328508426394,1.2405902567113507,1.2621899609988796
2016-11-14,59.02000045776367,59.08000183105469,57.279998779296875,58.119998931884766,41328400,1.2621899609988796,1.2634731384036013,1.2249786320655012,1.2429427078298296
2016-11-15,58.33000183105469,59.4900016784668,58.31999969482422,58.869998931884766,35904100,1.2474337879561779,1.2722413133849786,1.2472198842652136,1.2589820582772528
2016-11-16,58.939998626708984,59.65999984741211,58.810001373291016,59.650001525878906,27332500,1.2604790577925842,1.275876860327824,1.2576989624528863,1.2756630382172147
2016-11-17,60.40999984741211,60.95000076293945,59.970001220703125,60.63999938964844,32132700,1.2919162107752475,1.3034645626766777,1.282506487881687,1.2968349351228148
2016-11-18,60.779998779296875,61.13999938964844,60.29999923706055,60.349998474121094,27686300,1.299828934153477,1.307527835421097,1.2895637596567686,1.2906330333705258
2016-11-21,60.5,60.970001220703125,60.41999816894531,60.86000061035156,19652600,1.2938409360921526,1.3038922884782516,1.292130032885857,1.3015398373597726
2016-11-22,60.97999954223633,61.2599983215332,60.810001373291016,61.119998931884766,23206700,1.304106110588861,1.3100941086501854,1.3004705636460154,1.3071001096195232
2016-11-23,61.0099983215332,61.099998474121094,60.25,60.400001525878906,21848900,1.3047476585010442,1.3066723838179493,1.2884944859430114,1.2917023886646382
2016-11-25,60.29999923706055,60.529998779296875,60.130001068115234,60.529998779296875,8409600,1.2895637596567686,1.2944824840043359,1.285928212713923,1.2944824840043359
2016-11-28,60.34000015258789,61.02000045776367,60.209999084472656,60.61000061035156,20732600,1.2904192112599164,1.3049615621920088,1.2876390343398636,1.2961933872106315
2016-11-29,60.650001525878906,61.40999984741211,60.52000045776367,61.09000015258789,22366700,1.2970488388137793,1.313302011371812,1.2942686618937265,1.3064585617073399
2016-11-30,60.86000061035156,61.18000030517578,60.220001220703125,60.2599983215332,34655400,1.3015398373597726,1.308383287024245,1.2878529380308281,1.2887083080536208
2016-12-01,60.11000061035156,60.150001525878906,58.939998626708984,59.20000076293945,34542100,1.2855004869123492,1.286355938515497,1.2604790577925842,1.2660394116326896
2016-12-02,59.08000183105469,59.470001220703125,58.79999923706055,59.25,25515700,1.2634731384036013,1.2718135875834047,1.2574850587619217,1.2671086853464468
2016-12-05,59.70000076293945,60.59000015258789,59.560001373291016,60.220001220703125,23552700,1.276732311930972,1.2957656614090576,1.2737383129003097,1.2878529380308281
2016-12-06,60.43000030517578,60.459999084472656,59.79999923706055,59.95000076293945,19907000,1.2923439365768215,1.2929854844890047,1.2788708593584863,1.282078762080113
2016-12-07,60.0099983215332,61.380001068115234,59.79999923706055,61.369998931884766,30809000,1.2833618579044797,1.3126604634596286,1.2788708593584863,1.3124465597686643
2016-12-08,61.29999923706055,61.58000183105469,60.84000015258789,61.0099983215332,21220800,1.3109495602533332,1.3169376398950126,1.3011121115581987,1.3047476585010442
2016-12-09,61.18000030517578,61.9900016784668,61.130001068115234,61.970001220703125,27349400,1.308383287024245,1.3257058148763898,1.3073140133104875,1.325278089074816
2016-12-12,61.81999969482422,62.29999923706055,61.720001220703125,62.16999816894531,20198100,1.3220701863531892,1.3323353608498976,1.3199316389256748,1.3295551839298447
2016-12-13,62.5,63.41999816894531,62.2400016784668,62.97999954223633,35718900,1.3366125372852815,1.3562874346755505,1.331052265025531,1.34687771178199
2016-12-14,63.0,63.45000076293945,62.529998779296875,62.68000030517578,30352700,1.3473054375835638,1.356929064168089,1.3372540851974648,1.3404619879190915
2016-12-15,62.70000076293945,63.150001525878906,62.29999923706055,62.58000183105469,27669900,1.3408897137206655,1.3505133403051905,1.3323353608498976,1.3383234404915771
2016-12-16,62.95000076293945,62.95000076293945,62.119998931884766,62.29999923706055,42453100,1.3462361638698066,1.3462361638698066,1.3284859102160875,1.3323353608498976
2016-12-19,62.560001373291016,63.77000045776367,62.41999816894531,63.619998931884766,34338200,1.3378957146900032,1.3637725138325612,1.3349016340789859,1.3605646111109344
2016-12-20,63.689998626708984,63.79999923706055,63.029998779296875,63.540000915527344,26028400,1.3620616106262655,1.3644140617447444,1.347946985495747,1.358853789484994
2016-12-21,63.43000030517578,63.70000076293945,63.119998931884766,63.540000915527344,17096300,1.356501338366515,1.36227551431723,1.3498717108126521,1.358853789484994
2016-12-22,63.84000015258789,64.0999984741211,63.40999984741211,63.54999923706055,22176600,1.3652695133478923,1.3708297856076428,1.356073612564941,1.3590676115956033
2016-12-23,63.45000076293945,63.540000915527344,62.79999923706055,63.2400016784668,12403800,1.356929064168089,1.358853789484994,1.3430282611481799,1.3524380656220956
2016-12-27,63.209999084472656,64.06999969482422,63.209999084472656,63.279998779296875,11763200,1.3517964361295571,1.3701882376954595,1.3517964361295571,1.3532934356448882
2016-12-28,63.400001525878906,63.400001525878906,62.83000183105469,62.9900016784668,14653300,1.3558597904543317,1.3558597904543317,1.3436698906407183,1.3470916154729544
2016-12-29,62.86000061035156,63.20000076293945,62.72999954223633,62.900001525878906,10250600,1.3443114385529016,1.3515826140189477,1.3415312616328487,1.3451668901560494
2016-12-30,62.959999084472656,62.9900016784668,62.029998779296875,62.13999938964844,25579900,1.346449985980416,1.3470916154729544,1.3265611848991825,1.3289136360176614
2017-01-03,62.790000915527344,62.84000015258789,62.130001068115234,62.58000183105469,20694100,1.3428144390375705,1.3438837127513277,1.328699813907052,1.3383234404915771
2017-01-04,62.47999954223633,62.75,62.119998931884766,62.29999923706055,21340000,1.3361848114837076,1.3419589874344227,1.3284859102160875,1.3323353608498976
2017-01-05,62.189998626708984,62.65999984741211,62.029998779296875,62.29999923706055,24876000,1.3299829097314186,1.3400342621175176,1.3265611848991825,1.3323353608498976
2017-01-06,62.29999923706055,63.150001525878906,62.040000915527344,62.84000015258789,19922900,1.3323353608498976,1.3505133403051905,1.326775088590147,1.3438837127513277
2017-01-09,62.7599983215332,63.08000183105469,62.540000915527344,62.63999938964844,20382700,1.342172809545032,1.3490163407898594,1.3374679888884293,1.3396065363159437
2017-01-10,62.72999954223633,63.06999969482422,62.279998779296875,62.619998931884766,18593000,1.3415312616328487,1.348802437098895,1.3319076350483237,1.3391788105143698
2017-01-11,62.61000061035156,63.22999954223633,62.43000030517578,63.189998626708984,21517300,1.3389649884037604,1.352224161931131,1.3351155377699504,1.3513687103279832
2017-01-12,63.060001373291016,63.400001525878906,61.95000076293945,62.61000061035156,20968200,1.3485886149882855,1.3558597904543317,1.324850363273242,1.3389649884037604
2017-01-13,62.619998931884766,62.869998931884766,62.349998474121094,62.70000076293945,19422300,1.3391788105143698,1.344525260663511,1.3334046345636548,1.3408897137206655
2017-01-17,62.68000030517578,62.70000076293945,62.029998779296875,62.529998779296875,20664000,1.3404619879190915,1.3408897137206655,1.3265611848991825,1.3372540851974648
2017-01-18,62.66999816894531,62.70000076293945,62.119998931884766,62.5,19670100,1.340248084228127,1.3408897137206655,1.3284859102160875,1.3366125372852815
2017-01-19,62.2400016784668,62.97999954223633,62.20000076293945,62.29999923706055,18451700,1.331052265025531,1.34687771178199,1.3301968134223832,1.3323353608498976
2017-01-20,62.66999816894531,62.81999969482422,62.369998931884766,62.7400016784668,30213500,1.340248084228127,1.3434559869497538,1.3338323603652287,1.3417451653238133
2017-01-23,62.70000076293945,63.119998931884766,62.56999969482422,62.959999084472656,23097600,1.3408897137206655,1.3498717108126521,1.3381095368006126,1.346449985980416
2017-01-24,63.20000076293945,63.7400016784668,62.939998626708984,63.52000045776367,24672900,1.3515826140189477,1.3631309659203776,1.346022260178842,1.35842606368342
2017-01-25,63.95000076293945,64.0999984741211,63.45000076293945,63.68000030517578,23672700,1.367621964466371,1.3708297856076428,1.356929064168089,1.3618477885156561
2017-01-26,64.12000274658203,64.54000091552734,63.54999923706055,64.2699966430664,43554600,1.3712575929895716,1.3802395900815583,1.3590676115956033,1.3744653325504883
2017-01-27,65.38999938964844,65.91000366210938,64.88999938964844,65.77999877929688,44818000,1.3984174879564961,1.4095381956367072,1.3877245876582138,1.4067579371362995
2017-01-30,65.69000244140625,65.79000091552734,64.80000305175781,65.12999725341797,31651400,1.4048332933997496,1.406971840827264,1.385799943921664,1.3928571341163904
2017-01-31,64.86000061035156,65.1500015258789,64.26000213623047,64.6500015258789,25270500,1.3870830397460305,1.3932849414983195,1.3742515920202338,1.3825920412000372
2017-02-01,64.36000061035156,64.62000274658203,63.470001220703125,63.58000183105469,39671500,1.3763901394477482,1.381950493287854,1.3573567899696628,1.3597092410881417
2017-02-02,63.25,63.40999984741211,62.75,63.16999816894531,45827000,1.352651887732705,1.356073612564941,1.3419589874344227,1.3509409845264093
2017-02-03,63.5,63.70000076293945,63.06999969482422,63.68000030517578,30301800,1.357998337881846,1.36227551431723,1.348802437098895,1.3618477885156561
2017-02-06,63.5,63.650001525878906,63.13999938964844,63.63999938964844,19796400,1.357998337881846,1.3612062406034728,1.350299436614226,1.3609923369125083
2017-02-07,63.7400016784668,63.779998779296875,63.22999954223633,63.43000030517578,20277200,1.3631309659203776,1.3639863359431705,1.352224161931131,1.356501338366515
2017-02-08,63.56999969482422,63.810001373291016,63.220001220703125,63.34000015258789,18096400,1.3594953373971772,1.3646279654357087,1.3520103398205217,1.35457661304961
2017-02-09,63.52000045776367,64.44000244140625,63.31999969482422,64.05999755859375,22644400,1.35842606368342,1.3781010426540439,1.354148887248036,1.369974334004495
2017-02-10,64.25,64.30000305175781,63.97999954223633,64.0,18170700,1.3740376883292693,1.3751070436233817,1.3682635123785545,1.3686912381801284
2017-02-13,64.23999786376953,64.86000061035156,64.12999725341797,64.72000122070312,22920100,1.373823784638305,1.3870830397460305,1.371471333519826,1.3840890407153683
2017-02-14,64.41000366210938,64.72000122070312,64.0199966430664,64.56999969482422,23108400,1.3774594947418606,1.3840890407153683,1.3691188824013472,1.3808811379937416
2017-02-15,64.5,64.56999969482422,64.16000366210938,64.52999877929688,17005200,1.3793841384784105,1.3808811379937416,1.3721130445927194,1.3800256863905938
2017-02-16,64.73999786376953,65.23999786376953,64.44000244140625,64.5199966430664,20546300,1.384516684936587,1.3952095852348694,1.3781010426540439,1.3798117826996295
2017-02-17,64.47000122070312,64.69000244140625,64.30000305175781,64.62000274658203,21248800,1.3787425905662272,1.383447492803185,1.3751070436233817,1.381950493287854
2017-02-21,64.61000061035156,64.94999694824219,64.44999694824219,64.48999786376953,20655900,1.3817365895968894,1.3890076834825804,1.3783147831842983,1.3791702347874462
2017-02-22,64.33000183105469,64.38999938964844,64.05000305175781,64.36000061035156,19292700,1.375748591535565,1.3770316873599315,1.3697605934742405,1.3763901394477482
2017-02-23,64.41999816894531,64.7300033569336,64.19000244140625,64.62000274658203,20273100,1.377673235272115,1.3843029444063328,1.3727545925049027,1.381950493287854
2017-02-24,64.52999877929688,64.80000305175781,64.13999938964844,64.62000274658203,21796800,1.3800256863905938,1.385799943921664,1.3716852372107906,1.381950493287854
2017-02-27,64.54000091552734,64.54000091552734,64.05000305175781,64.2300033569336,15871500,1.3802395900815583,1.3802395900815583,1.3697605934742405,1.3736100441080505
2017-02-28,64.08000183105469,64.19999694824219,63.7599983215332,63.97999954223633,23239800,1.3704021413864238,1.3729683330351572,1.3635586101415966,1.3682635123785545
2017-03-01,64.12999725341797,64.98999786376953,64.0199966430664,64.94000244140625,26937500,1.371471333519826,1.3898631350857282,1.3691188824013472,1.3887939429523262
2017-03-02,64.69000244140625,64.75,63.880001068115234,64.01000213623047,24539600,1.383447492803185,1.3847305886275516,1.3661249649510399,1.3689051418710927
2017-03-03,63.9900016784668,64.27999877929688,63.619998931884766,64.25,18135900,1.3684774160695188,1.3746792362414528,1.3605646111109344,1.3740376883292693
2017-03-06,63.970001220703125,64.55999755859375,63.810001373291016,64.2699966430664,18750300,1.3680496902679449,1.3806672343027773,1.3646279654357087,1.3744653325504883
2017-03-07,64.19000244140625,64.77999877929688,64.19000244140625,64.4000015258789,18521000,1.3727545925049027,1.385372136539735,1.3727545925049027,1.377245591050896
2017-03-08,64.26000213623047,65.08000183105469,64.25,64.98999786376953,21510900,1.3742515920202338,1.3917879419829884,1.3740376883292693,1.3898631350857282
2017-03-09,65.19000244140625,65.19999694824219,64.4800033569336,64.7300033569336,19846800,1.3941403931014673,1.3943541336317216,1.3789564942571917,1.3843029444063328
2017-03-10,65.11000061035156,65.26000213623047,64.75,64.93000030517578,19538200,1.3924294898951717,1.3956373926167984,1.3847305886275516,1.3885800392613616
2017-03-13,65.01000213623047,65.19000244140625,64.56999969482422,64.70999908447266,20100000,1.3902909424676573,1.3941403931014673,1.3808811379937416,1.3838751370244038
2017-03-14,64.52999877929688,64.55000305175781,64.1500015258789,64.41000366210938,14280200,1.3800256863905938,1.3804534937725228,1.371899140901755,1.3774594947418606
2017-03-15,64.55000305175781,64.91999816894531,64.25,64.75,24833800,1.3804534937725228,1.3883661355703971,1.3740376883292693,1.3847305886275516
2017-03-16,64.75,64.76000213623047,64.30000305175781,64.63999938964844,20674300,1.3847305886275516,1.3849444923185161,1.3751070436233817,1.3823781375090727
2017-03-17,64.91000366210938,65.23999786376953,64.68000030517578,64.87000274658203,49219700,1.3881523950401429,1.3952095852348694,1.3832335891122205,1.387296943436995
2017-03-20,64.91000366210938,65.18000030517578,64.72000122070312,64.93000030517578,14598100,1.3881523950401429,1.3939264894105028,1.3840890407153683,1.3885800392613616
2017-03-21,65.19000244140625,65.5,64.12999725341797,64.20999908447266,26640500,1.3941403931014673,1.400769939074975,1.371471333519826,1.3731822367261217
2017-03-22,64.12000274658203,65.13999938964844,64.12000274658203,65.02999877929688,20680000,1.3712575929895716,1.393071037807355,1.3712575929895716,1.390718586688876
2017-03-23,64.94000244140625,65.23999786376953,64.7699966430664,64.87000274658203,19269200,1.3887939429523262,1.3952095852348694,1.3851582328487706,1.387296943436995
2017-03-24,65.36000061035156,65.44999694824219,64.76000213623047,64.9800033569336,22617100,1.3977759400443128,1.3997005837808627,1.3849444923185161,1.389649394555474
2017-03-27,64.62999725341797,65.22000122070312,64.3499984741211,65.0999984741211,18614700,1.3821642338181084,1.3947819410136506,1.376176235756784,1.3922155862042072
2017-03-28,64.95999908447266,65.47000122070312,64.6500015258789,65.29000091552734,20080400,1.389221587173545,1.4001283911627918,1.3825920412000372,1.3962789405289817
2017-03-29,65.12000274658203,65.5,64.94999694824219,65.47000122070312,13618400,1.3926433935861362,1.400769939074975,1.3890076834825804,1.4001283911627918
2017-03-30,65.41999816894531,65.9800033569336,65.36000061035156,65.70999908447266,15122800,1.3990590358686794,1.4110351951520383,1.3977759400443128,1.4052609376209684
2017-03-31,65.6500015258789,66.19000244140625,65.44999694824219,65.86000061035156,21040300,1.4039778417966018,1.4155261936980317,1.3997005837808627,1.4084688403425951
2017-04-03,65.80999755859375,65.94000244140625,65.19000244140625,65.55000305175781,20400900,1.4073994850484828,1.4101797435488908,1.3941403931014673,1.4018392943690874
2017-04-04,65.38999938964844,65.80999755859375,65.27999877929688,65.7300033569336,12997400,1.3984174879564961,1.4073994850484828,1.3960650368380172,1.4056887450028974
2017-04-05,66.30000305175781,66.3499984741211,65.44000244140625,65.55999755859375,21448600,1.4178786448165106,1.4189478369499129,1.3994868432506085,1.4020530348993416
2017-04-06,65.5999984741211,66.05999755859375,65.4800033569336,65.7300033569336,18103500,1.4029084865024894,1.412745935197624,1.4003422948537563,1.4056887450028974
2017-04-07,65.8499984741211,65.95999908447266,65.44000244140625,65.68000030517578,14108500,1.4082549366516306,1.4106073877701095,1.3994868432506085,1.404619389708785
2017-04-10,65.61000061035156,65.81999969482422,65.36000061035156,65.52999877929688,17952700,1.403122390193454,1.4076133887394473,1.3977759400443128,1.4014114869871583
2017-04-11,65.5999984741211,65.61000061035156,64.8499984741211,65.4800033569336,18791500,1.4029084865024894,1.403122390193454,1.386869136055066,1.4003422948537563
2017-04-12,65.41999816894531,65.51000213623047,65.11000061035156,65.2300033569336,17108500,1.3990590358686794,1.4009838427659396,1.3924294898951717,1.3949958447046151
2017-04-13,65.29000091552734,65.86000061035156,64.94999694824219,64.94999694824219,17896500,1.3962789405289817,1.4084688403425951,1.3890076834825804,1.3890076834825804
2017-04-17,65.04000091552734,65.48999786376953,65.01000213623047,65.4800033569336,16689300,1.3909324903798406,1.4005560353840105,1.3902909424676573,1.4003422948537563
2017-04-18,65.33000183105469,65.70999908447266,65.16000366210938,65.38999938964844,15155600,1.3971343921321295,1.4052609376209684,1.393498845189284,1.3984174879564961
2017-04-19,65.6500015258789,65.75,64.88999938964844,65.04000091552734,26992800,1.4039778417966018,1.4061163892241162,1.3877245876582138,1.3909324903798406
2017-04-20,65.45999908447266,65.75,65.13999938964844,65.5,22299500,1.3999144874718272,1.4061163892241162,1.393071037807355,1.400769939074975
2017-04-21,65.66999816894531,66.69999694824219,65.44999694824219,66.4000015258789,32522600,1.4044054860178206,1.4264328345265684,1.3997005837808627,1.420017192244025
2017-04-24,67.4800033569336,67.66000366210938,67.0999984741211,67.52999877929688,29770000,1.4431138960468852,1.4469633466806953,1.4349871873973363,1.4441830881802873
2017-04-25,67.9000015258789,68.04000091552734,67.5999984741211,67.91999816894531,30242700,1.4520958931388719,1.455089892169534,1.4456800876956184,1.4525235373600907
2017-04-26,68.08000183105469,68.30999755859375,67.62000274658203,67.83000183105469,26190800,1.455945343772682,1.460863986539894,1.4461078950775474,1.4505988936235408
2017-04-27,68.1500015258789,68.37999725341797,67.58000183105469,68.2699966430664,34971000,1.457442343288013,1.4623609860552251,1.4452524434743996,1.4600085349367462
2017-04-28,68.91000366210938,69.13999938964844,67.69000244140625,68.45999908447266,39548800,1.4736955974264008,1.478614240193613,1.4476048945928786,1.4640718892615208
2017-05-01,68.68000030517578,69.55000305175781,68.5,69.41000366210938,31954400,1.4687767914984786,1.4873824967553453,1.4649273408646686,1.484388497724683
2017-05-02,69.70999908447266,69.70999908447266,69.12999725341797,69.30000305175781,23906100,1.4908041400072265,1.4908041400072265,1.4784003365026486,1.4820360466062041
2017-05-03,69.37999725341797,69.37999725341797,68.70999908447266,69.08000183105469,28928000,1.4837467866517897,1.4837467866517897,1.469418339410662,1.4773311443692463
2017-05-04,69.02999877929688,69.08000183105469,68.63999938964844,68.80999755859375,21749400,1.4762617890751342,1.4773311443692463,1.4679213398953308,1.4715568868381763
2017-05-05,68.9000015258789,69.02999877929688,68.48999786376953,69.0,19128800,1.4734816937354365,1.4762617890751342,1.464713437173704,1.4756202411629509
2017-05-08,68.97000122070312,69.05000305175781,68.41999816894531,68.94000244140625,18566100,1.4749786932507676,1.476689596457063,1.463216437658373,1.474337145338584
2017-05-09,68.86000061035156,69.27999877929688,68.68000030517578,69.04000091552734,22858400,1.4726262421322887,1.4816082392242753,1.4687767914984786,1.4764756927660987
2017-05-10,68.98999786376953,69.55999755859375,68.91999816894531,69.30999755859375,17977800,1.4754063374719864,1.4875962372855998,1.4739093379566552,1.4822497871364586
2017-05-11,68.36000061035156,68.7300033569336,68.12000274658203,68.45999908447266,28789400,1.4619333418340064,1.4698461467925907,1.4568007953758297,1.4640718892615208
2017-05-12,68.61000061035156,68.61000061035156,68.04000091552734,68.37999725341797,18714100,1.4672797919831475,1.4672797919831475,1.455089892169534,1.4623609860552251
2017-05-15,68.13999938964844,68.4800033569336,67.56999969482422,68.43000030517578,31530300,1.4572284395970485,1.4644996966434498,1.445038539783435,1.4634303413493375
2017-05-16,68.2300033569336,69.44000244140625,68.16000366210938,69.41000366210938,34956000,1.4591532464943087,1.4850300456368664,1.4576562469789776,1.484388497724683
2017-05-17,68.88999938964844,69.0999984741211,67.43000030517578,67.4800033569336,30548800,1.473267790044472,1.4777587885904653,1.4420445407527729,1.4431138960468852
2017-05-18,67.4000015258789,68.12999725341797,67.13999938964844,67.70999908447266,25201300,1.4414029928405896,1.457014535906084,1.435842639000484,1.4480325388140973
2017-05-19,67.5,68.0999984741211,67.43000030517578,67.69000244140625,26961100,1.443541540268104,1.4563729879939007,1.4420445407527729,1.4476048945928786
2017-05-22,67.88999938964844,68.5,67.5,68.44999694824219,16237600,1.4518819894479074,1.4649273408646686,1.443541540268104,1.4638579855705562
2017-05-23,68.72000122070312,68.75,68.37999725341797,68.68000030517578,15425800,1.4696322431016264,1.4702737910138097,1.4623609860552251,1.4687767914984786
2017-05-24,68.87000274658203,68.87999725341797,68.44999694824219,68.7699966430664,14593900,1.472840145823253,1.4730538863535074,1.4638579855705562,1.4707014352350285
2017-05-25,68.97000122070312,69.87999725341797,68.91000366210938,69.62000274658203,21854100,1.4749786932507676,1.494439686950072,1.4736955974264008,1.4888794962706764
2017-05-26,69.80000305175781,70.22000122070312,69.5199966430664,69.95999908447266,19827900,1.4927289469044864,1.501710943996473,1.486740785682452,1.4961505901563674
2017-05-30,69.79000091552734,70.41000366210938,69.7699966430664,70.41000366210938,17072800,1.492515043213522,1.5057742983212477,1.492087235831593,1.5057742983212477
2017-05-31,70.52999877929688,70.73999786376953,69.80999755859375,69.83999633789062,30436400,1.5083404899699808,1.5128314885159742,1.492942687434741,1.4935842353469242
2017-06-01,70.23999786376953,70.61000061035156,69.44999694824219,70.0999984741211,21603600,1.5021385882176919,1.5100513931762765,1.4852437861671208,1.4991445891870296
2017-06-02,70.44000244140625,71.86000061035156,70.23999786376953,71.76000213623047,34770300,1.506415846233431,1.5367836439219822,1.5021385882176919,1.5346450964944676
2017-06-05,71.97000122070312,72.88999938964844,71.80999755859375,72.27999877929688,33316800,1.539136095040461,1.5588109924307298,1.5357142886278699,1.5457656410139688
2017-06-06,72.30000305175781,72.62000274658203,72.2699966430664,72.5199966430664,31511100,1.5461934483958977,1.55303689806037,1.5455517373230043,1.5508981874721455
2017-06-07,72.63999938964844,72.7699966430664,71.94999694824219,72.38999938964844,22301800,1.5534645422815887,1.5562446376212866,1.538708287658532,1.5481180921324476
2017-06-08,72.51000213623047,72.5199966430664,71.5,71.94999694824219,24588300,1.550684446941891,1.5508981874721455,1.5290847426543621,1.538708287658532
2017-06-09,72.04000091552734,72.08000183105469,68.58999633789062,70.31999969482422,49187400,1.540633094555792,1.5414885461589398,1.4668519846012185,1.5038494914239875
2017-06-12,69.25,69.94000244140625,68.12999725341797,69.77999877929688,47761700,1.480966691312092,1.4957229459351487,1.457014535906084,1.4923011395225576
2017-06-13,70.0199966430664,70.81999969482422,69.95999908447266,70.6500015258789,25258600,1.4974336859807342,1.5145423917222698,1.4961505901563674,1.5109068447794243
2017-06-14,70.91000366210938,71.0999984741211,69.43000030517578,70.2699966430664,25510700,1.51646719861953,1.5205303897835942,1.4848161419459018,1.5027801361298754
2017-06-15,69.2699966430664,70.20999908447266,68.80000305175781,69.9000015258789,26068700,1.4813943355333108,1.5014970403055086,1.4713431463079218,1.4948674943320008
2017-06-16,69.7300033569336,70.02999877929688,69.22000122070312,70.0,48345100,1.4912319473891553,1.4976475896716985,1.4803251433999085,1.4970060417595152
2017-06-19,70.5,70.94000244140625,70.3499984741211,70.87000274658203,23798300,1.5076989420577975,1.5171087465317132,1.5044910393361708,1.5156117470163821
2017-06-20,70.81999969482422,70.87000274658203,69.87000274658203,69.91000366210938,21512200,1.5145423917222698,1.5156117470163821,1.4942259464198175,1.4950813980229654
2017-06-21,70.20999908447266,70.62000274658203,69.94000244140625,70.2699966430664,19891100,1.5014970403055086,1.510265296867241,1.4957229459351487,1.5027801361298754
2017-06-22,70.54000091552734,70.58999633789062,69.70999908447266,70.26000213623047,22965700,1.5085543936609453,1.5096235857943474,1.4908041400072265,1.502566395599621
2017-06-23,70.08999633789062,71.25,69.91999816894531,71.20999908447266,27617300,1.4989306854960653,1.523738292505221,1.4952951385532198,1.5228828409020732
2017-06-26,71.4000015258789,71.70999908447266,70.44000244140625,70.52999877929688,19607000,1.5269461952268477,1.5335757412003554,1.506415846233431,1.5083404899699808
2017-06-27,70.11000061035156,70.18000030517578,69.18000030517578,69.20999908447266,25215100,1.4993584928779942,1.5008554923933253,1.479469691796761,1.4801112397089442
2017-06-28,69.20999908447266,69.83999633789062,68.79000091552734,69.80000305175781,25806200,1.4801112397089442,1.4935842353469242,1.4711292426169575,1.4927289469044864
2017-06-29,69.37999725341797,69.48999786376953,68.08999633789062,68.48999786376953,28918700,1.4837467866517897,1.4860992377702686,1.4561590843029362,1.464713437173704
2017-06-30,68.77999877929688,69.37999725341797,68.73999786376953,68.93000030517578,24161100,1.470915338925993,1.4837467866517897,1.4700598873228452,1.4741232416476198
2017-07-03,69.33000183105469,69.5999984741211,68.0199966430664,68.16999816894531,16165500,1.4826775945183874,1.4884516888887476,1.454662084787605,1.4578699875092318
2017-07-05,68.26000213623047,69.44000244140625,68.22000122070312,69.08000183105469,21176300,1.459794794406492,1.4850300456368664,1.4589393428033441,1.4773311443692463
2017-07-06,68.2699966430664,68.77999877929688,68.12000274658203,68.56999969482422,21117600,1.4600085349367462,1.470915338925993,1.4568007953758297,1.4664243403799997
2017-07-07,68.69999694824219,69.83999633789062,68.69999694824219,69.45999908447266,16878300,1.4692044357196974,1.4935842353469242,1.4692044357196974,1.4854576898580854
2017-07-10,69.45999908447266,70.25,69.19999694824219,69.9800033569336,15014500,1.4854576898580854,1.5023524919086564,1.4798973360179797,1.4965783975382965
2017-07-11,70.0,70.68000030517578,69.75,69.98999786376953,17460000,1.4970060417595152,1.5115483926916076,1.491659591610374,1.496792138068551
2017-07-12,70.69000244140625,71.27999877929688,70.55000305175781,71.1500015258789,17750900,1.511762296382572,1.5243798404174043,1.5087682973519099,1.5215997450777066
2017-07-13,71.5,72.04000091552734,71.30999755859375,71.7699966430664,20269800,1.5290847426543621,1.540633094555792,1.5250213883295876,1.534858837024722
2017-07-14,72.23999786376953,73.2699966430664,71.95999908447266,72.77999877929688,25868100,1.544910189410821,1.5669375379195687,1.5389221913494966,1.556458541312251
2017-07-17,72.80000305175781,73.44999694824219,72.72000122070312,73.3499984741211,21803900,1.55688634869418,1.5707869885533787,1.5551754454878843,1.5686484411258643
2017-07-18,73.08999633789062,73.38999938964844,72.66000366210938,73.30000305175781,26435300,1.5630880872857589,1.5695038927290121,1.5538923496635177,1.5675792489924623
2017-07-19,73.5,74.04000091552734,73.44999694824219,73.86000061035156,22416200,1.571856343847491,1.5834046957489212,1.5707869885533787,1.5795552451151111
2017-07-20,74.18000030517578,74.30000305175781,73.27999877929688,74.22000122070312,42361000,1.5863986947795834,1.5889650495890266,1.5671514416105332,1.5872541463827312
2017-07-21,73.44999694824219,74.29000091552734,73.16999816894531,73.79000091552734,46717100,1.5707869885533787,1.5887511458980623,1.5647989904920543,1.57805824559978
2017-07-24,73.52999877929688,73.75,73.12999725341797,73.5999984741211,21394800,1.5724978917596744,1.5772027939966322,1.5639435388889065,1.5739948912750055
2017-07-25,73.80000305175781,74.30999755859375,73.5,74.19000244140625,22018700,1.5782721492907446,1.589178790119281,1.571856343847491,1.586612598470548
2017-07-26,74.33999633789062,74.37999725341797,73.80999755859375,74.05000305175781,16252200,1.5898203380314644,1.5906757896346122,1.5784858898209988,1.5836185994398857
2017-07-27,73.76000213623047,74.41999816894531,72.31999969482422,73.16000366210938,36844200,1.5774166976875967,1.59153124123776,1.5466210926171164,1.5645852499618
2017-07-28,72.66999816894531,73.30999755859375,72.54000091552734,73.04000091552734,18306700,1.5541060901937722,1.5677929895227165,1.5513259948540743,1.5620188951523566
2017-07-31,73.30000305175781,73.44000244140625,72.41000366210938,72.69999694824219,23600100,1.5675792489924623,1.5705732480231245,1.5485458995143766,1.5547476381059555
2017-08-01,73.0999984741211,73.41999816894531,72.48999786376953,72.58000183105469,22132300,1.5633019909767232,1.5701454406411954,1.5502566395599622,1.5521814464572221
2017-08-02,72.55000305175781,72.55999755859375,71.44000244140625,72.26000213623047,26499200,1.5515398985450388,1.5517536390752933,1.5278016468299955,1.5453379967927499
2017-08-03,72.19000244140625,72.44000244140625,71.8499984741211,72.1500015258789,18214400,1.5438409972774187,1.54918744742656,1.5365697402310177,1.542985545674271
2017-08-04,72.4000015258789,73.04000091552734,72.23999786376953,72.68000030517578,22579000,1.548331995823412,1.5620188951523566,1.544910189410821,1.5543199938847365
2017-08-07,72.80000305175781,72.9000015258789,72.26000213623047,72.4000015258789,18705700,1.55688634869418,1.5590248961216944,1.5453379967927499,1.548331995823412
2017-08-08,72.08999633789062,73.12999725341797,71.75,72.79000091552734,22044600,1.5417022866891943,1.5639435388889065,1.5344311928035033,1.5566724450032154
2017-08-09,72.25,72.51000213623047,72.05000305175781,72.47000122070312,22213400,1.5451240931017853,1.550684446941891,1.5408469982467565,1.5498289953387432
2017-08-10,71.9000015258789,72.19000244140625,71.3499984741211,71.41000366210938,24734500,1.5376390955251298,1.5438409972774187,1.5258768399327354,1.527160098917812
2017-08-11,71.61000061035156,72.69999694824219,71.27999877929688,72.5,21443700,1.531437193772841,1.5547476381059555,1.5243798404174043,1.5504705432509265
2017-08-14,73.05999755859375,73.72000122070312,72.94999694824219,73.58999633789062,20096600,1.5624465393735754,1.576561246084449,1.5600940882550967,1.573780987584041
2017-08-15,73.58999633789062,73.58999633789062,73.04000091552734,73.22000122070312,19181400,1.573780987584041,1.573780987584041,1.5620188951523566,1.5658683457861666
2017-08-16,73.33999633789062,74.0999984741211,73.16999816894531,73.6500015258789,18150400,1.5684345374348998,1.5846877915732878,1.5647989904920543,1.5750642465691178
2017-08-17,73.58000183105469,73.87000274658203,72.4000015258789,72.4000015258789,22977500,1.5735672470537867,1.5797691488060757,1.548331995823412,1.548331995823412
2017-08-18,72.2699966430664,72.83999633789062,71.93000030517578,72.48999786376953,18761500,1.5455517373230043,1.5577416371366177,1.5382806434373133,1.5502566395599622
2017-08-21,72.47000122070312,72.4800033569336,71.69999694824219,72.1500015258789,17734800,1.5498289953387432,1.5500428990297077,1.533361837509391,1.542985545674271
2017-08-22,72.3499984741211,73.23999786376953,72.3499984741211,73.16000366210938,14343700,1.5472626405293,1.5662959900073854,1.5472626405293,1.5645852499618
2017-08-23,72.95999908447266,73.1500015258789,72.52999877929688,72.72000122070312,13766500,1.560307991946061,1.5643713462708355,1.55111209116311,1.5551754454878843
2017-08-24,72.73999786376953,72.86000061035156,72.06999969482422,72.69000244140625,17098300,1.5556030897091033,1.5581694445185466,1.5412746424679755,1.554533897575701
2017-08-25,72.86000061035156,73.3499984741211,72.4800033569336,72.81999969482422,12794300,1.5581694445185466,1.5686484411258643,1.5500428990297077,1.5573139929153987
2017-08-28,73.05999755859375,73.08999633789062,72.55000305175781,72.83000183105469,14569700,1.5624465393735754,1.5630880872857589,1.5515398985450388,1.5575278966063633
2017-08-29,72.25,73.16000366210938,72.05000305175781,73.05000305175781,11478400,1.5451240931017853,1.5645852499618,1.5408469982467565,1.5622327988433211
2017-08-30,73.01000213623047,74.20999908447266,72.83000183105469,74.01000213623047,16897800,1.5613773472401733,1.5870402426917667,1.5575278966063633,1.5827631478367379
2017-08-31,74.02999877929688,74.95999908447266,73.80000305175781,74.7699966430664,27652800,1.5831907920579567,1.6030795931391901,1.5782721492907446,1.5990162388144156
2017-09-01,74.70999908447266,74.73999786376953,73.63999938964844,73.94000244140625,21736200,1.597733142990049,1.5983746909022323,1.5748503428781533,1.5812661483214068
2017-09-05,73.33999633789062,73.88999938964844,72.9800033569336,73.61000061035156,21556000,1.5684345374348998,1.5801967930272944,1.56073579932799,1.57420879496597
2017-09-06,73.73999786376953,74.04000091552734,73.3499984741211,73.4000015258789,16535800,1.5769888903056677,1.5834046957489212,1.5686484411258643,1.5697177964199767
2017-09-07,73.68000030517578,74.5999984741211,73.5999984741211,74.33999633789062,17471200,1.575705794481301,1.59538069187157,1.5739948912750055,1.5898203380314644
2017-09-08,74.33000183105469,74.44000244140625,73.83999633789062,73.9800033569336,14703800,1.5896065975012101,1.5919590486196888,1.579127437733182,1.5821215999245546
2017-09-11,74.30999755859375,74.94000244140625,74.30999755859375,74.76000213623047,17910400,1.589178790119281,1.6026519489179711,1.589178790119281,1.598802498284161
2017-09-12,74.76000213623047,75.23999786376953,74.37000274658203,74.68000030517578,14394900,1.598802498284161,1.6090675912005146,1.5904620491043577,1.5970915950778657
2017-09-13,74.93000030517578,75.2300033569336,74.55000305175781,75.20999908447266,13380800,1.6024380452270066,1.60885385067026,1.5943114997381678,1.608426043288331
2017-09-14,75.0,75.48999786376953,74.5199966430664,74.7699966430664,15733900,1.6039350447423377,1.6144140413496557,1.5936697886652744,1.5990162388144156
2017-09-15,74.83000183105469,75.38999938964844,74.06999969482422,75.30999755859375,38578400,1.6002994977994922,1.612275493922141,1.5840462436611045,1.6105645907158457
2017-09-18,75.2300033569336,75.97000122070312,75.04000091552734,75.16000366210938,23307000,1.60885385067026,1.624679297426719,1.6047904963454855,1.607356851154929
2017-09-19,75.20999908447266,75.70999908447266,75.01000213623047,75.44000244140625,16093300,1.608426043288331,1.6191189435866133,1.6041489484333022,1.6133448492162534
2017-09-20,75.3499984741211,75.55000305175781,74.30999755859375,74.94000244140625,21587900,1.6114200423189933,1.6156973003347324,1.589178790119281,1.6026519489179711
2017-09-21,75.11000061035156,75.23999786376953,74.11000061035156,74.20999908447266,19186100,1.6062874958608166,1.6090675912005146,1.5849016952642523,1.5870402426917667
2017-09-22,73.98999786376953,74.51000213623047,73.8499984741211,74.41000366210938,14111400,1.5823353404548088,1.59345604813502,1.5793413414241466,1.5913175007075056
2017-09-25,74.08999633789062,74.25,72.91999816894531,73.26000213623047,24149200,1.5844738878823232,1.5878956942949145,1.5594525403429131,1.5667237973893144
2017-09-26,73.66999816894531,73.80999755859375,72.98999786376953,73.26000213623047,18019600,1.5754918907903366,1.5784858898209988,1.5609495398582443,1.5667237973893144
2017-09-27,73.55000305175781,74.16999816894531,73.16999816894531,73.8499984741211,19565100,1.5729256991416034,1.5861847910886189,1.5647989904920543,1.5793413414241466
2017-09-28,73.54000091552734,73.97000122070312,73.30999755859375,73.87000274658203,10883800,1.5727117954506389,1.58190769623359,1.5677929895227165,1.5797691488060757
2017-09-29,73.94000244140625,74.54000091552734,73.87999725341797,74.48999786376953,17079100,1.5812661483214068,1.5940975960472035,1.57998288933633,1.5930282407530911
2017-10-02,74.70999908447266,75.01000213623047,74.30000305175781,74.61000061035156,15304800,1.597733142990049,1.6041489484333022,1.5889650495890266,1.5955945955625346
2017-10-03,74.66999816894531,74.87999725341797,74.19000244140625,74.26000213623047,12190400,1.5968776913869012,1.6013686899328945,1.586612598470548,1.588109597985879
2017-10-04,74.08999633789062,74.72000122070312,73.70999908447266,74.69000244140625,13317700,1.5844738878823232,1.5979470466810133,1.5763473423934844,1.59730549876883
2017-10-05,75.22000122070312,76.12000274658203,74.95999908447266,75.97000122070312,21195300,1.6086399469792956,1.6278872001483458,1.6030795931391901,1.624679297426719
2017-10-06,75.66999816894531,76.02999877929688,75.54000091552734,76.0,13959800,1.6182634919834655,1.6259623932510856,1.6154833966437678,1.6253208453389023
2017-10-09,75.97000122070312,76.55000305175781,75.86000061035156,76.29000091552734,11386500,1.624679297426719,1.637083100931297,1.62232684630824,1.6315227470911913
2017-10-10,76.33000183105469,76.62999725341797,76.13999938964844,76.29000091552734,13944500,1.632378198694339,1.6387938409768823,1.6283148443695645,1.6315227470911913
2017-10-11,76.36000061035156,76.45999908447266,75.94999694824219,76.41999816894531,15388900,1.6330197466065224,1.6351582940340368,1.62425149004479,1.634302842430889
2017-10-12,76.48999786376953,77.29000091552734,76.37000274658203,77.12000274658203,16876500,1.63579984194622,1.6529085476877559,1.633233650297487,1.6492730007449101
2017-10-13,77.58999633789062,77.87000274658203,77.29000091552734,77.48999786376953,15335700,1.659324189970299,1.6653123511923336,1.6529085476877559,1.6571856425427847
2017-10-16,77.41999816894531,77.80999755859375,77.3499984741211,77.6500015258789,12380100,1.6556886430274536,1.664029092207257,1.6541916435121224,1.6606074489553757
2017-10-17,77.47000122070312,77.62000274658203,77.25,77.58999633789062,16824000,1.6567579983215657,1.6599659010431924,1.652053096084608,1.659324189970299
2017-10-18,77.66999816894531,77.8499984741211,77.37000274658203,77.61000061035156,13300700,1.6610350931765947,1.6648845438104047,1.6546194508940513,1.659751997352228
2017-10-19,77.56999969482422,77.93000030517578,77.3499984741211,77.91000366210938,15092800,1.6588965457490803,1.6665954470167001,1.6541916435121224,1.6661678027954814
2017-10-20,78.31999969482422,78.97000122070312,78.22000122070312,78.80999755859375,22866400,1.6749358961965035,1.6888366992164126,1.6727973487689891,1.6854148928038213
2017-10-23,78.98999786376953,79.33999633789062,78.76000213623047,78.83000183105469,20627200,1.6892643434376313,1.6967493410142869,1.6843457006704192,1.6858427001857503
2017-10-24,78.9000015258789,79.19999694824219,78.45999908447266,78.86000061035156,17517200,1.6873396997010814,1.6937553419836247,1.6779298952271657,1.6864842480979336
2017-10-25,78.58000183105469,79.0999984741211,78.01000213623047,78.62999725341797,20410800,1.6804962500366092,1.6916167945561102,1.6683063502229958,1.6815654421700112
2017-10-26,79.19999694824219,79.41999816894531,78.75,78.76000213623047,32120700,1.6937553419836247,1.6984602442205825,1.6841317969794547,1.6843457006704192
2017-10-27,84.37000274658203,86.19999694824219,83.61000061035156,83.80999755859375,71066700,1.804320055070003,1.8434559461595763,1.788066800931615,1.7923438957866438
2017-10-30,83.69999694824219,84.33000183105469,83.11000061035156,83.88999938964844,31756700,1.789991444668165,1.803464603466855,1.7773739006333327,1.7940547989929394
2017-10-31,84.36000061035156,84.36000061035156,83.11000061035156,83.18000030517578,27086600,1.8041061513790384,1.8041061513790384,1.7773739006333327,1.7788709001486638
2017-11-01,83.68000030517578,83.76000213623047,82.87999725341797,83.18000030517578,22307400,1.789563800446946,1.7912747036532417,1.7724550947054105,1.7788709001486638
2017-11-02,83.3499984741211,84.45999908447266,83.12000274658203,84.05000305175781,23992900,1.7825064470915095,1.8062446988065528,1.7775878043242972,1.7974766054055307
2017-11-03,84.08000183105469,84.54000091552734,83.4000015258789,84.13999938964844,17633500,1.798118153317714,1.8079556020128484,1.7835758023856216,1.7994012491420805
2017-11-06,84.19999694824219,84.69999694824219,84.08000183105469,84.47000122070312,19860900,1.8006843449664471,1.8113772452647294,1.798118153317714,1.8064586024975173
2017-11-07,84.7699966430664,84.9000015258789,83.93000030517578,84.2699966430664,17939700,1.8128742447800605,1.8156545032804685,1.7949102505960872,1.8021813444817782
2017-11-08,84.13999938964844,84.61000061035156,83.83000183105469,84.55999755859375,18034200,1.7994012491420805,1.8094526015281795,1.7927717031685728,1.8083832462340672
2017-11-09,84.11000061035156,84.2699966430664,82.9000015258789,84.08999633789062,21178400,1.7987597012298973,1.8021813444817782,1.7728829020873393,1.7983318938479682
2017-11-10,83.79000091552734,84.0999984741211,83.2300033569336,83.87000274658203,19397800,1.791916251565425,1.7985457975389327,1.7799402554427761,1.7936271547717206
2017-11-13,83.66000366210938,83.94000244140625,83.45999908447266,83.93000030517578,14196900,1.7891361562257273,1.7951241542870517,1.7848588982099882,1.7949102505960872
2017-11-14,83.5,84.0999984741211,82.9800033569336,84.05000305175781,18801300,1.785714349813136,1.7985457975389327,1.774593805293635,1.7974766054055307
2017-11-15,83.47000122070312,83.69000244140625,82.69000244140625,82.9800033569336,19383100,1.7850728019009527,1.7897777041379106,1.768391903541346,1.774593805293635
2017-11-16,83.0999984741211,83.41999816894531,82.94000244140625,83.19999694824219,20962800,1.7771599969423684,1.7840034466068406,1.7737383536904872,1.7792985443698828
2017-11-17,83.12000274658203,83.12000274658203,82.23999786376953,82.4000015258789,22079000,1.7775878043242972,1.7775878043242972,1.758768195376466,1.7621900017890573
2017-11-20,82.4000015258789,82.58999633789062,82.25,82.52999877929688,16315000,1.7621900017890573,1.7662531929531216,1.7589820990674305,1.764970097128755
2017-11-21,82.73999786376953,83.83999633789062,82.73999786376953,83.72000122070312,21237500,1.7694610956747483,1.7929854436988273,1.7694610956747483,1.790419252050094
2017-11-22,83.83000183105469,83.9000015258789,83.04000091552734,83.11000061035156,20553100,1.7927717031685728,1.794268702683904,1.7758769011180016,1.7773739006333327
2017-11-24,83.01000213623047,83.43000030517578,82.77999877929688,83.26000213623047,7425600,1.7752353532058183,1.784217350297805,1.7703165472778961,1.7805818033549594
2017-11-27,83.30999755859375,83.9800033569336,83.30000305175781,83.87000274658203,18265200,1.7816509954883617,1.7959796058901996,1.7814372549581072,1.7936271547717206
2017-11-28,84.06999969482422,85.05999755859375,84.0199966430664,84.87999725341797,21926000,1.7979042496267494,1.8190761465323495,1.796834894332637,1.8152266958985395
2017-11-29,84.70999908447266,84.91999816894531,83.18000030517578,83.33999633789062,27381100,1.811591148955694,1.8160821475016873,1.7788709001486638,1.782292543400545
2017-11-30,83.51000213623047,84.5199966430664,83.33999633789062,84.16999816894531,33054600,1.7859282535041006,1.8075277946309194,1.782292543400545,1.8000427970542638
2017-12-01,83.5999984741211,84.80999755859375,83.22000122070312,84.26000213623047,29532100,1.7878528972406504,1.8137296963832084,1.7797263517518116,1.801967603951524
2017-12-04,84.41999816894531,84.43000030517578,80.69999694824219,81.08000183105469,39094900,1.805389247203405,1.8056031508943695,1.7258340428784715,1.7339607515280204
2017-12-05,81.33999633789062,82.68000030517578,80.9800033569336,81.58999633789062,26152300,1.7395209422074158,1.7681779998503817,1.731822204100506,1.744867392356557
2017-12-06,81.55000305175781,83.13999938964844,81.43000030517578,82.77999877929688,26162100,1.7440121039141194,1.7780154485455162,1.741445749104676,1.7703165472778961
2017-12-07,82.54000091552734,82.80000305175781,82.0,82.48999786376953,23184500,1.7651840008197195,1.770744354659825,1.7536356489182894,1.7641146455256072
2017-12-08,83.62999725341797,84.58000183105469,83.33000183105469,84.16000366210938,24489100,1.788494445152834,1.8088110536159963,1.7820788028702905,1.7998290565240096
2017-12-11,84.29000091552734,85.37000274658203,84.12000274658203,85.2300033569336,22857900,1.8026091518637073,1.8257058556665673,1.7989736049208618,1.822711856635905
2017-12-12,85.30999755859375,86.05000305175781,85.08000183105469,85.58000183105469,23924100,1.8244225966814906,1.8402482065986596,1.8195039539142785,1.8301968542125606
2017-12-13,85.73999786376953,86.0,85.16999816894531,85.3499984741211,22062700,1.8336184974644418,1.8391788513045473,1.8214285976508284,1.8252780482846385
2017-12-14,85.43000030517578,85.87000274658203,84.52999877929688,84.69000244140625,19306000,1.826988951490934,1.8363987559648496,1.807741698321884,1.8111635047344752
2017-12-15,85.26000213623047,87.08999633789062,84.87999725341797,86.8499984741211,53936700,1.8233534045480886,1.8624892956376617,1.8152266958985395,1.8573567491794851
2017-12-18,87.12000274658203,87.5,86.2300033569336,86.37999725341797,22283800,1.8631310067105553,1.8712575521993942,1.8440976572324697,1.8473053967933863
2017-12-19,86.3499984741211,86.3499984741211,85.2699966430664,85.83000183105469,23524800,1.8466638488812028,1.8466638488812028,1.8235671450783428,1.8355433043617018
2017-12-20,86.19999694824219,86.30000305175781,84.70999908447266,85.5199966430664,23674900,1.8434559461595763,1.8455946567478008,1.811591148955694,1.828913595227484
2017-12-21,86.05000305175781,86.0999984741211,85.4000015258789,85.5,17990700,1.8402482065986596,1.841317398732062,1.8263474035787508,1.8284859510062652
2017-12-22,85.4000015258789,85.62999725341797,84.91999816894531,85.51000213623047,14145800,1.8263474035787508,1.831266046345963,1.8160821475016873,1.8286998546972295
2017-12-26,85.30999755859375,85.52999877929688,85.02999877929688,85.4000015258789,9891200,1.8244225966814906,1.8291274989184485,1.8184345986201662,1.8263474035787508
2017-12-27,85.6500015258789,85.9800033569336,85.22000122070312,85.70999908447266,14678000,1.8316938537278917,1.8387512070833285,1.8224979529449408,1.8329769495522585
2017-12-28,85.9000015258789,85.93000030517578,85.55000305175781,85.72000122070312,10594300,1.8370403038770329,1.8376818517892162,1.8295553063003773,1.8331908532432228
2017-12-29,85.62999725341797,86.05000305175781,85.5,85.54000091552734,18717400,1.831266046345963,1.8402482065986596,1.8284859510062652,1.829341402609413
2018-01-02,86.12999725341797,86.30999755859375,85.5,85.94999694824219,22483800,1.8419589466442452,1.8458083972780552,1.8284859510062652,1.8381094960104352
2018-01-03,86.05999755859375,86.51000213623047,85.97000122070312,86.3499984741211,26061400,1.840461947128914,1.850085655293794,1.838537303392364,1.8466638488812028
2018-01-04,86.58999633789062,87.66000366210938,86.56999969482422,87.11000061035156,21912000,1.8517963953393797,1.8746793586119852,1.8513687511181607,1.8629171030195908
2018-01-05,87.66000366210938,88.41000366210938,87.43000030517578,88.19000244140625,23407100,1.8746793586119852,1.8907187090594086,1.869760552684063,1.8860138068224508
2018-01-08,88.19999694824219,88.58000183105469,87.5999984741211,88.27999877929688,22113000,1.8862275473527053,1.8943542560022542,1.8733960996269086,1.887938450559001
2018-01-09,88.6500015258789,88.7300033569336,87.86000061035156,88.22000122070312,19484300,1.8958512555175853,1.897562158723881,1.8789564534670142,1.8866553547346343
2018-01-10,87.86000061035156,88.19000244140625,87.41000366210938,87.81999969482422,18652200,1.8789564534670142,1.8860138068224508,1.8693329084628443,1.8781010018638664
2018-01-11,88.12999725341797,88.12999725341797,87.23999786376953,88.08000183105469,17808900,1.8847305478373741,1.8847305478373741,1.8656971983592885,1.883661355703972
2018-01-12,88.66999816894531,89.77999877929688,88.44999694824219,89.5999984741211,24271500,1.8962788997388043,1.9200171514538475,1.8915739975018464,1.9161677008200375
2018-01-16,90.0999984741211,90.79000091552734,88.01000213623047,88.3499984741211,36599700,1.9268606011183198,1.9416168557413767,1.882164356188641,1.889435450074332
2018-01-17,89.08000183105469,90.27999877929688,88.75,90.13999938964844,25621200,1.9050471563005364,1.9307100517521298,1.8979898029450997,1.9277160527214676
2018-01-18,89.80000305175781,90.66999816894533,89.66000366210938,90.0999984741211,24159700,1.9204449588357766,1.9390505009319334,1.9174509598051144,1.9268606011183198
2018-01-19,90.13999938964844,90.61000061035156,89.66000366210938,90.0,36875000,1.9277160527214676,1.9377674051075666,1.9174509598051144,1.9247220536908054
2018-01-22,90.0,91.62000274658205,89.73999786376953,91.61000061035156,23601600,1.9247220536908054,1.9593671093950957,1.9191616998506997,1.959153205704131
2018-01-23,91.9000015258789,92.3000030517578,91.54000091552734,91.9000015258789,23412800,1.96535510745642,1.9739094603271874,1.9576562061887999,1.96535510745642
2018-01-24,92.5500030517578,93.43000030517578,91.58000183105467,91.81999969482422,33277500,1.9792559104763285,1.9980753562634501,1.9585116577919475,1.9636442042501243
2018-01-25,92.47000122070312,93.23999786376952,91.93000030517578,92.33000183105467,26383200,1.9775450072700334,1.9940120019386753,1.9659966553686032,1.974551008239371
2018-01-26,93.12000274658205,94.05999755859376,92.58000183105467,94.05999755859376,29172200,1.9914458102899426,2.0115483519014306,1.9798974583885118,2.0115483519014306
2018-01-29,95.13999938964844,95.4499969482422,93.72000122070312,93.91999816894533,31569900,2.0346450557042903,2.0412746016777983,2.004277258015739,2.0085543528707683
2018-01-30,93.3000030517578,93.66000366210938,92.0999984741211,92.73999786376952,38635100,1.995295260923752,2.0029941621913725,1.9696322023114488,1.983319101640393
2018-01-31,93.75,95.4000015258789,93.51000213623048,95.01000213623048,48756300,2.004918805927922,2.0402054095443956,1.999786259469746,2.031864960364593
2018-02-01,94.79000091552734,96.06999969482422,93.58000183105467,94.26000213623048,47227900,2.0271600581276346,2.0545338567855236,2.0012832589850764,2.015825609917169
2018-02-02,93.63999938964844,93.97000122070312,91.5,91.77999877929688,47867800,2.0025663548094434,2.00962370816488,1.956800754585652,1.9627887526469765
2018-02-05,90.55999755859376,93.23999786376952,88.0,88.0,51031500,1.9366980498134545,1.9940120019386753,1.8819504524976765,1.8819504524976765
2018-02-06,86.88999938964844,91.4800033569336,85.25,91.33000183105467,67998600,1.858212200782633,1.9563731103644333,1.823139500857124,1.9531652076428063
2018-02-07,90.48999786376952,91.7699966430664,89.19999694824219,89.61000061035156,41107600,1.935201050298123,1.9625748489560122,1.9076133479492698,1.916381604511002
2018-02-08,89.70999908447266,89.87999725341797,84.76000213623047,85.01000213623047,55628700,1.9185201519385164,1.922155698881362,1.8126605042498063,1.8180069543989474
2018-02-09,86.30000305175781,88.93000030517578,83.83000183105469,88.18000030517578,63499100,1.8455946567478008,1.9018392535789097,1.7927717031685728,1.8857999031314865
2018-02-12,88.73999786376953,89.77999877929688,87.93000030517578,89.12999725341797,35720300,1.8977758992541354,1.9200171514538475,1.8804534529823453,1.9061163484339387
2018-02-13,88.93000030517578,90.0,87.80000305175781,89.83000183105469,26407700,1.9018392535789097,1.9247220536908054,1.8776733576426476,1.9210865067479599
2018-02-14,88.51000213623047,90.98999786376952,88.41000366210938,90.80999755859376,34960900,1.892857256486923,1.945893950596405,1.8907187090594086,1.9420444999625956
2018-02-15,91.20999908447266,92.72000122070312,90.62000274658205,92.66000366210938,27823900,1.9505988528333633,1.9828914574191745,1.9379813087985314,1.981608361594808
2018-02-16,92.4499969482422,93.5,91.8000030517578,92.0,30596900,1.9771171998881047,1.9995723557787812,1.9632165600289053,1.9674936548839344
2018-02-20,91.4800033569336,93.05999755859376,91.01000213623048,92.72000122070312,30911700,1.9563731103644333,1.9901625513048657,1.9463217579783347,1.9828914574191745
2018-02-21,92.9800033569336,93.36000061035156,91.48999786376952,91.48999786376952,26922500,1.9884518112592802,1.996578356748119,1.9565868508946873,1.9565868508946873
2018-02-22,92.0500030517578,92.7300033569336,91.36000061035156,91.7300033569336,24392800,1.9685630101780465,1.983105361110139,1.9538067555549898,1.9617195605135744
2018-02-23,93.5999984741211,94.06999969482422,92.36000061035156,94.05999755859376,26329200,2.0017109032062956,2.0117622555923944,1.9751925561515544,2.0115483519014306
2018-02-26,94.4000015258789,95.4499969482422,94.25,95.41999816894533,30199800,2.0188196089478314,2.0412746016777983,2.0156117062262044,2.0406330537656148
2018-02-27,95.73999786376952,95.83999633789062,94.1999969482422,94.1999969482422,25869100,2.0474765034300866,2.0496150508576014,2.0145423509320928,2.0145423509320928
2018-02-28,94.83999633789062,95.70999908447266,93.62999725341795,93.7699966430664,31167300,2.028229250261037,2.0468349555179035,2.0023524511184787,2.005346450149141
2018-03-01,93.98999786376952,94.56999969482422,91.83999633789062,92.8499984741211,37135600,2.0100513523860988,2.0224551558906767,1.9640718484713433,1.9856715527588722
2018-03-02,91.58000183105467,93.1500015258789,90.86000061035156,93.0500030517578,32830400,1.9585116577919475,1.9920873582021257,1.9431138552567078,1.9899488107746108
2018-03-05,92.33999633789062,94.2699966430664,92.26000213623048,93.63999938964844,23901600,1.9747647487696254,2.016039350447423,1.9730540087240402,2.0025663548094434
2018-03-06,94.33999633789062,94.48999786376952,92.94000244140624,93.31999969482422,22175800,2.0175363499627545,2.020744252684381,1.987596359656132,1.9957229051449712
2018-03-07,93.16000366210938,93.94000244140624,92.43000030517578,93.86000061035156,26716100,1.99230126189309,2.0089821602526965,1.9766895556668855,2.0072712570464013
2018-03-08,94.2699966430664,95.0999984741211,93.7699966430664,94.43000030517578,25887800,2.016039350447423,2.0337896041011425,2.005346450149141,2.0194611568600145
2018-03-09,95.29000091552734,96.54000091552734,95.0,96.54000091552734,36937300,2.037852958425917,2.0645852091716224,2.031651056673628,2.0645852091716224
2018-03-12,96.5,97.20999908447266,96.04000091552734,96.7699966430664,26073700,2.0637297575684745,2.0789136564127504,2.05389230887334,2.0695038519388347
2018-03-13,97.0,97.23999786376952,93.97000122070312,94.41000366210938,35387800,2.074422657866757,2.0795552043249335,2.00962370816488,2.0190335126387957
2018-03-14,95.12000274658205,95.41000366210938,93.5,93.8499984741211,32132000,2.0342174114830716,2.0404193132353603,1.9995723557787812,2.0070573533554366
2018-03-15,93.52999877929688,94.58000183105467,92.83000183105467,94.18000030517578,27611000,2.0002139036909643,2.022669059581641,1.985243908537653,2.0141147067108736
2018-03-16,94.68000030517578,95.37999725341795,93.91999816894533,94.5999984741211,49081300,2.024807607009156,2.0397776021624665,2.0085543528707683,2.02309670380286
2018-03-19,93.73999786376952,93.9000015258789,92.11000061035156,92.88999938964844,33344100,2.0047049022369574,2.008126708649549,1.9698461060024133,1.98652700436202
2018-03-20,93.0500030517578,93.7699966430664,93.0,93.12999725341795,23075200,1.9899488107746108,2.005346450149141,1.988879455480499,1.9916595508201964
2018-03-21,92.93000030517578,94.0500030517578,92.20999908447266,92.4800033569336,24457100,1.9873824559651678,2.011334611371175,1.9719846534299277,1.9777589109609979
2018-03-22,91.2699966430664,91.75,89.66000366210938,89.79000091552734,38604700,1.95188194865773,1.9621472047347932,1.9174509598051144,1.920231055144812
2018-03-23,89.5,90.45999908447266,87.08000183105469,87.18000030517578,44068900,1.914029153392523,1.9345595023859399,1.8622755551074075,1.864414102534922
2018-03-26,90.61000061035156,94.0,90.4000015258789,93.77999877929688,56396800,1.9377674051075666,2.0102652560770635,1.9332764065615733,2.0055603538401057
2018-03-27,94.94000244140624,95.13999938964844,88.51000213623047,89.47000122070312,56569000,2.030367960849261,2.0346450557042903,1.892857256486923,1.9133876054803398
2018-03-28,89.81999969482422,91.2300033569336,88.87000274658203,89.38999938964844,52501100,1.9208726030569954,1.9510266602152921,1.9005561577545431,1.9116767022740442
2018-03-29,90.18000030517578,92.29000091552734,88.4000015258789,91.2699966430664,45867500,1.9285715043246154,1.9736955566362233,1.8905048053684441,1.95188194865773
2018-04-02,90.47000122070312,90.87999725341795,87.51000213623047,88.5199966430664,48515400,1.9347734060769044,1.9435414994779263,1.8714714558903587,1.8930709970171775
2018-04-03,89.58000183105469,90.05000305175781,87.88999938964844,89.70999908447266,37213800,1.9157400565988187,1.9257914089849177,1.8795980013791975,1.9185201519385164
2018-04-04,87.8499984741211,92.76000213623048,87.7300033569336,92.33000183105467,35560000,1.8787425497760497,1.9837469090223225,1.8761763581273163,1.974551008239371
2018-04-05,92.44000244140624,93.06999969482422,91.4000015258789,92.37999725341795,29771900,1.9769034593578496,1.99037645499583,1.9546622071581377,1.975620200372773
2018-04-06,91.48999786376952,92.45999908447266,89.4800033569336,90.2300033569336,38026000,1.9565868508946873,1.9773311035790688,1.9136015091713043,1.9296408596187278
2018-04-09,91.04000091552734,93.16999816894533,90.62000274658205,90.7699966430664,31533900,1.9469633058905178,1.9925150024233447,1.9379813087985314,1.9411890483594476
2018-04-10,92.38999938964844,93.27999877929688,91.63999938964844,92.87999725341795,26812000,1.9758341040637377,1.9948674535418234,1.9597947536163143,1.9863131006710553
2018-04-11,92.01000213623048,93.29000091552734,91.4800033569336,91.86000061035156,24872100,1.967707558574899,1.995081357232788,1.9563731103644333,1.9644996558532721
2018-04-12,92.43000030517578,94.16000366210938,92.43000030517578,93.58000183105467,26758900,1.9766895556668855,2.013687062489655,1.9766895556668855,2.0012832589850764
2018-04-13,94.0500030517578,94.18000030517578,92.44000244140624,93.08000183105467,23346100,2.011334611371175,2.0141147067108736,1.9769034593578496,1.9905903586867941
2018-04-16,94.06999969482422,94.66000366210938,93.41999816894533,94.16999816894533,20288100,2.0117622555923944,2.0243799627879366,1.9978614525724858,2.0139008030199093
2018-04-17,95.0,96.54000091552734,94.87999725341795,96.06999969482422,26771000,2.031651056673628,2.0645852091716224,2.029084701864184,2.0545338567855236
2018-04-18,96.22000122070312,96.72000122070312,95.5199966430664,96.44000244140624,21043300,2.05774175950715,2.0684346598054324,2.042771601193129,2.062446661744108
2018-04-19,96.44000244140624,97.06999969482422,95.33999633789062,96.11000061035156,23552500,2.062446661744108,2.075919657382088,2.038922150559319,2.0553893083886714
2018-04-20,95.91000366210938,96.11000061035156,94.0500030517578,95.0,31154400,2.0511122135336426,2.0553893083886714,2.011334611371175,2.031651056673628
2018-04-23,95.73999786376952,96.29000091552734,94.62999725341795,95.3499984741211,22331800,2.0474765034300866,2.0592387590224814,2.0237382517150433,2.0391360542502834
2018-04-24,96.23999786376952,96.47000122070312,92.41000366210938,93.12000274658205,34524800,2.058169403728369,2.0630882096562915,1.9762619114456668,1.9914458102899426
2018-04-25,93.3000030517578,93.3000030517578,90.27999877929688,92.30999755859376,33729300,1.995295260923752,1.995295260923752,1.9307100517521298,1.9741232008574425
2018-04-26,93.5500030517578,95.1500015258789,93.0999984741211,94.26000213623048,42529000,2.0006417110728933,2.0348589593952546,1.9910180029080133,2.015825609917169
2018-04-27,97.5999984741211,97.9000015258789,93.91000366210938,95.81999969482422,48272800,2.0872541055925535,2.093669911035807,2.0083406123405134,2.049187406636382
2018-04-30,96.33000183105467,96.4000015258789,93.1500015258789,93.5199966430664,41523600,2.060094210625629,2.06159121014096,1.9920873582021257,2.0
2018-05-01,93.20999908447266,95.29000091552734,92.79000091552734,95.0,31408900,1.9933704540264923,2.037852958425917,1.9843884569345056,2.031651056673628
2018-05-02,94.98999786376952,95.16999816894533,93.19000244140624,93.51000213623048,27471000,2.031437152982663,2.035286603616474,1.992942809805273,1.999786259469746
2018-05-03,92.95999908447266,94.93000030517578,92.4499969482422,94.06999969482422,31142500,1.9880240038773511,2.0301540571582968,1.9771171998881047,2.0117622555923944
2018-05-04,93.31999969482422,95.37000274658205,92.91999816894533,95.16000366210938,22531300,1.9957229051449712,2.039563861632213,1.9871685522742035,2.035072863086219
2018-05-07,95.16999816894533,96.70999908447266,95.0999984741211,96.22000122070312,24242000,2.035286603616474,2.068220756114468,2.0337896041011425,2.05774175950715
2018-05-08,95.8499984741211,96.16000366210938,95.05999755859376,95.80999755859376,23484600,2.0498289545485657,2.0564586636827835,2.0329341524979947,2.0489735029454184
2018-05-09,96.01000213623048,96.97000122070312,95.0500030517578,96.94000244140624,27327400,2.053250760961157,2.0737811099545738,2.03272041196774,2.07313956204239
2018-05-10,97.45999908447266,97.9499969482422,97.0500030517578,97.91000366210938,22388100,2.0842601065618913,2.0947391031692093,2.075492013160869,2.0938838147267713
2018-05-11,97.8000030517578,97.87000274658205,97.04000091552734,97.6999969482422,16778300,2.091531363608292,2.093028363123624,2.0752781094699047,2.0893926530200684
2018-05-14,97.91999816894533,98.69000244140624,97.30999755859376,98.02999877929688,19454100,2.0940975552570262,2.110564713086378,2.081052203840265,2.096450006375505
2018-05-15,97.23999786376952,97.8499984741211,96.33999633789062,97.31999969482422,24594000,2.0795552043249335,2.092600555741695,2.0603079511558833,2.081266107531229
2018-05-16,97.36000061035156,97.4000015258789,96.62000274658205,97.1500015258789,17384700,2.082121559134377,2.0829770107375247,2.0662961123779184,2.077630560588384
2018-05-17,96.76000213623048,97.54000091552734,95.83000183105467,96.18000030517578,17246700,2.0692901114085807,2.085971009768187,2.0494013103273465,2.0568863079040023
2018-05-18,96.01000213623048,96.93000030517578,96.01000213623048,96.36000061035156,17865800,2.053250760961157,2.072925658351426,2.053250760961157,2.0607357585378123
2018-05-21,97.0,98.01000213623048,96.8000030517578,97.5999984741211,19422500,2.074422657866757,2.096022362154286,2.0701455630117276,2.0872541055925535
2018-05-22,97.68000030517578,98.16999816894533,97.1999969482422,97.5,15441200,2.088965008798849,2.099444005406167,2.078699752721786,2.085115558165039
2018-05-23,96.70999908447266,98.7300033569336,96.31999969482422,98.66000366210938,21251200,2.068220756114468,2.111420164689526,2.0598803069346645,2.109923165174195
2018-05-24,98.7300033569336,98.94000244140624,96.80999755859376,98.30999755859376,26649300,2.111420164689526,2.115911163235519,2.070359303541983,2.1024380044368294
2018-05-25,98.3000030517578,98.9800033569336,97.86000061035156,98.36000061035156,18363900,2.1022242639065745,2.1167666148386672,2.092814459432659,2.1035073597309415
2018-05-29,97.83999633789062,98.87999725341795,97.2300033569336,98.01000213623048,28671000,2.09238665205073,2.114627904250442,2.0793414637946794,2.096022362154286
2018-05-30,98.30999755859376,99.25,97.91000366210938,98.9499969482422,22158500,2.1024380044368294,2.122540709209027,2.0938838147267713,2.116124903765774
2018-05-31,99.29000091552734,99.98999786376952,98.61000061035156,98.83999633789062,34140900,2.1233961608121747,2.138366155965486,2.1088538098800824,2.1137724526472947
2018-06-01,99.27999877929688,100.86000061035156,99.16999816894533,100.79000091552734,28655600,2.1231822571212104,2.1569718612223525,2.1208298060027317,2.1554748617070216
2018-06-04,101.26000213623048,101.86000061035156,100.8499984741211,101.66999816894533,27281600,2.165526214093121,2.178357661818917,2.156757957531388,2.174294307494143
2018-06-05,102.0,102.33000183105467,101.52999877929688,102.19000244140624,23514400,2.1813516608495793,2.188409014205016,2.1713003084634805,2.1854150151743537
2018-06-06,102.4800033569336,102.5999984741211,101.9000015258789,102.48999786376952,21122900,2.191616916926643,2.194183108575376,2.179213113422065,2.191830657456897
2018-06-07,102.6500015258789,102.69000244140624,100.37999725341795,100.87999725341795,28232200,2.1952524638694886,2.196107915472636,2.146706605145289,2.1573995054435713
2018-06-08,101.08999633789062,101.9499969482422,100.54000091552734,101.62999725341795,22165100,2.161890503989565,2.1802823055554676,2.1501284115578807,2.1734388558909945
2018-06-11,101.01000213623048,101.58999633789062,100.66999816894533,101.0500030517578,23490900,2.16017976394398,2.172583404287847,2.1529085068975786,2.161035215547127
2018-06-12,101.0999984741211,101.4499969482422,100.75,101.30999755859376,18325200,2.1621044076805296,2.1695894052571854,2.154619410103874,2.166595406226523
2018-06-13,101.72000122070312,102.01000213623048,100.55999755859376,100.8499984741211,29492900,2.175363662788255,2.181565564540544,2.1505560557790995,2.156757957531388
2018-06-14,101.6500015258789,102.02999877929688,101.0,101.41999816894533,25691800,2.173866663272924,2.181993208761763,2.1599658602530147,2.168947857345002
2018-06-15,101.51000213623048,101.52999877929688,100.06999969482422,100.12999725341795,65738600,2.1708726642422618,2.1713003084634805,2.1400770591717815,2.141360154996148
2018-06-18,100.01000213623048,101.11000061035156,99.41999816894533,100.86000061035156,23586000,2.1387939633474153,2.162318311371494,2.126176256151873,2.1569718612223525
2018-06-19,99.6500015258789,101.0,99.5,100.86000061035156,28653100,2.131095062079795,2.1599658602530147,2.1278871593581683,2.1569718612223525
2018-06-20,101.37000274658205,102.5199966430664,101.12000274658205,101.87000274658205,26180800,2.1678786652115996,2.1924722053690804,2.1625322150624586,2.178571565509882
2018-06-21,102.08000183105467,102.45999908447266,100.87999725341795,101.13999938964844,23198200,2.183062564055875,2.191189109544714,2.1573995054435713,2.162959859283677
2018-06-22,100.41000366210938,100.7699966430664,99.62999725341795,100.41000366210938,38923100,2.147348316218183,2.1550470543250926,2.1306672546978658,2.147348316218183
2018-06-25,100.0,100.11000061035156,97.3000030517578,98.38999938964844,35433300,2.1385800596564506,2.1409325107749293,2.08083846331001,2.1041489076431246
2018-06-26,98.81999969482422,100.08000183105467,98.75,99.08000183105467,26897200,2.113344808426076,2.140290962862746,2.1118478089107446,2.118905162266181
2018-06-27,99.58000183105467,100.0199966430664,97.4000015258789,97.54000091552734,31298400,2.1295980625644635,2.1390077038776694,2.0829770107375247,2.085971009768187
2018-06-28,97.37999725341795,99.11000061035156,97.26000213623048,98.62999725341795,26650700,2.0825492033555957,2.1195467101783647,2.079983011706863,2.109281454101301
2018-06-29,98.93000030517578,99.91000366210938,98.33000183105467,98.61000061035156,28053200,2.1156972595445547,2.1366554159199005,2.102865811818758,2.1088538098800824
2018-07-02,98.0999984741211,100.05999755859376,98.0,100.01000213623048,19564500,2.097947005890836,2.139863155480817,2.0958084584633214,2.1387939633474153
2018-07-03,100.4800033569336,100.62999725341795,98.94000244140624,99.0500030517578,14670300,2.1488453157335137,2.15205305529443,2.115911163235519,2.118263614353998
2018-07-05,99.5,99.91999816894533,99.02999877929688,99.76000213623048,18977400,2.1278871593581683,2.136869156450155,2.117835806972069,2.133447513198274
2018-07-06,99.88999938964844,101.43000030517578,99.66999816894533,101.16000366210938,19234600,2.1362276085379714,2.169161761035966,2.131522706301014,2.163387666665606
2018-07-09,101.6500015258789,102.25,101.25,101.8499984741211,18212000,2.173866663272924,2.1866981109987207,2.165312310402156,2.178143758127953
2018-07-10,102.0,102.51000213623048,101.86000061035156,102.12000274658205,19293100,2.1813516608495793,2.1922584648388264,2.178357661818917,2.183918015659023
2018-07-11,101.1500015258789,102.33999633789062,101.0999984741211,101.9800033569336,19644600,2.1631737629746417,2.1886227547352703,2.1621044076805296,2.1809240166283606
2018-07-12,102.7699966430664,104.41000366210938,102.7300033569336,104.19000244140624,24335900,2.1978186555182218,2.2328915186044407,2.1969633670757838,2.228186616367483
2018-07-13,104.37000274658205,105.5999984741211,104.08999633789062,105.43000030517578,24635200,2.2320360670012933,2.2583405103650698,2.2260479057792586,2.254704963422224
2018-07-16,105.4000015258789,105.81999969482422,104.5199966430664,104.91000366210938,21786900,2.254063415510041,2.2630454126020276,2.2352438065622096,2.243584418902723
2018-07-17,104.61000061035156,106.5,104.31999969482422,105.9499969482422,25901700,2.2371686134594695,2.2775877635341195,2.2309667117071807,2.2658255079417255
2018-07-18,105.94000244140624,106.0500030517578,104.72000122070312,105.12000274658205,29493900,2.2656117674114706,2.2679642185299493,2.2395210645779486,2.2480754174487165
2018-07-19,104.93000030517578,105.30999755859376,103.88999938964844,104.4000015258789,40171600,2.2440120631239417,2.252138608612781,2.2217708109242293,2.2326776149134764
2018-07-20,108.08000183105467,108.1999969482422,106.08000183105467,106.2699966430664,56004000,2.3113773676352616,2.3139435592839956,2.268605766442133,2.2726689576061974
2018-07-23,106.3000030517578,108.13999938964844,106.12999725341795,107.97000122070312,29707000,2.2733106686790907,2.3126604634596286,2.2696749585755347,2.3090249165167833
2018-07-24,108.56999969482422,108.81999969482422,107.26000213623048,107.66000366210938,26316600,2.32185636424258,2.327202814391721,2.293841017672508,2.3023953705432754
2018-07-25,107.95999908447266,111.1500015258789,107.5999984741211,110.83000183105467,30702100,2.3088110128258186,2.3770317689402867,2.3011121115581985,2.370188319275814
2018-07-26,110.73999786376952,111.0,109.5,109.62000274658205,31372100,2.368263512378554,2.37382386621866,2.3417451653238133,2.3443115201332567
2018-07-27,110.18000030517578,110.18000030517578,106.13999938964844,107.68000030517578,37005300,2.3562875162559056,2.3562875162559056,2.2698888622665,2.302823014764494
2018-07-30,107.19000244140624,107.52999877929688,104.76000213623048,105.37000274658205,34668300,2.292344018157176,2.2996151120428676,2.2403765161810965,2.253421867597858
2018-07-31,106.48999786376952,106.72000122070312,105.37999725341795,106.08000183105467,27655200,2.2773738598431548,2.2822926657710774,2.2536356081281115,2.268605766442133
2018-08-01,106.02999877929688,106.4499969482422,105.41999816894533,106.27999877929688,23628700,2.2675364111480207,2.276518408240008,2.2544910597312597,2.272882861297162
2018-08-02,105.4000015258789,108.08999633789062,104.83999633789062,107.56999969482422,26104300,2.254063415510041,2.3115911081655165,2.242087256226682,2.3004705636460154
2018-08-03,107.8000030517578,108.0500030517578,106.81999969482422,108.04000091552734,18659600,2.305389369573937,2.3107358197230785,2.2844312131985918,2.310521916032114
2018-08-06,108.12000274658205,108.41999816894533,107.55999755859376,108.12999725341795,20265900,2.3122328192384103,2.3186484615209535,2.300256659955051,2.312446559768664
2018-08-07,108.55999755859376,109.0999984741211,108.16999816894533,108.87999725341795,16080200,2.3216424605516157,2.3331908124530454,2.313302011371812,2.328485910216087
2018-08-08,109.33000183105467,109.75,108.76000213623048,109.48999786376952,15487500,2.3381096183809675,2.347091615472954,2.325919718567355,2.3415312616328485
2018-08-09,109.70999908447266,110.16000366210938,109.5999984741211,109.66999816894533,13677200,2.3462361638698064,2.355859872034687,2.3438837127513277,2.345380712266659
2018-08-10,109.41999816894533,109.69000244140624,108.37999725341795,109.0,18183700,2.340034262117518,2.3458085196485876,2.3177930099178052,2.331052265025531
2018-08-13,109.23999786376952,109.58000183105467,108.0999984741211,108.20999908447266,18472500,2.336184811483707,2.3434560685301085,2.311805011856481,2.31415746297496
2018-08-14,108.55999755859376,109.75,108.04000091552734,109.55999755859376,16788300,2.3216424605516157,2.347091615472954,2.310521916032114,2.3430282611481803
2018-08-15,108.48999786376952,108.98999786376952,106.81999969482422,107.66000366210938,29982800,2.320145461036284,2.3308383613345662,2.2844312131985918,2.3023953705432754
2018-08-16,108.3000030517578,108.86000061035156,107.3000030517578,107.63999938964844,21384300,2.3160822698722194,2.3280582659948688,2.294696469275655,2.3019675631613463
2018-08-17,107.36000061035156,107.9000015258789,106.69000244140624,107.58000183105467,18061500,2.295979565100022,2.307527917001452,2.281651117858894,2.3006844673369793
2018-08-20,107.51000213623048,107.9000015258789,106.4800033569336,106.87000274658205,17914200,2.299187467821649,2.307527917001452,2.2771601193129007,2.2855005684927043
2018-08-21,106.91999816894533,107.3499984741211,105.8499984741211,105.9800033569336,22881900,2.2865697606261066,2.2957656614090576,2.2636869605142107,2.2664672190146185
2018-08-22,105.8499984741211,107.33999633789062,105.77999877929688,107.05999755859376,18000600,2.2636869605142107,2.295551757718093,2.26218996099888,2.289563759656769
2018-08-23,107.1500015258789,108.18000030517578,106.87000274658205,107.55999755859376,18167700,2.2914885665540288,2.3135159150627764,2.2855005684927043,2.300256659955051
2018-08-24,107.66999816894533,108.55999755859376,107.55999755859376,108.4000015258789,17234000,2.3026091110735303,2.3216424605516157,2.300256659955051,2.3182208172997343
2018-08-27,109.2699966430664,109.63999938964844,108.51000213623048,109.5999984741211,19662300,2.336826359395891,2.3447391643544755,2.3205732684182134,2.3438837127513277
2018-08-28,109.94000244140624,110.5,109.79000091552734,110.26000213623048,19151500,2.3511549697977285,2.363130965920378,2.347947067076102,2.3579984194622012
2018-08-29,110.4499969482422,112.02999877929688,110.2699966430664,112.0199966430664,20818000,2.3620616106262657,2.395851214727408,2.3582121599924553,2.3956373110364435
2018-08-30,111.66999816894533,112.61000061035156,111.44000244140624,111.9499969482422,22798700,2.388152313459788,2.4082550182319857,2.3832336706925754,2.3941403115211126
2018-08-31,111.69000244140624,112.77999877929688,111.5199966430664,112.33000183105467,23222700,2.3885801208417163,2.411890565174831,2.384944410738161,2.402267020170661
2018-09-04,110.8499984741211,111.95999908447266,110.22000122070312,111.70999908447266,22634600,2.370615963497033,2.394354215212077,2.3571429678590534,2.3890077650629356
2018-09-05,111.01000213623048,111.41999816894533,108.0999984741211,108.48999786376952,32872400,2.374037769909625,2.382805863310647,2.311805011856481,2.320145461036284
2018-09-06,108.25,108.98999786376952,107.51000213623048,108.73999786376952,23477600,2.3150129145781078,2.3308383613345662,2.299187467821649,2.325491911185425
2018-09-07,108.2300033569336,108.72000122070312,107.2300033569336,108.20999908447266,22498600,2.3145852703568885,2.3250642669642065,2.2931994697603244,2.31415746297496
2018-09-10,108.83999633789062,109.63999938964844,108.36000061035156,109.37999725341795,20727900,2.3276304586129397,2.3447391643544755,2.3173653656965865,2.3391788105143694
2018-09-11,108.9000015258789,111.58999633789062,108.88999938964844,111.23999786376952,24301800,2.3289137175980166,2.386441410253492,2.3286998139070523,2.3789564126768363
2018-09-12,111.43000030517578,111.8499984741211,110.51000213623048,111.70999908447266,18891100,2.383019767001611,2.3920017640935978,2.3633448696113426,2.3890077650629356
2018-09-13,112.12000274658205,113.7300033569336,112.12000274658205,112.91000366210938,26055600,2.397776021624668,2.4322071736379933,2.397776021624668,2.414670823675239
2018-09-14,113.36000061035156,113.7300033569336,112.44000244140624,113.37000274658205,19122300,2.424294368679409,2.4322071736379933,2.40461947128914,2.4245082723703737
2018-09-17,113.69000244140624,113.6999969482422,111.86000061035156,112.13999938964844,20736500,2.4313517220348455,2.4315654625651004,2.392215667784562,2.3982036658458865
2018-09-18,112.19000244140624,113.6999969482422,111.72000122070312,113.20999908447266,22170900,2.3992730211399986,2.4315654625651004,2.3892216687539,2.4210864659577824
2018-09-19,113.0500030517578,113.31999969482422,111.04000091552734,111.6999969482422,21728400,2.417664822705901,2.423438917076261,2.374679317821808,2.3887938613719712
2018-09-20,112.27999877929688,113.8000030517578,111.93000030517578,113.56999969482422,23714500,2.4011976648765487,2.433704173153324,2.3937126672998934,2.4287853672254025
2018-09-21,114.0,115.29000091552734,113.51000213623048,114.26000213623048,71229700,2.4379812680083535,2.465568970357207,2.427502271401036,2.4435416218484596
2018-09-24,113.02999877929688,114.9000015258789,112.22000122070312,114.66999816894533,27334500,2.4172370153239724,2.4572285211774036,2.399914569052182,2.4523097152494815
2018-09-25,114.8000030517578,115.0999984741211,113.75,114.4499969482422,22668000,2.455089973749889,2.4615056160324325,2.4326348178592125,2.4476048130125236
2018-09-26,114.47000122070312,115.05999755859376,113.73999786376952,113.9800033569336,19352000,2.4480326203944522,2.460650164429285,2.432420914168248,2.4375536237871347
2018-09-27,114.77999877929688,114.91000366210938,114.1999969482422,114.41000366210938,19091300,2.45466216636796,2.457442424868368,2.4422583628633827,2.4467495245700857
2018-09-28,114.19000244140624,114.56999969482422,113.68000030517578,114.37000274658205,21647800,2.442044622333128,2.4501711678219666,2.431137818343881,2.4458940729669383
2018-10-01,114.75,115.68000030517578,114.7300033569336,115.61000061035156,18883100,2.4540206184557767,2.4739094195370104,2.453592974234558,2.472412420021679
2018-10-02,115.3000030517578,115.83999633789062,114.44000244140624,115.1500015258789,20787200,2.465782874048171,2.4773310627888914,2.4473910724822687,2.4625749713265446
2018-10-03,115.41999816894533,116.18000030517578,114.93000030517578,115.16999816894533,16648000,2.468349065696905,2.4846023198352927,2.4578700690895867,2.463002615547764
2018-10-04,114.61000061035156,114.76000213623048,111.62999725341795,112.79000091552734,34821700,2.4510266194251145,2.454234522146742,2.3872968618566395,2.4121044688657958
2018-10-05,112.62999725341795,113.16999816894533,110.63999938964844,112.12999725341795,29068900,2.408682662453204,2.420231014354635,2.36612496495104,2.3979897621549218
2018-10-08,111.66000366210938,112.02999877929688,109.33999633789062,110.8499984741211,29640600,2.3879385729295333,2.395851214727408,2.338323358911222,2.370615963497033
2018-10-09,111.13999938964844,113.08000183105467,110.8000030517578,112.26000213623048,26198600,2.3768178652493224,2.418306370618084,2.369546771363631,2.4007700206553304
2018-10-10,111.23999786376952,111.5,105.79000091552734,106.16000366210938,61376300,2.3789564126768363,2.3845167665169424,2.262403864689844,2.2703166696484285
2018-10-11,105.3499984741211,108.93000030517578,104.1999969482422,105.91000366210938,63904300,2.2529940602159284,2.3295552655102,2.2284003568977377,2.2649702194992876
2018-10-12,109.01000213623048,111.23999786376952,107.12000274658205,109.56999969482422,47742100,2.3312661687164957,2.3789564126768363,2.2908470186418457,2.343242164839144
2018-10-15,108.91000366210938,109.4800033569336,106.9499969482422,107.5999984741211,32068100,2.329127621288981,2.3413175211025945,2.28721130853829,2.3011121115581985
2018-10-16,109.54000091552734,111.41000366210938,108.9499969482422,111.0,31610200,2.342600616926961,2.3825921227803923,2.329982909731419,2.37382386621866
2018-10-17,111.68000030517578,111.80999755859376,109.5500030517578,110.70999908447266,26548200,2.388366217150752,2.3911463124904504,2.3428145206179254,2.367621964466371
2018-10-18,110.0999984741211,110.52999877929688,107.83000183105467,108.5,32506200,2.35457661304961,2.363772513832561,2.3060309174861207,2.3203593647272487
2018-10-19,108.93000030517578,110.86000061035156,108.20999908447266,108.66000366210938,32785500,2.3295552655102,2.370829867187998,2.31415746297496,2.32378117113984
2018-10-22,109.31999969482422,110.54000091552734,108.23999786376952,109.62999725341795,26545600,2.3378957146900032,2.3639864175235257,2.314799010887143,2.3445252606635107
2018-10-23,107.7699966430664,108.97000122070312,105.11000061035156,108.0999984741211,43770400,2.3047476585010442,2.3304107171133475,2.247861513757752,2.311805011856481
2018-10-24,108.41000366210938,108.48999786376952,101.58999633789062,102.31999969482422,63897800,2.3184347209906986,2.320145461036284,2.172583404287847,2.1881951105140516
2018-10-25,106.5500030517578,109.2699966430664,106.1500015258789,108.3000030517578,61646800,2.2786571188282316,2.336826359395891,2.270102765957464,2.3160822698722194
2018-10-26,105.69000244140624,108.75,104.76000213623048,106.95999908447266,55523100,2.2602653172623293,2.32570581487639,2.2403765161810965,2.287425212229254
2018-10-29,108.11000061035156,108.6999969482422,101.62999725341795,103.8499984741211,55162000,2.3120189155474455,2.324636459582278,2.1734388558909945,2.220915359321082
2018-10-30,103.66000366210938,104.37999725341795,100.11000061035156,103.7300033569336,65350900,2.2168521681570175,2.232249807531547,2.1409325107749293,2.2183491676723484
2018-10-31,105.44000244140624,108.13999938964844,105.38999938964844,106.80999755859376,51062400,2.2549188671131883,2.3126604634596286,2.2538495118190762,2.284217309507628
2018-11-01,107.0500030517578,107.31999969482422,105.52999877929688,105.91999816894533,33384200,2.289350019126514,2.295124113496874,2.2568435108497384,2.265183960029542
2018-11-02,106.4800033569336,107.31999969482422,104.9800033569336,106.16000366210938,37680200,2.2771601193129007,2.295124113496874,2.2450814184180543,2.2703166696484285
2018-11-05,106.37000274658205,107.73999786376952,105.9000015258789,107.51000213623048,27922100,2.2748076681944225,2.3041061105888607,2.2647563158083233,2.299187467821649
2018-11-06,107.37999725341795,108.83999633789062,106.27999877929688,107.72000122070312,24340200,2.2964072093212407,2.3276304586129397,2.272882861297162,2.303678466367642
2018-11-07,109.44000244140624,112.23999786376952,109.4000015258789,111.95999908447266,37901700,2.3404620694994462,2.400342213273401,2.339606617896299,2.394354215212077
2018-11-08,111.8000030517578,112.20999908447266,110.91000366210938,111.75,25644100,2.3909325719601955,2.399700665361218,2.37189922248211,2.3898632166660834
2018-11-09,110.8499984741211,111.4499969482422,108.76000213623048,109.56999969482422,32039200,2.370615963497033,2.3834474112228303,2.325919718567355,2.343242164839144
2018-11-12,109.41999816894533,109.95999908447266,106.0999984741211,106.87000274658205,33621800,2.340034262117518,2.3515826140189477,2.269033410663352,2.2855005684927043
2018-11-13,107.5500030517578,108.73999786376952,106.63999938964844,106.94000244140624,35374600,2.300042919424796,2.325491911185425,2.2805817625647817,2.286997568008035
2018-11-14,108.0999984741211,108.26000213623048,104.47000122070312,104.97000122070312,39495100,2.311805011856481,2.3152268182690725,2.2341746144288073,2.2448675147270896
2018-11-15,104.98999786376952,107.8000030517578,103.91000366210938,107.27999877929688,38505200,2.2452951589483083,2.305389369573937,2.2221986183061584,2.2942686618937262
2018-11-16,107.08000183105467,108.87999725341795,106.8000030517578,108.29000091552734,33502100,2.2899915670386974,2.328485910216087,2.284003568977373,2.3158683661812556
2018-11-19,108.2699966430664,108.55999755859376,103.5500030517578,104.62000274658205,44773900,2.3154405587993265,2.3216424605516157,2.2144997170385383,2.2373825171504342
2018-11-20,101.8000030517578,102.97000122070312,99.3499984741211,101.70999908447266,64052500,2.17707456599455,2.202095913533961,2.1246792566365413,2.1751497590972906
2018-11-21,103.5999984741211,104.43000030517578,102.23999786376952,103.11000061035156,28130600,2.2155689091719406,2.2333191628256595,2.186484207307756,2.205089912564623
2018-11-23,102.16999816894533,103.80999755859376,102.0,103.06999969482422,13823100,2.1849872077924255,2.220059907717934,2.1813516608495793,2.2042344609614752
2018-11-26,104.79000091552734,106.62999725341795,104.58000183105467,106.47000122070312,32336200,2.2410180640932795,2.280367858873817,2.236527065547286,2.2769462156219364
2018-11-27,106.2699966430664,107.33000183105467,105.36000061035156,107.13999938964844,29124500,2.2726689576061974,2.2953380171878384,2.253207963906893,2.291274662863064
2018-11-28,107.88999938964844,111.33000183105467,107.86000061035156,111.12000274658205,46788500,2.3073140133104877,2.3808812195740963,2.306672465398304,2.3763902210281036
2018-11-29,110.33000183105467,111.12000274658205,109.02999877929688,110.19000244140624,28123200,2.3594954189775317,2.3763902210281036,2.3316938129377145,2.3565014199468695
2018-11-30,110.6999969482422,110.97000122070312,109.36000061035156,110.88999938964844,33665600,2.367408060775407,2.3731823183064766,2.338751166293151,2.371471415100181
2018-12-03,113.0,113.41999816894533,110.7300033569336,112.08999633789062,34732800,2.416595467411789,2.425577464503776,2.3680497718483,2.3971343105517744
2018-12-04,111.94000244140624,112.63999938964844,108.20999908447266,108.5199966430664,45197000,2.3939265709908577,2.408896566144169,2.31415746297496,2.3207870089484675
2018-12-06,105.81999969482422,109.23999786376952,105.0,109.19000244140624,49107400,2.2630454126020276,2.336184811483707,2.245509062639273,2.3351156193503053
2018-12-07,108.37999725341795,109.4499969482422,104.3000030517578,104.81999969482422,45044900,2.3177930099178052,2.340675810029701,2.2305390674859615,2.241659612005463
2018-12-10,104.8000030517578,107.9800033569336,103.88999938964844,107.58999633789062,40801500,2.241231967784244,2.3092388202077476,2.2217708109242293,2.300898207867234
2018-12-11,109.8000030517578,110.9499969482422,107.44000244140624,108.58999633789062,42381900,2.3481609707670663,2.372754510924548,2.297690468306317,2.322284008463799
2018-12-12,110.88999938964844,111.2699966430664,109.04000091552734,109.08000183105467,36183000,2.371471415100181,2.37959796058902,2.331907716628679,2.332763168231826
2018-12-13,109.58000183105467,110.87000274658205,108.62999725341795,109.4499969482422,31333400,2.3434560685301085,2.3710437708789627,2.323139460066946,2.340675810029701
2018-12-14,108.25,109.26000213623048,105.5,106.02999877929688,47043100,2.3150129145781078,2.336612618865637,2.2562019629375554,2.2675364111480207
2018-12-17,105.41000366210938,105.8000030517578,101.70999908447266,102.88999938964844,56957300,2.2542773192010053,2.2626177683808084,2.1751497590972906,2.200385010327665
2018-12-18,103.75,104.51000213623048,102.5199966430664,103.97000122070312,49319200,2.218776811893567,2.2350300660319555,2.1924722053690804,2.223481714130525
2018-12-19,103.6500015258789,106.87999725341795,101.3499984741211,103.69000244140624,68198200,2.2166382644660527,2.2857143090229584,2.1674508578296705,2.2174937160692005
2018-12-20,103.0500030517578,104.30999755859376,98.77999877929688,101.51000213623048,70334200,2.203806816740256,2.2307528080162164,2.112489356822928,2.1708726642422618
2018-12-21,101.62999725341795,103.0,97.45999908447266,98.2300033569336,111242100,2.1734388558909945,2.202737461446144,2.0842601065618913,2.1007272643912436
2018-12-24,97.68000030517578,97.97000122070312,93.9800033569336,94.12999725341795,43935200,2.088965008798849,2.095166910551138,2.0098376118558448,2.013045351416761
2018-12-26,95.13999938964844,100.69000244140624,93.95999908447266,100.55999755859376,51634800,2.0346450557042903,2.153336314279507,2.0094098044739157,2.1505560557790995
2018-12-27,99.3000030517578,101.19000244140624,96.4000015258789,101.18000030517578,49498500,2.123610064503139,2.164029214577789,2.06159121014096,2.1638153108868248
2018-12-28,102.08999633789062,102.41000366210938,99.5199966430664,100.38999938964844,38196300,2.1832763045861294,2.190119917411312,2.128314803579387,2.1469205088362537
2018-12-31,101.29000091552734,102.4000015258789,100.44000244140624,101.56999969482422,33173800,2.166167762005304,2.189906013720347,2.147989864130366,2.1721557600666284
2019-01-02,99.5500030517578,101.75,98.94000244140624,101.12000274658205,35329300,2.12895651465228,2.1760052107004384,2.115911163235519,2.1625322150624586
2019-01-03,100.0999984741211,100.19000244140624,97.1999969482422,97.4000015258789,42579100,2.140718607083965,2.1426434139812245,2.078699752721786,2.0829770107375247
2019-01-04,99.72000122070312,102.51000213623048,98.93000030517578,101.93000030517578,44060600,2.132592061595126,2.1922584648388264,2.1156972595445547,2.1798546613342484
2019-01-07,101.63999938964844,103.2699966430664,100.9800033569336,102.05999755859376,35656100,2.1736527595819592,2.208511555816504,2.159538216031796,2.1826347566739464
2019-01-08,103.04000091552734,103.97000122070312,101.70999908447266,102.8000030517578,31514400,2.2035929130492917,2.223481714130525,2.1751497590972906,2.1984603665911147
2019-01-09,103.86000061035156,104.87999725341795,103.23999786376952,104.2699966430664,32280800,2.2211292630120463,2.242942707829829,2.20787000790432,2.2298973564130686
2019-01-10,103.22000122070312,103.75,102.37999725341795,103.5999984741211,30067600,2.2074423636831018,2.218776811893567,2.189478206338418,2.2155689091719406
2019-01-11,103.19000244140624,103.44000244140624,101.63999938964844,102.8000030517578,28314200,2.2068008157709182,2.212147265920059,2.1736527595819592,2.1984603665911147
2019-01-14,101.9000015258789,102.87000274658205,101.26000213623048,102.0500030517578,28437100,2.179213113422065,2.1999573661064464,2.165526214093121,2.1824210161436914
2019-01-15,102.51000213623048,105.0500030517578,101.87999725341795,105.01000213623048,31587600,2.1922584648388264,2.2465784179333848,2.178785306040136,2.245722966330238
2019-01-16,105.26000213623048,106.26000213623048,104.95999908447266,105.37999725341795,29853900,2.2510694164793787,2.2724552170759433,2.2446536110361253,2.2536356081281115
2019-01-17,105.0,106.62999725341795,104.76000213623048,106.12000274658205,28393000,2.245509062639273,2.280367858873817,2.2403765161810965,2.269461218045281
2019-01-18,107.45999908447266,107.9000015258789,105.91000366210938,107.70999908447266,37427600,2.2981181125275363,2.307527917001452,2.2649702194992876,2.3034645626766777
2019-01-22,106.75,107.0999984741211,104.86000061035156,105.68000030517578,32371300,2.282934213683261,2.290419211259916,2.242515063608611,2.2600514135713654
2019-01-23,106.12000274658205,107.04000091552734,105.33999633789062,106.70999908447266,25874300,2.269461218045281,2.2891361154355496,2.252780156524964,2.282078762080113
2019-01-24,106.86000061035156,107.0,105.33999633789062,106.1999969482422,23164800,2.2852866648017396,2.288280663832402,2.252780156524964,2.2711719580908665
2019-01-25,107.23999786376952,107.87999725341795,106.1999969482422,107.16999816894533,31225600,2.2934132102905784,2.307100109619523,2.2711719580908665,2.291916210775248
2019-01-28,106.26000213623048,106.4800033569336,104.66000366210938,105.08000183105467,29476700,2.2724552170759433,2.2771601193129007,2.238237968753582,2.2472199658455683
2019-01-29,104.87999725341795,104.97000122070312,102.16999816894533,102.94000244140624,31490500,2.242942707829829,2.2448675147270896,2.1849872077924255,2.201454365621777
2019-01-30,104.62000274658205,106.37999725341795,104.33000183105467,106.37999725341795,49471900,2.2373825171504342,2.275021408724676,2.231180615398145,2.275021408724676
2019-01-31,103.8000030517578,105.22000122070312,103.18000030517578,104.43000030517578,55636400,2.2198461671876792,2.250213964876231,2.206586912079954,2.2333191628256595
2019-02-01,103.77999877929688,104.0999984741211,102.3499984741211,102.77999877929688,35535700,2.2194183598057506,2.226261809470223,2.188836658426235,2.198032559209186
2019-02-04,102.87000274658205,105.8000030517578,102.7699966430664,105.73999786376952,31315100,2.1999573661064464,2.2626177683808084,2.1978186555182218,2.2613345093957316
2019-02-05,106.05999755859376,107.2699966430664,105.95999908447266,107.22000122070312,27325400,2.2681779590602043,2.294054758202762,2.26603941163269,2.2929855660693597
2019-02-06,107.0,107.0,105.52999877929688,106.02999877929688,20609800,2.288280663832402,2.288280663832402,2.2568435108497384,2.2675364111480207
2019-02-07,105.19000244140624,105.58999633789062,104.29000091552734,105.2699966430664,29760700,2.249572416964047,2.258126606674105,2.2303251637949972,2.2512831570096328
2019-02-08,104.38999938964844,105.77999877929688,104.26000213623048,105.66999816894533,21461100,2.2324637112225116,2.26218996099888,2.229683615882814,2.259837509880401
2019-02-11,106.1999969482422,106.58000183105467,104.97000122070312,105.25,18914100,2.2711719580908665,2.279298666740415,2.2448675147270896,2.250855512788414
2019-02-12,106.13999938964844,107.13999938964844,105.4800033569336,106.88999938964844,25056600,2.2698888622665,2.291274662863064,2.255774318716336,2.285928212713923
2019-02-13,107.5,107.77999877929688,106.70999908447266,106.80999755859376,18394900,2.298973564130684,2.3049615621920085,2.282078762080113,2.284217309507628
2019-02-14,106.30999755859376,107.29000091552734,105.66000366210938,106.9000015258789,21784700,2.2735244092093456,2.294482565584691,2.259623769350146,2.2861421164048874
2019-02-15,107.91000366210938,108.3000030517578,107.36000061035156,108.22000122070312,26606900,2.3077418206924167,2.3160822698722194,2.295979565100022,2.3143713666659242
2019-02-19,107.79000091552734,108.66000366210938,107.77999877929688,108.16999816894533,18038500,2.3051754658829733,2.32378117113984,2.3049615621920085,2.313302011371812
2019-02-20,107.86000061035156,107.94000244140624,106.29000091552734,107.1500015258789,21607700,2.306672465398304,2.3083833686045994,2.2730967649881264,2.2914885665540288
2019-02-21,106.9000015258789,109.4800033569336,106.87000274658205,109.41000366210938,29063200,2.2861421164048874,2.3413175211025945,2.2855005684927043,2.339820521587263
2019-02-22,110.0500030517578,111.1999969482422,109.81999969482422,110.97000122070312,27763200,2.3535074209162072,2.378100961073689,2.3485886149882855,2.3731823183064766
2019-02-25,111.76000213623048,112.18000030517578,111.26000213623048,111.58999633789062,23750600,2.390077120357048,2.3990591174490343,2.379384220058766,2.386441410253492
2019-02-26,111.26000213623048,113.23999786376952,111.16999816894533,112.36000061035156,21536700,2.379384220058766,2.4217280138699655,2.377459413161506,2.4029085680828444
2019-02-27,111.69000244140624,112.36000061035156,110.87999725341795,112.16999816894533,21487100,2.3885801208417163,2.4029085680828444,2.3712575114092163,2.3988452137580705
2019-02-28,112.04000091552734,112.87999725341795,111.7300033569336,112.02999877929688,29083900,2.396065118418372,2.4140291126023454,2.3894355724448646,2.395851214727408
2019-03-01,112.88999938964844,113.0199966430664,111.66999816894533,112.52999877929688,23501200,2.41424301629331,2.4170231116330076,2.388152313459788,2.40654411502569
2019-03-04,113.0199966430664,113.25,110.8000030517578,112.26000213623048,26608000,2.4170231116330076,2.4219419175609302,2.369546771363631,2.4007700206553304
2019-03-05,112.25,112.38999938964844,111.2300033569336,111.6999969482422,19538300,2.4005561169643657,2.403550115995028,2.3787426721465823,2.3887938613719712
2019-03-06,111.87000274658205,112.66000366210938,111.43000030517578,111.75,17687000,2.3924295714755273,2.409324373526098,2.383019767001611,2.3898632166660834
2019-03-07,111.4000015258789,111.5500030517578,109.87000274658205,110.38999938964844,25339000,2.3823782190894276,2.385586121811054,2.349657970282398,2.3607785148018987
2019-03-08,109.16000366210938,110.70999908447266,108.8000030517578,110.51000213623048,22818400,2.3344740714381222,2.367621964466371,2.3267751701705017,2.3633448696113426
2019-03-11,110.98999786376952,112.9499969482422,110.9800033569336,112.83000183105467,26491600,2.3736099625276954,2.415526112117677,2.373396221997441,2.412959920468943
2019-03-12,112.81999969482422,113.98999786376952,112.6500015258789,113.62000274658205,26132700,2.412746016777979,2.4377673643173887,2.4091104698351336,2.429854722519515
2019-03-13,114.12999725341795,115.0,113.77999877929688,114.5,35513800,2.440761363348051,2.459367068604918,2.4332763657713956,2.4486741683066358
2019-03-14,114.54000091552734,115.1999969482422,114.33000183105467,114.58999633789062,30763400,2.4495296199097836,2.4636441634599473,2.44503862136379,2.450598812043186
2019-03-15,115.33999633789062,117.25,114.58999633789062,115.91000366210938,54681100,2.466638162490609,2.507485119947188,2.450598812043186,2.4788282254649325
2019-03-18,116.16999816894533,117.61000061035156,116.0500030517578,117.56999969482422,31207600,2.4843884161443284,2.515184021214808,2.4818222244955943,2.5143285696116604
2019-03-19,118.08999633789062,118.44000244140624,116.98999786376952,117.6500015258789,37588700,2.5254491141311615,2.5329342748685266,2.501924766107082,2.516039472817956
2019-03-20,117.38999938964844,118.75,116.70999908447266,117.5199966430664,28113300,2.5104791189778504,2.539563820842035,2.495936768045758,2.5132592143175483
2019-03-21,117.13999938964844,120.81999969482422,117.08999633789062,120.22000122070312,29854400,2.5051326688287094,2.583832421550495,2.504063313534597,2.5710009738246984
2019-03-22,119.5,119.58999633789062,117.04000091552734,117.0500030517578,33624500,2.5556031712894582,2.5575278150260083,2.5029941214011946,2.503208025092159
2019-03-25,116.55999755859376,118.01000213623048,116.31999969482422,117.66000366210938,27067100,2.4927288653241315,2.523738374085576,2.487596318865955,2.5162533765089203
2019-03-26,118.62000274658205,118.70999908447266,116.8499984741211,117.91000366210938,26097700,2.5367837255023375,2.538708369238887,2.4989307670764203,2.5215998266580617
2019-03-27,117.87999725341795,118.20999908447266,115.5199966430664,116.7699966430664,22733400,2.520958115585168,2.528015468940605,2.470487613124419,2.4972198638701246
2019-03-28,117.44000244140624,117.58000183105467,116.12999725341795,116.93000030517578,18334800,2.5115484742719625,2.5145424733026247,2.48353296454118,2.500641670282716
2019-03-29,118.06999969482422,118.31999969482422,116.95999908447266,117.94000244140624,25399800,2.5250214699099427,2.5303679200590836,2.5012832181948994,2.5222413745702448
2019-04-01,118.9499969482422,119.11000061035156,118.0999984741211,119.0199966430664,22789100,2.5438409156970643,2.547262722109655,2.5256630178221258,2.5453379152123947
2019-04-02,119.05999755859376,119.4800033569336,118.5199966430664,119.19000244140624,18142300,2.546193366815543,2.5551755270682395,2.5346450149141124,2.5489736253159503
2019-04-03,119.86000061035156,120.43000030517578,119.1500015258789,119.97000122070312,22860700,2.5633020725570783,2.5754919723706915,2.548118173712803,2.565654523675557
2019-04-04,120.0999984741211,120.2300033569336,118.37999725341795,119.36000061035156,20112800,2.568434619015255,2.5712148775156627,2.53165101588345,2.552609172258796
2019-04-05,119.38999938964844,120.2300033569336,119.37000274658205,119.88999938964844,15826200,2.5532507201709795,2.5712148775156627,2.5528230759497608,2.563943620469262
2019-04-08,119.80999755859376,120.0199966430664,118.63999938964844,119.93000030517578,15116200,2.562232717262966,2.5667237158089593,2.537211369723556,2.564799072072409
2019-04-09,118.62999725341795,119.54000091552734,118.58000183105467,119.27999877929688,17612000,2.536997466032591,2.556458622892606,2.535928273899189,2.5508982690525004
2019-04-10,119.76000213623048,120.3499984741211,119.54000091552734,120.19000244140624,16477200,2.5611635251295644,2.573781069164396,2.556458622892606,2.570359425912515
2019-04-11,120.54000091552734,120.8499984741211,119.91999816894533,120.33000183105467,14209100,2.5778444234891706,2.584473969462678,2.5645851683814453,2.573353424943177
2019-04-12,120.63999938964844,120.9800033569336,120.37000274658205,120.9499969482422,19745100,2.579982970916685,2.5872542279630864,2.5742088765463254,2.586612516890193
2019-04-15,120.94000244140624,121.58000183105467,120.56999969482422,121.0500030517578,15792600,2.586398776359938,2.6000856756888826,2.5784859714013537,2.588751227478417
2019-04-16,121.63999938964844,121.6500015258789,120.0999984741211,120.7699966430664,14071800,2.6013687715132496,2.601582675204214,2.568434619015255,2.582763066256383
2019-04-17,121.23999786376952,121.8499984741211,120.54000091552734,121.7699966430664,19300900,2.5928144186424813,2.6058597700592427,2.5778444234891706,2.604148866852947
2019-04-18,122.19000244140624,123.5199966430664,121.3000030517578,123.37000274658205,27991000,2.6131310271056436,2.641574017896935,2.594097677627558,2.6383662783360187
2019-04-22,122.62000274658205,124.0,122.56999969482422,123.76000213623048,15648700,2.6223269278885954,2.6518392739739984,2.621257572594483,2.6467067275158223
2019-04-23,124.0999984741211,125.58000183105467,123.83000183105467,125.44000244140624,24025500,2.653977821401513,2.6856288780751405,2.6482037270311527,2.6826348790444783
2019-04-24,125.79000091552734,125.8499984741211,124.5199966430664,125.01000213623048,31257000,2.690119876621134,2.6914029724455006,2.6629598184934995,2.6734389782615278
2019-04-25,130.05999755859375,131.3699951171875,128.8300018310547,129.14999389648438,38033900,2.781437173377752,2.8094525199478246,2.7551327300139756,2.7619760165177376
2019-04-26,129.6999969482422,130.52000427246094,129.02000427246094,129.88999938964844,23654900,2.773738272110132,2.791274785233597,2.75919608433875,2.777801626434907
2019-04-29,129.89999389648438,130.17999267578125,129.35000610351562,129.77000427246094,16324200,2.778015366965161,2.7840033650264853,2.7662534376941865,2.775235434786173
2019-04-30,129.80999755859375,130.6999969482422,129.38999938964844,130.60000610351562,24166500,2.776090723228611,2.7951240727066966,2.7671087261366245,2.7929856884398925
2019-05-01,130.52999877929688,130.64999389648438,127.6999969482422,127.87999725341795,26821700,2.7914885257638513,2.7940547174125845,2.7309666709170033,2.734816121550813
2019-05-02,127.9800033569336,128.0,125.5199966430664,126.20999908447266,27350200,2.7369548321390376,2.7373824763602568,2.684345619090064,2.6991018737131207
2019-05-03,127.36000061035156,129.42999267578125,127.25,128.89999389648438,24911100,2.7236955770313123,2.767964014579062,2.721343125912833,2.7566295663685967
2019-05-06,126.38999938964844,128.55999755859375,126.11000061035156,128.14999389648438,24239800,2.7029513243469308,2.7493584724829057,2.6969633262856063,2.740590215921173
2019-05-07,126.45999908447266,127.18000030517578,124.22000122070312,125.5199966430664,36017700,2.704448323862262,2.7198461263975022,2.6565441762109563,2.684345619090064
2019-05-08,125.44000244140624,126.37000274658205,124.75,125.51000213623048,28419000,2.6826348790444783,2.7025236801257124,2.667878624421422,2.68413187855981
2019-05-09,124.29000091552734,125.79000091552734,123.56999969482422,125.5,27235800,2.6580411757262876,2.690119876621134,2.6426433731910475,2.6839179748688453
2019-05-10,124.91000366210938,127.93000030517578,123.81999969482422,127.12999725341795,30915100,2.671300430834013,2.7358854768449254,2.6479898233401884,2.7187767711033897
2019-05-13,124.11000061035156,125.5500030517578,123.04000091552734,123.3499984741211,33944900,2.6541917250924776,2.6849873301629574,2.6313089249805817,2.6379384709540896
2019-05-14,123.87000274658205,125.87999725341795,123.6999969482422,124.7300033569336,25266300,2.649059178634301,2.6920445203576837,2.6454234685307454,2.667450980200203
2019-05-15,124.26000213623048,126.70999908447266,123.6999969482422,126.0199966430664,24722700,2.6573996278141045,2.709794774011403,2.6454234685307454,2.6950385193883464
2019-05-16,126.75,129.3800048828125,126.45999908447266,128.92999267578125,30112200,2.710650225614551,2.76689498560637,2.704448323862262,2.7572711142807798
2019-05-17,128.30999755859375,130.4600067138672,127.91999816894533,128.07000732421875,25770500,2.7440120223337643,2.7899916894092303,2.735671573153961,2.738879639036298
2019-05-20,126.5199966430664,127.58999633789062,125.76000213623048,126.22000122070312,23706900,2.7057314196866287,2.728614219798524,2.6894783287089514,2.6993157774040855
2019-05-21,127.43000030517578,127.52999877929688,126.58000183105467,126.9000015258789,15293300,2.725192576546643,2.7273311239741576,2.707014678671705,2.713858128336178
2019-05-22,126.62000274658205,128.24000549316406,126.5199966430664,127.66999816894533,15396500,2.7078701302748533,2.7425151859791432,2.7057314196866287,2.73032512300482
2019-05-23,126.1999969482422,126.29000091552734,124.73999786376952,126.18000030517578,23603800,2.698887970022157,2.7008127769194163,2.6676647207304574,2.6984603258009376
2019-05-24,126.91000366210938,127.41999816894533,125.97000122070312,126.23999786376952,14123400,2.714072032027142,2.724978672855679,2.693969327254944,2.699743421625304
2019-05-28,126.9800033569336,128.0,126.0500030517578,126.16000366210938,23128400,2.7155690315424734,2.7373824763602568,2.6956802304612397,2.698032681579719
2019-05-29,125.37999725341795,125.38999938964844,124.04000091552734,124.94000244140624,22763100,2.6813516200594014,2.6815655237503666,2.6526947255771463,2.671941978746196
2019-05-30,125.26000213623048,125.76000213623048,124.77999877929688,125.7300033569336,16829600,2.678785428410669,2.6894783287089514,2.668520172333605,2.6888367807967675
2019-05-31,124.2300033569336,124.62000274658205,123.31999969482422,123.68000030517578,26646800,2.656758079901921,2.6650985290817246,2.637296923041906,2.644995824309526
2019-06-03,123.8499984741211,124.37000274658205,119.01000213623048,119.83999633789062,37983600,2.648631371252372,2.6597520789325833,2.5451241746821407,2.5628742651751493
2019-06-04,121.27999877929688,123.27999877929688,120.6500015258789,123.16000366210938,29382600,2.5936698702456296,2.6364414714387583,2.5801968746076493,2.633875279790025
2019-06-05,124.9499969482422,125.87000274658205,124.20999908447266,125.83000183105467,24926100,2.672155719276451,2.69183077982743,2.656330272519992,2.690975328224282
2019-06-06,126.44000244140624,127.97000122070312,125.5999984741211,127.81999969482422,21459000,2.704020679641043,2.7367409284480733,2.6860565222963597,2.7335330257264467
2019-06-07,129.19000244140625,132.25,128.25999450683594,131.39999389648438,33885600,2.7628316312815957,2.8282721288956556,2.742942667039652,2.8100940678600077
2019-06-10,132.39999389648438,134.0800018310547,132.0,132.60000610351562,26477100,2.8314798684565723,2.867408183145939,2.8229256787465147,2.835757289633021
2019-06-11,133.8800048828125,134.24000549316406,131.27999877929688,132.10000610351562,23913700,2.8631310882909102,2.8708299895585303,2.8075278762112745,2.825064389334739
2019-06-12,131.39999389648438,131.97000122070312,130.7100067138672,131.49000549316406,17092500,2.8100940678600077,2.822284130834331,2.795338139558371,2.812019037917978
2019-06-13,131.97999572753906,133.0,131.55999755859375,132.32000732421875,17200800,2.8224978713645856,2.8443114793430793,2.813515874272599,2.8297692915716968
2019-06-14,132.25999450683594,133.7899932861328,131.63999938964844,132.4499969482422,17821700,2.82848586942591,2.86120611823294,2.8152267774788946,2.8325492237506844
2019-06-17,132.6300048828125,133.72999572753906,132.52999877929688,132.85000610351562,14517800,2.8363988375452047,2.8599230224085734,2.83426012695698,2.8411037397821626
2019-06-18,134.19000244140625,135.24000549316406,133.57000732421875,135.16000366210938,25934500,2.869760634264418,2.892215790155095,2.8565015423174027,2.8905048869487993
2019-06-19,135.0,135.92999267578125,133.80999755859375,135.69000244140625,23744400,2.887083080536208,2.9069717184567314,2.861633925614869,2.9018393351592646
2019-06-20,137.4499969482422,137.66000366210938,135.72000122070312,136.9499969482422,33042600,2.939478226733507,2.9439693884402107,2.902480883071448,2.928785326435225
2019-06-21,136.5800018310547,137.72999572753906,136.4600067138672,136.97000122070312,36727900,2.9208726846373505,2.9454662247948313,2.9183064929886173,2.9292131338171536
2019-06-24,137.0,138.39999389648438,137.0,137.77999877929688,20628800,2.929854681729337,2.9597946720359594,2.929854681729337,2.946535580088944
2019-06-25,137.25,137.58999633789062,132.72999572753906,133.42999267578125,33327400,2.935201131878478,2.942472225764169,2.838537221812009,2.85350721696532
2019-06-26,134.35000610351562,135.74000549316406,133.60000610351562,133.92999267578125,23657700,2.8731824406770095,2.902908690453377,2.857143090229586,2.8642001172636022
2019-06-27,134.13999938964844,134.7100067138672,133.50999450683594,134.14999389648438,16557500,2.8686912789703056,2.880881341944629,2.8552181201716156,2.86890501950056
2019-06-28,134.57000732421875,134.60000610351562,133.16000366210938,133.9600067138672,30043000,2.877887342913967,2.8785288908261504,2.84773328575567,2.864841991497206
2019-07-01,136.6300048828125,136.6999969482422,134.97000122070312,135.67999267578125,22613500,2.9219420399314626,2.9234388762860837,2.886441532624025,2.90162526830759
2019-07-02,136.1199951171875,136.58999633789062,135.33999633789062,136.5800018310547,15237800,2.9110350727815058,2.921086425167605,2.894354174421899,2.9208726846373505
2019-07-03,136.8000030517578,137.74000549316406,136.2899932861328,137.4600067138672,13629300,2.9255775868743084,2.945680291646506,2.9146706197243515,2.9396922935851815
2019-07-05,135.94000244140625,137.3300018310547,135.72000122070312,137.05999755859375,18141100,2.907185785308406,2.9369120350847737,2.902480883071448,2.9311377775537037
2019-07-08,136.39999389648438,137.10000610351562,135.3699951171875,136.9600067138672,16779700,2.91702307084283,2.931993392317562,2.8949957223340825,2.9289993932868996
2019-07-09,136.0,136.97000122070312,135.8000030517578,136.4600067138672,19953100,2.9084688811327726,2.9292131338171536,2.9041917862777438,2.9183064929886173
2019-07-10,137.1300048828125,138.5800018310547,137.02000427246094,137.85000610351562,24204400,2.932634940229745,2.9636442858304792,2.930282489111266,2.948032742764985
2019-07-11,138.1999969482422,139.22000122070312,137.8699951171875,138.39999389648438,22327900,2.9555175771809306,2.9773311851594237,2.9484602238254936,2.9597946720359594
2019-07-12,138.85000610351562,139.1300048828125,138.00999450683594,138.89999389648438,18936800,2.9694185433615496,2.975406541422874,2.9514542228561558,2.9704875723342417
2019-07-15,139.44000244140625,139.5399932861328,138.4600067138672,138.89999389648438,16651500,2.9820360873963816,2.984174471663186,2.961078094181746,2.9704875723342417
2019-07-16,138.9600067138672,139.0500030517578,136.52000427246094,137.0800018310547,22726100,2.9717709944800283,2.9736956382165785,2.919589588812984,2.931565584935633
2019-07-17,137.6999969482422,137.92999267578125,136.22000122070312,136.27000427246094,20211000,2.9448246768826483,2.9497433196498606,2.9131737833697304,2.9142431386638425
2019-07-18,135.5500030517578,136.6199951171875,134.6699981689453,136.4199981689453,30381800,2.8988453361286024,2.921727973079788,2.8800257271807714,2.9174508782247592
2019-07-19,140.22000122070312,140.6699981689453,136.4499969482422,136.6199951171875,48992400,2.9987169857559883,3.0083405307601585,2.9180924261369428,2.921727973079788
2019-07-22,137.41000366210938,139.19000244140625,137.3300018310547,138.42999267578125,25074900,2.9386229382910694,2.9766896372472407,2.9369120350847737,2.9604362199481424
2019-07-23,139.75999450683594,139.99000549316406,138.02999877929688,139.2899932861328,18034600,2.988879373900144,2.9937983429887765,2.951882030238085,2.978828021514045
2019-07-24,138.89999389648438,140.74000549316406,138.85000610351562,140.72000122070312,20738300,2.9704875723342417,3.0098376934361997,2.9694185433615496,3.0094098860542706
2019-07-25,140.42999267578125,140.61000061035156,139.32000732421875,140.19000244140625,18356900,3.0032078211412716,3.007057434935792,2.9794698957476484,2.9980754378438053
2019-07-26,140.3699951171875,141.67999267578125,140.3000030517578,141.33999633789062,19037600,3.001924725316905,3.029940071886977,3.000427888962284,3.022668978001286
2019-07-29,141.5,141.50999450683594,139.3699951171875,141.02999877929688,16605900,3.0260907844138774,3.026304524944132,2.9805389247203404,3.0160394320277786
2019-07-30,140.13999938964844,141.22000122070312,139.8000030517578,140.35000610351562,16846500,2.9970060825496927,3.020102786352553,2.9897349886640017,3.001497244256396
2019-07-31,140.3300018310547,140.49000549316406,135.0800018310547,136.27000427246094,38598800,3.0010694368744675,3.0044912432870583,2.8887939837425036,2.9142431386638425
2019-08-01,137.0,140.94000244140625,136.92999267578125,138.05999755859375,40557500,2.929854681729337,3.0141147882912285,2.928357519053296,2.9525235781502683
2019-08-02,138.08999633789062,138.32000732421875,135.25999450683594,136.89999389648438,30791600,2.9531651260624514,2.958084095151084,2.8926432712156034,2.9277159711411125
2019-08-05,133.3000030517578,133.92999267578125,130.77999877929688,132.2100067138672,42749600,2.8507272847863323,2.8642001172636022,2.7968349759129922,2.827416840453218
2019-08-06,133.8000030517578,135.67999267578125,133.2100067138672,134.69000244140625,32696700,2.8614201850846146,2.90162526830759,2.8488026410497826,2.8804535345627005
2019-08-07,133.7899932861328,135.64999389648438,131.8300018310547,135.27999877929688,33414500,2.86120611823294,2.900983720395407,2.819290131803669,2.8930710785975324
2019-08-08,136.60000610351562,138.99000549316406,135.92999267578125,138.88999938964844,27496500,2.9213004920192795,2.972412542392212,2.9069717184567314,2.970273831803987
2019-08-09,138.61000061035156,139.3800048828125,136.4600067138672,137.7100067138672,23466700,2.9642858337426627,2.980752991572015,2.9183064929886173,2.945038743734323
2019-08-12,137.07000732421875,137.86000061035156,135.24000549316406,135.7899932861328,20484300,2.9313518444053783,2.9482464832952395,2.892215790155095,2.903977719426069
2019-08-13,136.0500030517578,138.8000030517578,135.0,138.60000610351562,25154600,2.9095382364268847,2.968349188067437,2.887083080536208,2.9640720932124083
2019-08-14,136.36000061035156,136.9199981689453,133.6699981689453,133.97999572753906,32527300,2.9161677824003926,2.9281437785230415,2.858639926584207,2.865269472557715
2019-08-15,134.38999938964844,134.5800018310547,132.25,133.67999267578125,28074400,2.874037729119447,2.8781010834442213,2.8282721288956556,2.8588536671144613
2019-08-16,134.8800048828125,136.4600067138672,134.72000122070312,136.1300048828125,24449100,2.884516888887475,2.9183064929886173,2.8810950824748836,2.9112491396331803
2019-08-19,137.85000610351562,138.5500030517578,136.88999938964844,138.41000366210938,24355700,2.948032742764985,2.963002737918296,2.927502230610858,2.960008738887634
2019-08-20,138.2100067138672,138.7100067138672,137.24000549316406,137.25999450683594,21170800,2.955731644032605,2.9664245443308874,2.934987391348224,2.9354148724087326
2019-08-21,138.5500030517578,139.49000549316406,138.0,138.7899932861328,14970300,2.963002737918296,2.983105442690494,2.9512404823259017,2.9681351212157625
2019-08-22,138.66000366210938,139.1999969482422,136.2899932861328,137.77999877929688,18697000,2.965355189036775,2.976903377777495,2.9146706197243515,2.946535580088944
2019-08-23,137.19000244140625,138.35000610351562,132.8000030517578,133.38999938964844,38508600,2.9339180360541115,2.9587256430632674,2.84003438448805,2.8526519285228824
2019-08-26,134.99000549316406,135.55999755859375,133.89999389648438,135.4499969482422,20312600,2.8868693400059535,2.899059076658857,2.863558569351419,2.896706625540378
2019-08-27,136.38999938964844,136.72000122070312,134.66000366210938,135.74000549316406,23102100,2.916809330312576,2.9238666836680127,2.879811986650517,2.902908690453377
2019-08-28,134.8800048828125,135.75999450683594,133.5500030517578,135.55999755859375,17393300,2.884516888887475,2.9033361715138857,2.8560737349354737,2.899059076658857
2019-08-29,137.25,138.44000244140625,136.91000366210938,138.1199951171875,20168700,2.935201131878478,2.960650286799817,2.927930037992787,2.953806673974635
2019-08-30,139.14999389648438,139.17999267578125,136.27000427246094,137.86000061035156,23940100,2.9758340224833826,2.976475570395566,2.9142431386638425,2.9482464832952395
2019-09-03,136.61000061035156,137.1999969482422,135.6999969482422,136.0399932861328,18869300,2.9215142325495336,2.934131776584366,2.902053075689519,2.90932416957521
2019-09-04,137.3000030517578,137.69000244140625,136.47999572753906,137.6300048828125,17995900,2.9362704871725906,2.944610936352394,2.918733974049126,2.943327840528027
2019-09-05,139.11000061035156,140.3800048828125,138.75999450683594,140.0500030517578,26101800,2.974978734040945,3.0021387921685796,2.9674935733035794,2.995081438813143
2019-09-06,140.02999877929688,140.17999267578125,138.1999969482422,139.10000610351562,20824500,2.994653631431214,2.9978613709921307,2.9555175771809306,2.9747649935106906
2019-09-09,139.58999633789062,139.75,136.4600067138672,137.52000427246094,25773900,2.9852438269572983,2.9886656333698896,2.9183064929886173,2.9409753894095485
2019-09-10,136.8000030517578,136.88999938964844,134.50999450683594,136.0800018310547,28903400,2.9255775868743084,2.927502230610858,2.87660392076818,2.910179784339068
2019-09-11,135.91000366210938,136.27000427246094,135.08999633789062,136.1199951171875,24726100,2.9065442373962225,2.9142431386638425,2.889007724272758,2.9110350727815058
2019-09-12,137.85000610351562,138.4199981689453,136.8699951171875,137.52000427246094,27010000,2.948032742764985,2.9602224794178884,2.9270744232289294,2.9409753894095485
2019-09-13,137.77999877929688,138.05999755859375,136.57000732421875,137.32000732421875,23363100,2.946535580088944,2.9525235781502683,2.920658944107096,2.9366982945545193
2019-09-16,135.8300018310547,136.6999969482422,135.66000366210938,136.3300018310547,16731400,2.904833334189927,2.9234388762860837,2.9011977872470815,2.915526234488209
2019-09-17,136.9600067138672,137.52000427246094,136.42999267578125,137.38999938964844,17814200,2.9289993932868996,2.9409753894095485,2.9176646187550137,2.9381951309091403
2019-09-18,137.36000061035156,138.6699981689453,136.52999877929688,138.52000427246094,23982100,2.9375535829969572,2.9655689295670293,2.9198033293432384,2.9623611900061126
2019-09-19,140.3000030517578,142.3699951171875,140.07000732421875,141.07000732421875,35772100,3.000427888962284,3.044696326510034,2.9955092461950716,3.0168950467916362
2019-09-20,141.00999450683594,141.64999389648438,138.25,139.44000244140625,39167300,3.0156116246458495,3.029298523974794,2.9565869324750427,2.9820360873963816
2019-09-23,139.22999572753906,139.6300048828125,138.44000244140625,139.13999938964844,17139300,2.977544925689678,2.9860994417211564,2.960650286799817,2.9756202819531286
2019-09-24,140.36000061035156,140.69000244140625,136.8800048828125,137.3800048828125,29773200,3.0017109847866505,3.0087683381420876,2.927288490080604,2.9379813903788863
2019-09-25,137.5,139.9600067138672,136.02999877929688,139.36000061035156,21382000,2.9405475820276195,2.993156795076593,2.909110429044956,2.980325184190086
2019-09-26,139.44000244140625,140.17999267578125,138.44000244140625,139.5399932861328,17456600,2.9820360873963816,2.9978613709921307,2.960650286799817,2.984174471663186
2019-09-27,140.14999389648438,140.36000061035156,136.64999389648438,137.72999572753906,22477700,2.997219823079947,3.0017109847866505,2.9223695209919716,2.9454662247948313
2019-09-30,138.0500030517578,139.22000122070312,137.77999877929688,139.02999877929688,17280900,2.952309837620014,2.9773311851594237,2.946535580088944,2.9732678308346494
2019-10-01,139.66000366210938,140.25,137.0,137.07000732421875,21466600,2.9867409896333394,2.999358533668172,2.929854681729337,2.9313518444053783
2019-10-02,136.25,136.3699951171875,133.5800018310547,134.64999389648438,30521700,2.913815331281914,2.916381522930647,2.8567152828476567,2.8795979197988424
2019-10-03,134.9499969482422,136.75,133.22000122070312,136.27999877929688,24132900,2.886013725242096,2.924508231580196,2.849016381580037,2.914456879194097
2019-10-04,136.75,138.25,136.4199981689453,138.1199951171875,22897700,2.924508231580196,2.9565869324750427,2.9174508782247592,2.953806673974635
2019-10-07,137.13999938964844,138.17999267578125,137.02000427246094,137.1199951171875,15303700,2.9328486807599994,2.9550897697990015,2.930282489111266,2.9324208733780703
2019-10-08,137.0800018310547,137.75999450683594,135.6199951171875,135.6699981689453,25550500,2.931565584935633,2.946107772707015,2.9003421724832235,2.901411527777336
2019-10-09,137.4600067138672,138.6999969482422,136.97000122070312,138.24000549316406,19749900,2.9396922935851815,2.966210477479213,2.9292131338171536,2.956373191944788
2019-10-10,138.49000549316406,139.6699981689453,138.25,139.10000610351562,17654600,2.9617196420939296,2.986954730163594,2.9565869324750427,2.9747649935106906
2019-10-11,140.1199951171875,141.02999877929688,139.5,139.67999267578125,25446000,2.996578275167764,3.0160394320277786,2.983319183220748,2.9871684706938484
2019-10-14,139.69000244140625,140.2899932861328,139.52000427246094,139.5500030517578,13304300,2.987382537545523,3.0002138221106094,2.9837469906026772,2.9843885385148607
2019-10-15,140.05999755859375,141.7899932861328,139.80999755859375,141.57000732421875,19695700,2.995295179343397,3.0322925230054563,2.989948729194256,3.0275879470899185
2019-10-16,140.7899932861328,140.99000549316406,139.52999877929688,140.41000366210938,20751600,3.0109067224088917,3.0151841435853406,2.9839607311329317,3.002780340080763
2019-10-17,140.9499969482422,141.4199981689453,139.02000427246094,139.69000244140625,21460600,3.014328528821483,3.0243798812075817,2.973054090304395,2.987382537545523
2019-10-18,139.75999450683594,140.0,136.55999755859375,137.41000366210938,32273500,2.988879373900144,2.9940120835190305,2.9204448772554215,2.9386229382910694
2019-10-21,138.4499969482422,138.5,137.00999450683594,138.42999267578125,20078200,2.9608640273300715,2.961933382624184,2.9300684222595916,2.9604362199481424
2019-10-22,138.97000122070312,140.00999450683594,136.25999450683594,136.3699951171875,27431000,2.971984735010283,2.994225824049285,2.914029071812168,2.916381522930647
2019-10-23,136.8800048828125,137.4499969482422,135.61000061035156,137.24000549316406,29844600,2.927288490080604,2.939478226733507,2.9001284319529694,2.934987391348224
2019-10-24,139.38999938964844,140.4199981689453,138.6699981689453,139.94000244140625,37029300,2.9809667321022695,3.002994080611017,2.9655689295670293,2.992728987694664
2019-10-25,139.33999633789062,141.13999938964844,139.1999969482422,140.72999572753906,25959700,2.9798973768081574,3.0183918831462573,2.976903377777495,3.009623626584525
2019-10-28,144.39999389648438,145.6699981689453,143.50999450683594,144.19000244140625,35280100,3.0881094756153464,3.115269533742981,3.0690761261372606,3.083618640230063
2019-10-29,144.0800018310547,144.5,142.64999389648438,142.8300018310547,20589500,3.081266189111584,3.0902481862035707,3.0506843245713586,3.0545339383658785
2019-10-30,143.52000427246094,145.0,142.7899932861328,144.61000061035156,18496600,3.069290192988935,3.100941086501853,3.053678323602021,3.09260063732205
2019-10-31,144.89999389648438,144.92999267578125,142.99000549316406,143.3699951171875,24605100,3.0988023759136287,3.099443923825812,3.0579557447784698,3.0660821271065983
2019-11-01,144.25999450683594,144.4199981689453,142.97000122070312,143.72000122070312,33128400,3.085115476584684,3.0885372829972755,3.0575279373965407,3.0735672878439644
2019-11-04,144.8300018310547,145.0,144.16000366210938,144.5500030517578,16912000,3.0973055395590077,3.100941086501853,3.0829770923178796,3.0913175414976832
2019-11-05,144.97000122070312,145.02000427246094,143.91000366210938,144.4600067138672,18250200,3.10029953858967,3.101368893883782,3.0776306421687387,3.089392897761133
2019-11-06,144.3699951171875,144.52000427246094,143.1999969482422,144.05999755859375,16575800,3.087467927703163,3.0906759935854997,3.062446580163753,3.0808383817296554
2019-11-07,143.83999633789062,144.8800048828125,143.77000427246094,144.25999450683594,17786700,3.0761334794926976,3.09837489485312,3.0746366431380765,3.085115476584684
2019-11-08,143.97999572753906,145.99000549316406,143.75999450683594,145.9600067138672,16732700,3.0791274785233598,3.122113146568163,3.074422576286402,3.12147159865598
2019-11-11,145.33999633789062,146.4199981689453,144.72999572753906,146.11000061035156,14362600,3.1082121803875444,3.131308884190404,3.095166828970783,3.1246793382168967
2019-11-12,146.27999877929688,147.57000732421875,146.05999755859375,147.07000732421875,18641600,3.128314885159742,3.1559027506693056,3.123609982922784,3.1452098503710233
2019-11-13,146.74000549316406,147.4600067138672,146.27999877929688,147.30999755859375,16919200,3.1381524970155867,3.153550299550827,3.128314885159742,3.15034223366849
2019-11-14,147.02000427246094,148.41000366210938,147.0,148.05999755859375,19729800,3.144140495076911,3.173866744853279,3.143712687694982,3.1663815841159133
2019-11-15,148.92999267578125,149.99000549316406,148.27000427246094,149.97000122070312,23485700,3.18498712621207,3.2076563489544214,3.1708727458226167,3.2072285415724924
2019-11-18,150.07000732421875,150.5500030517578,148.97999572753906,150.33999633789062,21534000,3.209367252160717,3.2196323450770703,3.1860564815061823,3.215141183370367
2019-11-19,150.8800048828125,151.3300018310547,150.1999969482422,150.38999938964844,23935700,3.226689698432507,3.236313243436677,3.2121471843397047,3.216210538664479
2019-11-20,150.30999755859375,150.83999633789062,148.4600067138672,149.6199951171875,25696800,3.2144996354581834,3.2258340836686488,3.174936100147391,3.1997433808351268
2019-11-21,149.39999389648438,149.8000030517578,148.5,149.47999572753906,18576100,3.195038478598169,3.2035929946296466,3.175791388589829,3.1967493818044646
2019-11-22,150.07000732421875,150.3000030517578,148.82000732421875,149.58999633789062,15901800,3.209367252160717,3.214285894927929,3.182635001415011,3.1991018329229433
2019-11-25,150.0,151.35000610351562,149.9199981689453,151.22999572753906,22420900,3.2078700894846754,3.2367410508186056,3.2061591862783803,3.2341745328484524
2019-11-26,151.36000061035156,152.4199981689453,151.32000732421875,152.02999877929688,24620100,3.23695479134886,3.2596236877697913,3.2360995029064226,3.251283238589988
2019-11-27,152.3300018310547,152.5,151.52000427246094,152.32000732421875,15184400,3.257699044033241,3.261334590976087,3.2403765977614514,3.257485303502987
2019-11-29,152.10000610351562,152.3000030517578,151.27999877929688,151.3800048828125,11977300,3.2527804012660293,3.257057496121058,3.2352438881425645,3.237382598730789
2019-12-02,151.80999755859375,151.8300018310547,148.32000732421875,149.5500030517578,27418400,3.2465783363530303,3.2470061437349593,3.171942101116729,3.1982465444805057
2019-12-03,147.49000549316406,149.42999267578125,146.64999389648438,149.30999755859375,24066000,3.15419184746301,3.195680026510352,3.1362275269576165,3.193113834861619
2019-12-04,150.13999938964844,150.17999267578125,149.1999969482422,149.85000610351562,17574700,3.2108640885153377,3.2117193769577757,3.19076138374314,3.204662349923759
2019-12-05,150.0500030517578,150.32000732421875,149.47999572753906,149.92999267578125,17869100,3.208939444778788,3.214713702309858,3.1967493818044646,3.2063729268086343
2019-12-06,150.99000549316406,151.8699951171875,150.27000427246094,151.75,16403500,3.229042149550986,3.247861432177397,3.213644347015746,3.2452952405286637
2019-12-09,151.07000732421875,152.2100067138672,150.91000366210938,151.36000061035156,16687400,3.230753052757281,3.255132852384508,3.2273312463446904,3.23695479134886
2019-12-10,151.2899932861328,151.88999938964844,150.75999450683594,151.1300048828125,16476100,3.235457628672819,3.248289239559326,3.2241231804623536,3.2320361485816482
2019-12-11,151.5399932861328,151.8699951171875,150.3300018310547,151.6999969482422,18856600,3.2408040788219603,3.247861432177397,3.2149274428401124,3.244225885234551
2019-12-12,151.64999389648438,153.44000244140625,151.02000427246094,153.24000549316406,24612100,3.243156529940439,3.281437295748285,3.229683697463169,3.277160200893256
2019-12-13,153.0,154.88999938964844,152.8300018310547,154.52999877929688,23845400,3.272027491274369,3.3124466413490192,3.2683919443315235,3.304747740081399
2019-12-16,155.11000061035156,155.89999389648438,154.82000732421875,155.52999877929688,24144200,3.317151543585977,3.3340461824758383,3.310949804994398,3.3261335406779637
2019-12-17,155.4499969482422,155.7100067138672,154.4499969482422,154.69000244140625,25425600,3.324422637471668,3.329983154472484,3.3030368368751035,3.3081695464939904
2019-12-18,154.3000030517578,155.47999572753906,154.17999267578125,154.3699951171875,24129200,3.2998290973141873,3.3250641853838516,3.2972625793440336,3.301325933668808
2019-12-19,154.0,155.77000427246094,153.75,155.7100067138672,24958900,3.293413291870934,3.3312662502968506,3.2880668417217924,3.329983154472484
2019-12-20,157.35000610351562,158.49000549316406,156.2899932861328,157.41000366210938,53477500,3.3650558543979927,3.3894356540252195,3.3423866316556414,3.3663389502223593
2019-12-23,158.1199951171875,158.1199951171875,157.27000427246094,157.41000366210938,17718200,3.381522685905925,3.381522685905925,3.363344951191697,3.3663389502223593
2019-12-24,157.47999572753906,157.7100067138672,157.1199951171875,157.3800048828125,8989200,3.3678357865769804,3.372754755665613,3.3601368853093603,3.3656974023101762
2019-12-26,157.55999755859375,158.72999572753906,157.39999389648438,158.6699981689453,14520600,3.369546689783276,3.3945680373226863,3.3661248833706847,3.3932849414983193
2019-12-27,159.4499969482422,159.5500030517578,158.22000122070312,158.9600067138672,18412800,3.409965839857926,3.4121045504461507,3.3836613964941495,3.3994870064113187
2019-12-30,158.99000549316406,159.02000427246094,156.72999572753906,157.58999633789062,16348400,3.400128554323502,3.4007701022356853,3.351796436129557,3.3701882376954595
2019-12-31,156.77000427246094,157.77000427246094,156.4499969482422,157.6999969482422,18369400,3.3526520508934152,3.3740378514899794,3.3458084380682327,3.372540688813938
2020-01-02,158.77999877929688,160.72999572753906,158.3300018310547,160.6199951171875,22622100,3.3956373926167984,3.437339638515815,3.3860138476126282,3.4349871873973363
2020-01-03,158.32000732421875,159.9499969482422,158.05999755859375,158.6199951171875,21116200,3.385800107082374,3.4206587401562083,3.3802395900815583,3.392215586204207
2020-01-06,157.0800018310547,159.10000610351562,156.50999450683594,159.02999877929688,20813700,3.3592815968669227,3.402481005441981,3.3470915338925993,3.4009838427659393
2020-01-07,159.32000732421875,159.6699981689453,157.32000732421875,157.5800018310547,21634100,3.4071859076789384,3.414670742094884,3.3644143064858096,3.369974497165205
2020-01-08,158.92999267578125,160.8000030517578,157.9499969482422,160.08999633789062,27746500,3.398845132177715,3.438836801191856,3.3778871389630796,3.4236527391868705
2020-01-09,161.83999633789062,162.22000122070312,161.02999877929688,162.08999633789062,21385000,3.4610778902308583,3.4692045988804074,3.4437554439590685,3.4664243403799997
2020-01-10,162.82000732421875,163.22000122070312,161.17999267578125,161.33999633789062,20725900,3.4820362097669144,3.490590399476972,3.446963183519985,3.4503849899325765
2020-01-13,161.75999450683594,163.30999755859375,161.25999450683594,163.27999877929688,21626500,3.459366987024563,3.492515043213522,3.448674086726281,3.4918734953013386
2020-01-14,163.38999938964844,163.60000610351562,161.72000122070312,162.1300048828125,23477400,3.4942259464198178,3.498717108126521,3.458511698582125,3.467279955143858
2020-01-15,162.6199951171875,163.94000244140625,162.57000732421875,163.17999267578125,21417900,3.477758788590465,3.505988202012212,3.476689759617773,3.489734784713114
2020-01-16,164.35000610351562,166.24000549316406,164.02999877929688,166.1699981689453,23865400,3.5147564585739444,3.5551756086485944,3.507912845748762,3.5536784459725532
2020-01-17,167.4199981689453,167.47000122070312,165.42999267578125,167.10000610351562,34371700,3.5804106967182587,3.5814800520123713,3.537852836055384,3.5735674102144968
2020-01-21,166.67999267578125,168.19000244140625,166.42999267578125,166.5,29517200,3.56458508680109,3.5968778545476114,3.5592386366519486,3.56073579932799
2020-01-22,167.39999389648438,167.49000549316406,165.67999267578125,165.6999969482422,24138800,3.57998288933633,3.5819078593943003,3.5431992862045254,3.5436270935864544
2020-01-23,166.19000244140625,166.8000030517578,165.27000427246094,166.72000122070312,19680800,3.5541062533544823,3.5671516047712433,3.5344313559642133,3.5654407015649476
2020-01-24,167.50999450683594,167.52999877929688,164.4499969482422,165.0399932861328,24918100,3.582335340454809,3.582763147836738,3.5168948428407485,3.529512386875581
2020-01-27,161.14999389648438,163.3800048828125,160.1999969482422,162.27999877929688,32078100,3.4463216356078017,3.4940122058895633,3.4260051903053497,3.470487694704774
2020-01-28,163.77999877929688,165.75999450683594,163.07000732421875,165.4600067138672,24899900,3.502566395599621,3.544910189410821,3.4873826599160553,3.5384947102889877
2020-01-29,167.83999633789062,168.75,165.69000244140625,168.0399932861328,34754500,3.5893926938102454,3.6088538506702603,3.5434133530562,3.593669788665274
2020-01-30,174.0500030517578,174.0500030517578,170.7899932861328,172.77999877929688,51597500,3.722198659096336,3.722198659096336,3.6524807403058266,3.6950386009687013
2020-01-31,172.2100067138672,172.39999389648438,169.5800018310547,170.22999572753906,36142700,3.6828488643157984,3.6869118923191526,3.626604104323979,3.6405047441831777
2020-02-03,170.42999267578125,174.5,170.39999389648438,174.3800048828125,30107000,3.644781839038207,3.731822204100506,3.6441402911260234,3.729256012451773
2020-02-04,177.13999938964844,180.63999938964844,176.30999755859375,180.1199951171875,36433300,3.7882807046225797,3.8631310067105553,3.7705304509688604,3.852010299030344
2020-02-05,184.02999877929688,184.1999969482422,178.41000366210938,179.89999389648438,39186300,3.935628857680052,3.9392644046228975,3.8154407627502143,3.847305396793386
2020-02-06,180.97000122070312,183.82000732421875,180.05999755859375,183.6300048828125,27751400,3.870188360065992,3.931138022294769,3.8507272032059774,3.9270746679699946
2020-02-07,182.8500061035156,185.6300048828125,182.47999572753903,183.88999938964844,33529100,3.910393769610387,3.9698462691631233,3.9024808014910923,3.93263485864939
2020-02-10,183.5800018310547,188.83999633789065,183.25,188.6999969482422,35844300,3.926005312675882,4.0384945063381,3.9189479593204455,4.035500507307438
2020-02-11,190.6499938964844,190.6999969482422,183.5,184.44000244140625,53159900,4.077202753206455,4.078272108500567,3.9242944094695864,3.9443971142417844
2020-02-12,185.5800018310547,185.8500061035156,181.8500061035156,184.7100067138672,47062900,3.968776913869011,3.9745511714000807,3.8890079690138224,3.9501713717728544
2020-02-13,183.0800018310547,186.22999572753903,182.8699951171875,183.7100067138672,35295800,3.9153124123775997,3.9826775537282093,3.9108212506708964,3.92878557117629
2020-02-14,183.25,185.41000366210935,182.6499938964844,185.3500061035156,23149500,3.9189479593204455,3.965141366926165,3.9061163484339394,3.9638582711017984
2020-02-18,185.61000061035156,187.6999969482422,185.5,187.22999572753903,27792200,3.9694184617811943,4.014114706710873,3.9670660106627156,4.0040633543247734
2020-02-19,188.05999755859375,188.17999267578125,186.47000122070312,187.27999877929688,29997500,4.021813607978493,4.024379799627226,3.9878102633470967,4.005132709618887
2020-02-20,186.9499969482422,187.25,181.1000061035156,184.4199981689453,36862400,3.99807535626345,4.004491161706704,3.872968618566399,3.9439693068598554
2020-02-21,183.1699981689453,183.5,177.25,178.58999633789062,48572600,3.91723705611415,3.9242944094695864,3.7906331557410584,3.819290050223314
2020-02-24,167.77000427246094,174.5500030517578,163.22999572753906,170.88999938964844,68311100,3.587895857455625,3.732891559394618,3.4908041400072265,3.6546194508940513
2020-02-25,174.1999969482422,174.83999633789062,167.64999389648438,168.07000732421875,68073300,3.7254063986572525,3.739093297986197,3.585329339485471,3.594311662898878
2020-02-26,169.7100067138672,173.25999450683594,168.2100067138672,170.1699981689453,56206100,3.629384362824387,3.7053036938850545,3.59730566192954,3.639221648358811
2020-02-27,163.32000732421875,167.02999877929688,157.97999572753906,158.17999267578125,93174900,3.4927291100651967,3.5720702475384556,3.3785286868752626,3.3828057817302915
2020-02-28,152.41000366210938,163.7100067138672,152.0,162.00999450683594,97012700,3.259409947239537,3.501069559245,3.2506416906778046,3.464713437173704
2020-03-02,165.30999755859375,172.9199981689453,162.30999755859375,172.7899932861328,71030800,3.535286644406651,3.6980325999993635,3.4711292426169575,3.6952523414989558
2020-03-03,173.8000030517578,175.0,162.25999450683594,164.50999450683594,71677000,3.716852208947195,3.7425151043987883,3.470059887322845,3.5181779386651155
2020-03-04,168.49000549316406,170.6999969482422,165.6199951171875,170.5500030517578,49814400,3.6032936599908645,3.650556096569277,3.541916190380159,3.6473483570083602
2020-03-05,166.0500030517578,170.8699951171875,165.69000244140625,166.27000427246094,47817300,3.55111225432382,3.6541916435121222,3.5434133530562,3.555817156560778
2020-03-06,162.61000061035156,163.11000061035156,156.0,161.57000732421875,72821100,3.477545048060211,3.4882379483584933,3.3361848930640625,3.455303959021209
2020-03-09,151.0,157.75,150.0,150.6199951171875,70419300,3.22925589008124,3.3736100441080508,3.2078700894846754,3.2211291814316914
2020-03-10,158.16000366210938,161.02999877929688,152.5800018310547,160.9199981689453,65354400,3.382378300669783,3.4437554439590685,3.2630454941823825,3.44140299284059
2020-03-11,157.1300048828125,157.6999969482422,151.14999389648438,153.6300048828125,56371600,3.360350952161035,3.372540688813938,3.2324636296421567,3.2855006500730592
2020-03-12,145.3000030517578,153.47000122070312,138.5800018310547,139.05999755859375,93226400,3.1073568919451064,3.282078843660468,2.9636442858304792,2.973909378746833
2020-03-13,147.5,161.91000366210938,140.72999572753906,158.8300018310547,92727400,3.1544055879932644,3.4625750529069,3.009623626584525,3.3967067479109105
2020-03-16,140.0,149.35000610351562,135.0,135.4199981689453,87905900,2.9940120835190305,3.193969449625477,2.887083080536208,2.8960650776281947
2020-03-17,140.0,147.5,135.0,146.57000732421875,81059800,2.9940120835190305,3.1544055879932644,2.887083080536208,3.134516950072741
2020-03-18,138.0,146.0,135.02000427246094,140.39999389648438,81593200,2.9512404823259017,3.1223268870984175,2.887510887918137,3.0025662732290885
2020-03-19,142.77000427246094,150.14999389648438,139.0,142.7100067138672,85922700,3.053250842541512,3.211077829045592,2.972626282922466,3.0519677467171453
2020-03-20,146.0,147.10000610351562,135.86000061035156,137.35000610351562,84866200,3.1223268870984175,3.145851398283207,2.9054748821021104,2.9373398424667028
2020-03-23,137.00999450683594,140.57000732421875,132.52000427246094,135.97999572753906,78975200,2.9300684222595916,3.006202146493354,2.8340463864267256,2.9080410737508435
2020-03-24,143.75,149.60000610351562,141.27000427246094,148.33999633789062,82516700,3.0742088357561475,3.199315899774618,3.021172141646665,3.1723695821772377
2020-03-25,148.91000366210938,154.3300018310547,144.44000244140625,146.9199981689453,75638200,3.184559645151561,3.3004706452263703,3.088965090379204,3.1420017844886865
2020-03-26,148.39999389648438,156.66000366210938,148.3699951171875,156.11000061035156,64568100,3.1736526780016043,3.350299599774936,3.1730111300894213,3.3385373441825417
2020-03-27,151.75,154.88999938964844,149.1999969482422,149.6999969482422,57042300,3.2452952405286637,3.3124466413490192,3.19076138374314,3.2014542840414224
2020-03-30,152.44000244140625,160.60000610351562,150.00999450683594,160.22999572753906,63420300,3.2600514951517203,3.4345597063368274,3.20808383001493,3.4266467382175327
2020-03-31,159.39999389648438,164.77999877929688,156.55999755859375,157.7100067138672,77927200,3.408896484563814,3.5239521961961855,3.3481608891867114,3.372754755665613
2020-04-01,153.0,157.75,150.82000732421875,152.11000061035156,57969900,3.272027491274369,3.3736100441080508,3.2254066026081403,3.2529941417962838
2020-04-02,151.86000061035156,155.47999572753906,150.36000061035156,155.25999450683594,49630700,3.2476476916471424,3.3250641853838516,3.2155689907522955,3.3203592831468938
2020-04-03,155.10000610351562,157.3800048828125,152.19000244140625,153.8300018310547,41243300,3.3169378030557226,3.3656974023101762,3.254705045002579,3.289777744928088
2020-04-06,160.32000732421875,166.5,157.5800018310547,165.27000427246094,67111700,3.428571708275503,3.56073579932799,3.369974497165205,3.5344313559642133
2020-04-07,169.58999633789062,170.0,163.25999450683594,163.49000549316406,62769000,3.6268178448542336,3.635586101415966,3.4914456879194096,3.496364657008042
2020-04-08,165.6699981689453,166.6699981689453,163.5,165.1300048828125,48318200,3.542985545674271,3.5643713462708355,3.4965783975382965,3.531437356933551
2020-04-09,166.36000061035156,167.3699951171875,163.3300018310547,165.13999938964844,51385100,3.5577418002973276,3.5793413414241466,3.4929428505954507,3.5316510974638056
2020-04-13,164.35000610351562,165.57000732421875,162.3000030517578,165.50999450683594,41905300,3.5147564585739444,3.540847161407467,3.470915502086703,3.5395637392616797
2020-04-14,169.0,173.75,168.0,173.6999969482422,52874300,3.6142003008194012,3.715782853653083,3.5928145002228367,3.7147134983589702
2020-04-15,171.1999969482422,173.57000732421875,169.24000549316406,171.8800048828125,40940800,3.6612489968675592,3.7119335661799826,3.619333010438288,3.6757915109603614
2020-04-16,174.3000030517578,177.27999877929688,172.89999389648438,177.0399932861328,50479600,3.727545109245477,3.791274703653242,3.697604792617435,3.786141994034355
2020-04-17,179.5,180.0,175.8699951171875,178.60000610351562,52765600,3.8387512070833285,3.849444107381611,3.7611206464949447,3.8195041170749886
2020-04-20,176.6300048828125,178.75,174.99000549316406,175.05999755859375,36669600,3.777374063794043,3.8227118566359053,3.742301363868534,3.743798200223155
2020-04-21,173.5,173.6699981689453,166.11000061035156,167.82000732421875,56203700,3.7104364035039414,3.714071950446787,3.5523953501481866,3.588965212749737
2020-04-22,171.38999938964844,174.0,170.82000732421875,173.52000427246094,34620200,3.6653123511923336,3.7211293038022237,3.65312261453943,3.7108642108858705
2020-04-23,174.11000061035156,175.05999755859375,170.91000366210938,171.4199981689453,32790800,3.723481754920703,3.743798200223155,3.6550472582759803,3.665953899104517
2020-04-24,172.05999755859375,174.55999755859375,170.7100067138672,174.5500030517578,34277600,3.6796407984334616,3.7331052999248726,3.6507701634209515,3.732891559394618
2020-04-27,176.58999633789062,176.89999389648438,173.3000030517578,174.0500030517578,33194400,3.776518449030185,3.783147995003693,3.7061593086489126,3.722198659096336
2020-04-28,175.58999633789062,175.6699981689453,169.38999938964844,169.80999755859375,34392700,3.7551326484336203,3.756843551639916,3.6225407499992044,3.631522747091191
2020-04-29,173.22000122070312,177.67999267578125,171.8800048828125,177.42999267578125,51286600,3.704448405442617,3.7998288933632995,3.6757915109603614,3.794482443214158
2020-04-30,180.0,180.3999938964844,176.22999572753906,179.2100067138672,53875900,3.849444107381611,3.8579982970916693,3.768819547762565,3.8325494684917496
2020-05-01,175.8000030517578,178.63999938964844,174.00999450683594,174.57000732421875,39370500,3.759623810140324,3.820359405517426,3.721343044332478,3.733319366776547
2020-05-04,174.49000549316406,179.0,173.8000030517578,178.83999633789062,30372900,3.7316084635702516,3.828058306785046,3.716852208947195,3.824636500372455
2020-05-05,180.6199951171875,183.6499938964844,179.89999389648438,180.7599945068359,36839200,3.8627031993286263,3.9275021490305035,3.847305396793386,3.865697198359288
2020-05-06,182.0800018310547,184.1999969482422,181.6300048828125,182.5399932861328,32139300,3.8939266117810356,3.9392644046228975,3.8843030667768654,3.90376389731546
2020-05-07,184.1699981689453,184.5500030517578,182.5800018310547,183.6000061035156,28316000,3.9386228567107144,3.9467495653602636,3.9046195120793175,3.9264331200578106
2020-05-08,184.97999572753903,185.0,183.36000061035156,184.67999267578125,30877800,3.955945302982504,3.9563731103644333,3.921300410438924,3.9495294975392508
2020-05-11,183.1499938964844,187.5099945068359,182.8500061035156,186.7400054931641,30892700,3.9168092487322217,4.010051352386098,3.910393769610387,3.9935845208781675
2020-05-12,186.8000030517578,187.0399932861328,182.3000030517578,182.5099945068359,32038200,3.9948676167025337,4.0,3.898631514017993,3.903122349403276
2020-05-13,182.5500030517578,184.0500030517578,176.5399932861328,179.75,44711500,3.9039779641671344,3.9360566650619813,3.7754490937360727,3.84409765723247
2020-05-14,177.5399932861328,180.69000244140625,175.67999267578125,180.52999877929688,41873900,3.7968348943326373,3.8642003620046674,3.7570572921701704,3.860778555592076
2020-05-15,179.05999755859375,187.05999755859375,177.0,183.16000366210935,46610400,3.829341402609413,4.000427807381929,3.7852867055919175,3.917023315583895
2020-05-18,185.75,186.1999969482422,183.9600067138672,184.91000366210935,35264500,3.9724124608118565,3.9820360058160267,3.934132021325431,3.9544484666278827
2020-05-19,185.02999877929688,186.6000061035156,183.4900054931641,183.6300048828125,26799100,3.957014658276617,3.990590521847504,3.924080668939333,3.9270746679699946
2020-05-20,184.80999755859375,185.8500061035156,183.94000244140625,185.66000366210935,31261300,3.952309756039659,3.9745511714000807,3.933704213943502,3.970487817075306
2020-05-21,185.3999938964844,186.6699981689453,183.2899932861328,183.42999267578125,29119500,3.964927300074492,3.9920873582021255,3.919803247762883,3.9227972467935452
2020-05-22,183.19000244140625,184.4600067138672,182.5399932861328,183.5099945068359,20826900,3.917664863496079,3.9448249216237135,3.90376389731546,3.9245081499998404
2020-05-26,186.33999633789065,186.5,181.1000061035156,181.57000732421875,36073600,3.9850300048466893,3.98845181125928,3.872968618566399,3.883019970952499
2020-05-27,180.1999969482422,181.9900054931641,176.60000610351562,181.80999755859375,39517100,3.8537212022366396,3.892001968044486,3.7767325158818594,3.888152354249965
2020-05-28,180.7400054931641,184.1499938964844,180.3800048828125,181.3999938964844,33810200,3.8652697172987804,3.938195049328786,3.85757081603116,3.8793840976882334
2020-05-29,182.72999572753903,184.27000427246097,180.41000366210935,183.25,42130400,3.9078272516402337,3.9407615672989396,3.8582123639433425,3.9189479593204455
2020-06-01,182.5399932861328,183.0,181.4600067138672,182.8300018310547,22622400,3.90376389731546,3.913601509171304,3.8806675198340197,3.909965962228459
2020-06-02,184.25,185.0,181.3500061035156,184.91000366210935,30794600,3.94033375991701,3.9563731103644333,3.8783150687155405,3.9544484666278827
2020-06-03,184.82000732421875,185.94000244140625,183.5800018310547,185.36000061035156,27311000,3.9525238228913335,3.9764758151366313,3.926005312675882,3.9640720116320534
2020-06-04,184.3000030517578,185.83999633789065,182.3000030517578,182.9199981689453,28761800,3.941403115211122,3.974337104548407,3.898631514017993,3.911890605965009
2020-06-05,182.6199951171875,187.72999572753903,182.0099945068359,187.1999969482422,39893600,3.9054748005217554,4.014756254623056,3.8924294491049936,4.003421806412591
2020-06-08,185.94000244140625,188.5500030517578,184.44000244140625,188.36000061035156,33211600,3.9764758151366313,4.0322927677465215,3.9443971142417844,4.028229413421747
2020-06-09,188.0,190.6999969482422,187.2599945068359,189.8000030517578,29783900,4.020530512154127,4.078272108500567,4.004704902236957,4.059025018492227
2020-06-10,191.1300048828125,198.52000427246097,191.0099945068359,196.83999633789065,43872300,4.087468172444228,4.245509225799983,4.084901654474074,4.209580911110617
2020-06-11,193.1300048828125,195.7599945068359,186.07000732421875,186.27000427246097,52854700,4.130239773637357,4.186484207307755,3.979256073637039,3.9835331684920683
2020-06-12,190.5399932861328,191.72000122070312,185.17999267578125,187.7400054931641,43373600,4.074850302087976,4.10008571647906,3.960222397837533,4.014970321474732
2020-06-15,184.5800018310547,190.82000732421875,184.0099945068359,188.94000244140625,32770200,3.9473911132724466,4.080838626470721,3.9352010502981227,4.040633216926325
2020-06-16,192.88999938964844,195.5800018310547,191.4600067138672,193.57000732421875,42556700,4.12510706401847,4.182634919834657,4.094525525799665,4.139649578111273
2020-06-17,195.02999877929688,196.32000732421875,193.69000244140625,194.2400054931641,25687800,4.170872664242261,4.198460529751825,4.142215769760006,4.1539780253524015
2020-06-18,194.0,196.4900054931641,194.0,196.32000732421875,23061600,4.148845315733514,4.202096076694671,4.148845315733514,4.198460529751825
2020-06-19,198.58999633789065,199.2899932861328,194.3699951171875,195.1499938964844,44441100,4.247006062154605,4.2619760573079155,4.156757957531388,4.173438855890995
2020-06-22,195.7899932861328,200.7599945068359,195.22999572753903,200.57000732421875,32818900,4.187125755219939,4.293413210290578,4.17514975909729,4.289350182287224
2020-06-23,202.08999633789065,203.9499969482422,201.42999267578125,201.91000366210935,30917400,4.3218563642425805,4.361633966405047,4.3077416575317065,4.318007076769479
2020-06-24,201.6000061035156,203.25,196.55999755859375,197.83999633789065,36740600,4.311377530795972,4.346663971251735,4.203592913049292,4.230966711707182
2020-06-25,197.8000030517578,200.61000061035156,195.47000122070312,200.33999633789065,27803900,4.230111423264743,4.290205470729662,4.180282468716177,4.284431213198593
2020-06-26,199.72999572753903,199.88999938964844,194.8800048828125,196.3300018310547,54675800,4.27138586178183,4.274807668194422,4.167664924681345,4.19867427028208
2020-06-29,195.77999877929688,198.52999877929688,193.5500030517578,198.44000244140625,26701600,4.186912014689685,4.245722966330238,4.1392217707293435,4.243798322593688
2020-06-30,197.8800048828125,204.3999938964844,197.7400054931641,203.5099945068359,34310300,4.231822326471039,4.371257511409217,4.228828327440377,4.35222416193113
2020-07-01,203.13999938964844,206.3500061035156,201.77000427246097,204.6999969482422,32061200,4.344311520133257,4.4129600836296525,4.3150130777388185,4.37767331685247
2020-07-02,205.67999267578125,208.02000427246097,205.0,206.2599945068359,29315800,4.398631310067105,4.4486743314673465,4.384089122295723,4.411035113571683
2020-07-06,208.8300018310547,211.1300048828125,208.08999633789065,210.6999969482422,31897600,4.465996777739136,4.515184184375518,4.450171167821967,4.505988120431857
2020-07-07,210.4499969482422,214.6699981689453,207.9900054931641,208.25,33600700,4.500641670282716,4.590889774905932,4.448032783555163,4.453592974234558
2020-07-08,210.07000732421875,213.2599945068359,208.69000244140625,212.8300018310547,33600000,4.492515287954587,4.560735717747634,4.463002778708474,4.551539980125394
2020-07-09,216.3300018310547,216.3800048828125,211.47000122070312,214.32000732421875,33121700,4.62639028221337,4.627459637507482,4.5224552782612095,4.583404940489986
2020-07-10,213.6199951171875,214.0800018310547,211.0800018310547,213.6699981689453,26177600,4.568434619015255,4.578272230871099,4.514114829081406,4.5695039743093675
2020-07-13,214.47999572753903,215.8000030517578,206.5,207.07000732421875,38135600,4.586826420581157,4.615055834002904,4.4161678231905706,4.428357886164894
2020-07-14,206.1300048828125,208.8500061035156,202.02999877929688,208.3500061035156,37591800,4.408255181392696,4.466424585121064,4.320573268418213,4.455731684822782
2020-07-15,209.55999755859375,211.3300018310547,205.02999877929688,208.0399932861328,32179400,4.4816083208046305,4.519461279230547,4.384730670207906,4.4491018125278545
2020-07-16,205.3999938964844,205.6999969482422,202.30999755859375,203.9199981689453,29940700,4.392643312005782,4.399059117449035,4.326561266479538,4.360992418492863
2020-07-17,204.47000122070312,205.0399932861328,201.38999938964844,202.8800048828125,31635300,4.372754674085257,4.384944410738161,4.306886369089269,4.338751329453861
2020-07-20,205.0,212.3000030517578,203.0099945068359,211.6000061035156,36884800,4.384089122295723,4.540205531914928,4.3415312616328485,4.525235536761617
2020-07-21,213.66000366210935,213.94000244140625,208.02999877929688,208.75,37990400,4.569290233779112,4.5752782318404375,4.4488880719976,4.46428587453284
2020-07-22,209.1999969482422,212.3000030517578,208.38999938964844,211.75,49605700,4.47390941953701,4.540205531914928,4.45658697326522,4.528443276322534
2020-07-23,207.19000244140625,210.9199981689453,202.1499938964844,202.5399932861328,67457000,4.430924077813627,4.510693022668815,4.3231394600669475,4.33147990924675
2020-07-24,200.4199981689453,202.86000061035156,197.5099945068359,201.3000030517578,39827000,4.286142116404887,4.338323522071932,4.223909358351744,4.304961725352719
2020-07-27,201.47000122070312,203.97000122070312,200.86000061035156,203.8500061035156,30160900,4.3085972722955646,4.362061773786976,4.295551920878803,4.3594955821382415
2020-07-28,203.61000061035156,204.6999969482422,201.7400054931641,202.02000427246097,23251400,4.3543628725193555,4.37767331685247,4.314371529826635,4.32035952788796
2020-07-29,202.5,204.6499938964844,202.0099945068359,204.05999755859375,19632600,4.330624620804312,4.3766039615583585,4.320145461036284,4.363986417523526
2020-07-30,201.0,204.4600067138672,199.57000732421875,203.8999938964844,25079600,4.298545919909466,4.372540933555004,4.26796438169066,4.360564611110935
2020-07-31,204.3999938964844,205.1000061035156,199.0099945068359,205.0099945068359,51044000,4.371257511409217,4.3862278328839475,4.25598805924659,4.384302862825977
2020-08-03,211.52000427246097,217.63999938964844,210.44000244140625,216.5399932861328,78983000,4.523524633555322,4.654405628783442,4.500427929752462,4.630881117598653
2020-08-04,214.1699981689453,214.77000427246097,210.30999755859375,213.2899932861328,49280100,4.580196874607649,4.593028485494157,4.497647671252054,4.561377265659818
2020-08-05,214.8999938964844,215.0,211.57000732421875,212.94000244140625,28806400,4.595808417673145,4.597947128261368,4.524593988849434,4.553892431243873
2020-08-06,212.33999633789065,216.3699951171875,211.5500030517578,216.3500061035156,32656800,4.541060820357367,4.627245570655807,4.524166181467505,4.626818089595298
2020-08-07,214.8500061035156,215.6999969482422,210.92999267578125,212.47999572753903,27820400,4.594739388700451,4.61291712341468,4.51090676319907,4.544054819388028
2020-08-10,211.6699981689453,211.8800048828125,206.3500061035156,208.25,36716500,4.526732373116238,4.531223534822941,4.4129600836296525,4.453592974234558
2020-08-11,207.16000366210935,207.6499938964844,203.13999938964844,203.3800048828125,36446500,4.430282529901443,4.440761363348052,4.344311520133257,4.349444229752144
2020-08-12,205.2899932861328,210.27999877929688,204.75,209.19000244140625,28013100,4.390290860887302,4.497006123339871,4.378742672146582,4.473695679006756
2020-08-13,209.44000244140625,211.3500061035156,208.1499938964844,208.6999969482422,22588900,4.479042129155897,4.5198890866124755,4.451454263646334,4.463216519238728
2020-08-14,208.7599945068359,209.58999633789065,207.5099945068359,208.8999938964844,17958900,4.464499615063094,4.482249868716814,4.437767364317389,4.467493614093757
2020-08-17,209.6000061035156,211.19000244140625,208.9199981689453,210.27999877929688,20184800,4.482463935568488,4.516467280199885,4.467921421475686,4.497006123339871
2020-08-18,210.52999877929688,212.36000061035156,209.2100067138672,211.4900054931641,21336200,4.502352573489011,4.541488627739295,4.4741234863886845,4.522883085643139
2020-08-19,211.4900054931641,212.1000061035156,209.25,209.6999969482422,27627600,4.522883085643139,4.535928437059899,4.474978774831123,4.484602319835292
2020-08-20,209.5399932861328,215.0,208.91000366210935,214.5800018310547,26981500,4.481180513422701,4.597947128261368,4.467707680945431,4.588965131169382
2020-08-21,213.86000061035156,216.25,212.8500061035156,213.02000427246097,36249300,4.573567328634142,4.624679379007074,4.551967787507322,4.555603334450169
2020-08-24,214.7899932861328,215.52000427246097,212.42999267578125,213.69000244140625,25460100,4.593455966554665,4.60906783594158,4.542985464093916,4.569931781691296
2020-08-25,213.1000061035156,216.61000061035156,213.1000061035156,216.47000122070312,23043700,4.557314237656463,4.632378280274694,4.557314237656463,4.629384281244032
2020-08-26,217.8800048828125,222.08999633789065,217.36000061035156,221.1499938964844,39600800,4.659538338402329,4.74957237617387,4.648417630722117,4.729469671401673
2020-08-27,222.88999938964844,231.1499938964844,219.3999938964844,226.5800018310547,57602200,4.766681081915405,4.943327677367318,4.692044520357685,4.845594738328156
2020-08-28,228.17999267578125,230.63999938964844,226.5800018310547,228.91000366210935,26292900,4.879811823489807,4.932421036538781,4.845594738328156,4.8954236928767205
2020-08-31,227.0,228.6999969482422,224.30999755859375,225.52999877929688,28774200,4.854576735420142,4.8909325311700185,4.797048879603957,4.823139582437479
2020-09-01,225.5099945068359,227.4499969482422,224.42999267578125,227.27000427246097,25725500,4.8227117750555495,4.8642002804243125,4.79961507125269,4.860350992951213
2020-09-02,227.97000122070312,232.86000061035156,227.3500061035156,231.6499938964844,34080800,4.875320988104524,4.979897539968867,4.862061896157508,4.9540205776656
2020-09-03,229.27000427246097,229.30999755859375,214.9600067138672,217.3000030517578,58400300,4.903122594144342,4.903977882586779,4.597091839818931,4.64713453489775
2020-09-04,215.1000061035156,218.36000061035156,205.19000244140625,214.25,59664100,4.600085838849592,4.669803431318682,4.388152476620498,4.581907777813945
2020-09-08,206.5,210.02999877929688,202.1999969482422,202.66000366210935,52924300,4.4161678231905706,4.491659673190729,4.324208815361059,4.334046427216903
2020-09-09,207.6000061035156,214.83999633789065,206.6999969482422,211.2899932861328,45679000,4.4396923343753585,4.594525321848778,4.420444918045599,4.51860566446669
2020-09-10,213.3999938964844,214.7400054931641,204.11000061035156,205.3699951171875,35461500,4.5637297167782975,4.592386937581973,4.365055772817638,4.392001764093598
2020-09-11,207.1999969482422,208.6300048828125,201.2400054931641,204.02999877929688,33620100,4.431137818343881,4.461719682884107,4.303678629528353,4.363344869611343
2020-09-14,204.2400054931641,209.1999969482422,204.02999877929688,205.41000366210935,30375800,4.367836031318046,4.47390941953701,4.363344869611343,4.392857378857455
2020-09-15,208.4199981689453,209.77999877929688,206.92999267578125,208.77999877929688,21823900,4.457228521177403,4.486313223041588,4.425363560812811,4.464927422445023
2020-09-16,210.6199951171875,210.6499938964844,204.63999938964844,205.0500030517578,26328100,4.504277217225561,4.504918765137745,4.376390221028103,4.385158477589836
2020-09-17,200.0500030517578,204.3300018310547,199.9600067138672,202.91000366210935,34011300,4.278229474607013,4.369760675054596,4.276304830870464,4.339392877366044
2020-09-18,202.8000030517578,203.6499938964844,196.25,200.38999938964844,55225300,4.337040426247565,4.355218160961794,4.196963367075784,4.285500568492704
2020-09-21,197.19000244140625,202.7100067138672,196.3800048828125,202.5399932861328,39839700,4.217066071847982,4.335115782511015,4.1997436255761915,4.33147990924675
2020-09-22,205.05999755859375,208.1000061035156,202.0800018310547,207.4199981689453,33517100,4.38537221812009,4.450385234673641,4.321642623712325,4.4358427205808395
2020-09-23,207.8999938964844,208.1000061035156,200.02999877929688,200.58999633789065,30803800,4.446107813497193,4.450385234673641,4.277801667225084,4.289777663347734
2020-09-24,199.8500061035156,205.57000732421875,199.1999969482422,203.19000244140625,31202500,4.273952379751984,4.396279185270047,4.260051413571365,4.345380875427369
2020-09-25,203.5500030517578,209.0399932861328,202.5399932861328,207.82000732421875,29437300,4.353079776694989,4.470487613124419,4.33147990924675,4.444397236612317
2020-09-28,210.8800048828125,212.57000732421875,208.05999755859375,209.44000244140625,32004900,4.509837734226378,4.545979789445998,4.449529619909783,4.479042129155897
2020-09-29,209.3500061035156,210.07000732421875,206.80999755859375,207.2599945068359,24221900,4.477117485419346,4.492515287954587,4.422797369164078,4.432420914168247
2020-09-30,207.72999572753903,211.97999572753903,206.5399932861328,210.3300018310547,33829100,4.442472266554346,4.533361919089745,4.417023111633008,4.498075478633982
2020-10-01,213.4900054931641,213.9900054931641,211.32000732421875,212.4600067138672,27158400,4.565654686836268,4.57634758713455,4.519247538700292,4.54362733832752
2020-10-02,208.0,210.9900054931641,205.5399932861328,206.19000244140625,33154800,4.448246524085417,4.512190185344856,4.3956373110364435,4.409538277217062
2020-10-05,207.22000122070312,210.41000366210935,206.97999572753903,210.3800048828125,21331600,4.43156562572581,4.499786381840278,4.426432916106923,4.499144833928095
2020-10-06,208.82000732421875,210.17999267578125,204.82000732421875,205.91000366210935,28554300,4.465783037208881,4.4948674127516455,4.380239834822624,4.403550279155738
2020-10-07,207.05999755859375,210.11000061035156,206.72000122070312,209.8300018310547,25681100,4.428143819313219,4.493370576397025,4.420872725427528,4.4873825783357
2020-10-08,210.5099945068359,211.19000244140625,208.32000732421875,210.5800018310547,19925800,4.501924766107082,4.516467280199885,4.4550901369105995,4.503421928783124
2020-10-09,211.22999572753903,215.86000061035156,211.22999572753903,215.80999755859375,26458000,4.517322568642322,4.616338929827271,4.517322568642322,4.6152695745331584
2020-10-12,218.7899932861328,223.86000061035156,216.80999755859375,221.3999938964844,40461400,4.678999168940923,4.787425334599787,4.636655375129723,4.734816121550814
2020-10-13,222.72000122070312,225.2100067138672,220.42999267578125,222.86000061035156,28950800,4.7630455349725604,4.816296295933717,4.714071868866432,4.766039534003222
2020-10-14,223.0,224.22000122070312,219.1300048828125,220.86000061035156,23421700,4.769033533033885,4.795124235867407,4.686270589148035,4.723267932810093
2020-10-15,217.1000061035156,220.36000061035156,216.0099945068359,219.66000366210935,22733100,4.642857440042722,4.712575032511811,4.619546669388186,4.6976050373585
2020-10-16,220.1499938964844,222.2899932861328,219.32000732421875,219.66000366210935,26057900,4.708083870805108,4.753849471028899,4.690333943472809,4.6976050373585
2020-10-19,220.4199981689453,222.3000030517578,213.72000122070312,214.22000122070312,27625800,4.713858128336177,4.754063537880573,4.570573329603479,4.581266229901762
2020-10-20,215.8000030517578,217.3699951171875,213.08999633789065,214.6499938964844,22753500,4.615055834002904,4.648631371252372,4.55710017080479,4.5904619675240035
2020-10-21,213.1199951171875,216.9199981689453,213.1199951171875,214.8000030517578,22724900,4.557741718716973,4.639007826248202,4.557741718716973,4.593670033406339
2020-10-22,213.92999267578125,216.05999755859375,211.6999969482422,214.88999938964844,22351500,4.5750641649887624,4.6206160246823,4.527373921028421,4.5955946771428895
2020-10-23,215.02999877929688,216.27999877929688,213.16000366210935,216.22999572753903,18879600,4.598588676173552,4.625320926919257,4.55859733348083,4.624251571625145
2020-10-26,213.8500061035156,216.33999633789065,208.1000061035156,210.0800018310547,37111600,4.5733535881038865,4.626604022743624,4.450385234673641,4.492729028484842
2020-10-27,211.58999633789065,214.6699981689453,210.3300018310547,213.25,36700300,4.525021469909944,4.590889774905932,4.498075478633982,4.56052197721738
2020-10-28,207.6699981689453,208.83999633789065,202.1000061035156,202.67999267578125,51195600,4.44118917072998,4.466210518269391,4.322070431094254,4.334473908277412
2020-10-29,204.07000732421875,207.36000061035156,203.3699951171875,204.72000122070312,31432600,4.3642004843752,4.4345596247564725,4.349230162900469,4.378101124234399
2020-10-30,203.5,204.2899932861328,199.6199951171875,202.47000122070312,36953700,4.352010421400877,4.3689050602907376,4.269033410663352,4.329983072892129
2020-11-02,204.2899932861328,205.27999877929688,200.1199951171875,202.3300018310547,30842200,4.3689050602907376,4.390077120357048,4.279726310961634,4.3269890738614665
2020-11-03,203.88999938964844,208.1199951171875,203.1199951171875,206.42999267578125,27512000,4.36035087058068,4.45081271573415,4.343883712751327,4.4146706605145285
2020-11-04,214.02000427246097,218.32000732421875,212.4199981689453,216.38999938964844,42311800,4.576989135046733,4.6689481428762445,4.5427717235636615,4.627673378037736
2020-11-05,222.0399932861328,224.1199951171875,221.1499938964844,223.2899932861328,36080100,4.748503020879758,4.792985525279183,4.729469671401673,4.775235271625463
2020-11-06,222.2599945068359,224.36000061035156,218.02999877929688,223.72000122070312,25231900,4.753207923116715,4.798118234898069,4.662746077963245,4.784431335569124
2020-11-09,224.44000244140625,228.1199951171875,217.8800048828125,218.38999938964844,44395000,4.799829138104364,4.87852872766544,4.659538338402329,4.670444979230865
2020-11-10,214.5,216.5,209.72000122070312,211.0099945068359,44045100,4.587254227963086,4.6300258291562155,4.485030127217222,4.512617666405364
2020-11-11,212.38999938964844,218.0399932861328,212.1999969482422,216.5500030517578,29440800,4.5421301756514785,4.6629598184934995,4.538066821326704,4.631095184450327
2020-11-12,217.2100067138672,219.11000061035156,214.4600067138672,215.44000244140625,21593900,4.645209891161201,4.685842781766105,4.586398939520649,4.607356932735284
2020-11-13,216.36000061035156,217.4199981689453,214.16000366210935,216.5099945068359,18621100,4.627031830125553,4.6497007265464845,4.579983134077395,4.630239569686469
2020-11-16,214.8699951171875,217.7400054931641,214.52000427246097,217.22999572753903,24953300,4.595166869760961,4.656544339371667,4.587682035345016,4.645637372221709
2020-11-17,216.1000061035156,217.67999267578125,214.0800018310547,214.4600067138672,24154100,4.621471639446157,4.655260917225879,4.578272230871099,4.586398939520649
2020-11-18,213.6499938964844,215.1699981689453,210.92999267578125,211.0800018310547,28372800,4.569076166927439,4.601582675204214,4.51090676319907,4.514114829081406
2020-11-19,211.3800048828125,213.02999877929688,209.92999267578125,212.4199981689453,24792700,4.520530634524659,4.555817074980423,4.489520962602505,4.5427717235636615
2020-11-20,212.1999969482422,213.2899932861328,210.0,210.38999938964844,22843100,4.538066821326704,4.561377265659818,4.491018125278546,4.499358574458349
2020-11-23,210.9499969482422,212.2899932861328,208.16000366210935,210.11000061035156,25683500,4.511334570580998,4.539991465063253,4.451668330498007,4.493370576397025
2020-11-24,209.58999633789065,214.25,208.86000061035156,213.86000061035156,33979700,4.482249868716814,4.581907777813945,4.466638325651319,4.573567328634142
2020-11-25,215.11000061035156,215.2899932861328,212.4600067138672,213.8699951171875,21012900,4.600299579379848,4.604148866852947,4.54362733832752,4.573781069164396
2020-11-27,214.8500061035156,216.27000427246097,214.0399932861328,215.22999572753903,14512200,4.594739388700451,4.625107186389004,4.577416616107242,4.60286577102858
2020-11-30,214.1000061035156,214.7599945068359,210.83999633789065,214.07000732421875,33064800,4.578700038253028,4.592814418642481,4.5089821194625195,4.578058490340845
2020-12-01,214.5099945068359,217.32000732421875,213.3500061035156,216.2100067138672,30904500,4.58746796849334,4.64756234227968,4.562660687805605,4.623824090564637
2020-12-02,214.8800048828125,215.47000122070312,212.8000030517578,215.3699951171875,23724500,4.595380936612635,4.607998480647467,4.55089843221321,4.605859770059243
2020-12-03,214.61000061035156,216.3800048828125,213.6499938964844,214.2400054931641,25120900,4.589606679081565,4.627459637507482,4.569076166927439,4.581694037283691
2020-12-04,214.22000122070312,215.3800048828125,213.17999267578125,214.36000061035156,24666000,4.581266229901762,4.606073836910918,4.559024814541339,4.584260228932424
2020-12-07,214.3699951171875,215.5399932861328,212.9900054931641,214.2899932861328,24620000,4.584473969462678,4.6094953170020885,4.5549617865379854,4.5827630662563825
2020-12-08,213.97000122070312,216.9499969482422,212.88999938964844,216.0099945068359,23284100,4.5759197797526205,4.639649374160385,4.55282307594976,4.619546669388186
2020-12-09,215.16000366210935,215.22999572753903,211.2100067138672,211.8000030517578,32440600,4.601368934673959,4.60286577102858,4.516895087581814,4.5295126316166465
2020-12-10,211.77000427246097,213.0800018310547,210.36000061035156,210.52000427246097,26733300,4.5288710837044635,4.556886430274535,4.498717026546166,4.5021388329587575
2020-12-11,210.0500030517578,213.32000732421875,209.11000061035156,213.2599945068359,30979400,4.492087480572658,4.562019139893422,4.47198477580046,4.560735717747634
2020-12-14,213.1000061035156,216.2100067138672,212.8800048828125,214.1999969482422,28798400,4.557314237656463,4.623824090564637,4.552609335419506,4.580838422519832
2020-12-15,215.1699981689453,215.4199981689453,212.2400054931641,214.1300048828125,27000600,4.601582675204214,4.606929125353355,4.538922436090562,4.579341586165212
2020-12-16,214.75,220.11000061035156,214.72000122070312,219.27999877929688,35023300,4.592600678112228,4.70722858236267,4.591959130200044,4.689478328708951
2020-12-17,219.8699951171875,220.88999938964844,217.9199981689453,219.4199981689453,32515800,4.702095872743783,4.723909480722277,4.660393626844766,4.692472327739613
2020-12-18,218.58999633789065,219.69000244140625,216.02000427246097,218.58999633789065,63354900,4.674722074085895,4.698246585270684,4.619760736239862,4.674722074085895
2020-12-21,217.5500030517578,224.0,217.27999877929688,222.58999633789065,37181900,4.652480985046892,4.790419333630449,4.646706727515822,4.760265276472153
2020-12-22,222.69000244140625,225.6300048828125,221.8500061035156,223.94000244140625,22612200,4.7624039870603765,4.825278293025703,4.744439992876403,4.789136237806082
2020-12-23,223.11000061035156,223.55999755859375,220.8000030517578,221.02000427246097,18699600,4.771385984152364,4.781009529156534,4.721984836985727,4.726689739222685
2020-12-24,221.4199981689453,223.61000061035156,221.1999969482422,222.75,10550600,4.735243928932742,4.782078884450645,4.7305390266957845,4.7636870828847435
2020-12-28,224.4499969482422,226.02999877929688,223.02000427246097,224.9600067138672,17933500,4.800042878634619,4.833832482735762,4.769461340415814,4.810949845784576
2020-12-29,226.30999755859375,227.17999267578125,223.5800018310547,224.1499938964844,17403200,4.839820480797086,4.8584260228932425,4.781437336538462,4.793627073191367
2020-12-30,225.22999572753903,225.6300048828125,221.47000122070312,221.67999267578125,20272300,4.816723776994225,4.825278293025703,4.7363132842268545,4.740804119612138
2020-12-31,221.6999969482422,223.0,219.67999267578125,222.4199981689453,20942100,4.741231926994066,4.769033533033885,4.698032518419009,4.7566297295293065
2021-01-04,222.52999877929688,223.0,214.80999755859375,217.69000244140625,37130100,4.758982180647785,4.769033533033885,4.593883773936594,4.6554749840775544
2021-01-05,217.2599945068359,218.52000427246097,215.6999969482422,217.8999938964844,23823000,4.646278920133892,4.673225237731274,4.61291712341468,4.659965819462838
2021-01-06,212.1699981689453,216.4900054931641,211.94000244140625,212.25,35930700,4.53742527341452,4.629812088625961,4.532506630647308,4.539136176620816
2021-01-07,214.0399932861328,219.33999633789065,213.7100067138672,218.2899932861328,27694500,4.577416616107242,4.690761424533318,4.570359589073225,4.668306268642641
2021-01-08,218.67999267578125,220.5800018310547,217.02999877929688,219.6199951171875,22956200,4.676646717822444,4.717279934748769,4.64136027736668,4.696749422594642
2021-01-11,218.47000122070312,218.91000366210935,216.72999572753903,217.4900054931641,23031300,4.672155882437161,4.6815656869110756,4.6349444719234265,4.651197889222526
2021-01-12,216.5,217.1000061035156,213.32000732421875,214.92999267578125,23249300,4.6300258291562155,4.642857440042722,4.562019139893422,4.596449965585327
2021-01-13,214.02000427246097,216.7599945068359,213.92999267578125,216.33999633789065,20087100,4.576989135046733,4.6355860198356105,4.5750641649887624,4.626604022743624
2021-01-14,215.91000366210935,217.4600067138672,212.7400054931641,213.02000427246097,29480800,4.617408285121383,4.650556341310342,4.549615336388845,4.555603334450169
2021-01-15,213.52000427246097,214.5099945068359,212.02999877929688,212.6499938964844,31746500,4.566296234748451,4.58746796849334,4.534431274383858,4.547690366330874
2021-01-19,213.75,216.97999572753903,212.6300048828125,216.44000244140625,30480900,4.571214877515663,4.640290922072568,4.547262885270365,4.6287427333318485
2021-01-20,217.6999969482422,225.7899932861328,217.2899932861328,224.33999633789065,37777300,4.655688724607809,4.828699773116875,4.646920468046076,4.797690427516141
2021-01-21,224.6999969482422,226.3000030517578,222.4199981689453,224.97000122070312,30709400,4.80538932878376,4.839606740266832,4.7566297295293065,4.81116358631483
2021-01-22,227.0800018310547,230.07000732421875,225.8000030517578,225.9499969482422,30172700,4.856287638626438,4.920231299885877,4.828913839968549,4.832121579529466
2021-01-25,229.1199951171875,229.77999877929688,224.22000122070312,229.52999877929688,33152100,4.899914528262005,4.914029234972878,4.795124235867407,4.908682784823737
2021-01-26,231.86000061035156,234.17999267578125,230.0800018310547,232.3300018310547,49169600,4.958511739372303,5.008126627069194,4.920445040416132,4.968563091758401
2021-01-27,238.0,240.44000244140625,230.13999938964844,232.8999938964844,69870600,5.089820541982352,5.142001947649397,4.921728136240498,4.980752828411306
2021-01-28,235.61000061035156,242.63999938964844,235.08999633789065,238.92999267578125,49111200,5.03870849160942,5.189050643697555,5.027587783929209,5.109709179902875
2021-01-29,235.9900054931641,238.02000427246097,231.3500061035156,231.9600067138672,42503100,5.046835200258969,5.090248349364281,4.947605098543765,4.960650449960528
2021-02-01,235.05999755859375,242.5,232.42999267578125,239.6499938964844,33314200,5.026946236017025,5.186056644666892,4.970701476025206,5.125106982438116
2021-02-02,241.3000030517578,242.30999755859375,238.69000244140625,239.5099945068359,25916300,5.160393749215299,5.181993290342118,5.104576796605409,5.122112983407453
2021-02-03,239.57000732421875,245.08999633789065,239.2599945068359,243.0,27158100,5.12339640555324,5.241445789894854,5.116766533258311,5.196749544965175
2021-02-04,242.66000366210935,243.2400054931641,240.3699951171875,242.0099945068359,25296100,5.1894784510794825,5.201882254584062,5.140504784973356,5.175577484898864
2021-02-05,242.22999572753903,243.27999877929688,240.4199981689453,242.1999969482422,18054800,5.180282387135821,5.202737543026499,5.141574140267467,5.179640839223639
2021-02-08,243.1499938964844,243.67999267578125,240.80999755859375,242.47000122070312,22211900,5.199957284526092,5.211291732736557,5.149914589447271,5.185415096754709
2021-02-09,241.8699951171875,244.7599945068359,241.3800048828125,243.77000427246097,23565000,5.172583485868202,5.234388436539416,5.162104652421594,5.2132167027945275
2021-02-10,245.0,245.9199981689453,240.88999938964844,242.82000732421875,22186700,5.239521146158304,5.259196043548572,5.151625492653567,5.192900257492075
2021-02-11,244.77999877929688,245.1499938964844,242.1499938964844,244.4900054931641,15751100,5.234816243921346,5.242728885719221,5.178571483929527,5.228614505329768
2021-02-12,243.92999267578125,245.3000030517578,242.72999572753903,244.9900054931641,16561100,5.216638182885698,5.245936951601557,5.190975287434104,5.2393074056280495
2021-02-16,245.02999877929688,246.1300048828125,242.9199981689453,243.6999969482422,26728500,5.240162694070487,5.263687205255276,5.195038641758879,5.2117195401184855
2021-02-17,241.32000732421875,244.30999755859375,240.94000244140625,244.1999969482422,21653500,5.160821556597228,5.224764891535247,5.152694847947679,5.222412440416768
2021-02-18,241.8000030517578,243.92999267578125,240.86000061035156,243.7899932861328,16925600,5.171086649513581,5.216638182885698,5.150983944741383,5.213644183855036
2021-02-19,243.75,243.86000061035156,240.17999267578125,240.97000122070312,25262600,5.212788895412598,5.215141346531077,5.136441430648581,5.153336395859863
2021-02-22,237.4199981689453,237.92999267578125,232.3999938964844,234.5099945068359,36446900,5.077416738477774,5.088323379306311,4.970059928113024,5.01518398042463
2021-02-23,230.3300018310547,234.8300018310547,228.72999572753903,233.27000427246097,30228700,4.925791490565273,5.022027593249813,4.891574079082201,4.9886657965306
2021-02-24,230.0099945068359,235.1999969482422,229.0,234.5500030517578,26339700,4.91894787774009,5.029940235047687,4.8973483366132715,5.016039595188489
2021-02-25,232.0800018310547,234.58999633789065,227.8800048828125,228.9900054931641,39542200,4.963216641609261,5.016894883630927,4.873396344367974,4.897134596083018
2021-02-26,231.52999877929688,235.3699951171875,229.5399932861328,232.3800048828125,37819200,4.9514543860168665,5.033575781990533,4.908896525353992,4.969632447052514
2021-03-01,235.8999938964844,237.47000122070312,233.1499938964844,236.94000244140625,25324000,5.044910230200999,5.078486093771886,4.986099278560447,5.067151645561421
2021-03-02,237.0099945068359,237.3000030517578,233.4499969482422,233.8699951171875,22812500,5.068648481916041,5.074850546829041,4.992515084003699,5.001497081095686
2021-03-03,232.16000366210935,233.5800018310547,227.2599945068359,227.55999755859375,34029500,4.964927544815556,4.995295342504107,4.860136926099537,4.866552731542791
2021-03-04,226.7400054931641,232.4900054931641,224.2599945068359,226.72999572753903,44727800,4.849016544740747,4.9719848981709935,4.7959795243098435,4.8488024778890715
2021-03-05,229.52000427246097,233.27000427246097,226.4600067138672,231.6000061035156,41872800,4.908469044293484,4.9886657965306,4.843028546679423,4.952951548692907
2021-03-08,231.3699951171875,233.3699951171875,227.1300048828125,227.38999938964844,35267400,4.948032579604275,4.9908041807974035,4.8573569939205505,4.8629171845999455
2021-03-09,232.8800048828125,235.3800048828125,231.6699981689453,233.77999877929688,33080500,4.980325347350797,5.033789848842208,4.954448385047528,4.999572437359136
2021-03-10,237.0,237.0,232.0399932861328,232.4199981689453,29746800,5.068434741385787,5.068434741385787,4.962361026845403,4.9704877354949515
2021-03-11,234.9600067138672,239.1699981689453,234.30999755859375,237.1300048828125,29907600,5.024807851750221,5.114841889521762,5.010906885569602,5.0712149998861955
2021-03-12,234.0099945068359,235.82000732421875,233.22999572753903,235.75,22653700,5.004491080126348,5.043199653316123,4.987810181766741,5.041702490640082
2021-03-15,234.9600067138672,235.19000244140625,231.80999755859375,234.80999755859375,26034900,5.024807851750221,5.029726494517433,4.957442384078191,5.021599785867884
2021-03-16,236.27999877929688,240.05999755859375,235.94000244140625,237.7100067138672,28092200,5.053036938850547,5.133875238999848,5.045765844964857,5.083618803390773
2021-03-17,236.1499938964844,238.5500030517578,233.22999572753903,237.0399932861328,29562100,5.05025668035014,5.101582797574746,4.987810181766741,5.069290029828225
2021-03-18,232.55999755859375,234.19000244140625,230.3300018310547,230.72000122070312,34833000,4.973481734525614,5.008340693920869,4.925791490565273,4.934131939745076
2021-03-19,231.02000427246097,232.47000122070312,229.3500061035156,230.3500061035156,46430700,4.94054774518833,4.971557090789064,4.904833497350636,4.926219297947201
2021-03-22,230.27000427246097,236.8999938964844,230.13999938964844,235.9900054931641,30127000,4.924508394740907,5.066296030797564,4.921728136240498,5.046835200258969
2021-03-23,237.4900054931641,241.0500030517578,237.07000732421875,237.5800018310547,31638400,5.0789139011538165,5.155047299066158,5.0699319040618285,5.080838544890366
2021-03-24,237.8500061035156,238.0,235.32000732421875,235.4600067138672,25620100,5.086612802421435,5.089820541982352,5.032506753017841,5.035500752048503
2021-03-25,235.3000030517578,236.94000244140625,231.57000732421875,232.33999633789065,34061900,5.032078945635912,5.067151645561421,4.952310000780724,4.968776832288657
2021-03-26,231.5500030517578,236.7100067138672,231.5500030517578,236.47999572753903,25479900,4.951882193398795,5.062233002794208,4.951882193398795,5.057314033705576
2021-03-29,236.58999633789065,236.8000030517578,231.8800048828125,235.2400054931641,25227500,5.059666484824056,5.0641576465307585,4.958939546754232,5.030795849811546
2021-03-30,233.52999877929688,233.8500061035156,231.1000061035156,231.8500061035156,24792000,4.994225987209995,5.001069600035176,4.942258648394624,4.958297998842048
2021-03-31,232.91000366210935,239.1000061035156,232.38999938964844,235.77000427246097,43623500,4.980966895262979,5.113345053167141,4.969846187582768,5.042130298022012
2021-04-01,238.47000122070312,242.83999633789065,238.0500030517578,242.3500061035156,30338000,5.099871894368451,5.193327738552584,5.0908898972764645,5.182848905105975
2021-04-05,242.7599945068359,249.9600067138672,242.6999969482422,249.07000732421875,36910600,5.191616835346287,5.3455948606986885,5.190333739521921,5.326561511220603
2021-04-06,247.61000061035156,249.3999938964844,246.8800048828125,247.86000061035156,22931900,5.295338098768194,5.33361853825462,5.279726555702699,5.300684548917335
2021-04-07,247.80999755859375,250.92999267578125,247.19000244140625,249.8999938964844,22719800,5.2996151936232225,5.3663387870616495,5.2863561016762075,5.344311438552902
2021-04-08,252.77000427246097,254.13999938964844,252.0,253.25,23625200,5.405688908163608,5.434987350558046,5.389221750334255,5.415954001079961
2021-04-09,252.8699951171875,255.9900054931641,252.44000244140625,255.8500061035156,24326800,5.407827292430412,5.474551212190259,5.398631554808171,5.4715572131595955
2021-04-12,254.7100067138672,257.6700134277344,254.6199951171875,255.91000366210935,27148700,5.44717741353237,5.510479526879625,5.445252443474399,5.472840308983963
2021-04-13,257.260009765625,259.19000244140625,256.8299865722656,258.489990234375,23837500,5.501711270317894,5.542985708834981,5.492514880052812,5.5280153873602496
2021-04-14,257.4800109863281,258.8299865722656,255.16000366210935,255.58999633789065,23070900,5.506416172554851,5.535286481245941,5.456800958536539,5.465996696158782
2021-04-15,257.92999267578125,259.92999267578125,257.7300109863281,259.5,25627500,5.516039391237601,5.55881099243073,5.511762622703992,5.549615254808489
2021-04-16,259.4700012207031,261.0,257.6000061035156,260.739990234375,24878600,5.548973706896305,5.581693955703336,5.508982364203584,5.57613343870252
2021-04-19,260.19000244140625,261.4800109863281,257.82000732421875,258.739990234375,23209300,5.564371509431545,5.591959374941109,5.5136872664405425,5.533361837509391
2021-04-20,257.82000732421875,260.20001220703125,256.8399963378906,258.260009765625,19722900,5.5136872664405425,5.56458557628322,5.492728946904487,5.523097070914458
2021-04-21,258.94000244140625,260.67999267578125,257.25,260.5799865722656,24030400,5.53763925868584,5.574850342878153,5.501497203466219,5.572711632289929
2021-04-22,260.2099914550781,261.7799987792969,255.63999938964844,257.1700134277344,25606200,5.564798990492054,5.598374854062943,5.4670660514528935,5.4997866265813435
2021-04-23,257.8800048828125,261.510009765625,257.2699890136719,261.1499938964844,21462600,5.514970362264909,5.5926009228532925,5.501924684526728,5.584901695264252
2021-04-26,261.6600036621094,262.44000244140625,260.1700134277344,261.54998779296875,19763300,5.595808662414209,5.612489560773816,5.563944028371037,5.59345588497431
2021-04-27,261.5799865722656,263.19000244140625,260.1199951171875,261.9700012207031,31014200,5.594097432886493,5.628528911221239,5.562874346755504,5.602438208387717
2021-04-28,256.0799865722656,256.5400085449219,252.9499969482422,254.55999755859375,46903100,5.476475529605389,5.4863134677826535,5.409538195636707,5.443969347650033
2021-04-29,255.4600067138672,256.1000061035156,249.0,252.5099945068359,40589000,5.463216763979793,5.476903663308738,5.3250643485445615,5.4001283911627915
2021-04-30,249.7400054931641,253.0800018310547,249.6000061035156,252.17999267578125,30945100,5.340889958461731,5.412318454137115,5.3378959594310675,5.393071037807355
2021-05-03,253.3999938964844,254.3500061035156,251.1199951171875,251.86000061035156,19626600,5.419161740640878,5.439478512264749,5.370402141386424,5.3862277513035925
2021-05-04,250.97000122070312,251.2100067138672,245.7599945068359,247.7899932861328,32756100,5.3671944018255076,5.3723271114443945,5.255774237135981,5.299187386241294
2021-05-05,249.05999755859375,249.5,245.82000732421875,246.47000122070312,21901300,5.3263474443689285,5.335757248842844,5.257057659281768,5.270958299140967
2021-05-06,246.4499969482422,249.86000061035156,244.69000244140625,249.72999572753903,26491100,5.270530491759038,5.343456150110464,5.232891600184796,5.340675891610055
2021-05-07,252.1499938964844,254.3000030517578,251.1699981689453,252.4600067138672,27032900,5.392429489895172,5.438409156970637,5.371471496680536,5.3990593621900995
2021-05-10,250.8699951171875,251.72999572753903,247.1199951171875,247.17999267578125,29299900,5.365055691237282,5.383447492803184,5.2848589390001655,5.2861420348245325
2021-05-11,244.5500030517578,246.6000061035156,242.57000732421875,246.22999572753903,33641600,5.229897601154134,5.273738557641375,5.187553807342933,5.26582558952208
2021-05-12,242.1699981689453,244.3800048828125,238.07000732421875,239.0,36684400,5.178999291311456,5.226262054211288,5.091317704658393,5.1112063425789165
2021-05-13,241.8000030517578,245.6000061035156,241.4199981689453,243.02999877929688,29624300,5.171086649513581,5.25235275704481,5.162959940864032,5.197391092877358
2021-05-14,245.5800018310547,249.17999267578125,245.4900054931641,248.1499938964844,23901100,5.2519249496628815,5.328913636017662,5.250000305926332,5.306886287508914
2021-05-17,246.5500030517578,246.58999633789065,243.52000427246097,245.17999267578125,24970200,5.272669202347263,5.2735244907897005,5.207870252645386,5.243370433631403
2021-05-18,246.27000427246097,246.41000366210935,242.8999938964844,243.0800018310547,20168000,5.2666812042859386,5.269675203316599,5.194610834376951,5.1984604481714705
2021-05-19,239.30999755859375,243.22999572753903,238.6000061035156,243.1199951171875,25739800,5.117835888552424,5.201668187732386,5.102652152868858,5.199315736613908
2021-05-20,243.9600067138672,247.9499969482422,243.86000061035156,246.47999572753903,21800700,5.217280057119301,5.302609192653885,5.215141346531077,5.271172039671221
2021-05-21,247.57000732421875,248.3300018310547,244.7400054931641,245.1699981689453,21863100,5.294482810325756,5.310735901303434,5.233960955478909,5.243156693101149
2021-05-24,247.7899932861328,251.16000366210935,247.5099945068359,250.77999877929688,21411500,5.299187386241294,5.371257756150281,5.293199388179969,5.363131047500733
2021-05-25,251.77000427246097,252.75,250.82000732421875,251.72000122070312,17704300,5.384303107567043,5.405261100781678,5.36398666226459,5.383233752272931
2021-05-26,251.42999267578125,252.94000244140625,250.75,251.4900054931641,17771600,5.377031687359931,5.409324455106453,5.362489499588549,5.378315109505719
2021-05-27,251.1699981689453,251.47999572753903,249.25,249.30999755859375,24426200,5.371471496680536,5.378101042654043,5.330410798693703,5.331693894518069
2021-05-28,251.0,252.0800018310547,249.55999755859375,249.67999267578125,18270200,5.367835949737691,5.390932653540551,5.33704034466721,5.3396065363159435
2021-06-01,251.22999572753903,251.2899932861328,246.9600067138672,247.3999938964844,23213300,5.3727545925049025,5.3740376883292695,5.281437458908995,5.290846937061491
2021-06-02,248.1300048828125,249.27000427246097,245.83999633789065,247.3000030517578,19406700,5.306458806448405,5.330838606075632,5.257485140342277,5.288708552794686
2021-06-03,245.22000122070312,246.33999633789065,243.0,245.7100067138672,25307700,5.244226048395261,5.26817804064056,5.196749544965175,5.25470520816329
2021-06-04,247.7599945068359,251.6499938964844,247.5099945068359,250.7899932861328,25281100,5.29854583832911,5.38173658959689,5.293199388179969,5.363344788030987
2021-06-07,249.97999572753903,254.08999633789065,249.80999755859375,253.80999755859375,23079200,5.3460223417591966,5.4339179952639345,5.342386794816352,5.42792999720261
2021-06-08,255.16000366210935,256.010009765625,252.5099945068359,252.57000732421875,22455000,5.456800958536539,5.474979019572188,5.4001283911627915,5.401411813308578
2021-06-09,253.80999755859375,255.52999877929688,253.2100067138672,253.58999633789065,17937600,5.42792999720261,5.464713600334414,5.415098712637523,5.423225094965653
2021-06-10,254.2899932861328,257.4599914550781,253.6699981689453,257.239990234375,24563600,5.438195090118963,5.505988038851502,5.424935998171947,5.5012831366145445
2021-06-11,257.989990234375,258.489990234375,256.6099853515625,257.8900146484375,18999700,5.517322487061968,5.5280153873602496,5.4878099778158544,5.515184429116584
2021-06-14,257.8999938964844,259.95001220703125,256.79998779296875,259.8900146484375,19150500,5.515397843325418,5.559239126134079,5.491873332140629,5.557956030309713
2021-06-15,259.7699890136719,259.989990234375,257.67999267578125,258.3599853515625,18038900,5.555389186018139,5.560094088255097,5.51069294108846,5.525235128859842
2021-06-16,259.3999938964844,260.5799865722656,254.4199981689453,257.3800048828125,27220000,5.547476544220264,5.572711632289929,5.440975348619371,5.504277461966627
2021-06-17,256.07000732421875,261.75,256.010009765625,260.8999938964844,27565500,5.476262115396555,5.597733306150759,5.474979019572188,5.579555245115111
2021-06-18,259.6300048828125,262.29998779296875,258.75,259.42999267578125,37202200,5.5523955133088965,5.609495235421734,5.533575904361066,5.548118092132448
2021-06-21,259.82000732421875,263.5199890136719,257.9200134277344,262.6300048828125,26696100,5.556458867633671,5.6355859382552556,5.515825977028767,5.61655291509859
2021-06-22,262.7200012207031,265.7900085449219,262.3999938964844,265.510009765625,24694100,5.61847755883514,5.684132123300875,5.611633946009958,5.678144125239551
2021-06-23,265.989990234375,266.8299865722656,264.42999267578125,265.2699890136719,19518700,5.6884088918344835,5.706372886018457,5.65504709511527,5.673011089299243
2021-06-24,266.1600036621094,267.8500061035156,265.4700012207031,266.69000244140625,21446900,5.69204476509875,5.728186820318371,5.677288510475693,5.703379213309215
2021-06-25,266.2300109863281,267.25,264.760009765625,265.0199890136719,25611100,5.693541927774791,5.715355209431864,5.662104774792127,5.667664639150102
2021-06-28,266.19000244140625,268.8999938964844,265.9100036621094,268.7200012207031,19590000,5.692686313010933,5.750641649887627,5.686698314949608,5.746792362414527
2021-06-29,268.8699951171875,271.6499938964844,267.9800109863281,271.3999938964844,19937800,5.750000101975444,5.8094526015281795,5.730967078818779,5.804106151379038
2021-06-30,270.69000244140625,271.3599853515625,269.6000061035156,270.8999938964844,21656500,5.788922415695473,5.80325053661518,5.765611971362358,5.793413251080756
2021-07-01,269.6099853515625,271.8399963378906,269.6000061035156,271.6000061035156,16725300,5.765825385571192,5.813515955852954,5.765611971362358,5.8083835725554875
2021-07-02,272.82000732421875,278.0,272.5,277.6499938964844,26458000,5.8344742753890095,5.945252565844932,5.827630662563828,5.937767405107566
2021-07-06,278.0299987792969,279.3699951171875,274.29998779296875,277.6600036621094,31565600,5.945894113757116,5.974551008239371,5.866124842580508,5.937981471959241
2021-07-07,279.3999938964844,280.69000244140625,277.1499938964844,279.92999267578125,23260000,5.975192556151555,6.002780421661118,5.927074504809284,5.98652700436202
2021-07-08,276.8999938964844,278.7300109863281,274.8699951171875,277.4200134277344,24618600,5.921728054660143,5.960864435231847,5.878314905554831,5.932849088661775
2021-07-09,275.7200012207031,278.04998779296875,275.32000732421875,277.94000244140625,23916700,5.896492966590479,5.946321594817625,5.887938776880421,5.943969470020566
2021-07-12,279.1600036621094,279.7699890136719,276.5799865722656,277.32000732421875,18931700,5.970060172854088,5.9831051979494285,5.91488444183496,5.93071037807355
2021-07-13,277.5199890136719,282.8500061035156,277.3900146484375,280.9800109863281,26120100,5.934987146607159,6.0489738292668385,5.932207540749591,6.008982486574117
2021-07-14,282.3500061035156,283.6600036621094,280.54998779296875,282.510009765625,23113700,6.038280928968556,6.066296275538628,5.999786096309036,6.041702735381147
2021-07-15,282.0,282.510009765625,279.8299865722656,281.0299987792969,22604200,6.03079576823119,6.041702735381147,5.9843882937737956,6.0100515155468095
2021-07-16,282.07000732421875,284.1000061035156,279.4599914550781,280.75,26186800,6.032292930907231,6.0757060800125435,5.976475651975921,6.004063517485484
2021-07-19,278.92999267578125,280.3699951171875,274.45001220703125,277.010009765625,32935600,5.965141203765455,5.9959368088359355,5.869333234784264,5.924080832100042
2021-07-20,278.0299987792969,280.9700012207031,276.260009765625,279.32000732421875,26259700,5.945894113757116,6.0087684197224425,5.908041481652619,5.973481979266679
2021-07-21,278.8999938964844,281.5199890136719,277.2900085449219,281.3999938964844,24364300,5.964499655853272,6.020530348993416,5.930068830161367,6.017964157344683
2021-07-22,283.8399963378906,286.4200134277344,283.4200134277344,286.1400146484375,23384100,6.070145563011728,6.125321294030855,6.0611638922411615,6.119333295969531
2021-07-23,287.3699951171875,289.989990234375,286.5,289.6700134277344,22768100,6.145637413011888,6.201668106152032,6.12703187091573,6.1948251459696895
2021-07-26,289.0,289.69000244140625,286.6400146484375,289.04998779296875,23176100,6.180496372407141,6.195252627030198,6.130026196267813,6.181565401379834
2021-07-27,289.42999267578125,289.5799865722656,282.95001220703125,286.5400085449219,33604100,6.189692110029383,6.192899849590299,6.051112539855063,6.127887485679588
2021-07-28,288.989990234375,290.1499938964844,283.8299865722656,286.2200012207031,33566900,6.180282305555467,6.205089912564623,6.069931496160054,6.121043872854406
2021-07-29,286.239990234375,288.6199951171875,286.0799865722656,286.5,18168300,6.121471353914915,6.172369663757593,6.1180495475023235,6.12703187091573
2021-07-30,285.1700134277344,286.6600036621094,283.9100036621094,284.9100036621094,20944800,6.098589043285149,6.130453677328322,6.071642725687769,6.093028526284334
2021-08-02,286.3599853515625,286.7699890136719,283.739990234375,284.82000732421875,16267400,6.124037545563648,6.132805802125381,6.068006852423504,6.091103882547784
2021-08-03,285.4200134277344,287.2300109863281,284.0,287.1199951171875,17879000,6.103935493434291,6.1426437403026455,6.073567369424319,6.140290962862746
2021-08-04,286.2200012207031,287.5899963378906,284.6499938964844,286.510009765625,16191300,6.121043872854406,6.150342315248845,6.087468009283518,6.127245937767405
2021-08-05,286.8800048828125,289.6300048828125,286.1000061035156,289.5199890136719,13900200,6.13515857956528,6.193969531205832,6.118477681205673,6.191616753765933
2021-08-06,288.510009765625,289.5,287.6199951171875,289.4599914550781,16589300,6.1700175389605345,6.191189272705424,6.150983863161028,6.190333657941566
2021-08-09,289.75,291.54998779296875,287.80999755859375,288.3299865722656,16117600,6.196535722854565,6.235029902871245,6.155047217485802,6.166167598844594
2021-08-10,288.79998779296875,289.25,285.20001220703125,286.44000244140625,18616600,6.176218951230693,6.185842822556283,6.099230591197333,6.125748775091364
2021-08-11,287.2099914550781,288.6600036621094,285.8599853515625,286.95001220703125,13955900,6.142215606599296,6.173225278521451,6.113344645265366,6.136655742241321
2021-08-12,286.6300048828125,289.9700012207031,286.3399963378906,289.80999755859375,14561300,6.1298121294161385,6.201240625091523,6.123610064503139,6.197818818678932
2021-08-13,289.4800109863281,292.8999938964844,289.29998779296875,292.8500061035156,18249000,6.190761791644915,6.2639008642051754,6.186911851528975,6.262831835232483
2021-08-16,293.19000244140625,294.82000732421875,290.0199890136719,294.6000061035156,22507600,6.270102929118174,6.304961888513429,6.202309654064215,6.300256986276471
2021-08-17,292.3900146484375,293.42999267578125,291.0799865722656,293.0799865722656,20075300,6.252994549698059,6.275235312415641,6.2249785504851465,6.267750151678275
2021-08-18,292.0400085449219,294.82000732421875,290.2699890136719,290.7300109863281,21813000,6.245509388960693,6.304961888513429,6.207656104213356,6.217494042390621
2021-08-19,288.69000244140625,297.4700012207031,288.6400146484375,296.7699890136719,29850500,6.173866826433634,6.361634129565757,6.172797797460942,6.346663808091026
2021-08-20,299.7200012207031,305.8399963378906,298.05999755859375,304.3599853515625,40817600,6.4097521809080265,6.540633176136147,6.374251673600589,6.508981956301809
2021-08-23,303.25,305.3999938964844,301.8500061035156,304.6499938964844,22830200,6.485244030908186,6.531223371662231,6.455304040601564,6.515184021214808
2021-08-24,305.0199890136719,305.6499938964844,302.0,302.6199951171875,18175800,6.523096663012683,6.536569821811373,6.45851178016248,6.471770872109496
2021-08-25,304.29998779296875,304.5899963378906,300.4200134277344,302.010009765625,20006100,6.507698860477443,6.513900925390441,6.4247225023827585,6.458725847014155
2021-08-26,300.989990234375,302.42999267578125,298.95001220703125,299.0899963378906,17666100,6.436911912714241,6.467707517784722,6.393285349400095,6.396279022109336
2021-08-27,298.989990234375,300.8699951171875,296.8299865722656,299.7200012207031,22605700,6.394140311521112,6.434345721065508,6.347946903915392,6.4097521809080265
2021-08-30,301.1199951171875,304.2200012207031,301.05999755859375,303.5899963378906,16348100,6.439692171214649,6.5059882835925675,6.4384090753902825,6.492515124793877
2021-08-31,304.4200134277344,304.5,301.5,301.8800048828125,26285300,6.510265704769016,6.511976281653892,6.447818879864198,6.455945588513747
2021-09-01,302.8699951171875,305.19000244140625,301.489990234375,301.8299865722656,18983800,6.477117322258637,6.526732536276948,6.447604813012523,6.454875906898215
2021-09-02,302.20001220703125,303.3599853515625,300.17999267578125,301.1499938964844,16285600,6.462789201338929,6.487596155705245,6.419589466442451,6.440333719126833
2021-09-03,300.989990234375,302.6000061035156,300.260009765625,301.1400146484375,14747900,6.436911912714241,6.471343391048987,6.421300695970167,6.440120304917999
2021-09-07,301.010009765625,301.0899963378906,298.20001220703125,300.17999267578125,17180400,6.4373400464175905,6.439050623302466,6.377245998952671,6.419589466442451
2021-09-08,299.7799987792969,300.6099853515625,297.4700012207031,300.2099914550781,15046800,6.4110352767323935,6.428785204064693,6.361634129565757,6.420231014354634
2021-09-09,300.82000732421875,302.1400146484375,297.0,297.25,19927000,6.433276692092816,6.461506105514562,6.351582777179658,6.3569292273287985
2021-09-10,298.4200134277344,299.9200134277344,295.3800048828125,295.7099914550781,19633400,6.381950901189629,6.414029602084476,6.3169378846360775,6.323994911670094
2021-09-13,297.54998779296875,298.5400085449219,294.0799865722656,296.989990234375,23652900,6.363344706450632,6.3845170928383626,6.289135952274839,6.351368710327983
2021-09-14,299.55999755859375,301.3900146484375,298.1000061035156,299.7900085449219,21853400,6.406330374495436,6.445466755067139,6.375107288364447,6.4112493435840685
2021-09-15,303.260009765625,305.32000732421875,301.82000732421875,304.82000732421875,28356300,6.48545809775986,6.529512794777356,6.454662492689381,6.518819894479074
2021-09-16,303.760009765625,305.30999755859375,300.760009765625,305.2200012207031,19550800,6.496150998058143,6.529298727925681,6.431993596268449,6.527374084189131
2021-09-17,304.1700134277344,304.5,299.5299987792969,299.8699951171875,41372500,6.5049192546198755,6.511976281653892,6.405688826583252,6.412959920468944
2021-09-20,296.3299865722656,298.7200012207031,289.5199890136719,294.29998779296875,38278700,6.33725400361711,6.388366380311463,6.191616753765933,6.293840854511798
2021-09-21,295.69000244140625,297.5400085449219,294.07000732421875,294.79998779296875,22364100,6.323567430609586,6.363131292241798,6.288922538066005,6.3045337548100795
2021-09-22,296.7300109863281,300.2200012207031,294.510009765625,298.5799865722656,26626300,6.345808845970008,6.420445081206309,6.298332342539921,6.3853720549593795
2021-09-23,298.8500061035156,300.8999938964844,297.5299987792969,299.55999755859375,18604600,6.39114663881187,6.434987268977691,6.362917225390123,6.406330374495436
2021-09-24,298.2300109863281,299.79998779296875,296.92999267578125,299.3500061035156,14999000,6.377887546864855,6.411462757792902,6.350085614503617,6.401839539110153
2021-09-27,296.1400146484375,296.4700012207031,292.94000244140625,294.1700134277344,23571700,6.333191301935176,6.340248328969192,6.2647564789690335,6.29106124865423
2021-09-28,289.79998779296875,290.7799987792969,282.75,283.5199890136719,43186200,6.1976047518272575,6.218563071363313,6.046835118678613,6.0633019501865455
2021-09-29,285.1000061035156,286.7699890136719,283.010009765625,284.0,26353700,6.097091880609108,6.132805802125381,6.05239563567943,6.073567369424319
2021-09-30,285.7099914550781,287.8299865722656,281.6199951171875,281.9200134277344,32343600,6.110136905704449,6.155474698546311,6.0226690595816414,6.029085191346315
2021-10-01,282.1199951171875,289.9800109863281,281.2900085449219,289.1000061035156,30086300,6.033361959879923,6.201454691943198,6.015612032547625,6.1826350829953665
2021-10-04,287.3999938964844,287.75,280.25,283.1099853515625,31350700,6.146278960924071,6.153764121661436,5.993370617187202,6.054533693624814
2021-10-05,284.04998779296875,290.3999938964844,284.04998779296875,288.760009765625,24993000,6.074636398397011,6.210436362713764,6.074636398397011,6.175363989109675
2021-10-06,285.7799987792969,293.6300048828125,285.510009765625,293.1099853515625,28002600,6.11163406838049,6.27951273359209,6.105860137170841,6.268391699590459
2021-10-07,295.17999267578125,296.6400146484375,293.9200134277344,294.8500061035156,20430500,6.312660463459629,6.343884202233458,6.285714798505089,6.305603436425613
2021-10-08,296.2200012207031,296.6400146484375,293.760009765625,294.8500061035156,17685700,6.334901878820051,6.343884202233458,6.282292992092498,6.305603436425613
2021-10-11,292.9200134277344,297.9700012207031,292.75,294.2300109863281,19298600,6.264328997908525,6.372327029864039,6.260693124644258,6.292344344478597
2021-10-12,295.3399963378906,295.44000244140625,292.3500061035156,292.8800048828125,17974100,6.316082269872219,6.318220980460445,6.252138934934201,6.2634733831446665
2021-10-13,294.9100036621094,297.2799987792969,293.489990234375,296.30999755859375,23416300,6.306886532249979,6.3575707752409825,6.276518408240007,6.336826522556601
2021-10-14,299.2099914550781,303.2699890136719,297.8299865722656,302.75,27262900,6.3988452137580705,6.485671511968695,6.369332704511956,6.474551130609903
2021-10-15,302.3399963378906,304.45001220703125,300.5199890136719,304.2099914550781,25384800,6.4657828740481715,6.5109072526812,6.426860560328143,6.5057742167408925
2021-10-18,303.57000732421875,308.2099914550781,302.69000244140625,307.2900085449219,22729300,6.4920876437333686,6.591317419127151,6.473268034785537,6.571642848058302
2021-10-19,308.3500061035156,309.29998779296875,307.2200012207031,308.2300109863281,17682100,6.594311744479233,6.614627863460265,6.57014568538226,6.5917455528305
2021-10-20,309.2099914550781,309.70001220703125,306.1099853515625,307.4100036621094,16537100,6.612703219723715,6.623182705813163,6.5464071073457974,6.574209039707035
2021-10-21,307.1700134277344,311.0199890136719,306.3599853515625,310.760009765625,16918100,6.569076656409568,6.651411466592069,6.551753557494938,6.645851602234094
2021-10-22,310.3999938964844,311.0899963378906,307.79998779296875,309.1600036621094,17449300,6.638152374645054,6.6529086292681106,6.582549162565418,6.611634190751023
2021-10-25,309.3599853515625,309.3999938964844,306.4599914550781,308.1300048828125,17554500,6.615910959284632,6.61676657404849,6.553892268083163,6.589606842242275
2021-10-26,311.0,312.3999938964844,308.6000061035156,310.1099853515625,28107300,6.6509839855315604,6.680923975838183,6.5996581946283746,6.631950309732055
2021-10-27,316.0,326.1000061035156,316.0,323.1700134277344,52588700,6.757912988514383,6.973909705068253,6.757912988514383,6.911249465954601
2021-10-28,324.3299865722656,324.8699951171875,321.3599853515625,324.3500061035156,26297900,6.936056420320916,6.9476049353830565,6.872540566443406,6.936484554024265
2021-10-29,324.1300048828125,332.0,323.8999938964844,331.6199951171875,34766000,6.931779651787307,7.100085798059416,6.926860682698675,7.091959089409866
2021-11-01,331.3599853515625,331.489990234375,326.3699951171875,329.3699951171875,27073200,7.086398572409051,7.089178830909459,6.979683636277903,7.043841038067597
2021-11-02,330.30999755859375,333.45001220703125,330.0,333.1300048828125,26487100,7.063943742839794,7.13109546998157,7.057314196866287,7.124251857156388
2021-11-03,333.8999938964844,334.8999938964844,330.6499938964844,334.0,21500100,7.14071868866432,7.1621044892608845,7.071214836725486,7.142857399252544
2021-11-04,332.8900146484375,336.5400085449219,329.510009765625,336.44000244140625,23992200,7.119119473858921,7.197177515507813,7.046835363419679,7.195038804919589
2021-11-05,338.510009765625,338.7900085449219,334.4200134277344,336.05999755859375,22570100,7.239307568788759,7.245295566850084,7.151839722665952,7.18691209627004
2021-11-08,337.29998779296875,337.6499938964844,334.44000244140625,336.989990234375,20897000,7.213430280164071,7.220915440901437,7.15226720372646,7.206800734190564
2021-11-09,337.1099853515625,338.7200012207031,334.5299987792969,335.95001220703125,21307400,7.209366925839297,7.243798404174043,7.15419184746301,7.184559971472981
2021-11-10,334.57000732421875,334.6300048828125,329.9200134277344,330.79998779296875,25500900,7.155047462226868,7.156330558051234,7.055603619981411,7.074422576286402
2021-11-11,331.25,333.7699890136719,330.510009765625,332.42999267578125,16849800,7.084046447611992,7.137938430163912,7.068221164016244,7.1092815356816565
2021-11-12,333.9200134277344,337.2300109863281,333.7900085449219,336.7200012207031,23831000,7.141146822367669,7.21193377013087,7.138366563867261,7.2010268029809135
2021-11-15,337.5400085449219,337.8800048828125,334.0299987792969,336.07000732421875,16723000,7.218563316104378,7.225834409990069,7.143498947164728,7.1871261631217145
2021-11-16,335.67999267578125,340.6700134277344,335.510009765625,339.510009765625,20886800,7.178785387620491,7.28550097639448,7.175150166999066,7.260693369385324
2021-11-17,338.94000244140625,342.19000244140625,338.0,339.1199951171875,19053400,7.248503306411,7.318007158349835,7.2284006016388025,7.2523525938841
2021-11-18,338.17999267578125,342.45001220703125,337.1199951171875,341.2699890136719,22463500,7.232249889111903,7.323567675350651,7.209580992690971,7.298331934638146
2021-11-19,342.6400146484375,345.1000061035156,342.20001220703125,343.1099853515625,21963400,7.327631029675425,7.380239916402979,7.318221225201509,7.337681729418684
2021-11-22,344.6199951171875,349.6700134277344,339.54998779296875,339.8299865722656,31031100,7.369974497165205,7.47797318176356,7.261548331506341,7.267536329567665
2021-11-23,337.04998779296875,339.45001220703125,333.55999755859375,337.67999267578125,30427600,7.20808383001493,7.259410273560957,7.133447594778628,7.22155698881362
2021-11-24,336.2799987792969,338.1600036621094,333.9100036621094,337.9100036621094,21661300,7.191616998506998,7.231822408051394,7.140932755515995,7.226475957902252
2021-11-26,334.3500061035156,337.92999267578125,328.1199951171875,329.67999267578125,24217200,7.15034255998991,7.226903438962761,7.017108787321891,7.050470584041104
2021-11-29,334.94000244140625,339.0299987792969,334.739990234375,336.6300048828125,28563500,7.162960104024743,7.25042795014755,7.158682682848293,7.199102159244363
2021-11-30,335.32000732421875,337.7799987792969,328.989990234375,330.5899963378906,42885600,7.171086812674291,7.223695699401845,7.035714329418047,7.069931740901119
2021-12-01,335.1300048828125,339.2799987792969,329.3900146484375,330.0799865722656,33337600,7.167023458349517,7.2557744002966915,7.044269171770946,7.059024773751162
2021-12-02,330.29998779296875,333.489990234375,327.79998779296875,329.489990234375,30766000,7.063729675988119,7.131950432102587,7.010265174496708,7.04640722971633
2021-12-03,331.989990234375,332.70001220703125,318.0299987792969,323.010009765625,41779300,7.099871731207741,7.115056119534147,6.801326137619696,6.90782765954201
2021-12-06,323.95001220703125,327.45001220703125,319.2300109863281,326.19000244140625,30032600,6.927930364314207,7.002780666402183,6.82698935939271,6.975834348804803
2021-12-07,331.6400146484375,335.79998779296875,330.1000061035156,334.9200134277344,31021900,7.0923872231132155,7.181351579269224,7.059452907454511,7.162532622964234
2021-12-08,335.30999755859375,335.5,330.79998779296875,334.9700012207031,24761000,7.170872745822617,7.1749361001473915,7.074422576286402,7.163601651936926
2021-12-09,334.4100036621094,336.489990234375,332.1199951171875,333.1000061035156,22214200,7.151625655814277,7.196107833892281,7.102651989708149,7.123610309244205
2021-12-10,334.9800109863281,343.0,334.7900085449219,342.5400085449219,38095700,7.163815718788601,7.335329604621625,7.1597523644638255,7.325492319087201
2021-12-13,340.67999267578125,343.7900085449219,339.0799865722656,339.3999938964844,28899400,7.285714390603314,7.352224569832907,7.251496979120242,7.258340591945425
2021-12-14,333.2200012207031,334.6400146484375,324.1099853515625,328.3399963378906,44438700,7.126176500892938,7.156544624902909,6.931351518083958,7.021813689558848
2021-12-15,328.6099853515625,335.19000244140625,324.5,334.6499938964844,35381100,7.027587620768498,7.168306554173883,6.939692293585182,7.156758039111743
2021-12-16,335.7099914550781,336.760009765625,323.0199890136719,324.8999938964844,35034800,7.179426935532675,7.201882417744772,6.9080410737508435,6.9482464832952395
2021-12-17,320.8800048828125,324.9200134277344,317.25,323.79998779296875,47750300,6.862275799848472,6.948674616998589,6.784645239260089,6.924721972110451
2021-12-20,320.04998779296875,322.79998779296875,317.57000732421875,319.9100036621094,28326500,6.844525219873334,6.903336171513886,6.791488852085271,6.841531547164092
2021-12-21,323.2900085449219,327.7300109863281,319.79998779296875,327.2900085449219,24740600,6.913815657603334,7.008768664463507,6.839178769724192,6.999358859989592
2021-12-22,328.29998779296875,333.6099853515625,325.75,333.20001220703125,24831500,7.020958074794991,7.1345166237513205,6.966424544330887,7.125749019832429
2021-12-23,332.75,336.3900146484375,332.7300109863281,334.69000244140625,19617800,7.116125148506839,7.193969775946897,7.11569766744633,7.157613653875601
2021-12-27,335.4599914550781,342.4800109863281,335.42999267578125,342.45001220703125,19947000,7.174080485383533,7.324209223262834,7.17343893747135,7.323567675350651
2021-12-28,343.1499938964844,343.80999755859375,340.32000732421875,341.25,15661500,7.338537344182542,7.352652050893415,7.278015815657114,7.297904453577637
2021-12-29,341.29998779296875,344.29998779296875,339.67999267578125,341.95001220703125,15042000,7.298973482550329,7.3631308843400225,7.264328590006749,7.312874775052369
2021-12-30,341.9100036621094,343.1300048828125,338.82000732421875,339.32000732421875,15994500,7.312019160288511,7.338109863122033,7.245937114762267,7.25663001506055
2021-12-31,338.510009765625,339.3599853515625,335.8500061035156,336.32000732421875,18000800,7.239307568788759,7.257484977181567,7.182421260884757,7.192472613270856
2022-01-03,335.3500061035156,338.0,329.7799987792969,334.75,28865100,7.171728360586474,7.2284006016388025,7.052609294629328,7.158896749699968
2022-01-04,334.8299865722656,335.20001220703125,326.1199951171875,329.010009765625,32674300,7.160607326584843,7.168520621025558,6.9743371861287615,7.036142463121396
2022-01-05,325.8599853515625,326.07000732421875,315.9800109863281,316.3800048828125,40054300,6.968776669127946,6.9732681571560695,6.757485507453874,6.766039697163932
2022-01-06,313.1499938964844,318.70001220703125,311.489990234375,313.8800048828125,39646100,6.696963326285607,6.815654911182244,6.661462818978168,6.712575195672521
2022-01-07,314.1499938964844,316.5,310.0899963378906,314.0400085449219,32720000,6.718349126882171,6.768605888812665,6.631522828671546,6.715997002085112
2022-01-10,309.489990234375,314.7200012207031,304.69000244140625,314.2699890136719,44289500,6.61869121778504,6.730539189856494,6.516039635978666,6.7209153185309045
2022-01-11,313.3800048828125,316.6099853515625,309.8900146484375,314.9800109863281,29386800,6.701882295374239,6.770958013609724,6.627246060137938,6.73609970685731
2022-01-12,319.6700134277344,323.4100036621094,317.0799865722656,318.2699890136719,34372200,6.836399163866625,6.916381849252067,6.781009365995823,6.806458520917162
2022-01-13,320.4700012207031,320.8800048828125,304.0,304.79998779296875,45366000,6.8535075432867405,6.862275799848472,6.501283381355609,6.5183917607757245
2022-01-14,304.25,310.82000732421875,303.75,310.20001220703125,39846400,6.506629831504751,6.647134698058461,6.495936931206468,6.633875606111445
2022-01-18,304.07000732421875,309.79998779296875,301.739990234375,302.6499938964844,42333200,6.50278054403165,6.625320763758547,6.452951263161665,6.472412420021679
2022-01-19,306.2900085449219,313.9100036621094,302.70001220703125,303.3299865722656,45933900,6.550257047461737,6.713216743584704,6.473482101637211,6.486954607793061
2022-01-20,309.07000732421875,311.6499938964844,301.1400146484375,301.6000061035156,35380700,6.609709547014473,6.664884625390759,6.440120304917999,6.4499575904524225
2022-01-21,302.69000244140625,304.1099853515625,295.6099853515625,296.0299987792969,57984400,6.473268034785537,6.503635506152668,6.32185620108187,6.3308385244952765
2022-01-24,292.20001220703125,297.1099853515625,276.04998779296875,296.3699951171875,85731500,6.2489311953732845,6.353934901976716,5.9035499936244955,6.338109618380968
2022-01-25,291.5199890136719,294.989990234375,285.1700134277344,288.489990234375,72848600,6.234388354959062,6.308597109134854,6.098589043285149,6.169589405257185
2022-01-26,307.989990234375,308.5,293.0299987792969,296.7099914550781,90428900,6.586612516890193,6.597519484040149,6.266681122705583,6.345380712266659
2022-01-27,302.6600036621094,307.29998779296875,297.92999267578125,299.8399963378906,53481300,6.472626486873354,6.571856262267136,6.3714714151001814,6.4123183725567605
2022-01-28,300.2300109863281,308.4800109863281,294.45001220703125,308.260009765625,49743700,6.420659148057983,6.5970920029796405,6.297049246715554,6.592387100742683
2022-01-31,308.95001220703125,312.3800048828125,306.3699951171875,310.9800109863281,46444500,6.60714335536574,6.680496494777675,6.551967624346613,6.650556504471052
2022-02-01,310.4100036621094,310.6300048828125,305.1300048828125,308.760009765625,40950400,6.6383664414967285,6.643071343733687,6.525449440452582,6.603080001040965
2022-02-02,309.6300048828125,315.1199951171875,308.8800048828125,313.4599914550781,36636000,6.621685543137122,6.739093379566552,6.605646192689699,6.703592872259114
2022-02-03,309.489990234375,311.2300109863281,299.9599914550781,301.25,43730000,6.61869121778504,6.655902954620193,6.414884564205494,6.442472429715057
2022-02-04,300.2099914550781,308.79998779296875,299.9700012207031,305.94000244140625,35096500,6.420231014354634,6.603934963161983,6.415098631057168,6.542771886724371
2022-02-07,306.1700134277344,307.8399963378906,299.8999938964844,300.95001220703125,28533300,6.547690855813004,6.583404777329276,6.413601468381127,6.4360569505932235
2022-02-08,301.25,305.55999755859375,299.95001220703125,304.55999755859375,32421200,6.442472429715057,6.534645178074823,6.414671149996659,6.513259377478258
2022-02-09,309.8699951171875,311.92999267578125,307.3900146484375,311.2099914550781,31284700,6.626817926434589,6.670872623452084,6.573781558646527,6.655474820916844
2022-02-10,304.0400085449219,309.1199951171875,300.70001220703125,302.3800048828125,45386200,6.502138996119467,6.610778575987165,6.430710500444083,6.46663848881203
2022-02-11,303.19000244140625,304.2900085449219,294.2200012207031,295.0400085449219,39175600,6.483960935083819,6.507485446268609,6.292130277626922,6.309666790750387
2022-02-14,293.7699890136719,296.760009765625,291.3500061035156,295.0,36359500,6.282506406301332,6.346450393882192,6.230753134337636,6.308811175986529
2022-02-15,300.010009765625,300.79998779296875,297.0199890136719,300.4700012207031,27058300,6.415954245821026,6.432848558389467,6.352010258240167,6.425791531355451
2022-02-16,298.3699951171875,300.8699951171875,293.67999267578125,299.5,29982100,6.380881219574096,6.434345721065508,6.280581762564782,6.405047278671069
2022-02-17,296.3599853515625,296.79998779296875,290.0,290.7300109863281,32461600,6.337895551529293,6.347305356003209,6.201882173003706,6.217494042390621
2022-02-18,293.04998779296875,293.8599853515625,286.30999755859375,287.92999267578125,34264000,6.267108603766092,6.284431050037882,6.122968516590956,6.1576134091345365
2022-02-22,285.0,291.5400085449219,284.5,287.7200012207031,41736100,6.094953170020884,6.234816488662411,6.084260269722601,6.153122573749253
2022-02-23,290.17999267578125,291.70001220703125,280.1000061035156,280.2699890136719,37811200,6.205731460476806,6.238238295075002,5.990162877626286,5.993798098247711
2022-02-24,272.510009765625,295.1600036621094,271.5199890136719,294.5899963378906,56989700,5.827844729415502,6.31223298239912,5.806672343027771,6.300042919424796
2022-02-25,295.1400146484375,297.6300048828125,291.6499938964844,297.30999755859375,32546700,6.311805501338611,6.365055935978348,6.2371686134594695,6.3582123231531655
2022-02-28,294.30999755859375,299.1400146484375,293.0,298.7900085449219,34627500,6.294054921363472,6.3973487037248695,6.2660395747934,6.389863542987504
2022-03-01,296.3999938964844,299.9700012207031,292.1499938964844,294.95001220703125,31217800,6.338751166293151,6.415098631057168,6.247861513757752,6.307742147013837
2022-03-02,295.3599853515625,301.4700012207031,293.70001220703125,300.19000244140625,31873000,6.316509750932728,6.447177331952015,6.281009896268131,6.419803533294126
2022-03-03,302.8900146484375,303.1300048828125,294.04998779296875,295.9200134277344,27314500,6.4775454559619865,6.482677839259453,6.288494404362656,6.328486399698218
2022-03-04,294.2900085449219,295.6600036621094,287.1700134277344,289.8599853515625,32356500,6.293627440302964,6.322925882697402,6.1413606444782785,6.198887847651624
2022-03-07,288.5299987792969,289.69000244140625,278.5299987792969,278.9100036621094,43157200,6.170445020021043,6.195252627030198,5.956587014055398,5.964713722704947
2022-03-08,277.79998779296875,283.9599914550781,270.0,275.8500061035156,48159500,5.940975144668483,6.072711754660461,5.774166161072416,5.899273225090886
2022-03-09,283.44000244140625,289.6000061035156,280.7799987792969,288.5,35204500,6.06159137330167,6.193327983293648,6.004705065397668,6.1698034721088595
2022-03-10,283.0199890136719,286.6000061035156,280.5799865722656,285.5899963378906,30628000,6.052609049888264,6.129170581503955,6.000427644221219,6.107570714055716
2022-03-11,287.9599914550781,289.510009765625,279.42999267578125,280.07000732421875,27209300,6.1582549570467195,6.191403339557098,5.975834104063738,5.989521329714102
2022-03-14,280.3399963378906,285.3999938964844,275.82000732421875,276.44000244140625,30660700,5.995295260923752,6.1035073597309415,5.898631677178703,5.911890769125719
2022-03-15,280.3500061035156,287.82000732421875,278.7300109863281,287.1499938964844,34245100,5.9955093277754266,6.155261284337477,5.960864435231847,6.140932510774929
2022-03-16,289.1099853515625,294.57000732421875,283.20001220703125,294.3900146484375,37826300,6.1828484972042,6.299615438364288,6.056458990004204,6.295766150891188
2022-03-17,293.2900085449219,295.6099853515625,289.3699951171875,295.2200012207031,30816600,6.272241639706399,6.32185620108187,6.188409014205016,6.313516078223486
2022-03-18,295.3699951171875,301.0,292.7300109863281,300.42999267578125,43390600,6.316723817784403,6.4371259795659155,6.26026564358375,6.4249359165915925
2022-03-21,298.8900146484375,300.1400146484375,294.8999938964844,299.1600036621094,28351200,6.392002253575728,6.418734504321434,6.306672465398305,6.397776184785378
2022-03-22,299.79998779296875,305.0,298.7699890136719,304.05999755859375,27599700,6.411462757792902,6.522669181952174,6.389435409284155,6.502566477179976
2022-03-23,300.510009765625,303.2300109863281,297.7200012207031,299.489990234375,25715400,6.426647146119308,6.484816549847677,6.366980579714898,6.404833211819395
2022-03-24,299.1400146484375,304.20001220703125,298.32000732421875,304.1000061035156,24484500,6.3973487037248695,6.505560802532059,6.379812190601404,6.5034220919438335
2022-03-25,305.2300109863281,305.5,299.2900085449219,303.67999267578125,22566500,6.527588151040806,6.533362082250456,6.400556443285786,6.494439768530427
2022-03-28,304.3299865722656,310.79998779296875,304.3299865722656,310.70001220703125,29578200,6.508340408389626,6.646706564355112,6.508340408389626,6.644568506409728
2022-03-29,313.9100036621094,315.82000732421875,309.04998779296875,315.4100036621094,30393400,6.713216743584704,6.754063701041283,6.609281413311124,6.745295444479551
2022-03-30,313.760009765625,315.95001220703125,311.5799865722656,313.8599853515625,28163600,6.710009004023788,6.756843959541691,6.663387462714718,6.712147061969172
2022-03-31,313.8999938964844,315.1400146484375,307.8900146484375,308.30999755859375,33422100,6.71300267673303,6.739521513269901,6.5844744589448085,6.593456129715375
2022-04-01,309.3699951171875,310.1300048828125,305.5400085449219,309.4200134277344,27110500,6.616125026136306,6.632378443435404,6.534217697014314,6.617194707751839
2022-04-04,310.0899963378906,315.1099853515625,309.7099914550781,314.9700012207031,24289600,6.631522828671546,6.738879312714878,6.623396120021997,6.735885640005636
2022-04-05,313.2699890136719,314.8699951171875,309.8699951171875,310.8800048828125,23156700,6.69952951793434,6.733746929417411,6.626817926434589,6.648417793882827
2022-04-06,305.19000244140625,307.0,296.7099914550781,299.5,40110400,6.526732536276948,6.565440783145303,6.345380712266659,6.405047278671069
2022-04-07,296.6600036621094,303.6499938964844,296.3500061035156,301.3699951171875,31411200,6.3443116832939666,6.493798220618244,6.337682137320459,6.44503862136379
2022-04-08,300.44000244140625,301.1199951171875,296.2799987792969,296.9700012207031,24361900,6.425149983443267,6.439692171214649,6.336184974644418,6.350941229267474
2022-04-11,291.7900085449219,292.6099853515625,285.0,285.260009765625,34569300,6.240162938811552,6.257698799292176,6.094953170020884,6.100513687021699
2022-04-12,289.239990234375,290.739990234375,280.489990234375,282.05999755859375,30966700,6.185628755704609,6.217707456599455,5.998503000484669,6.032078864055557
2022-04-13,282.7300109863281,288.5799865722656,281.29998779296875,287.6199951171875,21907200,6.046407637618105,6.171514048993735,6.015825446756459,6.150983863161028
2022-04-14,288.0899963378906,288.30999755859375,279.32000732421875,279.8299865722656,28221600,6.161035215547127,6.165740117784085,5.973481979266679,5.9843882937737956
2022-04-18,278.9100036621094,282.4599914550781,278.3399963378906,280.5199890136719,20778000,5.964713722704947,6.040633053765615,5.952523659730623,5.999144548396853
2022-04-19,279.3800048828125,286.1700134277344,278.4100036621094,285.29998779296875,22297700,5.974765075091046,6.119974843881714,5.954020822406664,6.101368649142717
2022-04-20,289.3999938964844,289.70001220703125,285.3699951171875,286.3599853515625,22906700,6.1890505621172,6.195466693881873,6.102865811818758,6.124037545563648
2022-04-21,288.5799865722656,293.29998779296875,280.05999755859375,280.80999755859375,29454600,6.171514048993735,6.272455053915233,5.989307262862428,6.005346613309851
2022-04-22,281.67999267578125,283.20001220703125,273.3800048828125,274.0299987792969,29405800,6.023952155406008,6.056458990004204,5.846450271511658,5.860350911370857
2022-04-25,273.2900085449219,281.1099853515625,270.7699890136719,280.7200012207031,35678900,5.844525627775108,6.011762092431685,5.790632992580348,6.003421969573301
2022-04-26,277.5,278.3599853515625,270.0,270.2200012207031,46518400,5.93455966554665,5.952951140791132,5.774166161072416,5.778871063309374
2022-04-27,282.1000061035156,290.9700012207031,279.1600036621094,283.2200012207031,63477700,6.032934478819414,6.222626425688087,5.970060172854088,6.056886471064712
2022-04-28,285.19000244140625,290.9800109863281,281.4599914550781,289.6300048828125,33646600,6.099016524345658,6.2228404925397625,6.01924725316905,6.193969531205832
2022-04-29,288.6099853515625,289.8800048828125,276.5,277.5199890136719,37073900,6.1721555969059185,6.199315981354973,5.913173864950085,5.934987146607159
2022-05-02,277.7099914550781,284.94000244140625,276.2200012207031,284.4700012207031,35151100,5.939050500931933,6.093670074196517,5.907185866888761,6.083618721810418
2022-05-03,283.9599914550781,284.1300048828125,280.1499938964844,281.7799987792969,25978600,6.072711754660461,6.0763476279247275,5.991231906598978,6.026090865994233
2022-05-04,282.5899963378906,290.8800048828125,276.7300109863281,289.9800109863281,33599300,6.043413312266022,6.220701781951537,5.918092834038718,6.201454691943198
2022-05-05,285.5400085449219,286.3500061035156,274.3399963378906,277.3500061035156,43260400,6.106501685083024,6.123824131354814,5.866980457344365,5.931351925985734
2022-05-06,274.80999755859375,279.25,271.2699890136719,274.7300109863281,37780300,5.877031809730465,5.971984816590638,5.801325892878631,5.875321232845589
2022-05-09,270.05999755859375,272.3599853515625,263.32000732421875,264.5799865722656,47726000,5.775449256896783,5.824636337211745,5.631309169721647,5.658254834676187
2022-05-10,271.69000244140625,273.75,265.07000732421875,269.5,39336400,5.810308216292038,5.854362913309533,5.668734320765635,5.763473260774134
2022-05-11,265.67999267578125,271.3599853515625,259.29998779296875,260.54998779296875,48975900,5.681779345860976,5.80325053661518,5.54533783363204,5.572070084377746
2022-05-12,257.69000244140625,259.8800048828125,250.02000427246097,255.3500061035156,51033800,5.510907007940134,5.557741963458038,5.3468779565230555,5.460864312861314
2022-05-13,257.3500061035156,263.0400085449219,255.3500061035156,261.1199951171875,34925100,5.503635914054444,5.625321171660323,5.460864312861314,5.584260147352069
2022-05-16,259.9599914550781,265.82000732421875,255.77999877929688,261.5,32550900,5.559452540342913,5.684773671213058,5.470060050483555,5.592386856001618
2022-05-17,266.1099853515625,268.3299865722656,262.4599914550781,266.82000732421875,28828800,5.690975083483217,5.738451586913303,5.612917041834325,5.706159471809623
2022-05-18,263.0,263.6000061035156,252.77000427246097,254.0800018310547,31356000,5.624465556896465,5.637297167782972,5.405688908163608,5.43370425473368
2022-05-19,253.8999938964844,257.6700134277344,251.8800048828125,253.13999938964844,32692300,5.42985464093916,5.510479526879625,5.386655558685522,5.413601549961482
2022-05-20,257.239990234375,258.5400085449219,246.44000244140625,252.55999755859375,39199300,5.5012831366145445,5.529085068975783,5.270316751228783,5.401197746456904
2022-05-23,255.4900054931641,261.5,253.42999267578125,260.6499938964844,33175400,5.463858311891977,5.592386856001618,5.4198032885530605,5.57420879496597
2022-05-24,257.8900146484375,261.3299865722656,253.5,259.6199951171875,29043900,5.515184429116584,5.588750982737352,5.421300451229102,5.552181446457222
2022-05-25,258.1400146484375,264.5799865722656,257.1300048828125,262.5199890136719,28547900,5.520530879265724,5.658254834676187,5.4989310118174854,5.614200137658691
2022-05-26,262.2699890136719,267.1099853515625,261.42999267578125,265.8999938964844,25002100,5.60885368750955,5.712360884079781,5.590889693325576,5.686484248097933
2022-05-27,268.4800109863281,273.3399963378906,267.55999755859375,273.239990234375,26910800,5.741659979117061,5.845594656747801,5.721984755405372,5.843455946159576
2022-05-31,272.5299987792969,274.7699890136719,268.92999267578125,271.8699951171875,37827700,5.828272210476011,5.8761761949666065,5.75128319779981,5.814157503765137
2022-06-01,275.20001220703125,277.69000244140625,270.0400085449219,272.4200134277344,25292200,5.885372585231687,5.938623019871424,5.775021775836274,5.825920085678952
2022-06-02,264.45001220703125,274.6499938964844,261.6000061035156,274.5799865722656,44008200,5.655475228818619,5.873610003317873,5.594525566589843,5.872112840641832
2022-06-03,270.30999755859375,273.45001220703125,268.4100036621094,270.0199890136719,28059000,5.780795707045924,5.8479474341877,5.7401628164410194,5.774593642132925
2022-06-06,272.05999755859375,274.17999267578125,267.2200012207031,268.75,22400300,5.818220858089912,5.8635586509317745,5.7147136615196805,5.747433910326711
2022-06-07,266.6400146484375,273.1300048828125,265.94000244140625,272.5,22860700,5.702310184336523,5.841103821362518,5.6873398628617915,5.827630662563828
2022-06-08,271.7099914550781,273.0,269.6099853515625,270.4100036621094,17372300,5.810735697352547,5.83832356286211,5.765825385571192,5.782934417634149
2022-06-09,267.7799987792969,272.7099914550781,264.6300048828125,264.7900085449219,26439700,5.726689657642329,5.83212149794911,5.659324516291719,5.662746322704311
2022-06-10,260.5799865722656,260.5799865722656,252.52999877929688,252.9900054931641,31422800,5.572711632289929,5.572711632289929,5.400556198544721,5.410393810400566
2022-06-13,245.11000061035156,249.02000427246097,241.52999877929688,242.2599945068359,46135800,5.241873597276783,5.325492155926491,5.1653123919825115,5.180923935048005
2022-06-14,243.86000061035156,245.7400054931641,241.5099945068359,244.4900054931641,28651500,5.215141346531077,5.255346756075474,5.164884584600582,5.228614505329768
2022-06-15,248.30999755859375,255.3000030517578,246.4199981689453,251.7599945068359,33111700,5.310308093921505,5.459794957567202,5.269888943846855,5.384089040715367
2022-06-16,245.97999572753903,247.4199981689453,243.02000427246097,244.97000122070312,33169200,5.260479139372938,5.291274744443419,5.197177352347104,5.23887959824612
2022-06-17,244.6999969482422,250.5,244.02999877929688,247.6499938964844,43084800,5.23310534071505,5.357143049439409,5.2187768934739225,5.296193387210632
2022-06-21,250.2599945068359,254.75,249.5099945068359,253.7400054931641,29928300,5.352010339820521,5.448032701974808,5.335970989373098,5.426433160847989
2022-06-22,251.88999938964844,257.1700134277344,250.3699951171875,253.1300048828125,25939900,5.3868692992157765,5.4997866265813435,5.354362790939001,5.413387809431227
2022-06-23,255.57000732421875,259.3699951171875,253.6300048828125,258.8599853515625,25861400,5.465569215098272,5.546834996308081,5.42408070972951,5.535928029158124
2022-06-24,261.80999755859375,267.9800109863281,261.7200012207031,267.70001220703125,33923200,5.599016401975126,5.730967078818779,5.597091758238576,5.724979080757454
2022-06-27,268.2099914550781,268.29998779296875,263.2799987792969,264.8900146484375,24615100,5.73588539526457,5.73781003900112,5.630453554957789,5.664885033292535
2022-06-28,263.9800109863281,266.9100036621094,256.32000732421875,256.4800109863281,27295500,5.64542387643252,5.708084115546173,5.481608565545695,5.4850303719582865
2022-06-29,257.5899963378906,261.9700012207031,255.7599945068359,260.260009765625,20069800,5.50876829735191,5.602438208387717,5.469632243101626,5.5658686721075865
2022-06-30,257.04998779296875,259.5299987792969,252.8999938964844,256.8299865722656,31730900,5.497219782289769,5.550256802720672,5.408468840342596,5.492514880052812
2022-07-01,256.3900146484375,259.7699890136719,254.61000061035156,259.5799865722656,22837700,5.483105728221736,5.555389186018139,5.445038702944145,5.551325831693364
2022-07-05,256.1600036621094,262.9800109863281,254.7400054931641,262.8500061035156,22941000,5.478186759133104,5.624038075835956,5.447818961444554,5.621257817335548
2022-07-06,263.75,267.989990234375,262.3999938964844,266.2099914550781,23824400,5.640504907343888,5.731180493027613,5.611633946009958,5.693113794071442
2022-07-07,265.1199951171875,269.05999755859375,265.0199890136719,268.3999938964844,20859900,5.669803349738327,5.754063456300218,5.667664639150102,5.739948749589345
2022-07-08,264.7900085449219,268.1000061035156,263.2900085449219,267.6600036621094,19658800,5.662746322704311,5.733533270467512,5.630667621809463,5.724123465993596
2022-07-11,265.6499938964844,266.5299987792969,262.17999267578125,264.510009765625,19455200,5.681137797948793,5.6999574068966234,5.606929043773,5.656758324642986
2022-07-12,265.8800048828125,265.94000244140625,252.0399932861328,253.6699981689453,35868500,5.6860567670374245,5.6873398628617915,5.390077038776693,5.424935998171947
2022-07-13,250.19000244140625,253.5500030517578,248.11000061035156,252.72000122070312,29497400,5.3505135034659,5.422369806523214,5.306030999066476,5.404619552869495
2022-07-14,250.57000732421875,255.13999938964844,245.94000244140625,254.0800018310547,25102800,5.35864021211545,5.456373151154611,5.2596238509305016,5.43370425473368
2022-07-15,255.72000122070312,260.3699951171875,254.77000427246097,256.7200012207031,29774100,5.468776954659189,5.5682207969046456,5.448460509356737,5.490162755255753
2022-07-18,259.75,260.8399963378906,253.3000030517578,254.25,20975000,5.55496170495763,5.578272149290744,5.417023356374073,5.437339801676525
2022-07-19,257.5799865722656,259.7200012207031,253.67999267578125,259.5299987792969,25012600,5.508554230500235,5.554320157045447,5.425149738702202,5.550256802720672
2022-07-20,259.8999938964844,264.8699951171875,258.9100036621094,262.2699890136719,22788300,5.558169444518547,5.664456899589186,5.536997710773656,5.60885368750955
2022-07-21,259.7900085449219,264.8900146484375,257.0299987792969,264.8399963378906,22404700,5.555817319721488,5.664885033292535,5.496792301229261,5.663815351677003
2022-07-22,265.239990234375,265.3299865722656,259.07000732421875,260.3599853515625,21881300,5.67236954138706,5.67429418512361,5.540419517186248,5.5680067300529705
2022-07-25,261.0,261.5,256.80999755859375,258.8299865722656,21056000,5.581693955703336,5.592386856001618,5.492087398992303,5.535286481245941
2022-07-26,259.8599853515625,259.8800048828125,249.57000732421875,251.8999938964844,39348000,5.557313829754689,5.557741963458038,5.337254411518885,5.387083039746031
2022-07-27,261.1600036621094,270.04998779296875,258.8500061035156,268.739990234375,45994000,5.585115762115927,5.775235190045108,5.53571461494929,5.747219843475036
2022-07-28,269.75,277.8399963378906,267.8699951171875,276.4100036621094,33459300,5.7688197109232755,5.941830759432341,5.7286143013788795,5.911249221213535
2022-07-29,277.70001220703125,282.0,276.6300048828125,280.739990234375,32152800,5.938837086723099,6.03079576823119,5.9159541234504935,6.00384945063381
2022-08-01,277.82000732421875,281.2799987792969,275.8399963378906,278.010009765625,21539600,5.9414032783718325,6.01539796569595,5.899059158239212,5.945466632696607
2022-08-02,276.0,277.8900146484375,272.3800048828125,274.82000732421875,22754200,5.9024809646518035,5.942900441047874,5.825064470915094,5.877245876582139
2022-08-03,276.760009765625,283.5,276.6099853515625,282.4700012207031,23518900,5.918734381950901,6.062874469126037,5.915525989747144,6.040847120617289
2022-08-04,281.79998779296875,283.79998779296875,280.1700134277344,283.6499938964844,18098700,6.026518347054741,6.06928994824787,5.991660040302327,6.066082208686954
2022-08-05,279.1499938964844,283.6499938964844,278.67999267578125,282.9100036621094,16774600,5.9698461060024135,6.066082208686954,5.959794753616315,6.050256925091205
2022-08-08,284.04998779296875,285.9200134277344,279.32000732421875,280.32000732421875,18739200,6.074636398397011,6.1146283937325725,5.973481979266679,5.9948677798632435
2022-08-09,279.6400146484375,283.0799865722656,277.6099853515625,282.29998779296875,23405200,5.980325592091861,6.05389214571263,5.936911790343709,6.0372112473530235
2022-08-10,288.1700134277344,289.80999755859375,286.94000244140625,289.1600036621094,24687800,6.162746445074843,6.197818818678932,6.136441675389646,6.183918178819733
2022-08-11,290.8500061035156,291.2099914550781,286.510009765625,287.0199890136719,20065900,6.220060234039354,6.227758808985554,6.127245937767405,6.138152252274521
2022-08-12,288.4800109863281,291.9100036621094,286.94000244140625,291.9100036621094,22619700,6.1693759910483505,6.242729130460285,6.136441675389646,6.242729130460285
2022-08-15,291.0,294.17999267578125,290.1099853515625,293.4700012207031,18085700,6.2232679736002705,6.2912746628630645,6.204234297800765,6.2760909271794985
2022-08-16,291.989990234375,294.0400085449219,290.4200134277344,292.7099914550781,18102900,6.244439707345161,6.288280990153822,6.210864496417114,6.259837509880401
2022-08-17,289.739990234375,293.3500061035156,289.4700012207031,291.32000732421875,18253400,6.19632165600289,6.273524735530765,6.190547724793241,6.230111586425453
2022-08-18,290.19000244140625,291.9100036621094,289.0799865722656,290.1700134277344,17186200,6.205945527328481,6.242729130460285,6.182206949292017,6.205518046267972
2022-08-19,288.8999938964844,289.25,285.55999755859375,286.1499938964844,20570000,6.178357661818917,6.185842822556283,6.106929166143533,6.119546710178365
2022-08-22,282.0799865722656,282.4599914550781,277.2200012207031,277.75,25061100,6.032506345116065,6.040633053765615,5.9285716674853255,5.939906115695791
2022-08-23,276.44000244140625,278.8599853515625,275.3999938964844,276.44000244140625,17527400,5.911890769125719,5.963644041089414,5.8896493537652965,5.911890769125719
2022-08-24,275.4100036621094,277.2300109863281,275.1099853515625,275.7900085449219,18137000,5.889863420616971,5.9287857343370005,5.883447288852297,5.89799012926652
2022-08-25,277.3299865722656,279.0199890136719,274.5199890136719,278.8500061035156,16583400,5.9309237922823845,5.967065847502005,5.870829744817465,5.96343062688058
2022-08-26,279.0799865722656,280.3399963378906,267.9800109863281,268.0899963378906,27549300,5.968348943326372,5.995295260923752,5.730967078818779,5.733319203615837
2022-08-29,265.8500061035156,267.3999938964844,263.8500061035156,265.2300109863281,20338500,5.685415219125241,5.718562948992781,5.642643617932112,5.672156127178226
2022-08-30,266.6700134277344,267.04998779296875,260.6600036621094,262.9700012207031,22767100,5.702951732248706,5.711077788255415,5.574422861817645,5.623824008984282
2022-08-31,265.3900146484375,267.1099853515625,261.3299865722656,261.4700012207031,24791800,5.675577933590818,5.712360884079781,5.588750982737352,5.591745308089434
2022-09-01,258.8699951171875,260.8900146484375,255.41000366210935,260.3999938964844,23263400,5.536142096009799,5.5793418309062766,5.462147408685681,5.568862344816829
2022-09-02,261.70001220703125,264.739990234375,254.47000122070312,256.05999755859375,22855400,5.596664277178067,5.6616766410887776,5.442044703913483,5.47604804854488
2022-09-06,256.20001220703125,257.8299865722656,251.94000244140625,253.25,21328200,5.479042373896962,5.513900680649376,5.387938654509888,5.415954001079961
2022-09-07,254.6999969482422,258.8299865722656,253.22000122070312,258.0899963378906,24126700,5.446963346680695,5.535286481245941,5.415312453167777,5.519461197650192
2022-09-08,257.510009765625,260.42999267578125,254.7899932861328,258.5199890136719,20319900,5.507057720467034,5.569503892729013,5.448887990417245,5.5286569352724335
2022-09-09,260.5,265.2300109863281,260.2900085449219,264.4599914550781,22084700,5.571001055405054,5.672156127178226,5.5665102200197705,5.655688643027453
2022-09-12,265.7799987792969,267.45001220703125,265.1600036621094,266.6499938964844,18747700,5.6839180564492,5.719632630608313,5.670658964502185,5.702523598545357
2022-09-13,258.8399963378906,260.3999938964844,251.58999633789065,251.9900054931641,33353300,5.535500548097615,5.568862344816829,5.3804534937725235,5.389008009804002
2022-09-14,253.52999877929688,254.22999572753903,249.86000061035156,252.22000122070312,23913000,5.421941999141286,5.436911994294595,5.343456150110464,5.393926652571213
2022-09-15,249.77000427246097,251.3999938964844,244.02000427246097,245.3800048828125,31530900,5.341531506373914,5.376390139447749,5.218563152943669,5.247647854807853
2022-09-16,244.2599945068359,245.3000030517578,242.05999755859375,244.7400054931641,39791800,5.223695536241134,5.245936951601557,5.176646840192976,5.233960955478909
2022-09-19,242.47000122070312,245.13999938964844,240.8500061035156,244.52000427246097,26826900,5.185415096754709,5.242515145188966,5.1507702042111285,5.229256053241951
2022-09-20,242.07000732421875,243.5099945068359,239.63999938964844,242.4499969482422,26660300,5.176860907044651,5.20765618579371,5.124893241907861,5.18498728937278
2022-09-21,244.27000427246097,247.66000366210935,238.8999938964844,238.9499969482422,28625600,5.223909603092809,5.296407454062305,5.109067631990692,5.110136987284804
2022-09-22,237.8699951171875,243.86000061035156,237.57000732421875,240.97999572753903,31061200,5.087040283481945,5.215141346531077,5.080624804360111,5.153550136390116
2022-09-23,239.5399932861328,241.1300048828125,235.1999969482422,237.9199981689453,34176000,5.122754531319637,5.156758202272454,5.029940235047687,5.088109638776056
2022-09-26,237.0500030517578,241.4499969482422,236.8999938964844,237.4499969482422,27694200,5.0695040966799,5.163601488776216,5.066296030797564,5.0780582863899575
2022-09-27,239.97999572753903,241.8000030517578,234.5,236.41000366210935,27018700,5.132164335793552,5.171086649513581,5.014970239894376,5.0558171973509545
2022-09-28,236.80999755859375,242.3300018310547,234.72999572753903,241.07000732421875,29029700,5.064371387061013,5.182421097724046,5.019888882661588,5.155475106448087
2022-09-29,238.88999938964844,239.9499969482422,234.41000366210935,237.5,27484200,5.108853891460438,5.1315227878813685,5.013045596157825,5.07912764168407
2022-09-30,238.2899932861328,240.5399932861328,232.72999572753903,232.8999938964844,35694800,5.096022280573931,5.144140331916201,4.977117281468459,4.980752828411306
2022-10-03,235.41000366210935,241.61000061035156,234.66000366210935,240.7400054931641,28880400,5.03443139675439,5.167023295188807,5.018392046306967,5.148417753092651
2022-10-04,245.08999633789065,250.36000061035156,244.97999572753903,248.8800048828125,34888400,5.241445789894854,5.354149050408746,5.239093338776374,5.322498156895828
2022-10-05,245.9900054931641,250.5800018310547,244.1000061035156,249.1999969482422,20347100,5.260693206224614,5.3588539526457035,5.220274056149963,5.32934144339959
2022-10-06,247.92999267578125,250.33999633789065,246.0800018310547,246.7899932861328,20239900,5.302181385271956,5.3537212430268175,5.262617849961163,5.277801585644729
2022-10-07,240.8999938964844,241.32000732421875,233.1699981689453,234.2400054931641,37769600,5.151839233183821,5.160821556597228,4.986527085942375,5.009410049214981
2022-10-10,233.0500030517578,234.55999755859375,226.72999572753903,229.25,29743600,4.9839608942936415,5.016253335718743,4.8488024778890715,4.902694786762413
2022-10-11,227.6199951171875,229.05999755859375,224.11000061035156,225.41000366210935,30474000,4.867835827367158,4.8986314324376385,4.792771784748928,4.820573390788745
2022-10-12,225.3999938964844,227.86000061035156,223.9600067138672,225.75,21903900,4.820359323937072,4.872968536986045,4.789564045188011,4.827844484674437
2022-10-13,219.8500061035156,236.1000061035156,219.1300048828125,234.2400054931641,42551800,4.701668391683274,5.049187651377447,4.686270589148035,5.009410049214981
2022-10-14,235.5399932861328,237.2400054931641,228.33999633789065,228.55999755859375,30198600,5.037211328933378,5.073567451004675,4.883233629902398,4.887938532139356
2022-10-17,235.82000732421875,238.9600067138672,235.13999938964844,237.52999877929688,28142300,5.043199653316123,5.110351054136479,5.028657139223321,5.079769189596253
2022-10-18,243.2400054931641,243.92999267578125,235.3699951171875,238.5,26329600,5.201882254584062,5.216638182885698,5.033575781990533,5.100513442280635
2022-10-19,237.0399932861328,239.61000061035156,234.2899932861328,236.47999572753903,19985700,5.069290029828225,5.124251693995678,5.0104790781876725,5.057314033705576
2022-10-20,235.77000427246097,241.30999755859375,234.8699951171875,236.1499938964844,21811000,5.042130298022012,5.160607489745553,5.022882881692251,5.05025668035014
2022-10-21,234.7400054931641,243.0,234.5,242.1199951171875,26299700,5.020102949513264,5.196749544965175,5.014970239894376,5.177929936017343
2022-10-24,243.7599945068359,247.83999633789065,241.3000030517578,247.25,24911200,5.213002635942852,5.3002567415354065,5.160393749215299,5.287639197500574
2022-10-25,247.2599945068359,251.0399932861328,245.8300018310547,250.66000366210935,34775500,5.287852938030827,5.368691238180128,5.257271399812023,5.360564855851999
2022-10-26,231.1699981689453,238.3000030517578,230.05999755859375,231.32000732421875,82543200,4.943755484749246,5.096236347425606,4.920017233034202,4.946963550631583
2022-10-27,231.0399932861328,233.69000244140625,225.77999877929688,226.75,40424600,4.940975226248838,4.997647793622586,4.82848603258662,4.849230285271001
2022-10-28,226.2400054931641,236.6000061035156,226.0500030517578,235.8699951171875,40647700,4.8383236444424655,5.059880551675729,4.83426029011769,5.044268682288815
2022-10-31,233.7599945068359,234.9199981689453,231.1499938964844,232.1300048828125,28357300,4.999144629977207,5.0239522369863625,4.943327677367318,4.964285996903373
2022-11-01,234.6000061035156,235.7400054931641,227.3300018310547,228.1699981689453,30592300,5.0171089504826005,5.041488750109828,4.861634088775579,4.879598082959553
2022-11-02,229.4600067138672,231.3000030517578,220.0399932861328,220.1000061035156,38407000,4.907185948469116,4.946535743249654,4.705731419686629,4.7070148418324145
2022-11-03,220.08999633789065,220.41000366210935,213.97999572753903,214.25,36633900,4.706800774980741,4.713644387805923,4.576133520282874,4.581907777813945
2022-11-04,217.5500030517578,221.58999633789065,213.42999267578125,221.38999938964844,36789100,4.652480985046892,4.7388794758755886,4.564371264690481,4.734602381020559
2022-11-07,221.9900054931641,228.41000366210935,221.27999877929688,227.8699951171875,33498000,4.747433991907066,4.884730792578439,4.73224992990208,4.873182277516299
2022-11-08,228.6999969482422,231.6499938964844,225.83999633789065,228.8699951171875,28192500,4.8909325311700185,4.9540205776656,4.829769128410987,4.894568078112863
2022-11-09,227.3699951171875,228.6300048828125,224.3300018310547,224.5099945068359,27852900,4.862489377218017,4.889435694815397,4.797476686985886,4.801325974458985
2022-11-10,235.42999267578125,243.3300018310547,235.0,242.97999572753903,46268000,5.0348588778149,5.203806898320611,5.025663140192658,5.196321737583245
2022-11-11,242.9900054931641,247.9900054931641,241.92999267578125,247.11000061035156,34620200,5.196535804434921,5.303464807417743,5.173866581692569,5.284645198469912
2022-11-14,241.9900054931641,243.91000366210935,239.2100067138672,241.5500030517578,31123300,5.175150003838357,5.216210701825188,5.11569750428562,5.16574019936444
2022-11-15,245.66000366210935,247.0,240.02999877929688,241.97000122070312,31390100,5.253635852869176,5.282292747351432,5.133233691087664,5.174722196456427
2022-11-16,242.7899932861328,243.8000030517578,240.4199981689453,241.72999572753903,24093300,5.192258383258471,5.213858250706711,5.141574140267467,5.169589486837539
2022-11-17,237.77999877929688,243.25,237.6300048828125,241.67999267578125,23123500,5.0851156397453945,5.202095995114315,5.081907900184477,5.168520131543428
2022-11-18,243.5099945068359,243.7400054931641,239.02999877929688,241.22000122070312,27613500,5.20765618579371,5.2125751548823445,5.1118478904910996,5.158682846009003
2022-11-21,241.42999267578125,244.6699981689453,241.19000244140625,242.0500030517578,26394700,5.163173681394286,5.232463792802867,5.15804129809682,5.176433099662722
2022-11-22,243.58999633789065,245.30999755859375,240.7100067138672,245.02999877929688,19665700,5.209367089000008,5.2461506921318115,5.147776205180467,5.240162694070487
2022-11-23,245.11000061035156,248.27999877929688,244.27000427246097,247.5800018310547,19508500,5.241873597276783,5.309666546009321,5.223909603092809,5.294696550856011
2022-11-25,247.30999755859375,248.6999969482422,246.72999572753903,247.4900054931641,9200800,5.288922293324941,5.318648543101308,5.276518489820362,5.292771907119461
2022-11-28,246.0800018310547,246.6499938964844,240.8000030517578,241.7599945068359,24778200,5.262617849961163,5.274807586614068,5.149700848917017,5.1702310347497225
2022-11-29,241.3999938964844,242.7899932861328,238.2100067138672,240.3300018310547,17956300,5.162532133482104,5.192258383258471,5.094311703689056,5.139649496530918
2022-11-30,240.57000732421875,255.3300018310547,239.86000061035156,255.13999938964844,47594200,5.144782206149805,5.460436505479385,5.129598144144818,5.456373151154611
2022-12-01,253.8699951171875,256.1199951171875,250.9199981689453,254.69000244140625,26041500,5.429213093026976,5.477331144369247,5.366125046531395,5.446749606150441
2022-12-02,249.82000732421875,256.05999755859375,249.69000244140625,255.02000427246097,21528500,5.342600861668026,5.47604804854488,5.3398206031676185,5.4538069595058785
2022-12-05,252.0099945068359,253.82000732421875,248.05999755859375,250.1999969482422,23435300,5.389435490864509,5.428144064054284,5.304961643772364,5.350727243996155
2022-12-06,250.82000732421875,251.86000061035156,243.77999877929688,245.1199951171875,22463700,5.36398666226459,5.3862277513035925,5.213430443324781,5.242087337807037
2022-12-07,244.8300018310547,246.16000366210935,242.2100067138672,244.3699951171875,20481500,5.235885599215458,5.264328753167459,5.179854906075313,5.226047987359613
2022-12-08,244.83999633789065,248.7400054931641,243.05999755859375,247.3999938964844,22611800,5.236099339745713,5.3195041578651665,5.198032640789541,5.290846937061491
2022-12-09,244.6999969482422,248.30999755859375,244.16000366210935,245.4199981689453,20609700,5.23310534071505,5.310308093921505,5.22155715197433,5.24850314325029
2022-12-12,247.4499969482422,252.5399932861328,247.1699981689453,252.5099945068359,30665100,5.2919162923556025,5.400769939074975,5.285928294294278,5.4001283911627915
2022-12-13,261.69000244140625,263.9200134277344,253.07000732421875,256.9200134277344,42196900,5.596450210326393,5.644140780608153,5.412104713606861,5.494440176432202
2022-12-14,257.1300048828125,262.5899963378906,254.30999755859375,257.2200012207031,35410900,5.4989310118174854,5.615697300334732,5.438622897500892,5.5008556555540356
2022-12-15,253.72000122070312,254.1999969482422,247.33999633789065,249.0099945068359,35560400,5.42600535346606,5.436270446382413,5.289563841237125,5.325278089074815
2022-12-16,248.5500030517578,249.83999633789065,243.5099945068359,244.69000244140625,86102000,5.315440803540391,5.343028342728536,5.20765618579371,5.232891600184796
2022-12-19,244.86000061035156,245.2100067138672,238.7100067138672,240.4499969482422,29696400,5.236527147127641,5.244012307865007,5.105004603987338,5.142215688179651
2022-12-20,239.3999938964844,242.91000366210935,238.4199981689453,241.8000030517578,25150800,5.119760532288975,5.194824901228624,5.098802539074339,5.171086649513581
2022-12-21,241.69000244140625,245.6199951171875,240.11000061035156,244.42999267578125,23690600,5.168734198395103,5.252780238105319,5.13494459429396,5.22733108318398
2022-12-22,241.2599945068359,241.9900054931641,233.8699951171875,238.19000244140625,28651700,5.159538134451441,5.175150003838357,5.001497081095686,5.093883896307126
2022-12-23,236.11000061035156,238.8699951171875,233.94000244140625,238.72999572753903,21207000,5.049401391907702,5.108426084078508,5.002994243771727,5.105432085047846
2022-12-27,238.6999969482422,238.92999267578125,235.8300018310547,236.9600067138672,16688600,5.104790537135663,5.109709179902875,5.043413393846378,5.06757945294335
2022-12-28,236.88999938964844,239.72000122070312,234.1699981689453,234.52999877929688,17457100,5.066082290267309,5.126604145114157,5.007912886538939,5.015611787806559
2022-12-29,235.6499938964844,241.9199981689453,235.6499938964844,241.0099945068359,19770700,5.039563780051858,5.173652841162315,5.039563780051858,5.154191684302299
2022-12-30,238.2100067138672,239.9600067138672,236.66000366210935,239.82000732421875,21938500,5.094311703689056,5.1317368547330435,5.061163647500096,5.128742855702381
2023-01-03,243.0800018310547,245.75,237.3999938964844,239.5800018310547,25740000,5.1984604481714705,5.255560496605727,5.076988931095846,5.123610146083494
2023-01-04,232.27999877929688,232.8699951171875,225.9600067138672,229.1000061035156,50623400,4.96749373646429,4.980111280499122,4.83233564638114,4.899487047201496
2023-01-05,227.1999969482422,227.5500030517578,221.7599945068359,222.30999755859375,39585600,4.858853830275171,4.866338991012537,4.7425150228184325,4.754277278410828
2023-01-06,223.0,225.7599945068359,219.3500061035156,224.92999267578125,43613600,4.769033533033885,4.828058225204691,4.690975491384991,4.810307971550972
2023-01-09,226.4499969482422,231.2400054931641,226.41000366210935,227.1199951171875,27369800,4.842814479827748,4.945252647425288,4.8419591913853095,4.8571429270688755
2023-01-10,227.7599945068359,231.30999755859375,227.3300018310547,228.8500061035156,27033900,4.87082982639782,4.946749483779908,4.861634088775579,4.894140597052354
2023-01-11,231.2899932861328,235.9499969482422,231.11000061035156,235.77000427246097,28669300,4.94632167639798,5.045979585495111,4.942472388924879,5.042130298022012
2023-01-12,235.2599945068359,239.8999938964844,233.55999755859375,238.5099945068359,27269500,5.031223330872053,5.130453432587257,4.994867535122179,5.100727182810888
2023-01-13,237.0,239.3699951171875,234.9199981689453,239.22999572753903,21333300,5.068434741385787,5.119118984376791,5.0239522369863625,5.116124985346128
2023-01-17,237.97000122070312,240.91000366210935,237.08999633789065,240.3500061035156,29831300,5.089178994070169,5.152053300035495,5.070359385122338,5.140077303912846
2023-01-18,241.57000732421875,242.3800048828125,235.52000427246097,235.80999755859375,30028700,5.166168006746369,5.183490453018159,5.03678384787287,5.042985586464448
2023-01-19,233.77999877929688,235.52000427246097,230.67999267578125,231.92999267578125,28623000,4.999572437359136,5.03678384787287,4.933276324981218,4.960008575726924
2023-01-20,234.86000061035156,240.7400054931641,234.5099945068359,240.22000122070312,35389800,5.022669141161996,5.148417753092651,5.01518398042463,5.1372970454124385
2023-01-23,241.1000061035156,245.1699981689453,239.6499938964844,242.5800018310547,31934000,5.15611665436027,5.243156693101149,5.125106982438116,5.187767547873188
2023-01-24,242.5,243.9499969482422,240.44000244140625,242.0399932861328,40234400,5.186056644666892,5.217065990267627,5.142001947649397,5.176219032811048
2023-01-25,234.47999572753903,243.3000030517578,230.8999938964844,240.61000061035156,66526600,5.014542432512447,5.203165350408428,4.9379812272181764,5.1456374945922425
2023-01-26,243.6499938964844,248.30999755859375,242.0,248.0,33454500,5.210650184824374,5.310308093921505,5.17536374436861,5.303678547947997
2023-01-27,248.9900054931641,249.8300018310547,246.8300018310547,248.16000366210935,26498900,5.324850608014308,5.34281460219828,5.278657200408587,5.307100354360587
2023-01-30,244.5099945068359,245.6000061035156,242.1999969482422,242.7100067138672,25867400,5.229041986390275,5.25235275704481,5.179640839223639,5.190547806373596
2023-01-31,243.4499969482422,247.9499969482422,242.9499969482422,247.80999755859375,26541100,5.206373089969344,5.302609192653885,5.195680189671062,5.2996151936232225
2023-02-01,248.0,255.17999267578125,245.47000122070312,252.75,31259900,5.303678547947997,5.457228439597048,5.249572498544403,5.405261100781678
2023-02-02,258.82000732421875,264.69000244140625,257.25,264.6000061035156,39940400,5.535073067037107,5.6606076121160855,5.501497203466219,5.658682968379536
2023-02-03,259.5400085449219,264.20001220703125,257.1000061035156,258.3500061035156,29077300,5.550470869572346,5.650128778669478,5.498289463905302,5.525021714651007
2023-02-06,257.44000244140625,258.29998779296875,254.77999877929688,256.7699890136719,22518000,5.505560557790993,5.523952033035475,5.448674249886991,5.491231784228445
2023-02-07,260.5299987792969,268.7699890136719,260.0799865722656,267.55999755859375,50841400,5.571642603317237,5.747861391387219,5.562018731991646,5.721984755405372
2023-02-08,273.20001220703125,276.760009765625,266.2099914550781,266.7300109863281,54686000,5.842600984038559,5.918734381950901,5.693113794071442,5.704234828073073
2023-02-09,273.79998779296875,273.9800109863281,262.79998779296875,263.6199951171875,42375100,5.855431942282225,5.859281882398165,5.620188135720015,5.63772464884348
2023-02-10,261.5299987792969,264.0899963378906,260.6600036621094,263.1000061035156,25818500,5.593028403913801,5.6477760012295795,5.574422861817645,5.626604267484689
2023-02-13,267.6400146484375,274.6000061035156,267.1499938964844,271.32000732421875,44630900,5.723695984933087,5.872540974345181,5.713216498843639,5.802395574494163
2023-02-14,272.6700134277344,274.9700012207031,269.2799987792969,272.1700134277344,37047900,5.831266535828093,5.880453616143055,5.758768358537176,5.8205736355298106
2023-02-15,268.32000732421875,270.7300109863281,266.17999267578125,269.32000732421875,28922400,5.738238172704469,5.789778030459331,5.692472246159258,5.759623973301034
2023-02-16,264.0199890136719,266.739990234375,261.8999938964844,262.1499938964844,29603600,5.646278838553538,5.704448242281907,5.600941045711676,5.606287495860816
2023-02-17,259.3900146484375,260.0899963378906,256.0,258.05999755859375,30000100,5.54726313001143,5.562232798843321,5.4747649527205136,5.518819649738009
2023-02-21,254.47999572753903,255.4900054931641,251.58999633789065,252.6699981689453,28397400,5.442258444443737,5.463858311891977,5.3804534937725235,5.403550197575383
2023-02-22,254.08999633789065,254.33999633789065,250.33999633789065,251.5099945068359,22491100,5.4339179952639345,5.439264445413076,5.3537212430268175,5.378742590566227
2023-02-23,255.55999755859375,256.8399963378906,250.47999572753903,254.77000427246097,29219100,5.465355148246598,5.492728946904487,5.356715242057478,5.448460509356737
2023-02-24,249.9600067138672,251.0,248.1000061035156,249.22000122070312,24990900,5.3455948606986885,5.367835949737691,5.305817258536221,5.32976925078152
2023-02-27,252.4600067138672,252.82000732421875,249.38999938964844,250.16000366210935,21190000,5.3990593621900995,5.40675826345772,5.333404797724365,5.349871955553716
2023-02-28,249.07000732421875,251.4900054931641,248.72999572753903,249.4199981689453,22491000,5.326561511220603,5.378315109505719,5.319290091013491,5.334046345636549
2023-03-01,250.7599945068359,250.92999267578125,245.7899932861328,246.27000427246097,27565300,5.362703240118803,5.3663387870616495,5.256415785048165,5.2666812042859386
2023-03-02,246.5500030517578,251.3999938964844,245.61000061035156,251.11000061035156,24808200,5.272669202347263,5.376390139447749,5.2525664975750646,5.370188400856169
2023-03-03,252.19000244140625,255.6199951171875,251.38999938964844,255.2899932861328,30760100,5.3932851046590295,5.466638244070964,5.376176398917494,5.459580890715527
2023-03-06,256.42999267578125,260.1199951171875,255.97999572753903,256.8699951171875,24109800,5.483960690342754,5.562874346755504,5.474337145338583,5.49337049481667
2023-03-07,256.29998779296875,257.69000244140625,253.38999938964844,254.1499938964844,21473200,5.481180431842346,5.510907007940134,5.418948000110623,5.4352010910883015
2023-03-08,254.0399932861328,254.5399932861328,250.80999755859375,253.6999969482422,17340200,5.432848639969822,5.443541540268104,5.363772595412916,5.4255775460841305
2023-03-09,255.82000732421875,259.55999755859375,251.5800018310547,252.32000732421875,26653400,5.470915665247413,5.550898350632855,5.380239753242268,5.396065363159438
2023-03-10,251.0800018310547,252.7899932861328,247.6000061035156,248.58999633789065,28333900,5.369546852943986,5.406116389224116,5.295124358237938,5.31629609198283
2023-03-13,247.3999938964844,257.9100036621094,245.72999572753903,253.9199981689453,33339700,5.290846937061491,5.515611910177093,5.255132689223798,5.430282448321089
2023-03-14,256.75,261.07000732421875,255.86000061035156,260.7900085449219,33620300,5.490804303167937,5.583191118379377,5.471770953689851,5.577203120318052
2023-03-15,259.9800109863281,266.4800109863281,259.2099914550781,265.44000244140625,46028000,5.559880674046262,5.698888377923931,5.54341318989549,5.67664696256351
2023-03-16,265.2099914550781,276.55999755859375,263.2799987792969,276.20001220703125,54768800,5.671727993474877,5.914456960774452,5.630453554957789,5.906758385828252
2023-03-17,278.260009765625,283.3299865722656,276.32000732421875,279.42999267578125,69527400,5.950813082845748,6.059238595861771,5.909324577476985,5.975834104063738
2023-03-20,276.9800109863281,277.4800109863281,269.8500061035156,272.2300109863281,43466600,5.923439284187859,5.934132184486141,5.7709584215115,5.821856731354178
2023-03-21,274.8800048828125,275.0,269.5199890136719,273.7799987792969,34558700,5.878528972406506,5.881095164055239,5.763900741834643,5.855004461221716
2023-03-22,273.3999938964844,281.0400085449219,272.17999267578125,272.2900085449219,34873300,5.846877752572167,6.010265582398484,5.820787049738645,5.823139827178545
2023-03-23,277.94000244140625,281.05999755859375,275.20001220703125,277.6600036621094,36610900,5.943969470020566,6.010693063458993,5.885372585231687,5.937981471959241
2023-03-24,277.239990234375,280.6300048828125,275.2799987792969,280.57000732421875,28172000,5.928999148545834,6.001497325836751,5.887083162116563,6.000214230012385
2023-03-27,280.5,281.4599914550781,275.5199890136719,276.3800048828125,26840200,5.998717067336344,6.01924725316905,5.89221554541403,5.910607673301352
2023-03-28,275.7900085449219,276.1400146484375,272.04998779296875,275.2300109863281,21878600,5.89799012926652,5.905475290003886,5.818006791238237,5.886014133143871
2023-03-29,278.9599914550781,281.1400146484375,278.4100036621094,280.510009765625,25087000,5.965782751677639,6.012404292986708,5.954020822406664,5.998931134188018
2023-03-30,284.2300109863281,284.4599914550781,281.4800109863281,284.04998779296875,25053400,6.078486338512952,6.083404654958744,6.019675386872399,6.074636398397011
2023-03-31,283.7300109863281,289.2699890136719,283.0,288.29998779296875,32766000,6.067793438214669,6.186270303616792,6.052181568827755,6.16552605093241
2023-04-03,286.5199890136719,288.2699890136719,283.95001220703125,287.2300109863281,24883300,6.127459351976239,6.164884503020227,6.072498340451627,6.1426437403026455
2023-04-04,287.2300109863281,290.45001220703125,285.6700134277344,287.17999267578125,25824300,6.1426437403026455,6.211506044329297,6.109281943583432,6.141574058687112
2023-04-05,285.8500061035156,287.1499938964844,282.9200134277344,284.3399963378906,22064800,6.113131231056531,6.140932510774929,6.05047099194288,6.080838463310011
2023-04-06,283.2099914550781,292.0799865722656,282.0299987792969,291.6000061035156,29770300,6.056672404213038,6.246364351081711,6.031437316143373,6.2360995844867775
2023-04-10,289.2099914550781,289.6000061035156,284.7099914550781,289.3900146484375,23103000,6.184987207792425,6.193327983293648,6.088751105107884,6.188837147908365
2023-04-11,285.75,285.9800109863281,281.6400146484375,282.8299865722656,27276600,6.110992520468307,6.1159114895569395,6.023097193284991,6.048545695563489
2023-04-12,284.7900085449219,287.010009765625,281.9599914550781,283.489990234375,27403400,6.090462334635601,6.137938838065687,6.029940153467332,6.062660402274362
2023-04-13,283.5899963378906,289.8999938964844,283.1700134277344,289.8399963378906,24222700,6.064799112862587,6.199743462415482,6.05581744209202,6.198460366591115
2023-04-14,287.0,288.4800109863281,283.69000244140625,286.1400146484375,20987900,6.137724771214013,6.1693759910483505,6.066937823450812,6.119333295969531
2023-04-17,289.92999267578125,291.6000061035156,286.1600036621094,288.79998779296875,23836200,6.200385010327665,6.2360995844867775,6.11976077703004,6.176218951230693
2023-04-18,291.57000732421875,291.760009765625,287.010009765625,288.3699951171875,20161800,6.235458036574594,6.239521390899369,6.137938838065687,6.167023213608451
2023-04-19,285.989990234375,289.04998779296875,284.5400085449219,288.45001220703125,17150300,6.1161249037657734,6.181565401379834,6.085115884486459,6.1687344431361675
2023-04-20,285.25,289.0299987792969,285.0799865722656,286.1099853515625,23244400,6.100299620170025,6.181137920319325,6.096663746905759,6.118691095414507
2023-04-21,285.010009765625,286.2699890136719,283.05999755859375,285.760009765625,21676400,6.095167236872558,6.122112901827098,6.053464664652122,6.111206587319982
2023-04-24,282.0899963378906,284.95001220703125,278.7200012207031,281.7699890136719,26611000,6.03272041196774,6.093884141048192,5.960650368380172,6.025876799142558
2023-04-25,279.510009765625,281.6000061035156,275.3699951171875,275.4200134277344,45772200,5.977545333591453,6.0222415785211325,5.8890078058531135,5.890077487468646
2023-04-26,296.70001220703125,299.57000732421875,292.7300109863281,295.3699951171875,64599200,6.345167298057825,6.40654444134711,6.26026564358375,6.316723817784403
2023-04-27,295.9700012207031,305.20001220703125,295.25,304.8299865722656,46462600,6.32955542867091,6.526946603128623,6.31415762613567,6.519033308687908
2023-04-28,304.010009765625,308.92999267578125,303.30999755859375,307.260009765625,36469600,6.501497448207284,6.606715221662391,6.486527126732552,6.5710013001461185
2023-05-01,306.9700012207031,308.6000061035156,305.1499938964844,305.55999755859375,21294100,6.56479923523312,6.5996581946283746,6.52587692151309,6.534645178074823
2023-05-02,307.760009765625,309.17999267578125,303.9100036621094,305.4100036621094,26404400,6.581694200444401,6.6120616718115315,6.499358737619059,6.5314374385139065
2023-05-03,306.6199951171875,308.6099853515625,304.0899963378906,304.3999938964844,22360800,6.557314074495753,6.5998716088372085,6.503208025092159,6.509837571065667
2023-05-04,306.239990234375,307.760009765625,303.3999938964844,305.4100036621094,22519900,6.549187365846205,6.581694200444401,6.488451770469102,6.5314374385139065
2023-05-05,305.7200012207031,311.9700012207031,304.2699890136719,310.6499938964844,28197100,6.538066984487414,6.671728238215942,6.5070573125652595,6.643498824794195
2023-05-08,310.1300048828125,310.20001220703125,306.0899963378906,308.6499938964844,21318600,6.632378443435404,6.633875606111445,6.5459796262852885,6.600727223601067
2023-05-09,308.0,310.0400085449219,306.30999755859375,307.0,21340800,6.586826583741868,6.630453799698854,6.550684528522246,6.565440783145303
2023-05-10,308.6199951171875,313.0,307.6700134277344,312.30999755859375,30078000,6.600085675688883,6.69375558672469,6.579769556707851,6.678999332101633
2023-05-11,310.1000061035156,311.1199951171875,306.260009765625,310.1099853515625,31680200,6.631736895523221,6.6535501771802945,6.549615499549554,6.631950309732055
2023-05-12,310.54998779296875,310.6499938964844,306.6000061035156,308.9700012207031,19774700,6.641360114205971,6.643498824794195,6.556886593435245,6.607570836426248
2023-05-15,309.1000061035156,309.8999938964844,307.5899963378906,309.4599914550781,16336500,6.610351094926656,6.627459474346772,6.578058327180135,6.618049669872856
2023-05-16,309.8299865722656,313.7099914550781,309.8299865722656,311.739990234375,26730300,6.6259623116707305,6.708939322408256,6.6259623116707305,6.6668092691273095
2023-05-17,312.2900085449219,314.42999267578125,310.739990234375,314.0,24315000,6.6785718510411245,6.724337124943496,6.645423468530745,6.715141387321254
2023-05-18,314.5299987792969,319.0400085449219,313.7200012207031,318.5199890136719,27276000,6.72647583553172,6.822926005067935,6.70915338925993,6.811804971066303
2023-05-19,316.739990234375,318.75,316.3699951171875,318.3399963378906,27546700,6.7737382721101325,6.816723940154936,6.765825630312258,6.807955683593203
2023-05-22,318.6000061035156,322.5899963378906,318.010009765625,321.17999267578125,24115700,6.8135162005940195,6.898845336128603,6.800898656559187,6.868691278970306
2023-05-23,320.0299987792969,322.7200012207031,315.25,315.260009765625,30797200,6.844097738812825,6.90162559462901,6.74187363806696,6.742087704918634
2023-05-24,314.7300109863281,316.5,312.6099853515625,313.8500061035156,23384900,6.730753256708169,6.768605888812665,6.685414811223466,6.711933647760338
2023-05-25,323.239990234375,326.8999938964844,320.0,325.9200134277344,43301700,6.912745975987802,6.991018084488369,6.843456190900642,6.970060417595153
2023-05-26,324.0199890136719,333.3999938964844,323.8800048828125,332.8900146484375,36630600,6.929426874347408,7.130025788366038,6.926433201638166,7.119119473858921
2023-05-30,335.2300109863281,335.739990234375,330.5199890136719,331.2099914550781,29503100,7.169162168937741,7.180068483444858,7.0684345782250775,7.0831908328481346
2023-05-31,332.2900085449219,335.94000244140625,327.3299865722656,328.3900146484375,45950600,7.106287862972414,7.184345904621307,7.000213822110609,7.022883371174381
2023-06-01,325.92999267578125,333.5299987792969,324.7200012207031,332.5799865722656,26773900,6.970273831803987,7.132806046866445,6.944397195822139,7.112489275242573
2023-06-02,334.25,337.5,332.54998779296875,335.3999938964844,25873800,7.1482038494016855,7.217707701340521,7.11184772733039,7.172797389559166
2023-06-05,335.2200012207031,338.55999755859375,334.6600036621094,335.94000244140625,21307100,7.168948102086067,7.240376597761451,7.156972105963418,7.184345904621307
2023-06-06,335.3299865722656,335.3699951171875,332.1700134277344,333.67999267578125,20396200,7.171300226883125,7.172155841646983,7.103721671323681,7.1360137864273625
2023-06-07,331.6499938964844,334.489990234375,322.5,323.3800048828125,40717100,7.092600637322049,7.153336232699152,6.896920692392053,6.915740301339884
2023-06-08,323.94000244140625,326.6400146484375,323.3500061035156,325.260009765625,23277700,6.927716297462533,6.985458220130393,6.9150987534277,6.955945710884279
2023-06-09,324.989990234375,329.989990234375,324.4100036621094,326.7900085449219,22529000,6.95017112703179,7.057100130014612,6.937767649848632,6.98866595969131
2023-06-12,328.5799865722656,332.1000061035156,325.1600036621094,331.8500061035156,24260300,7.026946072856315,7.10222450864764,6.953807000296055,7.096878058498499
2023-06-13,334.4700012207031,336.9800109863281,330.3900146484375,334.2900085449219,22951300,7.152908751638644,7.206587319981729,7.06565497236751,7.149059464165544
2023-06-14,334.3399963378906,339.0400085449219,332.80999755859375,337.3399963378906,26003800,7.150128493138236,7.250642016999225,7.117408244331205,7.214285894927929
2023-06-15,337.4800109863281,349.8399963378906,337.20001220703125,348.1000061035156,38899100,7.217280220280012,7.481608402384985,7.211292222218687,7.444397318192672
2023-06-16,351.32000732421875,351.4700012207031,341.95001220703125,342.3299865722656,46552000,7.513259622219324,7.51646736178024,7.312874775052369,7.321000831059077
2023-06-20,339.30999755859375,342.0799865722656,335.8599853515625,338.04998779296875,26375400,7.256415948208875,7.315654380909936,7.182634675093591,7.2294696306114945
2023-06-21,336.3699951171875,337.7300109863281,332.07000732421875,333.55999755859375,25117800,7.193541642243548,7.222626670429153,7.101582960735457,7.133447594778628
2023-06-22,334.1199951171875,340.1199951171875,333.3399963378906,339.7099914550781,23556800,7.145423590901277,7.273738394480665,7.128742692541671,7.264970137918932
2023-06-23,334.3599853515625,337.9599914550781,333.45001220703125,335.0199890136719,23146900,7.150555974198745,7.227544986874944,7.13109546998157,7.164670680909618
2023-06-26,333.7200012207031,336.1099853515625,328.489990234375,328.6000061035156,21520600,7.13686940119122,7.187981125242732,7.025021429119765,7.0273742065596645
2023-06-27,331.8599853515625,336.1499938964844,329.29998779296875,334.57000732421875,24354100,7.097091472707333,7.1888367400065905,7.0423438753915555,7.155047462226868
2023-06-28,334.6600036621094,337.9800109863281,333.80999755859375,335.8500061035156,20259500,7.156972105963418,7.2279731205782936,7.13879404492777,7.182421260884757
2023-06-29,334.7099914550781,336.1099853515625,332.6199951171875,335.04998779296875,16997000,7.15804113493611,7.187981125242732,7.113344890006431,7.165312228821801
2023-06-30,337.75,342.7300109863281,337.20001220703125,340.5400085449219,26832800,7.223054151489661,7.329555673411975,7.211292222218687,7.282720717894072
2023-07-03,339.19000244140625,340.8999938964844,336.57000732421875,337.989990234375,12508700,7.253849756560141,7.290419292840271,7.197819063419997,7.2281865347871275
2023-07-05,335.0899963378906,341.6499938964844,334.7300109863281,338.1499938964844,18172400,7.166167843585659,7.306458643287695,7.158469268639459,7.231608341199719
2023-07-06,337.29998779296875,342.989990234375,335.5,341.2699890136719,28161200,7.213430280164071,7.33511553776995,7.1749361001473915,7.298331934638146
2023-07-07,339.32000732421875,341.7900085449219,337.0,337.2200012207031,21214800,7.25663001506055,7.309452968639778,7.207014801042238,7.211719703279196
2023-07-10,334.6000061035156,335.2300109863281,327.5899963378906,331.8299865722656,32791400,7.155689010139051,7.169162168937741,7.005774339111425,7.09644992479515
2023-07-11,331.05999755859375,332.8599853515625,327.0,332.4700012207031,26698200,7.079983093287217,7.118477273303897,6.993156795076593,7.110137150445515
2023-07-12,336.6000061035156,341.6499938964844,335.6700134277344,337.20001220703125,29995300,7.19846061133218,7.306458643287695,7.178571973411657,7.211292222218687
2023-07-13,339.55999755859375,343.739990234375,339.0199890136719,342.6600036621094,20567200,7.261762398358016,7.351154888217374,7.250213883295876,7.328058510735934
2023-07-14,347.5899963378906,351.42999267578125,344.30999755859375,345.239990234375,28352700,7.433490351042715,7.515611747016382,7.3633449511916975,7.383233589112221
2023-07-17,345.67999267578125,346.989990234375,342.20001220703125,345.7300109863281,20363900,7.392643393586136,7.420658740156209,7.318221225201509,7.393713075201669
2023-07-18,345.8299865722656,366.7799987792969,342.1700134277344,359.489990234375,64738600,7.395851133147053,7.843883916702215,7.317579677289326,7.687981247613265
2023-07-19,361.75,362.4599914550781,352.44000244140625,355.0799865722656,39732900,7.736313365807209,7.7514971014907745,7.5372116144646215,7.593669788665275
2023-07-20,353.57000732421875,357.9700012207031,345.3699951171875,346.8699951171875,33778400,7.561377673561593,7.655475065657909,7.386013847612628,7.418092548507476
2023-07-21,349.1499938964844,350.29998779296875,339.8299865722656,343.7699890136719,69405400,7.466852147761928,7.49144568791941,7.267536329567665,7.351796436129557
2023-07-24,345.8500061035156,346.9200134277344,342.30999755859375,345.1099853515625,26678100,7.396279266850402,7.419162230123008,7.320573349998568,7.380453330611813
2023-07-25,347.1099853515625,351.8900146484375,345.07000732421875,350.9800109863281,41637700,7.423224931804942,7.525449685193647,7.379598368490795,7.505988528333632
2023-07-26,341.44000244140625,344.6700134277344,333.1099853515625,337.7699890136719,58383700,7.301967807902412,7.371044178780737,7.123823723453039,7.22348163255017
2023-07-27,340.4800109863281,341.3299865722656,329.04998779296875,330.7200012207031,39635300,7.2814376220697055,7.299615030462513,7.036997425242414,7.072711999401527
2023-07-28,333.6700134277344,340.010009765625,333.1700134277344,338.3699951171875,28484900,7.135800372218528,7.271386269683606,7.125107471920246,7.236313243436677
2023-07-31,336.9200134277344,337.70001220703125,333.3599853515625,335.9200134277344,25446000,7.205304224157363,7.221985122516969,7.12917017360218,7.183918423560798
2023-08-01,335.19000244140625,338.5400085449219,333.70001220703125,336.3399963378906,18311900,7.168306554173883,7.239949116700942,7.136441920130712,7.192900094331365
2023-08-02,333.6300048828125,333.6300048828125,326.3599853515625,327.5,27761300,7.1349447574546705,7.1349447574546705,6.979469569426228,7.003849695374875
2023-08-03,326.0,329.8800048828125,325.95001220703125,326.6600036621094,18253700,6.971770994480028,7.0547480052175535,6.970701965507336,6.9858857011909015
2023-08-04,331.8800048828125,335.1400146484375,327.239990234375,327.7799987792969,23741500,7.097519606410682,7.167237525201191,6.998289178374059,7.009837693436199
2023-08-07,328.3699951171875,331.1099853515625,327.5199890136719,330.1099853515625,17741500,7.022455237471032,7.081052122259909,7.004277176435384,7.059666321663345
2023-08-08,326.9599914550781,328.75,323.0,326.04998779296875,22327600,6.992301180312735,7.030581946120581,6.907613592690335,6.97284002345272
2023-08-09,326.4700012207031,327.1099853515625,321.04998779296875,322.2300109863281,22373300,6.981822346866127,6.995508919873652,6.865911020469898,6.891146761182402
2023-08-10,326.0199890136719,328.260009765625,321.17999267578125,322.92999267578125,20113700,6.972198475540537,7.020103112673973,6.868691278970306,6.906116430014293
2023-08-11,320.260009765625,322.4100036621094,319.2099914550781,321.010009765625,24355500,6.849016707901457,6.894996048655503,6.82656122568936,6.86505605834888
2023-08-14,321.3900146484375,324.05999755859375,320.0799865722656,324.0400085449219,18836100,6.873182766998429,6.930282489111266,6.845166767785517,6.929855008050757
2023-08-15,323.0,325.0899963378906,320.8999938964844,321.8599853515625,16966300,6.907613592690335,6.952309837620014,6.862703280908981,6.883233466741688
2023-08-16,320.79998779296875,324.4200134277344,319.79998779296875,320.3999938964844,20698900,6.860564570320757,6.937981716700306,6.839178769724192,6.852010380610699
2023-08-17,320.5400085449219,321.8699951171875,316.2099914550781,316.8800048828125,21257200,6.855004705962782,6.883447533593363,6.762403823899667,6.776732597462215
2023-08-18,314.489990234375,318.3800048828125,311.54998779296875,316.4800109863281,24755000,6.725620220767862,6.808811298357061,6.662745914802535,6.768178407752157
2023-08-21,317.92999267578125,322.7699890136719,317.0400085449219,321.8800048828125,24040000,6.799187427031471,6.902694623601702,6.780154403874806,6.883661600445037
2023-08-22,325.5,326.0799865722656,321.4599914550781,322.4599914550781,16084600,6.9610780941817465,6.973481571364903,6.87467927703163,6.896065077628195
2023-08-23,323.82000732421875,329.20001220703125,323.4599914550781,327.0,21166400,6.9251501058138,7.0402058174461715,6.917450878224759,6.993156795076593
2023-08-24,332.8500061035156,332.9800109863281,319.9599914550781,319.9700012207031,23281400,7.118263859095063,7.1210441175954715,6.842600576136784,6.842814642988458
2023-08-25,321.4700012207031,325.3599853515625,318.79998779296875,322.9800109863281,21684100,6.874893343883305,6.958083768829663,6.817792969127628,6.9071861116298265
2023-08-28,325.6600036621094,326.1499938964844,321.7200012207031,323.70001220703125,14808500,6.964499900594338,6.974978734040945,6.880239794032446,6.922583914165067
2023-08-29,321.8800048828125,328.9800109863281,321.8800048828125,328.4100036621094,19284600,6.883661600445037,7.035500915209213,6.883661600445037,7.02331085223489
2023-08-30,328.6700134277344,329.80999755859375,326.45001220703125,328.7900085449219,15222100,7.028871369235706,7.053250842541512,6.981394865805619,7.031437560884439
2023-08-31,329.20001220703125,330.9100036621094,326.7799987792969,327.760009765625,26411000,7.0402058174461715,7.076775353726301,6.9884518928396355,7.009410212375691
2023-09-01,331.30999755859375,331.989990234375,326.7799987792969,328.6600036621094,14942000,7.085329543436359,7.099871731207741,6.9884518928396355,7.028657302384031
2023-09-05,329.0,334.8500061035156,328.6600036621094,333.54998779296875,18553900,7.035928396269722,7.1610354602881925,7.028657302384031,7.133233527926954
2023-09-06,333.3800048828125,334.4599914550781,330.17999267578125,332.8800048828125,17535800,7.129598307305529,7.152694684786969,7.061163484339386,7.118905407007246
2023-09-07,331.2900085449219,333.0799865722656,329.0299987792969,329.9100036621094,18381000,7.08490206237585,7.1231821755408555,7.036569944181905,7.055389553129737
2023-09-08,330.0899963378906,336.1600036621094,329.4599914550781,334.2699890136719,19530100,7.059238840602837,7.189050806858265,7.045765681804146,7.1486313304621945
2023-09-11,337.239990234375,338.4200134277344,335.42999267578125,337.94000244140625,16583300,7.212147184339704,7.237382925052209,7.17343893747135,7.2271175058144355
2023-09-12,335.82000732421875,336.7900085449219,331.4800109863281,331.7699890136719,17565500,7.181779712972574,7.202523965656955,7.088965416700624,7.095166828970783
2023-09-13,331.30999755859375,336.8500061035156,331.1700134277344,336.05999755859375,16544400,7.085329543436359,7.203807061481322,7.082335870727117,7.18691209627004
2023-09-14,339.1499938964844,340.8599853515625,336.57000732421875,338.70001220703125,20267000,7.252994141796283,7.289563678076414,7.197819063419997,7.243370923113534
2023-09-15,336.9200134277344,337.3999938964844,329.6499938964844,330.2200012207031,37679800,7.205304224157363,7.2155689907522955,7.049829036128921,7.062019099103244
2023-09-18,327.79998779296875,330.3999938964844,326.3599853515625,329.05999755859375,16834200,7.010265174496708,7.065868386576344,6.979469569426228,7.037211492094088
2023-09-19,326.1700134277344,329.3900146484375,324.510009765625,328.6499938964844,16505900,6.975406867744295,7.044269171770946,6.939906360436856,7.0284432355323565
2023-09-20,329.510009765625,329.5899963378906,320.510009765625,320.7699890136719,21436500,7.046835363419679,7.048545940304554,6.854363158050599,6.859923022408574
2023-09-21,319.260009765625,325.3500061035156,315.0,319.5299987792969,35560400,6.827630907304893,6.957870354620829,6.736527187917819,6.833404838514542
2023-09-22,321.32000732421875,321.45001220703125,316.1499938964844,317.010009765625,21447900,6.871685604322388,6.874465862822796,6.7611207280753,6.779512855962622
2023-09-25,316.5899963378906,317.6700134277344,315.0,317.5400085449219,17836000,6.770530532549215,6.793627562673496,6.736527187917819,6.790847304173088
2023-09-26,315.1300048828125,315.8800048828125,310.0199890136719,312.1400146484375,26297600,6.739307446418227,6.75534679686565,6.630025665995505,6.675364111480208
2023-09-27,312.29998779296875,314.29998779296875,309.69000244140625,312.7900085449219,19410100,6.678785265249958,6.721556866443088,6.622968638961488,6.689264751339406
2023-09-28,310.989990234375,315.4800109863281,309.45001220703125,313.6400146484375,19683600,6.650769918679886,6.746792607155593,6.617836255664022,6.707442812375055
2023-09-29,317.75,319.4700012207031,314.9800109863281,315.75,24147300,6.795338139558371,6.832121742690176,6.73609970685731,6.752566538365242
2023-10-02,316.2799987792969,321.8900146484375,315.17999267578125,321.79998779296875,20570000,6.763900986575708,6.883875667296712,6.740376475390919,6.8819503709173215
2023-10-03,320.8299865722656,321.3900146484375,311.2099914550781,313.3900146484375,21033500,6.86120611823294,6.873182766998429,6.655474820916844,6.702096362225913
2023-10-04,314.0299987792969,320.0400085449219,314.0,318.9599914550781,20720100,6.715782935233437,6.844311805664499,6.715141387321254,6.821214775540219
2023-10-05,319.0899963378906,319.9800109863281,314.8999938964844,319.3599853515625,16965600,6.823995034040627,6.843028709840133,6.734388477329595,6.829768965250277
2023-10-06,316.54998779296875,329.19000244140625,316.29998779296875,327.260009765625,25673600,6.769674917785357,7.0399917505944964,6.764328467636217,6.998717312077408
2023-10-09,324.75,330.29998779296875,323.17999267578125,329.82000732421875,19891200,6.945038743734322,7.063729675988119,6.911462880163435,7.0534649093931865
2023-10-10,330.9599914550781,331.1000061035156,327.6700134277344,328.3900146484375,20557100,7.077844382698993,7.0808387080510755,7.007485568639141,7.022883371174381
2023-10-11,331.2099914550781,332.82000732421875,329.1400146484375,332.4200134277344,20063200,7.0831908328481346,7.11762231118288,7.038922721621804,7.109068121472823
2023-10-12,330.57000732421875,333.6300048828125,328.7200012207031,331.1600036621094,19313100,7.06950425984061,7.1349447574546705,7.029940398208398,7.0821218038754425
2023-10-13,332.3800048828125,333.8299865722656,326.3599853515625,327.7300109863281,21072400,7.1082125067089645,7.139221525988279,6.979469569426228,7.008768664463507
2023-10-16,331.04998779296875,336.1400146484375,330.6000061035156,332.6400146484375,22158000,7.079769026435543,7.188623325797756,7.070145807752794,7.11377302370978
2023-10-17,329.5899963378906,333.4599914550781,327.4100036621094,332.05999755859375,18338500,7.048545940304554,7.131308884190404,7.001925051638326,7.101368893883782
2023-10-18,332.489990234375,335.5899963378906,328.29998779296875,330.1099853515625,23153600,7.110564631506023,7.176860743883942,7.020958074794991,7.059666321663345
2023-10-19,332.1499938964844,336.8800048828125,330.9100036621094,331.32000732421875,25052100,7.103293537620332,7.204448609393505,7.076775353726301,7.085543610288033
2023-10-20,331.7200012207031,331.9200134277344,325.45001220703125,326.6700134277344,25027700,7.094097799998091,7.09837522117454,6.9600090652090545,6.9860997680425765
2023-10-23,325.4700012207031,332.7300109863281,324.3900146484375,329.32000732421875,24374700,6.9604365462695625,7.11569766744633,6.937340168788123,7.042772009094905
2023-10-24,331.29998779296875,331.8399963378906,327.6000061035156,330.5299987792969,31153600,7.085115476584684,7.096663991646825,7.0059884059631,7.068648645076752
2023-10-25,345.0199890136719,346.20001220703125,337.6199951171875,340.6700134277344,55053800,7.378528686875263,7.403764427587768,7.220273892989254,7.28550097639448
2023-10-26,340.5400085449219,341.6300048828125,326.94000244140625,327.8900146484375,37828500,7.282720717894072,7.306031162227186,6.991873699252226,7.0121904708760985
2023-10-27,330.42999267578125,336.7200012207031,328.3999938964844,329.80999755859375,29856500,7.066509934488527,7.2010268029809135,7.023096785383215,7.053250842541512
2023-10-30,333.4100036621094,339.45001220703125,331.8299865722656,337.30999755859375,22828100,7.130239855217712,7.259410273560957,7.09644992479515,7.213644347015745
2023-10-31,338.8500061035156,339.0,334.69000244140625,338.1099853515625,20265300,7.246578662674451,7.249786402235367,7.157613653875601,7.2307527264358615
2023-11-01,339.7900085449219,347.4200134277344,339.6499938964844,346.07000732421875,28158800,7.266681367446648,7.42985513042129,7.263687042094566,7.4009841690873595
2023-11-02,347.239990234375,348.8299865722656,344.7699890136719,348.32000732421875,24348100,7.426005190305349,7.460008534936747,7.373182236726121,7.44910222042963
2023-11-03,349.6300048828125,354.3900146484375,347.3299865722656,352.79998779296875,23637700,7.477117566999702,7.578914186685058,7.427929834041899,7.544910189410821
2023-11-06,353.45001220703125,357.5400085449219,353.3500061035156,356.5299987792969,23828300,7.55881148191286,7.646279328035669,7.556672771324636,7.624679460587429
2023-11-07,359.3999938964844,362.4599914550781,357.6300048828125,360.5299987792969,25833900,7.686056603876715,7.7514971014907745,7.648203971772218,7.710222662973687
2023-11-08,361.6799926757813,363.8699951171875,360.5499877929687,363.2000122070313,26767800,7.734816203131169,7.781651158649072,7.710650144034195,7.767323037729366
2023-11-09,362.2999877929687,364.7900085449219,360.3599853515625,360.69000244140625,24847300,7.748075295078182,7.801326382360761,7.706586789709421,7.713644469386279
2023-11-10,361.489990234375,370.1000061035156,361.0700073242187,369.6700134277344,28042100,7.730752848806394,7.914884931317091,7.7217711780358265,7.90568919369485
2023-11-13,368.2200012207031,368.4700012207031,365.8999938964844,366.6799926757813,19986500,7.874679521772696,7.880025971921836,7.825064307754384,7.841745206113992
2023-11-14,371.010009765625,371.9500122070313,367.3500061035156,370.2699890136719,27683900,7.934346088177105,7.954448792949305,7.856073979676538,7.918520151938517
2023-11-15,371.2799987792969,373.1300048828125,367.1099853515625,369.6700134277344,26860100,7.940120019386756,7.979683881018968,7.850940943736232,7.90568919369485
2023-11-16,370.9599914550781,376.3500061035156,370.1799926757813,376.1700134277344,27182300,7.933276406561573,8.04854618504562,7.916595508201968,8.04469689757252
2023-11-17,373.6099853515625,374.3699951171875,367.0,369.8500061035156,40157000,7.989948647613901,8.006202064913,7.848588818939173,7.90953848116795
2023-11-20,371.2200012207031,378.8699951171875,371.0,377.44000244140625,52465100,7.938836923562389,8.102438167597539,7.934132021325431,8.071856629378734
2023-11-21,375.6700134277344,376.2200012207031,371.1199951171875,373.0700073242187,28423100,8.034003997274237,8.045765926545211,7.936698212974164,7.9784007851946
2023-11-22,378.0,379.7900085449219,374.9700012207031,377.8500061035156,23345300,8.083832625501383,8.12211339130923,8.019033675799506,8.080624885940466
2023-11-24,377.3299865722656,377.9700012207031,375.1400146484375,377.4299926757813,10176600,8.069503851938835,8.0831910775892,8.022669549063771,8.07164256252706
2023-11-27,376.7799987792969,380.6400146484375,376.2000122070313,378.6099853515625,22179200,8.05774192266786,8.140291452344876,8.045338445484704,8.096877650596724
2023-11-28,378.3500061035156,383.0,378.1600036621094,382.7000122070313,20453100,8.091317786238749,8.190761628484205,8.087254431913975,8.184346149362373
2023-11-29,383.760009765625,384.2999877929687,377.44000244140625,378.8500061035156,28963400,8.207015045783303,8.218562908202601,8.071856629378734,8.10201068653703
2023-11-30,378.489990234375,380.0899963378906,375.4700012207031,378.9100036621094,30554400,8.09431145894799,8.128528870431062,8.029726576097788,8.103293782361398
2023-12-01,376.760009765625,378.1600036621094,371.30999755859375,374.510009765625,33040500,8.057314441607351,8.087254431913975,7.940761567298939,8.009196390265082
2023-12-04,369.1000061035156,369.5199890136719,362.8999938964844,369.1400146484375,32063300,7.893499130720527,7.902480801491093,7.76090690596469,7.894354745484384
2023-12-05,366.4500122070313,373.0799865722656,365.6199951171875,372.5199890136719,23065000,7.8368268896682,7.978614199403435,7.81907630969306,7.9666382032807865
2023-12-06,373.5400085449219,374.1799926757813,368.0299987792969,368.7999877929687,21182100,7.9884521375807,8.002138710588225,7.870616167447921,7.887082998955852
2023-12-07,368.2300109863281,371.4500122070313,366.3200073242187,370.9500122070313,23118900,7.87489358862437,7.943755892651023,7.83404663116779,7.93306299235274
2023-12-08,369.2000122070313,374.4599914550781,368.2300109863281,374.2300109863281,20154400,7.895637841308752,8.008126708649549,7.87489358862437,8.003208392203756
2023-12-11,368.4800109863281,371.6000061035156,366.1000061035156,371.2999877929687,27708800,7.880240038773511,7.946963632211938,7.829341728930833,7.940547500447263
2023-12-12,370.8500061035156,374.4200134277344,370.4599914550781,374.3800048828125,24838300,7.930924281764515,8.00727174652853,7.922583506263291,8.006416131764674
2023-12-13,376.0199890136719,377.6400146484375,370.7699890136719,374.3699951171875,30955500,8.041488505368763,8.076134050555183,7.929213052236799,8.006202064913
2023-12-14,373.30999755859375,373.760009765625,364.1300048828125,365.9299926757813,43277500,7.983533168492068,7.993157039817658,7.787211675649887,7.825705855666569
2023-12-15,366.8500061035156,372.3999938964844,366.2799987792969,370.7300109863281,78502300,7.845381079378257,7.964072011632053,7.833191016403933,7.928358090115781
2023-12-18,369.4500122070313,373.0,368.6799926757813,372.6499938964844,21802900,7.900984291457894,7.97690362251856,7.884516807307121,7.969418461781195
2023-12-19,371.489990234375,373.260009765625,369.8399963378906,373.260009765625,20603700,7.944610854772039,7.982464139519376,7.909324414316275,7.982464139519376
2023-12-20,375.0,376.0299987792969,370.5299987792969,370.6199951171875,26316700,8.019675223711689,8.041702572220437,7.924080668939332,7.9260053126758825
2023-12-21,372.55999755859375,374.4100036621094,370.0400085449219,373.5400085449219,17708000,7.967493818044645,8.007057679676857,7.913601835492725,7.9884521375807
2023-12-22,373.6799926757813,375.1799926757813,372.7099914550781,374.5799865722656,17107500,7.991445810289943,8.02352451118479,7.970701557605561,8.010692900298283
2023-12-26,375.0,376.94000244140625,373.5,374.6600036621094,12673100,8.019675223711689,8.061163729080452,7.987596522816842,8.012404129825999
2023-12-27,373.69000244140625,375.05999755859375,372.80999755859375,374.0700073242187,14905400,7.9916598771416165,8.020958319536057,7.972840268193786,7.999786585791164
2023-12-28,375.3699951171875,376.4599914550781,374.1600036621094,375.2799987792969,14327000,8.027587865509563,8.050898309842678,8.001711229527716,8.025663221773014
2023-12-29,376.0,377.1600036621094,373.4800109863281,376.0400085449219,18730800,8.041061024308254,8.065868631317409,7.987169041756333,8.041916639072111
2024-01-02,373.8599853515625,375.8999938964844,366.7699890136719,370.8699951171875,25258600,7.995295097763043,8.038922313720029,7.84366984985054,7.931351762825023
2024-01-03,369.010009765625,373.260009765625,368.510009765625,370.6000061035156,23083500,7.891574486983977,7.982464139519376,7.880881586685694,7.9255778316153735
2024-01-04,370.6700134277344,373.1000061035156,367.1700134277344,367.94000244140625,20901500,7.927074994291415,7.979042333106785,7.852224692203439,7.868691523711371
2024-01-05,368.9700012207031,372.05999755859375,366.5,367.75,21004600,7.890718872220119,7.956800917746362,7.837895918640891,7.864628169386597
2024-01-08,369.2999877929687,375.2000122070313,369.010009765625,374.69000244140625,23134000,7.8977758992541345,8.023952644888139,7.891574486983977,8.013045677738182
2024-01-09,372.010009765625,375.989990234375,371.19000244140625,375.7900085449219,20830000,7.95573188877367,8.040846957456578,7.9381953756502055,8.03657018892297
2024-01-10,376.3699951171875,384.1700134277344,376.3200073242187,382.7699890136719,25514200,8.048973666106129,8.215783302345036,8.047904637133435,8.185842659395572
2024-01-11,386.0,390.6799926757813,380.3800048828125,384.6300048828125,27850800,8.254919030273898,8.35500442043154,8.134730935344061,8.22562058787946
2024-01-12,385.489990234375,388.6799926757813,384.6499938964844,388.4700012207031,21661200,8.244012063123941,8.31223281923841,8.226048068939969,8.307741983853127
2024-01-16,393.6600036621094,394.0299987792969,387.6199951171875,390.2699890136719,27202300,8.418734341160723,8.426646982958598,8.289563922817479,8.346236163869806
2024-01-17,387.9800109863281,390.1099853515625,384.80999755859375,389.4700012207031,22234100,8.297263150406518,8.342814357457215,8.22946987535256,8.32912778444969
2024-01-18,391.7200012207031,393.989990234375,390.1199951171875,393.8699951171875,23392100,8.377245835791962,8.42579136819474,8.34302842430889,8.423225176546007
2024-01-19,395.760009765625,398.6700134277344,393.5,398.6700134277344,29331100,8.463644652942078,8.525877410995221,8.415312534748132,8.525877410995221
2024-01-22,400.0199890136719,400.6199951171875,393.5899963378906,396.510009765625,27016900,8.554747719686311,8.567579330572817,8.417237178484683,8.479684003389501
2024-01-23,395.75,399.3800048828125,393.9299926757813,398.8999938964844,20525900,8.463430586090402,8.541061146678786,8.424508272370375,8.530795727441014
2024-01-24,401.5400085449219,405.6300048828125,400.4500122070313,402.55999755859375,24867000,8.587254554284506,8.674722400407314,8.563944109951393,8.60906783594158
2024-01-25,404.3200073242187,407.010009765625,402.5299987792969,404.8699951171875,21021200,8.646707053837241,8.704234909653428,8.608426288029396,8.658468983108216
2024-01-26,404.3699951171875,406.1700134277344,402.4299926757813,403.9299926757813,17803300,8.647776082809933,8.686270915469455,8.606287577441172,8.63836627833602
2024-01-29,406.05999755859375,409.9800109863281,404.3299865722656,409.7200012207031,24510200,8.683918138029556,8.767750763530938,8.646920468046076,8.762190246530123
2024-01-30,412.260009765625,413.0499877929687,406.4500122070313,408.5899963378906,33477600,8.816510362785392,8.833404675353831,8.69225891353078,8.73802418743315
2024-01-31,406.9599914550781,415.3200073242187,397.2099914550781,397.5799865722656,47871100,8.703165228037895,8.881950860399451,8.494653672221391,8.502566314019266
2024-02-01,401.8299865722656,408.0,401.7999877929687,403.7799987792969,30657700,8.593455966554664,8.725406643398317,8.592814418642481,8.635158538775102
2024-02-02,403.80999755859375,412.6499938964844,403.55999755859375,411.2200012207031,28256700,8.635800086687285,8.824850485643775,8.630453636538144,8.79426894742497
2024-02-05,409.8999938964844,411.1600036621094,403.989990234375,405.6499938964844,25352300,8.766039534003223,8.792985851600603,8.639649374160385,8.675149881467823
2024-02-06,405.8800048828125,407.9700012207031,402.9100036621094,405.489990234375,18382600,8.680068850556456,8.724765095486134,8.616552996678946,8.671728075055231
2024-02-07,407.44000244140625,414.2999877929687,407.3999938964844,414.0499877929687,22340500,8.713430647275668,8.860136926099537,8.712575032511811,8.854790475950395
2024-02-08,414.0499877929687,415.55999755859375,412.5299987792969,414.1099853515625,21225300,8.854790475950395,8.887083243696917,8.822284293995041,8.856073571774763
2024-02-09,415.25,420.8200073242187,415.0899963378906,420.5499877929687,22032800,8.88045369772341,8.999572763680556,8.87703189131082,8.993798179828065
2024-02-12,420.55999755859375,420.739990234375,414.75,415.260009765625,21202900,8.994012246679741,8.997861534152841,8.869760797425128,8.880667764575085
2024-02-13,404.94000244140625,410.0700073242187,403.3900146484375,406.3200073242187,27824900,8.659966145784258,8.769675407267487,8.626818415916718,8.68947865503037
2024-02-14,408.0700073242187,409.8399963378906,404.5700073242187,409.489990234375,20401200,8.726903806074358,8.764756438178855,8.652053503986382,8.75727127744149
2024-02-15,408.1400146484375,409.1300048828125,404.2900085449219,406.55999755859375,21825500,8.7284009687504,8.749572702495291,8.646065505925058,8.694611038327837
2024-02-16,407.9599914550781,408.2900085449219,403.44000244140625,404.05999755859375,22296500,8.72455102863446,8.731608708311317,8.62788744488941,8.641146536836427
2024-02-20,403.239990234375,404.489990234375,398.010009765625,402.7900085449219,24307900,8.623610023712962,8.650342274458668,8.511762704284347,8.613986805030212
2024-02-21,400.1700134277344,402.2900085449219,397.2200012207031,402.1799926757813,18518900,8.557956111890068,8.60329390473193,8.494867739073067,8.600941127292032
2024-02-22,410.19000244140625,412.8299865722656,408.5700073242187,411.6499938964844,27009900,8.77224159891622,8.828699773116874,8.73759670637264,8.80346468504721
2024-02-23,415.6700134277344,415.8599853515625,408.9700012207031,410.3399963378906,16295900,8.889436021136817,8.893498722818752,8.7461508960827,8.775449338477138
2024-02-26,411.4599914550781,412.1600036621094,407.3599853515625,407.5400085449219,16193500,8.799401330722436,8.814371652197167,8.711719417747952,8.715569357863894
2024-02-27,407.989990234375,408.3200073242187,403.8500061035156,407.4800109863281,14835800,8.725192576546643,8.7322502562235,8.636655701451144,8.714286262039527
2024-02-28,408.1799926757813,409.2999877929687,405.3200073242187,407.7200012207031,13183100,8.72925593087142,8.753207923116713,8.668092854433805,8.719418645336994
2024-02-29,408.6400146484375,414.2000122070313,405.9200134277344,413.6400146484375,31947300,8.739093869048682,8.857998868154155,8.680924465320313,8.846022872031504
2024-03-01,411.2699890136719,415.8699951171875,410.8800048828125,415.5,17823400,8.795337976397661,8.893712789670426,8.786997853539278,8.885800147872551
2024-03-04,413.44000244140625,417.3500061035156,412.3200073242187,414.9200134277344,17596000,8.841745450855056,8.925364009504763,8.817793458609756,8.873396670689393
2024-03-05,413.9599914550781,414.25,400.6400146484375,402.6499938964844,26919200,8.852865832213848,8.859067897126845,8.568007464276166,8.61099247967813
2024-03-06,402.9700012207031,405.1600036621094,398.3900146484375,402.0899963378906,22344100,8.617836092503312,8.664671048021216,8.519889412933896,8.59901648355548
2024-03-07,406.1199951171875,409.7799987792969,402.239990234375,409.1400146484375,18718500,8.685201233853922,8.763473342354489,8.602224223116398,8.749786769346965
2024-03-08,407.9599914550781,410.4200134277344,404.3299865722656,406.2200012207031,18002200,8.72455102863446,8.777160568004854,8.646920468046076,8.687339944442147
2024-03-11,403.760009765625,405.6799926757813,401.260009765625,404.5199890136719,16120800,8.634731057714593,8.675791429380007,8.581266556223182,8.65098382237085
2024-03-12,407.6199951171875,415.5700073242187,406.7900085449219,415.2799987792969,22457000,8.717279934748769,8.887297310548592,8.69953000741647,8.881095245635594
2024-03-13,418.1000061035156,418.1799926757813,411.4500122070313,415.1000061035156,17115900,8.941403359952188,8.943113936837063,8.799187916513603,8.877245958162494
2024-03-14,420.239990234375,427.8200073242187,417.989990234375,425.2200012207031,34157300,8.987168633854559,9.149273367856507,8.939050582512289,9.093670155776872
2024-03-15,419.2900085449219,422.6000061035156,412.7900085449219,416.4200134277344,45079900,8.966852514873526,9.037639462636728,8.827844810995858,8.90547537158424
2024-03-18,414.25,420.7300109863281,413.7799987792969,417.3200073242187,20106000,8.859067897126845,8.997648119944007,8.849016544740747,8.92472246159258
2024-03-19,417.8299865722656,421.6700134277344,415.5499877929687,421.4100036621094,19837900,8.935628776099698,9.017750824716204,8.886869176845243,9.01219030771539
2024-03-20,422.0,425.9599914550781,420.6600036621094,425.2300109863281,17860100,9.024807851750221,9.10949543937262,8.996150957267965,9.093884222628546
2024-03-21,429.8299865722656,430.8200073242187,427.1600036621094,429.3699951171875,21296200,9.192258383258471,9.2134307696462,9.135158661145635,9.182421097724047
2024-03-22,429.7000122070313,429.8599853515625,426.0700073242187,428.739990234375,17648500,9.189478777400906,9.192899931170654,9.111848216812518,9.168947938925356
2024-03-25,425.239990234375,427.4100036621094,421.6099853515625,422.8599853515625,18060500,9.09409763683738,9.140505111294775,9.016467076248997,9.043199326994703
2024-03-26,425.6099853515625,425.989990234375,421.3500061035156,421.6499938964844,16725600,9.102010278635255,9.110136987284804,9.010907211891022,9.017322691012856
2024-03-27,424.44000244140625,424.4500122070313,419.010009765625,421.4299926757813,16705000,9.076989257417265,9.077203324268941,8.960864516812203,9.012617788775898
2024-03-28,420.9599914550781,421.8699951171875,419.1199951171875,420.7200012207031,21871200,9.002566436389799,9.022027593249813,8.963216641609261,8.997434053092332
2024-04-01,423.9500122070313,427.8900146484375,422.2200012207031,424.5700073242187,16316000,9.066510423970659,9.150770530532549,9.029512753987179,9.079769515917672
2024-04-02,420.1099853515625,422.3800048828125,417.8399963378906,421.44000244140625,17912000,8.98438837535415,9.03293456039977,8.935842842951372,9.012831855627573
2024-04-03,419.7300109863281,423.260009765625,419.0899963378906,420.4500122070313,16502300,8.976262319347441,9.051754169347602,8.962575093697078,8.991660121882683
2024-04-04,424.989990234375,428.6700134277344,417.5700073242187,417.8800048828125,19370900,9.08875118668824,9.167451428892155,8.93006891174172,8.936698457715229
2024-04-05,420.010009765625,426.510009765625,418.3200073242187,425.5199890136719,16554800,8.982250317408766,9.121258021286435,8.946108262189144,9.100085634898706
2024-04-08,425.1700134277344,427.2799987792969,423.2999877929687,424.5899963378906,14272400,9.09260112680418,9.137724852794367,9.052609131468618,9.080196996978183
2024-04-09,426.44000244140625,427.739990234375,421.6199951171875,426.2799987792969,12496900,9.119760858610395,9.147562138328793,9.016681143100671,9.116339052197803
2024-04-10,422.19000244140625,424.0299987792969,419.7000122070313,423.260009765625,16216600,9.028871206074996,9.068221000855534,8.97562077143526,9.051754169347602
2024-04-11,425.8200073242187,429.3699951171875,422.3599853515625,427.9299926757813,17966400,9.106501766663378,9.182421097724047,9.03250642669642,9.151625492653569
2024-04-12,424.0499877929687,425.1799926757813,419.7699890136719,421.8999938964844,19253800,9.068648481916041,9.092814541013016,8.977117281468459,9.022669141161996
2024-04-15,426.6000061035156,426.8200073242187,413.4299926757813,413.6400146484375,20273500,9.123182665022986,9.127887567259942,8.841531384003382,8.846022872031504
2024-04-16,414.5700073242187,418.3999938964844,413.7300109863281,414.5799865722656,16765600,8.865911509952028,8.94781883907402,8.847947515768055,8.866124924160863
2024-04-17,417.25,418.8800048828125,410.3299865722656,411.8399963378906,15855500,8.92322529891654,8.958084258311795,8.775235271625464,8.807528039371984
2024-04-18,410.6300048828125,411.8900146484375,403.9500122070313,404.2699890136719,21029900,8.781651403390137,8.808597720987517,8.638794412039369,8.64563737222171
2024-04-19,404.0299987792969,405.4800109863281,397.7699890136719,399.1199951171875,30565800,8.640504988924244,8.671514660846398,8.50662966834404,8.535500629677971
2024-04-22,400.0799865722656,402.8500061035156,395.75,400.9599914550781,20286900,8.556030815510677,8.615269900854578,8.463430586090402,8.574850424458509
2024-04-23,404.239990234375,408.2000122070313,403.05999755859375,407.5700073242187,15734500,8.644995824309527,8.729684064574768,8.619760736239861,8.716210905776075
2024-04-24,409.55999755859375,412.4700012207031,406.7799987792969,409.05999755859375,15065300,8.758768440117532,8.821001198170675,8.699315940564796,8.748075539819249
2024-04-25,394.0299987792969,399.8900146484375,388.0299987792969,399.0400085449219,40586500,8.426646982958598,8.551968113828742,8.29833217937921,8.533790052793096
2024-04-26,412.1700134277344,413.0,405.760009765625,406.3200073242187,29694700,8.814585719048841,8.832335646381141,8.677502658907722,8.68947865503037
2024-04-29,405.25,406.3200073242187,399.19000244140625,402.25,19582100,8.666595691757765,8.68947865503037,8.536997792354011,8.602438289968072
2024-04-30,401.489990234375,402.1600036621094,389.1700134277344,389.3299865722656,28781400,8.586184872668975,8.600513646231523,8.322712305327858,8.326133459097608
2024-05-01,392.6099853515625,401.7200012207031,390.30999755859375,394.94000244140625,23562500,8.396278858948627,8.591103841757606,8.347091778633665,8.446108139818612
2024-05-02,397.6600036621094,399.9299926757813,394.6499938964844,397.8399963378906,17709400,8.504277543546982,8.552823075949762,8.439906074905613,8.508126831020082
2024-05-03,402.2799987792969,407.1499938964844,401.8599853515625,406.6600036621094,17446700,8.603079837880255,8.70722858236267,8.594097514466847,8.696749748916062
2024-05-06,408.760009765625,413.9299926757813,406.3699951171875,413.5400085449219,16996600,8.741660060697416,8.852224284301665,8.690547684003063,8.843884161443281
2024-05-07,414.6600036621094,414.6700134277344,409.0899963378906,409.3399963378906,20018200,8.867836153688579,8.868050220540253,8.748717087731432,8.754063537880574
2024-05-08,408.1700134277344,412.2300109863281,406.7099914550781,410.5400085449219,11792300,8.729042516662583,8.815868814873209,8.697818777888754,8.779726759653586
2024-05-09,410.5700073242187,412.7200012207031,409.1000061035156,412.3200073242187,14689700,8.78036830756577,8.826347648319816,8.748931154583106,8.817793458609756
2024-05-10,412.94000244140625,415.3800048828125,411.7999877929687,414.739990234375,13402300,8.831052550556773,8.883233956223819,8.806672424608125,8.869546730573454
2024-05-13,418.010009765625,418.3500061035156,410.8200073242187,413.7200012207031,15440200,8.939478716215637,8.946749810101329,8.78571475771491,8.847733448916381
2024-05-14,412.0199890136719,417.489990234375,411.5499877929687,416.55999755859375,15109300,8.811377326845085,8.928357682214006,8.801325974458985,8.908469044293483
2024-05-15,417.8999938964844,423.80999755859375,417.2699890136719,423.0799865722656,22239500,8.937125938775738,9.063516098618575,8.923652779977049,9.04790422923166
2024-05-16,421.7999877929687,425.4200134277344,420.3500061035156,420.989990234375,17530100,9.020530430573771,9.097947576953322,8.989521411294458,9.003207984301982
2024-05-17,422.5400085449219,422.9200134277344,418.0299987792969,420.2099914550781,15352200,9.036356366812361,9.04448307546191,8.939906197276146,8.986527085942376
2024-05-20,420.2099914550781,426.7699890136719,419.989990234375,425.3399963378906,16272100,8.986527085942376,9.12681788564441,8.981822183705416,9.096236347425606
2024-05-21,426.8299865722656,432.9700012207031,424.8500061035156,429.0400085449219,21453300,9.128100981468778,9.259410110400248,9.085757513978997,9.17536407069003
2024-05-22,430.0899963378906,432.4100036621094,427.1300048828125,430.5199890136719,18073700,9.197818900259287,9.247434114277599,9.134517113233452,9.207014637881528
2024-05-23,432.9700012207031,433.6000061035156,425.4200134277344,427.0,17211700,9.259410110400248,9.272883269198937,9.097947576953322,9.131736854733044
2024-05-24,427.19000244140625,431.05999755859375,424.4100036621094,430.1600036621094,11855300,9.135800209057818,9.218563152943668,9.076347709505082,9.199316062935328
2024-05-28,429.6300048828125,430.8200073242187,426.6000061035156,430.3200073242187,15718000,9.187981614724862,9.2134307696462,9.123182665022986,9.202737869347917
2024-05-29,425.69000244140625,430.94000244140625,425.69000244140625,429.1700134277344,15517100,9.103721508162971,9.215996961294934,9.103721508162971,9.178144329190438
2024-05-30,424.2999877929687,424.2999877929687,414.239990234375,414.6700134277344,28394500,9.073994932065181,9.073994932065181,8.858853830275171,8.868050220540253
2024-05-31,416.75,416.75,404.510009765625,415.1300048828125,47995300,8.912532398618257,8.912532398618257,8.650770408162016,8.877887506074677
2024-06-03,415.5299987792969,416.4299926757813,408.9200134277344,413.5199890136719,17484700,8.886441695784734,8.905688785793076,8.745081867110008,8.843456027739931
2024-06-04,412.4299926757813,416.44000244140625,409.6799926757813,416.0700073242187,14348900,8.820145583406818,8.905902852644749,8.761334631766266,8.897990210846874
2024-06-05,417.80999755859375,424.0799865722656,416.2999877929687,424.010009765625,16988000,8.935201295039189,9.069290029828226,8.902908527292666,9.067793519795025
2024-06-06,424.010009765625,425.30999755859375,420.5799865722656,424.5199890136719,14861300,9.067793519795025,9.095594799513423,8.99443972774025,9.07869983430214
2024-06-07,426.2000122070313,426.2799987792969,423.0,423.8500061035156,13621700,9.114628475312928,9.116339052197803,9.046193652346785,9.064371713382434
2024-06-10,424.7000122070313,428.0799865722656,423.8900146484375,427.8699951171875,13982900,9.082549774418082,9.154833232214484,9.06522732814629,9.1503423968292
2024-06-11,425.4800109863281,432.8200073242187,425.25,432.6799926757813,14551100,9.099230672777688,9.256202370839329,9.094311703689055,9.253208045487249
2024-06-12,435.3200073242187,443.3999938964844,433.25,441.05999755859375,22366200,9.309666872330741,9.482463853988133,9.265398108461572,9.432421158909314
2024-06-13,440.8500061035156,443.3900146484375,439.3699951171875,441.5799865722656,15960600,9.42793032352403,9.4822504397793,9.396279103689691,9.443541540268104
2024-06-14,438.2799987792969,443.1400146484375,436.7200012207031,442.5700073242187,13582000,9.372968659356577,9.476903989630157,9.339606862637364,9.464713926655833
2024-06-17,442.5899963378906,450.94000244140625,440.7200012207031,448.3699951171875,20790000,9.465141407716343,9.643712973226226,9.425150065023622,9.588751309058772
2024-06-18,449.7099914550781,450.1400146484375,444.8900146484375,446.3399963378906,17112500,9.617408203541029,9.626604593806109,9.514329140674146,9.54533815995346
2024-06-20,446.2999877929687,446.5299987792969,441.2699890136719,445.7000122070313,19877400,9.5444825451896,9.549401514278234,9.436911994294597,9.531651586945937
2024-06-21,447.3800048828125,450.5799865722656,446.510009765625,449.7799987792969,34187100,9.567579575313882,9.636013745637184,9.548974033217727,9.618905366217069
2024-06-24,449.7999877929687,452.75,446.4100036621094,447.6700134277344,15913700,9.619332847277576,9.682421220094579,9.546835322629502,9.573781640226882
2024-06-25,448.25,451.4200134277344,446.75,450.9500122070313,16413400,9.58618511741004,9.653978392463998,9.554106416515193,9.6439270400779
2024-06-26,449.0,453.6000061035156,448.19000244140625,452.1600036621094,16507000,9.602224467857463,9.700599281130227,9.584902021585673,9.669803676059747
2024-06-27,452.1799926757813,456.1700134277344,451.7699890136719,452.8500061035156,14806300,9.670231157120257,9.75556094529768,9.661462900558524,9.684559930682804
2024-06-28,453.0700073242187,455.3800048828125,446.4100036621094,446.9500122070313,28362300,9.689264832919761,9.738665980086399,9.546835322629502,9.558383837691643
2024-07-01,448.6600036621094,457.3699951171875,445.6600036621094,456.7300109863281,17662800,9.594953373971771,9.781223514427852,9.530795972182078,9.767536941420328
2024-07-02,453.2000122070313,459.5899963378906,453.1099853515625,459.2799987792969,13979800,9.692045091420171,9.82870001785794,9.69011979504078,9.822070471884432
2024-07-03,458.19000244140625,461.0199890136719,457.8800048828125,460.7699890136719,9932800,9.798760027551317,9.859281556076745,9.792130481577809,9.853935105927604
2024-07-05,459.6099853515625,468.3500061035156,458.9700012207031,467.55999755859375,16000300,9.829127498918448,10.016039839929554,9.815440925910924,9.999144874718272
2024-07-08,466.5499877929687,467.7000122070313,464.4599914550781,466.239990234375,12962300,9.977545007270033,10.002139200070356,9.932848762340354,9.970915461296526
2024-07-09,467.0,467.3299865722656,458.0,459.5400085449219,17207200,9.987168878595623,9.99422590562964,9.794696673226543,9.827630988885248
2024-07-10,461.2200012207031,466.4599914550781,458.8599853515625,466.25,18196100,9.863558977253195,9.975620363533483,9.813088148471024,9.9711295281482
2024-07-11,462.9800109863281,464.7799987792969,451.5499877929687,454.7000122070313,23111200,9.901198195148856,9.939692375165537,9.656757998321565,9.724123792315018
2024-07-12,454.3299865722656,456.3599853515625,450.6499938964844,453.5499877929687,16324300,9.716210497874302,9.759623646979614,9.637510908313226,9.699529599514694
2024-07-15,453.2999877929687,457.260009765625,451.4299926757813,453.9599914550781,14429400,9.694183149365552,9.778871389630794,9.654191806672834,9.708297856076427
2024-07-16,454.2200012207031,454.2999877929687,446.6600036621094,449.5199890136719,17175700,9.713858373077242,9.715568949962117,9.552181772778642,9.613344849216254
2024-07-17,442.5899963378906,444.8500061035156,439.1799926757813,443.5199890136719,21778000,9.465141407716343,9.513473525910287,9.392215749364919,9.485030045636867
2024-07-18,444.3399963378906,444.6499938964844,434.3999938964844,440.3699951171875,20794800,9.50256655876033,9.509196104733839,9.289991648619052,9.417664904286257
2024-07-19,433.1000061035156,441.1400146484375,432.0,437.1099853515625,20940400,9.262190368900654,9.434132388437028,9.238665857715866,9.347946985495748
2024-07-22,441.7900085449219,444.6000061035156,438.9100036621094,442.94000244140625,15808800,9.448033028296228,9.508127075761147,9.386441818155268,9.472626568453709
2024-07-23,443.8999938964844,448.3900146484375,443.1000061035156,444.8500061035156,13107100,9.493156754286415,9.589179442762122,9.4760483748663,9.513473525910287
2024-07-24,440.4500122070313,441.4800109863281,427.5899963378906,428.8999938964844,26805800,9.419376133813973,9.44140348232272,9.144354398767875,9.172369745337948
2024-07-25,428.7999877929687,429.7999877929687,417.510009765625,418.3999938964844,29943800,9.170231034749722,9.191616835346286,8.928785815917355,8.94781883907402
2024-07-26,418.2000122070313,428.9200134277344,417.2699890136719,425.2699890136719,23583800,8.943542070540413,9.172797879041298,8.923652779977049,9.094739184749564
2024-07-29,431.5799865722656,432.1499938964844,424.7000122070313,426.7300109863281,15125800,9.22968353430246,9.241873597276783,9.082549774418082,9.125962923523394
2024-07-30,427.7200012207031,429.0499877929687,417.3599853515625,422.9200134277344,32687600,9.147134657268284,9.175577484898863,8.925577423713598,9.04448307546191
2024-07-31,420.5,421.7799987792969,412.2099914550781,418.3500061035156,42891400,8.992729150855373,9.020102949513262,8.815440681169859,8.946749810101329
2024-08-01,420.7900085449219,427.4599914550781,413.0899963378906,417.1099853515625,30296400,8.998931215768373,9.141574140267467,8.83426029011769,8.920230973564458
2024-08-02,412.489990234375,415.0,404.3399963378906,408.489990234375,29437900,8.821428679231184,8.875107247574268,8.64713453489775,8.735885476844926
2024-08-05,389.1700134277344,401.0400085449219,385.5799865722656,395.1499938964844,40709200,8.322712305327858,8.576561653986225,8.245936706860492,8.450598975203896
2024-08-06,400.0,405.6700134277344,398.5,399.6099853515625,24946500,8.554320238625802,8.675578015171173,8.522241537730954,8.545979463124578
2024-08-07,408.6400146484375,410.0799865722656,397.4700012207031,398.4299926757813,20650900,8.739093869048682,8.769888821476322,8.500214189222207,8.520744375054916
2024-08-08,402.44000244140625,405.8599853515625,399.94000244140625,402.69000244140625,20203000,8.606501644292846,8.679640716853106,8.553037142801434,8.611848094441987
2024-08-09,404.0299987792969,408.0499877929687,402.260009765625,406.0199890136719,19276700,8.640504988924244,8.72647567237101,8.602652356819746,8.683062523265697
2024-08-12,407.05999755859375,408.760009765625,404.239990234375,406.80999755859375,16762900,8.70530393862612,8.741660060697416,8.644995824309527,8.69995748847698
2024-08-13,409.5899963378906,414.9500122070313,409.5700073242187,414.010009765625,19414300,8.759409988029715,8.874038218601578,8.758982506969204,8.853935513829379
2024-08-14,414.7999877929687,417.7200012207031,412.4500122070313,416.8599853515625,18267000,8.870829826397818,8.933276651302638,8.820573717110168,8.914884523415315
2024-08-15,419.7999877929687,421.1099853515625,417.6600036621094,421.0299987792969,20752100,8.977758829380642,9.005774175950714,8.931993555478272,9.004063599065839
2024-08-16,420.6000061035156,421.3399963378906,417.2999877929687,418.4700012207031,22775600,8.994867861443598,9.010693145039347,8.92429432788923,8.949316001750061
2024-08-19,418.9599914550781,421.75,416.4599914550781,421.5299987792969,15234000,8.95979483519667,9.01946140160108,8.906330333705258,9.014756499364122
2024-08-20,421.7000122070313,425.8599853515625,421.6400146484375,424.7999877929687,16387600,9.018392372628389,9.107356728784396,9.017109276804021,9.084687832363464
2024-08-21,424.0799865722656,426.3999938964844,421.7200012207031,424.1400146484375,16067300,9.069290029828226,9.118905243846537,9.018819853688896,9.070573778295433
2024-08-22,424.3599853515625,426.7900085449219,414.6099853515625,415.5499877929687,19361900,9.07527802788955,9.12724601934776,8.866766472073046,8.886869176845243
2024-08-23,416.9800109863281,419.260009765625,412.0899963378906,416.7900085449219,18493800,8.917451367706889,8.966210966961343,8.812874489521127,8.913388013382114
2024-08-26,416.3699951171875,417.2799987792969,411.3399963378906,413.489990234375,13152800,8.904405689968709,8.923866846828723,8.796835139073702,8.842814479827748
2024-08-27,412.8599853515625,414.3599853515625,410.25,413.8399963378906,13492900,8.829341321029057,8.861420021923905,8.773524694740589,8.850299640565114
2024-08-28,414.8800048828125,415.0,407.30999755859375,410.6000061035156,14882700,8.872541055925536,8.875107247574268,8.71065038877526,8.781009855477954
2024-08-29,414.94000244140625,422.0499877929687,410.6000061035156,413.1199951171875,17045200,8.873824151749902,9.025876880722912,8.781009855477954,8.834901838029873
2024-08-30,415.6000061035156,417.489990234375,412.1300048828125,417.1400146484375,24308300,8.887938858460776,8.928357682214006,8.813730104284984,8.92087317411948
2024-09-03,417.9100036621094,419.8800048828125,407.0299987792969,409.44000244140625,20313600,8.937340005627412,8.979470058908358,8.704662390713937,8.756202248468798
2024-09-04,405.9100036621094,411.239990234375,404.3699951171875,408.8999938964844,15135800,8.680710398468639,8.794696428485478,8.647776082809933,8.744653733406658
2024-09-05,407.6199951171875,413.1000061035156,406.1300048828125,408.3900146484375,14195500,8.717279934748769,8.834474356969364,8.685415300705596,8.733747418899542
2024-09-06,409.05999755859375,410.6499938964844,400.7999877929687,401.7000122070313,19609500,8.748075539819249,8.782078884450646,8.571428618045916,8.590676360697099
2024-09-09,407.239990234375,408.6499938964844,402.1499938964844,405.7200012207031,15295100,8.70915322609922,8.739307283257517,8.600299579379847,8.676647044143865
2024-09-10,408.2000122070313,416.3299865722656,407.7000122070313,414.2000122070313,19594300,8.729684064574768,8.90355007520485,8.718991164276487,8.857998868154155
2024-09-11,415.5,423.989990234375,409.5799865722656,423.0400085449219,19266900,8.885800147872551,9.067365386091675,8.75919592117804,9.047049267110642
2024-09-12,423.30999755859375,427.3699951171875,419.75,427.0,17395700,9.052823198320294,9.139649496530918,8.97668980040795,9.131736854733044
2024-09-13,425.8299865722656,431.8299865722656,425.4599914550781,430.5899963378906,15874600,9.106715180872213,9.2350299844516,9.098802539074338,9.208511800557568
2024-09-16,430.6000061035156,433.5299987792969,428.2200012207031,431.3399963378906,13834700,9.208725867409244,9.271386106522897,9.157827557566566,9.224551151004993
2024-09-17,440.2300109863281,441.8500061035156,432.2699890136719,435.1499938964844,18874200,9.414671231577014,9.449316124120594,9.244439788925515,9.306030999066476
2024-09-18,435.0,436.0299987792969,430.4100036621094,430.80999755859375,18898000,9.30282325950556,9.324850608014307,9.20466251308447,9.213216702794528
2024-09-19,441.2300109863281,441.5,436.8999938964844,438.69000244140625,21706600,9.43605703217358,9.441830963383229,9.343456150110464,9.38173691591831
2024-09-20,437.2200012207031,439.239990234375,434.2200012207031,435.2699890136719,55167100,9.350299762935647,9.393498845189283,9.286142361145952,9.30859719071521
2024-09-23,434.2799987792969,436.4599914550781,430.3900146484375,433.510009765625,15128900,9.28742545697032,9.334046345636548,9.204235032023961,9.270958625462388
2024-09-24,433.0,433.3500061035156,426.1000061035156,429.1700134277344,17015800,9.260051658312431,9.267536819049797,9.112489764724703,9.178144329190438
2024-09-25,429.8299865722656,433.1199951171875,428.5700073242187,432.1099853515625,13396400,9.192258383258471,9.262617849961163,9.16531271830393,9.241017982512924
2024-09-26,435.0899963378906,435.2999877929687,429.1300048828125,431.30999755859375,14492000,9.30474790324211,9.309238738627391,9.177288714426581,9.223909603092808
2024-09-27,431.5199890136719,431.8500061035156,427.4700012207031,428.0199890136719,14896100,9.228400438478092,9.235458118154948,9.141788207119143,9.153550136390116
2024-09-30,428.2099914550781,430.4200134277344,425.3699951171875,430.2999877929687,16807300,9.15761349071489,9.204876579936144,9.096877895337789,9.202309735644569
2024-10-01,428.4500122070313,428.4800109863281,418.80999755859375,420.69000244140625,19092900,9.1627465266552,9.163388074567381,8.956587095635753,8.99679250518015
2024-10-02,422.5799865722656,422.8200073242187,416.7099914550781,417.1300048828125,16582300,9.03721132893338,9.042344364873685,8.9116767838544,8.920659107267806
2024-10-03,417.6300048828125,419.5499877929687,414.2900085449219,416.5400085449219,13686400,8.931352007566089,8.9724123792315,8.859923511890704,8.908041563232974
2024-10-04,418.239990234375,419.75,414.9700012207031,416.05999755859375,19169700,8.94439703266143,8.97668980040795,8.874465699662085,8.8977761439952
2024-10-07,416.0,417.1099853515625,409.0,409.5400085449219,20919800,8.896493048170834,8.920230973564458,8.746792443994883,8.758340959057023
2024-10-08,410.8999938964844,415.6600036621094,408.1700134277344,414.7099914550781,19229300,8.787425334599787,8.889221954285143,8.729042516662583,8.86890518266127
2024-10-09,415.8599853515625,420.3800048828125,414.2999877929687,417.4599914550781,14974300,8.893498722818752,8.990162959206641,8.860136926099537,8.927716134301823
2024-10-10,415.2300109863281,417.3500061035156,413.1499938964844,415.8399963378906,13848400,8.880026216662902,8.925364009504763,8.835543385942056,8.893071241758243
2024-10-11,416.1400146484375,417.1300048828125,413.25,416.3200073242187,14144900,8.899487373522916,8.920659107267806,8.837682096530282,8.903336660996015
2024-10-14,417.7699890136719,424.0400085449219,417.5199890136719,419.1400146484375,16653100,8.93434568027533,9.068435067707208,8.92899923012619,8.96364477531261
2024-10-15,422.1799926757813,422.4800109863281,415.260009765625,418.739990234375,18900200,9.028657139223322,9.035073270987994,8.880667764575085,8.955089932959712
2024-10-16,415.1700134277344,416.3599853515625,410.4800109863281,416.1199951171875,15508900,8.878743120838536,8.904191623117034,8.77844366382922,8.899059239819566
2024-10-17,422.3599853515625,422.5,415.5899963378906,416.7200012207031,14820000,9.03250642669642,9.035500752048502,8.887724791609102,8.911890850706074
2024-10-18,417.1400146484375,419.6499938964844,416.260009765625,418.1600036621094,17145300,8.92087317411948,8.974551089819727,8.90205356517165,8.942686455776554
2024-10-21,416.1199951171875,418.9599914550781,413.75,418.7799987792969,14206100,8.899059239819566,8.95979483519667,8.848374996828564,8.95594554772357
2024-10-22,418.489990234375,430.5799865722656,418.0400085449219,427.510009765625,25482200,8.94974348281057,9.208297733705894,8.94012026412782,9.142643821883
2024-10-23,430.8599853515625,431.0799865722656,422.5299987792969,424.6000061035156,19654400,9.21428573176722,9.218990634004177,9.036142299960687,9.080411063829857
2024-10-24,425.3299865722656,425.9800109863281,422.3999938964844,424.7300109863281,13581600,9.096022280573932,9.109923573075971,9.033362041460279,9.083191322330265
2024-10-25,426.760009765625,432.5199890136719,426.5700073242187,428.1499938964844,16899100,9.126604471435577,9.249786239074657,9.122541117110801,9.156330394890524
2024-10-28,431.6600036621094,431.94000244140625,426.2999877929687,426.5899963378906,14882400,9.231394763830174,9.2373827618915,9.11676653325831,9.122968598171312
2024-10-29,428.0,433.1700134277344,425.7999877929687,431.9500122070313,17644100,9.153122655329607,9.263687531576696,9.106073632960028,9.237596828743175
2024-10-30,437.44000244140625,438.5,432.1000061035156,432.5299987792969,29749100,9.355004665172604,9.377673561593536,9.24080456830409,9.250000305926331
2024-10-31,415.3599853515625,416.1600036621094,406.2999877929687,406.3500061035156,53971000,8.882805822520469,8.899914854583425,8.68905052132702,8.690120202942554
2024-11-01,409.010009765625,415.5,407.5,410.3699951171875,24230400,8.747006510846557,8.885800147872551,8.714713743100036,8.776090886389321
2024-11-04,409.7999877929687,410.4200134277344,405.5700073242187,408.4599914550781,19672300,8.763900823414996,8.777160568004854,8.673439304582947,8.735243928932743
2024-11-05,408.3699951171875,414.8999938964844,408.0799865722656,411.4599914550781,17626000,8.733319285196192,8.872968536986045,8.727117220283192,8.799401330722436
2024-11-06,412.4200134277344,420.4500122070313,410.5199890136719,420.1799926757813,26681800,8.819932169197983,8.991660121882683,8.779298625950238,8.985885538030193
2024-11-07,421.2799987792969,426.8500061035156,419.8800048828125,425.4299926757813,19901800,9.009410049214981,9.128529115172126,8.979470058908358,9.098160991162157
2024-11-08,425.3200073242187,426.5,421.7799987792969,422.5400085449219,16891400,9.095808866365095,9.12104395443476,9.020102949513262,9.036356366812361
2024-11-11,422.5199890136719,424.80999755859375,416.0,418.010009765625,24503300,9.035928233109011,9.08490189921514,8.896493048170834,8.939478716215637
2024-11-12,418.25,424.44000244140625,417.2000122070313,423.0299987792969,19401200,8.944611099513104,9.076989257417265,8.922156269943848,9.046835200258968
2024-11-13,421.6400146484375,429.3299865722656,418.2099914550781,425.2000122070313,21502200,9.017109276804021,9.181565482960188,8.943755484749246,9.093242674716365
2024-11-14,425.0,428.1700134277344,420.0,426.8900146484375,30246900,9.088965253539914,9.156758528593874,8.982036250557092,9.129384729935985
2024-11-15,419.8200073242187,422.7999877929687,413.6400146484375,415.0,28247600,8.97818696308399,9.041916231170335,8.846022872031504,8.875107247574268
2024-11-18,414.8699951171875,418.3999938964844,412.1000061035156,415.760009765625,24727000,8.872326989073862,8.94781883907402,8.8130885563728,8.891360664873368
2024-11-19,413.1099853515625,417.94000244140625,411.5499877929687,417.7900085449219,18133500,8.8346877711782,8.937981553539597,8.801325974458985,8.93477381397868
2024-11-20,416.8699951171875,417.2900085449219,410.5799865722656,415.489990234375,19191700,8.915098590266991,8.924080913680397,8.780581721774604,8.885586081020877
2024-11-21,419.5,419.7799987792969,410.2900085449219,412.8699951171875,20780200,8.97134335025881,8.977331348320135,8.774380309504446,8.829555387880733
2024-11-22,411.3699951171875,417.3999938964844,411.05999755859375,417.0,24814600,8.797476686985886,8.926433038477455,8.790847141012378,8.917878848767398
2024-11-25,418.3800048828125,421.0799865722656,414.8500061035156,418.7900085449219,27691100,8.947391358013512,9.005132628038531,8.871899508013353,8.956159614575244
2024-11-26,419.5899963378906,429.0400085449219,418.8500061035156,427.989990234375,23458900,8.973267993995359,9.17536407069003,8.957442710399611,9.152908588477933
2024-11-27,425.1099853515625,427.2300109863281,422.0199890136719,422.989990234375,18332400,9.091317378336973,9.136655823821675,9.02523533281073,9.045979585495111
2024-11-29,420.0899963378906,424.8800048828125,417.7999877929687,423.4599914550781,16271900,8.983960894293642,9.08639906189118,8.934987228187513,9.056030937881209
2024-12-02,421.5700073242187,433.0,421.30999755859375,430.9800109863281,20207200,9.015612114127979,9.260051658312431,9.010051597127164,9.216852576058793
2024-12-03,429.8399963378906,432.4700012207031,427.739990234375,431.2000122070313,18302000,9.192472450110145,9.248717210101965,9.147562138328793,9.221557478295752
2024-12-04,433.0299987792969,439.6700134277344,432.6300048828125,437.4200134277344,26009400,9.260693206224614,9.402695235454365,9.252139016514557,9.354577184112095
2024-12-05,437.9200134277344,444.6600036621094,436.1700134277344,442.6199951171875,21697800,9.365270084410378,9.509410171585513,9.32784493336639,9.465782955628526
2024-12-06,442.2999877929687,446.1000061035156,441.7699890136719,443.5700073242187,18821000,9.458939342803342,9.540205776655993,9.447604894592878,9.486099727252398
2024-12-09,442.6000061035156,448.3299865722656,440.5,446.0199890136719,19144400,9.465355474568018,9.587895694294915,9.420445162786665,9.538494547128277
2024-12-10,444.3900146484375,449.6199951171875,441.6000061035156,443.3299865722656,18469500,9.503636240375863,9.615483559804478,9.443969673971454,9.480966691312092
2024-12-11,444.0499877929687,450.3500061035156,444.0499877929687,448.989990234375,19200200,9.49636449384733,9.631095429191392,9.49636449384733,9.602010401005789
2024-12-12,449.1099853515625,456.1600036621094,449.1099853515625,449.55999755859375,20834800,9.60457659265452,9.755346878446005,9.60457659265452,9.614200463980112
2024-12-13,448.44000244140625,451.4299926757813,445.5799865722656,447.2699890136719,20177800,9.590248471734814,9.654191806672834,9.529084742654362,9.565226797873983
2024-12-16,447.2699890136719,452.1799926757813,445.2799987792969,451.5899963378906,23598800,9.565226797873983,9.670231157120257,9.52266926353253,9.657613613085424
2024-12-17,451.010009765625,455.2900085449219,449.5700073242187,454.4599914550781,22733500,9.645210135902266,9.736741336349848,9.614414530831784,9.71899075637471
2024-12-18,451.3200073242187,452.6499938964844,437.0199890136719,437.3900146484375,24444500,9.651839681875773,9.680282509506355,9.346022341759197,9.353935636199912
2024-12-19,441.6199951171875,443.1799926757813,436.3200073242187,437.0299987792969,22963700,9.444397155031963,9.477758951751177,9.331052672927305,9.346236408610872
2024-12-20,433.1099853515625,443.739990234375,428.6300048828125,436.6000061035156,64263700,9.26240378310949,9.489734947873824,9.166595814128298,9.33704067098863
2024-12-23,436.739990234375,437.6499938964844,432.8299865722656,435.25,19152500,9.340034343697873,9.359495500557887,9.256415785048164,9.3081697096547
2024-12-24,434.6499938964844,439.6000061035156,434.19000244140625,439.3299865722656,7164500,9.295338098768195,9.401198072778325,9.285500813233769,9.395423488925834
2024-12-26,439.0799865722656,440.94000244140625,436.6300048828125,438.1099853515625,8194200,9.390077038776694,9.42985496726058,9.337682218900815,9.369332786092311
2024-12-27,434.6000061035156,435.2200012207031,426.3500061035156,430.5299987792969,18117700,9.2942690697955,9.307528161742518,9.117836214873844,9.207228704733202
2024-12-30,426.05999755859375,427.5499877929687,421.8999938964844,424.8299865722656,13158700,9.111634149960846,9.143498784004016,9.022669141161996,9.085329380275649
2024-12-31,426.1000061035156,426.7300109863281,420.6600036621094,421.5,13246500,9.112489764724703,9.125962923523394,8.996150957267965,9.014114951451939
2025-01-02,425.5299987792969,426.0700073242187,414.8500061035156,418.5799865722656,16896500,9.10029970175038,9.111848216812518,8.871899508013353,8.951668126547121
2025-01-03,421.0799865722656,424.0299987792969,419.5400085449219,423.3500061035156,16662900,9.005132628038531,9.068221000855534,8.972198965022667,9.05367881308415
2025-01-06,428.0,434.3200073242187,425.4800109863281,427.8500061035156,20573600,9.153122655329607,9.288281071734175,9.099230672777688,9.149914915768692
2025-01-07,429.0,430.6499938964844,420.7999877929687,422.3699951171875,18139100,9.174508455926173,9.209794896381936,8.999144629977206,9.032720493548096
2025-01-08,423.4599914550781,426.9700012207031,421.5400085449219,424.55999755859375,15054600,9.056030937881209,9.13109530682086,9.014970566215796,9.079555449066
2025-01-10,424.6300048828125,424.7099914550781,415.0199890136719,418.9500122070313,20201100,9.08105261174204,9.082763188626915,8.875534728634777,8.959581420987837
2025-01-13,415.239990234375,418.5,412.2900085449219,417.19000244140625,17604800,8.880239630871737,8.949957549662246,8.817151910697575,8.921942203092172
2025-01-14,417.80999755859375,419.739990234375,410.7200012207031,415.6700134277344,16935900,8.935201295039189,8.976475733556276,8.783576047126687,8.889436021136817
2025-01-15,419.1300048828125,428.1499938964844,418.2699890136719,426.30999755859375,19637800,8.963430708460935,9.156330394890524,8.945038580573613,9.116980600109986
2025-01-16,428.7000122070313,429.489990234375,424.3900146484375,424.5799865722656,15300000,9.16809297680434,9.18498728937278,9.075920228444573,9.079982930126507
2025-01-17,434.0899963378906,434.4800109863281,428.1700134277344,429.0299987792969,26197500,9.283362102645546,9.291702878146769,9.156758528593874,9.175150003838356
2025-01-21,430.2000122070313,430.8999938964844,425.6000061035156,428.5,26085700,9.200171677699187,9.215141346531077,9.10179686442642,9.16381555562789
2025-01-22,437.55999755859375,447.2699890136719,436.0,446.2000122070313,27803800,9.357570856821336,9.565226797873983,9.324209060102124,9.54234448724422
2025-01-23,442.0,446.75,441.5,446.7099914550781,18389300,9.452523863681511,9.554106416515193,9.441830963383229,9.553250801751334
2025-01-24,445.1600036621094,446.6499938964844,441.3999938964844,444.05999755859375,15549500,9.520103071883796,9.551967705926968,9.439692252795004,9.496578560699007
2025-01-27,424.010009765625,435.2000122070313,423.5,434.55999755859375,35647800,9.067793519795025,9.30710068068201,9.056886552645068,9.293413455031644
2025-01-28,434.6000061035156,448.3800048828125,431.3800048828125,447.2000122070313,23491700,9.2942690697955,9.588965375910448,9.22540676576885,9.563730287840784
2025-01-29,446.69000244140625,446.8800048828125,440.3999938964844,442.3299865722656,23581400,9.552823320690825,9.5568866750156,9.41830645219844,9.459580890715527
2025-01-30,418.7699890136719,422.8599853515625,413.1600036621094,414.989990234375,54586300,8.955731480871895,9.043199326994703,8.835757452793732,8.874893180722594
2025-01-31,418.9800109863281,420.69000244140625,414.9100036621094,415.05999755859375,34161900,8.960222968900018,8.99679250518015,8.87318260383772,8.876390343398636
2025-02-03,411.6000061035156,415.4100036621094,408.6600036621094,410.9200134277344,25679100,8.802395656074518,8.883875504136002,8.739521350109191,8.787853468303135
2025-02-04,412.69000244140625,413.9200134277344,409.739990234375,412.3699951171875,20532100,8.825706100407633,8.85201087009283,8.762617727590632,8.81886248758245
2025-02-05,412.3500061035156,413.8299865722656,410.3999938964844,413.2900085449219,16316700,8.818435006521941,8.85008557371344,8.776732434301504,8.838537711294139
2025-02-06,414.0,418.2000122070313,414.0,415.8200073242187,16309800,8.853721446977705,8.943542070540413,8.853721446977705,8.892643760697732
2025-02-07,416.4800109863281,418.6499938964844,408.1000061035156,409.75,22886800,8.906758467408608,8.953165289223161,8.727545353986542,8.762831794442306
2025-02-10,413.7099914550781,415.4599914550781,410.9200134277344,412.2200012207031,20817900,8.847519382064705,8.884944533108694,8.787853468303135,8.815654748021533
2025-02-11,409.6400146484375,412.489990234375,409.2999877929687,411.44000244140625,18140600,8.760479669645248,8.821428679231184,8.753207923116713,8.798973849661927
2025-02-12,407.2099914550781,410.75,404.3699951171875,409.0400085449219,19121700,8.708511678187037,8.78421759503887,8.647776082809933,8.74764805875874
2025-02-13,407.0,411.0,406.3599853515625,410.5400085449219,23891700,8.704020842801754,8.789564045188012,8.690333617151389,8.779726759653586
2025-02-14,407.7900085449219,408.9100036621094,405.8800048828125,408.4299926757813,22758500,8.720915808013034,8.744867800258332,8.680068850556456,8.73460238102056
2025-02-18,408.0,410.6000061035156,406.5,409.6400146484375,21423100,8.725406643398317,8.781009855477954,8.69332794250347,8.760479669645248
2025-02-19,407.8800048828125,415.489990234375,407.6499938964844,414.7699890136719,24114200,8.722840451749585,8.885586081020877,8.717921482660952,8.870188278485637
2025-02-20,415.2900085449219,419.30999755859375,412.5400085449219,416.1300048828125,23508700,8.881309312487268,8.967279995934035,8.822498360846716,8.899273306671242
2025-02-21,417.3399963378906,418.0499877929687,407.8900146484375,408.2099914550781,27524800,8.92514994265309,8.940333678336653,8.72305451860126,8.7298974787836
2025-02-24,408.510009765625,409.3699951171875,399.3200073242187,404.0,26443700,8.736313610548274,8.754705085792757,8.539778050854418,8.639863441012059
2025-02-25,401.1000061035156,401.9200134277344,396.7000122070313,397.8999938964844,29387400,8.577844749810591,8.595381262934055,8.483747357714277,8.509409926844448
2025-02-26,398.010009765625,403.6000061035156,394.25,399.7300109863281,19619000,8.511762704284347,8.631309251302001,8.431351885195555,8.548546307416151
2025-02-27,401.2699890136719,405.739990234375,392.1700134277344,392.5299987792969,21127400,8.581479970432015,8.677074525204374,8.386869707117551,8.394568282063751
2025-02-28,392.6600036621094,397.6300048828125,386.5700073242187,396.989990234375,32845700,8.39734854056416,8.503635995634799,8.267109093248221,8.489948769984434
2025-03-03,398.8200073242187,398.8200073242187,386.1600036621094,388.489990234375,23007700,8.529085150556137,8.529085150556137,8.25834083668649,8.308169464913636
2025-03-04,383.3999938964844,392.5799865722656,381.0,388.6099853515625,29342900,8.199315818194263,8.395637311036444,8.147990027291076,8.310735656562368
2025-03-05,389.3399963378906,401.6700134277344,388.80999755859375,401.0199890136719,23433100,8.326347525949283,8.590034812784914,8.315013077738818,8.576133520282875
2025-03-06,394.2799987792969,402.1499938964844,392.6799926757813,396.8900146484375,23304600,8.431993433107738,8.600299579379847,8.397776021624669,8.48781071203905
2025-03-07,392.3200073242187,394.7999877929687,385.5400085449219,393.30999755859375,22034100,8.390077446678466,8.443113814466528,8.245081744739474,8.411249180423358
2025-03-10,385.8399963378906,386.3999938964844,377.2200012207031,380.1600036621094,32840100,8.251497223861307,8.263473219983956,8.067151727141775,8.130026033107104
2025-03-11,379.0,386.0,376.9100036621094,380.4500122070313,30380200,8.105218426097947,8.254919030273898,8.060522181168269,8.136228098020103
2025-03-12,382.9500122070313,385.2200012207031,378.9500122070313,383.2699890136719,24253600,8.189692599511515,8.238238131914292,8.104149397125257,8.196535559693855
2025-03-13,383.1600036621094,385.3200073242187,377.4500122070313,378.7699890136719,20473000,8.194183434896797,8.240376842502515,8.07207069623041,8.100299457009315
2025-03-14,379.7799987792969,390.2300109863281,379.510009765625,388.55999755859375,19952800,8.121899324457553,8.34538120174879,8.116125393247904,8.309666627589676
2025-03-17,386.7000122070313,392.7099914550781,385.5700073242187,388.7000122070313,22474300,8.269889351748631,8.398417569536852,8.245723292651656,8.31266095294176
2025-03-18,387.0700073242187,387.3699951171875,381.1000061035156,383.5199890136719,19486900,8.277801993546504,8.284217472668338,8.150128737879301,8.201882009842997
2025-03-19,385.5299987792969,389.6799926757813,384.0,387.8200073242187,19185500,8.2448676778878,8.333618619834976,8.212147429080769,8.293841343993927
2025-03-20,385.739990234375,391.7900085449219,383.2799987792969,386.8399963378906,18470500,8.249358513273084,8.378742998468002,8.196749626545529,8.272883024457872
2025-03-21,383.2200012207031,391.739990234375,382.7999877929687,391.260009765625,39675900,8.195466530721163,8.37767331685247,8.186484207307755,8.367408550257537
2025-03-24,395.3999938964844,395.3999938964844,389.80999755859375,393.0799865722656,21004500,8.455945425353036,8.455945425353036,8.336398878335382,8.406330211334726
2025-03-25,393.9200134277344,396.3599853515625,392.6400146484375,395.1600036621094,15775000,8.42429485816154,8.476475611185743,8.39692105950365,8.45081304205557
2025-03-26,395.0,395.30999755859375,388.5700073242187,389.9700012207031,16108400,8.447391235642979,8.454020781616487,8.30988069444135,8.339820684747973
2025-03-27,390.1300048828125,392.239990234375,387.3999938964844,390.5799865722656,13766800,8.343242491160565,8.388366217150752,8.284859020580521,8.352865709843314
2025-03-28,388.0799865722656,389.1300048828125,376.9299926757813,378.7999877929687,21632000,8.299401208351902,8.321856690564,8.060949662228778,8.100941004921497
2025-03-31,372.5400085449219,377.0700073242187,367.239990234375,375.3900146484375,35184700,7.967066336984136,8.063943987580858,7.85372120223664,8.028015999212913
2025-04-01,374.6499938964844,382.8500061035156,373.2300109863281,382.19000244140625,19689500,8.012190062974323,8.187553888923288,7.981822591607193,8.173439182212416
2025-04-02,377.9700012207031,385.0799865722656,376.6199951171875,382.1400146484375,16092600,8.0831910775892,8.23524380656221,8.05432011625527,8.172370153239724
2025-04-03,374.7900085449219,377.4800109863281,369.3500061035156,373.1099853515625,30198000,8.015184388326405,8.072712244142592,7.898845580869668,7.9792557473156185
2025-04-04,364.1300048828125,374.5899963378906,359.4800109863281,359.8399963378906,49209900,7.787211675649887,8.010906967149957,7.687767833404431,7.69546640835063
2025-04-07,350.8800048828125,371.0,344.7900085449219,357.8599853515625,50425000,7.503849817745408,7.934132021325431,7.37361037042947,7.65312228821801
2025-04-08,368.260009765625,373.6499938964844,350.25,354.55999755859375,35868900,7.875535136536553,7.990804262377759,7.490376658946718,7.582549407306484
2025-04-09,353.5400085449219,393.2300109863281,353.1000061035156,390.489990234375,50199700,7.56073612564941,8.409538603538483,7.551326321175495,8.350941066106765
2025-04-10,382.05999755859375,383.8999938964844,367.7999877929687,381.3500061035156,38024400,8.170658923712008,8.210008718492546,7.865697198359287,8.155475188028442
2025-04-11,380.6400146484375,390.0499877929687,378.8900146484375,388.4500122070313,23839200,8.140291452344876,8.341531261632847,8.102866301300889,8.30731450279262
2025-04-14,393.2200012207031,394.6499938964844,384.2099914550781,387.80999755859375,19251200,8.409324536686809,8.439906074905613,8.216638264466052,8.293627277142253
2025-04-15,388.510009765625,391.8900146484375,384.1600036621094,385.7300109863281,17199900,8.308597598616984,8.380881709056228,8.21556923549336,8.249145099064249
2025-04-16,380.6700134277344,381.6099853515625,368.0,371.6099853515625,21967800,8.14093300025706,8.161035052386417,7.869974619535737,7.947177046420772
2025-04-17,373.75,374.3200073242187,366.8900146484375,367.7799987792969,21120200,7.9929429729659836,8.005133035940306,7.846236694142115,7.86526971729878
2025-04-21,362.8200073242187,364.4800109863281,355.6700134277344,359.1199951171875,20807300,7.759196329079814,7.794696836387253,7.606287985342947,7.68006860581539
2025-04-22,363.3800048828125,367.7699890136719,359.8599853515625,366.8200073242187,19485000,7.771172325202464,7.865055650447105,7.695893889411139,7.844739531466072
2025-04-23,376.05999755859375,380.3900146484375,373.0199890136719,374.3900146484375,20545500,8.04234412013262,8.134945002195735,7.977331103579069,8.006630198616348
2025-04-24,375.7000122070313,388.4500122070313,375.19000244140625,387.2999877929687,22232300,8.034645545186422,8.30731450279262,8.023738578036463,8.282720309992294
2025-04-25,387.0,392.1600036621094,384.6000061035156,391.8500061035156,18973200,8.276304830870464,8.386655640265877,8.224979039967277,8.380026094292369
2025-04-28,391.9599914550781,392.739990234375,386.6400146484375,391.1600036621094,16579400,8.382378219089428,8.399059117449035,8.268606255924263,8.365269839669313
2025-04-29,391.2999877929687,395.1000061035156,390.3800048828125,394.0400085449219,14974000,8.368263512378553,8.449529946231204,8.348588941309705,8.426861049810272
2025-04-30,390.2999877929687,396.6600036621094,384.44000244140625,395.260009765625,36461100,8.346877711781989,8.482891742950418,8.221557233554686,8.452951752643795
2025-05-01,431.1099853515625,436.989990234375,424.8999938964844,425.3999938964844,58938100,9.21963218191636,9.345380793847013,9.08682654295169,9.097519443249972
2025-05-02,431.739990234375,439.44000244140625,429.989990234375,435.2799987792969,30757400,9.233105340715051,9.397776266365733,9.195680189671062,9.308811257566884
2025-05-05,432.8699951171875,439.5,432.1099853515625,436.1700134277344,20136100,9.257271399812023,9.3990593621901,9.241017982512924,9.32784493336639
2025-05-06,432.2000122070313,437.7300109863281,431.1700134277344,433.30999755859375,15104200,9.242943278892316,9.361206730085604,9.220915930383567,9.266681204285938
2025-05-07,433.8399963378906,438.1199951171875,431.1099853515625,433.3500061035156,23295300,9.278015652496403,9.369546852943985,9.21963218191636,9.267536819049797
2025-05-08,437.9299926757813,443.6700134277344,435.6600036621094,438.1700134277344,23491300,9.365483498619213,9.488238437840623,9.316937966216432,9.370616534559518
2025-05-09,440.0,440.739990234375,435.8800048828125,438.7300109863281,15324200,9.409752262488382,9.425577546084131,9.32164286845339,9.382592530682167
2025-05-12,445.94000244140625,449.3699951171875,439.7799987792969,449.260009765625,22821900,9.536783970243402,9.610137109655337,9.405047360251425,9.607784984858279
2025-05-13,447.7799987792969,450.6700134277344,445.3599853515625,449.1400146484375,23618800,9.57613376502394,9.637939042016574,9.524379840417405,9.605218793209545
2025-05-14,448.1400146484375,453.8999938964844,448.1400146484375,452.94000244140625,19902800,9.583832992612981,9.707014760252061,9.583832992612981,9.686484574419353
2025-05-15,450.7699890136719,456.19000244140625,450.4299926757813,453.1300048828125,21992300,9.640077099961958,9.755988426358188,9.632806006076269,9.69054792874413
2025-05-16,452.0499877929687,454.3599853515625,448.7300109863281,454.2699890136719,23849800,9.667450898619848,9.716852045786485,9.596450536647813,9.714927402049934
2025-05-19,450.8800048828125,459.5899963378906,450.7999877929687,458.8699951171875,21336500,9.642429877401858,9.82870001785794,9.640718647874142,9.8133022153227
2025-05-20,455.5899963378906,458.3399963378906,454.3200073242187,458.1700134277344,15441800,9.743156815471682,9.801967767112234,9.715997083665465,9.798332546490808
2025-05-21,454.5700073242187,457.7799987792969,451.80999755859375,452.5700073242187,19216900,9.721343533814608,9.789991770989586,9.662318515322381,9.678571932621479
2025-05-22,454.9500122070313,460.25,453.8999938964844,454.8599853515625,18025600,9.729470242464158,9.842814724568813,9.707014760252061,9.727544946084768
2025-05-23,449.9800109863281,453.69000244140625,448.9100036621094,450.1799926757813,16883500,9.623182787393517,9.702523924866778,9.600299824120912,9.627459555927128
2025-05-27,456.4800109863281,460.9500122070313,456.1199951171875,460.69000244140625,20974300,9.762190491271188,9.857785046043546,9.754491263682148,9.85222452904273
2025-05-28,461.2200012207031,462.5199890136719,456.9299926757813,457.3599853515625,17086300,9.863558977253195,9.891360256971591,9.771813709953939,9.781009447576178
2025-05-29,461.5499877929687,461.7200012207031,455.30999755859375,458.6799926757813,13974800,9.870616004287209,9.874251877551476,9.737168817410357,9.809238860997926
2025-05-30,459.7200012207031,461.6799926757813,455.5400085449219,460.3599853515625,34770500,9.831480276358347,9.87339626278762,9.74208778649899,9.845166849365873
2025-06-02,457.1400146484375,462.1099853515625,456.8900146484375,461.9700012207031,16626500,9.776305197982062,9.88259200040986,9.77095874783292,9.879598327700618
2025-06-03,461.4700012207031,464.1400146484375,460.8599853515625,462.9700012207031,15743800,9.868905427402336,9.926005802158013,9.855859749664154,9.900984128297182
2025-06-04,464.0,465.69000244140625,463.0199890136719,463.8699951171875,14162700,9.92301147680593,9.959153532025551,9.902053157269874,9.920231218305522
2025-06-05,464.9599914550781,469.6499938964844,464.0299987792969,467.6799926757813,20131700,9.943541662638637,10.04384111964795,9.923653024718114,10.001711066367006
2025-06-06,470.0899963378906,473.3399963378906,468.7799987792969,470.3800048828125,15285600,10.053250924121867,10.122754776060702,10.025235577551795,10.059452989034867
2025-06-09,469.7000122070313,473.4299926757813,468.6199951171875,472.75,16469900,10.044910801263486,10.124679419797253,10.021813771139204,10.110137232025869
2025-06-10,471.19000244140625,472.7999877929687,466.9599914550781,470.9200134277344,15375900,10.076775435306656,10.11120626099856,9.986313263831766,10.071001504097007
2025-06-11,470.0199890136719,475.4700012207031,469.6600036621094,472.6199951171875,16399200,10.051753761445825,10.168306635754238,10.044055186499627,10.107356973525462
2025-06-12,475.0199890136719,480.4200134277344,473.5199890136719,478.8699951171875,18950600,10.158682764428649,10.27416660976437,10.1266040635338,10.24101822725399
2025-06-13,476.4100036621094,479.1799926757813,472.760009765625,474.9599914550781,16814500,10.188409340526436,10.247647773227499,10.110351298877545,10.157399668604281
2025-06-16,475.2099914550781,480.69000244140625,475.0,479.1400146484375,15626100,10.162746118753423,10.27994054097402,10.15825528336814,10.24679281110648
2025-06-17,475.3999938964844,478.739990234375,474.0799865722656,478.0400085449219,15414100,10.166809473078198,10.238237968753582,10.13858005965645,10.22326829992169
2025-06-18,478.0,481.0,474.4599914550781,480.239990234375,17526500,10.222412685157833,10.286570086947526,10.146706768306,10.270316669648428
2025-06-20,482.2300109863281,483.4599914550781,476.8699951171875,477.3999938964844,37576200,10.312874856632723,10.33917897367508,10.198246626060861,10.209581074271327
2025-06-23,478.2099914550781,487.75,472.510009765625,486.0,24864000,10.226903520543116,10.430924240974337,10.105004848728402,10.39349908993035
2025-06-24,488.9500122070313,491.8500061035156,486.7999877929687,490.1099853515625,22305600,10.456587462747352,10.51860615394882,10.410607469350463,10.481394417113666
2025-06-25,492.0400085449219,494.55999755859375,489.3900146484375,492.2699890136719,17495100,10.522669508273594,10.576561490825513,10.465997267221267,10.527587824719387
2025-06-26,492.9800109863281,498.0400085449219,492.80999755859375,497.4500122070313,21578900,10.542772213045792,10.650984311852982,10.539136339781527,10.63836676781815
2025-06-27,497.5499877929687,499.2999877929687,493.0299987792969,495.94000244140625,34539200,10.640504825763532,10.677929976807519,10.543841242018484,10.606074000071628
2025-06-30,497.0400085449219,500.760009765625,495.3299865722656,497.4100036621094,28369000,10.629598511256416,10.70915371558135,10.593028322333446,10.637511153054291
2025-07-01,496.4700012207031,498.0499877929687,490.9800109863281,492.0499877929687,19945400,10.617408448282093,10.651197726061813,10.500000611852663,10.522882922482427
2025-07-02,489.989990234375,493.5,488.7000122070313,491.0899963378906,16319600,10.478828225464932,10.553892594404584,10.45124101259821,10.502352736649721
2025-07-03,493.80999755859375,500.1300048828125,493.44000244140625,498.8399963378906,13984800,10.56052214037809,10.69568055678266,10.552609498580216,10.668092691273097
2025-07-07,497.3800048828125,498.75,495.2300109863281,497.7200012207031,13981600,10.636869605142108,10.666168047536546,10.590890264388062,10.6441406990278
2025-07-08,497.239990234375,498.2000122070313,494.1099853515625,496.6199951171875,11846600,10.633875279790026,10.654406118265573,10.566937619499924,10.62061618784301
2025-07-09,500.2999877929687,506.7799987792969,499.739990234375,503.510009765625,18659500,10.699315777404085,10.837896000221246,10.687339781281436,10.767964667221902
2025-07-10,503.0499877929687,504.44000244140625,497.75,501.4800109863281,16492100,10.758126729044637,10.787853305142425,10.644782246939982,10.72455151811659
2025-07-11,498.4700012207031,505.0299987792969,497.7999877929687,503.3200073242187,16459500,10.660180049475223,10.800470849177257,10.645851275912673,10.763901312897127
2025-07-14,501.5199890136719,503.9700012207031,501.0299987792969,503.0199890136719,12058800,10.725406480237607,10.777801952756327,10.714927646791,10.757485181132454
2025-07-15,503.0199890136719,508.2999877929687,502.7900085449219,505.8200073242187,14927200,10.757485181132454,10.8704021821766,10.752566864686662,10.817365814388538
2025-07-16,505.1799926757813,506.7200012207031,501.8900146484375,505.6199951171875,15154400,10.803678588738176,10.83661290439688,10.733319774678323,10.813088393212091
2025-07-17,505.6799926757813,513.3699951171875,505.6199951171875,511.7000122070313,17503100,10.814371489036459,10.978828347835465,10.813088393212091,10.943114426319195
2025-07-18,514.47998046875,514.6400146484375,507.4299926757813,510.0499877929687,21209700,11.002566273229089,11.00598873228452,10.851796640080446,10.907827333220588
2025-07-21,506.7099914550781,512.0900268554688,505.5499877929687,510.05999755859375,14066800,10.836398837545204,10.951455201820417,10.811591230536047,10.908041400072264
2025-07-22,510.9700012207031,511.2000122070313,505.2699890136719,505.2699890136719,13868600,10.927502556932279,10.932421526020912,10.805603232474725,10.805603232474725
2025-07-23,506.75,506.7900085449219,500.7000122070313,505.8699951171875,16396600,10.837254452309063,10.83811006707292,10.707870619756985,10.818434843361231
2025-07-24,508.7699890136719,513.6699829101562,507.2999877929687,510.8800048828125,16107000,10.880453534562701,10.985243826957298,10.849016381580036,10.92557791319573
2025-07-25,512.469970703125,518.2899780273438,510.3599853515625,513.7100219726562,19125700,10.959580605184284,11.084046121290571,10.914456879194097,10.986100094363996
2025-07-28,514.0800170898438,515.0,510.1199951171875,512.5,14308000,10.99401273616187,11.01368730723072,10.90932449589663,10.960222805739308
2025-07-29,515.530029296875,517.6199951171875,511.55999755859375,512.5700073242188,16469200,11.025022408084025,11.069718000370864,10.94012010096711,10.96171996841535
2025-07-30,515.1699829101562,515.9500122070312,509.44000244140625,513.239990234375,26380400,11.017322527852144,11.034004078854592,10.894782308125249,10.976048089335057
2025-07-31,555.22998046875,555.4500122070312,531.9000244140625,533.5,51617300,11.874037647539092,11.87874320241889,11.375107859426933,11.409324618267163
2025-08-01,535.0,535.7999877929688,520.8599853515625,524.1099853515625,28977600,11.44140331916201,11.458511698582125,11.139007785458025,11.208511637396859
2025-08-04,528.27001953125,538.25,528.1300048828125,535.6400146484375,25349000,11.29747729883855,11.510907171100845,11.294482973486467,11.455090544812375
2025-08-05,537.1799926757812,537.2999877929688,527.239990234375,527.75,19171600,11.48802420782824,11.490590399476972,11.27544929768696,11.286356264836916
2025-08-06,530.9000244140625,531.7000122070312,524.030029296875,524.9400024414062,21355700,11.353722058830368,11.370830438250483,11.206801713154825,11.226262217371998
2025-08-07,526.7999877929688,528.0900268554688,517.5499877929688,520.8400268554688,16079100,11.266039493213045,11.293628011365449,11.068220837694824,11.138580957040356
2025-08-08,522.5999755859375,524.6599731445312,519.4099731445312,522.0399780273438,15531000,11.176218869650338,11.220273566667833,11.107998113535869,11.164242873527689
2025-08-11,522.2999877929688,527.5900268554688,519.719970703125,521.77001953125,20194400,11.169803390528504,11.282935111067166,11.114627659509377,11.158469594960879
2025-08-12,523.75,530.97998046875,522.7000122070312,529.239990234375,18667000,11.20081306245066,11.355431983072403,11.178358232881402,11.318220898880089
2025-08-13,532.1099853515625,532.7000122070312,519.3699951171875,520.5800170898438,19619200,11.379598042169375,11.392216238847048,11.107143151414853,11.133020440039541
2025-08-14,522.5599975585938,525.9500122070312,520.1400146484375,522.47998046875,20269100,11.17536390752932,11.247862084820238,11.123610635565624,11.173652678001604
2025-08-15,522.77001953125,526.0999755859375,519.0800170898438,520.1699829101562,25213300,11.179855395557444,11.251069171738314,11.100941739144693,11.124251530834968
2025-08-18,521.5900268554688,522.8200073242188,514.02001953125,517.0999755859375,23760600,11.154620307487779,11.180924424530136,10.992729640337505,11.058596966369233
2025-08-19,515.0,515.1599731445312,508.5499877929687,509.7699890136719,21481000,11.01368730723072,11.01710846100047,10.875748632325742,10.901839335159265
2025-08-20,509.8699951171875,511.0,504.44000244140625,505.7200012207031,27723000,10.90397804574749,10.928144104844462,10.787853305142425,10.815227103800314
2025-08-21,503.69000244140625,507.6300048828125,502.7200012207031,504.239990234375,18443300,10.771813954695002,10.856074061256894,10.751069702010621,10.783575883965977
2025-08-22,504.25,510.7300109863281,502.4100036621094,507.2300109863281,24324200,10.783789950817651,10.922370173634812,10.744440156037113,10.847519871546837
2025-08-25,506.6300048828125,508.19000244140625,504.1199951171875,504.260009765625,21638600,10.834688260660329,10.868050057379543,10.781009692317243,10.784004017669327
2025-08-26,504.3599853515625,504.9800109863281,498.510009765625,502.0400085449219,30835700,10.78614207561471,10.799401820204565,10.66103566423908,10.736527514239238
2025-08-27,502.0,507.2900085449219,499.8999938964844,506.739990234375,17277900,10.735671899475381,10.848802967371203,10.690761587694027,10.837040385457389
2025-08-28,507.0899963378906,511.0899963378906,505.5,509.6400146484375,18015600,10.844525546194754,10.93006874858101,10.810522201563357,10.899059729301698
2025-08-29,508.6600036621094,509.6000061035156,504.489990234375,506.69000244140625,20961600,10.878101409765641,10.89820411453784,10.788922334115117,10.835971356484697
2025-09-02,500.4700012207031,506.0,496.80999755859375,505.1199951171875,18128000,10.702951650668352,10.82121510186164,10.624679542167785,10.802395492913808
2025-09-03,503.7900085449219,507.7900085449219,502.3200073242187,505.3500061035156,16345100,10.773952665283227,10.859495867669485,10.742515512300562,10.80731446200244
2025-09-04,504.2999877929687,508.1499938964844,503.1499938964844,507.9700012207031,15509500,10.784858979790343,10.867194442615684,10.760265439632862,10.863345155142586
2025-09-05,509.0700073242187,511.9700012207031,492.3699951171875,495.0,31994800,10.886869666327373,10.948888357528842,10.52972653530761,10.58597129529943
2025-09-08,498.1099853515625,501.2000122070313,495.0299987792969,498.2000122070313,16771000,10.652480821886181,10.718563520055268,10.586612843211613,10.654406118265573
2025-09-09,501.4299926757813,502.25,497.7000122070313,498.4100036621094,14410500,10.723481836501058,10.741018349624522,10.64371321796729,10.658896953650855
2025-09-10,502.9800109863281,503.2300109863281,496.7200012207031,500.3699951171875,21611800,10.756630219011438,10.761976669160578,10.622754898431234,10.700812940080127
2025-09-11,502.25,503.1700134277344,497.8800048828125,501.010009765625,18881600,10.741018349624522,10.760693573336212,10.64756250544039,10.714500165730492
2025-09-12,506.6499938964844,512.5499877929688,503.8500061035156,509.8999938964844,23624900,10.835115741720838,10.961291834712,10.775235761107593,10.904619593659673
2025-09-15,508.7900085449219,515.469970703125,507.0,515.3599853515625,17143800,10.88088166826605,11.023738006973979,10.842600902458203,11.02138588217692
2025-09-16,516.8800048828125,517.22998046875,508.6000061035156,509.0400085449219,19711900,11.053892716775115,11.061377224869641,10.876818313941275,10.886228118415191
2025-09-17,510.6199951171875,511.2900085449219,505.9299926757813,510.0199890136719,15816600,10.920017396194913,10.934346169757461,10.8197179391856,10.907185785308405
2025-09-18,511.489990234375,513.0700073242188,507.6600036621094,508.4500122070313,18913700,10.93862293829107,10.972412868713633,10.856715609169077,10.87361057438036
2025-09-19,510.55999755859375,519.2999877929688,510.30999755859375,517.9299926757812,52474100,10.918734300370547,11.10564598873881,10.913387850221405,11.076347546344373
2025-09-22,515.5900268554688,517.739990234375,512.5399780273438,514.4500122070312,20009300,11.026305503908393,11.072284192019598,10.961077767860326,11.001925377959745
2025-09-23,513.7999877929688,514.5900268554688,507.30999755859375,509.2300109863281,19799600,10.988024085457706,11.004919703311828,10.849230448431712,10.890291472739966
2025-09-24,510.3800048828125,512.47998046875,506.9200134277344,510.1499938964844,13533700,10.914885012897447,10.95979467203596,10.840890325573328,10.909966043808813
2025-09-25,508.2999877929687,510.010009765625,505.0400085449219,507.0299987792969,15786500,10.8704021821766,10.906972371099572,10.800684916028933,10.843242450370386
2025-09-26,510.05999755859375,513.9400024414062,506.6199951171875,511.4599914550781,16213100,10.908041400072264,10.991018410809788,10.834474193808655,10.937981390378885
2025-09-29,511.5,516.8499755859375,508.8800048828125,514.5999755859375,17617800,10.938837005142744,11.053250516220091,10.8828063120026,11.005132464877821
2025-09-30,513.239990234375,518.1599731445312,509.6600036621094,517.9500122070312,19728200,10.976048089335057,11.081265862790165,10.899487210362206,11.07677568004772
2025-10-01,514.7999877929688,520.510009765625,511.69000244140625,519.7100219726562,22632300,11.009409886054272,11.131523277363499,10.942900359467519,11.114414897943384
2025-10-02,517.6400146484375,521.5999755859375,510.6799926757813,515.739990234375,21222900,11.070146134074214,11.154833069053772,10.92130049201928,11.029512590826469
2025-10-03,517.0999755859375,520.489990234375,515.0,517.3499755859375,15112300,11.058596966369233,11.13109514366015,11.01368730723072,11.063943416518374
2025-10-06,518.6099853515625,531.030029296875,518.2000122070312,528.5700073242188,21388600,11.090889734115754,11.356502317330776,11.082122130196863,11.303892777960382
2025-10-07,528.2899780273438,529.7999877929688,521.4400024414062,523.97998046875,14615200,11.297904127256217,11.330196895002738,11.151411915284022,11.20573137889645
2025-10-08,523.280029296875,526.9500122070312,523.0900268554688,524.8499755859375,13363400,11.190762362707401,11.269247885416801,11.186699008382627,11.224336920992608
2025-10-09,522.3400268554688,524.3300170898438,517.4000244140625,522.4000244140625,18343600,11.170659657935202,11.213217192276657,11.065013750776746,11.17194275375957
2025-10-10,519.6400146484375,523.5800170898438,509.6300048828125,510.9599914550781,24133800,11.112917735267342,11.197177841829234,10.898845662450023,10.927288490080604
2025-10-13,516.4099731445312,516.4099731445312,511.6799926757813,514.0499877929688,14284200,11.043840711746176,11.043840711746176,10.942686292615845,10.993370535606847
2025-10-14,510.2300109863281,515.280029296875,506.0,513.5700073242188,14684300,10.91167727333653,11.019675957934885,10.82121510186164,10.983105769011914
2025-10-15,514.9600219726562,517.1900024414062,510.0,513.4299926757812,14694700,11.012832345109702,11.060522262748623,10.906758304247898,10.980111443659831
2025-10-16,512.5800170898438,516.8499755859375,508.1300048828125,511.6099853515625,15559600,10.961934035267024,11.053250516220091,10.866766961555177,10.941189129939803
2025-10-17,509.0400085449219,515.47998046875,507.30999755859375,513.5800170898438,19867800,10.886228118415191,11.023952073825653,10.849230448431712,10.983319835863588
2025-10-20,514.6099853515625,518.7000122070312,513.4299926757812,516.7899780273438,14665600,11.005346531729495,11.092815030495144,10.980111443659831,11.051967420395725
2025-10-21,517.5,518.6900024414062,513.0399780273438,517.6599731445312,15586200,11.067151808722132,11.09260096364347,10.971770668158609,11.070572962491882
2025-10-22,521.1500244140625,525.22998046875,517.7100219726562,520.5399780273438,18962700,11.145210503013864,11.232463629642156,11.071643296750254,11.132164172632843
2025-10-23,522.4600219726562,523.9500122070312,518.6099853515625,520.5599975585938,14023500,11.173225849583936,11.205090483627108,11.090889734115754,11.132592306336191
2025-10-24,522.7899780273438,525.3499755859375,520.7100219726562,523.6099853515625,15532400,11.180282223975112,11.23502982129089,11.135800698539947,11.197818737098578
2025-10-27,531.780029296875,534.5800170898438,529.010009765625,531.52001953125,18734700,11.372541667778199,11.432421648391443,11.313302582434297,11.366981150777383
2025-10-28,550.0,553.719970703125,540.77001953125,542.0700073242188,29986700,11.762190328110478,11.84174487979257,11.564799806295605,11.592601086014003
2025-10-29,544.9400024414062,546.27001953125,536.72998046875,541.5499877929688,36023000,11.653978229303288,11.68242170957671,11.478400336502649,11.58148005201237
2025-10-30,530.47998046875,534.969970703125,522.1199951171875,525.760009765625,41023100,11.34473908277412,11.440761118606986,11.165954103055405,11.243798730495463
2025-10-31,528.8800048828125,529.3200073242188,515.0999755859375,517.8099975585938,34006400,11.31052232393389,11.319932128407805,11.015825365176104,11.073781354695639
2025-11-03,519.8099975585938,524.9600219726562,514.5900268554688,517.030029296875,22374700,11.116552955888768,11.226690351075348,11.004919703311828,11.057101108978873
2025-11-04,511.760009765625,515.5499877929688,507.8399963378906,514.3300170898438,20958700,10.944397522143559,11.025449236501695,10.860564896642178,10.999359186311013
2025-11-05,513.2999877929688,514.8300170898438,506.5799865722656,507.1600036621094,23024300,10.977331185159423,11.010052086609294,10.833618579044797,10.846022708870795
2025-11-06,505.6600036621094,505.7000122070313,495.80999755859375,497.1000061035156,27406500,10.813944007975948,10.814799622739807,10.60329374157122,10.630881607080783
2025-11-07,496.9500122070313,499.3800048828125,493.25,496.8200073242187,24019800,10.627673867519867,10.679641206335237,10.548546144255441,10.624893609019457
2025-11-10,500.0400085449219,506.8500061035156,498.7999877929687,506.0,26101500,10.69375591304611,10.839393162897288,10.667237076509238,10.82121510186164
2025-11-11,504.7999877929687,509.6000061035156,502.3500061035156,508.6799926757813,17980000,10.795551880088624,10.89820411453784,10.743157060212747,10.878528890826152
2025-11-12,509.3599853515625,511.6700134277344,499.1199951171875,511.1400146484375,26574900,10.893071078597533,10.94247287840701,10.67408068933442,10.931138430196544
2025-11-13,510.30999755859375,513.5,501.2900085449219,503.2900085449219,25273100,10.913387850221405,10.981608606335874,10.720488163791815,10.763259764984944
2025-11-14,498.2300109863281,511.6000061035156,497.44000244140625,510.1799926757813,28505700,10.655047666177756,10.940975715730968,10.638152700966474,10.910607591720998
2025-11-17,508.4500122070313,512.1199951171875,504.9100036621094,507.489990234375,19092800,10.87361057438036,10.95209609708976,10.797904657528525,10.853079735904812
2025-11-18,495.3699951171875,502.9800109863281,486.7799987792969,493.7900085449219,33815100,10.593883937097305,10.756630219011438,10.410179988289956,10.560094659317581
2025-11-19,490.1000061035156,495.19000244140625,482.8299865722656,487.1199951171875,23245300,10.481181002904831,10.590034649624204,10.32570581487639,10.417451082175647
2025-11-20,492.7099914550781,493.5700073242187,475.5,478.4299926757813,26802500,10.536997629193301,10.555389757080622,10.168948183666421,10.231608422780075
2025-11-21,478.5,478.9200134277344,468.2699890136719,472.1199951171875,31769200,10.233105585456116,10.242087908869522,10.014328610401838,10.09666407322718
2025-11-24,475.0,476.8999938964844,468.0199890136719,474.0,34421000,10.15825528336814,10.198888173973044,10.008982160252696,10.136869482771575
2025-11-25,474.0700073242187,479.1499938964844,464.8900146484375,476.989990234375,28019800,10.138366645447615,10.247006225315314,9.942045152605436,10.200812817709593
2025-11-26,486.30999755859375,488.30999755859375,481.2000122070313,485.5,25709100,10.400128635903856,10.442900237096985,10.290847508123976,10.382806189632067
2025-11-28,487.6000061035156,492.6300048828125,486.6499938964844,492.010009765625,14386700,10.427716501413421,10.535287052308426,10.407399729789548,10.522027960361411
2025-12-01,488.44000244140625,489.8599853515625,484.6499938964844,486.739990234375,23964000,10.445680495597394,10.476047966964524,10.364628128596419,10.409324373526099
2025-12-02,486.7200012207031,493.5,486.3200073242187,490.0,19562700,10.40889689246559,10.553892594404584,10.40034270275553,10.479042292316608
2025-12-03,476.3200073242187,484.239990234375,475.2000122070313,477.7300109863281,34615100,10.186484696789885,10.355859872034687,10.16253270454459,10.216638753948184
2025-12-04,479.760009765625,481.3200073242187,476.489990234375,480.8399963378906,22318200,10.260051903053496,10.293413699772708,10.190119917411312,10.283148280534935
2025-12-05,482.5199890136719,483.3999938964844,478.8800048828125,483.1600036621094,22608700,10.319076268902881,10.337895877850713,10.241232294105664,10.332763494553246
2025-12-08,484.8900146484375,492.2999877929687,484.3800048828125,491.0199890136719,21965900,10.369761164536726,10.528229372631568,10.35885419738677,10.50085557397368
2025-12-09,489.1000061035156,492.1199951171875,488.5,492.0199890136719,14696100,10.459795202308268,10.52438008515847,10.44696359142176,10.522241374570244
2025-12-10,484.0299987792969,484.25,475.0799865722656,478.55999755859375,35756200,10.351369036649404,10.356073938886361,10.159965860253015,10.234388681280482
2025-12-11,476.6300048828125,486.0299987792969,475.8599853515625,483.4700012207031,24669200,10.193114242763395,10.394140637842533,10.176646758612621,10.339393040526755
2025-12-12,479.8200073242187,482.4500122070313,476.3399963378906,478.5299987792969,21248100,10.26133499887786,10.317579758869682,10.186912177850395,10.233747133368299
2025-12-15,480.1000061035156,480.7200012207031,472.5199890136719,474.8200073242187,23727700,10.267322996939187,10.280582088886202,10.105218262937237,10.154405995895038
2025-12-16,471.9100036621094,477.8900146484375,470.8800048828125,476.3900146484375,20705600,10.092173237841896,10.220060560360775,10.070145889333148,10.187981859465928
2025-12-17,476.9100036621094,480.0,475.0,476.1199951171875,24527200,10.199102240824718,10.265184286350962,10.15825528336814,10.182207275613438
2025-12-18,478.19000244140625,489.6000061035156,477.8900146484375,483.9800109863281,28573500,10.226476039482607,10.470488102606549,10.220060560360775,10.350300007676712
2025-12-19,487.3599853515625,487.8500061035156,482.489990234375,485.9200134277344,70836100,10.422583465473114,10.433062951562562,10.318434720990698,10.391788513045475
2025-12-22,486.1199951171875,488.7300109863281,482.69000244140625,484.9200134277344,16963000,10.396065281579082,10.451882560510393,10.322712142167148,10.370402712448909
2025-12-23,484.9800109863281,487.8299865722656,484.739990234375,486.8500061035156,14683600,10.371685808273275,10.432634817859212,10.36655277233297,10.411677150965996
2025-12-24,485.6799926757813,489.1600036621094,484.8299865722656,488.0199890136719,5855900,10.386655477105167,10.461078298132634,10.368477416069519,10.436698172183986
2025-12-26,486.7099914550781,488.1199951171875,485.9599914550781,487.7099914550781,8842200,10.408682825613914,10.438836882772211,10.39264347516649,10.43006862621048
2025-12-29,484.8599853515625,488.3500061035156,484.1799926757813,487.1000061035156,10893400,10.369118963981702,10.443755851860844,10.35457677621032,10.417023601115138
2025-12-30,485.9299926757813,489.6799926757813,485.5,487.4800109863281,13944500,10.39200192725431,10.472198679491425,10.382806189632067,10.425150309764687
2025-12-31,487.8399963378906,488.1400146484375,483.2999877929687,483.6199951171875,15601600,10.432848884710888,10.439265016475561,10.335757167262487,10.342600780087672
2026-01-02,484.3900146484375,484.6600036621094,470.1600036621094,472.94000244140625,25571600,10.359068264238443,10.364842195448093,10.054748086797908,10.114200586350645
2026-01-05,474.05999755859375,476.0700073242187,469.5,472.8500061035156,25250300,10.138152578595943,10.181138246640744,10.040633380087035,10.112275942614094
2026-01-06,473.7999877929687,478.739990234375,469.75,478.510009765625,23037700,10.132592061595124,10.238237968753582,10.045979830236176,10.23331965230779
2026-01-07,479.760009765625,489.7000122070313,477.9500122070313,483.4700012207031,25564200,10.260051903053496,10.472626813194776,10.221343656185143,10.339393040526755
2026-01-08,481.239990234375,482.6600036621094,475.8599853515625,478.1099853515625,18162600,10.291702470244994,10.322070594254965,10.176646758612621,10.224764809954891
2026-01-09,474.05999755859375,479.8200073242187,472.2000122070313,479.2799987792969,18491000,10.138152578595943,10.26133499887786,10.098375302754896,10.249786483815722
2026-01-12,476.6700134277344,480.989990234375,475.6799926757813,477.1799926757813,23519900,10.193969857527252,10.286356020095852,10.172797471139523,10.20487617203437
2026-01-13,474.6799926757813,475.7799987792969,465.9500122070313,470.6700134277344,28545800,10.151411670542958,10.174936181727746,9.964714049026368,10.065655053947864
2026-01-14,466.4599914550781,468.2000122070313,457.1700134277344,459.3800048828125,28184300,9.975620363533483,10.01283210036864,9.776946745894245,9.824209182472657
2026-01-15,464.1199951171875,464.25,455.8999938964844,456.6600036621094,23225800,9.925577668454663,9.928357926955071,9.749786361445189,9.766039778744288
2026-01-16,457.8299865722656,463.19000244140625,456.4800109863281,459.8599853515625,34246700,9.791060799962278,9.90568903053414,9.762190491271188,9.83447394906759
2026-01-20,451.2200012207031,456.7999877929687,449.2799987792969,454.5199890136719,26130000,9.64970097128755,9.769033451453529,9.608212465918786,9.720273852199076
2026-01-21,452.6000061035156,452.69000244140625,438.6799926757813,444.1099853515625,37980500,9.679213480533663,9.681138124270213,9.381522849066636,9.497647589671699
2026-01-22,447.6199951171875,452.8399963378906,444.7000122070313,451.1400146484375,25349400,9.572711958611348,9.68434586383113,9.510265786349372,9.647990394402674
2026-01-23,451.8699951171875,471.1000061035156,450.5299987792969,465.9500122070313,38000200,9.663601611146747,10.074850791570107,9.634944716664492,9.964714049026368
2026-01-26,465.30999755859375,474.25,462.0,470.2799987792969,29291200,9.951026823376003,10.142215932920717,9.880239875612801,10.057314278446642
2026-01-27,473.7000122070313,482.8699951171875,473.1600036621094,480.5799865722656,29213900,10.130454003649744,10.326561429640249,10.118905488587602,10.27758776353412
2026-01-28,483.2099914550781,483.739990234375,478.0,481.6300048828125,36875400,10.333832523525938,10.345166971736404,10.222412685157833,10.300043245746217
2026-01-29,439.989990234375,442.5,421.0199890136719,433.5,128855300,9.409538195636708,9.463216763979792,9.003849532214165,9.270744558610712
2026-01-30,439.1700134277344,439.6000061035156,426.4500122070313,430.2900085449219,58566800,9.392002335156084,9.401198072778325,9.11997492546207,9.202096321435736
2026-02-02,430.239990234375,430.739990234375,422.25,423.3699951171875,42219900,9.201026639820203,9.211719540118485,9.030154301899362,9.05410629414466
2026-02-03,422.010009765625,422.0499877929687,408.55999755859375,411.2099914550781,61424100,9.025021918601896,9.025876880722912,8.737382639520966,8.794054880573295
2026-02-04,411.0,419.7999877929687,409.239990234375,414.19000244140625,45012400,8.789564045188012,8.977758829380642,8.751924827292349,8.85778480130248
2026-02-05,407.44000244140625,408.2999877929687,392.3200073242187,393.6700134277344,66289200,8.713430647275668,8.73182212252015,8.390077446678466,8.418948408012398
2026-02-06,399.1700134277344,401.7900085449219,392.9200134277344,401.1400146484375,53515300,8.536570311293502,8.592601004433648,8.402909057564974,8.578700364574448
2026-02-09,404.8500061035156,414.8900146484375,400.8699951171875,413.6000061035156,45480500,8.658041502047707,8.87275512277721,8.572925780721958,8.845167257267647
2026-02-10,419.6199951171875,423.6799926757813,412.7000122070313,413.2699890136719,44857900,8.973909541907544,9.060735840118168,8.825920167259309,8.83810957759079
2026-02-11,416.1799926757813,416.4599914550781,401.010009765625,404.3699951171875,42491000,8.900342335643934,8.906330333705258,8.57592010607404,8.647776082809933
2026-02-12,405.0,406.2000122070313,398.010009765625,401.8399963378906,40802400,8.661249241608624,8.686912463381638,8.511762704284347,8.59367003340634
2026-02-13,404.4500122070313,405.5400085449219,398.0499877929687,401.3200073242187,34091600,8.649487312337651,8.672797756670764,8.512617666405363,8.582549652047547
2026-02-17,399.2200012207031,400.5199890136719,394.5299987792969,396.8599853515625,32078800,8.537639340266194,8.565440619984592,8.43733988325688,8.487168511484025
2026-02-18,398.1300048828125,402.55999755859375,396.3200073242187,399.6000061035156,23223400,8.514328895933081,8.60906783594158,8.475620649064725,8.545766048915745
2026-02-19,400.69000244140625,404.4299926757813,396.6700134277344,398.4599914550781,28234000,8.569076493248858,8.649059178634301,8.483105809802092,8.521385922967097
2026-02-20,396.1099853515625,400.1199951171875,395.1600036621094,397.2300109863281,34015200,8.471129161036602,8.556886430274535,8.45081304205557,8.495081805924741
2026-02-23,395.0,395.3599853515625,383.1000061035156,384.4700012207031,43238300,8.447391235642979,8.455089810589179,8.19290033907243,8.222198781466869
2026-02-24,384.1400146484375,389.3599853515625,381.7099914550781,389.0,33884700,8.215141754432851,8.326775007009791,8.163173762974642,8.319076432063593
2026-02-25,390.5299987792969,401.4700012207031,390.1600036621094,400.6000061035156,43625500,8.351796680870622,8.585757391608466,8.343884039072748,8.567151849512308
2026-02-26,404.7099914550781,407.489990234375,398.739990234375,401.7200012207031,34405900,8.655047176695625,8.71449967624836,8.527373921028422,8.591103841757606
2026-02-27,390.8800048828125,396.8200073242187,389.8800048828125,392.739990234375,51367200,8.359281841607988,8.486313549363008,8.337896041011424,8.399059117449035
2026-03-02,392.8599853515625,401.19000244140625,390.6300048828125,398.5499877929687,35474900,8.401625309097767,8.57976939354714,8.353935391458847,8.523310566703646
2026-03-03,393.1400146484375,406.7000122070313,392.6700134277344,403.9299926757813,38199200,8.407613959801933,8.697605363679921,8.397562607415834,8.63836627833602
2026-03-04,401.2699890136719,411.0299987792969,400.30999755859375,405.2000122070313,35808000,8.581479970432015,8.790205593100195,8.560949784599309,8.665526662785075
2026-03-05,404.4200134277344,411.6099853515625,404.3999938964844,410.6799926757813,39001300,8.648845764425467,8.802609070283353,8.648417630722118,8.78272043236283
2026-03-06,409.2000122070313,413.0499877929687,408.510009765625,408.9599914550781,31123900,8.751069865171333,8.833404675353831,8.736313610548274,8.745936829231024
2026-03-09,404.9200134277344,410.2099914550781,403.5,409.4100036621094,30131900,8.65953866472375,8.77266907997673,8.629170540713778,8.755560700556615
2026-03-10,410.0299987792969,410.2000122070313,402.9299926757813,405.760009765625,31706400,8.76881979250363,8.772455665767897,8.616980477739455,8.677502658907722
2026-03-11,405.5700073242187,409.010009765625,401.5899963378906,404.8800048828125,25512100,8.673439304582947,8.747006510846557,8.588323583257198,8.65868304995989
2026-03-12,404.6300048828125,406.1199951171875,401.7099914550781,401.8599853515625,27263900,8.65333659981075,8.685201233853922,8.590889774905932,8.594097514466847
2026-03-13,401.0,404.7999877929687,394.25,395.5499877929687,26848000,8.575706039222366,8.656971820432174,8.431351885195555,8.459153164913952
2026-03-16,398.0700073242187,400.6300048828125,394.7900085449219,399.9500122070313,27733700,8.513045800108713,8.567793397424492,8.442900400257695,8.55325120965311
2026-03-17,400.2699890136719,404.3999938964844,397.75,399.4100036621094,26228300,8.560094169835452,8.648417630722118,8.506202187283531,8.54170269459097
2026-03-18,397.1300048828125,398.0,391.0,391.7900085449219,25908500,8.492943095336516,8.511548637432673,8.361848033256722,8.378742998468002
2026-03-19,390.1000061035156,392.489990234375,387.05999755859375,389.0199890136719,25138800,8.342600943248382,8.393712667299893,8.27758792669483,8.319503913124102
2026-03-20,386.7900085449219,387.0,380.1199951171875,381.8699951171875,50853200,8.27181399548518,8.276304830870464,8.129170418343245,8.166595569387233
2026-03-23,383.8999938964844,387.2099914550781,381.6799926757813,383.0,29680100,8.210008718492546,8.280795666255747,8.162532215062459,8.190761628484205
2026-03-24,382.3599853515625,382.4700012207031,371.8500061035156,372.739990234375,42733600,8.17707440283384,8.17942718027374,7.952310082361079,7.971343105517745
2026-03-25,376.9200134277344,377.05999755859375,369.6300048828125,371.0400085449219,31181200,8.060736248019943,8.063729920729184,7.904833578930992,7.934987636089289
2026-03-26,370.8200073242187,374.7200012207031,365.19000244140625,365.9700012207031,36836600,7.93028273385233,8.013687225650365,7.809880572070819,7.826561470430425
2026-03-27,361.8999938964844,362.4500122070313,356.510009765625,356.7699890136719,37883400,7.739521105368126,7.751283687281942,7.62425197952692,7.629811843884895
2026-03-30,361.8999938964844,365.3599853515625,356.2799987792969,358.9599914550781,44797000,7.739521105368126,7.813515792692244,7.619333010438288,7.676646799402799
2026-03-31,364.5499877929687,372.8999938964844,363.0700073242187,370.1700134277344,45244400,7.796193346420453,7.974764911930335,7.764542779228955,7.916382093993132
2026-04-01,373.489990234375,373.989990234375,368.2000122070313,369.3699951171875,29417200,7.987382455965168,7.99807535626345,7.874252040712188,7.8992730619301765
2026-04-02,367.2099914550781,373.6400146484375,364.1499938964844,373.4599914550781,24099100,7.853079654324456,7.9905908481689245,7.787639156710396,7.986740908052984
2026-04-06,373.489990234375,373.7300109863281,369.5,372.8800048828125,16146600,7.987382455965168,7.992515491905475,7.902053320430585,7.974337430869827
2026-04-07,370.3399963378906,372.4500122070313,366.55999755859375,372.2900085449219,21443300,7.920017314614558,7.965141693247587,7.839179014465257,7.961719886834994
2026-04-08,384.9800109863281,385.0,371.4100036621094,374.3299865722656,33064800,8.233105748616826,8.233533229677334,7.942900277887164,8.00534645014914
2026-04-09,372.5,373.5,367.0499877929687,373.0700073242187,30435300,7.966210722220278,7.987596522816842,7.849657847911864,7.9784007851946
2026-04-10,372.9800109863281,375.6400146484375,370.0299987792969,370.8699951171875,28111100,7.976476141458051,8.033362449362054,7.91338776864105,7.931351762825023
2026-04-13,373.6099853515625,384.5400085449219,371.0199890136719,384.3699951171875,35745800,7.989948647613901,8.22369594414291,7.93455950238594,8.220060070878644
2026-04-14,387.9200134277344,394.69000244140625,386.5199890136719,393.1099853515625,37504500,8.295980054582152,8.440761689669472,8.26603941163269,8.40697175924691
2026-04-15,398.0,414.3699951171875,396.7300109863281,411.2200012207031,45063400,8.511548637432673,8.86163408877558,8.484388905626458,8.79426894742497
2026-04-16,419.8599853515625,420.8200073242187,412.1400146484375,420.260009765625,41642400,8.97904192520501,8.999572763680556,8.813944171136658,8.987596767557907
2026-04-17,424.8200073242187,431.5799865722656,420.69000244140625,422.7900085449219,48568200,9.085115966066812,9.22968353430246,8.99679250518015,9.041702816961502
2026-04-20,421.1499938964844,423.3299865722656,416.2999877929687,418.0700073242187,27582200,9.006629790714573,9.053250679380803,8.902908527292666,8.940761812040003
2026-04-21,420.239990234375,427.1799926757813,417.2000122070313,424.1600036621094,32048500,8.987168633854559,9.135586142206144,8.922156269943848,9.071001259355942
2026-04-22,426.19000244140625,433.7000122070313,423.6700134277344,432.9200134277344,29378200,9.114414408461254,9.275021979787162,9.060522425909333,9.258341081427554
2026-04-23,419.8900146484375,423.6600036621094,411.4100036621094,415.75,38308000,8.979684125760032,9.06030835905766,8.798332301749744,8.891146598021693
2026-04-24,416.9700012207031,424.9500122070313,415.7999877929687,424.6199951171875,27457400,8.917237300855215,9.087896224567224,8.892215626994384,9.080838544890366
2026-04-27,422.3800048828125,427.1099853515625,417.0700073242187,424.8200073242187,30867300,9.03293456039977,9.134088979530102,8.919376011443438,9.085115966066812
2026-04-28,424.5700073242187,429.9200134277344,421.8999938964844,429.25,30438100,9.079769515917672,9.194183679637861,9.022669141161996,9.179854906075313
2026-04-29,424.5799865722656,426.8200073242187,420.2900085449219,424.4599914550781,38288300,9.079982930126507,9.127887567259942,8.98823831547009,9.077416738477774
2026-04-30,410.80999755859375,414.4200134277344,398.010009765625,407.7799987792969,70909400,8.785500690863238,8.862703770391112,8.511762704284347,8.72070174116136
2026-05-01,412.7999877929687,417.1099853515625,410.44000244140625,414.44000244140625,31372400,8.82805822520469,8.920230973564458,8.777588049065363,8.86313125145162
2026-05-04,411.5400085449219,420.7799987792969,410.7999877929687,413.6199951171875,28066500,8.801112560250152,8.998717148916699,8.785286624011562,8.845594738328156
2026-05-05,415.3200073242187,416.7799987792969,408.7999877929687,411.3800048828125,25700900,8.881950860399451,8.91317394653044,8.742515022818433,8.79769075383756
2026-05-06,408.0,418.4200134277344,405.1099853515625,413.9599914550781,30285900,8.725406643398317,8.948246972777369,8.663601366405683,8.852865832213848
2026-05-07,420.1099853515625,427.9800109863281,418.760009765625,420.7699890136719,34942400,8.98438837535415,9.152695174269098,8.95551806666306,8.998503082065024
2026-05-08,417.3900146484375,418.6300048828125,414.0,415.1199951171875,33383800,8.926219624268622,8.952737808162652,8.853721446977705,8.877673439223003
2026-05-11,407.8699951171875,412.69000244140625,405.5,412.6600036621094,35657900,8.722626384897909,8.825706100407633,8.671942141906907,8.82506455249545
2026-05-12,414.4800109863281,415.5,406.6400146484375,407.7699890136719,38594200,8.863986866215479,8.885800147872551,8.696322267855553,8.720487674309686
2026-05-13,403.2000122070313,406.30999755859375,401.0299987792969,405.2099914550781,29667100,8.622755061591945,8.689264588178697,8.57634758713455,8.665740076993908
2026-05-14,404.4800109863281,411.8399963378906,400.8800048828125,409.4299926757813,27077500,8.650128860249833,8.807528039371984,8.573139847573634,8.755988181617125
2026-05-15,414.2699890136719,428.1700134277344,412.9100036621094,421.9200134277344,50771200,8.859495378187354,9.156758528593874,8.83041100264459,9.023097274865345
2026-05-18,416.6199951171875,425.1199951171875,415.6099853515625,423.5400085449219,32564100,8.909752140117849,9.091531445188648,8.88815227266961,9.057742167408925
2026-05-19,429.8999938964844,432.7000122070313,416.489990234375,417.4200134277344,33018700,9.193755545934513,9.253636179190599,8.90697188161744,8.926861172180805
2026-05-20,414.1700134277344,422.1000061035156,411.2999877929687,421.05999755859375,27864000,8.85735732024197,9.026946562338445,8.795979524309843,9.004705146978022
2026-05-21,424.75,426.3399963378906,415.7099914550781,419.0899963378906,31393500,9.083618803390774,9.11762214802217,8.890290983257835,8.962575093697078
2026-05-22,419.5400085449219,424.3999938964844,416.3299865722656,418.5700073242187,22390300,8.972198965022667,9.076133642653408,8.90355007520485,8.951454712338284
2026-05-26,416.4299926757813,419.7699890136719,413.0199890136719,416.0299987792969,30398000,8.905688785793076,8.977117281468459,8.832763127441648,8.897134596083017
2026-05-27,411.010009765625,415.94000244140625,409.5799865722656,412.6700134277344,28901500,8.789778112039686,8.895209952346468,8.75919592117804,8.825278619347124
2026-05-28,412.9800109863281,429.489990234375,412.6700134277344,426.989990234375,47250500,8.831908165320632,9.18498728937278,8.825278619347124,9.13152278788137
2026-05-29,432.5499877929687,450.3299865722656,432.3599853515625,450.239990234375,79654400,9.250427786986839,9.630667295488044,9.246364432662066,9.628742651751493
2026-06-01,464.8399963378906,466.3200073242187,458.2699890136719,460.5199890136719,53628900,9.940975470989903,9.97262669082424,9.800470604436192,9.848588655778464
2026-06-02,446.8800048828125,453.5,440.4299926757813,441.30999755859375,37036800,9.5568866750156,9.698460570542002,9.418948000110625,9.437767609058454
2026-06-03,438.4500122070313,440.3900146484375,424.25,427.3399963378906,39037000,9.376604532620844,9.418093037989605,9.072925903092491,9.139007948618735
2026-06-04,435.80999755859375,436.1499938964844,426.4100036621094,428.0499877929687,26899500,9.32014570577735,9.327416799663041,9.119119310698212,9.1541916843023
2026-06-05,428.3399963378906,429.4700012207031,414.3999938964844,416.6700134277344,34782200,9.160393749215299,9.18455980831227,8.862275636687762,8.910821821733382
2026-06-08,414.1400146484375,417.1600036621094,408.55999755859375,411.739990234375,32086700,8.856715772329787,8.921300655179989,8.737382639520966,8.80538932878376
2026-06-09,409.0299987792969,411.9800109863281,398.4800109863281,403.4100036621094,35317300,8.747433991907066,8.810522364724067,8.521814056670447,8.627245896977227
2026-06-10,398.5499877929687,405.0400085449219,397.1600036621094,397.3599853515625,32576000,8.523310566703646,8.662104856372482,8.493584643248699,8.497861411782308
2026-06-11,395.2099914550781,396.8500061035156,384.0,390.3399963378906,47224100,8.451882071028262,8.486955097275192,8.212147429080769,8.347733326545848
2026-06-12,391.4299926757813,391.739990234375,382.2699890136719,390.739990234375,34865800,8.371043770878963,8.37767331685247,8.175149759097291,8.356287516255906
2026-06-15,396.7999877929687,401.75,392.8500061035156,399.760009765625,32266400,8.485885415659657,8.59174538966979,8.401411894888934,8.549187855328336
2026-06-16,395.7900085449219,396.8399963378906,390.69000244140625,393.8299865722656,31506800,8.46428620085426,8.486741030423516,8.355218487283214,8.42236956178215
2026-06-17,390.25,390.3699951171875,377.3200073242187,378.9100036621094,41987800,8.345808682809297,8.348374874458031,8.069290437729999,8.103293782361398
2026-06-18,377.8200073242187,381.3699951171875,373.2799987792969,379.3999938964844,59714200,8.079983338028281,8.15590266908895,7.982891620579885,8.113772615808005
2026-06-22,375.55999755859375,381.6300048828125,367.0700073242187,367.3399963378906,44081827,8.031651219834337,8.161463186089767,7.850085981615213,7.855859912824864
