Date,Open,High,Low,Close,Volume,OpenNorm,HighNorm,LowNorm,CloseNorm
2015-01-02,206.3800048828125,206.8800048828125,204.17999267578125,205.42999267578125,121465900,1.0046245058701364,1.0070584250534425,0.9939152020417349,1.0
2015-01-05,204.1699981689453,204.3699951171875,201.3500061035156,201.72000122070312,169632600,0.9938665503979036,0.9948401032157622,0.9801392848282633,0.9819403612551678
2015-01-06,202.08999633789065,202.72000122070312,198.86000061035156,199.82000732421875,209151400,0.9837414376820725,0.9868081996217799,0.9680183405555647,0.9726914980695325
2015-01-07,201.4199981689453,202.72000122070312,200.8800048828125,202.30999755859375,125346700,0.9804799948897205,0.9868081996217799,0.9778513948537703,0.9848123680649125
2015-01-08,204.0099945068359,206.16000366210935,203.9900054931641,205.8999938964844,147217800,0.993087678432689,1.0035535754872962,0.9929903751450266,1.0022878899744934
2015-01-09,206.3999938964844,206.4199981689453,203.5099945068359,204.25,158567300,1.0047218091577994,1.0048191867227807,0.990653759249383,0.9942559863805108
2015-01-12,204.41000366210935,204.6000061035156,201.9199981689453,202.6499938964844,144396100,0.9950348583457251,0.9959597595197525,0.9829139140730265,0.9864674152830042
2015-01-13,204.1199951171875,205.47999572753903,200.5099945068359,202.0800018310547,214553300,0.9936231436241092,1.0002434067737942,0.9760502441495469,0.983692786038241
2015-01-14,199.6499938964844,201.1000061035156,198.57000732421875,200.86000061035156,192991100,0.971863900183168,0.9789223252366103,0.9666067001112674,0.9777540172887887
2015-01-15,201.6300048828125,202.0099945068359,198.8800048828125,199.02000427246097,176613900,0.9815022736287293,0.9833520016994649,0.9681157181205462,0.9687972125207792
2015-01-16,198.77000427246097,201.82000732421875,198.5500030517578,201.6300048828125,211879600,0.9675802529291262,0.9824271748027565,0.966509322546286,0.9815022736287293
2015-01-20,202.3999938964844,202.72000122070312,200.1699981689453,202.05999755859375,130991100,0.9852504556913512,0.9868081996217799,0.9743951969314554,0.9835954084732594
2015-01-21,201.5,203.66000366210935,200.94000244140625,203.0800018310547,122942700,0.9808694308723277,0.9913839795707661,0.978143453271396,0.9885606244048529
2015-01-22,203.9900054931641,206.2599945068359,202.3300018310547,206.1000061035156,174356000,0.9929903751450266,1.004040314757566,0.984909745629894,1.0032615170696706
2015-01-23,205.7899932861328,206.1000061035156,204.80999755859375,204.97000122070312,117516800,1.0017524247830731,1.0032615170696706,0.9969819639814426,0.997760835946657
2015-01-26,204.7100067138672,205.55999755859375,203.8500061035156,205.4499969482422,92009700,0.9964952247111727,1.0006328427564015,0.9923088807447934,1.0000973775649815
2015-01-27,202.97000122070312,204.1199951171875,201.7400054931641,202.7400054931641,134044600,0.9880251592134329,0.9936231436241092,0.9820377388201494,0.9869055771867615
2015-01-28,204.1699981689453,204.2899932861328,199.91000366210935,200.13999938964844,168514300,0.9938665503979036,0.994450667233155,0.973129585695971,0.9742491677226426
2015-01-29,200.3800048828125,202.3000030517578,198.67999267578125,201.9900054931641,173585400,0.9754174756704642,0.9847637164210811,0.9671420910253686,0.9832546984118025
2015-01-30,200.57000732421875,202.1699981689453,199.1300048828125,199.4499969482422,197729700,0.9763423768444915,0.9841308736646796,0.9693326777121991,0.9708903473653092
2015-02-02,200.0500030517578,202.02999877929688,197.86000061035156,201.9199981689453,163107000,0.973811080096204,0.9834493792644465,0.9631505021889526,0.9829139140730265
2015-02-03,203.0,204.8500061035156,202.5500030517578,204.83999633789065,124212900,0.9881711884222457,0.9971767191114055,0.9859806760127341,0.9971279931902556
2015-02-04,203.9199981689453,205.3800048828125,203.5099945068359,204.05999755859375,134306700,0.9926495908062506,0.9997566675035244,0.990653759249383,0.9933310852064835
2015-02-05,204.86000061035156,206.3000030517578,204.77000427246097,206.1199951171875,97953200,0.9972253707552369,1.0042350698875293,0.9967872831287985,1.0033588203573334
2015-02-06,206.55999755859375,207.2400054931641,204.9199981689453,205.5500030517578,125672000,1.0055006811230136,1.0088108498365158,0.9975174291728627,1.0005841911125704
2015-02-09,204.77000427246097,205.63999938964844,204.13999938964844,204.6300048828125,87219000,0.9967872831287985,1.0010222787390088,0.9937205211890907,0.9961057887285655
2015-02-10,205.8800048828125,207.1199951171875,204.67999267578125,206.80999755859375,96164200,1.0021905866868306,1.0082266587239455,0.9963491212250409,1.0067176407146667
2015-02-11,206.61000061035156,207.4499969482422,205.8300018310547,206.92999267578125,91087800,1.005744087896808,1.0098330542982057,1.0019471799130362,1.0073017575499181
2015-02-12,207.88999938964844,208.9900054931641,206.97000122070312,208.9199981689453,97545900,1.011974915063886,1.0173295669780869,1.0074965126798812,1.016988782639311
2015-02-13,209.07000732421875,209.83999633789065,208.7599945068359,209.77999877929688,93670400,1.017719002960694,1.0214671850233157,1.0162099106740963,1.0211751266056899
2015-02-17,209.3999938964844,210.32000732421875,209.1000061035156,210.11000061035156,76968200,1.0193253242576354,1.023803800918959,1.0178650321695066,1.02278152217995
2015-02-18,209.66000366210935,210.22000122070312,209.33999633789065,210.1300048828125,80652900,1.0205910097704385,1.0233169873713703,1.0190332658400099,1.0228788997449316
2015-02-19,209.41000366210935,210.4199981689453,209.2400054931641,209.97999572753903,91462500,1.0193740501787854,1.0242905401892288,1.0185465265697398,1.0221486794235484
2015-02-20,209.47999572753903,211.3300018310547,208.72999572753903,211.2400054931641,140896400,1.0197147602402423,1.0287202909294024,1.0160638814652834,1.028282203302964
2015-02-23,210.94000244140625,211.2100067138672,210.47999572753903,211.2100067138672,74411100,1.0268218369375164,1.028136174094151,1.0245825986068544,1.028136174094151
2015-02-24,211.1199951171875,212.0500030517578,210.7599945068359,211.80999755859375,72472300,1.0276980121903936,1.0322251404955485,1.0259455874073204,1.031056832547727
2015-02-25,211.66000366210935,212.2400054931641,211.22000122070312,211.6300048828125,73061700,1.0303266865036624,1.033150041669576,1.0281848257379822,1.0301806572948498
2015-02-26,211.52000427246097,211.7100067138672,210.6499938964844,211.3800048828125,72697900,1.0296451921034298,1.030570093277457,1.0254101222159004,1.0289636977031968
2015-02-27,211.2599945068359,211.5800018310547,210.6000061035156,210.66000366210935,108076000,1.0283795065906263,1.0299372505210553,1.0251667897194248,1.0254588481370503
2015-03-02,210.77999877929688,212.05999755859375,210.72000122070312,211.9900054931641,87491400,1.026042964972302,1.0322737921393799,1.0257509065546764,1.031933082077923
2015-03-03,211.47000122070312,212.0500030517578,210.0800018310547,211.1199951171875,110325800,1.0294017853296353,1.0322251404955485,1.0226354929711374,1.0276980121903936
2015-03-04,210.3999938964844,210.4900054931641,209.05999755859375,210.22999572753903,114497200,1.0241931626242475,1.024631324528005,1.0176702770395438,1.0233656390152015
2015-03-05,210.6199951171875,210.8000030517578,209.8500061035156,210.4600067138672,76873000,1.0252640930070875,1.0261403425372835,1.0215159109444656,1.0244852953191919
2015-03-06,209.4199981689453,209.94000244140625,207.1000061035156,207.5,188128000,1.0194227018226167,1.0219539985709043,1.0081293554362825,1.0100764610719999
2015-03-09,207.7400054931641,208.7899932861328,207.5500030517578,208.36000061035156,89818900,1.0112447690198219,1.0163559398829092,1.0103198678457943,1.014262805038379
2015-03-10,206.7100067138672,206.80999755859375,204.92999267578125,204.97999572753903,157121300,1.0062309014443966,1.0067176407146667,0.997566080816694,0.9978094875904882
2015-03-11,205.2899932861328,205.5,204.3999938964844,204.5,110145700,0.9993185055997671,1.000340784338776,0.9949861324245752,0.9954729459721638
2015-03-12,205.2599945068359,207.17999267578125,205.1999969482422,207.1000061035156,93993500,0.9991724763909541,1.008518717141571,0.9988804179733285,1.0081293554362825
2015-03-13,206.77000427246097,207.92999267578125,204.5800018310547,205.8300018310547,162410900,1.0065229598620227,1.0121695959165302,0.9958623819547711,1.0019471799130362
2015-03-16,206.7100067138672,208.69000244140625,205.86000061035156,208.5800018310547,136099200,1.0062309014443966,1.0158692006126393,1.002093209121849,1.0153337354212193
2015-03-17,207.69000244140625,208.4199981689453,206.97999572753903,207.9600067138672,94510400,1.0110013622460272,1.0145548634560049,1.0075451643237123,1.0123156994026619
2015-03-18,207.38999938964844,211.27000427246097,206.6199951171875,210.4600067138672,228808500,1.0095409958805799,1.0284282325117768,1.0057927395406394,1.0244852953191919
2015-03-19,209.9600067138672,210.47000122070312,209.02999877929688,209.5,117917300,1.0220513761358858,1.0245339469630232,1.017524247830731,1.019812137805224
2015-03-20,209.7100067138672,211.02000427246097,209.4900054931641,210.41000366210935,177715100,1.020834416544233,1.0272112729201237,1.019763486161393,1.0242418885453974
2015-03-23,210.4199981689453,211.11000061035156,210.0,210.0,71784500,1.0242905401892288,1.0276493605465622,1.02224605698853,1.02224605698853
2015-03-24,209.8500061035156,210.3999938964844,208.7400054931641,208.82000732421875,77805300,1.0215159109444656,1.0241931626242475,1.016112607386434,1.0165020433690408
2015-03-25,209.07000732421875,209.3500061035156,205.7100067138672,205.7599945068359,159521700,1.017719002960694,1.0190819917611598,1.0013630630777848,1.00160639557426
2015-03-26,204.9600067138672,206.3699951171875,204.1199951171875,205.27000427246097,153067200,0.9977121843028257,1.0045757799489863,0.9936231436241092,0.9992212023121045
2015-03-27,205.1300048828125,205.9499969482422,204.8999938964844,205.7400054931641,118939000,0.9985397079118714,1.0025312967482876,0.9974200516078813,1.0015090922865977
2015-03-30,206.97999572753903,208.61000061035156,206.9600067138672,208.25,96180400,1.0075451643237123,1.0154797646300322,1.0074478610360498,1.013727339846959
2015-03-31,207.2599945068359,208.1000061035156,206.36000061035156,206.42999267578125,126768700,1.0089081531241781,1.0129971938028945,1.004527128305155,1.004867838366612
2015-04-01,206.38999938964844,206.4199981689453,204.5099945068359,205.6999969482422,137303600,1.0046731575139678,1.0048191867227807,0.995521597615995,1.0013143371566344
2015-04-02,205.6199951171875,206.97999572753903,205.3999938964844,206.44000244140625,86900900,1.0009249011740273,1.0075451643237123,0.9998539707911873,1.0049165642877622
2015-04-06,205.3699951171875,208.4499969482422,205.2100067138672,207.8300018310547,114368200,0.9997079415823743,1.0147008926648176,0.9989291438944786,1.0116828566462601
2015-04-07,207.86000061035156,208.7599945068359,207.2400054931641,207.27999877929688,81236300,1.011828885855073,1.0162099106740963,1.0088108498365158,1.0090055306891599
2015-04-08,207.5500030517578,208.5099945068359,207.0800018310547,207.97999572753903,89351900,1.0103198678457943,1.0149929510824431,1.0080319778713012,1.0124130026903244
2015-04-09,207.77999877929688,209.17999267578125,207.19000244140625,208.8999938964844,85548900,1.011439449872466,1.0182543938747952,1.0085674430627212,1.0168914050743294
2015-04-10,209.1999969482422,210.08999633789065,208.9600067138672,210.0399932861328,72722900,1.0183517714397767,1.0226841446149688,1.017183537769274,1.0224407378411744
2015-04-13,209.8699951171875,210.6300048828125,209.02999877929688,209.08999633789065,74436600,1.0216132142321286,1.0253128189282377,1.017524247830731,1.0178163062483567
2015-04-14,208.8500061035156,209.7100067138672,208.1000061035156,209.4900054931641,75099900,1.0166480725778537,1.020834416544233,1.0129971938028945,1.019763486161393
2015-04-15,210.0500030517578,211.0399932861328,209.9499969482422,210.42999267578125,99529300,1.0224894637623245,1.0273085762077863,1.0220026502147357,1.0243391918330602
2015-04-16,210.02999877929688,210.97999572753903,209.7899932861328,210.3699951171875,68934900,1.022392086197343,1.0270165177901605,1.0212237782495213,1.0240471334154346
2015-04-17,208.94000244140625,209.22999572753903,207.0099945068359,207.9499969482422,191113200,1.0170861602042924,1.0184978006485894,1.0076911935325252,1.0122669734815117
2015-04-20,209.05999755859375,210.25,208.9600067138672,209.8500061035156,92189500,1.0176702770395438,1.023463016580183,1.017183537769274,1.0215159109444656
2015-04-21,210.6699981689453,210.86000061035156,209.2400054931641,209.6000061035156,72559800,1.025507499780882,1.0264324009549093,1.0185465265697398,1.0202989513528127
2015-04-22,210.0099945068359,210.8500061035156,208.8999938964844,210.6300048828125,78264600,1.0222947086323613,1.0263837493110777,1.0168914050743294,1.0253128189282377
2015-04-23,210.1499938964844,211.94000244140625,210.0099945068359,211.16000366210935,102585900,1.0229762030325946,1.0316896753041285,1.0222947086323613,1.0278927673203564
2015-04-24,211.66000366210935,211.97000122070312,211.11000061035156,211.6499938964844,61327400,1.0303266865036624,1.0318357045129414,1.0276493605465622,1.0302779605825125
2015-04-27,212.3300018310547,212.47999572753903,210.5399932861328,210.77000427246097,79358100,1.0335881292960145,1.0343182753400786,1.0248746570244802,1.0259943133284708
2015-04-28,210.7400054931641,211.5,209.3300018310547,211.44000244140625,86863500,1.025848284119658,1.0295478145384482,1.0189846141961783,1.0292557561208224
2015-04-29,210.3699951171875,211.2899932861328,209.6000061035156,210.57000732421875,125684900,1.0240471334154346,1.0285255357994394,1.0202989513528127,1.025020760510612
2015-04-30,209.8800048828125,210.3500061035156,207.6199951171875,208.4600067138672,161304900,1.0216619401532787,1.0239498301277716,1.0106605779072515,1.014749618585968
2015-05-01,209.3999938964844,210.77000427246097,209.27999877929688,210.72000122070312,103399700,1.0193253242576354,1.0259943133284708,1.0187412074223838,1.0257509065546764
2015-05-04,211.22999572753903,212.02000427246097,211.1000061035156,211.32000732421875,70927200,1.0282334773818136,1.0320791112867358,1.0276007089027308,1.028671639285571
2015-05-05,211.02999877929688,211.4600067138672,208.72999572753903,208.8999938964844,113326200,1.027259924563955,1.029353133685804,1.0160638814652834,1.0168914050743294
2015-05-06,209.55999755859375,209.92999267578125,206.7599945068359,208.0399932861328,135060200,1.0201041962228499,1.0219052726497542,1.006474233940872,1.0127050611079502
2015-05-07,207.9199981689453,209.3800048828125,207.52000427246097,208.8699951171875,88244900,1.0121209442726988,1.0192280209699727,1.0101738386369816,1.0167453758655165
2015-05-08,210.8800048828125,211.86000061035156,210.77999877929688,211.6199951171875,155877300,1.0265297785198908,1.0313002393215212,1.026042964972302,1.0301319313736996
2015-05-11,211.57000732421875,211.88999938964844,210.52000427246097,210.61000061035156,75708100,1.029888598877224,1.031446268530334,1.0247773537368177,1.0252154413632562
2015-05-12,209.61000061035156,210.6300048828125,208.6199951171875,209.97999572753903,119727600,1.020347602996644,1.0253128189282377,1.0155284162738634,1.0221486794235484
2015-05-13,210.47000122070312,211.22000122070312,209.7400054931641,210.02000427246097,94667900,1.0245339469630232,1.0281848257379822,1.0209804457530458,1.0223434345535118
2015-05-14,211.2400054931641,212.32000732421875,210.91000366210935,212.2100067138672,95934000,1.028282203302964,1.0335394776521831,1.0266758077287035,1.033004012460763
2015-05-15,212.44000244140625,212.61000061035156,211.86000061035156,212.44000244140625,76510100,1.0341235944874345,1.0349511180964803,1.0313002393215212,1.0341235944874345
2015-05-18,212.2400054931641,213.3999938964844,212.16000366210935,213.1000061035156,74549700,1.033150041669576,1.0387966777240836,1.0327606056869685,1.0373363856359548
2015-05-19,213.2400054931641,213.57000732421875,212.69000244140625,213.02999877929688,72114600,1.0380178800361881,1.0396242756104481,1.0353405540790874,1.036995601297179
2015-05-20,213.1499938964844,213.77999877929688,212.5,212.8800048828125,76857500,1.0375797181324307,1.0406464800721382,1.0344156529050603,1.0362654552531148
2015-05-21,212.7100067138672,213.75,212.5099945068359,213.5,64764600,1.035437931644069,1.0405004508633253,1.0344643045488915,1.0392834912716722
2015-05-22,213.0399932861328,213.5399932861328,212.91000366210935,212.9900054931641,57433500,1.0370442529410104,1.0394781721243165,1.0364114844619274,1.036800920444535
2015-05-26,212.3999938964844,212.91000366210935,210.1999969482422,210.6999969482422,124308600,1.0339288393574717,1.0364114844619274,1.0232196098063888,1.0256535289896949
2015-05-27,211.25,212.97999572753903,210.7599945068359,212.6999969482422,93214000,1.028330854946795,1.0367521945233846,1.0259455874073204,1.0353892057229188
2015-05-28,212.3300018310547,212.58999633789065,211.6300048828125,212.4600067138672,74974600,1.0335881292960145,1.0348537405314988,1.0301806572948498,1.034220972052416
2015-05-29,212.3800048828125,212.42999267578125,210.82000732421875,211.13999938964844,124919600,1.0338315360698087,1.0340748685662844,1.026237720102265,1.027795389755375
2015-06-01,211.94000244140625,212.33999633789065,210.6199951171875,211.57000732421875,93338800,1.0316896753041285,1.033636780939846,1.0252640930070875,1.029888598877224
2015-06-02,211.02000427246097,212.19000244140625,210.27000427246097,211.36000061035156,91531000,1.0272112729201237,1.0329066348957814,1.0235603941451648,1.0288663201382153
2015-06-03,212.0,212.6699981689453,211.3300018310547,211.9199981689453,87820900,1.0319817337217543,1.035243176514106,1.0287202909294024,1.031592297739147
2015-06-04,211.07000732421875,211.86000061035156,209.75,210.1300048828125,151882800,1.0274546796939181,1.0313002393215212,1.0210290973968772,1.0228788997449316
2015-06-05,209.9499969482422,210.5800018310547,208.97999572753903,209.77000427246097,121704700,1.0220026502147357,1.0250694121544432,1.0172808410569365,1.0211264749618587
2015-06-08,209.63999938964844,209.82000732421875,208.38999938964844,208.47999572753903,89063300,1.020493632205457,1.021369881735653,1.014408834247192,1.0148469218736305
2015-06-09,208.4499969482422,209.1000061035156,207.69000244140625,208.4499969482422,105034700,1.0147008926648176,1.0178650321695066,1.0110013622460272,1.0147008926648176
2015-06-10,209.3699951171875,211.41000366210935,209.3000030517578,210.9499969482422,134551300,1.0191792950488225,1.0291097269120095,1.0188385849873653,1.0268704885813478
2015-06-11,211.47999572753903,212.08999633789065,211.1999969482422,211.6300048828125,73876400,1.0294504369734665,1.032419821348193,1.0280874481730007,1.0301806572948498
2015-06-12,210.63999938964844,211.47999572753903,209.67999267578125,210.0099945068359,135382400,1.025361470572069,1.0294504369734665,1.0206883130581013,1.0222947086323613
2015-06-15,208.63999938964844,209.4499969482422,207.7899932861328,209.11000061035156,124384200,1.0156257938388449,1.0195687310314296,1.011488101516297,1.017913683813338
2015-06-16,208.92999267578125,210.3500061035156,208.72000122070312,210.25,85308200,1.017037434283142,1.0239498301277716,1.0160152298214522,1.023463016580183
2015-06-17,210.58999633789065,211.32000732421875,209.36000061035156,210.58999633789065,126708600,1.0251180637982749,1.028671639285571,1.0191306434049912,1.0251180637982749
2015-06-18,211.30999755859375,213.33999633789065,210.6300048828125,212.77999877929688,165867900,1.028622913364421,1.038504619306458,1.0253128189282377,1.0357786417055261
2015-06-19,211.4600067138672,211.5500030517578,210.36000061035156,210.80999755859375,130478700,1.029353133685804,1.0297912213122424,1.0239984817716032,1.0261889941811149
2015-06-22,211.91000366210935,212.58999633789065,211.63999938964844,211.88999938964844,70696000,1.0315436460953156,1.0348537405314988,1.0302293089386811,1.031446268530334
2015-06-23,212.13999938964844,212.44000244140625,211.57000732421875,212.0399932861328,68476800,1.0326632281219872,1.0341235944874345,1.029888598877224,1.0321764145743983
2015-06-24,211.72000122070312,212.1699981689453,210.47000122070312,210.5,92307300,1.0306187449212882,1.0328092573308,1.0245339469630232,1.0246799761718361
2015-06-25,211.1000061035156,211.25,209.77000427246097,209.86000061035156,97107400,1.0276007089027308,1.028330854946795,1.0211264749618587,1.0215645625882972
2015-06-26,210.2899932861328,210.5800018310547,209.16000366210935,209.82000732421875,104174800,1.0236576974328273,1.0250694121544432,1.0181570905871324,1.021369881735653
2015-06-29,208.0500030517578,209.8300018310547,205.3300018310547,205.4199981689453,202621300,1.0127537870291003,1.0214185333794843,0.9995132607297301,0.9999513483561686
2015-06-30,207.2599945068359,207.32000732421875,205.27999877929688,205.8500061035156,182925100,1.0089081531241781,1.009200285819123,0.9992698539559357,1.0020445574780175
2015-07-01,207.72999572753903,208.02999877929688,206.55999755859375,207.5,135979900,1.0111960430986713,1.0126564094641188,1.0055006811230136,1.0100764610719999
2015-07-02,208.07000732421875,208.27000427246097,206.80999755859375,207.30999755859375,104373700,1.0128511645940819,1.0138247174119406,1.0067176407146667,1.0091515598979728
2015-07-06,205.77000427246097,207.6499938964844,205.52999877929688,206.72000122070312,117975400,1.0016551214954106,1.0108066071160644,1.0004868135475888,1.006279553088228
2015-07-07,206.9600067138672,208.1699981689453,204.11000061035156,208.02000427246097,173820200,1.0074478610360498,1.0133379038643517,0.9935744919802779,1.0126077578202877
2015-07-08,206.4199981689453,206.7599945068359,204.25,204.52999877929688,164020100,1.0048191867227807,1.006474233940872,0.9942559863805108,0.9956189751809766
2015-07-09,207.0399932861328,207.3500061035156,204.77000427246097,204.8999938964844,144113100,1.0078372227413381,1.0093463150279356,0.9967872831287985,0.9974200516078813
2015-07-10,207.2899932861328,207.97999572753903,204.9499969482422,207.47999572753903,129456900,1.0090541823329913,1.0124130026903244,0.9976634583816755,1.0099790835070184
2015-07-13,208.9900054931641,209.8999938964844,208.94000244140625,209.77000427246097,106069400,1.0173295669780869,1.0217592434409415,1.0170861602042924,1.0211264749618587
2015-07-14,209.72000122070312,211.0500030517578,209.6499938964844,210.67999267578125,81709600,1.0208830681880643,1.0273573021289366,1.0205422838492886,1.0255561514247133
2015-07-15,210.72999572753903,211.27999877929688,210.0399932861328,210.61000061035156,97914100,1.0257995581985075,1.028476884155608,1.0224407378411744,1.0252154413632562
2015-07-16,211.8699951171875,212.3000030517578,211.5800018310547,212.3000030517578,106683300,1.0313488909653525,1.0334421000872016,1.0299372505210553,1.0334421000872016
2015-07-17,212.2899932861328,212.5500030517578,211.8000030517578,212.47999572753903,89030000,1.0333933741660515,1.0346590596788545,1.0310081809038956,1.0343182753400786
2015-07-20,212.75,213.17999267578125,212.2100067138672,212.58999633789065,70446800,1.0356326124967132,1.0377257473412433,1.033004012460763,1.0348537405314988
2015-07-21,212.42999267578125,212.7400054931641,211.38999938964844,211.75,77965000,1.0340748685662844,1.035583960852882,1.029012349347028,1.0307647741301011
2015-07-22,210.92999267578125,211.77000427246097,210.88999938964844,211.3699951171875,88667900,1.0267731110163663,1.0308621516950829,1.026578430163722,1.0289149717820465
2015-07-23,211.52999877929688,211.6499938964844,209.75,210.17999267578125,90509100,1.029693843747261,1.0302779605825125,1.0210290973968772,1.0231222322414073
2015-07-24,210.3000030517578,210.3699951171875,207.6000061035156,208.0,117755000,1.0237064233539774,1.0240471334154346,1.0105632746195885,1.012510380255306
2015-07-27,206.94000244140625,207.5500030517578,206.2599945068359,206.7899932861328,132361100,1.0073504834710683,1.0103198678457943,1.004040314757566,1.0066202631496852
2015-07-28,207.7899932861328,209.5,206.8000030517578,209.3300018310547,123544800,1.011488101516297,1.019812137805224,1.0066689890708354,1.0189846141961783
2015-07-29,209.47999572753903,211.0399932861328,209.30999755859375,210.77000427246097,105791300,1.0197147602402423,1.0273085762077863,1.0188872366311967,1.0259943133284708
2015-07-30,210.16000366210935,211.02000427246097,209.4199981689453,210.82000732421875,91304400,1.0230249289537443,1.0272112729201237,1.0194227018226167,1.026237720102265
2015-07-31,211.4199981689453,211.4499969482422,210.16000366210935,210.5,103266900,1.029158378555841,1.0293044077646538,1.0230249289537443,1.0246799761718361
2015-08-03,210.4600067138672,210.52999877929688,208.6499938964844,209.7899932861328,113965700,1.0244852953191919,1.024826005380649,1.0156744454826765,1.0212237782495213
2015-08-04,209.6999969482422,210.25,208.8000030517578,209.3800048828125,81820800,1.0207856906230828,1.023463016580183,1.0164046658040593,1.0192280209699727
2015-08-05,210.4499969482422,211.30999755859375,209.72999572753903,210.07000732421875,85786800,1.0244365693980417,1.028622913364421,1.0209317198318955,1.022586841327306
2015-08-06,210.2899932861328,210.4199981689453,207.6499938964844,208.3500061035156,116030800,1.0236576974328273,1.0242905401892288,1.0108066071160644,1.0142141533945477
2015-08-07,208.16000366210935,208.33999633789065,206.8699951171875,207.9499969482422,117858000,1.0132892522205204,1.0141654274733978,1.0070096991322923,1.0122669734815117
2015-08-10,209.27999877929688,210.6699981689453,209.27999877929688,210.57000732421875,80270700,1.0187412074223838,1.025507499780882,1.0187412074223838,1.025020760510612
2015-08-11,208.97000122070312,209.47000122070312,207.7599945068359,208.6699981689453,126081400,1.0172321894131051,1.0196661085964112,1.0113420723074842,1.0157718230476578
2015-08-12,207.11000061035156,209.13999938964844,205.36000061035156,208.9199981689453,172123700,1.008178007080114,1.018059713022151,0.9996592899385429,1.016988782639311
2015-08-13,208.72999572753903,209.5500030517578,208.0099945068359,208.66000366210935,89383300,1.0160638814652834,1.0200555445790185,1.012559031899137,1.0157231714038264
2015-08-14,208.42999267578125,209.5099945068359,208.2599945068359,209.4199981689453,72786500,1.014603515099836,1.0198607894490552,1.0137759914907902,1.0194227018226167
2015-08-17,208.7100067138672,210.58999633789065,208.16000366210935,210.58999633789065,79072600,1.0159665781776208,1.0251180637982749,1.0132892522205204,1.0251180637982749
2015-08-18,210.2599945068359,210.67999267578125,209.6999969482422,209.97999572753903,71692700,1.0235116682240144,1.0255561514247133,1.0207856906230828,1.0221486794235484
2015-08-19,209.08999633789065,210.0099945068359,207.3500061035156,208.32000732421875,172946000,1.0178163062483567,1.0222947086323613,1.0093463150279356,1.014068124185735
2015-08-20,206.5099945068359,208.2899932861328,203.8999938964844,203.97000122070312,194327900,1.0052572743492192,1.0139220206996031,0.9925522132412692,0.9928929975800449
2015-08-21,201.72999572753903,203.94000244140625,197.52000427246097,197.8300018310547,346588500,0.9819890128989991,0.9927469683712321,0.9614954549708612,0.9630044729801397
2015-08-24,187.4900054931641,197.47999572753903,182.3999938964844,189.5,507244300,0.9126710420959279,0.9613006998408978,0.8878936883591102,0.9224553704729831
2015-08-25,195.42999267578125,195.4499969482422,186.9199981689453,187.27000427246097,369833100,0.9513216163338796,0.951418993898861,0.9098963385738458,0.9116001117130876
2015-08-26,192.0800018310547,194.7899932861328,188.3699951171875,194.4600067138672,339257000,0.9350144023721204,0.9482062027503405,0.9169546893499695,0.9465998814533991
2015-08-27,197.02000427246097,199.4199981689453,195.2100067138672,199.27000427246097,274143900,0.9590615357875552,0.9707443181564964,0.9502507602283582,0.9700141721124322
2015-08-28,198.5,199.83999633789065,197.9199981689453,199.27999877929688,160414400,0.9662659157724915,0.9727888013571953,0.9634425606065783,0.9700628237562634
2015-08-31,198.11000061035156,199.1300048828125,197.0099945068359,197.6699981689453,163298800,0.9643674617806056,0.9693326777121991,0.9590128098664047,0.9622256010149253
2015-09-01,193.1199951171875,194.77000427246097,190.72999572753903,191.77000427246097,256000400,0.9400769215913767,0.9481088994626781,0.9284427908662665,0.9335053843628419
2015-09-02,194.6199951171875,195.4600067138672,192.4199981689453,195.41000366210935,160269300,0.9473786791412948,0.9514677198200112,0.936669449590212,0.9512243130462167
2015-09-03,196.2599945068359,198.0500030517578,194.9600067138672,195.5500030517578,152087800,0.9553619310914456,0.9640754033629799,0.9490338006367052,0.9519058074464498
2015-09-04,192.8500061035156,193.86000061035156,191.61000061035156,192.58999633789065,207081000,0.9387626587120609,0.9436791487225044,0.9327265123976273,0.937496973199258
2015-09-08,195.94000244140625,197.61000061035156,195.1699981689453,197.42999267578125,116025700,0.9538042614383357,0.9619335425972996,0.9500560050983952,0.9610572930671036
2015-09-09,199.32000732421875,199.47000122070312,194.3500061035156,194.7899932861328,149347700,0.9702575788862264,0.9709877249302907,0.9460644162619789,0.9482062027503405
2015-09-10,194.55999755859375,197.22000122070312,194.25,195.8500061035156,158611100,0.9470866207236691,0.9600350886054136,0.9455776027143903,0.953366173811897
2015-09-11,195.3800048828125,196.82000732421875,194.52999877929688,196.7400054931641,119691200,0.951078283837404,0.9580879829696963,0.9469405915148562,0.9576985469870892
2015-09-14,196.9499969482422,197.0099945068359,195.42999267578125,196.0099945068359,79452000,0.9587207514487791,0.9590128098664047,0.9513216163338796,0.9541449714997926
2015-09-15,196.61000061035156,198.9900054931641,195.9600067138672,198.4600067138672,113806200,0.9570657042306875,0.9686511833119663,0.9539016390033173,0.9660712349198474
2015-09-16,198.82000732421875,200.41000366210935,198.41000366210935,200.17999267578125,99581600,0.9678236597029204,0.9755635048792769,0.9658278281460528,0.9744438485752868
2015-09-17,200.02000427246097,202.88999938964844,199.27999877929688,199.72999572753903,276046600,0.9736650508873913,0.9876357232308257,0.9700628237562634,0.9722533361657749
2015-09-18,195.7100067138672,198.67999267578125,194.9600067138672,195.4499969482422,223657500,0.9526846794116642,0.9671420910253686,0.9490338006367052,0.951418993898861
2015-09-21,196.44000244140625,197.67999267578125,195.2100067138672,196.4600067138672,105726200,0.9562381806216418,0.9622742526587567,0.9502507602283582,0.9563355581866233
2015-09-22,193.8800048828125,194.4600067138672,192.55999755859375,193.91000366210935,153890900,0.9437765262874859,0.9465998814533991,0.9373509439904449,0.9439225554962987
2015-09-23,194.11000061035156,194.6699981689453,192.91000366210935,193.6000061035156,92790600,0.9448961083141574,0.9476220859150891,0.9390547171296866,0.94241353748702
2015-09-24,192.1499938964844,193.4499969482422,190.55999755859375,192.8999938964844,159378800,0.9353551124335776,0.9416833171656369,0.9276152672572209,0.9390059912085367
2015-09-25,194.63999938964844,195.0,191.80999755859375,192.8500061035156,155054800,0.9474760567062763,0.9492284814893494,0.9337000652154859,0.9387626587120609
2015-09-28,191.77999877929688,191.91000366210935,187.63999938964844,188.0099945068359,178515900,0.9335540360066731,0.9341868787630745,0.9134011881399919,0.9152022645668962
2015-09-29,188.27000427246097,189.7400054931641,186.92999267578125,188.1199951171875,159045600,0.9164679500796997,0.923623678420805,0.9099449902176772,0.9157377297583165
2015-09-30,190.3699951171875,191.8300018310547,189.44000244140625,191.6300048828125,163452000,0.9266903660831936,0.9337974427804674,0.9221633120553574,0.9328238899626088
2015-10-01,192.0800018310547,192.4900054931641,189.82000732421875,192.1300048828125,131079000,0.9350144023721204,0.9370102339289881,0.924013114403412,0.9352578091459148
2015-10-02,189.77000427246097,195.02999877929688,189.1199951171875,195.0,211003300,0.9237697076296177,0.9493745106981623,0.9206055681249286,0.9492284814893494
2015-10-05,196.4600067138672,198.7400054931641,196.3300018310547,198.47000122070312,126320800,0.9563355581866233,0.9674342237203134,0.9557027154302217,0.9661198865636786
2015-10-06,198.30999755859375,198.97999572753903,197.0,197.7899932861328,110274500,0.9653410145984642,0.968602457390816,0.9589641582225735,0.9628097178501767
2015-10-07,198.8999938964844,199.8300018310547,197.47999572753903,199.41000366210935,124307300,0.968213021408209,0.9727401497133639,0.9613006998408978,0.9706956665126649
2015-10-08,198.9499969482422,201.5500030517578,198.58999633789065,201.2100067138672,153055200,0.9684564281820032,0.981112837646122,0.9667040033989303,0.9794577904280305
2015-10-09,201.3800048828125,201.8999938964844,200.5800018310547,201.3300018310547,107069200,0.9802853140370763,0.9828165365080451,0.9763910284883228,0.9800419072632819
2015-10-12,201.4199981689453,201.7599945068359,200.91000366210935,201.52000427246097,56395600,0.9804799948897205,0.9821350421078119,0.9779974240625829,0.9809668084373093
2015-10-13,200.6499938964844,202.16000366210935,200.0500030517578,200.25,88038700,0.97673173854978,0.984082222020848,0.973811080096204,0.9747846329140626
2015-10-14,200.17999267578125,200.8699951171875,198.94000244140625,199.2899932861328,99106200,0.9744438485752868,0.97780266893262,0.9684077765381719,0.9701114754000948
2015-10-15,200.0800018310547,202.36000061035156,199.63999938964844,202.3500061035156,134142200,0.9739571093050169,0.9850557748387068,0.9718152485393365,0.9850071231948753
2015-10-16,202.8300018310547,203.2899932861328,201.9199981689453,203.27000427246097,114580100,0.9873436648132,0.9895828288665429,0.9829139140730265,0.9894855255788805
2015-10-19,202.5,203.3699951171875,202.1300048828125,203.3699951171875,76523900,0.9857372692389398,0.9899722648491502,0.9839361928120353,0.9899722648491502
2015-10-20,202.8500061035156,203.83999633789065,202.5500030517578,203.11000061035156,78448500,0.9874410423781813,0.9922601548236435,0.9859806760127341,0.9887066536136658
2015-10-21,203.61000061035156,203.7899932861328,201.6499938964844,201.8500061035156,102038000,0.9911405727969719,0.992016748049849,0.9815995769163921,0.9825732040115693
2015-10-22,202.97999572753903,205.5099945068359,201.8500061035156,205.2599945068359,174911700,0.9880738108572641,1.000389435982607,0.9825732040115693,0.9991724763909541
2015-10-23,207.25,207.9499969482422,206.3000030517578,207.5099945068359,144442300,1.008859501480347,1.0122669734815117,1.0042350698875293,1.0101251127158313
2015-10-26,207.3000030517578,207.3699951171875,206.55999755859375,207.0,69033000,1.0091029082541414,1.0094436183155984,1.0055006811230136,1.0076425418886938
2015-10-27,206.1999969482422,207.0,205.7899932861328,206.6000061035156,77905800,1.0037482563399405,1.0076425418886938,1.0017524247830731,1.0056954362529764
2015-10-28,207.0,208.97999572753903,206.2100067138672,208.9499969482422,135906700,1.0076425418886938,1.0172808410569365,1.0037969822610908,1.0171348118481236
2015-10-29,208.3500061035156,209.27000427246097,208.2100067138672,208.8300018310547,90525500,1.0142141533945477,1.0186925557785527,1.0135326589943148,1.0165506950128722
2015-10-30,209.05999755859375,209.44000244140625,207.7400054931641,207.92999267578125,131076900,1.0176702770395438,1.0195200793875983,1.0112447690198219,1.0121695959165302
2015-11-02,208.32000732421875,210.6199951171875,208.1699981689453,210.38999938964844,86270800,1.014068124185735,1.0252640930070875,1.0133379038643517,1.0241445109804161
2015-11-03,209.97000122070312,211.66000366210935,209.6999969482422,211.0,95246100,1.0221000277797172,1.0303266865036624,1.0207856906230828,1.0271138953551422
2015-11-04,211.3500061035156,211.5,209.72000122070312,210.36000061035156,96224500,1.0288176684943837,1.0295478145384482,1.0208830681880643,1.0239984817716032
2015-11-05,210.42999267578125,210.97999572753903,209.08999633789065,210.1499938964844,78408700,1.0243391918330602,1.0270165177901605,1.0178163062483567,1.0229762030325946
2015-11-06,209.7400054931641,210.32000732421875,208.4600067138672,210.0399932861328,110471500,1.0209804457530458,1.023803800918959,1.014749618585968,1.0224407378411744
2015-11-09,209.30999755859375,209.4900054931641,206.9499969482422,208.0800018310547,131008700,1.0188872366311967,1.019763486161393,1.0073991351148996,1.0128998162379133
2015-11-10,207.5099945068359,208.6000061035156,207.19000244140625,208.55999755859375,75874600,1.0101251127158313,1.0154311129862006,1.0085674430627212,1.0152363578562378
2015-11-11,208.8800048828125,208.94000244140625,207.66000366210935,207.7400054931641,67846000,1.0167941017866666,1.0170861602042924,1.0108553330372143,1.0112447690198219
2015-11-12,206.5,207.05999755859375,204.82000732421875,204.83999633789065,121315200,1.005208622705388,1.0079346003063197,0.9970306899025927,0.9971279931902556
2015-11-13,204.3500061035156,204.6699981689453,202.44000244140625,202.5399932861328,153577100,0.9947427999280994,0.9963004695812097,0.985445210821314,0.985931950091584
2015-11-16,202.32000732421875,205.69000244140625,202.17999267578125,205.6199951171875,117645200,0.9848610939860626,1.0012656855128033,0.9841795253085108,1.0009249011740273
2015-11-17,205.9900054931641,207.0399932861328,204.8800048828125,205.47000122070312,121123700,1.0027260518782506,1.0078372227413381,0.9973227483202184,1.000194755129963
2015-11-18,206.0399932861328,208.8999938964844,205.9900054931641,208.72999572753903,121342500,1.002969384374726,1.0168914050743294,1.0027260518782506,1.0160638814652834
2015-11-19,208.58999633789065,209.0500030517578,208.1999969482422,208.5500030517578,88220500,1.0153823870650507,1.0176216253957124,1.0134839330731646,1.0151877062124064
2015-11-20,209.4499969482422,210.1199951171875,208.86000061035156,209.30999755859375,94011500,1.0195687310314296,1.0228301738237815,1.016696724221685,1.0188872366311967
2015-11-23,209.3800048828125,209.97999572753903,208.52000427246097,209.07000732421875,64931200,1.0192280209699727,1.0221486794235484,1.0150416770035937,1.017719002960694
2015-11-24,207.8699951171875,209.8300018310547,207.41000366210935,209.3500061035156,98874400,1.0118775374989044,1.0214185333794843,1.0096383734455612,1.0190819917611598
2015-11-25,209.5,209.7400054931641,209.0099945068359,209.32000732421875,51980100,1.019812137805224,1.0209804457530458,1.0174268702657492,1.0189359625523469
2015-11-27,209.42999267578125,209.8000030517578,208.86000061035156,209.55999755859375,37317800,1.0194713534664481,1.0212725041706714,1.016696724221685,1.0201041962228499
2015-11-30,209.75,209.88999938964844,208.55999755859375,208.69000244140625,112822700,1.0210290973968772,1.02171059179711,1.0152363578562378,1.0158692006126393
2015-12-01,209.44000244140625,210.82000732421875,209.11000061035156,210.67999267578125,97858400,1.0195200793875983,1.026237720102265,1.017913683813338,1.0255561514247133
2015-12-02,210.6199951171875,211.0,208.22999572753903,208.52999877929688,108441300,1.0252640930070875,1.0271138953551422,1.0136299622819773,1.0150903286474249
2015-12-03,208.8300018310547,209.1499938964844,204.75,205.61000061035156,166224200,1.0165506950128722,1.0181083646659825,0.9966899055638169,1.000876249530196
2015-12-04,205.61000061035156,209.97000122070312,205.61000061035156,209.6199951171875,192913900,1.000876249530196,1.0221000277797172,1.000876249530196,1.0203962546404755
2015-12-07,209.22999572753903,209.72999572753903,207.1999969482422,208.3500061035156,102027100,1.0184978006485894,1.0209317198318955,1.0086160947065526,1.0142141533945477
2015-12-08,206.4900054931641,208.2899932861328,205.77999877929688,206.9499969482422,103372400,1.0051599710615566,1.0139220206996031,1.0017037731392417,1.0073991351148996
2015-12-09,206.19000244140625,208.67999267578125,204.17999267578125,205.33999633789065,162401500,1.0036996046961093,1.0158204746914892,0.9939152020417349,0.9995619123735616
2015-12-10,205.4199981689453,207.42999267578125,205.13999938964844,205.8699951171875,116128900,0.9999513483561686,1.0097356767332242,0.9985883595557028,1.0021418607656802
2015-12-11,203.3500061035156,204.13999938964844,201.5099945068359,201.8800048828125,211173300,0.9898749615614874,0.9937205211890907,0.9809180825161589,0.9827192332203822
2015-12-14,202.07000732421875,203.0500030517578,199.9499969482422,202.8999938964844,182385200,0.9836441343944096,0.9884145951960401,0.9733242665486153,0.9876843748746572
2015-12-15,204.6999969482422,206.11000061035156,202.8699951171875,205.02999877929688,154069600,0.9964464987900225,1.003310168713502,0.9875383456658442,0.9980528943642827
2015-12-16,206.3699951171875,208.38999938964844,204.8000030517578,208.02999877929688,197017000,1.0045757799489863,1.014408834247192,0.9969333123376112,1.0126564094641188
2015-12-17,208.3999938964844,208.47999572753903,204.83999633789065,204.86000061035156,173092500,1.0144574858910234,1.0148469218736305,0.9971279931902556,0.9972253707552369
2015-12-18,202.77000427246097,202.92999267578125,199.8300018310547,200.02000427246097,251393500,0.9870516063955744,0.9878304040834699,0.9727401497133639,0.9736650508873913
2015-12-21,201.41000366210935,201.8800048828125,200.08999633789065,201.6699981689453,99094300,0.980431343245889,0.9827192332203822,0.9740057609488483,0.9816969544813735
2015-12-22,202.72000122070312,203.8500061035156,201.5500030517578,203.5,111026200,0.9868081996217799,0.9923088807447934,0.981112837646122,0.9906051076055518
2015-12-23,204.69000244140625,206.07000732421875,204.5800018310547,206.02000427246097,110987200,0.9963978471461912,1.0031154878608577,0.9958623819547711,1.0028720810870635
2015-12-24,205.72000122070312,206.3300018310547,205.4199981689453,205.67999267578125,48539600,1.001411714721616,1.0043810990963422,0.9999513483561686,1.001216959591653
2015-12-28,204.86000061035156,205.2599945068359,203.94000244140625,205.2100067138672,65899900,0.9972253707552369,0.9991724763909541,0.9927469683712321,0.9989291438944786
2015-12-29,206.5099945068359,207.7899932861328,206.47000122070312,207.3999938964844,92640700,1.0052572743492192,1.011488101516297,1.0050625934965751,1.0095896475244113
2015-12-30,207.11000061035156,207.2100067138672,205.7599945068359,205.92999267578125,63317700,1.008178007080114,1.0086648206277027,1.00160639557426,1.002433919183306
2015-12-31,205.1300048828125,205.88999938964844,203.8699951171875,203.8699951171875,114877900,0.9985397079118714,1.0022392383306618,0.9924061840324562,0.9924061840324562
2016-01-04,200.4900054931641,201.02999877929688,198.58999633789065,201.02000427246097,222353500,0.9759529408618844,0.9785815408978346,0.9667040033989303,0.9785328892540033
2016-01-05,201.3999938964844,201.8999938964844,200.0500030517578,201.36000061035156,110845800,0.9803826173247391,0.9828165365080451,0.973811080096204,0.9801879364720948
2016-01-06,198.33999633789065,200.05999755859375,197.6000061035156,198.82000732421875,152112600,0.9654870438072772,0.9738597317400354,0.9618848909534681,0.9678236597029204
2016-01-07,195.3300018310547,197.44000244140625,193.58999633789065,194.0500030517578,213436100,0.9508348770636096,0.9611060189882538,0.94236481156587,0.9446040498965317
2016-01-08,195.19000244140625,195.8500061035156,191.5800018310547,191.9199981689453,209817200,0.9501533826633767,0.953366173811897,0.9325804831888145,0.934235530406906
2016-01-11,193.0099945068359,193.41000366210935,189.82000732421875,192.11000061035156,187941300,0.9395414563999565,0.9414886363129926,0.924013114403412,0.9351604315809333
2016-01-12,193.82000732421875,194.5500030517578,191.13999938964844,193.66000366210935,172330500,0.9434844678698602,0.9470379690798377,0.9304386224231341,0.9427055959046456
2016-01-13,194.4499969482422,194.86000061035156,188.3800048828125,188.8300018310547,221168900,0.946551155532249,0.9485469870891164,0.9170034152711196,0.9191939276806314
2016-01-14,189.5500030517578,193.2599945068359,187.66000366210935,191.92999267578125,240795600,0.9226987772467775,0.9407584159916095,0.9134985657049733,0.9342841820507374
2016-01-15,186.77000427246097,188.7599945068359,185.52000427246097,187.80999755859375,324846400,0.9091661925297816,0.9188531433418553,0.9030813945715166,0.9142287117490377
2016-01-19,189.9600067138672,190.11000061035156,186.1999969482422,188.05999755859375,195244400,0.924694608803645,0.9254247548477093,0.9063914890076996,0.9154456713406908
2016-01-20,185.02999877929688,187.5,181.02000427246097,185.6499938964844,286547800,0.9006961270320417,0.912719693739759,0.8811761219217623,0.9037141630505994
2016-01-21,186.2100067138672,188.8699951171875,184.63999938964844,186.69000244140625,195772900,0.9064402149288497,0.9193886085332755,0.8987976730401558,0.9087767565471743
2016-01-22,189.77999877929688,190.7599945068359,188.8800048828125,190.52000427246097,168319600,0.923818359273449,0.9285888200750794,0.9194373344544257,0.9274205864045768
2016-01-25,189.9199981689453,190.1499938964844,187.41000366210935,187.63999938964844,130371700,0.9244998536736819,0.9256194357003535,0.9122816061133203,0.9134011881399919
2016-01-26,188.4199981689453,190.52999877929688,188.02000427246097,190.1999969482422,141036800,0.9171980961237638,0.927469238048408,0.9152509904880467,0.9258628424741477
2016-01-27,189.5800018310547,191.55999755859375,187.05999755859375,188.1300048828125,185681700,0.9228448064555903,0.932483105623833,0.9105778329740787,0.9157864556794666
2016-01-28,189.9600067138672,190.1999969482422,187.16000366210935,189.11000061035156,143798800,0.924694608803645,0.9258628424741477,0.9110646465216673,0.9205569164810972
2016-01-29,190.02000427246097,193.8800048828125,189.8800048828125,193.72000122070312,210529300,0.9249866672212708,0.9437765262874859,0.9243051728210377,0.9429976543222715
2016-02-01,192.52999877929688,194.5800018310547,191.83999633789065,193.6499938964844,136061600,0.9372049147816321,0.9471839982886505,0.9338460944242989,0.9426568699834957
2016-02-02,191.9600067138672,191.97000122070312,189.5399932861328,190.16000366210935,182564900,0.934430285536869,0.9344789371807004,0.9226500513256273,0.9256681616215034
2016-02-03,191.41000366210935,191.77999877929688,187.1000061035156,191.3000030517578,205054900,0.9317529595797684,0.9335540360066731,0.9107725881040416,0.9312174943883486
2016-02-04,190.7100067138672,192.75,189.9600067138672,191.6000061035156,139531800,0.928345487578604,0.9382758451644723,0.924694608803645,0.9326778607537958
2016-02-05,190.9900054931641,191.6699981689453,187.1999969482422,187.9499969482422,180788300,0.92970847637907,0.933018570815253,0.9112593273743116,0.9149102061492707
2016-02-08,185.77000427246097,186.1199951171875,182.8000030517578,185.4199981689453,191526700,0.9042983541631696,0.9060020530250924,0.8898408682721461,0.9025945810239276
2016-02-09,183.36000061035156,186.94000244140625,183.1999969482422,185.42999267578125,184513100,0.8925668458730779,0.9099937161388273,0.8917879739078635,0.902643232667759
2016-02-10,186.41000366210935,188.33999633789065,185.1199951171875,185.27000427246097,148214100,0.9074137677467082,0.9168086601411568,0.9011342146584803,0.9018644349798636
2016-02-11,182.33999633789065,184.1000061035156,181.08999633789065,182.86000061035156,219058900,0.8876016299414845,0.8961690730042055,0.8815168319832194,0.8901329266897718
2016-02-12,184.9600067138672,186.6499938964844,183.9600067138672,186.6300048828125,127632400,0.9003554169705847,0.9085820014172113,0.8954875786039727,0.9084846981295486
2016-02-16,188.77000427246097,189.80999755859375,187.6300048828125,189.77999877929688,120250700,0.9189018692630058,0.9239643884822618,0.9133525364961607,0.923818359273449
2016-02-17,191.16000366210935,193.32000732421875,191.0099945068359,192.8800048828125,136009500,0.9305359999881155,0.9410505486865541,0.9298057796667324,0.9389086879208739
2016-02-18,193.1999969482422,193.27000427246097,191.72000122070312,192.08999633789065,102343000,0.9404663575739839,0.9408071419127599,0.9332619775890474,0.9350630540159519
2016-02-19,191.1699981689453,192.17999267578125,190.4499969482422,192.0,114793000,0.9305846516319469,0.9355011416423904,0.9270798020658008,0.9346249663895132
2016-02-22,193.8699951171875,194.9499969482422,193.7899932861328,194.77999877929688,103640300,0.9437278003663357,0.948985074715555,0.9433383643837285,0.9481575511065092
2016-02-23,194.0,194.32000732421875,192.17999267578125,192.32000732421875,111455300,0.9443606431227374,0.9459183870531662,0.9355011416423904,0.9361827103199422
2016-02-24,190.6300048828125,193.52999877929688,189.32000732421875,193.1999969482422,150812200,0.9279560515959967,0.9420727531482441,0.921579195220106,0.9404663575739839
2016-02-25,193.72999572753903,195.5500030517578,192.8300018310547,195.5399932861328,110728300,0.9430463059661026,0.9519058074464498,0.9386652811470795,0.9518570815252996
2016-02-26,196.57000732421875,196.67999267578125,194.8999938964844,195.08999633789065,129833700,0.9568710233780433,0.9574064142921446,0.9487416679417607,0.9496665691157881
2016-02-29,195.11000061035156,196.22999572753903,193.3300018310547,193.55999755859375,125918100,0.9497639466807695,0.9552159018826328,0.9410992003303855,0.942218782357057
2016-03-01,195.0099945068359,198.2100067138672,194.4499969482422,198.11000061035156,141799700,0.9492771331331806,0.9648542753281943,0.946551155532249,0.9643674617806056
2016-03-02,197.7400054931641,199.05999755859375,197.25,199.0,102415000,0.9625663853537013,0.9689918933734233,0.9601811178142264,0.9686998349557976
2016-03-03,198.7899932861328,199.8000030517578,198.11000061035156,199.77999877929688,95172200,0.9676775562167887,0.972594120504551,0.9643674617806056,0.9724967429395694
2016-03-04,200.0099945068359,201.3500061035156,199.02999877929688,200.42999267578125,129293600,0.9736163249662408,0.9801392848282633,0.9688458641646104,0.9756608081669398
2016-03-07,199.33999633789065,201.07000732421875,199.25,200.58999633789065,100219000,0.9703548821738893,0.9787762960277976,0.9699167945474506,0.9764396801321543
2016-03-08,199.32000732421875,199.9199981689453,198.2100067138672,198.3999938964844,123974900,0.9702575788862264,0.9731782373398024,0.9648542753281943,0.9657791022249029
2016-03-09,199.36000061035156,199.7899932861328,198.42999267578125,199.3800048828125,94801200,0.9704522597388706,0.9725453945834008,0.9659251314337156,0.9705496373038521
2016-03-10,199.9600067138672,201.07000732421875,197.3800048828125,199.5399932861328,156838700,0.9733729924697654,0.9787762960277976,0.9608139605706281,0.9713284349917478
2016-03-11,201.2599945068359,202.80999755859375,199.52000427246097,202.7599945068359,137964500,0.9797011229245058,0.9872462872482185,0.9712311317040853,0.987002880474424
2016-03-14,202.16000366210935,203.0399932861328,201.77000427246097,202.5,73612000,0.984082222020848,0.98836586927489,0.9821837680289623,0.9857372692389398
2016-03-15,201.36000061035156,202.52999877929688,201.0500030517578,202.1699981689453,93169100,0.9801879364720948,0.9858832984477526,0.9786789184628161,0.9841308736646796
2016-03-16,201.6000061035156,203.82000732421875,201.5500030517578,203.33999633789065,129303200,0.9813562444199163,0.9921628515359807,0.981112837646122,0.9898262356403374
2016-03-17,203.2400054931641,205.22999572753903,202.77000427246097,204.6300048828125,134278500,0.9893394963700676,0.9990264471821412,0.9870516063955744,0.9961057887285655
2016-03-18,204.1699981689453,204.77999877929688,203.8000030517578,204.3800048828125,138372400,0.9938665503979036,0.9968359347726297,0.9920654739709992,0.9948888291369125
2016-03-21,204.07000732421875,204.94000244140625,203.8000030517578,204.6699981689453,72926700,0.9933798111276337,0.9976148067378442,0.9920654739709992,0.9963004695812097
2016-03-22,203.7599945068359,205.22999572753903,203.57000732421875,204.55999755859375,97471900,0.991870718841036,0.9990264471821412,0.9909458919443277,0.9957650043897895
2016-03-23,204.11000061035156,204.3300018310547,203.0099945068359,203.2100067138672,81052500,0.9935744919802779,0.994645422363118,0.988219840066077,0.9891934671612546
2016-03-24,202.0,203.16000366210935,201.7400054931641,203.1199951171875,84360900,0.9833033500556337,0.98895006038746,0.9820377388201494,0.9887553052574972
2016-03-28,203.61000061035156,203.86000061035156,202.7100067138672,203.2400054931641,62408200,0.9911405727969719,0.9923575323886249,0.9867595479779485,0.9893394963700676
2016-03-29,202.7599945068359,205.25,202.3999938964844,205.1199951171875,92922900,0.987002880474424,0.9991238247471229,0.9852504556913512,0.9984909819907213
2016-03-30,206.3000030517578,206.8699951171875,205.58999633789065,206.02000427246097,86365300,1.0042350698875293,1.0070096991322923,1.0007788719652146,1.0028720810870635
2016-03-31,205.91000366210935,206.41000366210935,205.3300018310547,205.52000427246097,94584100,1.0023366158956433,1.0047705350789493,0.9995132607297301,1.0004381619037575
2016-04-01,204.3500061035156,207.13999938964844,203.97999572753903,206.9199981689453,114423500,0.9947427999280994,1.008324036288927,0.9929416492238762,1.0072531059060867
2016-04-04,206.8300018310547,207.07000732421875,205.88999938964844,206.25,63497000,1.0068150182796483,1.0079833262274698,1.0022392383306618,1.003991663113735
2016-04-05,204.6699981689453,206.2599945068359,203.88999938964844,204.19000244140625,99662200,0.9963004695812097,1.004040314757566,0.9925035615974377,0.9939639279628851
2016-04-06,204.19000244140625,206.4900054931641,203.97999572753903,206.4199981689453,91839800,0.9939639279628851,1.0051599710615566,0.9929416492238762,1.0048191867227807
2016-04-07,205.13999938964844,205.55999755859375,203.08999633789065,203.9499969482422,113859000,0.9985883595557028,1.0006328427564015,0.9886092760486844,0.9927956200150634
2016-04-08,205.33999633789065,205.8500061035156,203.8699951171875,204.5,95040600,0.9995619123735616,1.0020445574780175,0.9924061840324562,0.9954729459721638
2016-04-11,205.25,206.07000732421875,203.91000366210935,204.02000427246097,83757500,0.9991238247471229,1.0031154878608577,0.9926009391624191,0.9931364043538394
2016-04-12,204.22000122070312,206.25,203.6999969482422,205.9199981689453,115350600,0.9941099571716979,1.003991663113735,0.9915786604234105,1.0023852675394747
2016-04-13,207.0,208.1000061035156,206.83999633789065,208.0,96336400,1.0076425418886938,1.0129971938028945,1.0068636699234796,1.012510380255306
2016-04-14,208.07000732421875,208.6000061035156,207.6000061035156,208.0099945068359,65212900,1.0128511645940819,1.0154311129862006,1.0105632746195885,1.012559031899137
2016-04-15,208.0099945068359,208.1699981689453,207.3999938964844,207.77999877929688,75761600,1.012559031899137,1.0133379038643517,1.0095896475244113,1.011439449872466
2016-04-18,207.77999877929688,209.27999877929688,207.0,209.2400054931641,82531000,1.011439449872466,1.0187412074223838,1.0076425418886938,1.0185465265697398
2016-04-19,209.7400054931641,210.1999969482422,208.94000244140625,209.8999938964844,88316100,1.0209804457530458,1.0232196098063888,1.0170861602042924,1.0217592434409415
2016-04-20,209.9499969482422,210.9199981689453,209.38999938964844,210.1000061035156,81100300,1.0220026502147357,1.0267244593725349,1.019276672613804,1.0227328705361187
2016-04-21,210.1199951171875,210.25,208.6499938964844,208.97000122070312,85695000,1.0228301738237815,1.023463016580183,1.0156744454826765,1.0172321894131051
2016-04-22,208.5500030517578,209.2899932861328,207.91000366210935,208.97000122070312,99251700,1.0151877062124064,1.0187898590662152,1.0120722926288672,1.0172321894131051
2016-04-25,208.2599945068359,208.66000366210935,207.5399932861328,208.61000061035156,66166500,1.0137759914907902,1.0157231714038264,1.0102711419246442,1.0154797646300322
2016-04-26,209.0399932861328,209.52000427246097,208.36000061035156,208.9199981689453,75864200,1.0175728994745623,1.0199095153702058,1.014262805038379,1.016988782639311
2016-04-27,208.47000122070312,209.80999755859375,208.0500030517578,209.3500061035156,77329400,1.014798270229799,1.0213211558145028,1.0127537870291003,1.0190819917611598
2016-04-28,208.4600067138672,209.7599945068359,206.9600067138672,207.4499969482422,97216200,1.014749618585968,1.0210777490407084,1.0074478610360498,1.0098330542982057
2016-04-29,206.72000122070312,207.1300048828125,205.02999877929688,206.3300018310547,142424100,1.006279553088228,1.0082753846450956,0.9980528943642827,1.0043810990963422
2016-05-02,206.9199981689453,208.17999267578125,206.41000366210935,207.97000122070312,62188000,1.0072531059060867,1.0133865555081831,1.0047705350789493,1.0123643510464932
2016-05-03,206.52000427246097,206.8000030517578,205.27999877929688,206.16000366210935,106422100,1.0053060002703695,1.0066689890708354,0.9992698539559357,1.0035535754872962
2016-05-04,204.9900054931641,205.8500061035156,204.4199981689453,205.0099945068359,92243800,0.9978582135116386,1.0020445574780175,0.9950835099895566,0.9979555167993011
2016-05-05,205.55999755859375,205.97999572753903,204.47000122070312,204.97000122070312,67619200,1.0006328427564015,1.0026773259571002,0.9953269167633509,0.997760835946657
2016-05-06,204.05999755859375,205.77000427246097,203.8800048828125,205.72000122070312,89315000,0.9933310852064835,1.0016551214954106,0.9924549099536064,1.001411714721616
2016-05-09,205.57000732421875,206.3999938964844,205.36000061035156,205.88999938964844,74374900,1.0006815686775519,1.0047218091577994,0.9996592899385429,1.0022392383306618
2016-05-10,206.72000122070312,208.47000122070312,206.63999938964844,208.4499969482422,77472200,1.006279553088228,1.014798270229799,1.005890117105621,1.0147008926648176
2016-05-11,207.91000366210935,208.5399932861328,206.5,206.5,81727000,1.0120722926288672,1.0151389802912563,1.005208622705388,1.005208622705388
2016-05-12,207.2899932861328,207.4900054931641,205.3699951171875,206.55999755859375,89586300,1.0090541823329913,1.0100278094281687,0.9997079415823743,1.0055006811230136
2016-05-13,206.2100067138672,206.86000061035156,204.3800048828125,204.7599945068359,96474600,1.0037969822610908,1.006961047488461,0.9948888291369125,0.996738557207648
2016-05-16,204.9600067138672,207.33999633789065,204.88999938964844,206.77999877929688,77486800,0.9977121843028257,1.0092975891067857,0.9973713999640498,1.0065716115058538
2016-05-17,206.4600067138672,206.8000030517578,204.22999572753903,204.8500061035156,114924900,1.0050139418527437,1.0066689890708354,0.9941586088155292,0.9971767191114055
2016-05-18,204.44000244140625,206.3000030517578,203.6300048828125,204.91000366210935,120062100,0.9951808875545382,1.0042350698875293,0.9912379503619534,0.9974687775290312
2016-05-19,204.05999755859375,204.5399932861328,202.77999877929688,204.1999969482422,115430500,0.9933310852064835,0.995667626824808,0.9871002580394056,0.9940125796067164
2016-05-20,204.9199981689453,206.1000061035156,204.86000061035156,205.4900054931641,104990400,0.9975174291728627,1.0032615170696706,0.9972253707552369,1.0002921326949448
2016-05-23,205.5099945068359,205.83999633789065,204.9900054931641,205.2100067138672,58682600,1.000389435982607,1.0019958315568676,0.9978582135116386,0.9989291438944786
2016-05-24,206.1699981689453,208.2400054931641,206.13999938964844,207.8699951171875,93537800,1.0036022271311278,1.013678688203128,1.0034561979223149,1.0118775374989044
2016-05-25,208.6699981689453,209.77000427246097,207.8699951171875,209.27999877929688,76621400,1.0157718230476578,1.0211264749618587,1.0118775374989044,1.0187412074223838
2016-05-26,209.44000244140625,209.7100067138672,208.97000122070312,209.33999633789065,55280700,1.0195200793875983,1.020834416544233,1.0172321894131051,1.0190332658400099
2016-05-27,209.52999877929688,210.25,209.47000122070312,210.2400054931641,64211200,1.019958167014037,1.023463016580183,1.0196661085964112,1.0234143649363519
2016-05-31,210.55999755859375,210.69000244140625,209.17999267578125,209.83999633789065,109879400,1.0249720345894617,1.0256048773458635,1.0182543938747952,1.0214671850233157
2016-06-01,209.1199951171875,210.47999572753903,208.88999938964844,210.27000427246097,69936200,1.0179623354571694,1.0245825986068544,1.016842753430498,1.0235603941451648
2016-06-02,209.8000030517578,210.92999267578125,209.2400054931641,210.91000366210935,63044700,1.0212725041706714,1.0267731110163663,1.0185465265697398,1.0266758077287035
2016-06-03,210.25,210.69000244140625,208.86000061035156,210.27999877929688,101757100,1.023463016580183,1.0256048773458635,1.016696724221685,1.023609045788996
2016-06-06,210.6999969482422,211.77000427246097,210.5099945068359,211.3500061035156,64887000,1.0256535289896949,1.0308621516950829,1.0247286278156673,1.0288176684943837
2016-06-07,211.52999877929688,212.33999633789065,211.5,211.67999267578125,60974800,1.029693843747261,1.033636780939846,1.0295478145384482,1.0304239897913252
2016-06-08,211.83999633789065,212.52000427246097,211.69000244140625,212.3699951171875,66170900,1.0312028617565399,1.0345130304700418,1.0304727157124756,1.0337828101486586
2016-06-09,211.5099945068359,212.22000122070312,211.19000244140625,212.0800018310547,73786900,1.0295964661822794,1.0330526641045943,1.0280387965291695,1.0323711697043614
2016-06-10,210.4600067138672,210.86000061035156,209.42999267578125,210.07000732421875,113829200,1.0244852953191919,1.0264324009549093,1.0194713534664481,1.022586841327306
2016-06-13,209.36000061035156,210.3699951171875,208.3500061035156,208.4499969482422,117751200,1.0191306434049912,1.0240471334154346,1.0142141533945477,1.0147008926648176
2016-06-14,208.0,208.7400054931641,206.9199981689453,208.0399932861328,125059300,1.012510380255306,1.016112607386434,1.0072531059060867,1.0127050611079502
2016-06-15,208.0399932861328,209.36000061035156,207.52999877929688,207.75,109124500,1.0127050611079502,1.0191306434049912,1.0102224902808128,1.011293420663653
2016-06-16,207.75,208.57000732421875,205.58999633789065,208.3699951171875,149533100,1.011293420663653,1.015285083777388,1.0007788719652146,1.0143114566822105
2016-06-17,207.1699981689453,207.1999969482422,205.75,206.52000427246097,117055700,1.0084700654977397,1.0086160947065526,1.0015577439304288,1.0053060002703695
2016-06-20,208.82000732421875,209.61000061035156,207.75,207.8500061035156,82789600,1.0165020433690408,1.020347602996644,1.011293420663653,1.0117802342112416
2016-06-21,208.3000030517578,208.9199981689453,207.77999877929688,208.44000244140625,72461700,1.0139707466207535,1.016988782639311,1.011439449872466,1.0146522410209864
2016-06-22,208.6499938964844,209.5,207.92999267578125,208.1000061035156,95560500,1.0156744454826765,1.019812137805224,1.0121695959165302,1.0129971938028945
2016-06-23,209.80999755859375,210.8699951171875,209.27000427246097,210.80999755859375,102731400,1.0213211558145028,1.0264810525987405,1.0186925557785527,1.0261889941811149
2016-06-24,203.6300048828125,210.8500061035156,202.72000122070312,203.2400054931641,333444400,0.9912379503619534,1.0263837493110777,0.9868081996217799,0.9893394963700676
2016-06-27,201.58999633789065,201.6000061035156,198.6499938964844,199.6000061035156,230775800,0.9813075184987664,0.9813562444199163,0.966996061816556,0.9716205676866921
2016-06-28,201.47999572753903,203.22999572753903,201.1199951171875,203.1999969482422,159382400,0.9807720533073461,0.9892907704489171,0.979019628524273,0.9891447412401044
2016-06-29,204.83999633789065,206.92999267578125,204.72000122070312,206.66000366210935,137328600,0.9971279931902556,1.0073017575499181,0.996543876355004,1.0059874946706022
2016-06-30,207.2100067138672,209.5399932861328,206.55999755859375,209.47999572753903,165021900,1.0086648206277027,1.0200068186578684,1.0055006811230136,1.0197147602402423
2016-07-01,209.47999572753903,210.4900054931641,209.2899932861328,209.9199981689453,106055300,1.0197147602402423,1.024631324528005,1.0187898590662152,1.0218566210059228
2016-07-05,208.9499969482422,209.0800018310547,207.7100067138672,208.41000366210935,109803700,1.0171348118481236,1.0177676546045253,1.0110987398110087,1.0145062118121733
2016-07-06,207.8300018310547,209.8000030517578,207.05999755859375,209.66000366210935,96021500,1.0116828566462601,1.0212725041706714,1.0079346003063197,1.0205910097704385
2016-07-07,209.8699951171875,210.6499938964844,208.6300048828125,209.52999877929688,85593800,1.0216132142321286,1.0254101222159004,1.0155771421950137,1.019958167014037
2016-07-08,211.0500030517578,212.94000244140625,210.77999877929688,212.6499938964844,133971000,1.0273573021289366,1.0365575136707406,1.026042964972302,1.0351457989491246
2016-07-11,213.19000244140625,214.07000732421875,212.9499969482422,213.3999938964844,73633900,1.0377744732623935,1.0420581947937542,1.036606165314572,1.0387966777240836
2016-07-12,214.52999877929688,215.3000030517578,213.42999267578125,214.9499969482422,101275600,1.0442973588470972,1.0480456151870376,1.0389427069328965,1.046341842047796
2016-07-13,215.44000244140625,215.4499969482422,214.3500061035156,214.9199981689453,87324100,1.0487271095872706,1.048775761231102,1.04342118359422,1.0461958128389832
2016-07-14,216.3999938964844,216.6699981689453,215.66000366210935,216.1199951171875,91230900,1.0534001928239198,1.0547145299805543,1.0497980399701106,1.0520372040234538
2016-07-15,216.77999877929688,217.0099945068359,215.30999755859375,215.8300018310547,107155400,1.0552499951719743,1.0563695771986457,1.048094266830869,1.0506255635791566
2016-07-18,215.97000122070312,216.6000061035156,215.6699981689453,216.41000366210935,58725900,1.0513070579793895,1.054373819919097,1.0498466916139422,1.0534489187450697
2016-07-19,215.9199981689453,216.22999572753903,215.6300048828125,216.19000244140625,54345700,1.051063651205595,1.0525726692148738,1.0496520107612979,1.0523779883622297
2016-07-20,216.19000244140625,217.3699951171875,216.19000244140625,217.08999633789065,58159500,1.0523779883622297,1.0581220019817188,1.0523779883622297,1.0567590131812532
2016-07-21,216.9600067138672,217.22000122070312,215.75,216.27000427246097,67777300,1.0561262447021702,1.0573918559376545,1.0502361275965493,1.052767424344837
2016-07-22,216.41000366210935,217.3000030517578,216.1000061035156,217.2400054931641,62787500,1.0534489187450697,1.0577812919202618,1.051939900735791,1.0574892335026362
2016-07-25,217.0,217.05999755859375,215.97000122070312,216.6499938964844,55873100,1.0563209255548145,1.05661298397244,1.0513070579793895,1.0546171524155727
2016-07-26,216.52999877929688,217.1699981689453,215.7599945068359,216.75,70080500,1.0540330355803214,1.0571484491638603,1.0502847792403807,1.0551039659631614
2016-07-27,217.19000244140625,217.27000427246097,215.6199951171875,216.52000427246097,84083900,1.0572458267288418,1.0576352627114491,1.0496032848401478,1.05398438393649
2016-07-28,216.2899932861328,217.11000061035156,215.75,216.77000427246097,65035700,1.0528647276324996,1.0568563907462345,1.0502361275965493,1.055201343528143
2016-07-29,216.4600067138672,217.5399932861328,216.1300048828125,217.1199951171875,79519400,1.0536923255188642,1.0589495255907646,1.052085929944604,1.0569050423900659
2016-08-01,217.19000244140625,217.6499938964844,216.41000366210935,216.94000244140625,73311400,1.0572458267288418,1.0594849907821848,1.0534489187450697,1.0560288671371887
2016-08-02,216.6499938964844,216.8300018310547,214.57000732421875,215.5500030517578,92295500,1.0546171524155727,1.0554934019457687,1.0444921139770602,1.0492625747786908
2016-08-03,215.47999572753903,216.25,215.1300048828125,216.17999267578125,53993600,1.0489217904399146,1.0526700467798553,1.0472180915779918,1.0523292624410796
2016-08-04,216.30999755859375,216.77999877929688,214.25,216.41000366210935,46585500,1.0529621051974811,1.0552499951719743,1.0429343700466314,1.0534489187450697
2016-08-05,216.41000366210935,218.22999572753903,216.41000366210935,218.17999267578125,71892200,1.0534489187450697,1.0623083459480978,1.0534489187450697,1.0620649391743036
2016-08-08,218.3999938964844,218.52000427246097,217.7400054931641,218.0500030517578,39906500,1.063135869557144,1.0637200606697141,1.0599231526859423,1.0614321706952208
2016-08-09,218.1300048828125,218.7599945068359,217.8000030517578,218.17999267578125,51251700,1.061821606677828,1.0648882943402167,1.0602152111035679,1.0620649391743036
2016-08-10,218.30999755859375,218.3999938964844,217.22999572753903,217.63999938964844,57941100,1.0626977819307053,1.063135869557144,1.0574405075814859,1.0594363391383534
2016-08-11,218.2599945068359,218.94000244140625,217.9499969482422,218.6499938964844,72504300,1.0624543751569107,1.0657645438704129,1.0609453571476322,1.064352829148797
2016-08-12,218.2899932861328,218.7100067138672,217.9900054931641,218.4600067138672,61313500,1.0626004043657238,1.0646449618437412,1.0611401122775952,1.0634280022520883
2016-08-15,218.88999938964844,219.5,218.8800048828125,219.08999633789065,49813500,1.0655211370966184,1.0684905214713445,1.065472485452787,1.0664946899144772
2016-08-16,218.6000061035156,218.67999267578125,217.9600067138672,217.9600067138672,53213600,1.064109496652321,1.0644988583576096,1.0609940830687823,1.0609940830687823
2016-08-17,218.0,218.52999877929688,217.02000427246097,218.3699951171875,75134300,1.0611887639214266,1.0637687123135453,1.056418303119796,1.0629898403483309
2016-08-18,218.33999633789065,218.8999938964844,218.2100067138672,218.86000061035156,52989300,1.0628438111395182,1.0655697887404498,1.0622110426604352,1.0653751078878055
2016-08-19,218.30999755859375,218.75,217.7400054931641,218.5399932861328,75443000,1.0626977819307053,1.0648396426963855,1.0599231526859423,1.0638173639573767
2016-08-22,218.2599945068359,218.8000030517578,217.8300018310547,218.52999877929688,61368800,1.0624543751569107,1.06508304947018,1.0603612403123808,1.0637687123135453
2016-08-23,219.25,219.6000061035156,218.8999938964844,218.97000122070312,53399200,1.0672735618796916,1.068977335018933,1.0655697887404498,1.0659105730792258
2016-08-24,218.8000030517578,218.91000366210935,217.36000061035156,217.8500061035156,71728900,1.06508304947018,1.0656185146615997,1.0580733503378876,1.060458617877362
2016-08-25,217.3999938964844,218.19000244140625,217.22000122070312,217.6999969482422,69224800,1.058268031190532,1.0621136650954537,1.0573918559376545,1.059728397555979
2016-08-26,217.9199981689453,219.1199951171875,216.25,217.2899932861328,122506300,1.0607993279388193,1.06664071912329,1.0526700467798553,1.0577325659991117
2016-08-29,217.44000244140625,218.6699981689453,217.3999938964844,218.36000061035156,70502200,1.0584627863204947,1.0644502067137782,1.058268031190532,1.0629411887044995
2016-08-30,218.2599945068359,218.58999633789065,217.3500061035156,218.0,58114500,1.0624543751569107,1.0640607707311711,1.058024698694056,1.0611887639214266
2016-08-31,217.61000061035156,217.75,216.47000122070312,217.3800048828125,85269500,1.0592903099295405,1.0599718043297734,1.0537409771626955,1.0581707279028691
2016-09-01,217.3699951171875,217.72999572753903,216.02999877929688,217.38999938964844,97844200,1.0581220019817188,1.0598744267647917,1.0515991163970153,1.0582193795467003
2016-09-02,218.38999938964844,218.8699951171875,217.6999969482422,218.3699951171875,79293900,1.0630872179133124,1.065423759531637,1.059728397555979,1.0629898403483309
2016-09-06,218.6999969482422,219.1199951171875,217.86000061035156,219.02999877929688,56702100,1.0645962359225911,1.06664071912329,1.0605072695211935,1.0662026314968513
2016-09-07,218.83999633789065,219.22000122070312,218.3000030517578,219.0099945068359,76554900,1.0652777303228242,1.0671275326708787,1.062649130286874,1.0661052539318698
2016-09-08,218.6199951171875,218.94000244140625,218.1499938964844,218.5099945068359,74102900,1.064206799939984,1.0657645438704129,1.0619189099654909,1.0636713347485638
2016-09-09,216.97000122070312,217.02999877929688,213.25,213.27999877929688,221589100,1.0561748963460016,1.0564669547636274,1.0380665316800193,1.0382125608888322
2016-09-12,212.38999938964844,216.80999755859375,212.30999755859375,216.33999633789065,168110900,1.03388018771364,1.0553960243807872,1.033490751731033,1.053108134406294
2016-09-13,214.83999633789065,215.1499938964844,212.5,213.22999572753903,182828800,1.0458063768563761,1.0473153948656548,1.0344156529050603,1.0379691541150375
2016-09-14,213.2899932861328,214.6999969482422,212.5,213.1499938964844,134185500,1.0382612125326633,1.045124882456143,1.0344156529050603,1.0375797181324307
2016-09-15,212.9600067138672,215.72999572753903,212.75,215.27999877929688,134427900,1.036654891235722,1.0501387500315678,1.0356326124967132,1.0479482376220561
2016-09-16,213.47999572753903,213.69000244140625,212.57000732421875,213.3699951171875,155236400,1.0391861137066907,1.0402083924456995,1.034756437243836,1.0386506485152707
2016-09-19,214.1300048828125,214.8800048828125,213.02999877929688,213.41000366210935,80250500,1.04235025321138,1.046001131986339,1.036995601297179,1.0388454036452335
2016-09-20,214.41000366210935,214.58999633789065,213.3800048828125,213.4199981689453,69665300,1.0437132420118456,1.044589417264723,1.0386993744364208,1.038894055289065
2016-09-21,214.2400054931641,216.02999877929688,213.44000244140625,215.82000732421875,110284400,1.0428857184028002,1.0515991163970153,1.0389914328540466,1.0505769119353252
2016-09-22,217.0,217.52999877929688,216.7100067138672,217.17999267578125,76678700,1.0563209255548145,1.0589008739469332,1.0549092851105173,1.0571971008076915
2016-09-23,216.72000122070312,216.8800048828125,215.8800048828125,215.9900054931641,73630900,1.0549579367543485,1.055736808719563,1.050868970352951,1.0514044355443712
2016-09-26,215.02000427246097,215.22999572753903,214.0099945068359,214.2400054931641,89827300,1.046682626386572,1.0477048308482617,1.0417660620988094,1.0428857184028002
2016-09-27,214.0500030517578,215.67999267578125,213.6199951171875,215.57000732421875,78494800,1.0419608172287727,1.0498953432577736,1.0398676081069236,1.0493599523436723
2016-09-28,215.8300018310547,216.82000732421875,214.7100067138672,216.63999938964844,87411000,1.0506255635791566,1.0554447503019373,1.0451736083772931,1.0545685007717414
2016-09-29,216.3999938964844,216.8699951171875,214.0399932861328,214.67999267578125,128070600,1.0534001928239198,1.0556880827984128,1.0419120913076225,1.0450275048911615
2016-09-30,215.6499938964844,217.1199951171875,215.36000061035156,216.3000030517578,117202900,1.0497493140489609,1.0569050423900659,1.0483376736046635,1.0529134535536497
2016-10-03,215.82000732421875,216.0399932861328,215.0399932861328,215.77999877929688,83512100,1.0505769119353252,1.0516477680408465,1.0467799296742346,1.0503821568053622
2016-10-04,215.91000366210935,216.1699981689453,213.9900054931641,214.67999267578125,119948100,1.0510149995617637,1.0522806107972482,1.041668758811147,1.0450275048911615
2016-10-05,215.41000366210935,216.1300048828125,215.3300018310547,215.6300048828125,72816000,1.0485810803784577,1.052085929944604,1.0481916443958506,1.0496520107612979
2016-10-06,215.3699951171875,216.0399932861328,214.7400054931641,215.77999877929688,62927400,1.0483863252484948,1.0516477680408465,1.045319637586106,1.0503821568053622
2016-10-07,216.1000061035156,216.3000030517578,214.19000244140625,215.0399932861328,89788300,1.051939900735791,1.0529134535536497,1.0426423116290056,1.0467799296742346
2016-10-10,216.16000366210935,216.6999969482422,215.9900054931641,216.16000366210935,51855000,1.0522319591534166,1.0548605591893672,1.0514044355443712,1.0522319591534166
2016-10-11,215.66000366210935,215.7400054931641,212.5800018310547,213.42999267578125,130367400,1.0497980399701106,1.050187475952718,1.0348050888876674,1.0389427069328965
2016-10-12,213.58999633789065,214.32000732421875,213.0099945068359,213.7100067138672,73866100,1.039721578898111,1.043275154385407,1.0368982237321975,1.040305770010681
2016-10-13,212.16000366210935,213.58999633789065,211.2100067138672,213.0099945068359,101357000,1.0327606056869685,1.039721578898111,1.028136174094151,1.0368982237321975
2016-10-14,214.1499938964844,214.69000244140625,213.02999877929688,213.1199951171875,93346200,1.0424475564990427,1.0450762308123116,1.036995601297179,1.0374336889236178
2016-10-17,213.08999633789065,213.38999938964844,212.1699981689453,212.3800048828125,58275700,1.0372876597148049,1.0387480260802522,1.0328092573308,1.0338315360698087
2016-10-18,214.2400054931641,214.30999755859375,213.27000427246097,213.7100067138672,76869700,1.0428857184028002,1.043226428464257,1.0381639092450008,1.040305770010681
2016-10-19,214.02000427246097,214.63999938964844,213.6000061035156,214.27999877929688,66519200,1.04181478801996,1.0448328240385172,1.0397703048192608,1.043080399255444
2016-10-20,213.8699951171875,214.52999877929688,213.11000061035156,213.8800048828125,73639800,1.0410845676985767,1.0442973588470972,1.0373850372797864,1.0411332936197268
2016-10-21,213.8800048828125,214.0800018310547,212.7599945068359,213.97999572753903,89089100,1.0411332936197268,1.0421068464375856,1.0356812641405444,1.0416200328899967
2016-10-24,215.0,215.32000732421875,214.47999572753903,214.88999938964844,60146600,1.0465852488215903,1.0481429927520192,1.0440539520733028,1.0460497836301703
2016-10-25,214.67999267578125,214.97999572753903,213.97999572753903,214.1699981689453,66542300,1.0450275048911615,1.0464878712566086,1.0416200328899967,1.042544934064024
2016-10-26,213.2100067138672,214.4199981689453,212.92999267578125,213.7400054931641,75705500,1.037871850827375,1.0437618936556772,1.0365087877495904,1.0404517992194942
2016-10-27,214.5800018310547,214.6199951171875,213.0800018310547,213.1699981689453,77220200,1.0445407656208916,1.0447354464735357,1.0372390080709735,1.037677095697412
2016-10-28,213.13999938964844,213.92999267578125,211.7100067138672,212.5399932861328,140623200,1.0375310664885993,1.0413766261162025,1.030570093277457,1.0346103337577044
2016-10-31,212.92999267578125,213.19000244140625,212.36000061035156,212.5500030517578,61272500,1.0365087877495904,1.0377744732623935,1.0337341585048272,1.0346590596788545
2016-11-01,212.92999267578125,212.9900054931641,209.6000061035156,211.0099945068359,122781800,1.0365087877495904,1.036800920444535,1.0202989513528127,1.0271625469989734
2016-11-02,210.6499938964844,211.1000061035156,209.22999572753903,209.7400054931641,103330800,1.0254101222159004,1.0276007089027308,1.0184978006485894,1.0209804457530458
2016-11-03,209.9900054931641,210.2400054931641,208.4600067138672,208.77999877929688,88939300,1.022197405344699,1.0234143649363519,1.014749618585968,1.0163072882390778
2016-11-04,208.91000366210935,209.88999938964844,208.3800048828125,208.5500030517578,109122100,1.0169401309954793,1.02171059179711,1.0143601826033606,1.0151877062124064
2016-11-07,208.5500030517578,213.19000244140625,208.5500030517578,213.1499938964844,109794900,1.0151877062124064,1.0377744732623935,1.0151877062124064,1.0375797181324307
2016-11-08,212.69000244140625,214.77000427246097,212.3800048828125,214.11000061035156,106772100,1.0353405540790874,1.045465666794919,1.0338315360698087,1.0422528756463985
2016-11-09,212.3699951171875,217.1000061035156,212.33999633789065,216.3800048828125,258429000,1.0337828101486586,1.056807739102403,1.033636780939846,1.053302889536257
2016-11-10,217.3000030517578,218.30999755859375,215.22000122070312,216.9199981689453,172113300,1.0577812919202618,1.0626977819307053,1.0476561792044305,1.0559314895722072
2016-11-11,216.0800018310547,216.6999969482422,215.32000732421875,216.4199981689453,100552700,1.0518425231708095,1.0548605591893672,1.0481429927520192,1.0534975703889011
2016-11-14,217.02999877929688,217.27000427246097,215.72000122070312,216.58999633789065,94580000,1.0564669547636274,1.0576352627114491,1.0500900983877366,1.0543250939979472
2016-11-15,217.0399932861328,218.27999877929688,216.8000030517578,218.27999877929688,91652600,1.0565156064074586,1.0625517527218924,1.0553473727369558,1.0625517527218924
2016-11-16,217.55999755859375,218.13999938964844,217.4199981689453,217.8699951171875,65617700,1.0590469031557461,1.0618702583216595,1.0583654087555132,1.0605559211650248
2016-11-17,218.0500030517578,219.05999755859375,217.9199981689453,218.9900054931641,69797200,1.0614321706952208,1.0663486607056643,1.0607993279388193,1.0660079506442073
2016-11-18,219.07000732421875,219.27000427246097,218.2899932861328,218.5,86265800,1.0663973866268144,1.067370939444673,1.0626004043657238,1.0636226831047324
2016-11-21,219.1699981689453,220.17999267578125,219.0,220.1499938964844,72402600,1.0668841258970843,1.0718006159075277,1.0660566022880384,1.071654586698715
2016-11-22,220.5099945068359,220.7899932861328,219.72999572753903,220.5800018310547,67429000,1.0734070114817877,1.0747700002822538,1.0696101034980159,1.073747795820564
2016-11-23,219.97999572753903,220.7599945068359,219.75,220.6999969482422,56620200,1.070827063089669,1.0746239710734409,1.0697074810629976,1.0743319126558153
2016-11-25,221.1000061035156,221.55999755859375,221.0099945068359,221.52000427246097,37872300,1.0762790925688512,1.0785182566221942,1.0758409306650938,1.0783235757695504
2016-11-28,221.16000366210935,221.47999572753903,220.36000061035156,220.47999572753903,76572500,1.076571150986477,1.078128820639587,1.0726768654377237,1.073260982272975
2016-11-29,220.52000427246097,221.44000244140625,220.1699981689453,220.91000366210935,69886700,1.0734557374029383,1.0779341397869429,1.0717519642636963,1.075354191394824
2016-11-30,221.6300048828125,221.82000732421875,220.30999755859375,220.3800048828125,113291800,1.0788590409609702,1.0797839421349975,1.0724334586639293,1.0727742430027052
2016-12-01,220.72999572753903,220.72999572753903,219.1499938964844,219.57000732421875,79040500,1.074477941864628,1.074477941864628,1.066786748332103,1.0688313058101204
2016-12-02,219.6699981689453,220.25,219.2599945068359,219.67999267578125,74840300,1.0693180450803903,1.0721414002463037,1.0673222135235227,1.0693666967242217
2016-12-05,220.6499938964844,221.3999938964844,220.4199981689453,221.0,67837800,1.074088505882021,1.07773938465698,1.0729689238553495,1.0757922790212626
2016-12-06,221.22000122070312,221.7400054931641,220.66000366210935,221.6999969482422,59877400,1.0768632094041029,1.0793945061523904,1.074137231803171,1.0791997510224274
2016-12-07,221.52000427246097,224.6699981689453,221.3800048828125,224.6000061035156,110738100,1.0783235757695504,1.0936572369134505,1.0776420813693173,1.0933165268519933
2016-12-08,224.57000732421875,225.6999969482422,224.2599945068359,225.1499938964844,99714400,1.0931704976431806,1.0986711044888755,1.091661405356583,1.0959937785317753
2016-12-09,225.41000366210935,226.52999877929688,225.3699951171875,226.5099945068359,88005800,1.097259464044578,1.1027114192464418,1.0970647089146153,1.10261404168146
2016-12-12,226.3999938964844,226.9600067138672,225.7599945068359,226.25,102016100,1.1020785764900403,1.1048046283682906,1.098963162906501,1.101348430445976
2016-12-13,227.02000427246097,228.33999633789065,227.0,227.7599945068359,110477500,1.1050966867859167,1.1115221948056386,1.104999309220935,1.1086988396397253
2016-12-14,227.41000366210935,228.22999572753903,225.3699951171875,225.8800048828125,142501800,1.1069951407778023,1.1109867296142184,1.0970647089146153,1.0995473540190714
2016-12-15,226.16000366210935,227.80999755859375,225.88999938964844,226.80999755859375,124972600,1.1009103428195373,1.1089422464135197,1.0995960056629028,1.1040744080469076
2016-12-16,226.0099945068359,226.0800018310547,224.6699981689453,225.0399932861328,156420200,1.100180122498154,1.1005209068369302,1.0936572369134505,1.095458313340355
2016-12-19,225.25,226.02000427246097,225.0800018310547,225.52999877929688,90341100,1.0964805920793639,1.1002288484193046,1.095653068470318,1.0978435808798297
2016-12-20,226.1499938964844,226.57000732421875,225.8800048828125,226.3999938964844,89838800,1.1008616168983874,1.1029061743764048,1.0995473540190714,1.1020785764900403
2016-12-21,226.25,226.4499969482422,225.77000427246097,225.77000427246097,67909000,1.101348430445976,1.1023219832638345,1.0990118888276514,1.0990118888276514
2016-12-22,225.6000061035156,225.7400054931641,224.9199981689453,225.3800048828125,56219100,1.0981843652186054,1.0988658596188388,1.0948741965051036,1.0971134348357654
2016-12-23,225.42999267578125,225.72000122070312,225.2100067138672,225.7100067138672,36697800,1.0973567673322409,1.098768482053857,1.0962859112267196,1.0987198304100256
2016-12-27,226.02000427246097,226.72999572753903,226.0,226.27000427246097,42672500,1.1002288484193046,1.1036849720643003,1.1001314708543228,1.1014458080109575
2016-12-28,226.57000732421875,226.58999633789065,224.27000427246097,224.3999938964844,64095000,1.1029061743764048,1.1030034776640676,1.0917101312777335,1.092342899756816
2016-12-29,224.47999572753903,224.88999938964844,223.83999633789065,224.3500061035156,48696100,1.0927323357394232,1.0947281672962907,1.0896169221558845,1.0920995672603404
2016-12-30,224.72999572753903,224.8300018310547,222.72999572753903,223.52999877929688,108998300,1.093949295331076,1.094436108878665,1.0842136185978521,1.0881079041466055
2017-01-03,225.0399932861328,225.8300018310547,223.8800048828125,225.2400054931641,91366500,1.095458313340355,1.099303947245277,1.0898116772858473,1.0964319404355327
2017-01-04,225.6199951171875,226.75,225.61000061035156,226.5800018310547,78744400,1.0982816685062682,1.103782349629282,1.098233016862437,1.1029548260202362
2017-01-05,226.27000427246097,226.5800018310547,225.47999572753903,226.3999938964844,78379000,1.1014458080109575,1.1029548260202362,1.0976001741060353,1.1020785764900403
2017-01-06,226.52999877929688,227.75,225.8999938964844,227.2100067138672,71559900,1.1027114192464418,1.1086501879958939,1.0996446573067342,1.1060215879599438
2017-01-09,226.91000366210935,227.07000732421875,226.4199981689453,226.4600067138672,46939700,1.1045612215944962,1.1053400935597109,1.1021759540550216,1.1023707091849846
2017-01-10,226.47999572753903,227.4499969482422,226.0099945068359,226.4600067138672,63771900,1.1024680124726471,1.1071898216304465,1.100180122498154,1.1023707091849846
2017-01-11,226.36000061035156,227.1000061035156,225.58999633789065,227.1000061035156,74650000,1.101883895637396,1.1054861227685235,1.0981356392974555,1.1054861227685235
2017-01-12,226.5,226.75,224.9600067138672,226.52999877929688,72113200,1.1025653900376289,1.103782349629282,1.0950689516350667,1.1027114192464418
2017-01-13,226.72999572753903,227.3999938964844,226.69000244140625,227.0500030517578,62717900,1.1036849720643003,1.1069464148566523,1.1034902912116562,1.1052427159947293
2017-01-17,226.30999755859375,226.77999877929688,225.8000030517578,226.25,61240800,1.1016404888636016,1.1039283788380947,1.0991579180364641,1.101348430445976
2017-01-18,226.5399932861328,226.8000030517578,225.8999938964844,226.75,54793300,1.1027600708902732,1.1040257564030762,1.0996446573067342,1.103782349629282
2017-01-19,226.83999633789065,227.0,225.41000366210935,225.91000366210935,66608800,1.1042204372557205,1.104999309220935,1.097259464044578,1.0996933832278841
2017-01-20,226.6999969482422,227.30999755859375,225.97000122070312,226.7400054931641,129168600,1.1035389428554876,1.1065083272302136,1.09998544164551,1.1037336979854506
2017-01-23,226.7400054931641,226.80999755859375,225.27000427246097,226.1499938964844,75061600,1.1037336979854506,1.1040744080469076,1.0965779696443454,1.1008616168983874
2017-01-24,226.3999938964844,228.0800018310547,226.27000427246097,227.6000061035156,95555300,1.1020785764900403,1.110256583570154,1.1014458080109575,1.1079200419518296
2017-01-25,228.6999969482422,229.57000732421875,228.5099945068359,229.57000732421875,84437700,1.1132746195887115,1.1175096894762409,1.1123497184146842,1.1175096894762409
2017-01-26,229.3999938964844,229.7100067138672,229.0099945068359,229.3300018310547,59970700,1.1166820915898765,1.1181911838764738,1.1147836375979903,1.1163413815284193
2017-01-27,229.4199981689453,229.58999633789065,228.7599945068359,228.97000122070312,59711100,1.1167794691548578,1.1176069927639036,1.1135666780063371,1.1145889567453462
2017-01-30,228.1699981689453,228.1999969482422,226.41000366210935,227.5500030517578,79737300,1.1106946711965928,1.1108407004054055,1.1021273024111902,1.1076766351780354
2017-01-31,226.97999572753903,227.6000061035156,226.32000732421875,227.52999877929688,75880800,1.1049019316559532,1.1079200419518296,1.1016892147847517,1.1075792576130539
2017-02-01,227.52999877929688,228.58999633789065,226.94000244140625,227.6199951171875,79117700,1.1075792576130539,1.1127391543972918,1.1047072508033091,1.1080173452394924
2017-02-02,227.6199951171875,228.1000061035156,226.82000732421875,227.77000427246097,69657600,1.1080173452394924,1.1103539611351356,1.1041231339680577,1.1087475655608756
2017-02-03,228.82000732421875,229.5500030517578,228.4600067138672,229.33999633789065,80563200,1.113858810701282,1.1174123119112593,1.1121063859182088,1.1163900331722507
2017-02-06,228.8699951171875,229.3300018310547,228.5399932861328,228.92999267578125,57790100,1.1141021431977574,1.1163413815284193,1.1124957476234971,1.1143942016153832
2017-02-07,229.3800048828125,229.66000366210935,228.72000122070312,228.94000244140625,57931200,1.1165847883022135,1.1179477771026793,1.113371997153693,1.1144429275365333
2017-02-08,228.94000244140625,229.38999938964844,228.30999755859375,229.2400054931641,51566200,1.1144429275365333,1.116633439946045,1.1113761655968257,1.1159032939019808
2017-02-09,229.2400054931641,230.9499969482422,229.2400054931641,230.6000061035156,65955200,1.1159032939019808,1.1242272559135886,1.1159032939019808,1.1225235570516656
2017-02-10,231.0,231.77000427246097,230.6199951171875,231.5099945068359,66015900,1.124470662687383,1.1282189190273237,1.1226208603393284,1.1269532335145203
2017-02-13,232.0800018310547,233.07000732421875,232.0500030517578,232.77000427246097,55182100,1.1297279370366025,1.1345471237593832,1.1295819078277896,1.1330867573939358
2017-02-14,232.55999755859375,233.7100067138672,232.16000366210935,233.6999969482422,71109000,1.132064478654927,1.137662537342922,1.1301173730192096,1.137613811421772
2017-02-15,233.4499969482422,235.13999938964844,233.38999938964844,234.9199981689453,86785800,1.1363968518301188,1.1446235105540643,1.136104793412493,1.143552580171224
2017-02-16,234.9499969482422,235.16000366210935,233.8500061035156,234.72000122070312,84722400,1.143698609380037,1.1447208881190456,1.1383440317431548,1.1425790273533654
2017-02-17,233.9499969482422,235.08999633789065,233.92999267578125,235.08999633789065,77204100,1.138830771013425,1.14438010378027,1.1387333934484434,1.14438010378027
2017-02-21,235.52000427246097,236.69000244140625,235.5099945068359,236.4900054931641,88946100,1.146473312902119,1.1521686748777766,1.1464245869809686,1.1511951220599181
2017-02-22,236.02000427246097,236.5399932861328,235.8300018310547,236.27999877929688,62115200,1.148907232085425,1.1514384545563936,1.1479823309113975,1.1501728433209093
2017-02-23,236.8800048828125,236.8999938964844,235.55999755859375,236.44000244140625,74615900,1.153093576051804,1.1531908793394667,1.146667993754763,1.1509517152861237
2017-02-24,235.4600067138672,236.7899932861328,235.41000366210935,236.7400054931641,82381600,1.1461812544844932,1.1526554141480465,1.1459378477106985,1.1524120816515713
2017-02-27,236.63999938964844,237.30999755859375,236.3500061035156,237.11000061035156,56515400,1.1519252681039822,1.155186710896334,1.150513627659685,1.1542131580784756
2017-02-28,236.6699981689453,236.9499969482422,236.02000427246097,236.47000122070312,96961900,1.1520712973127951,1.153434286113261,1.148907232085425,1.1510977444949366
2017-03-01,238.38999938964844,240.32000732421875,238.3699951171875,239.77999877929688,149158200,1.1604439852455535,1.1698389519173205,1.160346607680572,1.1672102776040514
2017-03-02,239.55999755859375,239.57000732421875,238.2100067138672,238.27000427246097,70246000,1.1661393472212112,1.1661880731423615,1.1595678099926763,1.159859868410302
2017-03-03,238.1699981689453,238.61000061035156,237.72999572753903,238.4199981689453,81974300,1.1593730548627132,1.1615149156283935,1.1572311940970328,1.1605900144543662
2017-03-06,237.5,238.1199951171875,237.0099945068359,237.7100067138672,55391500,1.1561116120703614,1.1591296480889188,1.1537263445308865,1.1571338908093702
2017-03-07,237.36000061035156,237.77000427246097,236.7599945068359,237.0,65103700,1.1554301176701285,1.157425949226996,1.1525093849392336,1.1536776928870554
2017-03-08,237.33999633789065,237.63999938964844,236.3999938964844,236.55999755859375,78168800,1.1553327401051472,1.1567931064705943,1.1507569601561607,1.1515358321213751
2017-03-09,236.6999969482422,237.2400054931641,235.7400054931641,236.86000061035156,90683900,1.152217326521608,1.154846000834877,1.1475442432849592,1.1529961984868224
2017-03-10,237.97000122070312,238.02000427246097,236.58999633789065,237.69000244140625,81991700,1.1583995020448545,1.1586429088186492,1.151681861330188,1.1570365132443887
2017-03-13,237.6199951171875,237.86000061035156,237.2400054931641,237.80999755859375,57256800,1.1566957289056128,1.1578640368534345,1.154846000834877,1.1576206300796401
2017-03-14,237.17999267578125,237.2400054931641,236.19000244140625,236.8999938964844,59880800,1.1545538681399325,1.154846000834877,1.1497347556944706,1.1531908793394667
2017-03-15,237.55999755859375,239.44000244140625,237.2899932861328,238.9499969482422,96081800,1.1564036704879872,1.1655552303859598,1.1550893333313526,1.163169962846485
2017-03-16,239.11000061035156,239.1999969482422,238.1000061035156,238.47999572753903,78344000,1.1639488348116995,1.1643869224381382,1.159032344801256,1.1608820728719917
2017-03-17,237.75,237.97000122070312,237.02999877929688,237.02999877929688,89002100,1.1573285716620145,1.1583995020448545,1.1538237220958683,1.1538237220958683
2017-03-20,237.02999877929688,237.36000061035156,236.32000732421875,236.77000427246097,52537000,1.1538237220958683,1.1554301176701285,1.1503675984508723,1.152558110860384
2017-03-21,237.47000122070312,237.61000061035156,233.5800018310547,233.72999572753903,131809300,1.1559655828615485,1.1566470772617814,1.1370296945865204,1.1377598406305847
2017-03-22,233.77000427246097,234.61000061035156,233.0500030517578,234.27999877929688,97569200,1.137954595760548,1.1420435621619454,1.1344497461944016,1.1404371665876851
2017-03-23,234.27999877929688,235.33999633789065,233.6000061035156,234.02999877929688,100410300,1.1404371665876851,1.145597063371923,1.1371270721515019,1.1392202069960322
2017-03-24,234.3800048828125,235.0399932861328,232.9600067138672,233.86000061035156,112504900,1.140923980135274,1.1441366970064755,1.134011658567963,1.1383926833869864
2017-03-27,231.92999267578125,233.9199981689453,231.61000061035156,233.6199951171875,87454500,1.1289977167152192,1.138684741804612,1.1274400470621093,1.1372243754391647
2017-03-28,233.27000427246097,235.80999755859375,233.13999938964844,235.32000732421875,93483900,1.1355206765772419,1.147884953346416,1.1348878338208401,1.1454997600842602
2017-03-29,234.9900054931641,235.80999755859375,234.72999572753903,235.5399932861328,61950400,1.14389336451,1.147884953346416,1.1426276789971965,1.1465706161897815
2017-03-30,235.47000122070312,236.52000427246097,235.27000427246097,236.2899932861328,56737900,1.1462299061283245,1.151341151268731,1.145256353310466,1.1502214949647405
2017-03-31,235.8999938964844,236.5099945068359,235.67999267578125,235.7400054931641,73733100,1.1483230409728546,1.1512924253475805,1.1472521105900144,1.1475442432849592
2017-04-03,235.8000030517578,236.02999877929688,233.91000366210935,235.3300018310547,85546500,1.1478363017025848,1.1489558837292562,1.1386360901607806,1.1455484117280916
2017-04-04,235.0,235.5800018310547,234.55999755859375,235.47999572753903,56466200,1.1439420161538314,1.1467653713197445,1.141800155388151,1.1462785577721557
2017-04-05,236.2599945068359,237.38999938964844,234.5399932861328,234.77999877929688,108800600,1.1500754657559276,1.1555761468789414,1.1417027778231694,1.1428710857709912
2017-04-06,234.94000244140625,236.0399932861328,234.42999267578125,235.44000244140625,69135800,1.1436499577362056,1.1490045353730876,1.1411673126317494,1.1460838769195116
2017-04-07,235.1499938964844,236.0,234.63999938964844,235.1999969482422,74412300,1.1446721621978957,1.1488098545204433,1.1421895913707583,1.14491556897169
2017-04-10,235.36000061035156,236.2599945068359,234.72999572753903,235.33999633789065,67615300,1.1456944409369043,1.1500754657559276,1.1426276789971965,1.145597063371923
2017-04-11,234.8999938964844,235.17999267578125,233.33999633789065,235.05999755859375,88045300,1.1434552026062428,1.1448181914067084,1.1358613866386988,1.144234074571457
2017-04-12,234.7400054931641,234.9600067138672,233.77000427246097,234.02999877929688,81864400,1.142676404918347,1.143747335301187,1.137954595760548,1.1392202069960322
2017-04-13,233.63999938964844,234.4900054931641,232.5099945068359,232.5099945068359,92880400,1.1373217530041462,1.141459445326694,1.1318210718811323,1.1318210718811323
2017-04-17,233.11000061035156,234.57000732421875,232.8800048828125,234.57000732421875,68405400,1.1347418046120272,1.141848881309301,1.1336222225853558,1.141848881309301
2017-04-18,233.72000122070312,234.4900054931641,233.0800018310547,233.8699951171875,83225800,1.1377111889867533,1.141459445326694,1.1345957754032143,1.1384413350308176
2017-04-19,234.52000427246097,234.9499969482422,233.17999267578125,233.44000244140625,68699900,1.1416054745355069,1.143698609380037,1.1350825146734844,1.1363482001862875
2017-04-20,234.1499938964844,235.8500061035156,233.77999877929688,235.33999633789065,92572200,1.1398043238312836,1.148079708476379,1.138003247404379,1.145597063371923
2017-04-21,235.25,235.30999755859375,234.1300048828125,234.58999633789065,110389800,1.1451589757454843,1.1454510341631101,1.1397070205436208,1.141946184596964
2017-04-24,237.17999267578125,237.41000366210935,234.55999755859375,237.1699981689453,119209900,1.1545538681399325,1.1556735244439227,1.141800155388151,1.1545052164961012
2017-04-25,237.91000366210935,238.9499969482422,237.80999755859375,238.5500030517578,76698300,1.1581074436272287,1.163169962846485,1.1576206300796401,1.161222857210768
2017-04-26,238.5099945068359,239.52999877929688,238.3500061035156,238.3999938964844,84702500,1.1610281020808046,1.1659933180123985,1.160249304392909,1.1604926368893849
2017-04-27,238.77000427246097,238.9499969482422,237.97999572753903,238.6000061035156,57410300,1.1622937875936081,1.163169962846485,1.1584481536886857,1.161466263984562
2017-04-28,238.8999938964844,238.92999267578125,237.92999267578125,238.0800018310547,63532800,1.162926556072691,1.1630725852815036,1.1582047469148915,1.1589349672362748
2017-05-01,238.67999267578125,239.1699981689453,238.1999969482422,238.67999267578125,66882500,1.1618556256898507,1.1642408932293253,1.1595190840715262,1.1618556256898507
2017-05-02,238.83999633789065,238.97999572753903,238.3000030517578,238.77000427246097,57375700,1.162634497655065,1.1633159920552978,1.1600058976191148,1.1622937875936081
2017-05-03,238.77000427246097,238.8800048828125,237.6999969482422,238.47999572753903,73137700,1.1622937875936081,1.1628292527850281,1.15708516488822,1.1608820728719917
2017-05-04,238.8300018310547,238.9199981689453,237.77999877929688,238.7599945068359,61462700,1.1625858460112337,1.1630239336376722,1.1574746008708272,1.1622450616724578
2017-05-05,239.19000244140625,239.72000122070312,238.67999267578125,239.6999969482422,62001300,1.1643382707943069,1.1669182191864256,1.1618556256898507,1.166820841621444
2017-05-08,239.75,239.9199981689453,239.1699981689453,239.66000366210935,48385700,1.1670642483952385,1.1678917720042843,1.1642408932293253,1.1666261607687998
2017-05-09,239.9600067138672,240.19000244140625,239.0399932861328,239.44000244140625,51363200,1.1680865271342473,1.169206109160919,1.1636080504729236,1.1655552303859598
2017-05-10,239.38999938964844,239.8699951171875,239.1499938964844,239.8699951171875,54293800,1.1653118236121653,1.1676483652304899,1.1641435156643438,1.1676483652304899
2017-05-11,239.3500061035156,239.57000732421875,238.1300048828125,239.3800048828125,62358300,1.165117142759521,1.1661880731423615,1.159178374010069,1.1652631719683342
2017-05-12,239.08999633789065,239.42999267578125,238.6699981689453,238.97999572753903,53912700,1.1638514572467182,1.1655065044648096,1.1618069740460193,1.1633159920552978
2017-05-15,239.47000122070312,240.44000244140625,239.4499969482422,240.3000030517578,61918900,1.1657012595947727,1.1704230687525718,1.1656038820297911,1.169741574352339
2017-05-16,240.63999938964844,240.6699981689453,239.6300048828125,240.0800018310547,51241800,1.1713966215704306,1.1715426507792432,1.166480131559987,1.1686706439694987
2017-05-17,240.0800018310547,240.0800018310547,235.75,235.82000732421875,172174100,1.1686706439694987,1.1686706439694987,1.1475928949287904,1.1479336792675663
2017-05-18,235.72999572753903,237.75,235.42999267578125,236.77000427246097,107047700,1.1474955173638086,1.1573285716620145,1.1460351509983615,1.152558110860384
2017-05-19,237.3300018310547,239.0800018310547,237.27000427246097,238.30999755859375,115011400,1.1552840884613156,1.1638028056028866,1.15499203004369,1.1600545492629462
2017-05-22,238.8999938964844,239.7100067138672,238.82000732421875,239.52000427246097,61010600,1.162926556072691,1.1668695675425944,1.1625371943674023,1.165944666368567
2017-05-23,239.9499969482422,240.2400054931641,239.5099945068359,240.0500030517578,48341700,1.1680378012130972,1.1694495159347134,1.1658959404474167,1.1685246147606858
2017-05-24,240.32000732421875,240.72999572753903,239.92999267578125,240.61000061035156,46927700,1.1698389519173205,1.1718347091968688,1.1679404236481157,1.1712505923616177
2017-05-25,241.1999969482422,242.0800018310547,240.9600067138672,241.7599945068359,64071700,1.1741225991713622,1.1784063207027229,1.1729543655008594,1.1768485767722938
2017-05-26,241.5399932861328,241.8999938964844,241.4499969482422,241.7100067138672,46629900,1.1757776463894538,1.177530071172527,1.1753395587630153,1.1766052442758184
2017-05-30,241.33999633789065,241.7899932861328,241.16000366210935,241.5,35201900,1.1748040935715953,1.1769946059811067,1.173927918318718,1.1755829655368095
2017-05-31,241.83999633789065,241.8800048828125,240.63999938964844,241.44000244140625,91796000,1.1772380127549014,1.1774327678848642,1.1713966215704306,1.175290907119184
2017-06-01,241.97000122070312,243.3800048828125,241.63999938964844,243.36000061035156,68962000,1.1778708555113029,1.1847345254347823,1.1762644599370427,1.1846371478698008
2017-06-02,243.4199981689453,244.3500061035156,243.0800018310547,244.1699981689453,88666100,1.1849292062874264,1.1894563345925813,1.183274159069335,1.1885800850623855
2017-06-05,243.97000122070312,244.3000030517578,243.7599945068359,243.9900054931641,44698800,1.1876065322445268,1.189212927818787,1.186584253505518,1.1877039098095086
2017-06-06,243.33999633789065,243.97999572753903,243.1199951171875,243.2100067138672,50375400,1.1845397703048195,1.187655183888358,1.183468839921979,1.1839070018257365
2017-06-07,243.6000061035156,243.9199981689453,242.8300018310547,243.66000366210935,54144300,1.1858054558176223,1.1873631254707324,1.1820571994776818,1.1860975142352481
2017-06-08,243.77000427246097,244.3300018310547,243.1699981689453,243.77999877929688,65950700,1.1866329794266683,1.1893589570276,1.1837122466957735,1.1866816310704995
2017-06-09,244.08999633789065,245.0099945068359,241.9499969482422,243.41000366210935,132256400,1.1881906490797784,1.192669051463783,1.1777734779463214,1.184880554643595
2017-06-12,243.1300048828125,243.4199981689453,242.3800048828125,243.36000061035156,86108100,1.1835175658431292,1.1849292062874264,1.1798666870681702,1.1846371478698008
2017-06-13,243.97999572753903,244.61000061035156,243.5800018310547,244.5500030517578,60067000,1.187655183888358,1.1907219458280658,1.185708078252641,1.1904298874104402
2017-06-14,244.86000061035156,244.8699951171875,243.2899932861328,244.2400054931641,78602300,1.191938905419719,1.19198755706355,1.1842963635310249,1.1889208694011615
2017-06-15,242.67999267578125,243.91000366210935,242.36000061035156,243.77000427246097,66464900,1.1813269791562988,1.187314473826901,1.1797693095031887,1.1866329794266683
2017-06-16,242.77000427246097,242.8300018310547,241.6300048828125,242.63999938964844,84553100,1.1817651410600563,1.1820571994776818,1.1762158082932113,1.1811322983036545
2017-06-19,243.58999633789065,244.72999572753903,243.47999572753903,244.66000366210935,65123800,1.1857567298964724,1.1913060626633172,1.185221264705052,1.19096535260186
2017-06-20,244.25,244.2599945068359,242.9900054931641,243.0099945068359,56906400,1.1889695210449926,1.189018172688824,1.1828360714428965,1.1829333747305588
2017-06-21,243.4600067138672,243.58999633789065,242.41000366210935,242.9499969482422,55977600,1.1851239614173894,1.1857567298964724,1.180012716276983,1.1826413163129332
2017-06-22,242.9600067138672,243.52999877929688,242.63999938964844,242.83999633789065,44148100,1.1826900422340836,1.1854646714788466,1.1811322983036545,1.1821058511215135
2017-06-23,242.91000366210935,243.5099945068359,242.47000122070312,243.1300048828125,66986800,1.182446635460289,1.1853672939138649,1.1803047746946087,1.1835175658431292
2017-06-26,243.8999938964844,244.3800048828125,243.0500030517578,243.2899932861328,56700500,1.1872657479057511,1.1896023638013944,1.183128129860522,1.1842963635310249
2017-06-27,243.0399932861328,243.3800048828125,241.30999755859375,241.3300018310547,82247700,1.183079403939372,1.1847345254347823,1.1746580643627824,1.174755441927764
2017-06-28,242.5,243.72000122070312,242.22999572753903,243.4900054931641,70042600,1.1804508039034216,1.186389572652874,1.179136466746787,1.1852699906262025
2017-06-29,243.66000366210935,243.72000122070312,239.9600067138672,241.3500061035156,106949700,1.1860975142352481,1.186389572652874,1.1680865271342473,1.1748528194927452
2017-06-30,242.27999877929688,242.7100067138672,241.5800018310547,241.8000030517578,86820700,1.1793798735205816,1.1814730826424304,1.1759724015194168,1.177043331902257
2017-07-03,242.8800048828125,243.3800048828125,242.2100067138672,242.2100067138672,39153800,1.1823006062514763,1.1847345254347823,1.1790391634591244,1.1790391634591244
2017-07-05,242.6300048828125,243.0099945068359,241.6999969482422,242.77000427246097,54427600,1.1810836466598233,1.1829333747305588,1.1765565183546682,1.1817651410600563
2017-07-06,241.88999938964844,242.02999877929688,240.33999633789065,240.5500030517578,65400800,1.1774814195286956,1.1781629139289285,1.1699362552049832,1.1709585339439919
2017-07-07,241.2100067138672,242.27999877929688,240.55999755859375,242.11000061035156,57972300,1.1741713250925123,1.1793798735205816,1.1710071855878232,1.1785523499115358
2017-07-10,242.11000061035156,242.8000030517578,241.7599945068359,242.3699951171875,36663300,1.1785523499115358,1.181911170268869,1.1768485767722938,1.17981796114702
2017-07-11,242.3699951171875,242.5500030517578,240.8500061035156,242.19000244140625,50354600,1.17981796114702,1.180694210677216,1.1724189003094392,1.178941785894143
2017-07-12,243.3000030517578,244.1999969482422,243.3000030517578,244.0099945068359,59610400,1.184345089452175,1.1887261142711985,1.184345089452175,1.187801213097171
2017-07-13,244.02000427246097,244.5500030517578,243.7599945068359,244.4199981689453,39471600,1.1878499390183215,1.1904298874104402,1.186584253505518,1.1897970446540385
2017-07-14,244.4199981689453,245.97000122070312,244.30999755859375,245.55999755859375,60262700,1.1897970446540385,1.197342208977751,1.1892615794626185,1.1953463774208835
2017-07-17,245.47000122070312,245.91000366210935,245.3300018310547,245.52999877929688,33531900,1.194908289794445,1.1970501505601252,1.194226795394212,1.1952003482120706
2017-07-18,245.05999755859375,245.72000122070312,244.6699981689453,245.66000366210935,42742500,1.1929124582375774,1.1961252493860979,1.1910140042456916,1.195833190968472
2017-07-19,246.02000427246097,247.0,246.0099945068359,246.9900054931641,51034300,1.1975856157515454,1.2023560765531758,1.197536889830395,1.2023074249093446
2017-07-20,247.27999877929688,247.4199981689453,246.47000122070312,247.1000061035156,47135200,1.2037190653536418,1.2044005597538747,1.199776128161057,1.2028428901007644
2017-07-21,246.44000244140625,246.91000366210935,246.17999267578125,246.8800048828125,82340800,1.1996300989522442,1.201917988926737,1.198364413439441,1.2017719597179244
2017-07-24,246.7899932861328,246.97999572753903,246.27999877929688,246.82000732421875,46622300,1.2013337978141672,1.2022586989881943,1.1988512269870297,1.2014799013002988
2017-07-25,247.67999267578125,247.8000030517578,247.16000366210935,247.4199981689453,54915600,1.205666170989359,1.2062503621019294,1.2031349485183902,1.2044005597538747
2017-07-26,247.75,247.7899932861328,247.1300048828125,247.42999267578125,47575400,1.206006955328135,1.206201636180779,1.2029889193095775,1.204449211397706
2017-07-27,247.9600067138672,248.0,245.67999267578125,247.1999969482422,70766600,1.2070292340671438,1.2072239149197879,1.1959304942561348,1.2033296293710345
2017-07-28,246.6499938964844,247.05999755859375,246.1300048828125,246.91000366210935,50088400,1.2006523034139343,1.2026481349708016,1.1981210809429654,1.201917988926737
2017-07-31,247.3699951171875,247.47999572753903,246.52999877929688,246.77000427246097,65838700,1.2041571529800803,1.2046926181715003,1.2000681865786826,1.2012364945265046
2017-08-01,247.4600067138672,247.5,246.72000122070312,247.32000732421875,55050400,1.2045953148838378,1.2047899957364818,1.20099308775271,1.2039138204836048
2017-08-02,247.47000122070312,247.6000061035156,246.3699951171875,247.44000244140625,47211200,1.2046439665276691,1.2052768092840704,1.1992893146134682,1.2044979373188562
2017-08-03,247.30999755859375,247.33999633789065,246.63999938964844,246.9600067138672,40856000,1.2038650945624545,1.2040111237712676,1.2006036517701029,1.2021613957005317
2017-08-04,247.52000427246097,247.7899932861328,246.97000122070312,247.41000366210935,60191800,1.2048873733014636,1.206201636180779,1.202210047344363,1.2043519081100431
2017-08-07,247.4900054931641,247.8699951171875,247.3699951171875,247.8699951171875,31995000,1.2047413440926507,1.2065910721633863,1.2041571529800803,1.2065910721633863
2017-08-08,247.5099945068359,248.91000366210935,246.8300018310547,247.2599945068359,61719400,1.2048386473803132,1.2116536656599612,1.2015285529441302,1.20362168778866
2017-08-09,246.47000122070312,247.30999755859375,246.05999755859375,247.25,62632600,1.199776128161057,1.2038650945624545,1.1977802966041895,1.203573036144829
2017-08-10,246.2899932861328,246.44000244140625,243.6999969482422,243.7599945068359,120479500,1.1988998786308611,1.1996300989522442,1.1862921950878924,1.186584253505518
2017-08-11,244.02000427246097,244.8000030517578,243.75,244.1199951171875,74869900,1.1878499390183215,1.1916468470020931,1.1865356018616868,1.1883366782885911
2017-08-14,245.58999633789065,246.7899932861328,245.5500030517578,246.5399932861328,73291900,1.1954924066296966,1.2013337978141672,1.195297725777052,1.200116838222514
2017-08-15,246.97999572753903,247.0,246.16000366210935,246.5099945068359,55242700,1.2022586989881943,1.2023560765531758,1.1982671101517781,1.1999708090137011
2017-08-16,247.11000061035156,247.57000732421875,246.4499969482422,246.94000244140625,56715500,1.202891541744596,1.2051307800752578,1.1996787505960755,1.2020640181355502
2017-08-17,246.2400054931641,246.6000061035156,243.08999633789065,243.08999633789065,128490400,1.1986565461343857,1.2004089709174584,1.1833228107131664,1.1833228107131664
2017-08-18,242.8999938964844,244.19000244140625,242.1999969482422,242.7100067138672,136748000,1.182397909539139,1.188677462627367,1.1789904375379743,1.1814730826424304
2017-08-21,242.63999938964844,243.1999969482422,241.8300018310547,242.8999938964844,65469700,1.1811322983036545,1.1838582759045864,1.1771893611110698,1.182397909539139
2017-08-22,243.57000732421875,245.6199951171875,243.5500030517578,245.44000244140625,63140100,1.1856594266088096,1.1956384358385093,1.1855620490438281,1.194762260585632
2017-08-23,244.3300018310547,245.0500030517578,244.16000366210935,244.55999755859375,50203800,1.1893589570276,1.1928638065937462,1.188531433418554,1.1904785390542714
2017-08-24,245.0,245.17999267578125,243.75,243.9900054931641,50741700,1.1926203998199518,1.1934965750728288,1.1865356018616868,1.1877039098095086
2017-08-25,244.8999938964844,245.61000061035156,244.38999938964844,244.55999755859375,64445900,1.1921335862723632,1.1955897841946779,1.1896510154452258,1.1904785390542714
2017-08-28,245.1699981689453,245.1999969482422,244.08999633789065,244.57000732421875,40565600,1.1934479234289976,1.1935939526378103,1.1881906490797784,1.1905272649754217
2017-08-29,243.05999755859375,245.1499938964844,242.92999267578125,244.8500061035156,51135700,1.1831767815043535,1.1933505458640161,1.1825439387479517,1.1918902537758873
2017-08-30,244.8300018310547,246.32000732421875,244.6199951171875,246.0099945068359,62030800,1.191792876210906,1.1990459821169928,1.1907705974718972,1.197536889830395
2017-08-31,246.72000122070312,247.77000427246097,246.0500030517578,247.4900054931641,103803900,1.20099308775271,1.2061043328931165,1.197731644960358,1.2047413440926507
2017-09-01,247.9199981689453,248.3300018310547,247.6699981689453,247.83999633789065,62007000,1.2068344789371808,1.208830310494048,1.2056175193455276,1.2064450429545737
2017-09-05,247.2599945068359,247.52000427246097,244.9499969482422,246.05999755859375,91398800,1.20362168778866,1.2048873733014636,1.1923769930461574,1.1977802966041895
2017-09-06,246.83999633789065,247.27999877929688,246.22999572753903,246.8999938964844,57916900,1.2015772045879616,1.2037190653536418,1.198607820213235,1.2018692630055874
2017-09-07,247.25,247.27000427246097,246.3999938964844,246.8699951171875,58034700,1.203573036144829,1.2036704137098104,1.1994353438222813,1.2017232337967743
2017-09-08,246.5399932861328,247.11000061035156,246.3000030517578,246.5800018310547,63832800,1.200116838222514,1.202891541744596,1.1989486045520112,1.200311593352477
2017-09-11,248.0399932861328,249.3000030517578,248.02000427246097,249.2100067138672,71364800,1.2074185957724322,1.2135521196518473,1.2073212924847696,1.2131140320254088
2017-09-12,249.6300048828125,250.08999633789065,249.4199981689453,250.0500030517578,56896000,1.2151585152261075,1.2173976792794508,1.2141362364870987,1.2172029984268065
2017-09-13,249.72000122070312,250.2100067138672,249.58999633789065,250.1699981689453,59228000,1.2155966028525462,1.2179818703920209,1.2149637600961447,1.2177871152620579
2017-09-14,249.8000030517578,250.32000732421875,249.6000061035156,250.08999633789065,95446300,1.2159860388351533,1.2185173355834409,1.2150124860172946,1.2173976792794508
2017-09-15,248.69000244140625,249.2899932861328,248.57000732421875,249.19000244140625,95432400,1.2105827352771212,1.2135033937306972,1.2099986184418698,1.2130166544604273
2017-09-18,249.61000061035156,250.1199951171875,249.27999877929688,249.72000122070312,46235200,1.215061137661126,1.2175437084882634,1.2134547420868658,1.2155966028525462
2017-09-19,250.0,250.07000732421875,249.6000061035156,249.97000122070312,47108100,1.216959591653012,1.217300375991788,1.2150124860172946,1.2168135624441991
2017-09-20,250.07000732421875,250.19000244140625,248.9199981689453,250.05999755859375,59574100,1.217300375991788,1.2178844928270394,1.2117023173037929,1.2172516500706376
2017-09-21,249.8800048828125,249.97999572753903,249.19000244140625,249.38999938964844,48211400,1.2163754748177606,1.2168622140880303,1.2130166544604273,1.213990207278286
2017-09-22,249.0500030517578,249.6300048828125,249.02000427246097,249.44000244140625,51214000,1.2123351600601944,1.2151585152261075,1.2121891308513817,1.2142336140520802
2017-09-25,249.1499938964844,249.5500030517578,248.0800018310547,248.92999267578125,57064400,1.2128218993304645,1.2147690792435004,1.2076133509023952,1.211750968947624
2017-09-26,249.4199981689453,249.6999969482422,248.80999755859375,249.0800018310547,54082000,1.2141362364870987,1.2154992252875647,1.2111668521123726,1.2124811892690073
2017-09-27,249.8800048828125,250.4900054931641,248.8699951171875,250.0500030517578,81001400,1.2163754748177606,1.219344859192487,1.2114589105299984,1.2172029984268065
2017-09-28,249.72999572753903,250.44000244140625,249.6300048828125,250.3500061035156,44778800,1.2156452544963774,1.2191014524186923,1.2151585152261075,1.2186633647922536
2017-09-29,250.33999633789065,251.32000732421875,250.1300048828125,251.22999572753903,85578000,1.2186146388711037,1.223385173950053,1.2175924344094136,1.2229470120462955
2017-10-02,251.4900054931641,252.32000732421875,251.2899932861328,252.32000732421875,59023000,1.2242126975590988,1.228253012316665,1.2232390704639213,1.228253012316665
2017-10-03,252.32000732421875,252.88999938964844,252.22999572753903,252.86000061035156,66810200,1.228253012316665,1.231027641561428,1.2278148504129074,1.2308816123526152
2017-10-04,252.69000244140625,253.44000244140625,252.55999755859375,253.16000366210935,55953600,1.2300540887435694,1.2337049675185285,1.2294212459871678,1.2323419787180625
2017-10-05,253.5399932861328,254.67999267578125,253.1999969482422,254.66000366210935,63522800,1.2341917067887984,1.2397410395556434,1.2325366595707068,1.2396437362679806
2017-10-06,254.1499938964844,254.6999969482422,253.8500061035156,254.3699951171875,80646000,1.2371610911635247,1.239838417120625,1.2357007990753959,1.2382320215463647
2017-10-09,254.6300048828125,254.6999969482422,253.6499938964844,253.9499969482422,35803100,1.2394977070591677,1.239838417120625,1.2347271719802186,1.2361875383456657
2017-10-10,254.6000061035156,255.0500030517578,253.97999572753903,254.6199951171875,43057400,1.2393516778503548,1.2415421902598667,1.2363335675544787,1.2394489811380176
2017-10-11,254.5099945068359,255.02000427246097,254.32000732421875,255.02000427246097,47674300,1.2389135159465974,1.241396161051054,1.237988689049889,1.241396161051054
2017-10-12,254.66000366210935,255.05999755859375,254.3699951171875,254.63999938964844,47065100,1.2396437362679806,1.241590841903698,1.2382320215463647,1.2395463587029991
2017-10-13,255.13999938964844,255.27000427246097,254.63999938964844,254.9499969482422,54800400,1.2419802778863052,1.242613120642707,1.2395463587029991,1.2410553767122778
2017-10-16,255.2100067138672,255.5099945068359,254.82000732421875,255.2899932861328,38221700,1.242321062225081,1.2437813543132095,1.240422608233195,1.2427104239303695
2017-10-17,255.22999572753903,255.52000427246097,254.97999572753903,255.47000122070312,31561000,1.2424183655127436,1.24383008023436,1.2412014059210905,1.2435866734605654
2017-10-18,255.8999938964844,255.9499969482422,255.5,255.72000122070312,40888300,1.2456798083050957,1.24592321507889,1.2437327026693783,1.2448036330522185
2017-10-19,254.8300018310547,255.8300018310547,254.3500061035156,255.7899932861328,61903800,1.2404712598770264,1.2453390982436385,1.238134718258702,1.2451443431136755
2017-10-20,256.70001220703125,257.1400146484375,255.77000427246097,257.1099853515625,89176400,1.2495741681311678,1.251716028896848,1.245047039826013,1.2515698511333977
2017-10-23,257.4800109863281,257.510009765625,256.0199890136719,256.1099853515625,63915300,1.2533710761149397,1.2535171053237526,1.246263925140347,1.2467020127667856
2017-10-24,256.6000061035156,256.8299865722656,256.1499938964844,256.55999755859375,66935900,1.249087354583579,1.2502068623329317,1.2468967678967486,1.248892599453616
2017-10-25,256.17999267578125,256.30999755859375,254.0,255.2899932861328,103715300,1.2470427971055615,1.247675639861963,1.2364309451194602,1.2427104239303695
2017-10-26,255.9900054931641,256.29998779296875,255.47999572753903,255.6199951171875,69798000,1.2461179702088532,1.247626913940813,1.2436353251043966,1.2443168195046297
2017-10-27,256.4700012207031,257.8900146484375,255.6300048828125,257.7099914550781,85562500,1.2484545118271775,1.2553669076718073,1.2443655454257798,1.2544905838642924
2017-10-30,256.4700012207031,257.6000061035156,256.4100036621094,256.75,54285700,1.2484545118271775,1.253955192950191,1.2481624534095517,1.2498175006276433
2017-10-31,257.17999267578125,257.44000244140625,256.80999755859375,257.1499938964844,60304800,1.2519106354721734,1.2531763209849767,1.250109559045269,1.2517646062633607
2017-11-01,258.0400085449219,258.42999267578125,257.07000732421875,257.489990234375,54202700,1.2560970537158713,1.2579954334304386,1.2513752445580721,1.2534196534814521
2017-11-02,257.4100036621094,257.75,256.19000244140625,257.5899963378906,56449500,1.2530302917761638,1.2546853389942554,1.2470915230267117,1.253906467029041
2017-11-03,257.7699890136719,258.5,257.29998779296875,258.45001220703125,59589700,1.2547826422819182,1.2583362177692143,1.252494752307425,1.2580928852727389
2017-11-06,258.29998779296875,259.0,258.2200012207031,258.8500061035156,49652600,1.2573625906740369,1.2607701369525204,1.2569732289687485,1.260039990908456
2017-11-07,258.9700012207031,259.3500061035156,258.0899963378906,258.6700134277344,57502200,1.2606241077437077,1.2624739100917621,1.256340386212347,1.259163815655579
2017-11-08,258.4700012207031,259.2200012207031,258.1499938964844,259.1099853515625,50469600,1.2581901885604017,1.2618410673353606,1.2566324446299726,1.2613055278666216
2017-11-09,257.7300109863281,258.3900146484375,256.3599853515625,258.1700134277344,95085500,1.2545880357065926,1.257800826855113,1.2479189723584385,1.256729896472273
2017-11-10,257.7300109863281,258.2900085449219,257.3699951171875,258.0899963378906,59984700,1.2545880357065926,1.2573140133075245,1.2528355366462007,1.256340386212347
2017-11-13,257.30999755859375,258.5899963378906,257.2699890136719,258.3299865722656,50228600,1.2525434782285751,1.258774305395653,1.2523487230986121,1.2575086198828498
2017-11-14,257.4100036621094,257.8500061035156,256.5199890136719,257.7300109863281,61315200,1.2530302917761638,1.2551721525418442,1.248697844323653,1.2545880357065926
2017-11-15,256.6199951171875,257.2200012207031,255.6300048828125,256.44000244140625,80811500,1.2491846578712418,1.2521053906021364,1.2443655454257798,1.2483084826183646
2017-11-16,257.5199890136719,259.0400085449219,257.4700012207031,258.6199951171875,67777000,1.253565682690265,1.2609648920824834,1.2533223501937896,1.258920334604466
2017-11-17,258.2200012207031,258.5899963378906,257.7699890136719,257.8599853515625,75756800,1.2569732289687485,1.258774305395653,1.2547826422819182,1.2552207299083566
2017-11-20,258.1400146484375,258.5199890136719,257.8599853515625,258.29998779296875,48075500,1.2565838672634602,1.2584335210568771,1.2552207299083566,1.2573625906740369
2017-11-21,259.17999267578125,260.20001220703125,258.260009765625,259.989990234375,69176800,1.2616463122053976,1.26661160241431,1.2571679840987116,1.2655892493979823
2017-11-22,260.0,260.1499938964844,259.57000732421875,259.760009765625,45033400,1.2656379753191325,1.2663681213631968,1.2635448404746024,1.2644697416486297
2017-11-24,260.32000732421875,260.4800109863281,260.1600036621094,260.3599853515625,27856500,1.2671957192495613,1.2679745912147757,1.266416847284347,1.2673903258248869
2017-11-27,260.4100036621094,260.75,260.0,260.2300109863281,52274900,1.267633806876,1.2692888540940916,1.2656379753191325,1.2667576316231228
2017-11-28,260.760009765625,262.8999938964844,260.6499938964844,262.8699951171875,98971700,1.2693375800152418,1.27975467687138,1.2688020405465028,1.279608647662567
2017-11-29,263.0199890136719,263.6300048828125,262.20001220703125,262.7099914550781,77512100,1.2803387937066313,1.2833082523586763,1.276347279147534,1.2788297756973526
2017-11-30,263.760009765625,266.04998779296875,263.6700134277344,265.010009765625,127894400,1.2839410951150778,1.2950883380152802,1.2835030074886393,1.2900258930733428
2017-12-01,264.760009765625,265.30999755859375,260.760009765625,264.4599914550781,164390900,1.28880893348169,1.2914861851614714,1.2693375800152418,1.2873484928389236
2017-12-04,266.30999755859375,266.79998779296875,264.0799865722656,264.1400146484375,94040600,1.2963540235280835,1.2987392167902394,1.2854986904908692,1.2857908974631325
2017-12-05,263.19000244140625,265.1499938964844,263.0400085449219,263.19000244140625,77994500,1.281166391592996,1.290707313196257,1.2804362455489318,1.281166391592996
2017-12-06,263.29998779296875,263.7300109863281,262.7099914550781,263.239990234375,75898600,1.281701782507097,1.283795065906265,1.2788297756973526,1.2814097240894715
2017-12-07,264.07000732421875,264.42999267578125,262.94000244140625,264.07000732421875,77218600,1.2854501131243565,1.287202463630111,1.279949432001343,1.2854501131243565
2017-12-08,265.1600036621094,265.5199890136719,264.0299987792969,265.510009765625,76563900,1.290756039117407,1.2925083896231615,1.2852553579943935,1.2924598122566489
2017-12-11,266.30999755859375,266.3800048828125,265.4800109863281,266.30999755859375,83077500,1.2963540235280835,1.2966948078668594,1.2923137830478362,1.2963540235280835
2017-12-12,267.2099914550781,267.32000732421875,266.3500061035156,266.7799987792969,85195800,1.3007350483471067,1.3012705878158457,1.2965487786580465,1.2986419135025766
2017-12-13,267.05999755859375,267.55999755859375,266.6499938964844,266.75,102905400,1.3000049023030424,1.3024388214863485,1.298009070746175,1.2984958842937637
2017-12-14,267.0899963378906,267.2200012207031,265.6000061035156,265.6600036621094,100666700,1.3001509315118553,1.300783774268257,1.2928978998830876,1.2931899583007131
2017-12-15,265.45001220703125,267.0400085449219,265.3900146484375,266.510009765625,144610300,1.2921677538390233,1.2999075990153799,1.2918756954213975,1.297327650623261
2017-12-18,268.1000061035156,268.6000061035156,267.9800109863281,268.20001220703125,83653600,1.3050674957996176,1.3075014149829236,1.3044833789643662,1.3055543093472064
2017-12-19,268.4800109863281,268.5299987792969,267.0899963378906,267.1700134277344,82382900,1.3069172981476722,1.3071606306441477,1.3001509315118553,1.3005404417717814
2017-12-20,268.2699890136719,268.3299865722656,266.69000244140625,267.0299987792969,76751500,1.3058949451313446,1.3061870035489702,1.2982038258761381,1.2998588730942298
2017-12-21,267.739990234375,268.3900146484375,267.29998779296875,267.5799865722656,67032300,1.3033149967392257,1.3064792105212337,1.3011731359735454,1.3025361247740113
2017-12-22,267.6000061035156,267.6400146484375,266.8999938964844,267.510009765625,78720900,1.3026335766163115,1.3028283317462745,1.299226030337828,1.302195488989873
2017-12-26,267.04998779296875,267.44000244140625,266.8900146484375,267.19000244140625,45244400,1.2999561763818923,1.301854704651097,1.2991774529713156,1.3006377450594442
2017-12-27,267.3800048828125,267.7300109863281,267.010009765625,267.32000732421875,57751000,1.3015626462334715,1.3032664193727133,1.299761569806567,1.3012705878158457
2017-12-28,267.8900146484375,267.9200134277344,267.45001220703125,267.8699951171875,45116100,1.3040452913379277,1.3041913205467406,1.3019034305722472,1.3039478394956272
2017-12-29,268.5299987792969,268.54998779296875,266.6400146484375,266.8599853515625,96007400,1.3071606306441477,1.3072579339318104,1.2979604933796627,1.299031275207865
2018-01-02,267.8399963378906,268.80999755859375,267.3999938964844,268.7699890136719,86655700,1.3038018102868145,1.3085236194446137,1.301659949521134,1.3083288643146507
2018-01-03,268.9599914550781,270.6400146484375,268.9599914550781,270.4700012207031,90070400,1.309253765488678,1.3174318468461108,1.309253765488678,1.3166042489597463
2018-01-04,271.20001220703125,272.1600036621094,270.5400085449219,271.6099853515625,80636400,1.3201578244470424,1.3248309076836915,1.316945033298522,1.3221535074492723
2018-01-05,272.510009765625,273.55999755859375,271.95001220703125,273.4200134277344,83524000,1.3265346808229332,1.3316458516860208,1.3238087032220016,1.3309644315631068
2018-01-08,273.30999755859375,274.1000061035156,272.9800109863281,273.9200134277344,57319200,1.3304288920943679,1.3342745259992899,1.3288225707974264,1.3333983507464129
2018-01-09,274.3999938964844,275.25,274.0799865722656,274.5400085449219,57254000,1.3357348180874185,1.3398725104099662,1.3341770741569896,1.3364163867649703
2018-01-10,273.67999267578125,274.4200134277344,272.9200134277344,274.1199951171875,69574300,1.3322299685212722,1.3358322699297187,1.3285305123798008,1.3343718292869526
2018-01-11,274.75,276.1199951171875,274.55999755859375,276.1199951171875,62361500,1.3374385912266602,1.3441075060201766,1.3365136900526329,1.3441075060201766
2018-01-12,276.4200134277344,278.1099853515625,276.0799865722656,277.9200134277344,90816100,1.3455679466629429,1.3537944568322506,1.3439127508902136,1.352869704212861
2018-01-16,279.3500061035156,280.0899963378906,276.17999267578125,276.9700012207031,106555100,1.3598306774240032,1.363432830277812,1.3443995644378024,1.3482451983427244
2018-01-17,278.0299987792969,280.04998779296875,276.9700012207031,279.6099853515625,113258800,1.3534050951269623,1.363238075147849,1.3482451983427244,1.3610962143821688
2018-01-18,279.4800109863281,279.9599914550781,278.5799865722656,279.1400146484375,100728000,1.3604635201804047,1.3627999875214105,1.3560823468067438,1.358808472962313
2018-01-19,279.79998779296875,280.4100036621094,279.1400146484375,280.4100036621094,140920100,1.362021115556196,1.3649905742082409,1.358808472962313,1.3649905742082409
2018-01-22,280.1700134277344,282.69000244140625,280.1099853515625,282.69000244140625,91322400,1.363822340537738,1.3760892397419309,1.3635301335654748,1.3760892397419309
2018-01-23,282.739990234375,283.6199951171875,282.3699951171875,283.2900085449219,97084700,1.3763325722384063,1.380616293769767,1.374531495811502,1.3790099724728258
2018-01-24,284.0199890136719,284.70001220703125,281.8399963378906,283.17999267578125,134816100,1.3825633994054844,1.3858736423963052,1.371951547419383,1.3784744330040868
2018-01-25,284.1600036621094,284.2699890136719,282.3999938964844,283.29998779296875,84587300,1.383244968083036,1.3837803589971374,1.374677525020315,1.3790585498393382
2018-01-26,284.25,286.6300048828125,283.9599914550781,286.5799865722656,107743100,1.3836830557094746,1.3952685347907534,1.3822713409878586,1.3950250537396403
2018-01-29,285.92999267578125,286.42999267578125,284.5,284.67999267578125,90118300,1.39186098851227,1.394294907695576,1.3849000153011277,1.385776190554005
2018-01-30,282.6000061035156,284.739990234375,281.2200012207031,281.760009765625,131796400,1.3756511521154924,1.3860682489716305,1.3689335114008256,1.3715621857140947
2018-01-31,282.7300109863281,283.29998779296875,280.67999267578125,281.8999938964844,108364800,1.376283994871894,1.3790585498393382,1.3663048370875566,1.3722436058370089
2018-02-01,281.07000732421875,283.05999755859375,280.67999267578125,281.5799865722656,90102500,1.3682033653567613,1.3778903161688354,1.3663048370875566,1.37068586190658
2018-02-02,280.0799865722656,280.2300109863281,275.4100036621094,275.45001220703125,173174800,1.363384104356662,1.3641143989553637,1.3406513823751807,1.3408461375051437
2018-02-05,273.45001220703125,275.8500061035156,263.30999755859375,263.92999267578125,294681800,1.3311104607719195,1.342793243140861,1.2817505084282474,1.2847685444468049
2018-02-06,259.94000244140625,269.70001220703125,258.70001220703125,269.1300048828125,355026800,1.2653459169015069,1.3128560668971245,1.2593098448643918,1.3100813633750426
2018-02-07,268.5,272.3599853515625,267.5799865722656,267.6700134277344,167376100,1.307014601435335,1.3258043862242312,1.3025361247740113,1.3029743609550875
2018-02-08,268.010009765625,268.1700134277344,257.5899963378906,257.6300048828125,246449500,1.304629408173179,1.3054082801383935,1.253906467029041,1.254101222159004
2018-02-09,260.79998779296875,263.6099853515625,252.9199981689453,261.5,283565300,1.269532186590567,1.2832108005163758,1.231173670770241,1.2729397328690506
2018-02-12,263.8299865722656,267.010009765625,261.6600036621094,265.3399963378906,143736000,1.284281730899216,1.299761569806567,1.273718604834265,1.2916322143702843
2018-02-13,263.9700012207031,266.6199951171875,263.30999755859375,266.0,81223600,1.284963299576768,1.2978630415373622,1.2817505084282474,1.2948450055188048
2018-02-14,264.30999755859375,270.0,264.29998779296875,269.5899963378906,120735700,1.2866183467948593,1.314316358985253,1.2865696208737092,1.3123205274283856
2018-02-15,271.57000732421875,273.0400085449219,268.7699890136719,273.0299987792969,111200300,1.321958900873947,1.3291146292150522,1.3083288643146507,1.329065903293902
2018-02-16,272.32000732421875,275.32000732421875,272.2699890136719,273.1099853515625,160420100,1.325609779648906,1.3402132947487422,1.3253662985977928,1.3294552649991904
2018-02-20,272.0299987792969,273.6700134277344,270.5,271.3999938964844,86369700,1.32419806492729,1.3321813911547598,1.316750278168559,1.3211313029875824
2018-02-21,271.8999938964844,274.7200012207031,269.94000244140625,270.04998779296875,98883700,1.3235652221708882,1.3372925620178473,1.3140243005676273,1.3145596914817286
2018-02-22,271.1000061035156,273.04998779296875,269.6400146484375,270.3999938964844,110511300,1.3196710108994538,1.3291632065815646,1.3125640084794987,1.3162634646209703
2018-02-23,271.7900085449219,274.7099914550781,271.25,274.7099914550781,92766400,1.3230298312567872,1.3372438360966972,1.3204011569435181,1.3372438360966972
2018-02-26,275.92999267578125,278.010009765625,275.260009765625,277.8999938964844,86491400,1.3431826048461495,1.3533077918392995,1.3399212363311164,1.3527722523705605
2018-02-27,278.1099853515625,278.9200134277344,274.3599853515625,274.42999267578125,99099200,1.3537944568322506,1.357737542579473,1.3355400629574554,1.3358808472962314
2018-02-28,275.67999267578125,276.19000244140625,271.2900085449219,271.6499938964844,121907800,1.3419656452544964,1.3444482903589525,1.3205959120734811,1.3223482625792353
2018-03-01,271.4100036621094,273.1700134277344,266.0,267.70001220703125,176855100,1.3211800289087325,1.3297474719714537,1.2948450055188048,1.3031203901639004
2018-03-02,265.79998779296875,269.7200012207031,264.82000732421875,269.0799865722656,139083200,1.2938713784236273,1.312953370184787,1.2891009918993157,1.3098378823239294
2018-03-05,267.7300109863281,272.8900146484375,267.6099853515625,272.19000244140625,97307400,1.3032664193727133,1.328384483170988,1.3026821539828242,1.3249769368925044
2018-03-06,273.29998779296875,273.3900146484375,271.17999267578125,272.8800048828125,79213200,1.3303801661732177,1.330818402354294,1.3200603726047422,1.3283357572498378
2018-03-07,270.4200134277344,273.17999267578125,270.20001220703125,272.7799987792969,87063500,1.3163609164632706,1.3297960493379664,1.3152899860804304,1.327848943702249
2018-03-08,273.54998779296875,274.239990234375,272.4200134277344,274.1000061035156,66901200,1.3315971257648707,1.334955946122204,1.3260965931964948,1.3342745259992899
2018-03-09,275.70001220703125,278.8699951171875,275.3399963378906,278.8699951171875,113625300,1.3420630970967966,1.3574940615283597,1.3403105980364047,1.3574940615283597
2018-03-12,279.20001220703125,279.9100036621094,278.0799865722656,278.5199890136719,71924800,1.359100531379939,1.3625566550249348,1.3536484276234377,1.355790288389118
2018-03-13,279.8399963378906,280.4100036621094,276.0299987792969,276.7200012207031,91968900,1.3622158706861591,1.3649905742082409,1.343669418393738,1.3470282387510715
2018-03-14,277.80999755859375,278.0199890136719,274.6700134277344,275.29998779296875,105895100,1.352334164744122,1.3533563692058121,1.3370492295213718,1.3401158429064417
2018-03-15,275.8800048828125,276.6099853515625,274.42999267578125,275.0,83433000,1.3429392723496738,1.3464926992823325,1.3358808472962314,1.3386555508183131
2018-03-16,274.5,275.3900146484375,274.1400146484375,274.20001220703125,100343700,1.3362216316350073,1.340554079087518,1.334469281129253,1.3347613395468787
2018-03-19,273.3500061035156,274.3999938964844,268.6199951171875,270.489990234375,109208400,1.330623647224331,1.3357348180874185,1.3075987182705864,1.3167015522474088
2018-03-20,270.94000244140625,271.6700134277344,270.17999267578125,270.95001220703125,59757300,1.3188921389342394,1.3224457144215356,1.31519253423813,1.3189408648553895
2018-03-21,270.8999938964844,273.2699890136719,270.19000244140625,270.42999267578125,78709600,1.3186973838042764,1.3302341369644048,1.3152412601592802,1.3164094938297832
2018-03-22,267.9100036621094,268.8699951171875,263.3599853515625,263.6700134277344,148785900,1.3041425946255902,1.3088156778622393,1.281993840924723,1.2835030074886393
2018-03-23,264.1700134277344,264.5400085449219,257.8299865722656,258.04998779296875,183534800,1.2859369266719454,1.2877380030988497,1.2550747006995437,1.256145631082384
2018-03-26,262.1300048828125,265.42999267578125,259.4100036621094,265.1099853515625,141956100,1.2760064948087582,1.2920703019967228,1.262765968509388,1.290512558066294
2018-03-27,266.1700134277344,266.7699890136719,258.8399963378906,260.6000061035156,129941400,1.2956726034051693,1.2985931875814265,1.259991264987306,1.2685587080500274
2018-03-28,260.75,262.6400146484375,258.5799865722656,259.8299865722656,146452300,1.2692888540940916,1.2784891399132143,1.258725579474503,1.264810377432768
2018-03-29,261.1199951171875,265.260009765625,259.8399963378906,263.1499938964844,111601600,1.271089930520996,1.291242852664996,1.264859103353918,1.280971636463033
2018-04-02,262.54998779296875,263.1300048828125,254.6699981689453,257.4700012207031,186286300,1.2780509037321381,1.2808743331753702,1.239692387911812,1.2533223501937896
2018-04-03,258.8699951171875,261.30999755859375,256.8399963378906,260.7699890136719,119956900,1.2601372941961189,1.2720148316950233,1.250255588254082,1.2693861573817542
2018-04-04,256.75,264.3599853515625,256.6000061035156,263.55999755859375,123715300,1.2498175006276433,1.286861679291335,1.249087354583579,1.2829674680199004
2018-04-05,265.54998779296875,266.6400146484375,264.32000732421875,265.6400146484375,82652600,1.2926544188319744,1.2979604933796627,1.2866670727160097,1.2930926550130506
2018-04-06,263.4200134277344,265.1099853515625,258.0,259.7200012207031,179521200,1.2822860478969862,1.290512558066294,1.2559022985859083,1.2642749865186667
2018-04-09,261.3699951171875,264.8399963378906,259.94000244140625,261.0,105442900,1.272306890112649,1.2891982951869783,1.2653459169015069,1.2705058136857446
2018-04-10,264.2699890136719,266.0400085449219,262.9800109863281,265.1499938964844,103529000,1.2864235916648963,1.2950397606487678,1.280144187131306,1.290707313196257
2018-04-11,263.4700012207031,265.6400146484375,263.3900146484375,263.760009765625,91140200,1.2825293803934619,1.2930926550130506,1.2821400186881735,1.2839410951150778
2018-04-12,265.260009765625,267.0,265.05999755859375,265.92999267578125,68890500,1.291242852664996,1.2997128438854169,1.2902692255698185,1.2945042211800288
2018-04-13,267.4100036621094,267.5400085449219,264.010009765625,265.1499938964844,85079200,1.3017086754422842,1.302341518198686,1.285158054706731,1.290707313196257
2018-04-16,267.0,268.20001220703125,266.07000732421875,267.3299865722656,63405300,1.2997128438854169,1.3055543093472064,1.2951857898575807,1.3013191651823584
2018-04-17,269.3299865722656,270.8699951171875,268.75,270.19000244140625,64682000,1.3110548419155823,1.3185513545954635,1.308231561026988,1.3152412601592802
2018-04-18,270.69000244140625,271.29998779296875,269.8699951171875,270.3900146484375,57303900,1.3176751793425863,1.3206444894399936,1.3136835162288514,1.3162148872544577
2018-04-19,269.6499938964844,269.8800048828125,267.7200012207031,268.8900146484375,77655900,1.3126125858460111,1.3137322421500015,1.303217693451563,1.3089131297045398
2018-04-20,268.80999755859375,269.05999755859375,265.6099853515625,266.6099853515625,99953100,1.3085236194446137,1.3097405790362666,1.2929464772496,1.297814315616212
2018-04-23,267.260009765625,267.8900146484375,265.3500061035156,266.57000732421875,65558000,1.3009785293982201,1.3040452913379277,1.2916809402914344,1.2976197090408867
2018-04-24,267.7300109863281,267.9800109863281,261.2799987792969,262.9800109863281,112885500,1.3032664193727133,1.3044833789643662,1.2718688024862104,1.280144187131306
2018-04-25,262.9100036621094,264.1300048828125,260.8500061035156,263.6300048828125,103840900,1.27980340279253,1.2857421715419823,1.2697756676416803,1.2833082523586763
2018-04-26,264.7900085449219,267.25,264.2900085449219,266.30999755859375,67731900,1.2889549626905028,1.3009298034770698,1.2865210435071968,1.2963540235280835
2018-04-27,267.0,267.3399963378906,265.5,266.55999755859375,57053600,1.2997128438854169,1.3013678911035085,1.2924110863354987,1.2975709831197366
2018-04-30,267.260009765625,267.8900146484375,264.42999267578125,264.510009765625,82182300,1.3009785293982201,1.3040452913379277,1.287202463630111,1.287591973890037
2018-05-01,263.8699951171875,265.1000061035156,262.1099853515625,264.9800109863281,74203400,1.284476486029179,1.2904639806997815,1.275909042966458,1.2898798638645301
2018-05-02,264.760009765625,265.67999267578125,262.760009765625,263.20001220703125,86368900,1.28880893348169,1.293287261588376,1.2790732567484657,1.2812151175141462
2018-05-03,262.260009765625,263.3599853515625,259.04998779296875,262.6199951171875,136311500,1.2766393375651597,1.281993840924723,1.261013469448996,1.278391688070914
2018-05-04,261.5199890136719,266.7900085449219,261.1499938964844,266.0199890136719,91222100,1.2730370361567132,1.2986906394237268,1.2712359597298089,1.2949423088064675
2018-05-07,266.8900146484375,268.0199890136719,266.1099853515625,266.9200134277344,55304900,1.2991774529713156,1.3046779855396915,1.295380396432906,1.2993234821801285
2018-05-08,266.5,267.3299865722656,265.1499938964844,266.9200134277344,67499200,1.2972789247021108,1.3013191651823584,1.290707313196257,1.2993234821801285
2018-05-09,267.67999267578125,269.8699951171875,267.0899963378906,269.5,59666100,1.3030229383216,1.3136835162288514,1.3001509315118553,1.3118824398019469
2018-05-10,270.3399963378906,272.3900146484375,270.2200012207031,272.0199890136719,72063900,1.3159714062033445,1.3259505639876819,1.3153872893680931,1.3241493390061398
2018-05-11,272.1600036621094,273.1499938964844,271.5799865722656,272.8500061035156,59871500,1.3248309076836915,1.3296500201291535,1.3220074782404594,1.3281897280410249
2018-05-14,273.3399963378906,274.0799865722656,272.3599853515625,272.9800109863281,54790600,1.3305749213031808,1.3341770741569896,1.3258043862242312,1.3288225707974264
2018-05-15,271.5899963378906,271.6099853515625,270.0299987792969,271.1000061035156,87036100,1.3220562041616095,1.3221535074492723,1.3144623881940658,1.3196710108994538
2018-05-16,271.1400146484375,272.760009765625,271.1099853515625,272.239990234375,53942600,1.3198657660294169,1.3277516404145864,1.3197195882659662,1.3252202693889799
2018-05-17,271.94000244140625,273.2300109863281,271.1300048828125,272.010009765625,56536400,1.3237599773008513,1.3300395303890795,1.3198170401082667,1.3241007616396272
2018-05-18,271.6199951171875,272.0299987792969,270.92999267578125,271.3299865722656,64368000,1.3222022333704224,1.32419806492729,1.318843413013089,1.3207905186488065
2018-05-21,273.010009765625,273.9800109863281,272.57000732421875,273.3699951171875,58025900,1.3289686000062393,1.3336904091640385,1.326826739240559,1.3307209505119935
2018-05-22,273.9599914550781,274.25,272.239990234375,272.6099853515625,52966400,1.3335929573217382,1.3350046720433542,1.3252202693889799,1.3270213458158844
2018-05-23,271.1700134277344,273.3900146484375,270.989990234375,273.3599853515625,64694200,1.3200117952382295,1.330818402354294,1.3191354714307149,1.3306722245908433
2018-05-24,272.9100036621094,273.2200012207031,270.7799987792969,272.79998779296875,76043800,1.3284817864586504,1.3299908044679294,1.318113266969025,1.3279462469899117
2018-05-25,272.1499938964844,272.8599853515625,271.5799865722656,272.1499938964844,56374800,1.3247821817625414,1.3282383054075373,1.3220074782404594,1.3247821817625414
2018-05-29,270.30999755859375,271.1700134277344,267.760009765625,269.0199890136719,115908600,1.3158253769945316,1.3200117952382295,1.303412448581526,1.3095458239063036
2018-05-30,270.5,273.1099853515625,270.4200134277344,272.6099853515625,69678400,1.316750278168559,1.3294552649991904,1.3163609164632706,1.3270213458158844
2018-05-31,272.1499938964844,272.489990234375,270.260009765625,270.94000244140625,93519900,1.3247821817625414,1.326437228980633,1.3155820444980562,1.3188921389342394
2018-06-01,272.4100036621094,273.94000244140625,272.3299865722656,273.6000061035156,71258400,1.3260478672753446,1.3334956540340754,1.3256583570154186,1.3318406068159838
2018-06-04,274.5299987792969,275.19000244140625,274.260009765625,274.8999938964844,45385200,1.33636766084382,1.3395804519923404,1.3350533979645043,1.3381687372707245
2018-06-05,275.04998779296875,275.5299987792969,274.17999267578125,275.1000061035156,51135000,1.3388988833147888,1.341235499210432,1.3346638877045782,1.339142364365902
2018-06-06,275.7900085449219,277.5199890136719,275.0899963378906,277.3999938964844,62732200,1.3425011847232353,1.350922450022506,1.3390936384447518,1.3503383331872547
2018-06-07,277.95001220703125,278.2799987792969,276.3399963378906,277.3699951171875,72969400,1.353015733421674,1.3546220547186152,1.3451784364030168,1.3501923039784418
2018-06-08,276.8500061035156,278.25,276.6600036621094,278.19000244140625,72139700,1.347661081507473,1.3544760255098023,1.3467361803334457,1.3541839670921767
2018-06-11,278.44000244140625,279.3699951171875,278.30999755859375,278.55999755859375,58892500,1.3554009266838296,1.3599279807116658,1.354768083927428,1.355985043519081
2018-06-12,279.0299987792969,279.3299865722656,278.19000244140625,278.9200134277344,72329000,1.3582729334935744,1.3597332255817027,1.3541839670921767,1.357737542579473
2018-06-13,279.19000244140625,279.4800109863281,277.79998779296875,278.0299987792969,79070600,1.3590518054587888,1.3604635201804047,1.352285438822972,1.3534050951269623
2018-06-14,279.010009765625,279.3299865722656,278.05999755859375,278.7300109863281,77097600,1.3581756302059116,1.3597332255817027,1.3535511243357752,1.3568126414054458
2018-06-15,276.6000061035156,277.510009765625,275.3500061035156,277.1300048828125,120041600,1.34644412191582,1.3508738726559935,1.3403593239575549,1.3490240703079388
2018-06-18,275.489990234375,276.70001220703125,274.95001220703125,276.55999755859375,52917600,1.341040744080469,1.3469309354634087,1.3384122183218377,1.346249366785857
2018-06-19,274.0,275.75,273.5299987792969,275.5,97531500,1.3337877124517012,1.3423064295932723,1.331499822477208,1.3410894700016192
2018-06-20,276.2699890136719,276.7200012207031,275.5899963378906,275.9700012207031,53785500,1.3448376520642409,1.3470282387510715,1.3415275576280579,1.3433773599761125
2018-06-21,275.9599914550781,275.9800109863281,273.67999267578125,274.239990234375,71061400,1.3433286340549622,1.3434260858972626,1.3322299685212722,1.334955946122204
2018-06-22,275.6600036621094,275.7900085449219,274.489990234375,274.739990234375,54898500,1.3418683419668338,1.3425011847232353,1.336172905713857,1.33738986530551
2018-06-25,273.44000244140625,273.6199951171875,269.1000061035156,271.0,137854200,1.3310617348507694,1.3319379101036466,1.3099353341662296,1.319184197351865
2018-06-26,271.6400146484375,272.55999755859375,270.7900085449219,271.6000061035156,68547400,1.322299685212723,1.326778013319409,1.318161992890175,1.3221049300827599
2018-06-27,272.260009765625,273.8699951171875,269.17999267578125,269.3500061035156,105110700,1.3253177212312803,1.3331548696952995,1.310324695871518,1.3111522937578828
2018-06-28,269.2900085449219,271.75,268.489990234375,270.8900146484375,76650500,1.310860235340257,1.3228350761268242,1.3069658755141846,1.3186488064377637
2018-06-29,272.1199951171875,273.6600036621094,271.1499938964844,271.2799987792969,97592500,1.3246361525537285,1.3321326652336096,1.3199143433959293,1.3205471861523308
2018-07-02,269.510009765625,272.0400085449219,269.239990234375,271.8599853515625,63554800,1.3119311657230972,1.32424679084844,1.3106167542891438,1.3233704670409254
2018-07-03,272.8699951171875,272.9800109863281,270.4200134277344,270.8999938964844,42187100,1.3282870313286876,1.3288225707974264,1.3163609164632706,1.3186973838042764
2018-07-05,272.1700134277344,273.17999267578125,270.9599914550781,273.1099853515625,56925900,1.3248796336048416,1.3297960493379664,1.318989442221902,1.3294552649991904
2018-07-06,273.1400146484375,275.8399963378906,272.7099914550781,275.4200134277344,66493700,1.3296014427626408,1.3427445172197108,1.327508159363473,1.3407001082963308
2018-07-09,276.54998779296875,277.9599914550781,276.5,277.8999938964844,50550400,1.346200640864707,1.3530643107881863,1.3459573083682312,1.3527722523705605
2018-07-10,278.4100036621094,279.010009765625,278.0799865722656,278.8999938964844,51966800,1.355254897475017,1.3581756302059116,1.3536484276234377,1.3576400907371726
2018-07-11,277.1499938964844,278.0400085449219,276.5199890136719,276.8599853515625,77054700,1.3491213735956016,1.3534538210481124,1.346054611655894,1.3477096588739856
2018-07-12,278.2799987792969,279.42999267578125,277.6000061035156,279.3699951171875,60124700,1.3546220547186152,1.3602200391292916,1.3513119602824322,1.3599279807116658
2018-07-13,279.1700134277344,279.92999267578125,278.6600036621094,279.5899963378906,48216000,1.358954502171126,1.3626539583125976,1.3564718570666698,1.360998911094506
2018-07-16,279.6400146484375,279.79998779296875,278.8399963378906,279.3399963378906,48201000,1.3612423921456192,1.362021115556196,1.357348032319547,1.359781951502853
2018-07-17,278.4700012207031,280.9100036621094,278.4100036621094,280.4700012207031,52315500,1.3555469558926425,1.367424493391547,1.355254897475017,1.3652826326258667
2018-07-18,280.55999755859375,281.17999267578125,280.05999755859375,281.05999755859375,44593500,1.3657207202523052,1.3687387562708626,1.3632868010689991,1.3681546394356112
2018-07-19,280.30999755859375,280.739990234375,279.4599914550781,280.0,61412100,1.3645037606606523,1.3665968955051824,1.3603660683381045,1.3629947426513735
2018-07-20,279.7699890136719,280.4800109863281,279.5,279.67999267578125,82337700,1.3618750863473832,1.3653313585470168,1.3605608234680675,1.3614369987209445
2018-07-23,279.45001220703125,280.42999267578125,279.05999755859375,280.20001220703125,47047600,1.3603174909715918,1.3650878774959037,1.358418962702387,1.363968369746551
2018-07-24,281.7900085449219,282.55999755859375,280.6300048828125,281.6099853515625,68026900,1.3717082149229076,1.3754563969855294,1.366061504591081,1.3708318911153927
2018-07-25,281.3299865722656,284.3699951171875,281.2799987792969,284.010009765625,78882900,1.369468902314927,1.384267172544726,1.3692255698184514,1.3825148220389718
2018-07-26,283.20001220703125,284.1099853515625,283.0899963378906,283.3399963378906,57919500,1.378571884846387,1.383001487031923,1.378036345377648,1.3792533049693012
2018-07-27,283.7099914550781,283.82000732421875,280.3800048828125,281.4200134277344,76768700,1.3810543813962055,1.3815899208649445,1.364844544999428,1.369907138496003
2018-07-30,281.510009765625,281.69000244140625,279.3599853515625,279.95001220703125,63742500,1.3703452261224418,1.3712214013753188,1.3598792547905156,1.3627514101548979
2018-07-31,280.80999755859375,282.0199890136719,280.3800048828125,281.3299865722656,68570500,1.3669376798439583,1.3728277226722603,1.364844544999428,1.369468902314927
2018-08-01,281.55999755859375,282.1300048828125,280.1300048828125,280.8599853515625,53853300,1.3705885586189173,1.3733632621409992,1.363627585407775,1.3671810123404338
2018-08-02,279.3900146484375,282.5799865722656,279.1600036621094,282.3900146484375,63426400,1.3600254325539662,1.375553700273192,1.3589057762499759,1.3746289476538023
2018-08-03,282.5299987792969,283.6600036621094,282.3299865722656,283.6000061035156,53935400,1.3753103677767164,1.38081104889973,1.374336740681539,1.3805189904821045
2018-08-06,283.6400146484375,284.989990234375,283.20001220703125,284.6400146484375,39400900,1.3807137456120675,1.3872852085632836,1.378571884846387,1.3855815839786794
2018-08-07,285.3900146484375,286.010009765625,285.239990234375,285.5799865722656,43196600,1.3892324627536385,1.392250498772196,1.3885021681549365,1.3901572153730282
2018-08-08,285.3900146484375,285.9100036621094,284.94000244140625,285.4599914550781,42114600,1.3892324627536385,1.3917636852246071,1.387041876066808,1.3895730985377768
2018-08-09,285.5299987792969,285.9700012207031,284.9200134277344,285.07000732421875,35717000,1.3899138828765525,1.392055743642233,1.3869445727791454,1.3876747188232095
2018-08-10,283.45001220703125,284.05999755859375,282.3599853515625,283.1600036621094,77076000,1.3797888444380402,1.3827581545354473,1.374482769890352,1.378377129716424
2018-08-13,283.4700012207031,284.1600036621094,281.7699890136719,282.1000061035156,65732900,1.3798861477257027,1.383244968083036,1.3716107630806071,1.3732172329321863
2018-08-14,282.9200134277344,284.1700134277344,282.4800109863281,283.8999938964844,43842000,1.3772088960459212,1.3832936940041862,1.375067035280241,1.3819792825702328
2018-08-15,282.3800048828125,282.5400085449219,280.1600036621094,281.7799987792969,102925400,1.3745802217326522,1.3753590936978666,1.363773614616588,1.3716594890017575
2018-08-16,283.3999938964844,285.0400085449219,283.3599853515625,284.05999755859375,69967900,1.3795453633869268,1.3875286896143968,1.3793506082569638,1.3827581545354473
2018-08-17,283.8299865722656,285.55999755859375,283.3699951171875,285.05999755859375,65618500,1.3816384982314571,1.3900599120853654,1.3793993341781141,1.3876259929020593
2018-08-20,285.57000732421875,285.9700012207031,285.05999755859375,285.6700134277344,39807500,1.3901086380065155,1.392055743642233,1.3876259929020593,1.3905954515541044
2018-08-21,286.25,287.30999755859375,285.7099914550781,286.3399963378906,67272000,1.3934187324426988,1.3985786292269364,1.3907900581294297,1.3938568200691372
2018-08-22,285.8800048828125,286.760009765625,285.5799865722656,286.1700134277344,44993300,1.3916176560157942,1.395901377547155,1.3901572153730282,1.3930293707374104
2018-08-23,285.9700012207031,286.94000244140625,285.42999267578125,285.7900085449219,49204900,1.392055743642233,1.3967775528000321,1.3894270693289639,1.3911795683893557
2018-08-24,286.44000244140625,287.6700134277344,286.3800048828125,287.510009765625,57487400,1.394343633616726,1.4003311282873285,1.3940515751991003,1.3995522563221139
2018-08-27,288.8599853515625,289.8999938964844,288.67999267578125,289.7799987792969,57072400,1.4061237192733302,1.4111863127699051,1.405247544020453,1.4106021959346537
2018-08-28,290.29998779296875,290.4200134277344,289.3999938964844,289.9200134277344,46943500,1.4131334184056226,1.4137176837955117,1.408752393586599,1.4112837646122056
2018-08-29,290.1600036621094,291.739990234375,289.8900146484375,291.4800109863281,61485500,1.4124519982827084,1.420143117537915,1.4111377354033927,1.4188775805797493
2018-08-30,290.94000244140625,291.3599853515625,289.6300048828125,290.29998779296875,61229500,1.4162489062664803,1.4182933151898602,1.4098720498905895,1.4131334184056226
2018-08-31,289.8399963378906,290.80999755859375,289.2900085449219,290.30999755859375,66140800,1.4108942543522796,1.4156160635100787,1.4082170026724978,1.4131821443267727
2018-09-04,289.8399963378906,290.2099914550781,288.67999267578125,289.80999755859375,57594400,1.4108942543522796,1.4126953307791839,1.405247544020453,1.4107482251434666
2018-09-05,289.4100036621094,289.6400146484375,287.8900146484375,289.0299987792969,72452400,1.4088011195077494,1.4099207758117396,1.4014020586701685,1.4069513171596948
2018-09-06,289.1499938964844,289.489990234375,287.0,288.1600036621094,65909900,1.4075354339949462,1.4091904812130378,1.3970696112176577,1.4027163215494842
2018-09-07,286.9800109863281,288.70001220703125,286.7099914550781,287.6000061035156,73524800,1.3969723079299952,1.4053449958627533,1.3956578964960418,1.3999903439485526
2018-09-10,288.739990234375,289.0400085449219,287.8800048828125,288.1000061035156,50210900,1.4055396024380786,1.407000043080845,1.4013533327490184,1.4024242631318586
2018-09-11,287.3699951171875,289.54998779296875,286.9800109863281,289.04998779296875,50530500,1.3988706876445622,1.4094825396306634,1.3969723079299952,1.4070486204473573
2018-09-12,289.05999755859375,289.79998779296875,288.2300109863281,289.1199951171875,59810800,1.4070973463685077,1.4106994992223165,1.4030571058882602,1.4073894047861333
2018-09-13,290.32000732421875,291.0400085449219,290.0,290.8299865722656,51034200,1.4132308702479228,1.416735719814069,1.411673126317494,1.4157133667977413
2018-09-14,291.05999755859375,291.2699890136719,290.0,290.8800048828125,55079900,1.4168330231017316,1.4178552275634217,1.411673126317494,1.4159568478488547
2018-09-17,290.82000732421875,290.8599853515625,289.0299987792969,289.3399963378906,68244000,1.4156647894312289,1.4158593960065542,1.4069513171596948,1.4084603351689735
2018-09-18,289.5799865722656,291.5799865722656,289.54998779296875,290.9100036621094,61930400,1.4096285688394763,1.4193642455727005,1.4094825396306634,1.4161028770576674
2018-09-19,290.9700012207031,291.69000244140625,290.8299865722656,291.2200012207031,49080600,1.4163949354752932,1.4198997850414392,1.4157133667977413,1.417611895066946
2018-09-20,292.6400146484375,293.94000244140625,291.239990234375,293.5799865722656,100360600,1.4245242909115758,1.4308524213663165,1.4177091983546088,1.4290999223059244
2018-09-21,293.0899963378906,293.2200012207031,291.80999755859375,291.989990234375,105479700,1.4267147290437687,1.4273475718001702,1.4204839018766908,1.4213600771295678
2018-09-24,291.3399963378906,291.5,290.3699951171875,291.0199890136719,53409600,1.4181960119021975,1.418974883867412,1.4134742027443983,1.4166382679717686
2018-09-25,291.5299987792969,291.6499938964844,290.4800109863281,290.75,44370000,1.4191209130762248,1.4197050299114764,1.4140097422131372,1.415324005092453
2018-09-26,290.9100036621094,292.239990234375,289.4100036621094,289.8800048828125,79739700,1.4161028770576674,1.422577036721221,1.4088011195077494,1.4110890094822426
2018-09-27,290.4100036621094,291.9100036621094,290.1000061035156,290.69000244140625,59249500,1.4136689578743613,1.4209707154242794,1.4121599398650826,1.4150319466748273
2018-09-28,289.989990234375,291.2799987792969,289.95001220703125,290.7200012207031,70091400,1.4116244003963438,1.4179039534845719,1.4114297938210183,1.41517797588364
2018-10-01,292.1099853515625,292.92999267578125,290.9800109863281,291.7300109863281,62078900,1.4219441939648192,1.4259358570785543,1.4164436613964433,1.4200945401714022
2018-10-02,291.55999755859375,292.3599853515625,291.1400146484375,291.55999755859375,47258200,1.4192669422850377,1.4231611535564723,1.4172225333616577,1.4192669422850377
2018-10-03,292.739990234375,293.2099914550781,291.32000732421875,291.7200012207031,64694600,1.425010955904527,1.4272988458790201,1.418098708614535,1.4200458142502521
2018-10-04,291.17999267578125,291.239990234375,287.6600036621094,289.44000244140625,111545900,1.417417139936983,1.4177091983546088,1.4002824023661782,1.4089471487165621
2018-10-05,289.69000244140625,290.2699890136719,286.2200012207031,287.82000732421875,105951700,1.4101641083082153,1.4129873891968097,1.3932727032338859,1.4010612743313928
2018-10-08,287.04998779296875,288.2200012207031,285.5,287.82000732421875,87742200,1.3973129437141334,1.40300837996711,1.3897678536677398,1.4010612743313928
2018-10-09,287.3900146484375,288.8599853515625,286.7699890136719,287.3999938964844,74339000,1.3989681394868625,1.4061237192733302,1.3959499549136676,1.3990167168533751
2018-10-10,286.8299865722656,286.9100036621094,277.8800048828125,278.29998779296875,214731000,1.3962420133312932,1.3966315235912192,1.352674949082898,1.354719358006278
2018-10-11,277.0799865722656,278.8999938964844,270.3599853515625,272.1700134277344,274840500,1.3487805892568256,1.3576400907371726,1.3160687094910073,1.3248796336048416
2018-10-12,276.7699890136719,277.0899963378906,272.3699951171875,275.95001220703125,183186500,1.347271571247547,1.3488293151779758,1.3258531121453816,1.3432800566884497
2018-10-15,275.54998779296875,277.0400085449219,274.29998779296875,274.3999938964844,102263700,1.3413328024980948,1.3485859826815003,1.3352480045398298,1.3357348180874185
2018-10-16,276.6000061035156,280.82000732421875,276.07000732421875,280.3999938964844,118255800,1.34644412191582,1.3669864057651084,1.3438641735237011,1.3649418482870908
2018-10-17,280.44000244140625,281.1499938964844,277.55999755859375,280.45001220703125,110626000,1.3651366034170538,1.3685927270620497,1.3511172051524691,1.365185329338204
2018-10-18,279.3999938964844,280.07000732421875,274.9700012207031,276.3999938964844,134557500,1.3600740099204787,1.3633355269901493,1.3385095216095004,1.3454704948206426
2018-10-19,277.1300048828125,279.29998779296875,275.4700012207031,276.25,139901600,1.3490240703079388,1.35958719637289,1.3409434407928065,1.3447403487765783
2018-10-22,277.0,277.3599853515625,274.4100036621094,275.010009765625,82415800,1.3483912275515373,1.3501435780572917,1.3357835440085686,1.3387042767394635
2018-10-23,270.95001220703125,274.8699951171875,268.6099853515625,273.6099853515625,146352700,1.3189408648553895,1.3380227080619116,1.3075499923494363,1.3318891841824965
2018-10-24,273.3299865722656,273.760009765625,264.70001220703125,265.32000732421875,177806700,1.3305261953820304,1.3326194787811982,1.288516875064064,1.2915349110826215
2018-10-25,267.3800048828125,271.80999755859375,266.2300109863281,270.0799865722656,138061500,1.3015626462334715,1.3231271345444497,1.2959646618227951,1.3147057206905415
2018-10-26,265.9200134277344,271.0,262.2900085449219,265.3299865722656,201574600,1.2944556438135164,1.319184197351865,1.2767853667739726,1.2915834884491342
2018-10-29,268.79998779296875,270.25,259.8500061035156,263.8599853515625,160749100,1.3084748935234634,1.315533318576906,1.2649078292750682,1.284427760108029
2018-10-30,263.6700134277344,268.1199951171875,263.1199951171875,267.7699890136719,157116000,1.2835030074886393,1.3051647990872803,1.2808256072542201,1.3034610259480386
2018-10-31,270.6499938964844,273.2300109863281,270.1199951171875,270.6300048828125,128296300,1.3174804242126232,1.3300395303890795,1.3149004758205045,1.3173831209249607
2018-11-01,271.6000061035156,273.7300109863281,270.3800048828125,273.510009765625,99495000,1.3221049300827599,1.3324734495723856,1.3161661613333075,1.3314025191895453
2018-11-02,274.75,275.2300109863281,269.5899963378906,271.8900146484375,122634100,1.3374385912266602,1.3397752071223035,1.3123205274283856,1.3235166448043758
2018-11-05,272.44000244140625,274.010009765625,271.3500061035156,273.3900146484375,65622500,1.3261938964841573,1.3338364383728514,1.3208879704911067,1.330818402354294
2018-11-06,273.32000732421875,275.29998779296875,273.25,275.1199951171875,60085900,1.330477618015518,1.3401158429064417,1.330136833676742,1.3392396676535647
2018-11-07,277.55999755859375,281.1000061035156,277.0799865722656,281.010009765625,102752100,1.3511172051524691,1.3683493945655743,1.3487805892568256,1.3679113069391358
2018-11-08,280.1099853515625,281.2200012207031,279.2200012207031,280.5,65584900,1.3635301335654748,1.3689335114008256,1.3591978346676015,1.3654286618346796
2018-11-09,279.0299987792969,279.239990234375,276.17999267578125,277.760009765625,98812600,1.3582729334935744,1.3592951379552642,1.3443995644378024,1.3520908322476466
2018-11-12,277.19000244140625,277.4599914550781,271.989990234375,272.57000732421875,99673600,1.3493161287255646,1.3506303916048803,1.324003309797327,1.326826739240559
2018-11-13,273.0899963378906,275.3299865722656,271.25,272.05999755859375,98176600,1.3293579617115276,1.3402618721152546,1.3204011569435181,1.3243440941361029
2018-11-14,274.1600036621094,274.6099853515625,268.45001220703125,270.20001220703125,125335900,1.3345665844169157,1.3367570225491086,1.3067712689388593,1.3152899860804304
2018-11-15,268.7799987792969,273.5400085449219,267.010009765625,273.0199890136719,135101400,1.3083775902358008,1.3315485483983582,1.299761569806567,1.3290171773727517
2018-11-16,271.7900085449219,274.75,271.2099914550781,273.7300109863281,126668000,1.3230298312567872,1.3374385912266602,1.320206401813555,1.3324734495723856
2018-11-19,273.04998779296875,273.3800048828125,268.07000732421875,269.1000061035156,103061700,1.3291632065815646,1.3307696764331438,1.3049214665908047,1.3099353341662296
2018-11-20,265.3599853515625,267.0,263.1499938964844,264.1199951171875,136021300,1.291729517657947,1.2997128438854169,1.280971636463033,1.2856934456208322
2018-11-21,265.8599853515625,267.1499938964844,265.010009765625,265.0199890136719,75563700,1.2941634368412531,1.3004429899294812,1.2900258930733428,1.2900744704398555
2018-11-23,263.17999267578125,264.82000732421875,263.07000732421875,263.25,42807900,1.2811176656718457,1.2891009918993157,1.2805822747577444,1.2814584500106216
2018-11-26,265.7799987792969,267.75,265.3399963378906,267.5,79981400,1.2937740751359645,1.3033637226603758,1.2916322143702843,1.302146763068723
2018-11-27,266.3399963378906,268.3999938964844,265.6600036621094,268.3999938964844,75502400,1.2965000527368964,1.3065277878877462,1.2931899583007131,1.3065277878877462
2018-11-28,269.6000061035156,274.5799865722656,268.3299865722656,274.5799865722656,127629600,1.3123692533495357,1.3366109933402957,1.3061870035489702,1.3366109933402957
2018-11-29,273.7099914550781,275.54998779296875,272.42999267578125,273.9800109863281,82346400,1.332375997730085,1.3413328024980948,1.3261451705630072,1.3336904091640385
2018-11-30,273.80999755859375,276.2799987792969,273.45001220703125,275.6499938964844,98204200,1.332862811277674,1.3448863779853912,1.3311104607719195,1.3418196160456834
2018-12-03,280.2799987792969,280.3999938964844,277.510009765625,279.29998779296875,103176300,1.3643577314518394,1.3649418482870908,1.3508738726559935,1.35958719637289
2018-12-04,278.3699951171875,278.8500061035156,269.8999938964844,270.25,177986000,1.355060142345054,1.3573967582406972,1.3138295454376643,1.315533318576906
2018-12-06,265.9200134277344,269.9700012207031,262.44000244140625,269.8399963378906,204185400,1.2944556438135164,1.3141703297764402,1.2775155128180369,1.3135374870200385
2018-12-07,269.4599914550781,271.2200012207031,262.6300048828125,263.57000732421875,161018900,1.3116876846719838,1.3202551277347052,1.2784404139920642,1.2830161939410505
2018-12-10,263.3699951171875,265.1600036621094,258.6199951171875,264.07000732421875,151445900,1.282042566845873,1.290756039117407,1.258920334604466,1.2854501131243565
2018-12-11,267.6600036621094,267.8699951171875,262.4800109863281,264.1300048828125,121504400,1.3029256350339373,1.3039478394956272,1.277710267948,1.2857421715419823
2018-12-12,267.4700012207031,269.0,265.3699951171875,265.4599914550781,97976700,1.30200073385991,1.309448520618641,1.2917782435790972,1.2922163312055357
2018-12-13,266.5199890136719,267.489990234375,264.1199951171875,265.3699951171875,96662700,1.2973762279897736,1.3020980371475728,1.2856934456208322,1.2917782435790972
2018-12-14,262.9599914550781,264.0299987792969,259.8500061035156,260.4700012207031,116961100,1.2800467352890057,1.2852553579943935,1.2649078292750682,1.2679258652936256
2018-12-17,259.3999938964844,260.6499938964844,253.52999877929688,255.36000061035156,165492300,1.2627172425882378,1.2688020405465028,1.234143055144967,1.2430512082691454
2018-12-18,257.20001220703125,257.95001220703125,253.27999877929688,255.0800018310547,134515100,1.2520080873144739,1.2556589660894328,1.2329260955533141,1.2416882194686796
2018-12-19,255.1699981689453,259.3999938964844,249.3500061035156,251.2599945068359,214992800,1.242126307095118,1.2627172425882378,1.2137955264256415,1.2230930412551082
2018-12-20,249.86000061035156,251.6199951171875,244.6499938964844,247.1699981689453,252053400,1.2162780972527791,1.2248454660381816,1.19091662668071,1.2031836001622216
2018-12-21,246.7400054931641,249.7100067138672,239.97999572753903,240.6999969482422,255345600,1.2010904653176917,1.2155479512087148,1.1681838304219099,1.1716886799880561
2018-12-24,239.0399932861328,240.83999633789065,234.27000427246097,234.33999633789065,147311600,1.1636080504729236,1.1723701743882893,1.140388514943854,1.140729225005311
2018-12-26,235.97000122070312,246.17999267578125,233.7599945068359,246.17999267578125,218485400,1.1486638253116306,1.198364413439441,1.1379058698393973,1.198364413439441
2018-12-27,242.57000732421875,248.2899932861328,238.9600067138672,248.07000732421875,186267300,1.1807915882421975,1.208635555364085,1.1632186887676352,1.2075646992585638
2018-12-28,249.5800018310547,251.3999938964844,246.4499969482422,247.75,153100200,1.2149151084523133,1.2237745356553416,1.1996787505960755,1.206006955328135
2018-12-31,249.55999755859375,250.19000244140625,247.47000122070312,249.9199981689453,144299400,1.2148177308873318,1.2178844928270394,1.2046439665276691,1.2165701556704047
2019-01-02,245.97999572753903,251.2100067138672,245.9499969482422,250.17999267578125,126925200,1.1973908606215822,1.222849708758633,1.1972448314127695,1.2178357669058892
2019-01-03,248.22999572753903,248.57000732421875,243.6699981689453,244.2100067138672,144140700,1.2083434969464593,1.2099986184418698,1.1861461658790795,1.1887748401923486
2019-01-04,247.58999633789065,253.11000061035156,247.1699981689453,252.38999938964844,142628800,1.2052280833629205,1.2320985719442683,1.2031836001622216,1.228593722378122
2019-01-07,252.69000244140625,255.9499969482422,251.69000244140625,254.3800048828125,103139100,1.2300540887435694,1.24592321507889,1.2251862503769575,1.2382807474675148
2019-01-08,256.82000732421875,257.30999755859375,254.0,256.7699890136719,102512600,1.2501582849664192,1.2525434782285751,1.2364309451194602,1.249914803915306
2019-01-09,257.55999755859375,258.9100036621094,256.19000244140625,257.9700012207031,95006600,1.253760437820228,1.260332049326082,1.2470915230267117,1.2557562693770956
2019-01-10,256.260009765625,259.1600036621094,255.5,258.8800048828125,96823900,1.2474323073654874,1.2615490089177348,1.2437327026693783,1.260186020117269
2019-01-11,257.67999267578125,259.010009765625,257.0299987792969,258.9800109863281,73858100,1.2543445546554794,1.2608188628736707,1.251180489428109,1.2606728336648578
2019-01-14,256.8599853515625,258.29998779296875,256.4100036621094,257.3999938964844,70908200,1.2503528915417446,1.2573625906740369,1.2481624534095517,1.2529815658550136
2019-01-15,257.82000732421875,260.70001220703125,257.80999755859375,260.3500061035156,85208300,1.2550261233330313,1.269045521597616,1.2549773974118812,1.2673417484583742
2019-01-16,260.8299865722656,261.9700012207031,260.6000061035156,260.9800109863281,77636700,1.26967821579938,1.2752276228435437,1.2685587080500274,1.2704085103980818
2019-01-17,260.010009765625,263.9200134277344,259.9599914550781,262.9599914550781,96118400,1.2656867012402826,1.2847199670802922,1.2654432201891694,1.2800467352890057
2019-01-18,264.9800109863281,266.9800109863281,263.0,266.4599914550781,127900300,1.2898798638645301,1.299615540597754,1.2802414904189687,1.2970841695721478
2019-01-22,264.82000732421875,265.05999755859375,261.05999755859375,262.8599853515625,115531200,1.2891009918993157,1.2902692255698185,1.2707978721033704,1.2795599217414169
2019-01-23,264.010009765625,264.7900085449219,260.6600036621094,263.4100036621094,86030300,1.285158054706731,1.2889549626905028,1.268850766467653,1.282237321975836
2019-01-24,263.2099914550781,264.20001220703125,262.0799865722656,263.54998779296875,59204100,1.2812636948806586,1.2860829558807583,1.275763013757645,1.2829187420987502
2019-01-25,265.6099853515625,266.70001220703125,263.6600036621094,265.7799987792969,96883400,1.2929464772496,1.2982525517972883,1.2834542815674892,1.2937740751359645
2019-01-28,263.3900146484375,263.8299865722656,261.7900085449219,263.760009765625,85613700,1.2821400186881735,1.284281730899216,1.2743514475906665,1.2839410951150778
2019-01-29,263.9200134277344,264.54998779296875,262.4800109863281,263.4100036621094,66136300,1.2847199670802922,1.2877865804653623,1.277710267948,1.282237321975836
2019-01-30,265.1000061035156,268.5199890136719,264.25,267.5799865722656,92473700,1.2904639806997815,1.3071119047229975,1.2863262883772337,1.3025361247740113
2019-01-31,267.510009765625,270.4700012207031,267.2699890136719,269.92999267578125,104012100,1.302195488989873,1.3166042489597463,1.3010271067647325,1.3139755746464772
2019-02-01,270.1499938964844,271.20001220703125,269.17999267578125,270.05999755859375,85782500,1.3150465050293172,1.3201578244470424,1.310324695871518,1.3146084174028787
2019-02-04,270.1099853515625,272.0299987792969,269.3599853515625,271.9599914550781,60744800,1.3148517498993542,1.32419806492729,1.3112008711243952,1.323857280588514
2019-02-05,272.44000244140625,273.44000244140625,271.8800048828125,273.1000061035156,79552800,1.3261938964841573,1.3310617348507694,1.3234679188832257,1.3294066876326778
2019-02-06,272.7900085449219,273.3399963378906,271.9200134277344,272.739990234375,58347800,1.327897669623399,1.3305749213031808,1.3236626740131887,1.327654188572286
2019-02-07,270.94000244140625,271.54998779296875,268.2900085449219,270.1400146484375,95482000,1.3188921389342394,1.3218614490316465,1.3059923969736449,1.3149979276628048
2019-02-08,268.75,270.5799865722656,267.8299865722656,270.4700012207031,75788900,1.308231561026988,1.3171396398738473,1.3037530843656642,1.3166042489597463
2019-02-11,271.20001220703125,271.489990234375,270.0299987792969,270.6199951171875,68021400,1.3201578244470424,1.321569390614021,1.3144623881940658,1.3173343950038103
2019-02-12,272.4200134277344,274.5199890136719,272.3399963378906,274.1000061035156,72270200,1.3260965931964948,1.3363189349226698,1.3257070829365687,1.3342745259992899
2019-02-13,275.0299987792969,275.92999267578125,274.55999755859375,274.989990234375,65277200,1.338801580027126,1.3431826048461495,1.3365136900526329,1.338606824897163
2019-02-14,273.7799987792969,275.6400146484375,272.8699951171875,274.3800048828125,83234400,1.332716782068861,1.341771038679171,1.3282870313286876,1.3356375147997557
2019-02-15,276.3599853515625,277.4100036621094,276.1300048828125,277.3699951171875,97088700,1.3452757396906796,1.3503870591084048,1.344156231941327,1.3501923039784418
2019-02-19,276.4800109863281,278.5799865722656,276.4700012207031,277.8500061035156,59120800,1.3458600050805687,1.3560823468067438,1.3458112791594183,1.352528919874085
2019-02-20,277.80999755859375,278.9200134277344,277.25,278.4100036621094,76610800,1.352334164744122,1.357737542579473,1.3496081871431904,1.355254897475017
2019-02-21,277.70001220703125,278.1000061035156,276.3500061035156,277.4200134277344,64214700,1.3517987738300208,1.3537458794657382,1.345227162324167,1.350435785029555
2019-02-22,278.1099853515625,279.3599853515625,277.3999938964844,279.1400146484375,78114600,1.3537944568322506,1.3598792547905156,1.3503383331872547,1.358808472962313
2019-02-25,280.7300109863281,281.30999755859375,279.42999267578125,279.5199890136719,69030700,1.3665483181386697,1.3693715990272641,1.3602200391292916,1.36065812675573
2019-02-26,279.1300048828125,280.29998779296875,278.8999938964844,279.32000732421875,56844100,1.358759747041163,1.364455034739502,1.3576400907371726,1.3596846482151903
2019-02-27,278.5199890136719,279.5899963378906,277.4800109863281,279.20001220703125,56921600,1.355790288389118,1.360998911094506,1.3507278434471806,1.359100531379939
2019-02-28,278.9599914550781,279.45001220703125,278.32000732421875,278.67999267578125,69268300,1.3579321491547984,1.3603174909715918,1.3548168098485782,1.3565691603543326
2019-03-01,280.44000244140625,280.8800048828125,278.82000732421875,280.4200134277344,78880500,1.3651366034170538,1.367278464182734,1.3572507290318843,1.365039300129391
2019-03-04,281.6000061035156,281.8699951171875,276.8399963378906,279.3999938964844,106494600,1.3707833137488803,1.372097576628196,1.3476123555863229,1.3600740099204787
2019-03-05,279.5400085449219,279.760009765625,278.4100036621094,279.0199890136719,59114600,1.3607555785980305,1.3618265089808705,1.355254897475017,1.358224207572424
2019-03-06,279.1499938964844,279.1600036621094,276.9700012207031,277.3299865722656,75039800,1.3588570503288258,1.3589057762499759,1.3482451983427244,1.3499975488484788
2019-03-07,276.8299865722656,276.989990234375,274.07000732421875,275.010009765625,94885100,1.3475636296651727,1.3483425016303872,1.334128496790477,1.3387042767394635
2019-03-08,272.94000244140625,274.6499938964844,272.4200134277344,274.4599914550781,85795800,1.3286278156674634,1.3369517776790716,1.3260965931964948,1.3360268765050443
2019-03-11,275.260009765625,278.6199951171875,275.2300109863281,278.44000244140625,65098900,1.3399212363311164,1.3562771019367068,1.3397752071223035,1.3554009266838296
2019-03-12,279.05999755859375,280.07000732421875,278.8500061035156,279.489990234375,79667500,1.358418962702387,1.3633355269901493,1.3573967582406972,1.3605120975469174
2019-03-13,280.4800109863281,282.3800048828125,280.29998779296875,281.3399963378906,80639200,1.3653313585470168,1.3745802217326522,1.364455034739502,1.369517628236077
2019-03-14,281.3699951171875,281.8399963378906,280.6700134277344,281.1600036621094,67518400,1.36966365744489,1.371951547419383,1.3662562597210441,1.3686414529832
2019-03-15,280.5400085449219,282.2099914550781,280.3299865722656,281.30999755859375,81309000,1.3656234169646424,1.3737526238462876,1.3646010639483148,1.3693715990272641
2019-03-18,281.54998779296875,282.6600036621094,281.29998779296875,282.3299865722656,62199800,1.3705398326977671,1.375943210533118,1.369322873106114,1.374336740681539
2019-03-19,283.510009765625,284.3599853515625,281.4100036621094,282.3999938964844,90268100,1.3800809028556658,1.3842184466235758,1.369858412574853,1.374677525020315
2019-03-20,282.1600036621094,283.5,280.32000732421875,281.54998779296875,84609200,1.373509291349812,1.3800321769345156,1.3645524865818024,1.3705398326977671
2019-03-21,280.6400146484375,285.17999267578125,280.5899963378906,284.7300109863281,79550400,1.3661102305122312,1.3882101097373107,1.365866749461118,1.386019671605118
2019-03-22,283.2200012207031,283.79998779296875,279.17999267578125,279.25,122659300,1.3786691881340498,1.3814924690226442,1.3590030795376384,1.3593438638764144
2019-03-25,278.8699951171875,280.19000244140625,277.6400146484375,279.0400085449219,85575200,1.3574940615283597,1.3639196438254009,1.3515067154123952,1.3583216594147245
2019-03-26,280.989990234375,282.17999267578125,279.55999755859375,281.1199951171875,68125900,1.3678138550968353,1.3736065946374747,1.360852881885693,1.368446697853237
2019-03-27,281.1099853515625,281.760009765625,277.92999267578125,279.6499938964844,72224700,1.3683979719320867,1.3715621857140947,1.3529182815793734,1.3612909695121318
2019-03-28,280.3500061035156,281.2099914550781,279.07000732421875,280.7099914550781,56238500,1.3646985157906153,1.3688847854796755,1.3584676886235374,1.3664508662963695
2019-03-29,282.3900146484375,282.8399963378906,281.1400146484375,282.4800109863281,82186800,1.3746289476538023,1.3768193857859952,1.3685441496955373,1.375067035280241
2019-04-01,284.70001220703125,286.1600036621094,284.3999938964844,285.8299865722656,77617900,1.3858736423963052,1.3929806448162603,1.3844132017535389,1.391374174964681
2019-04-02,286.0400085449219,286.2300109863281,285.0899963378906,285.9700012207031,40070400,1.3923965279810089,1.393321429155036,1.3877720221108722,1.392055743642233
2019-04-03,287.32000732421875,287.760009765625,285.75,286.4200134277344,68243200,1.3986273551480868,1.400769215913767,1.3909848132593927,1.3942463303290633
2019-04-04,286.7799987792969,287.4599914550781,286.010009765625,287.17999267578125,48997500,1.3959986808348177,1.3993087752710007,1.392250498772196,1.397945786470535
2019-04-05,287.9200134277344,288.6300048828125,287.6000061035156,288.57000732421875,58621700,1.4015480878789814,1.4050042115239774,1.3999903439485526,1.4047121531063518
2019-04-08,288.1000061035156,288.9100036621094,287.3699951171875,288.7900085449219,53566300,1.4024242631318586,1.4063672003244434,1.3988706876445622,1.405783083489192
2019-04-09,287.7200012207031,288.0799865722656,286.70001220703125,287.30999755859375,66142300,1.400574460783804,1.4023268112895582,1.3956093191295293,1.3985786292269364
2019-04-10,287.7699890136719,288.3900146484375,287.30999755859375,288.2900085449219,52601500,1.4008177932802794,1.4038359778534746,1.3985786292269364,1.403349164305886
2019-04-11,288.8299865722656,288.8399963378906,287.5799865722656,288.2099914550781,55093100,1.4059776900645173,1.4060264159856675,1.3998928921062521,1.40295965404596
2019-04-12,290.0,290.4700012207031,288.260009765625,290.1600036621094,69727800,1.411673126317494,1.4139610162919871,1.403203135097073,1.4124519982827084
2019-04-15,290.239990234375,290.3500061035156,289.0799865722656,289.9700012207031,49596700,1.4128413599879968,1.4133768994567357,1.4071946496561702,1.411527097108681
2019-04-16,290.95001220703125,291.010009765625,289.5,290.1600036621094,52153200,1.4162976321876304,1.4165896906052562,1.409239207134188,1.4124519982827084
2019-04-17,291.3999938964844,291.42999267578125,288.989990234375,289.45001220703125,58268300,1.4184880703198233,1.4186340995286362,1.4067565620297318,1.4089958746377125
2019-04-18,290.1000061035156,290.32000732421875,288.6600036621094,290.0199890136719,68708500,1.4121599398650826,1.4132308702479228,1.4051502407327903,1.4117704296051565
2019-04-22,289.1700134277344,290.44000244140625,289.07000732421875,290.2699890136719,40160100,1.4076328858372464,1.4138149870831742,1.4071460722896578,1.4129873891968097
2019-04-23,290.67999267578125,293.1400146484375,290.4200134277344,292.8800048828125,52246600,1.414983220753677,1.4269582100948819,1.4137176837955117,1.4256925245820786
2019-04-24,292.7900085449219,293.1600036621094,292.07000732421875,292.2300109863281,50392900,1.4252544369556401,1.4270555133825444,1.4217495873894939,1.4225284593547083
2019-04-25,292.1199951171875,292.7799987792969,290.7300109863281,292.04998779296875,57770900,1.4219929198859695,1.42520571103449,1.4152267018047904,1.4216521355471936
2019-04-26,292.1000061035156,293.489990234375,291.239990234375,293.4100036621094,50916400,1.4218956165983068,1.428661834679486,1.4177091983546088,1.4282724729741976
2019-04-29,293.510009765625,294.45001220703125,293.4100036621094,293.8699951171875,57197700,1.4287592865217862,1.4333350664707727,1.4282724729741976,1.4305116370275406
2019-04-30,293.489990234375,294.3399963378906,291.9200134277344,294.0199890136719,81111700,1.428661834679486,1.4327995270020337,1.4210194413454296,1.4312417830716049
2019-05-01,294.7200012207031,294.95001220703125,291.79998779296875,291.80999755859375,71671900,1.4346493293500884,1.4357689856540787,1.4204351759555405,1.4204839018766908
2019-05-02,291.67999267578125,292.70001220703125,289.5199890136719,291.17999267578125,65030200,1.419851059120289,1.4248163493292014,1.4093365104218507,1.417417139936983
2019-05-03,292.82000732421875,294.3399963378906,291.29998779296875,294.0299987792969,56543700,1.425400466164453,1.4327995270020337,1.4180012567722347,1.431290508992755
2019-05-06,289.25,293.30999755859375,288.8999938964844,292.82000732421875,107198100,1.4080222475425348,1.4277856594266087,1.406318474403293,1.425400466164453
2019-05-07,290.1499938964844,290.80999755859375,285.80999755859375,287.92999267578125,144729900,1.4124032723615583,1.4156160635100787,1.3912768716770185,1.4015966652454939
2019-05-08,287.5299987792969,289.42999267578125,286.8699951171875,287.5299987792969,91568300,1.3996495596097767,1.408898422795412,1.3964367684612562,1.3996495596097767
2019-05-09,285.2300109863281,287.3299865722656,283.29998779296875,286.6600036621094,103471100,1.3884535907884241,1.3986759325145992,1.3790585498393382,1.3954145639995663
2019-05-10,285.6199951171875,288.94000244140625,282.29998779296875,288.1000061035156,112429300,1.3903519705029912,1.406513229533256,1.374190711472726,1.4024242631318586
2019-05-13,282.4200134277344,283.489990234375,279.92999267578125,280.8599853515625,127290500,1.3747749768626152,1.3799834510133655,1.3626539583125976,1.3671810123404338
2019-05-14,281.989990234375,285.1000061035156,281.8500061035156,283.3999938964844,77003200,1.3726816934634474,1.3878207480320224,1.3720002733405332,1.3795453633869268
2019-05-15,281.5899963378906,285.7699890136719,281.3599853515625,285.05999755859375,73956400,1.3707345878277302,1.3910821165470555,1.3696149315237398,1.3876259929020593
2019-05-16,285.8399963378906,289.2099914550781,285.760009765625,287.70001220703125,76749600,1.3914229008858312,1.407827492412572,1.3910335391805428,1.4004771574961412
2019-05-17,285.1400146484375,288.6000061035156,285.1199951171875,285.8399963378906,100353000,1.3880155031619854,1.4048581823151647,1.3879180513196852,1.3914229008858312
2019-05-20,284.05999755859375,285.9599914550781,283.1199951171875,283.95001220703125,62877600,1.3827581545354473,1.3920070177210828,1.378182374586461,1.3822227636213462
2019-05-21,285.8299865722656,286.92999267578125,285.54998779296875,286.510009765625,46847100,1.391374174964681,1.396728826878882,1.3900111861642153,1.394684417955502
2019-05-22,285.45001220703125,286.69000244140625,285.1000061035156,285.6300048828125,49482500,1.3895245211712641,1.395560593208379,1.3878207480320224,1.3904006964241413
2019-05-23,283.1600036621094,283.2099914550781,280.57000732421875,282.1400146484375,98733800,1.378377129716424,1.3786204622128997,1.3657694461734553,1.3734119880621494
2019-05-24,283.739990234375,284.20001220703125,282.0899963378906,282.7799987792969,55268100,1.3812004106050184,1.3834397232129991,1.3731685070110362,1.3765273273683694
2019-05-28,283.0899963378906,284.1499938964844,280.1300048828125,280.1499938964844,70029400,1.378036345377648,1.383196242161886,1.363627585407775,1.3637248886954378
2019-05-29,278.9100036621094,279.3599853515625,276.7099914550781,278.2699890136719,104972900,1.3576888166583228,1.3598792547905156,1.3469795128299213,1.354573328797465
2019-05-30,279.1099853515625,280.0400085449219,277.80999755859375,279.0299987792969,62523800,1.3586622951988627,1.3631894977813366,1.352334164744122,1.3582729334935744
2019-05-31,276.20001220703125,277.1199951171875,275.239990234375,275.2699890136719,86862800,1.3444970162801027,1.3489753443867887,1.3398237844888161,1.339969813697629
2019-06-03,275.30999755859375,276.54998779296875,273.0899963378906,274.57000732421875,96428000,1.340164568827592,1.346200640864707,1.3293579617115276,1.336562415973783
2019-06-04,277.1199951171875,280.67999267578125,276.6199951171875,280.5299987792969,77231900,1.3489753443867887,1.3663048370875566,1.3465414252034826,1.3655746910434923
2019-06-05,282.3299865722656,282.989990234375,280.32000732421875,282.9599914550781,71169700,1.374336740681539,1.3775495318300595,1.3645524865818024,1.3774035026212466
2019-06-06,283.2900085449219,285.54998779296875,282.57000732421875,284.79998779296875,69430400,1.3790099724728258,1.3900111861642153,1.3755051229066795,1.3863603073892563
2019-06-07,285.92999267578125,288.8500061035156,285.739990234375,287.6499938964844,74272200,1.39186098851227,1.4060751419068176,1.3909360873382426,1.400233676445028
2019-06-10,289.3699951171875,290.82000732421875,288.8699951171875,288.9700012207031,60799100,1.4086063643777864,1.4156647894312289,1.4061724451944804,1.406659258742069
2019-06-11,290.989990234375,291.3999938964844,288.17999267578125,288.8999938964844,58641300,1.4164922387629557,1.4184880703198233,1.402813624837147,1.406318474403293
2019-06-12,288.6400146484375,289.260009765625,287.82000732421875,288.3900146484375,47096300,1.4050529374451277,1.4080709734636851,1.4010612743313928,1.4038359778534746
2019-06-13,289.3999938964844,289.9800109863281,288.6199951171875,289.5799865722656,48945200,1.408752393586599,1.4115758230298312,1.4049554856028272,1.4096285688394763
2019-06-14,289.260009765625,289.92999267578125,288.4100036621094,289.260009765625,52324700,1.4080709734636851,1.411332341978718,1.4039332811411374,1.4080709734636851
2019-06-17,289.5199890136719,290.2200012207031,289.17999267578125,289.3699951171875,39205700,1.4093365104218507,1.4127440567003342,1.407681463203759,1.4086063643777864
2019-06-18,291.3900146484375,293.57000732421875,290.989990234375,292.3999938964844,85434800,1.4184394929533108,1.429051344939412,1.4164922387629557,1.4233559086864354
2019-06-19,292.54998779296875,293.6499938964844,291.4700012207031,293.05999755859375,78674400,1.4240860547304997,1.4294407066447004,1.4188288546585992,1.4265686998349558
2019-06-20,296.0400085449219,296.30999755859375,293.1300048828125,295.8599853515625,116570000,1.4410749116471293,1.442389174526445,1.4269094841737318,1.4401985878396144
2019-06-21,294.1300048828125,295.5199890136719,293.760009765625,294.0,83309500,1.4317773225403436,1.4385435406215228,1.4299762461134393,1.431144479783942
2019-06-24,294.2300109863281,294.5799865722656,293.4700012207031,293.6400146484375,47582700,1.4322641360879325,1.4339677606725365,1.4285645313918232,1.429392129278188
2019-06-25,293.70001220703125,293.7300109863281,290.6400146484375,290.760009765625,82028700,1.4296841876958135,1.4298302169046264,1.4147886141783517,1.415372731013603
2019-06-26,291.75,292.30999755859375,290.3500061035156,290.4700012207031,51584900,1.420191843459065,1.4229178210599969,1.4133768994567357,1.4139610162919871
2019-06-27,291.30999755859375,292.05999755859375,290.8900146484375,291.5,40355200,1.4180499826933848,1.4217008614683437,1.4160055737700048,1.418974883867412
2019-06-28,292.5799865722656,293.54998779296875,292.010009765625,293.0,59350900,1.4242320839393126,1.4289538930971117,1.4214575289718683,1.42627664141733
2019-07-01,296.67999267578125,296.9200134277344,294.3299865722656,295.6600036621094,78705600,1.4441902509533493,1.4453586331784898,1.4327508010808836,1.4392251092990747
2019-07-02,295.6099853515625,296.489990234375,294.67999267578125,296.42999267578125,61504500,1.4389816282479615,1.4432653497793222,1.4344545742201253,1.4429732913616964
2019-07-03,297.17999267578125,298.82000732421875,297.0199890136719,298.79998779296875,40898900,1.4466241701366553,1.4546074963641253,1.445845298171441,1.4545100445218249
2019-07-05,297.44000244140625,298.6400146484375,296.010009765625,298.4599914550781,51677300,1.4478898556494586,1.4537313211112481,1.4409288824383164,1.4528549973037332
2019-07-08,297.010009765625,298.260009765625,296.2200012207031,296.82000732421875,45841800,1.4457967208049285,1.4518815187631935,1.4419510869000063,1.4448718196309012
2019-07-09,295.5400085449219,297.5199890136719,295.4800109863281,297.19000244140625,41101300,1.4386409924638233,1.448279217354747,1.4383489340461975,1.4466728960578057
2019-07-10,298.3699951171875,299.6600036621094,297.7799987792969,298.6099853515625,58448500,1.4524169096772948,1.4586964627655228,1.4495449028675502,1.4535851433477975
2019-07-11,299.32000732421875,299.5799865722656,298.20001220703125,299.30999755859375,50826100,1.4570414155474312,1.4583069525055967,1.451589460345568,1.456992689626281
2019-07-12,299.8500061035156,300.7300109863281,299.510009765625,300.6499938964844,40326000,1.45962136393955,1.4639050854709108,1.4579663167214585,1.4635155752109847
2019-07-15,301.1300048828125,301.1300048828125,300.19000244140625,300.75,33900000,1.465852191106628,1.465852191106628,1.4612764111576417,1.4640023887585734
2019-07-16,300.6499938964844,300.8800048828125,299.44000244140625,299.7799987792969,36650100,1.4635155752109847,1.464635231514975,1.4576255323826828,1.4592805796007742
2019-07-17,299.75,299.92999267578125,297.739990234375,297.739990234375,36036300,1.4591345503919615,1.4600107256448385,1.4493501477375872,1.4493501477375872
2019-07-18,297.19000244140625,299.25,296.70001220703125,298.8299865722656,51392600,1.4466728960578057,1.4567006312086554,1.4442877027956498,1.4546560737306378
2019-07-19,300.0400085449219,300.07000732421875,296.9800109863281,297.1700134277344,58678600,1.4605462651135774,1.4606922943223903,1.4456506915961156,1.446575592770143
2019-07-22,297.6099853515625,298.5,297.0400085449219,297.8999938964844,43638100,1.4487173049811854,1.4530497524336963,1.4459427500137414,1.4501290197028016
2019-07-23,299.1400146484375,300.0299987792969,298.2200012207031,300.0299987792969,44564500,1.4561652402945542,1.4604975391924273,1.4516867636332305,1.4604975391924273
2019-07-24,299.19000244140625,301.44000244140625,299.0899963378906,301.44000244140625,47213200,1.4564085727910296,1.4673612091159067,1.455921759243441,1.4673612091159067
2019-07-25,300.94000244140625,301.0,299.1099853515625,300.0,55394100,1.4649272899326007,1.4652193483502265,1.4560190625311036,1.4603515099836144
2019-07-26,300.760009765625,302.2300109863281,300.6199951171875,302.010009765625,45084100,1.4640511146797237,1.471206843020829,1.4633695460021718,1.4701359126379887
2019-07-29,301.8800048828125,302.010009765625,300.8500061035156,301.4599914550781,38126500,1.4695030698815872,1.4701359126379887,1.4644892023061622,1.4674585124035695
2019-07-30,299.9100036621094,301.1700134277344,299.489990234375,300.7200012207031,45849000,1.459913422357176,1.466046946236591,1.4578688648791582,1.4638563595497607
2019-07-31,300.989990234375,301.20001220703125,295.20001220703125,297.42999267578125,104245200,1.4651706224290764,1.466192975445404,1.4369859452457316,1.4478411297283085
2019-08-01,297.6000061035156,300.8699951171875,293.9599914550781,294.8399963378906,142646600,1.448668727614673,1.464586505593825,1.430949724653979,1.4352334461853398
2019-08-02,293.8500061035156,294.1199951171875,290.8999938964844,292.6199951171875,116749700,1.4304143337398778,1.4317285966191935,1.4160541511365172,1.4244268390692756
2019-08-05,288.0899963378906,288.2099914550781,281.7200012207031,283.82000732421875,178745400,1.4023755372107085,1.40295965404596,1.3713674305841317,1.3815899208649445
2019-08-06,285.9100036621094,288.0400085449219,284.2799987792969,287.79998779296875,120711700,1.3917636852246071,1.4021322047142328,1.3838290849182875,1.4009638224890923
2019-08-07,284.3999938964844,288.82000732421875,282.0400085449219,287.9700012207031,140572300,1.3844132017535389,1.4059291126980047,1.3729251745145605,1.401791420375457
2019-08-08,289.6199951171875,293.6199951171875,289.010009765625,293.6199951171875,87713900,1.4098233239694393,1.4292946774358875,1.406854013872032,1.4292946774358875
2019-08-09,292.5799865722656,293.239990234375,289.6499938964844,291.6199951171875,93730000,1.4242320839393126,1.427444875087833,1.4099693531782522,1.4195590007026635
2019-08-12,289.9599914550781,291.6099853515625,287.0199890136719,288.07000732421875,65527600,1.411478371187531,1.4195102747815134,1.3971669145053205,1.4022782339230457
2019-08-13,287.739990234375,294.1499938964844,287.3599853515625,292.54998779296875,94299800,1.4006717640714668,1.4318746258280064,1.398821961723412,1.4240860547304997
2019-08-14,288.07000732421875,288.739990234375,283.760009765625,283.8999938964844,135622100,1.4022782339230457,1.4055396024380786,1.381297862447319,1.3819792825702328
2019-08-15,284.8800048828125,285.6400146484375,282.3900146484375,284.6499938964844,99556600,1.3867498176491824,1.3904494223452915,1.3746289476538023,1.385630161345192
2019-08-16,286.4800109863281,289.3299865722656,284.7099914550781,288.8500061035156,83018300,1.3945383887466891,1.4084116092478234,1.3859222197628176,1.4060751419068176
2019-08-19,292.19000244140625,293.0799865722656,291.44000244140625,292.3299865722656,53571800,1.4223337042247453,1.4266660031226184,1.4186828254497863,1.4230151243476594
2019-08-20,291.7699890136719,292.3599853515625,289.95001220703125,290.0899963378906,51596400,1.4202891467467278,1.4231611535564723,1.4114297938210183,1.4121112139439325
2019-08-21,292.4800109863281,292.8599853515625,291.7200012207031,292.45001220703125,49524700,1.4237454189463614,1.4255950727397784,1.4200458142502521,1.4235993897375485
2019-08-22,293.2300109863281,293.92999267578125,290.3999938964844,292.3599853515625,51666400,1.4273962977213204,1.4308036954451662,1.4136202319532112,1.4231611535564723
2019-08-23,290.9200134277344,292.760009765625,283.4700012207031,284.8500061035156,149161500,1.4161516029788177,1.4251084077468272,1.3798861477257027,1.3866037884403695
2019-08-26,287.2699890136719,288.0,285.5799865722656,288.0,72423800,1.3983838740969734,1.4019374495842698,1.3901572153730282,1.4019374495842698
2019-08-27,289.5400085449219,289.95001220703125,286.0299987792969,286.8699951171875,66668900,1.409433962264151,1.4114297938210183,1.3923478020598585,1.3964367684612562
2019-08-28,286.1400146484375,289.07000732421875,285.25,288.8900146484375,59696700,1.3928833415285975,1.4071460722896578,1.3885508940760867,1.4062698970367806
2019-08-29,291.7200012207031,293.1600036621094,290.6099853515625,292.5799865722656,57899400,1.4200458142502521,1.4270555133825444,1.4146424364149013,1.4242320839393126
2019-08-30,294.2200012207031,294.239990234375,291.4200134277344,292.45001220703125,62901200,1.4322154101667823,1.4323127134544449,1.4185855221621235,1.4235993897375485
2019-09-03,290.57000732421875,291.5799865722656,289.2699890136719,290.739990234375,69101400,1.414447829839576,1.4193642455727005,1.4081195508301976,1.4152752791713028
2019-09-04,293.1400146484375,294.05999755859375,292.30999755859375,294.0400085449219,46887300,1.4269582100948819,1.431436538201568,1.4229178210599969,1.4313392349139051
2019-09-05,296.7900085449219,298.8299865722656,294.0,297.82000732421875,83258100,1.4447257904220883,1.4546560737306378,1.431144479783942,1.4497396579975133
2019-09-06,298.1700134277344,298.760009765625,297.4200134277344,298.04998779296875,49584300,1.451443431136755,1.4543154379464995,1.4477925523617958,1.450859165746866
2019-09-09,299.1400146484375,299.239990234375,297.1600036621094,298.20001220703125,51260300,1.4561652402945542,1.4566519052875053,1.4465268668489928,1.451589460345568
2019-09-10,297.3599853515625,298.20001220703125,295.9700012207031,298.1300048828125,57947100,1.4475003453895325,1.451589460345568,1.4407341273083534,1.451248676006792
2019-09-11,298.4700012207031,300.3399963378906,297.75,300.25,68821100,1.4529037232248836,1.462006557201706,1.4493988736587373,1.4615684695752675
2019-09-12,301.25,302.4599914550781,300.4100036621094,301.2900085449219,72908700,1.4664363079418794,1.4723263507701816,1.462347341540482,1.4666310630718424
2019-09-13,301.7799987792969,302.1700134277344,300.67999267578125,301.0899963378906,62104800,1.4690162563339983,1.4709147846032031,1.4636616044197976,1.465657435976665
2019-09-16,299.8399963378906,301.1400146484375,299.45001220703125,300.1600036621094,58191200,1.4595726380184,1.4659009170277781,1.457674258303833,1.4611303819488288
2019-09-17,299.94000244140625,301.0199890136719,299.75,300.9200134277344,41475500,1.4600594515659888,1.4653166516378893,1.4591345503919615,1.4648299866449381
2019-09-18,300.489990234375,301.2200012207031,298.239990234375,301.1000061035156,73375800,1.4627367032457703,1.4662902787330667,1.4517840669208932,1.465706161897815
2019-09-19,301.5299987792969,302.6300048828125,300.7099914550781,301.0799865722656,76560500,1.4677992967423454,1.4731539486565461,1.4638076336286103,1.4656087100555149
2019-09-20,300.3599853515625,300.6700134277344,297.4100036621094,298.2799987792969,89565000,1.4621038604893686,1.463613027053285,1.4477438264406457,1.4519788220508563
2019-09-23,297.54998779296875,299.0,297.2699890136719,298.2099914550781,43476800,1.4484252465635599,1.4554836716170023,1.447062257763094,1.4516380377120803
2019-09-24,299.4100036621094,299.8399963378906,294.80999755859375,295.8699951171875,94869400,1.4574795031738699,1.4595726380184,1.4350874169765269,1.4402473137607645
2019-09-25,295.9599914550781,298.1099853515625,294.3299865722656,297.6199951171875,71854000,1.4406854013872032,1.4511512241644915,1.4327508010808836,1.4487660309023358
2019-09-26,297.6300048828125,297.8599853515625,295.45001220703125,297.0,56179700,1.448814756823486,1.4499342645728386,1.4382029048373848,1.4457479948837784
2019-09-27,297.8299865722656,297.95001220703125,293.69000244140625,295.3999938964844,84746600,1.4497882353640257,1.4503725007539148,1.4296354617746634,1.4379594237862714
2019-09-30,295.9700012207031,297.54998779296875,295.9200134277344,296.7699890136719,51662400,1.4407341273083534,1.4484252465635599,1.440490794811878,1.444628338579788
2019-10-01,297.739990234375,298.4599914550781,293.0,293.239990234375,88242400,1.4493501477375872,1.4528549973037332,1.42627664141733,1.427444875087833
2019-10-02,291.5,291.510009765625,286.6400146484375,288.05999755859375,122539500,1.418974883867412,1.4190236097885622,1.3953172607119035,1.4022295080018956
2019-10-03,287.80999755859375,290.45001220703125,284.82000732421875,290.4200134277344,85278800,1.4010125484102425,1.4138637130043243,1.3864577592315566,1.4137176837955117
2019-10-04,291.1400146484375,294.6300048828125,291.0799865722656,294.3500061035156,65091200,1.4172225333616577,1.4342112417236497,1.4169303263893944,1.4328482529231839
2019-10-07,293.4700012207031,295.260009765625,292.7699890136719,293.0799865722656,59610500,1.4285645313918232,1.4372780036633575,1.4251569851133397,1.4266660031226184
2019-10-08,291.0400085449219,291.8500061035156,288.489990234375,288.5299987792969,95708100,1.416735719814069,1.4206786570066539,1.4043226428464257,1.4045173979763887
2019-10-09,290.75,292.29998779296875,290.05999755859375,291.2699890136719,62359400,1.415324005092453,1.4228690951388465,1.4119651847351196,1.4178552275634217
2019-10-10,291.17999267578125,294.2099914550781,291.0,293.239990234375,55296300,1.417417139936983,1.4321666842456322,1.416540964684106,1.427444875087833
2019-10-11,296.2699890136719,298.739990234375,296.1400146484375,296.2799987792969,98720400,1.442194419396482,1.4542179861041993,1.441561725194718,1.442243145317632
2019-10-14,295.92999267578125,296.6700134277344,295.57000732421875,295.95001220703125,40394800,1.4405393721783903,1.4441416735868369,1.4387870216726362,1.4406368240206906
2019-10-15,297.1000061035156,299.70001220703125,296.9700012207031,298.8800048828125,46754500,1.446234808431367,1.4588912178954858,1.4456019656749655,1.454899554781751
2019-10-16,298.3699951171875,299.1600036621094,297.9200134277344,298.3999938964844,48928200,1.4524169096772948,1.4562625435822167,1.4502264715451019,1.4525629388861077
2019-10-17,299.67999267578125,300.239990234375,298.5199890136719,299.2799987792969,45736600,1.4587937660531856,1.4615197436541172,1.453147055721359,1.4568466604174684
2019-10-18,298.69000244140625,299.3999938964844,297.0299987792969,297.9700012207031,64304000,1.4539746536077236,1.4574307772527197,1.445894024092591,1.4504698040415775
2019-10-21,299.4200134277344,300.2099914550781,298.94000244140625,299.989990234375,39048600,1.45752822909502,1.4613737144453045,1.4551916131993767,1.4603027840624643
2019-10-22,300.5799865722656,300.8999938964844,298.9100036621094,299.010009765625,48594700,1.4631747908722088,1.4647325348026377,1.4550455839905638,1.4555323975381524
2019-10-23,298.7300109863281,299.94000244140625,298.5,299.8800048828125,34352200,1.4541694087376866,1.4600594515659888,1.4530497524336963,1.459767393148363
2019-10-24,300.9100036621094,301.07000732421875,299.4599914550781,300.3699951171875,35453100,1.464781260723788,1.4655601326890024,1.4577228356703453,1.462152586410519
2019-10-25,299.739990234375,302.20001220703125,299.67999267578125,301.6000061035156,45205400,1.4590858244708111,1.471060813812016,1.4587937660531856,1.4681400810811212
2019-10-28,302.94000244140625,303.8500061035156,302.9100036621094,303.29998779296875,42147000,1.4746629666658249,1.4790927174059982,1.474516937457012,1.476415317171579
2019-10-29,303.0,304.2300109863281,302.8599853515625,303.2099914550781,44284900,1.4749550250834507,1.4809425197540529,1.4742734564058988,1.4759772295451405
2019-10-30,303.42999267578125,304.54998779296875,301.989990234375,304.1400146484375,49643900,1.4770481599279808,1.4825001151298443,1.4700384607956885,1.4805044321276144
2019-10-31,304.1300048828125,304.1300048828125,301.7300109863281,303.3299865722656,69053800,1.4804557062064643,1.4804557062064643,1.468772923837523,1.476561346380392
2019-11-01,304.9200134277344,306.19000244140625,304.739990234375,306.1400146484375,71141500,1.4843013401113863,1.490483441357314,1.4834250163038716,1.4902401088608386
2019-11-04,307.8500061035156,308.0,306.9599914550781,307.3699951171875,60606900,1.4985640708724466,1.4992942169165109,1.4942316234199358,1.496227454976803
2019-11-05,307.5899963378906,307.9200134277344,306.7099914550781,307.0299987792969,42933200,1.4972983853596433,1.4989048552112225,1.4930146638282826,1.4945724077587117
2019-11-06,307.0299987792969,307.3999938964844,306.05999755859375,307.1000061035156,46487100,1.4945724077587117,1.496373484185616,1.4898505986009125,1.4949131920974874
2019-11-07,308.57000732421875,309.6499938964844,307.6600036621094,308.17999267578125,54272300,1.5020689204385926,1.507326120510493,1.4976391696984193,1.5001703921693879
2019-11-08,307.79998779296875,309.0,307.0299987792969,308.94000244140625,49032100,1.4983205898213334,1.5041620552831227,1.4945724077587117,1.5038699968654972
2019-11-11,307.4200134277344,308.5400085449219,307.2699890136719,308.3500061035156,35797300,1.4964709360279165,1.50192289122978,1.4957406414292145,1.5009979900557526
2019-11-12,308.75,309.989990234375,308.1499938964844,309.0,46484600,1.5029450956914698,1.5089811677285847,1.5000243629605752,1.5041620552831227
2019-11-13,307.9100036621094,309.5400085449219,307.6600036621094,309.1000061035156,53917700,1.4988561292900722,1.5067907295963918,1.4976391696984193,1.5046488688307116
2019-11-14,308.7900085449219,309.6400146484375,308.0899963378906,309.54998779296875,51219900,1.5031398508214329,1.5072775431439807,1.4997323045429494,1.5068393069629045
2019-11-15,311.0199890136719,311.8399963378906,310.260009765625,311.7900085449219,62023600,1.5139950353040097,1.5179866984177446,1.510295579162538,1.517743365921269
2019-11-18,311.5299987792969,312.2799987792969,311.0299987792969,312.0199890136719,49228000,1.5164776804084659,1.5201285591834248,1.5140437612251598,1.5188628736706218
2019-11-19,312.67999267578125,312.69000244140625,311.2200012207031,311.92999267578125,67804700,1.5220756648191422,1.5221243907402924,1.5149686623991871,1.518424786044183
2019-11-20,311.2799987792969,311.8500061035156,309.05999755859375,310.7699890136719,79406200,1.5152607208168127,1.5180354243388947,1.5044541137007486,1.5127780757123566
2019-11-21,310.8900146484375,311.010009765625,309.3900146484375,310.2699890136719,54664700,1.5133623411022457,1.513946457937497,1.5060605835523275,1.5103441565290505
2019-11-22,311.0899963378906,311.239990234375,309.8500061035156,310.9599914550781,44850200,1.5143358196427854,1.5150659656868497,1.5082997476056705,1.5137029768863839
2019-11-25,311.9800109863281,313.3699951171875,311.9800109863281,313.3699951171875,48647200,1.5186682670952962,1.5254344851764754,1.5186682670952962,1.5254344851764754
2019-11-26,313.4100036621094,314.2799987792969,313.05999755859375,314.0799865722656,37569000,1.5256292403064384,1.529864235916649,1.5239254671671967,1.5288906088214715
2019-11-27,314.6099853515625,315.4800109863281,314.3699951171875,315.4800109863281,44444600,1.5314705572135903,1.5357057013784385,1.5303023235430875,1.5357057013784385
2019-11-29,314.8599853515625,315.1300048828125,314.05999755859375,314.30999755859375,36592700,1.5326875168052434,1.5340019282391968,1.5287933055338088,1.530010265125462
2019-12-02,314.5899963378906,314.6600036621094,311.1700134277344,311.6400146484375,75767800,1.5313732539259277,1.5317140382647036,1.5147253299027115,1.5170132198772048
2019-12-03,308.6499938964844,309.6400146484375,307.1300048828125,309.54998779296875,73941700,1.5024582821438812,1.5072775431439807,1.4950592213063003,1.5068393069629045
2019-12-04,310.70001220703125,312.1199951171875,310.32000732421875,311.4599914550781,49080000,1.5124374399282183,1.5193496872182104,1.510587637580164,1.51613689606969
2019-12-05,312.2300109863281,312.25,310.5799865722656,312.0199890136719,40709000,1.5198852266869494,1.519982529974612,1.5118531745383292,1.5188628736706218
2019-12-06,314.1199951171875,315.30999755859375,314.1099853515625,314.8699951171875,48927000,1.5290853639514346,1.5348781034920738,1.5290366380302844,1.5327362427263935
2019-12-09,314.44000244140625,315.17999267578125,313.79998779296875,313.8800048828125,34838500,1.5306431078818634,1.5342452607356722,1.5275276200210057,1.5279171302809316
2019-12-10,313.82000732421875,314.54998779296875,312.80999755859375,313.5299987792969,52649800,1.527625071863306,1.5311784987959647,1.5227085075755438,1.5262133571416898
2019-12-11,314.0299987792969,314.70001220703125,313.44000244140625,314.4200134277344,53429100,1.5286472763249959,1.5319087933946667,1.5257752695152513,1.5305458045942006
2019-12-12,314.42999267578125,317.989990234375,314.1700134277344,317.1300048828125,96389600,1.5305943819607133,1.5479238746614812,1.5293288450025477,1.5437376049724207
2019-12-13,316.8699951171875,318.6700134277344,316.0199890136719,317.32000732421875,81503900,1.5424719194596177,1.551234117652302,1.53833422713707,1.544662506146448
2019-12-16,319.2200012207031,320.1499938964844,317.25,319.5,82749700,1.5539113693320834,1.5584384233599196,1.5443217218076724,1.5552743581325494
2019-12-17,319.9200134277344,320.25,319.4800109863281,319.57000732421875,61097700,1.557318915610567,1.5589252369075084,1.5551770548448867,1.5556151424713252
2019-12-18,320.0,320.25,319.5299987792969,319.5899963378906,48133000,1.5577082773158555,1.5589252369075084,1.5554203873413621,1.555712445758988
2019-12-19,319.79998779296875,320.9800109863281,319.5199890136719,320.8999938964844,85310500,1.5567346502206778,1.5624788123948048,1.555371661420212,1.5620893021348787
2019-12-20,320.4599914550781,321.9700012207031,319.3900146484375,320.7300109863281,147142100,1.5599474413691985,1.5672979248402665,1.5547389672184482,1.5612618528031517
2019-12-23,321.5899963378906,321.6499938964844,321.05999755859375,321.2200012207031,52990000,1.565448122492212,1.5657401809098377,1.5628681741000932,1.5636470460653076
2019-12-24,321.4700012207031,321.5199890136719,320.8999938964844,321.2300109863281,20270000,1.5648640056569607,1.5651073381534362,1.5620893021348787,1.5636957719864577
2019-12-26,321.6499938964844,322.95001220703125,321.6400146484375,322.94000244140625,30911200,1.5657401809098377,1.572068459919216,1.5656916035433253,1.5720197339980657
2019-12-27,323.739990234375,323.79998779296875,322.2799987792969,322.8599853515625,42528800,1.5759139452695003,1.5762060036871262,1.5688069428495452,1.5716302237381399
2019-12-30,322.95001220703125,323.1000061035156,320.54998779296875,321.0799865722656,49729100,1.572068459919216,1.5727986059632804,1.560385528995637,1.562965477387756
2019-12-31,320.5299987792969,322.1300048828125,320.1499938964844,321.8599853515625,57077300,1.5602882257079742,1.5680767968054812,1.5584384233599196,1.5667623853715278
2020-01-02,323.5400085449219,324.8900146484375,322.5299987792969,324.8699951171875,59151200,1.5749404667289606,1.5815120782348144,1.5700239024411984,1.581414626392514
2020-01-03,321.1600036621094,323.6400146484375,321.1000061035156,322.4100036621094,77709700,1.5633549876476818,1.5754272802765492,1.5630629292300562,1.569439785605947
2020-01-06,320.489990234375,323.7300109863281,320.3599853515625,323.6400146484375,55653900,1.5600934705780112,1.575865367902988,1.5594606278216097,1.5754272802765492
2020-01-07,323.0199890136719,323.5400085449219,322.239990234375,322.7300109863281,40496400,1.5724090957033543,1.5749404667289606,1.5686121877195822,1.5709975295363758
2020-01-08,322.94000244140625,325.7799987792969,322.6700134277344,324.45001220703125,68296000,1.5720197339980657,1.5858443771326876,1.57070547111875,1.579370217469134
2020-01-09,326.1600036621094,326.7300109863281,325.5199890136719,326.6499938964844,48473300,1.5876941794807422,1.590468883002824,1.5845786916198843,1.590079372742898
2020-01-10,327.2900085449219,327.4599914550781,325.20001220703125,325.7099914550781,53029300,1.5931948606037558,1.5940223099354827,1.5830210962440932,1.5855035927939116
2020-01-13,326.3900146484375,327.9599914550781,325.9200134277344,327.95001220703125,47086800,1.5888138357847323,1.5964562291187887,1.5865259458102392,1.5964076517522763
2020-01-14,327.4700012207031,328.6199951171875,326.8399963378906,327.45001220703125,62832800,1.5940710358566328,1.5996690202673092,1.5910042739169252,1.5939737325689702
2020-01-15,327.3500061035156,329.0199890136719,327.260009765625,328.19000244140625,72056600,1.5934869190213814,1.6016161259030266,1.593048831394943,1.597575885422779
2020-01-16,329.70001220703125,330.9200134277344,329.45001220703125,330.9200134277344,54050300,1.6049263688938473,1.6108651376432994,1.6037094093021944,1.6108651376432994
2020-01-17,331.70001220703125,332.17999267578125,330.8500061035156,331.95001220703125,95846000,1.6146620456270715,1.616998512968077,1.6105243533045237,1.6158790052187244
2020-01-21,330.8999938964844,332.17999267578125,330.82000732421875,331.29998779296875,77742400,1.6107676858009992,1.616998512968077,1.6103783240957108,1.6127147914367164
2020-01-22,332.239990234375,332.95001220703125,331.1700134277344,331.3399963378906,48914900,1.6172905713857029,1.6207468435853365,1.6120820972349525,1.6129095465666794
2020-01-23,330.6300048828125,332.1700134277344,329.4100036621094,331.7200012207031,51963000,1.6094534229216835,1.6169499356015646,1.6035146541722314,1.614759348914734
2020-01-24,332.44000244140625,332.5299987792969,327.3599853515625,328.7699890136719,87578400,1.6182641984808803,1.6187022861073188,1.593535496387894,1.6003991663113735
2020-01-27,323.0299987792969,325.1199951171875,322.6600036621094,323.5,84062500,1.5724578216245044,1.582631585984167,1.5706567451976,1.5747457115989976
2020-01-28,325.05999755859375,327.8500061035156,323.6000061035156,326.8900146484375,63834000,1.5823395275665413,1.5959208382046874,1.5752325251465862,1.5912477549680384
2020-01-29,328.3800048828125,328.6300048828125,326.3999938964844,326.6199951171875,53888900,1.5985007865968064,1.5997177461884593,1.588862413151245,1.5899333435340852
2020-01-30,324.3599853515625,327.9100036621094,323.5400085449219,327.67999267578125,75491800,1.5789319812880578,1.5962128966223132,1.5749404667289606,1.595093240318323
2020-01-31,327.0,327.1700134277344,320.7300109863281,321.7300109863281,113845600,1.5917831458821396,1.5926107437685044,1.5612618528031517,1.5661296911697637
2020-02-03,323.3500061035156,326.1600036621094,323.2200012207031,324.1199951171875,69083000,1.5740155655549333,1.5876941794807422,1.5733827227985318,1.577763747617555
2020-02-04,328.07000732421875,330.010009765625,327.7200012207031,329.05999755859375,62573200,1.5969917685875277,1.606435386903126,1.595287995448286,1.6018108810329896
2020-02-05,332.2699890136719,333.0899963378906,330.6700134277344,332.8599853515625,65951100,1.6174366005945156,1.6214282637082507,1.6096481780516465,1.6203086074042603
2020-02-06,333.9100036621094,334.19000244140625,332.79998779296875,333.9800109863281,50359700,1.6254199268219856,1.6267829156224514,1.6200165489866345,1.6257607111607613
2020-02-07,332.82000732421875,333.989990234375,331.6000061035156,332.20001220703125,64139400,1.620114000828935,1.625809288527274,1.6141752320794827,1.6170959648103775
2020-02-10,331.2300109863281,334.75,331.19000244140625,334.67999267578125,42070000,1.6123741556525781,1.629508893223383,1.6121794005226153,1.6291681088846073
2020-02-11,336.1600036621094,337.0199890136719,334.67999267578125,335.260009765625,54864500,1.6363725631468626,1.6405588328359229,1.6291681088846073,1.6319915383278394
2020-02-12,336.8299865722656,337.6499938964844,336.42999267578125,337.4200134277344,43992700,1.6396339316618955,1.6436255947756304,1.6376868260261783,1.6425060870262778
2020-02-13,335.8599853515625,338.1199951171875,335.55999755859375,337.05999755859375,54501900,1.6349121225040963,1.6459134847501238,1.6334518304159678,1.6407535879658859
2020-02-14,337.510009765625,337.7300109863281,336.20001220703125,337.6000061035156,64582200,1.6429441746527165,1.6440151050355565,1.6365673182768257,1.643382262279155
2020-02-18,336.510009765625,337.6700134277344,335.2099914550781,336.7300109863281,57226200,1.6380763362861044,1.643723046617931,1.631748057276726,1.6391472666689446
2020-02-19,337.7900085449219,339.0799865722656,337.4800109863281,338.3399963378906,48814700,1.6443071634531823,1.6505865679867726,1.6427981454439036,1.6469844151329638
2020-02-20,337.739990234375,338.6400146484375,333.67999267578125,336.95001220703125,74163400,1.6440636824020691,1.64844485577573,1.6243002705179952,1.6402181970517846
2020-02-21,335.4700012207031,335.80999755859375,332.5799865722656,333.4800109863281,113788200,1.6330137427895293,1.6346687900076209,1.6189456186037945,1.6233267919774554
2020-02-24,323.1400146484375,333.55999755859375,321.239990234375,322.4200134277344,161088400,1.5729933610932434,1.6237161536827438,1.5637443493529704,1.5694885115270971
2020-02-25,323.94000244140625,324.6099853515625,311.69000244140625,312.6499938964844,218913200,1.5768875723646778,1.580148940879711,1.5172565523736803,1.5219296356103293
2020-02-26,314.17999267578125,318.1099853515625,310.70001220703125,311.5,194773800,1.5293774223690602,1.5485079914967326,1.5124374399282183,1.516331651199653
2020-02-27,305.4599914550781,311.55999755859375,297.510009765625,297.510009765625,284353500,1.4869298658700176,1.5166237096172788,1.4482306399882345,1.4482306399882345
2020-02-28,288.70001220703125,297.8900146484375,285.5400085449219,296.260009765625,384975800,1.4053449958627533,1.450080442336289,1.3899626087977028,1.4421458420299693
2020-03-02,298.2099914550781,309.1600036621094,294.4599914550781,309.0899963378906,238703600,1.4516380377120803,1.5049409272483374,1.4333836438372851,1.5046001429095615
2020-03-03,309.5,313.8399963378906,297.57000732421875,300.239990234375,300139100,1.5065959744664288,1.5277223751509688,1.4485226984058601,1.4615197436541172
2020-03-04,306.1199951171875,313.1000061035156,303.3299865722656,312.8599853515625,176613400,1.490142657018538,1.5241202222971597,1.476561346380392,1.5229518400720192
2020-03-05,304.9800109863281,308.4700012207031,300.010009765625,302.4599914550781,186366800,1.484593398529012,1.501582106891004,1.4604002359047645,1.4723263507701816
2020-03-06,293.1499938964844,298.7799987792969,290.2300109863281,297.4599914550781,228667200,1.4270067874613943,1.4544127412341623,1.4127927826214843,1.4479871589371214
2020-03-09,275.29998779296875,284.19000244140625,273.45001220703125,274.2300109863281,309417300,1.3401158429064417,1.383390997291849,1.3311104607719195,1.3349073687556916
2020-03-10,284.6400146484375,288.5199890136719,273.5,288.4200134277344,276444100,1.3855815839786794,1.4044686720552386,1.3313537932683952,1.4039820070622875
2020-03-11,280.70001220703125,281.94000244140625,270.8800048828125,274.3599853515625,255316300,1.366402288929857,1.372438360966972,1.3186000805166136,1.3355400629574554
2020-03-12,256.0,266.6600036621094,247.67999267578125,248.11000061035156,392220700,1.2461666218526843,1.2980577966673252,1.205666170989359,1.207759380111208
2020-03-13,263.0899963378906,271.4800109863281,248.52000427246097,269.32000732421875,329566100,1.2806795780454072,1.3215208132475085,1.2097552116680756,1.3110062645490699
2020-03-16,241.17999267578125,256.8999938964844,237.36000061035156,239.8500061035156,297240000,1.1740252216063807,1.2505476466717076,1.1554301176701285,1.167551061942827
2020-03-17,245.0399932861328,256.1700134277344,237.07000732421875,252.8000030517578,262070500,1.192815080672596,1.246994219739049,1.1540184772258313,1.2305895539349896
2020-03-18,236.25,248.3699951171875,228.02000427246097,240.0,327597100,1.1500268141120964,1.2090249913466924,1.1099645251525285,1.1682812079868916
2020-03-19,239.25,247.3800048828125,232.22000122070312,240.5099945068359,289322000,1.1646303292119324,1.2042058789012304,1.1304094314368354,1.1707637788140288
2020-03-20,242.52999877929688,244.47000122070312,228.5,228.8000030517578,347158800,1.1805968331122345,1.1900404514278329,1.112301066770853,1.1137614331363004
2020-03-23,228.19000244140625,229.67999267578125,218.2599945068359,222.9499969482422,326025200,1.1107920487615743,1.1180450803903421,1.0624543751569107,1.0852845489806924
2020-03-24,234.4199981689453,244.1000061035156,233.8000030517578,243.1499938964844,235494500,1.141118660987918,1.1882393750009284,1.1381006249693606,1.1836148691307922
2020-03-25,244.8699951171875,256.3500061035156,239.75,246.7899932861328,299430300,1.19198755706355,1.247870394991926,1.1670642483952385,1.2013337978141672
2020-03-26,249.52000427246097,262.79998779296875,249.0500030517578,261.20001220703125,257632800,1.2146230500346877,1.2792678633237913,1.2123351600601944,1.271479440780922
2020-03-27,253.27000427246097,260.80999755859375,251.0500030517578,253.4199981689453,224341200,1.2328774439094827,1.2695809125117172,1.2220708367934183,1.233607589953547
2020-03-30,255.6999969482422,262.42999267578125,253.52999877929688,261.6499938964844,171369500,1.244706255487237,1.2774667868968868,1.234143055144967,1.273669878913115
2020-03-31,260.55999755859375,263.3299865722656,256.2200012207031,257.75,194881100,1.2683639529200643,1.28184781171591,1.2472375522355246,1.2546853389942554
2020-04-01,247.97999572753903,257.6600036621094,243.8999938964844,246.1499938964844,189554600,1.2071265373548064,1.254247251367817,1.1872657479057511,1.1982183842306282
2020-04-02,245.19000244140625,252.67999267578125,244.58999633789065,251.8300018310547,177660400,1.1935453009939792,1.2300053628224192,1.1906245682630845,1.2258677447771904
2020-04-03,250.7599945068359,253.32000732421875,245.22000122070312,248.19000244140625,135561200,1.2206591220718022,1.2331208506832771,1.1936913302027918,1.2081488160938152
2020-04-06,257.8399963378906,267.0,248.1699981689453,264.8599853515625,188061200,1.2551234266206939,1.2997128438854169,1.2080514385288337,1.289295598474641
2020-04-07,274.2099914550781,275.0299987792969,264.8900146484375,265.1300048828125,201427200,1.3348099169133911,1.338801580027126,1.2894417762380914,1.2906100099085944
2020-04-08,267.9599914550781,276.0,265.25,274.0299987792969,153774500,1.304385927122066,1.3435233891849252,1.2911941267438458,1.333933741660514
2020-04-09,277.5799865722656,281.20001220703125,275.4700012207031,278.20001220703125,189999200,1.3512145084401317,1.368836208113163,1.3409434407928065,1.3542326930133268
2020-04-13,277.1400146484375,277.510009765625,271.4100036621094,275.6600036621094,114839100,1.3490727962290892,1.3508738726559935,1.3211800289087325,1.3418683419668338
2020-04-14,280.9800109863281,284.8999938964844,275.510009765625,283.7900085449219,134143400,1.3677652777303229,1.386847120936845,1.3411381959227695,1.3814438916561316
2020-04-15,277.57000732421875,283.94000244140625,275.4599914550781,277.760009765625,121775000,1.3511659310736193,1.3821740377001959,1.3408947148716561,1.3520908322476466
2020-04-16,279.1499938964844,280.0299987792969,275.760009765625,279.1000061035156,131798300,1.3588570503288258,1.3631407718601862,1.3423551555144224,1.35861371783235
2020-04-17,285.3800048828125,287.29998779296875,282.3999938964844,286.6400146484375,146684800,1.3891837368324884,1.3985299033057863,1.374677525020315,1.3953172607119035
2020-04-20,282.6099853515625,286.7900085449219,281.3500061035156,281.5899963378906,100109300,1.3756997294820048,1.3960474067559678,1.3695663541572272,1.3707345878277302
2020-04-21,276.7300109863281,278.0400085449219,272.0199890136719,273.0400085449219,126385700,1.3470769646722216,1.3534538210481124,1.3241493390061398,1.3291146292150522
2020-04-22,278.3500061035156,281.0,276.9100036621094,279.1000061035156,92951600,1.3549628390573911,1.3678625810179854,1.3479531399250988,1.35861371783235
2020-04-23,280.489990234375,283.94000244140625,278.75,279.0799865722656,104709700,1.3653799359135292,1.3821740377001959,1.3569099446931083,1.3585162659900498
2020-04-24,280.7300109863281,283.70001220703125,278.5,282.9700012207031,85063200,1.3665483181386697,1.381005804029693,1.3556929851014554,1.3774522285423967
2020-04-27,285.1199951171875,288.2699890136719,284.6199951171875,287.04998779296875,77896600,1.3879180513196852,1.4032517124635855,1.385484132136379,1.3973129437141334
2020-04-28,291.0199890136719,291.3999938964844,285.3999938964844,285.7300109863281,105270000,1.4166382679717686,1.4184880703198233,1.389281040120151,1.3908875099717302
2020-04-29,291.5299987792969,294.8800048828125,290.4100036621094,293.2099914550781,118745600,1.4191209130762248,1.4354282013153028,1.4136689578743613,1.4272988458790201
2020-04-30,291.7099914550781,293.32000732421875,288.5899963378906,290.4800109863281,122901700,1.419997088329102,1.427834385347759,1.4048094563940143,1.4140097422131372
2020-05-01,285.30999755859375,290.6600036621094,281.5199890136719,282.7900085449219,125180000,1.3888429524937125,1.4148859174660144,1.3703938034889542,1.3765760532895197
2020-05-04,280.739990234375,283.8999938964844,279.1300048828125,283.57000732421875,80873200,1.3665968955051824,1.3819792825702328,1.358759747041163,1.3803729612732916
2020-05-05,286.6400146484375,289.25,283.7099914550781,286.19000244140625,79569900,1.3953172607119035,1.4080222475425348,1.3810543813962055,1.393126674025073
2020-05-06,288.0400085449219,288.4599914550781,283.7799987792969,284.25,73632600,1.4021322047142328,1.4041766136376128,1.3813951657349814,1.3836830557094746
2020-05-07,287.75,289.7799987792969,287.1300048828125,287.67999267578125,75250400,1.400720489992617,1.4106021959346537,1.3977024539740595,1.400379705653841
2020-05-08,291.0899963378906,292.95001220703125,289.8599853515625,292.44000244140625,76452400,1.4169790523105446,1.4260333089208546,1.410991557639942,1.4235506638163984
2020-05-11,290.3399963378906,294.0,289.8800048828125,292.5,79514200,1.4133281735355856,1.431144479783942,1.4110890094822426,1.423842722234024
2020-05-12,293.7900085449219,294.239990234375,286.5199890136719,286.6700134277344,95870800,1.4301222753222522,1.4323127134544449,1.3947329953220144,1.3954632899207164
2020-05-13,286.05999755859375,287.19000244140625,278.9599914550781,281.6000061035156,144721100,1.3924938312686714,1.397994512391685,1.3579321491547984,1.3707833137488803
2020-05-14,278.95001220703125,285.1099853515625,272.989990234375,284.9700012207031,121977900,1.3578835717882858,1.387869325398535,1.328871148163939,1.3871879052756209
2020-05-15,282.3699951171875,286.3299865722656,281.3399963378906,286.2799987792969,111146300,1.374531495811502,1.3938080941479871,1.369517628236077,1.3935647616515117
2020-05-18,293.04998779296875,296.75,292.70001220703125,295.0,119703800,1.4265199739138057,1.4445310352921252,1.4248163493292014,1.4360123181505542
2020-05-19,294.3500061035156,296.2099914550781,291.95001220703125,291.9700012207031,95189300,1.4328482529231839,1.4419023609788562,1.4211654705542425,1.4212627738419052
2020-05-20,295.82000732421875,297.8699951171875,295.57000732421875,296.92999267578125,85861700,1.440003981264289,1.4499829904939887,1.4387870216726362,1.4454072105450024
2020-05-21,296.7900085449219,297.6700134277344,293.69000244140625,294.8800048828125,78293900,1.4447257904220883,1.449009511953449,1.4296354617746634,1.4354282013153028
2020-05-22,294.57000732421875,295.6300048828125,293.2200012207031,295.44000244140625,63958200,1.433919183306024,1.4390790800902618,1.4273475718001702,1.4381541789162344
2020-05-26,301.92999267578125,302.19000244140625,295.4599914550781,299.0799865722656,88951400,1.4697464023780626,1.471012087890866,1.4382514822038972,1.4558730333222907
2020-05-27,302.1199951171875,303.57000732421875,296.8699951171875,303.5299987792969,104817400,1.47067130355209,1.4777297286055324,1.4451151521273766,1.4775349734755694
2020-05-28,304.6499938964844,306.8399963378906,302.239990234375,302.9700012207031,90405200,1.4829869286774329,1.4936475065846844,1.4712554203873414,1.4748089958746378
2020-05-29,302.4599914550781,304.9599914550781,299.4700012207031,304.32000732421875,119090800,1.4723263507701816,1.4844959466867116,1.4577715615914955,1.4813806073804916
2020-06-01,303.6199951171875,306.2099914550781,303.05999755859375,305.54998779296875,55758300,1.477973061102008,1.4905807446449768,1.4752470835010763,1.4873679534964561
2020-06-02,306.54998779296875,308.1300048828125,305.1000061035156,308.0799865722656,74267200,1.4922357918630682,1.4999270596729124,1.4851775153642635,1.4996835786217992
2020-06-03,310.239990234375,313.2200012207031,309.94000244140625,312.17999267578125,92567600,1.5101981273202378,1.524704339132411,1.5087378352321092,1.5196417456358362
2020-06-04,311.1099853515625,313.0,309.0799865722656,311.3599853515625,75794400,1.5144331229304482,1.523633408749571,1.5045514169884113,1.5156500825221013
2020-06-05,317.2300109863281,321.2699890136719,317.1600036621094,319.3399963378906,150524700,1.5442244185200096,1.563890378561783,1.5438836341812336,1.554495486167335
2020-06-08,320.2200012207031,323.4100036621094,319.6300048828125,323.20001220703125,73641200,1.5587792076986955,1.574307623972559,1.555907200888951,1.573285419510869
2020-06-09,320.29998779296875,323.2799987792969,319.3599853515625,320.7900085449219,77479200,1.5591685694039839,1.5736747812161573,1.5545927894549976,1.5615539112207775
2020-06-10,321.4200134277344,322.3900146484375,318.2200012207031,319.0,95000800,1.564620673160485,1.5693424823182842,1.5490435309654715,1.5528404389492434
2020-06-11,311.4599914550781,312.1499938964844,300.010009765625,300.6099853515625,209243600,1.51613689606969,1.5194957164270233,1.4604002359047645,1.4633208200810217
2020-06-12,308.239990234375,309.0799865722656,298.6000061035156,304.2099914550781,194678900,1.5004624505870137,1.5045514169884113,1.4535365659812851,1.4808450679117526
2020-06-15,298.0199890136719,308.2799987792969,296.739990234375,307.04998779296875,135782700,1.450713136538053,1.5006572057169767,1.444482309370975,1.4946697110463742
2020-06-16,315.4800109863281,315.6400146484375,307.6700134277344,312.9599914550781,137627500,1.5357057013784385,1.536484573343653,1.4976878956195694,1.523438653619608
2020-06-17,314.07000732421875,314.3900146484375,310.8599853515625,311.6600036621094,83398900,1.528842031454959,1.530399775385388,1.5132161633387953,1.5171105231648674
2020-06-18,310.010009765625,312.29998779296875,309.510009765625,311.7799987792969,80828700,1.5090786195708852,1.5202258624710876,1.5066447003875791,1.5176946400001188
2020-06-19,314.1700134277344,314.3800048828125,306.5299987792969,308.6400146484375,135549600,1.5293288450025477,1.5303510494642376,1.4921384885754057,1.5024097047773686
2020-06-22,307.989990234375,311.04998779296875,306.75,310.6199951171875,74649400,1.4992454909953605,1.5141410645128226,1.4932094189582457,1.5120479296682923
2020-06-23,313.489990234375,314.5,311.6099853515625,312.04998779296875,68471200,1.526018602011727,1.5309351662994892,1.5168670421137542,1.5190089028794345
2020-06-24,309.8399963378906,310.510009765625,302.1000061035156,304.0899963378906,132813500,1.5082510216845204,1.511512538754191,1.4705740002644272,1.4802609510765012
2020-06-25,303.4700012207031,307.6400146484375,301.2799987792969,307.3500061035156,89468000,1.4772429150579438,1.4975418664107565,1.4665823371506923,1.4961301516891405
2020-06-26,306.1600036621094,306.3900146484375,299.4200134277344,300.04998779296875,127961000,1.4903374121485011,1.4914570684524915,1.45752822909502,1.4605948424800899
2020-06-29,301.4100036621094,304.6099853515625,298.92999267578125,304.4599914550781,79773300,1.4672151799070938,1.4827921735474698,1.4551428872782266,1.4820620275034055
2020-06-30,303.989990234375,310.20001220703125,303.82000732421875,308.3599853515625,113394800,1.4797741375289124,1.5100035207449123,1.4789466881971856,1.501046567422265
2020-07-01,309.57000732421875,311.8900146484375,309.07000732421875,310.5199890136719,72396500,1.5069367588052047,1.5182301794688577,1.5045028396218987,1.5115611161207037
2020-07-02,314.239990234375,315.70001220703125,311.510009765625,312.2300109863281,69344200,1.529669480786686,1.5367766317612785,1.516380377120803,1.5198852266869494
2020-07-06,316.3699951171875,317.67999267578125,315.55999755859375,317.04998779296875,61713800,1.5400380002763117,1.5464148566522025,1.536095063083727,1.5433480947124947
2020-07-07,315.3800048828125,317.5199890136719,313.3699951171875,313.7799987792969,82910000,1.5352188878308497,1.545635984686988,1.5254344851764754,1.527430316733343
2020-07-08,314.6099853515625,316.29998779296875,312.70001220703125,316.17999267578125,54638600,1.5314705572135903,1.5396972159375357,1.5221731166614425,1.5391130991022843
2020-07-09,316.8399963378906,317.1000061035156,310.67999267578125,314.3800048828125,83354200,1.5423258902508048,1.543591575763608,1.512339988085918,1.5303510494642376
2020-07-10,314.30999755859375,317.8800048828125,312.760009765625,317.5899963378906,57550400,1.530010265125462,1.54738848374738,1.5224651750790683,1.5459767690257638
2020-07-13,320.1300048828125,322.7099914550781,314.1300048828125,314.8399963378906,102997500,1.558341120072257,1.5709000776940756,1.5291340898725847,1.5325902135175806
2020-07-14,313.29998779296875,319.760009765625,312.0,318.9200134277344,93657000,1.5250937008376997,1.5565400436453525,1.518765570382959,1.552451077243955
2020-07-15,322.4100036621094,323.0400085449219,319.2699890136719,321.8500061035156,87196500,1.569439785605947,1.5725065475456546,1.554154701828559,1.5667138080050151
2020-07-16,319.7900085449219,321.2799987792969,319.0899963378906,320.7900085449219,54622500,1.5566860728541654,1.5639391044829334,1.5532785265756819,1.5615539112207775
2020-07-17,321.8800048828125,322.57000732421875,319.739990234375,321.7200012207031,62774900,1.566859837213828,1.5702186575711614,1.5564425918030522,1.5660809652486136
2020-07-20,321.42999267578125,325.1300048828125,320.6199951171875,324.32000732421875,56308800,1.5646692505269977,1.5826803119053172,1.560726313334413,1.5787373747127325
2020-07-21,326.45001220703125,326.92999267578125,323.94000244140625,325.010009765625,57292200,1.5891058942023581,1.591442361543364,1.5768875723646778,1.5820961950700658
2020-07-22,324.6199951171875,327.20001220703125,324.5,326.8599853515625,57792900,1.580197666800861,1.592756772977317,1.5796135499656097,1.591101577204588
2020-07-23,326.4700012207031,327.2300109863281,321.4800109863281,322.9599914550781,75738000,1.589203197490021,1.59290280218613,1.5649127315781108,1.5721170372857285
2020-07-24,320.95001220703125,321.989990234375,319.25,320.8800048828125,73766600,1.562332783185992,1.5673952281279293,1.5540573985408963,1.561991998847216
2020-07-27,321.6300048828125,323.4100036621094,320.7699890136719,323.2200012207031,48293000,1.5656428776221751,1.574307623972559,1.5614564593784772,1.5733827227985318
2020-07-28,322.42999267578125,323.6400146484375,320.8500061035156,321.1700134277344,57495000,1.5695370888936095,1.5754272802765492,1.561845969638403,1.5634037135688321
2020-07-29,322.1199951171875,325.7300109863281,322.0799865722656,325.1199951171875,48454200,1.5680280708843308,1.5856010446362119,1.5678333157543678,1.582631585984167
2020-07-30,321.8999938964844,324.4100036621094,319.6400146484375,323.9599914550781,61861700,1.5669571405014908,1.579175462339171,1.555955926810101,1.5769848756523406
2020-07-31,325.8999938964844,326.6300048828125,321.3299865722656,326.5199890136719,84986800,1.586428493967939,1.5899820694552353,1.5641824369794088,1.5894465299864964
2020-08-03,328.32000732421875,329.6199951171875,327.7300109863281,328.7900085449219,53077900,1.5982087281791806,1.6045368586339213,1.595336721369436,1.6004966181536737
2020-08-04,327.8599853515625,330.05999755859375,327.8599853515625,330.05999755859375,41917900,1.5959694155712,1.6066787193996015,1.5959694155712,1.6066787193996015
2020-08-05,331.4700012207031,332.3900146484375,331.17999267578125,332.1099853515625,42697700,1.6135423893230811,1.6180208659844046,1.612130674601465,1.6166577286293011
2020-08-06,331.4800109863281,334.4599914550781,331.1300048828125,334.3299865722656,43679400,1.6135911152442313,1.628097178501767,1.6118873421049895,1.6274643357453655
2020-08-07,333.2799987792969,334.8800048828125,332.29998779296875,334.57000732421875,57308300,1.622353164882278,1.6301417359797847,1.6175826298033285,1.628632717970506
2020-08-10,335.05999755859375,335.7699890136719,332.9599914550781,335.57000732421875,44282100,1.6310179112326617,1.6344740348776579,1.620795420951849,1.633500556337118
2020-08-11,336.8500061035156,337.5400085449219,332.010009765625,332.79998779296875,69601100,1.639731383504196,1.6430902038615292,1.6161710636363502,1.6200165489866345
2020-08-12,335.44000244140625,338.2799987792969,335.4100036621094,337.44000244140625,53774400,1.6328677135807164,1.6466923567153382,1.6327216843719035,1.6426033903139405
2020-08-13,336.6099853515625,338.25,335.8299865722656,336.8299865722656,41816100,1.6385630012790555,1.6465463275065253,1.6347660932952834,1.6396339316618955
2020-08-14,336.4100036621094,337.4200134277344,335.6199951171875,336.8399963378906,47260400,1.6375895227385155,1.6425060870262778,1.6337438888335936,1.6396826575830457
2020-08-17,337.94000244140625,338.3399963378906,336.8500061035156,337.9100036621094,35481000,1.6450373094972466,1.6469844151329638,1.639731383504196,1.6448912802884337
2020-08-18,338.3399963378906,339.1000061035156,336.6099853515625,338.6400146484375,38733900,1.6469844151329638,1.650684019829073,1.6385630012790555,1.64844485577573
2020-08-19,339.04998779296875,339.6099853515625,336.6199951171875,337.2300109863281,68054200,1.65044053877796,1.6531665163788916,1.6386117272002056,1.6415811858522504
2020-08-20,335.3599853515625,338.79998779296875,335.2200012207031,338.2799987792969,42207800,1.6324782033207903,1.6492235791863068,1.6317967831978764,1.6466923567153382
2020-08-21,337.9200134277344,339.7200012207031,337.54998779296875,339.4800109863281,55106600,1.6449400062095838,1.6537020558476305,1.6431387812280418,1.6525338221771277
2020-08-24,342.1199951171875,343.0,339.45001220703125,342.9200134277344,48588700,1.665384838216572,1.6696685597479326,1.6523877929683148,1.669279198042644
2020-08-25,343.5299987792969,344.2099914550781,342.2699890136719,344.1199951171875,38463400,1.6722485081400513,1.6755586025762346,1.6661149842606362,1.6751205149497959
2020-08-26,344.760009765625,347.8599853515625,344.1700134277344,347.57000732421875,50790200,1.6782360028106538,1.693326182903441,1.6753639960009092,1.6919146167364625
2020-08-27,348.510009765625,349.8999938964844,346.5299987792969,348.3299865722656,58034100,1.696490396685449,1.7032566147666282,1.6868520232398876,1.695614072877934
2020-08-28,349.44000244140625,350.7200012207031,348.1499938964844,350.5799865722656,48588900,1.7010174507132851,1.707248277880363,1.694737897625057,1.7065667092028112
2020-08-31,350.3500061035156,351.29998779296875,349.05999755859375,349.30999755859375,66099200,1.7054472014534585,1.7100715587689574,1.6991676483652305,1.7003846079568834
2020-09-01,350.2099914550781,352.7099914550781,349.239990234375,352.6000061035156,54908700,1.7047656327759069,1.7169352286924369,1.7000438236181077,1.7163998377783356
2020-09-02,354.6700134277344,358.75,353.42999267578125,357.70001220703125,69540000,1.7264762988503357,1.7463370140220722,1.7204400782585831,1.7412258431589847
2020-09-03,355.8699951171875,356.3800048828125,342.5899963378906,345.3900146484375,148011100,1.7323176157574875,1.7348002608619437,1.667672728191065,1.6813027647503613
2020-09-04,346.1300048828125,347.8299865722656,334.8699951171875,342.57000732421875,139156300,1.6849049176041702,1.693180153694628,1.6300930100586346,1.6675754249034023
2020-09-08,336.7099914550781,342.6400146484375,332.8800048828125,333.2099914550781,114465300,1.6390498148266441,1.6679162092421782,1.6204060592465606,1.622012380543502
2020-09-09,337.54998779296875,342.4599914550781,336.6099853515625,339.7900085449219,91462300,1.6431387812280418,1.6670398854346635,1.6385630012790555,1.6540428401864065
2020-09-10,341.82000732421875,342.5299987792969,332.8500061035156,333.8900146484375,90569500,1.6639245461284433,1.6673806697734392,1.6202600300377477,1.6253226235343228
2020-09-11,335.82000732421875,336.9700012207031,331.0,334.05999755859375,84680200,1.634717515928771,1.6403155003394474,1.611254499348588,1.6261500728660498
2020-09-14,337.489990234375,340.3800048828125,334.2200012207031,338.4599914550781,65605700,1.642846722810416,1.656914846996151,1.6269289448312643,1.6475685319682152
2020-09-15,341.1199951171875,342.0199890136719,338.4700012207031,340.1700134277344,52920900,1.6605169998499598,1.664898024668983,1.6476172578893655,1.655892642534461
2020-09-16,341.510009765625,343.05999755859375,338.5199890136719,338.82000732421875,82096000,1.6624155281191646,1.6699606181655582,1.647860590385841,1.6493210310286073
2020-09-17,333.55999755859375,337.70001220703125,332.989990234375,335.8399963378906,91523300,1.6237161536827438,1.6438690758267438,1.6209414501606618,1.6348148192164338
2020-09-18,335.3699951171875,335.489990234375,327.9700012207031,330.6499938964844,105877900,1.6325269292419406,1.633111046077192,1.5965049550399388,1.6095507262093462
2020-09-21,325.70001220703125,327.1300048828125,321.7300109863281,326.9700012207031,99450800,1.5854550154273992,1.5924159886385414,1.5661296911697637,1.591637116673327
2020-09-22,328.57000732421875,330.8999938964844,325.8599853515625,330.29998779296875,63612100,1.5994256877708337,1.6107676858009992,1.586233738837976,1.6078469530701045
2020-09-23,330.8999938964844,331.20001220703125,322.1000061035156,322.6400146484375,93112200,1.6107676858009992,1.6122281264437655,1.5679307675966683,1.5705594419099373
2020-09-24,321.2200012207031,326.79998779296875,319.79998779296875,323.5,76681300,1.5636470460653076,1.5908095187869622,1.5567346502206778,1.5747457115989976
2020-09-25,322.5799865722656,329.5799865722656,321.6400146484375,328.7300109863281,71069400,1.5702672349376738,1.6043421035039582,1.5656916035433253,1.6002045597360481
2020-09-28,333.2200012207031,334.9599914550781,332.1499938964844,334.19000244140625,64584600,1.6220611064646522,1.630531097685073,1.6168524837592642,1.6267829156224514
2020-09-29,333.9700012207031,334.7699890136719,331.6199951171875,332.3699951171875,51304000,1.6257119852396111,1.6296061965110458,1.6142725353671454,1.6179234141421044
2020-09-30,333.0899963378906,338.2900085449219,332.8800048828125,334.8900146484375,104081100,1.6214282637082507,1.6467410826364883,1.6204060592465606,1.6301904619009349
2020-10-01,337.69000244140625,338.739990234375,335.010009765625,337.0400085449219,88698700,1.6438203499055934,1.6489315207686812,1.6307745787361863,1.6406562846782233
2020-10-02,331.70001220703125,337.010009765625,331.19000244140625,333.8399963378906,89431100,1.6146620456270715,1.6405102554694104,1.6121794005226153,1.6250791424832096
2020-10-05,336.05999755859375,339.9599914550781,336.010009765625,339.760009765625,45713100,1.6358857495992738,1.6548702895181333,1.6356424171027983,1.6538968109775936
2020-10-06,339.9100036621094,342.1700134277344,334.3800048828125,334.92999267578125,90128900,1.6546269570216579,1.665628319267685,1.6277078167964787,1.6303850684762602
2020-10-07,338.1199951171875,341.6300048828125,338.0899963378906,340.760009765625,56999600,1.6459134847501238,1.662999644954416,1.6457674555413109,1.6587646493442056
2020-10-08,342.8500061035156,343.8500061035156,341.8599853515625,343.7799987792969,45242500,1.6689384137038683,1.6738062520704802,1.6641191527037686,1.6734654677317045
2020-10-09,345.55999755859375,347.3500061035156,344.8900146484375,346.8500061035156,59528600,1.6821302140820884,1.6908436863536225,1.6788688455670553,1.6884097671703164
2020-10-12,349.5899963378906,354.0199890136719,349.05999755859375,352.42999267578125,80388500,1.7017475967573494,1.7233120850683277,1.6991676483652305,1.715572239891971
2020-10-13,352.2799987792969,352.4700012207031,349.0899963378906,350.1300048828125,73255500,1.7148420938479068,1.715766995021934,1.6993136775740434,1.7043762710706185
2020-10-14,350.75,351.92999267578125,347.1400146484375,347.92999267578125,57727900,1.707394307089176,1.713138320708665,1.6898214818919324,1.6936669672422169
2020-10-15,343.7099914550781,348.0199890136719,343.1300048828125,347.5,60357700,1.6731246833929285,1.6941050548686554,1.6703014025043341,1.6915738323976868
2020-10-16,348.9599914550781,350.75,347.1000061035156,347.2900085449219,89501900,1.6986808348176416,1.707394307089176,1.6896267267619693,1.6905516279359967
2020-10-19,348.6499938964844,349.3299865722656,341.0400085449219,342.010009765625,68425600,1.697171816808363,1.7004819112445462,1.6601276381446715,1.6648494473024706
2020-10-20,343.4599914550781,346.8800048828125,342.6400146484375,343.3800048828125,60051900,1.6719077238012754,1.6885557963791293,1.6679162092421782,1.671518362095987
2020-10-21,343.3299865722656,345.6700134277344,342.3999938964844,342.7300109863281,63575000,1.6712748810448739,1.6826657535508271,1.6667478270170377,1.6683542968686167
2020-10-22,342.9599914550781,345.239990234375,340.6499938964844,344.6099853515625,55399300,1.6694738046179696,1.6805724701516593,1.6582291098754667,1.6775057082119518
2020-10-23,345.92999267578125,345.989990234375,343.1300048828125,345.7799987792969,49143900,1.6839312905089927,1.6842233489266185,1.6703014025043341,1.6832011444649284
2020-10-26,342.1300048828125,342.9800109863281,335.6199951171875,339.3900146484375,91473000,1.665433564137722,1.6695712564602698,1.6337438888335936,1.652095734550689
2020-10-27,339.760009765625,340.1199951171875,337.989990234375,338.2200012207031,65994100,1.6538968109775936,1.6556491614833477,1.645280641993722,1.6464002982977124
2020-10-28,332.1000061035156,338.25,326.1300048828125,326.6600036621094,127094300,1.6166091512627887,1.6465463275065253,1.5875481502719293,1.5901280986640483
2020-10-29,326.9100036621094,333.3999938964844,325.0899963378906,329.9800109863281,90597700,1.5913450582557012,1.6229372817175294,1.5824855567753542,1.6062893576943131
2020-10-30,328.2799987792969,329.69000244140625,322.6000061035156,326.5400085449219,120287300,1.5980139730492176,1.6048776429726972,1.5703646867799743,1.5895439818287966
2020-11-02,330.20001220703125,332.3599853515625,327.239990234375,330.20001220703125,86068300,1.6073602880771534,1.6178746882209543,1.5929513795526427,1.6073602880771534
2020-11-03,333.69000244140625,338.25,330.2900085449219,336.0299987792969,93294200,1.6243489964391453,1.6465463275065253,1.6077983757035919,1.6357397203904611
2020-11-04,340.8599853515625,347.94000244140625,339.5899963378906,343.5400085449219,126959700,1.6592513143371566,1.693715693163367,1.6530692130912288,1.6722972340612015
2020-11-05,349.239990234375,352.19000244140625,348.8599853515625,350.239990234375,82039700,1.7000438236181077,1.7144040062214683,1.698194021270053,1.7049116619847198
2020-11-06,349.92999267578125,351.510009765625,347.6499938964844,350.1600036621094,74973000,1.703402643975441,1.711093911785285,1.692303978441751,1.7045223002794312
2020-11-09,363.9700012207031,364.3800048828125,354.05999755859375,354.55999755859375,172304200,1.7717471362379726,1.7737429677948402,1.7235068401982907,1.7259407593815967
2020-11-10,353.489990234375,355.17999267578125,350.510009765625,354.0400085449219,85552000,1.7207321366762087,1.7289587954001542,1.706226073418673,1.7234095369106281
2020-11-11,356.3999938964844,357.55999755859375,355.05999755859375,356.6700134277344,58649000,1.7348975641496065,1.740544274481433,1.7283746785649028,1.7362119755835597
2020-11-12,355.5799865722656,356.7200012207031,351.260009765625,353.2099914550781,67546200,1.7309059010358714,1.7364553080800353,1.7098769521936321,1.719369147875743
2020-11-13,355.2699890136719,358.8999938964844,354.7099914550781,358.1000061035156,62892200,1.7293968830265927,1.7470671600661365,1.726670905425661,1.7431729487947019
2020-11-16,360.9800109863281,362.7799987792969,359.5899963378906,362.5700073242187,74541100,1.7571923470592867,1.7659543966973332,1.7504259804234699,1.7649321922356431
2020-11-17,359.9700012207031,361.9200134277344,358.3399963378906,360.6199951171875,66111000,1.7522757827715245,1.761768127008273,1.7443411824652049,1.7554398479988949
2020-11-18,360.9100036621094,361.5,356.239990234375,356.2799987792969,70591300,1.7568515627205108,1.7597235695302553,1.7341186921843919,1.7343134473143549
2020-11-19,355.6000061035156,358.17999267578125,354.1499938964844,357.7799987792969,59940900,1.7310033528781719,1.7435623104999904,1.7239449278247292,1.741615204864273
2020-11-20,357.5,357.7200012207031,355.25,355.3299865722656,70417300,1.7402522160638072,1.7413231464466474,1.7292995797389301,1.7296889414442185
2020-11-23,357.2799987792969,358.82000732421875,354.8699951171875,357.4599914550781,63230600,1.739181285680967,1.7466777983608481,1.7274497773908755,1.7400574609338442
2020-11-24,360.2099914550781,363.80999755859375,359.2900085449219,363.2200012207031,62415900,1.7534440164420273,1.7709682642727582,1.7489656883353413,1.7680962574630137
2020-11-25,363.1300048828125,363.1600036621094,361.4800109863281,362.6600036621094,45330900,1.767658169836575,1.7678041990453879,1.7596262662425928,1.7653702798620818
2020-11-27,363.8399963378906,364.1799926757813,362.5799865722656,363.6700134277344,28514100,1.7711142934815711,1.772769340699663,1.7649807696021558,1.770286844149844
2020-11-30,362.8299865722656,363.1199951171875,359.1700134277344,362.05999755859375,83872700,1.766197729193809,1.7676094439154248,1.7483815715000899,1.7624495471311872
2020-12-01,365.5700073242187,367.6799926757813,364.9299926757813,366.0199890136719,74231400,1.7795357073354792,1.789806774982805,1.776420219474622,1.7817261454676723
2020-12-02,364.8200073242187,366.9599914550781,364.2000122070313,366.7900085449219,45927000,1.7758848285605202,1.7863019254166586,1.7728667925419632,1.7854744760849317
2020-12-03,366.6799926757813,368.19000244140625,365.5,366.69000244140625,62882000,1.784938936616193,1.792289420087261,1.7791949229967037,1.7849876625373429
2020-12-04,367.3200073242187,369.8500061035156,367.2200012207031,369.8500061035156,50749900,1.7880544244770502,1.8003700496023936,1.7875676109294618,1.8003700496023936
2020-12-07,369.0199890136719,369.6199951171875,367.7200012207031,369.0899963378906,48944300,1.7963296605675085,1.7992503932984032,1.7900015301127679,1.7966704449062842
2020-12-08,367.7200012207031,370.7799987792969,367.6700134277344,370.1700134277344,42458900,1.7900015301127679,1.8048971036302297,1.7897581976162922,1.8019277935328224
2020-12-09,370.8800048828125,371.0499877929687,365.9500122070313,366.8500061035156,74098300,1.8053839171778183,1.8062113665095452,1.7813855096835343,1.7857665345025573
2020-12-10,365.3699951171875,367.8599853515625,364.4299926757813,366.7300109863281,57735400,1.778562080240302,1.790682950235682,1.7739863002913159,1.785182417667306
2020-12-11,364.8999938964844,366.739990234375,363.260009765625,366.2999877929687,57698600,1.7762741902658088,1.7852309950338185,1.7682910125929767,1.7830891342681379
2020-12-14,368.6400146484375,369.7999877929687,364.4700012207031,364.6600036621094,69216200,1.7944800067740916,1.80012656855128,1.7741810554212787,1.775105956595306
2020-12-15,367.3999938964844,369.5899963378906,365.9200134277344,369.5899963378906,63865300,1.788443786182339,1.7991043640895903,1.7812394804747211,1.7991043640895903
2020-12-16,369.8200073242187,371.1600036621094,368.8699951171875,370.1700134277344,58420500,1.8002240203935804,1.8067469059782844,1.7955995145234442,1.8019277935328224
2020-12-17,371.94000244140625,372.4599914550781,371.0499877929687,372.239990234375,64119500,1.8105438139620562,1.8130750364330248,1.8062113665095452,1.8120041060501848
2020-12-18,370.9700012207031,371.1499938964844,367.0199890136719,369.1799926757813,136542300,1.805822004804257,1.806698180057134,1.7865939838342844,1.7971085325327232
2020-12-21,364.9700012207031,378.4599914550781,362.0299987792969,367.8599853515625,96386700,1.7766149746045847,1.8422820666326971,1.7623035179223743,1.790682950235682
2020-12-22,368.2099914550781,368.3299865722656,366.0299987792969,367.239990234375,47949000,1.7923867233749238,1.7929708402101752,1.7817748713888224,1.7876649142171246
2020-12-23,368.2799987792969,369.6199951171875,367.2200012207031,367.5700073242187,46201400,1.7927275077136995,1.7992503932984032,1.7875676109294618,1.7892713840687033
2020-12-24,368.0799865722656,369.0299987792969,367.4500122070313,369.0,26457900,1.791753880618522,1.7963783864886587,1.7886872672334524,1.7962323572798458
2020-12-28,371.739990234375,372.5899963378906,371.0700073242187,372.1700134277344,39000400,1.8095701868668788,1.8137078791894266,1.8063088183518454,1.8116634702660466
2020-12-29,373.80999755859375,374.0,370.8299865722656,371.4599914550781,53680500,1.8196466479388786,1.820571549112906,1.8051404361267052,1.808207198066413
2020-12-30,372.3399963378906,373.1000061035156,371.5700073242187,371.989990234375,49455300,1.8124909195977734,1.8161905242938827,1.8087427375351515,1.8107871464585317
2020-12-31,371.7799987792969,374.6600036621094,371.2300109863281,373.8800048828125,78520700,1.8097649419968418,1.8237843402614264,1.80708769031706,1.8199874322776546
2021-01-04,375.30999755859375,375.4500122070313,364.8200073242187,368.7900085449219,110210800,1.8269484054887968,1.8276299741663489,1.7758848285605202,1.7952101528181557
2021-01-05,368.1000061035156,372.5,368.0499877929687,371.3299865722656,66426200,1.7918513324608225,1.8132697915629878,1.791607851409709,1.8075743553100112
2021-01-06,369.7099914550781,376.9800109863281,369.1199951171875,373.5499877929687,107997700,1.7996884809248417,1.8350777609250795,1.7968164741150972,1.8183809624260752
2021-01-07,376.1000061035156,379.8999938964844,375.9100036621094,379.1000061035156,68766800,1.8307940393937188,1.8492917657649894,1.8298691382196914,1.845397554493555
2021-01-08,380.5899963378906,381.489990234375,377.1000061035156,381.260009765625,71677200,1.8526505861223228,1.8570316109413463,1.8356618777603309,1.8559121031919934
2021-01-11,377.8500061035156,380.5799865722656,377.7200012207031,378.69000244140625,51034700,1.8393127565352898,1.8526018602011727,1.8386799137788883,1.8434017229366875
2021-01-12,378.8900146484375,379.8599853515625,376.3599853515625,378.7699890136719,52547700,1.844375350031865,1.8490970106350264,1.8320595763518843,1.8437910846419758
2021-01-13,378.69000244140625,380.8599853515625,377.8500061035156,379.7900085449219,45303600,1.8434017229366875,1.8539648490016385,1.8393127565352898,1.8487563748508882
2021-01-14,380.5899963378906,381.1300048828125,378.1000061035156,378.4599914550781,49989100,1.8526505861223228,1.8552792604355919,1.840529716126943,1.8422820666326971
2021-01-15,376.7200012207031,377.5799865722656,373.7000122070313,375.7000122070313,107160000,1.8338120754122762,1.8379983451013366,1.8191112570247776,1.8288469337580018
2021-01-19,378.3399963378906,379.2300109863281,376.75,378.6499938964844,51233300,1.8416979497974457,1.8460303972499565,1.833958104621089,1.8432069678067244
2021-01-20,381.1099853515625,384.7900085449219,380.69000244140625,383.8900146484375,61836100,1.8551818085932916,1.8730955666839486,1.8531373996699116,1.8687145418649251
2021-01-21,384.489990234375,384.9500122070313,383.25,384.239990234375,47840100,1.8716351260411823,1.8738744386491633,1.8655990540040674,1.8704181664495294
2021-01-22,382.25,384.1300048828125,381.8399963378906,382.8800048828125,52860500,1.8607312156374554,1.8698827755354281,1.858735384080588,1.863797977577163
2021-01-25,383.6700134277344,384.7699890136719,378.4599914550781,384.3900146484375,70402000,1.8676436114820851,1.8729981148416481,1.8422820666326971,1.8711484610482312
2021-01-26,385.4100036621094,385.8500061035156,383.5400085449219,383.7900085449219,42665300,1.876113602702506,1.8782554634681863,1.8670107687256834,1.8682277283173365
2021-01-27,380.2200012207031,380.3200073242187,372.010009765625,374.4100036621094,123351100,1.8508495096954185,1.851336323243007,1.8108845983008321,1.8225673806697735
2021-01-28,376.3599853515625,381.9299926757813,375.8900146484375,377.6300048828125,94198100,1.8320595763518843,1.8591734717070267,1.8297718349320289,1.8382418261524498
2021-01-29,375.6300048828125,376.6700134277344,368.2699890136719,370.0700073242187,126765100,1.8285061494192256,1.8335687429158007,1.7926787817925494,1.8014409799852333
2021-02-01,373.7200012207031,377.3399963378906,370.3800048828125,376.2300109863281,75817600,1.8192085603124402,1.8368301114308336,1.8029499979945125,1.8314268821501205
2021-02-02,379.6499938964844,383.2200012207031,376.3200073242187,381.5499877929687,64450700,1.8480748061733365,1.8654530247952545,1.8318649697765588,1.8573236693589716
2021-02-03,382.44000244140625,383.7000122070313,380.4800109863281,381.8500061035156,52427100,1.8616561168114827,1.8677896406908983,1.8521151952082215,1.8587841100017382
2021-02-04,382.9599914550781,386.239990234375,381.9700012207031,386.19000244140625,47142600,1.8641873392824513,1.8801538431827534,1.8593682268369895,1.879910510686278
2021-02-05,388.2000122070313,388.4700012207031,386.1400146484375,387.7099914550781,48669800,1.8896949133406524,1.891009176219968,1.8796671781898022,1.8873095715238586
2021-02-08,389.2699890136719,390.55999755859375,388.3500061035156,390.510009765625,38365200,1.8949033874914023,1.9011829405796306,1.8904250593847165,1.9009396080831549
2021-02-09,389.6099853515625,390.8900146484375,389.1700134277344,390.25,35551100,1.896558434709494,1.9027894104312095,1.8944167224984514,1.8996739225703518
2021-02-10,392.1199951171875,392.2799987792969,387.5,390.0799865722656,59154400,1.9087767565471743,1.9095556285123887,1.8862873670621687,1.898846324683987
2021-02-11,391.239990234375,391.69000244140625,388.1000061035156,390.7099914550781,42913300,1.9044930350158136,1.9066836217026442,1.8892080997930634,1.9019130866236948
2021-02-12,389.8500061035156,392.8999938964844,389.7699890136719,392.6400146484375,50593300,1.8977268169346344,1.9125736645309461,1.8973373066747083,1.9113081275727806
2021-02-16,393.9599914550781,394.1700134277344,391.5299987792969,392.2999877929687,50972400,1.917733561315184,1.9187559143315116,1.9059047497374297,1.909652931800051
2021-02-17,390.4200134277344,392.6600036621094,389.3299865722656,392.3900146484375,52290600,1.9005015204567164,1.9114054308604433,1.895195445909028,1.9100911679811277
2021-02-18,389.5899963378906,391.5199890136719,387.739990234375,390.7200012207031,59712800,1.8964611314218314,1.9058560238162796,1.8874556007326715,1.901961812544845
2021-02-19,392.0700073242187,392.3800048828125,389.5499877929687,390.0299987792969,83241000,1.9085334240506984,1.9100424420599775,1.896266376291868,1.8986029921875116
2021-02-22,387.05999755859375,389.6199951171875,386.739990234375,387.0299987792969,67414200,1.8841455062964882,1.896607160630644,1.8825877623660594,1.8839994770876756
2021-02-23,384.6600036621094,388.9500122070313,380.2000122070313,387.5,107284100,1.8724627239275469,1.8933457921156114,1.850752206407756,1.8862873670621687
2021-02-24,386.3299865722656,392.2300109863281,385.2699890136719,391.7699890136719,72433900,1.880591930809192,1.9093122960159132,1.8754320340249542,1.9070729834079325
2021-02-25,390.4100036621094,391.8800048828125,380.7799987792969,382.3299865722656,146670500,1.9004527945355663,1.9076085228766715,1.8535754872963501,1.8611205773427437
2021-02-26,384.3500061035156,385.5799865722656,378.2300109863281,380.3599853515625,152701600,1.8709537059182682,1.876941052034233,1.8411625588833445,1.8515309298183324
2021-03-01,385.5899963378906,390.9200134277344,380.5700073242187,389.5799865722656,105348800,1.876989777955383,1.9029354396400224,1.8525532828346598,1.896412405500681
2021-03-02,389.8200073242187,390.0700073242187,386.0,386.5400085449219,79595300,1.8975807877258213,1.8987977473174744,1.8789856095122506,1.8816142838255197
2021-03-03,385.7900085449219,386.8299865722656,381.30999755859375,381.4200134277344,119940200,1.8779634050505605,1.883025849992498,1.856155435688469,1.856690975157208
2021-03-04,381.2200012207031,384.0,371.8800048828125,376.7000122070313,183433000,1.8557173480620304,1.8692499327790264,1.8102517555444304,1.8337147721246139
2021-03-05,380.4599914550781,384.760009765625,372.6400146484375,383.6300048828125,152039600,1.8520177433659213,1.8729495374751357,1.8139513602405397,1.867448856352122
2021-03-08,384.6600036621094,387.6799926757813,381.4200134277344,381.7200012207031,123149200,1.8724627239275469,1.8871635423150461,1.856690975157208,1.8581512672453364
2021-03-09,385.8500061035156,389.9100036621094,385.30999755859375,387.1700134277344,113633600,1.8782554634681863,1.8980188753522602,1.8756267891549172,1.8846810457652272
2021-03-10,389.69000244140625,391.3999938964844,388.1700134277344,389.5799865722656,109899400,1.89694794496942,1.905271906981028,1.8895488841318393,1.896412405500681
2021-03-11,392.2300109863281,395.6499938964844,391.739990234375,393.5299987792969,86245000,1.9093122960159132,1.9259602200391293,1.9069269541991196,1.9156404264706537
2021-03-12,392.0700073242187,394.2099914550781,391.2000122070313,394.05999755859375,64653600,1.9085334240506984,1.918950520906837,1.9042984284404885,1.9182203748627726
2021-03-15,394.3299865722656,396.69000244140625,392.0299987792969,396.4100036621094,73427200,1.9195346377420883,1.9310228135357044,1.9083386689207358,1.9296598247352386
2021-03-16,397.0700073242187,397.8299865722656,395.0799865722656,395.9100036621094,73722500,1.9328726158837586,1.9365720720252306,1.9231855165170473,1.9272259055519325
2021-03-17,394.5299987792969,398.1199951171875,393.2999877929687,397.260009765625,97959300,1.9205082648372658,1.9379837867468466,1.914520770166663,1.9337975170577864
2021-03-18,394.4800109863281,396.7200012207031,390.75,391.4800109863281,115349100,1.9202649323407903,1.9311688427445173,1.9021078417536579,1.905661417240954
2021-03-19,389.8800048828125,391.5700073242187,387.1499938964844,389.4800109863281,113624500,1.8978728461434473,1.9060995048673923,1.884583593922927,1.89592574050773
2021-03-22,390.0299987792969,394.0700073242187,389.9700012207031,392.5899963378906,73778600,1.8986029921875116,1.9182691007839225,1.8983109337698858,1.9110646465216674
2021-03-23,391.9100036621094,393.4599914550781,388.6600036621094,389.5,90686600,1.9077545520854844,1.915299642131878,1.8919340773939952,1.8960230437953927
2021-03-24,391.0,392.75,387.4700012207031,387.5199890136719,97588600,1.9033248013453108,1.9118435184868818,1.8861413378533558,1.8863846703498313
2021-03-25,385.9800109863281,390.5499877929687,383.8999938964844,389.7000122070313,116128600,1.8788883062245878,1.90113421465848,1.8687631192314378,1.8969966708905706
2021-03-26,390.9299926757813,396.4100036621094,390.2900085449219,395.9800109863281,114409100,1.9029840170065353,1.9296598247352386,1.8998686777003149,1.9275666898907085
2021-03-29,394.3999938964844,396.75,392.80999755859375,395.7799987792969,108107600,1.9198754220808643,1.9313148719533302,1.9121355769045076,1.9265930627955308
2021-03-30,394.4200134277344,395.4500122070313,393.0199890136719,394.7300109863281,76262200,1.9199728739231645,1.9249867414985897,1.9131577813661975,1.9214818919324432
2021-03-31,395.3399963378906,398.0,395.30999755859375,396.3299865722656,112734200,1.9244512020298505,1.9373996699115952,1.9243051728210376,1.9292703144753125
2021-04-01,398.3999938964844,400.6700134277344,398.1799926757813,400.6099853515625,99682900,1.9393467755473124,1.95039686371449,1.9382758451644726,1.9501046567422264
2021-04-05,403.4599914550781,406.94000244140625,403.3800048828125,406.3599853515625,91684800,1.9639780257979984,1.980918156793478,1.96358866409271,1.9780947273502458
2021-04-06,405.760009765625,407.239990234375,405.3999938964844,406.1199951171875,62021000,1.9751741431739887,1.9823784488816063,1.9734216441135968,1.976926493679743
2021-04-07,405.94000244140625,406.9599914550781,405.4500122070313,406.5899963378906,55836300,1.9760503184268658,1.9810154600811405,1.9736651251647102,1.9792143836542362
2021-04-08,407.9299926757813,408.5799865722656,406.9299926757813,408.5199890136719,57863100,1.9857372692389401,1.98890133446631,1.980869430872328,1.9886092760486844
2021-04-09,408.3900146484375,411.6700134277344,408.260009765625,411.489990234375,61104600,1.9879765818469204,2.0039430857472222,1.9873437390905189,2.003066761939708
2021-04-12,410.8500061035156,411.9299926757813,410.2000122070313,411.6400146484375,56704900,1.9999514226334876,2.0052086227053882,1.9967873574061175,2.0037970565384096
2021-04-13,411.5299987792969,413.5299987792969,411.1199951171875,412.8599853515625,56551000,2.003261517069671,2.0129971938028945,2.001265685512803,2.009735676733224
2021-04-14,412.8299865722656,413.9599914550781,410.8699951171875,411.4500122070313,61659900,2.009589647524411,2.015090328647425,2.0000487259211503,2.0028721553643827
2021-04-15,413.739990234375,416.1600036621094,413.69000244140625,415.8699951171875,60229800,2.0140193982645846,2.0257996324758265,2.013776065768109,2.0243879177542103
2021-04-16,417.25,417.9100036621094,415.7300109863281,417.260009765625,82037300,2.031105558468877,2.0343183496173975,2.0237064976312964,2.0311542843900274
2021-04-19,416.260009765625,416.739990234375,413.7900085449219,415.2099914550781,78498500,2.0262864460234153,2.028622913364421,2.014262879315698,2.02117512660569
2021-04-20,413.9100036621094,415.0899963378906,410.5899963378906,412.1700134277344,81851800,2.014846996150949,2.0205910097704387,1.9986857371206843,2.0063770049305285
2021-04-21,411.510009765625,416.2900085449219,411.3599853515625,416.0700073242187,66793000,2.003164213782008,2.026432475232228,2.002433919183306,2.0253615448493876
2021-04-22,415.8900146484375,416.7799987792969,411.1300048828125,412.2699890136719,97582800,2.0244853695965106,2.028817668494384,2.0013144114339534,2.0068636699234794
2021-04-23,412.8699951171875,418.25,412.7900085449219,416.739990234375,73209200,2.009784402654374,2.035973396835489,2.009395040949086,2.028622913364421
2021-04-26,417.44000244140625,418.2200012207031,416.80999755859375,417.6099853515625,52182400,2.0320304596429044,2.035827367626676,2.0289636977031966,2.0328579089746315
2021-04-27,417.9299926757813,418.1400146484375,416.2999877929687,417.5199890136719,51303100,2.0344156529050603,2.035438005921388,2.0264810525987405,2.0324198213481925
2021-04-28,417.80999755859375,419.010009765625,416.8999938964844,417.3999938964844,51238900,2.0338315360698087,2.0396730015315985,2.029401785329635,2.0318357045129414
2021-04-29,420.3200073242187,420.7200012207031,416.44000244140625,420.05999755859375,78544300,2.0460498579074886,2.0479969635432065,2.0271626212762923,2.044784172394686
2021-04-30,417.6300048828125,418.5400085449219,416.3399963378906,417.2999877929687,85527000,2.0329553608169317,2.0373851115571053,2.0266758077287035,2.0313488909653525
2021-05-03,419.4299926757813,419.8399963378906,417.6700134277344,418.2000122070313,68128300,2.0417174104549787,2.0437132420118456,2.0331501159468948,2.0357300643390137
2021-05-04,416.0700073242187,416.6000061035156,411.6700134277344,415.6199951171875,101591200,2.0253615448493876,2.027941493241507,2.0039430857472222,2.023170958162557
2021-05-05,417.3800048828125,417.6300048828125,415.1499938964844,415.75,60162200,2.0317384012252786,2.0329553608169317,2.020883068188064,2.023803800918959
2021-05-06,415.8299865722656,419.2099914550781,413.6799926757813,419.0700073242187,74321400,2.0241931626242473,2.0406464800721382,2.0137273398469593,2.039965059949224
2021-05-07,419.8900146484375,422.8200073242187,419.1600036621094,422.1199951171875,67733800,2.043956723062959,2.058219453824019,2.0404031475756628,2.0548119075455356
2021-05-10,422.5,422.739990234375,417.80999755859375,417.94000244140625,81852400,2.05666170989359,2.057829943564093,2.0338315360698087,2.0344643788262102
2021-05-11,413.1000061035156,415.2699890136719,410.05999755859375,414.2099914550781,116888000,2.0109040589583644,2.0214671850233157,1.9961057887285654,2.016307288239078
2021-05-12,411.2300109863281,412.5899963378906,404.0,405.4100036621094,134811000,2.0018012249815422,2.0084214138539083,1.9666067001112675,1.973470370034747
2021-05-13,407.0700073242187,412.3500061035156,407.0199890136719,410.2799987792969,106394000,1.9815509995498792,2.0072531801834055,1.9813075184987663,1.9971767191114056
2021-05-14,413.2099914550781,417.489990234375,413.1799926757813,416.5799865722656,82201600,2.0114394498724657,2.03227379213938,2.0112934206636535,2.0278440413992063
2021-05-17,415.3900146484375,416.3900146484375,413.3599853515625,415.5199890136719,65129200,2.0220514504132048,2.026919288779817,2.01216959591653,2.022684144614969
2021-05-18,415.7999877929687,416.05999755859375,411.7699890136719,411.94000244140625,59810200,2.024047133415434,2.0253128189282377,2.0044297507401736,2.005257348626538
2021-05-19,406.9200134277344,411.0499877929687,405.3299865722656,410.8599853515625,106467100,1.9808208535058152,2.000924901174027,1.9730808597748208,2.0
2021-05-20,411.7999877929687,416.6300048828125,411.6700134277344,415.2799987792969,78022200,2.0045757799489863,2.0280875224503196,2.0039430857472222,2.021515910944466
2021-05-21,416.8699951171875,418.2000122070313,414.4500122070313,414.94000244140625,76578700,2.0292557561208224,2.0357300643390137,2.0174756704642185,2.0198608637263744
2021-05-24,417.3399963378906,420.3200073242187,417.0799865722656,419.1700134277344,51376700,2.0315436460953156,2.0460498579074886,2.0302779605825125,2.0404518734968127
2021-05-25,420.3299865722656,420.7099914550781,417.6199951171875,418.239990234375,57451400,2.0460984352740015,2.047948237622056,2.0329066348957814,2.035924670914339
2021-05-26,418.8699951171875,419.6099853515625,417.760009765625,419.0700073242187,43088600,2.0389914328540466,2.042593585707855,2.0335882035733333,2.039965059949224
2021-05-27,420.1700134277344,420.7200012207031,418.989990234375,419.2900085449219,56707700,2.0453197118634248,2.0479969635432065,2.0395755496892978,2.0410359903320643
2021-05-28,420.9700012207031,421.25,419.7900085449219,420.0400085449219,58520200,2.049213923134859,2.0505769119353254,2.04346990951537,2.0446868691070232
2021-06-01,422.5700073242187,422.7200012207031,419.2000122070313,419.6700134277344,54216600,2.057002494232366,2.0577326402764307,2.040597902705626,2.042885792680119
2021-06-02,420.3699951171875,421.2300109863281,419.2900085449219,420.3299865722656,49097100,2.0462931904039645,2.0504796086476627,2.0410359903320643,2.0460984352740015
2021-06-03,417.8500061035156,419.989990234375,416.2799987792969,418.7699890136719,58138800,2.0340262911997717,2.04444338805591,2.0263837493110777,2.0385046193064578
2021-06-04,420.75,422.9200134277344,418.8399963378906,422.6000061035156,55938800,2.048142992752019,2.058706267371608,2.0388454036452335,2.057148523441179
2021-06-07,422.5899963378906,422.7799987792969,421.19000244140625,422.19000244140625,51555000,2.0570997975200287,2.058024698694056,2.0502848535176996,2.0551526918843117
2021-06-08,423.1099853515625,423.2099914550781,420.3200073242187,422.2799987792969,47134300,2.0596310199909977,2.060117833538586,2.0460498579074886,2.05559077951075
2021-06-09,423.1799926757813,423.260009765625,421.4100036621094,421.6499938964844,48436300,2.059971804329774,2.0603613145896995,2.0513557839005396,2.0525240175710424
2021-06-10,422.9599914550781,424.6300048828125,421.5499877929687,423.6099853515625,51020100,2.0589008739469334,2.067030229383216,2.0520372040234536,2.0620649391743036
2021-06-11,424.2000122070313,424.4299926757813,422.8200073242187,424.30999755859375,45570800,2.0649370945386862,2.0660566022880387,2.058219453824019,2.065472485452787
2021-06-14,424.4299926757813,425.3699951171875,423.1000061035156,425.260009765625,42358500,2.0660566022880387,2.070632382237025,2.059582442624485,2.0700969913229237
2021-06-15,425.4200134277344,425.4599914550781,423.5400085449219,424.4800109863281,51508500,2.070875863288138,2.0710704698634634,2.0617243033901653,2.0663000833391516
2021-06-16,424.6300048828125,424.8699951171875,419.9200134277344,422.1099853515625,80386100,2.067030229383216,2.0681984630537187,2.0441027522717716,2.0547631816243856
2021-06-17,421.6700134277344,423.0199890136719,419.3200073242187,421.9700012207031,90949700,2.0526214694133427,2.059192932364559,2.041182019540877,2.0540817615014713
2021-06-18,417.0899963378906,417.8299865722656,414.7000122070313,414.9200134277344,118676300,2.0303266865036624,2.0339288393574715,2.0186926300558716,2.0197635604387116
2021-06-21,416.7999877929687,421.05999755859375,415.9299926757813,420.8599853515625,72822000,2.0289149717820463,2.049652010761298,2.0246799761718366,2.0486783836661204
2021-06-22,420.8500061035156,424.0,420.0799865722656,423.1099853515625,57700300,2.048629806299608,2.0639634674435086,2.044881475682349,2.0596310199909977
2021-06-23,423.19000244140625,424.0499877929687,422.510009765625,422.6000061035156,49445400,2.060020530250924,2.0642067999399836,2.0567104358147406,2.057148523441179
2021-06-24,424.8900146484375,425.5499877929687,424.6199951171875,425.1000061035156,45110300,2.0682959148960194,2.071508557489902,2.066981503462066,2.069318119357709
2021-06-25,425.8999938964844,427.0899963378906,425.5499877929687,426.6099853515625,58129500,2.073212330629144,2.0790050701697833,2.071508557489902,2.07666845427414
2021-06-28,427.1700134277344,427.6499938964844,425.8900146484375,427.4700012207031,53159600,2.079394580429709,2.081731047770715,2.073163753262631,2.0808548725178375
2021-06-29,427.8800048828125,428.55999755859375,427.1300048828125,427.7000122070313,35970500,2.0828507040747053,2.086160798510888,2.0791998252997463,2.0819745288218283
2021-06-30,427.2099914550781,428.7799987792969,427.1799926757813,428.05999755859375,64827900,2.0795891870050345,2.0872317288937285,2.079443157796222,2.0837268793275823
2021-07-01,428.8699951171875,430.6000061035156,428.7999877929687,430.4299926757813,53441000,2.087669816520167,2.0960912303740753,2.087329032181391,2.095263632487711
2021-07-02,431.6700134277344,434.1000061035156,430.5199890136719,433.7200012207031,57697700,2.1012998530794635,2.1131286646572174,2.0957017201141492,2.111278862309163
2021-07-06,433.7799987792969,434.010009765625,430.010009765625,432.9299926757813,68710400,2.1115709207267885,2.112690577030779,2.093219223564331,2.107433228404241
2021-07-07,433.6600036621094,434.760009765625,431.510009765625,434.4599914550781,63549500,2.1109868038915374,2.1163414558057383,2.100520981114249,2.1148810151629718
2021-07-08,428.7799987792969,431.7300109863281,427.5199890136719,430.9200134277344,97595200,2.0872317288937285,2.101591911497089,2.0810982050143134,2.097648974304504
2021-07-09,432.5299987792969,435.8399963378906,430.7099914550781,435.5199890136719,76238600,2.1054861227685238,2.1215986558776385,2.0966266212881766,2.1200409119472097
2021-07-12,435.4299926757813,437.3500061035156,434.9700012207031,437.0799865722656,52889600,2.119602824320771,2.1289491393487068,2.117363660267428,2.1276347279147534
2021-07-13,436.239990234375,437.8399963378906,435.30999755859375,435.5899963378906,52911300,2.123545761513356,2.1313343326108627,2.1190187074855196,2.1203816962859854
2021-07-14,437.3999938964844,437.9200134277344,434.9100036621094,436.239990234375,64130400,2.1291924718451822,2.1317238428707888,2.117071601849802,2.123545761513356
2021-07-15,434.80999755859375,435.5299987792969,432.7200012207031,434.75,55126400,2.1165847883022137,2.1200896378683596,2.106411023942551,2.116292729884588
2021-07-16,436.010009765625,436.05999755859375,430.9200134277344,431.3399963378906,75874700,2.122426253764003,2.1226695862604785,2.097648974304504,2.0996933832278843
2021-07-19,426.19000244140625,431.4100036621094,421.9700012207031,424.9700012207031,147987000,2.0746240453507596,2.10003416756666,2.0540817615014713,2.0686852766013075
2021-07-20,425.6799926757813,432.4200134277344,424.8299865722656,431.05999755859375,99608200,2.072141400246304,2.1049507318544225,2.0680037079237557,2.0983303944274185
2021-07-21,432.3399963378906,434.7000122070313,431.010009765625,434.5499877929687,64724400,2.1045612215944964,2.1160493973881125,2.098087061930943,2.1153191027894103
2021-07-22,434.739990234375,435.7200012207031,433.69000244140625,435.4599914550781,47878500,2.1162440039634376,2.121014539042387,2.11113283310035,2.119748853529584
2021-07-23,437.5199890136719,440.2999877929687,436.7900085449219,439.94000244140625,63766600,2.129776588680434,2.143309173397429,2.126223161747775,2.1415568228916753
2021-07-26,439.30999755859375,441.0299987792969,439.260009765625,441.0199890136719,43719200,2.138490060951968,2.1468627488847263,2.1382467284554925,2.146814022963576
2021-07-27,439.9100036621094,439.94000244140625,435.989990234375,439.010009765625,67397100,2.1414107936828626,2.1415568228916753,2.122328801921703,2.1370297688638393
2021-07-28,439.6799926757813,440.2999877929687,437.30999755859375,438.8299865722656,52472400,2.1402911373788727,2.143309173397429,2.1287543842187437,2.1361534450563244
2021-07-29,439.8200073242187,441.7999877929687,439.80999755859375,440.6499938964844,47435300,2.1409727060564236,2.1506109309473476,2.1409239801352737,2.1450129465366716
2021-07-30,437.9100036621094,440.05999755859375,437.7699890136719,438.510009765625,68951200,2.1316751169496384,2.142140939726927,2.1309935482720865,2.134595849680533
2021-08-02,440.3399963378906,440.9299926757813,437.2099914550781,437.5899963378906,58783300,2.1435039285273927,2.1463759353371374,2.128267570671155,2.1301173730192096
2021-08-03,438.44000244140625,441.2799987792969,436.1000061035156,441.1499938964844,58053900,2.1342550653417574,2.148079708476379,2.1228643413904416,2.1474468657199774
2021-08-04,439.7799987792969,441.1199951171875,438.7300109863281,438.9800109863281,46732200,2.140777950926461,2.1473008365111648,2.1356667800633735,2.136883739655026
2021-08-05,440.2200012207031,441.8500061035156,439.8800048828125,441.760009765625,38969700,2.1429198116921415,2.150854411998461,2.14126476447405,2.1504163243720225
2021-08-06,442.1000061035156,442.94000244140625,441.7999877929687,442.489990234375,46930000,2.152071371590114,2.1561603379915115,2.1506109309473476,2.153969751304681
2021-08-09,442.4599914550781,442.7999877929687,441.30999755859375,442.1300048828125,41222600,2.153823722095868,2.1554787693139597,2.148225737685192,2.1522174007989268
2021-08-10,442.6099853515625,443.44000244140625,441.8800048828125,442.6799926757813,43339300,2.1545538681399323,2.158594257174818,2.1510004412072736,2.1548946524787085
2021-08-11,443.8200073242187,443.8800048828125,442.6199951171875,443.7799987792969,44034300,2.160444059522872,2.160736117940498,2.1546025940610827,2.1602493043929094
2021-08-12,443.6199951171875,445.260009765625,442.6600036621094,445.1099853515625,38909400,2.1594704324276948,2.1674537586551645,2.1547973491910457,2.1667234640564628
2021-08-13,445.5899963378906,445.94000244140625,445.0700073242187,445.9200134277344,39470300,2.169060079952106,2.170763853091348,2.166528857481137,2.170666549803685
2021-08-16,444.5299987792969,447.1099853515625,442.8699951171875,446.9700012207031,73740000,2.1639001831678684,2.176459140789687,2.155819553652736,2.1757777206667726
2021-08-17,444.239990234375,444.9599914550781,440.8500061035156,444.0400085449219,92673900,2.162488468446252,2.1659933180123985,2.145986573631849,2.1615149899057124
2021-08-18,442.9599914550781,444.6300048828125,438.9200134277344,439.1799926757813,89351900,2.1562576412791743,2.1643869967154568,2.136591681237401,2.1378572181955664
2021-08-19,436.2699890136719,441.1400146484375,436.1199951171875,439.8599853515625,92812200,2.1236917907221686,2.147398288353465,2.1229616446781043,2.141167312631749
2021-08-20,440.2300109863281,443.7099914550781,439.7099914550781,443.3599853515625,72008700,2.1429685376132914,2.1599085200541333,2.140437166587685,2.1582047469148917
2021-08-23,445.1600036621094,448.2300109863281,443.44000244140625,447.260009765625,54973000,2.1669669451075757,2.1819112445461877,2.158594257174818,2.1771894353883887
2021-08-24,447.9700012207031,448.5400085449219,447.4200134277344,447.9700012207031,38744700,2.1806455590333846,2.1834202625554666,2.177968307353603,2.1806455590333846
2021-08-25,448.1700134277344,449.4599914550781,447.7699890136719,448.9100036621094,40529700,2.1816191861285623,2.1878985906621526,2.1796719319382074,2.185221338982371
2021-08-26,448.6099853515625,448.8599853515625,446.1600036621094,446.260009765625,57829600,2.183760898339605,2.184977857931258,2.171834783474188,2.1723215970217766
2021-08-27,447.1199951171875,450.6499938964844,447.05999755859375,450.25,77235100,2.176507866710837,2.193691330202792,2.176215808293211,2.1917442245670746
2021-08-30,450.9700012207031,453.0700073242187,450.7099914550781,452.2300109863281,48357400,2.195249074133221,2.2054715644140335,2.193983388620418,2.201382598012636
2021-08-31,452.1300048828125,452.489990234375,450.9200134277344,451.55999755859375,59300200,2.200895784465047,2.2026481349708016,2.1950057416367454,2.198121080942965
2021-09-01,452.55999755859375,453.1099853515625,451.5499877929687,451.7999877929687,48721400,2.2029889193095773,2.205666170989359,2.198072355021815,2.199289314613468
2021-09-02,453.3200073242187,454.0499877929687,451.9100036621094,453.19000244140625,42501000,2.2066885240056866,2.2102419509383453,2.199824854082207,2.206055681249285
2021-09-03,451.9800109863281,453.6300048828125,451.5499877929687,453.0799865722656,47170500,2.200165638420983,2.2081975420149655,2.198072355021815,2.2055201417805463
2021-09-07,452.7099914550781,452.80999755859375,450.739990234375,451.4599914550781,51671500,2.2037190653536416,2.2042058789012304,2.1941294178292305,2.197634267395377
2021-09-08,450.8900146484375,451.6700134277344,448.8599853515625,450.9100036621094,56181900,2.1948597124279323,2.1986566204117044,2.184977857931258,2.194957015715595
2021-09-09,450.7000122070313,452.5700073242187,448.7200012207031,448.9800109863281,57970400,2.1939348112539054,2.203037645230727,2.1842964378083436,2.185562123321147
2021-09-10,451.0400085449219,451.489990234375,445.30999755859375,445.44000244140625,89948200,2.1955898584719966,2.1977802966041895,2.16769709115164,2.1683299339080415
2021-09-13,448.6400146484375,448.9200134277344,444.1099853515625,446.5799865722656,83738600,2.1839070761030555,2.1852700649035213,2.1618556256898507,2.173879192397568
2021-09-14,448.1199951171875,448.3399963378906,443.2200012207031,444.1700134277344,78197100,2.181375705077449,2.182446635460289,2.1575233267919773,2.162147832662114
2021-09-15,444.6199951171875,448.4100036621094,443.44000244140625,447.8800048828125,78792200,2.164338270794307,2.182787419799065,2.158594257174818,2.180207471406946
2021-09-16,447.3200073242187,448.3599853515625,444.0199890136719,447.1700134277344,77786700,2.177481493806014,2.1825439387479517,2.161417538063412,2.1767513477619502
2021-09-17,444.9200134277344,445.3699951171875,441.0199890136719,441.3999938964844,118425000,2.165798711437073,2.167989149569266,2.146814022963576,2.1486638253116306
2021-09-20,434.8800048828125,436.55999755859375,428.8599853515625,434.0400085449219,166445500,2.1169255726409895,2.125103505443785,2.0876210905990167,2.112836606239592
2021-09-21,436.5299987792969,437.9100036621094,433.0700073242187,433.6300048828125,92526100,2.1249574762349717,2.1316751169496384,2.1081147970817926,2.1108407746827242
2021-09-22,436.0499877929687,440.0299987792969,433.75,437.8599853515625,102350100,2.122620860339328,2.141994910518114,2.111424891517976,2.1314316358985255
2021-09-23,439.8500061035156,444.8900146484375,439.6000061035156,443.1799926757813,76396000,2.1411187352652368,2.1656526822282602,2.139901775673584,2.1573285716620147
2021-09-24,441.44000244140625,444.6700134277344,441.2099914550781,443.9100036621094,62094800,2.1488585804415936,2.16458175184542,2.1477389241376033,2.160882147149311
2021-09-27,442.80999755859375,444.0499877929687,441.8999938964844,442.6400146484375,61371100,2.15552749523511,2.1615635672722244,2.1510977444949364,2.154700045903383
2021-09-28,439.69000244140625,440.0400085449219,432.94000244140625,433.7200012207031,130436300,2.1403398633000226,2.142043636439264,2.107481954325391,2.111278862309163
2021-09-29,435.19000244140625,437.0400085449219,433.8500061035156,434.4500122070313,82329200,2.1184345906502684,2.127440121339428,2.1119117050655647,2.11483243779646
2021-09-30,436.0199890136719,436.7699890136719,428.7799987792969,429.1400146484375,140506000,2.1224748311305155,2.126125709905475,2.0872317288937285,2.0889842279541204
2021-10-01,430.9800109863281,436.0299987792969,427.2300109863281,434.239990234375,129240100,2.09794103272213,2.122523557051666,2.0796866388473347,2.1138100847801318
2021-10-04,433.0,433.9599914550781,426.3599853515625,428.6400146484375,128570000,2.107774012743017,2.112447095979666,2.0754514946824867,2.086550308770814
2021-10-05,430.239990234375,435.489990234375,429.3900146484375,433.1000061035156,90682500,2.0943387313136834,2.119894882738397,2.0902011875457736,2.1082608262906057
2021-10-06,429.2699890136719,435.1199951171875,427.5400085449219,434.8999938964844,113032200,2.0896169221558845,2.1180938063114922,2.0811956568566137,2.1170228759286522
2021-10-07,438.3900146484375,441.6799926757813,438.2000122070313,438.6600036621094,72437500,2.134011732845282,2.150026814112097,2.133086831671255,2.1353259957245974
2021-10-08,439.4800109863281,439.8900146484375,437.19000244140625,437.8599853515625,74557400,2.1393176588383325,2.1413134903952,2.128170267383492,2.1314316358985255
2021-10-11,437.1600036621094,440.260009765625,434.6199951171875,434.69000244140625,65233300,2.1280242381746794,2.1431145668221045,2.1156598871281864,2.116000671466962
2021-10-12,435.6700134277344,436.1000061035156,432.7799987792969,433.6199951171875,71181200,2.1207712065459114,2.1228643413904416,2.1067030823601764,2.1107920487615743
2021-10-13,434.7099914550781,436.0499877929687,431.5400085449219,435.1799926757813,72974000,2.116097974754625,2.122620860339328,2.1006670103230616,2.1183858647291185
2021-10-14,439.0799865722656,442.6600036621094,438.5799865722656,442.5,70236800,2.1373704046479776,2.1547973491910457,2.1349364854646713,2.154018477225831
2021-10-15,444.75,446.260009765625,444.0899963378906,445.8699951171875,66260200,2.1649711135507084,2.1723215970217766,2.161758322402188,2.170423068752572
2021-10-18,443.9700012207031,447.5499877929687,443.2699890136719,447.19000244140625,62213200,2.1611742055669363,2.178601001555367,2.157766659288453,2.176848651049613
2021-10-19,448.9200134277344,450.7099914550781,448.2699890136719,450.6400146484375,46996800,2.1852700649035213,2.193983388620418,2.1821058511215132,2.1936427528362796
2021-10-20,451.1300048828125,452.7300109863281,451.010009765625,452.4100036621094,49571600,2.196027946098435,2.2038165171959423,2.195443829263184,2.202258773265513
2021-10-21,451.7699890136719,453.8299865722656,451.30999755859375,453.5899963378906,41305400,2.1991432854046553,2.2091710205555053,2.1969041213513125,2.2080027868850025
2021-10-22,453.1300048828125,454.6700134277344,451.0499877929687,453.1199951171875,58845100,2.2057636228316593,2.2132601355115407,2.195638435838509,2.2057148969105094
2021-10-25,454.2799987792969,455.8999938964844,452.3900146484375,455.5499877929687,45214500,2.2113616072423357,2.219247481627505,2.2021614699778507,2.217543708488263
2021-10-26,457.2000122070313,458.489990234375,455.55999755859375,455.9599914550781,56075100,2.225575760636884,2.2318551651704737,2.2175924344094136,2.219539540045131
2021-10-27,456.4500122070313,457.1600036621094,453.8599853515625,453.94000244140625,72438000,2.221924881861925,2.2253810055069203,2.209317049764318,2.209706560024244
2021-10-28,455.4599914550781,458.3999938964844,455.4500122070313,458.3200073242187,51437900,2.2171056208618247,2.231417077544035,2.2170570434953127,2.2310277158387466
2021-10-29,455.8699951171875,459.55999755859375,455.55999755859375,459.25,70162400,2.2191014524186925,2.237063787875862,2.2175924344094136,2.235554769866583
2021-11-01,460.2999877929687,460.7000122070313,458.2000122070313,460.0400085449219,48433600,2.2406659407296705,2.242613194920026,2.230443599003496,2.239400403771505
2021-11-02,460.2200012207031,462.2300109863281,460.0799865722656,461.8999938964844,48908400,2.2402765790243824,2.2500609816787565,2.2395950103468305,2.2484545118271773
2021-11-03,461.2999877929687,465.1499938964844,460.8299865722656,464.7200012207031,52509800,2.2455337790962826,2.2642749865186667,2.2432458891217895,2.2621818516741365
2021-11-04,465.3599853515625,467.0,464.989990234375,466.9100036621094,52847100,2.2652971909803568,2.2732805172078265,2.263496114553452,2.272842429581388
2021-11-05,469.2799987792969,470.6499938964844,466.9200134277344,468.5299987792969,66390600,2.2843791827415165,2.291048097535033,2.272891155502538,2.2807283039665576
2021-11-08,469.7000122070313,470.2300109863281,468.2000122070313,468.9299926757813,50405200,2.286423740219534,2.2890036886116527,2.2791219826696163,2.282675409602275
2021-11-09,469.3200073242187,469.5700073242187,465.8800048828125,467.3800048828125,51149100,2.284573937871479,2.2857908974631322,2.267828562005963,2.275130319555881
2021-11-10,465.5799865722656,467.3800048828125,462.0400085449219,463.6199951171875,69429700,2.2663681213631968,2.275130319555881,2.249136080504729,2.2568271997599356
2021-11-11,465.2099914550781,465.2900085449219,463.75,463.7699890136719,34848500,2.2645670449362925,2.2649565551962185,2.257460042516337,2.257557345804
2021-11-12,465.1199951171875,467.8599853515625,464.1099853515625,467.2699890136719,53466700,2.264128957309854,2.2774667868968868,2.2592123930220915,2.274594780087142
2021-11-15,468.6400146484375,468.80999755859375,466.2300109863281,467.4299926757813,46980500,2.2812638434352963,2.2820912927670234,2.269532335145205,2.275373652052357
2021-11-16,467.1499938964844,470.489990234375,467.0700073242187,469.2799987792969,48857500,2.274010663251891,2.2902692255698183,2.2736213015466022,2.2843791827415165
2021-11-17,469.0,469.19000244140625,467.4800109863281,468.1400146484375,47858300,2.2830161939410507,2.283941095115078,2.2756171331034696,2.27882992425199
2021-11-18,469.239990234375,470.010009765625,466.3399963378906,469.7300109863281,50625600,2.2841844276115535,2.2879327582288127,2.270067726059306,2.286569769428347
2021-11-19,469.6099853515625,470.94000244140625,468.5,468.8900146484375,57315600,2.285985504038458,2.292459812256649,2.2805822747577444,2.2824808030269494
2021-11-22,470.8900146484375,473.5400085449219,467.3500061035156,467.5700073242187,72762000,2.292216479760173,2.305116221720768,2.274984290347068,2.276055220729908
2021-11-23,467.2200012207031,469.1000061035156,464.4500122070313,468.19000244140625,73206500,2.2743514475906665,2.283503007488639,2.260867588794821,2.279073256748466
2021-11-24,466.05999755859375,469.5700073242187,465.19000244140625,469.44000244140625,61858800,2.2687047372588403,2.2857908974631322,2.2644697416486297,2.2851580547067307
2021-11-26,462.3399963378906,463.8999938964844,457.7699890136719,458.9700012207031,112669600,2.2505963725928577,2.2581901885604014,2.228350315604328,2.234191781066117
2021-11-29,464.0700073242187,466.55999755859375,461.7300109863281,464.6000061035156,86268800,2.259017786446766,2.271138656442146,2.2476270624954506,2.261597734838885
2021-11-30,462.0,464.0299987792969,455.2999877929687,455.55999755859375,148559600,2.248941325374766,2.258823031316803,2.21632674889661,2.2175924344094136
2021-12-01,461.6400146484375,464.6700134277344,450.2900085449219,450.5,131939200,2.247188974869012,2.261938519177661,2.1919389796970377,2.1929611841587278
2021-12-02,450.7300109863281,459.0700073242187,450.30999755859375,457.3999938964844,127637800,2.194080840462718,2.2346785946137055,2.1920362829847004,2.226549239177423
2021-12-03,459.1700134277344,460.2999877929687,448.9200134277344,453.4200134277344,137331600,2.235165408161295,2.2406659407296705,2.1852700649035213,2.2071753375532754
2021-12-06,456.1300048828125,460.7900085449219,453.55999755859375,458.7900085449219,98977500,2.2203671379314955,2.2430512825464644,2.2078567576761894,2.23331560581324
2021-12-07,464.4100036621094,468.8800048828125,458.6499938964844,468.2799987792969,95484700,2.2606728336648576,2.282432077105799,2.2326340371356883,2.2795113443749044
2021-12-08,468.7000122070313,470.0,466.8299865722656,469.5199890136719,72238800,2.281555901852922,2.287884032307663,2.272452919321462,2.2855474164120193
2021-12-09,468.1499938964844,469.6300048828125,466.1400146484375,466.3500061035156,61272600,2.278878501618503,2.286082955880758,2.2690942475187663,2.270116451980456
2021-12-10,469.2300109863281,470.8999938964844,466.510009765625,470.739990234375,77159800,2.284135850245041,2.292265057126686,2.2708953239456706,2.2914861851614714
2021-12-13,470.19000244140625,470.55999755859375,466.2699890136719,466.5700073242187,87724700,2.2888089334816897,2.2906100099085944,2.26972694172053,2.271187382363296
2021-12-14,463.0899963378906,465.739990234375,460.25,463.3599853515625,97264100,2.2542472513678167,2.2671469933284114,2.240422608233195,2.2555615142471326
2021-12-15,463.4200134277344,470.8599853515625,460.739990234375,470.6000061035156,116899300,2.255853721219396,2.292070301996723,2.242807801495351,2.2908047650385575
2021-12-16,472.5700073242187,472.8699951171875,464.7999877929687,466.4500122070313,116568600,2.3003944125629685,2.301854704651097,2.2625712133794247,2.2706032655280453
2021-12-17,461.5499877929687,464.739990234375,458.05999755859375,459.8699951171875,135511600,2.2467507386879353,2.2622791549617993,2.2297620303259436,2.2385728058851404
2021-12-20,454.4800109863281,455.3999938964844,451.1400146484375,454.9800109863281,107134800,2.2123352343375133,2.2168135624441994,2.1960766720195855,2.214769153520819
2021-12-21,458.6099853515625,463.2099914550781,456.30999755859375,463.05999755859375,69806300,2.2324392820057253,2.2548313682030683,2.2212433131843725,2.254101222159004
2021-12-22,462.7900085449219,467.80999755859375,462.5799865722656,467.69000244140625,58890200,2.252786959279688,2.2772234544004113,2.2517646062633605,2.2766393375651597
2021-12-23,468.75,472.19000244140625,468.6400146484375,470.6000061035156,56439700,2.2817992343493976,2.298544610214914,2.2812638434352963,2.2908047650385575
2021-12-27,472.05999755859375,477.30999755859375,472.010009765625,477.260009765625,56808600,2.2979117674585123,2.3234679188832255,2.297668434962037,2.32322458638675
2021-12-28,477.7200012207031,478.80999755859375,476.05999755859375,476.8699951171875,47274600,2.3254637504400932,2.330769676433144,2.3173831209249607,2.3213260581175454
2021-12-29,476.9800109863281,478.55999755859375,475.9200134277344,477.4800109863281,54503000,2.321861597586284,2.3295527168414907,2.3167017008020463,2.3242955167695905
2021-12-30,477.9299926757813,479.0,475.6700134277344,476.1600036621094,55329000,2.3264859549017833,2.331694577607171,2.3154847412103936,2.3178699344725495
2021-12-31,475.6400146484375,476.8599853515625,474.6700134277344,474.9599914550781,65237400,2.3153387120015805,2.321277332196395,2.3106169028437815,2.3120284690107598
2022-01-03,476.2999877929687,477.8500061035156,473.8500061035156,477.7099914550781,72668200,2.318551354595463,2.3260965931964948,2.3066252397300464,2.325415024518943
2022-01-04,479.2200012207031,479.9800109863281,475.5799865722656,477.5499877929687,71178700,2.332765507990011,2.3364651126861204,2.315046505029317,2.3246361525537282
2022-01-05,477.1600036621094,477.9800109863281,468.2799987792969,468.3800048828125,104538900,2.322737772839161,2.3267294359528963,2.2795113443749044,2.2799981579224933
2022-01-06,467.8900146484375,470.8200073242187,465.4299926757813,467.94000244140625,86858900,2.2776129646603374,2.291875695421397,2.265637975319133,2.277856297156813
2022-01-07,467.9500122070313,469.2000122070313,464.6499938964844,466.0899963378906,85111600,2.277905023077963,2.2839898210362284,2.2618410673353604,2.268850766467653
2022-01-10,462.7000122070313,465.739990234375,456.6000061035156,465.510009765625,119362000,2.25234887165325,2.2671469933284114,2.2226550279059887,2.2660274855790585
2022-01-11,465.2300109863281,469.8500061035156,462.0499877929687,469.75,74303100,2.2646644967785927,2.2871538862635985,2.2491846578712416,2.2866670727160097
2022-01-12,471.5899963378906,473.2000122070313,468.94000244140625,471.0199890136719,67605400,2.295623877484019,2.3034611745026763,2.282724135523425,2.292849173961937
2022-01-13,472.19000244140625,472.8800048828125,463.44000244140625,464.5299987792969,91173100,2.298544610214914,2.3019034305722474,2.2559510245070586,2.261256950500109
2022-01-14,461.19000244140625,465.0899963378906,459.8999938964844,464.7200012207031,95890900,2.2449983881821813,2.263982928101041,2.2387188350939535,2.2621818516741365
2022-01-18,459.739990234375,459.9599914550781,455.30999755859375,456.489990234375,109709100,2.237939963128739,2.239010893511579,2.2163754748177604,2.22211948843725
2022-01-19,458.1300048828125,459.6099853515625,451.4599914550781,451.75,109357600,2.2301028146647197,2.2373071203723374,2.197634267395377,2.1990459821169925
2022-01-20,453.75,458.739990234375,444.5,446.75,122379700,2.2087816588502167,2.233072124762127,2.1637541539590552,2.1747067902839325
2022-01-21,445.55999755859375,448.05999755859375,437.9500122070313,437.9800109863281,202271200,2.168914050743293,2.181083646659823,2.131869872079602,2.1320159012884146
2022-01-24,432.0299987792969,440.3800048828125,420.760009765625,439.8399963378906,251783900,2.1030522035852175,2.1436986836573557,2.0481917186731695,2.141070009344087
2022-01-25,433.05999755859375,439.7200012207031,427.1499938964844,434.4700012207031,167997300,2.1080660711606427,2.1404858925088353,2.0792971285874087,2.114929741084122
2022-01-26,440.7200012207031,444.0400085449219,428.8599853515625,433.3800048828125,186391100,2.1453537308754473,2.1615149899057124,2.0876210905990167,2.1096238150910716
2022-01-27,438.260009765625,441.5899963378906,429.4500122070313,431.239990234375,149878300,2.1333788900888804,2.149588726485658,2.0904932459633994,2.0992065696802955
2022-01-28,432.6799926757813,442.0,427.8200073242187,441.9500122070313,164457400,2.106216268812588,2.1515845580425252,2.082558645657079,2.15134122554605
2022-01-31,441.239990234375,450.2799987792969,439.80999755859375,449.9100036621094,152251400,2.147884953346416,2.1918902537758873,2.1409239801352737,2.190089177348983
2022-02-01,450.6799926757813,453.6300048828125,446.94000244140625,452.9500122070313,123155400,2.193837359411605,2.2081975420149655,2.17563169145796,2.2048874475787823
2022-02-02,455.5,458.1199951171875,453.0499877929687,457.3500061035156,117361000,2.2173003759917878,2.2300540887435694,2.205374112571733,2.2263059066809476
2022-02-03,450.9500122070313,452.9700012207031,445.7099914550781,446.6000061035156,118024400,2.1951517708455586,2.204984750866445,2.1696441967873574,2.1739766442398682
2022-02-04,446.3500061035156,452.7799987792969,443.8299865722656,448.7000122070313,118454400,2.172759684648215,2.2040598496924177,2.160492636889385,2.1841991345206813
2022-02-07,449.510009765625,450.989990234375,445.8500061035156,447.260009765625,84472900,2.1881420717132656,2.1953463774208837,2.1703257654649093,2.1771894353883887
2022-02-08,446.7300109863281,451.9200134277344,445.2200012207031,450.94000244140625,81012000,2.1746094869962698,2.1998735800033575,2.1672590035252015,2.1951030449244078
2022-02-09,455.2200012207031,457.8800048828125,455.010009765625,457.5400085449219,92589900,2.215937387191322,2.2288858550730666,2.214915182729632,2.227230807854975
2022-02-10,451.3399963378906,457.7099914550781,447.2000122070313,449.3200073242187,140103700,2.197050150560125,2.228058257186702,2.1768973769707634,2.1872171705392383
2022-02-11,449.4100036621094,451.6099853515625,438.94000244140625,440.4599914550781,153214600,2.187655258165677,2.198364413439441,2.1366889845250636,2.1440880453626443
2022-02-14,439.9200134277344,441.6000061035156,435.3399963378906,439.0199890136719,123006300,2.141459519604013,2.149637452406808,2.1191647366943327,2.1370783462303518
2022-02-15,443.7300109863281,446.2799987792969,443.1799926757813,446.1000061035156,88482700,2.1600059718964335,2.1724189003094394,2.1573285716620147,2.171542725056562
2022-02-16,443.9299926757813,448.05999755859375,441.94000244140625,446.6000061035156,84863600,2.1609794504369737,2.181083646659823,2.1512924996248994,2.1739766442398682
2022-02-17,443.2200012207031,446.5700073242187,436.4200134277344,437.05999755859375,102259100,2.1575233267919773,2.173830615031055,2.1244220853208704,2.1275374246270906
2022-02-18,437.3299865722656,438.6600036621094,431.8200073242187,434.2300109863281,132642900,2.1288516875064065,2.1353259957245974,2.1020299991235274,2.1137615074136193
2022-02-22,431.8900146484375,435.5,425.8599853515625,429.5700073242187,124391800,2.1023707834623035,2.119943608659547,2.073017575499181,2.09107736279865
2022-02-23,432.6600036621094,433.260009765625,421.3500061035156,421.9500122070313,132578000,2.1061189655249253,2.10903969825582,2.051063725482914,2.053984458213809
2022-02-24,411.0199890136719,428.760009765625,410.6400146484375,428.2999877929687,213942900,2.0007788719652146,2.0871344256060658,1.9989292181717975,2.084895112998085
2022-02-25,429.6099853515625,437.8399963378906,427.8599853515625,437.75,121804500,2.091271969373976,2.1313343326108627,2.082753252232405,2.130896244984424
2022-02-28,432.0299987792969,438.2000122070313,430.7000122070313,436.6300048828125,145615000,2.1030522035852175,2.133086831671255,2.0965780439216646,2.1254442897825605
2022-03-01,435.0400085449219,437.1700134277344,427.1099853515625,429.9800109863281,137785900,2.117704444606204,2.12807296409583,2.0791023734574456,2.093073194355518
2022-03-02,432.3699951171875,439.7200012207031,431.5700073242187,437.8900146484375,117726500,2.104707250803309,2.1404858925088353,2.1008130395318743,2.1315778136619756
2022-03-03,440.4700012207031,441.1099853515625,433.7999877929687,435.7099914550781,105501700,2.144136771283794,2.1472521105900144,2.1116682240144513,2.120965813121237
2022-03-04,431.75,433.3699951171875,427.8800048828125,432.1700134277344,113978200,2.1016892147847517,2.109575089169921,2.0828507040747053,2.1037337722627694
2022-03-07,431.5499877929687,432.2999877929687,419.3599853515625,419.4299926757813,137896600,2.100715587689574,2.104366466464533,2.0413766261162025,2.0417174104549787
2022-03-08,419.6199951171875,427.2099914550781,415.1199951171875,416.25,164772700,2.0426423116290056,2.0795891870050345,2.0207370389792514,2.026237720102265
2022-03-09,425.1400146484375,429.510009765625,422.8200073242187,427.4100036621094,116990800,2.069512874487672,2.0907853043810247,2.058219453824019,2.080562814100212
2022-03-10,422.5199890136719,426.4299926757813,420.44000244140625,425.4800109863281,93972700,2.056759013181253,2.075792279021263,2.0466339747427407,2.0711679217057637
2022-03-11,428.1199951171875,428.7699890136719,419.5299987792969,420.0700073242187,95636300,2.084018937745208,2.087183002972578,2.042204224002567,2.044832898315836
2022-03-14,420.8900146484375,424.5499877929687,415.7900085449219,417.0,95729200,2.048824561429571,2.06664071912329,2.023998556048922,2.029888598877224
2022-03-15,419.7699890136719,426.8399963378906,418.4200134277344,426.1700134277344,106219100,2.04337245767307,2.07778811057813,2.0368009947218537,2.0745267420630973
2022-03-16,429.8900146484375,435.6799926757813,424.7999877929687,435.6199951171875,144954800,2.0926351067290794,2.1208197839124243,2.0678576787149425,2.1205277254947985
2022-03-17,433.5899963378906,441.0700073242187,433.19000244140625,441.0700073242187,102676900,2.110646019552761,2.147057504014689,2.1086989139170442,2.147057504014689
2022-03-18,438.0,444.8599853515625,437.2200012207031,444.5199890136719,106345500,2.132113204576077,2.1655065044648096,2.1283162965923053,2.163851457246718
2022-03-21,444.3399963378906,446.4599914550781,440.6799926757813,444.3900146484375,88349800,2.162975281993841,2.1732950755623164,2.1451589757454848,2.163218763044954
2022-03-22,445.8599853515625,450.5799865722656,445.8599853515625,449.5899963378906,74650400,2.1703743428314217,2.193350545864016,2.1703743428314217,2.188531433418554
2022-03-23,446.9100036621094,448.489990234375,443.7099914550781,443.7999877929687,79426100,2.1754856622491467,2.1831767815043532,2.1599085200541333,2.1603466076805717
2022-03-24,445.94000244140625,450.5,444.760009765625,450.489990234375,64736900,2.170763853091348,2.1929611841587278,2.1650198394718587,2.1929124582375774
2022-03-25,451.1600036621094,452.9800109863281,448.4299926757813,452.69000244140625,77101300,2.1961739753072482,2.205033476787595,2.182884723086728,2.2036217620659793
2022-03-28,452.05999755859375,455.9100036621094,450.05999755859375,455.9100036621094,68529800,2.2005550001262715,2.2192962075486555,2.1908193233930473,2.2192962075486555
2022-03-29,460.0199890136719,462.0700073242187,457.1799926757813,461.5499877929687,86581500,2.2393029519292047,2.249282109713542,2.2254783087945835,2.2467507386879353
2022-03-30,460.3399963378906,461.2000122070313,456.4700012207031,458.7000122070313,79666900,2.2408606958596335,2.245047114103332,2.222022185149587,2.2328775181868017
2022-03-31,457.8900146484375,458.760009765625,451.1600036621094,451.6400146484375,121699900,2.228934580994217,2.233169576604427,2.1961739753072482,2.1985105912028913
2022-04-01,453.30999755859375,453.4599914550781,449.1400146484375,452.9200134277344,89048800,2.2066397980845367,2.207369944128601,2.1863409952863613,2.204741418369969
2022-04-04,453.1300048828125,456.9100036621094,452.260009765625,456.7999877929687,59601000,2.2057636228316593,2.2241640459152676,2.2015286272214487,2.2236285064465284
2022-04-05,455.2200012207031,457.8299865722656,449.8200073242187,451.0299987792969,74214500,2.215937387191322,2.228642374021953,2.189651089722544,2.1955411325508467
2022-04-06,446.8900146484375,448.9299926757813,443.4700012207031,446.5199890136719,106898000,2.1753883589614844,2.185318642270034,2.1587402863836305,2.173587133979942
2022-04-07,445.5899963378906,450.69000244140625,443.5299987792969,448.7699890136719,78097200,2.169060079952106,2.193886085332755,2.1590323448012563,2.184539770304819
2022-04-08,447.9700012207031,450.6300048828125,445.94000244140625,447.5700073242187,79272700,2.1806455590333846,2.1935940269151293,2.170763853091348,2.178698453397667
2022-04-11,444.1099853515625,445.0,439.3900146484375,439.9200134277344,89770500,2.1618556256898507,2.1661880731423615,2.138879571211894,2.141459519604013
2022-04-12,443.0799865722656,445.75,436.6499938964844,438.2900085449219,84363600,2.156841758114426,2.1698389519173205,2.1255415930702233,2.133524919297693
2022-04-13,438.0299987792969,444.1099853515625,437.8399963378906,443.30999755859375,74070400,2.13225923378489,2.1618556256898507,2.1313343326108627,2.157961414418416
2022-04-14,443.5499877929687,444.7300109863281,437.6799926757813,437.7900085449219,97869500,2.1591296480889186,2.1648738102630456,2.1305554606456485,2.1310910001143872
2022-04-18,436.80999755859375,439.75,435.6099853515625,437.9700012207031,66002500,2.126320465035438,2.140631921717648,2.120478999573648,2.131967175367264
2022-04-19,437.8599853515625,445.7999877929687,437.6799926757813,445.0400085449219,77821000,2.1314316358985255,2.170082284413796,2.1305554606456485,2.1663828282723245
2022-04-20,446.9200134277344,447.5700073242187,443.4800109863281,444.7099914550781,65224400,2.175534388170297,2.178698453397667,2.158789012304781,2.1647763584207453
2022-04-21,448.5400085449219,450.010009765625,437.1000061035156,438.05999755859375,85417300,2.1834202625554666,2.190575990896572,2.1277321797570536,2.1324052629937027
2022-04-22,436.9100036621094,438.0799865722656,425.44000244140625,426.0400085449219,132471800,2.1268072785830263,2.1325025662813655,2.0709731665758007,2.0738938993066953
2022-04-25,423.6700134277344,428.69000244140625,418.8399963378906,428.510009765625,119647700,2.062357146146567,2.08679364126729,2.0388454036452335,2.0859174660144126
2022-04-26,425.8299865722656,426.0400085449219,416.0700073242187,416.1000061035156,103996300,2.0728715462903677,2.0738938993066953,2.0253615448493876,2.0255075740582007
2022-04-27,417.239990234375,422.9200134277344,415.010009765625,417.2699890136719,122030000,2.0310568325477267,2.058706267371608,2.02020164806515,2.03120286175654
2022-04-28,422.2900085449219,429.6400146484375,417.6000061035156,427.80999755859375,105449100,2.0556395054319,2.0914181471374262,2.0328093316081186,2.082509919735929
2022-04-29,423.5899963378906,425.8699951171875,411.2099914550781,412.0,145491100,2.061967635886641,2.0730663014203308,2.0017037731392415,2.005549407044164
2022-05-02,412.0700073242187,415.9200134277344,405.0199890136719,414.4800109863281,158312500,2.0058901913829392,2.0246313988053237,1.9715718417655421,2.017621699673031
2022-05-03,415.010009765625,418.9299926757813,413.3599853515625,416.3800048828125,100028200,2.02020164806515,2.0392834912716724,2.01216959591653,2.0268705628586665
2022-05-04,417.0799865722656,429.6600036621094,413.7099914550781,429.05999755859375,144247900,2.0302779605825125,2.091515450425089,2.013873369055772,2.0885947176941944
2022-05-05,424.5499877929687,425.0,409.44000244140625,413.80999755859375,172929100,2.06664071912329,2.0688313058101206,1.993087752710008,2.014360182603361
2022-05-06,411.1000061035156,414.7999877929687,405.7300109863281,411.3399963378906,151770800,2.0011683822251407,2.019179295048822,1.9750281139651757,2.0023366158956435
2022-05-09,405.1000061035156,406.4100036621094,396.5,398.1700134277344,155586100,1.9719613520254682,1.978338208401359,1.930097912361677,1.9382272677979597
2022-05-10,404.489990234375,406.0799865722656,394.8200073242187,399.0899963378906,132497200,1.9689918933734232,1.97673173854978,1.9219199795588815,1.9427055959046458
2022-05-11,398.0700073242187,404.0400085449219,391.9599914550781,392.75,142361000,1.9377404542503707,1.9668014552412305,1.9079978845819598,1.9118435184868818
2022-05-12,389.3699951171875,395.7999877929687,385.1499938964844,392.3399963378906,125090800,1.8953902010389911,1.9266903660831933,1.8748479171897028,1.9098476869300145
2022-05-13,396.7099914550781,403.1799926757813,395.6099853515625,401.7200012207031,104174400,1.9311201168233671,1.9626150369975328,1.9257654649091662,1.9555080345775775
2022-05-16,399.9800109863281,403.9700012207031,397.6000061035156,400.0899963378906,78622400,1.9470380433571566,1.9664606709024546,1.9354525642758778,1.9475734342712578
2022-05-17,406.5299987792969,408.5700073242187,402.5799865722656,408.3200073242187,83029700,1.9789223252366104,1.9888527570997971,1.9596943042666377,1.9876357975081442
2022-05-18,403.5,403.7999877929687,390.5499877929687,391.8599853515625,117674500,1.9641727809279614,1.9656330730160896,1.90113421465848,1.907511071034371
2022-05-19,388.6199951171875,394.1400146484375,387.1099853515625,389.4599914550781,98510700,1.8917393222640322,1.9186098851226987,1.884388838792964,1.8958282886654296
2022-05-20,393.25,397.0299987792969,380.5400085449219,389.6300048828125,131432200,1.9142774376701879,1.932677860753796,1.8524072536258473,1.8966558865517944
2022-05-23,392.8299865722656,397.7300109863281,390.3800048828125,396.9200134277344,76414900,1.9122328801921702,1.9360854070322795,1.9003067653267534,1.9321424698396947
2022-05-24,392.55999755859375,395.1499938964844,386.9599914550781,393.8900146484375,91448800,1.9109186173128545,1.9235263008558232,1.8836586927488996,1.9173929255310458
2022-05-25,392.30999755859375,399.4500122070313,391.8900146484375,397.3699951171875,91472900,1.9097016577212016,1.9444580949650379,1.9076572487978216,1.9343329079718876
2022-05-26,398.6700134277344,407.0400085449219,398.4500122070313,405.30999755859375,82168300,1.9406611869812658,1.9814049703410666,1.939590256598426,1.9729835564871583
2022-05-27,407.9100036621094,415.3800048828125,407.7000122070313,415.260009765625,84768700,1.9856399659512771,2.0220027244920544,1.9846177614895872,2.0214186076568033
2022-05-31,413.5499877929687,416.4599914550781,410.0299987792969,412.9299926757813,95937000,2.0130944970905573,2.027259924563955,1.9959597595197525,2.0100764610720003
2022-06-01,415.1700134277344,416.239990234375,406.9299926757813,409.5899963378906,86585800,2.0209805200303648,2.0261889941811146,1.980869430872328,1.9938178987540722
2022-06-02,409.4200134277344,417.44000244140625,407.0400085449219,417.3900146484375,79609600,1.9929904494223454,2.0320304596429044,1.9814049703410666,2.031787127146429
2022-06-03,412.3999938964844,414.0400085449219,409.510009765625,410.5400085449219,71874300,2.007496512679881,2.0154798389073507,1.9934285370487839,1.9984424046242089
2022-06-06,414.7799987792969,416.6099853515625,410.5499877929687,411.7900085449219,57508900,2.0190819917611598,2.0279900706080194,1.998490981990721,2.004527202582474
2022-06-07,408.1000061035156,416.2200012207031,407.6099853515625,415.739990234375,59272400,1.9865648671253044,2.0260916908934523,1.9841795253085108,2.023755074997809
2022-06-08,413.9299926757813,415.8200073242187,410.3800048828125,411.2200012207031,64350000,2.0149442994386124,2.0241445852577344,1.9976635326589942,2.001752499060392
2022-06-09,409.3399963378906,411.739990234375,401.44000244140625,401.44000244140625,86289800,1.9926009391624193,2.0042837215313605,1.9541450457771117,1.9541450457771117
2022-06-10,394.8800048828125,395.7799987792969,389.75,389.7999877929687,132893900,1.9222120379765075,1.9265930627955308,1.8972400033870458,1.897483335883521
2022-06-13,379.8500061035156,381.80999755859375,373.2999877929687,375.0,170004900,1.849048433268514,1.8585893548717751,1.8171640028344223,1.825439387479518
2022-06-14,376.8500061035156,377.94000244140625,370.5899963378906,373.8699951171875,104011800,1.834444918168678,1.8397508441617285,1.8039722024562024,1.8199387063565045
2022-06-15,377.3599853515625,383.8999938964844,372.1199951171875,379.2000122070313,125666800,1.8369274147184964,1.8687631192314378,1.8114199892149334,1.8458843680411439
2022-06-16,370.510009765625,370.94000244140625,364.0799865722656,366.6499938964844,134473300,1.803582840750914,1.8056759755954441,1.772282527152074,1.7847929074073798
2022-06-17,365.510009765625,369.3800048828125,362.1700134277344,365.8599853515625,111113900,1.7792436489178538,1.7980821596279004,1.762985086599926,1.7809472735024579
2022-06-21,371.8900146484375,376.5299987792969,371.80999755859375,375.0700073242187,76811900,1.8103004814655805,1.8328871742382489,1.8099109712056545,1.8257801718182936
2022-06-22,370.6199951171875,378.7200012207031,370.1799926757813,374.3900146484375,90059400,1.8041182316650153,1.8435477521455004,1.8019763708993353,1.8224700773821108
2022-06-23,376.6400146484375,378.8299865722656,372.8900146484375,378.05999755859375,79292100,1.8334227137069878,1.8440831430596016,1.8151683198321926,1.84033496099698
2022-06-24,381.3999938964844,390.0899963378906,381.3699951171875,390.0799865722656,98050300,1.8565935233149076,1.8988950506051374,1.8564474941060947,1.898846324683987
2022-06-27,391.0499877929687,391.3599853515625,387.44000244140625,388.5899963378906,66009600,1.903568133841786,1.905077151851065,1.885995308644543,1.8915932930552193
2022-06-28,390.2300109863281,393.1600036621094,380.5299987792969,380.6499938964844,86548900,1.899576619282689,1.9138393500437494,1.8523585277046972,1.8529426445399486
2022-06-29,381.2300109863281,382.2699890136719,378.4200134277344,380.3399963378906,65676000,1.8557660739831807,1.8608285189251181,1.8420874600573718,1.85143362653067
2022-06-30,376.239990234375,380.6600036621094,372.55999755859375,377.25,112508300,1.831475459516633,1.8529913704610987,1.8135618499806136,1.8363920238043951
2022-07-01,376.55999755859375,381.7000122070313,373.7999877929687,381.239990234375,74839700,1.8330332034470618,1.858053963957674,1.8195979220177283,1.8558146513496931
2022-07-05,375.8800048828125,381.9800109863281,372.8999938964844,381.9599914550781,81438000,1.8297231090108788,1.8594169527581397,1.8152168971987053,1.8593195009158394
2022-07-06,382.1099853515625,385.8699951171875,379.6000061035156,383.25,70426200,1.8600496469599037,1.878352766755849,1.847831473676861,1.8655990540040674
2022-07-07,385.1199951171875,389.8299865722656,383.2699890136719,388.989990234375,64525900,1.8747018879808899,1.8976293650923342,1.86569635729173,1.8935403986909365
2022-07-08,387.2699890136719,390.6400146484375,385.6600036621094,388.6700134277344,72397800,1.8851677107581783,1.9015724508395566,1.877330562294159,1.8919828033151453
2022-07-11,385.8500061035156,386.8699951171875,383.5,384.2300109863281,58366900,1.8782554634681863,1.883220605122461,1.8668160135957204,1.8703695890830168
2022-07-12,383.6499938964844,386.1600036621094,378.989990234375,380.8299865722656,62219200,1.8675461596397847,1.879764481477465,1.844862015024816,1.8538188197928258
2022-07-13,375.1000061035156,381.9200134277344,374.6600036621094,378.8299865722656,84224600,1.8259262010271067,1.8591248943405139,1.8237843402614264,1.8440831430596016
2022-07-14,373.6099853515625,379.0499877929687,371.0400085449219,377.9100036621094,89704800,1.8186730208437012,1.8451540734424414,1.806162789143033,1.8396048149529156
2022-07-15,382.5499877929687,385.25,380.5400085449219,385.1300048828125,79060400,1.8621915077255837,1.8753347307372916,1.8524072536258473,1.87475061390204
2022-07-18,388.3800048828125,389.0899963378906,380.6600036621094,381.9500122070313,63203600,1.8905710885935292,1.8940272122385253,1.8529913704610987,1.859270923549327
2022-07-19,386.0799865722656,392.8699951171875,385.3900146484375,392.2699890136719,78506000,1.879374971217539,1.9124276353221332,1.8760162994148433,1.9095069025912386
2022-07-20,392.4700012207031,396.260009765625,391.0299987792969,394.7699890136719,71843800,1.910480529686416,1.9289296786911743,1.9034708305541237,1.9216764985077686
2022-07-21,394.1600036621094,398.8399963378906,391.6300048828125,398.7900085449219,64903900,1.9187071884103615,1.9414886363129928,1.9063915632850184,1.9412453038165172
2022-07-22,398.9200134277344,400.1799926757813,392.75,395.0899963378906,72197300,1.9418781465729187,1.9480115218976966,1.9118435184868818,1.9232342424381976
2022-07-25,395.75,396.4700012207031,393.2099914550781,395.5700073242187,53631500,1.926447033586718,1.9299518831528641,1.9140826825402248,1.9255708583338407
2022-07-26,393.8399963378906,394.05999755859375,389.9500122070313,390.8900146484375,52946400,1.9171494444799324,1.9182203748627726,1.8982136304822235,1.9027894104312095
2022-07-27,394.3599853515625,402.8800048828125,394.0499877929687,401.0400085449219,82342100,1.9196806669509012,1.961154744909404,1.9181716489416223,1.9521979401413943
2022-07-28,401.8900146484375,406.7999877929687,398.1499938964844,406.0700073242187,73966600,1.956335632463942,1.9802365881159258,1.9381298159556595,1.9766831611832671
2022-07-29,407.5799865722656,413.0299987792969,406.7699890136719,411.989990234375,87003700,1.984033496099698,2.0105632746195887,1.9800905589071132,2.0055006811230136
2022-08-01,409.1499938964844,413.4100036621094,408.3999938964844,410.7699890136719,69997500,1.991676037988392,2.0124130769676434,1.9880251592134328,1.9995619123735615
2022-08-02,409.1199951171875,413.0,406.8200073242187,408.05999755859375,63435400,1.991530008779579,2.010417245410776,1.980334039958226,1.9863701119953414
2022-08-03,410.2999877929687,415.6799926757813,410.0,414.4500122070313,67820600,1.997274022399068,2.0234630165801835,1.9958137303109398,2.0174756704642185
2022-08-04,414.3699951171875,415.0899963378906,412.44000244140625,414.1700134277344,45656600,2.0170861602042924,2.0205910097704387,2.007691267809844,2.0161126816637527
2022-08-05,409.6600036621094,414.1499938964844,409.6000061035156,413.4700012207031,56814900,1.9941586830928482,2.016015229821452,1.9938666246752224,2.012705135385269
2022-08-08,415.25,417.6199951171875,411.8299865722656,412.989990234375,53886100,2.021369881735653,2.0329066348957814,2.0047218091577994,2.0103685194896257
2022-08-09,412.2200012207031,412.75,410.2200012207031,411.3500061035156,44931800,2.006620337427004,2.009200285819123,1.9968846606937798,2.0023853418167934
2022-08-10,418.7799987792969,420.1400146484375,416.7200012207031,419.989990234375,68665700,2.038553345227608,2.045173682654612,2.028525610076758,2.04444338805591
2022-08-11,422.989990234375,424.9500122070313,419.2099914550781,419.989990234375,59489700,2.059046903155746,2.068587973313645,2.0406464800721382,2.04444338805591
2022-08-12,422.0299987792969,427.2099914550781,421.0299987792969,427.1000061035156,61694500,2.054373819919097,2.0795891870050345,2.049505981552485,2.079053796090933
2022-08-15,424.7699890136719,429.4100036621094,424.7099914550781,428.8599853515625,54048300,2.0677116495061303,2.090298490833436,2.0674195910885045,2.0876210905990167
2022-08-16,427.7300109863281,431.7300109863281,426.8800048828125,429.7000122070313,59289000,2.082120558030641,2.101591911497089,2.077982865708093,2.0917102055550525
2022-08-17,425.9100036621094,429.5,424.5400085449219,426.6499938964844,63563400,2.073261056550294,2.090736578459875,2.0665921417567774,2.076863209404103
2022-08-18,426.8599853515625,428.6099853515625,425.5,427.8900146484375,49023200,2.077885413865793,2.086404131007364,2.0712652249934265,2.082899429995855
2022-08-19,424.9800109863281,425.260009765625,421.2200012207031,422.1400146484375,68016900,2.068734002522458,2.0700969913229237,2.0504308827265123,2.0549093593878363
2022-08-22,417.0499877929687,417.2300109863281,412.3999938964844,413.3500061035156,77695600,2.0301319313736994,2.0310082551812143,2.007496512679881,2.0121210185500176
2022-08-23,412.8999938964844,415.4200134277344,411.7699890136719,412.3500061035156,49105200,2.009930431863187,2.0221974796220175,2.0044297507401736,2.0072531801834055
2022-08-24,412.1099853515625,415.1099853515625,411.3900146484375,413.6700134277344,49177800,2.006084797958265,2.020688313058101,2.0025800969467564,2.0136787624804464
2022-08-25,415.239990234375,419.55999755859375,414.0899963378906,419.510009765625,50942300,2.021321155814503,2.0423502532113798,2.0157231714038266,2.0421069207149043
2022-08-26,419.3900146484375,419.9599914550781,405.25,405.30999755859375,103087000,2.041522803879653,2.044297358847097,1.9726914980695325,1.9729835564871583
2022-08-29,402.2000122070313,405.8399963378906,401.2000122070313,402.6300048828125,65370800,1.957844650473221,1.975563504879277,1.9529768121066091,1.9599377853177509
2022-08-30,403.8500061035156,404.1000061035156,396.0,398.2099914550781,85652400,1.9658765540672032,1.967093513658856,1.927663993178371,1.938421874373285
2022-08-31,399.9299926757813,401.239990234375,395.0400085449219,395.1799926757813,76029700,1.9467945623060436,1.9531714186819342,1.922990909941722,1.9236723300646363
2022-09-01,392.8900146484375,396.7799987792969,390.0400085449219,396.4200134277344,78740100,1.9125250871644337,1.9314609011621429,1.8986517181086617,1.9297085506563887
2022-09-02,400.2799987792969,401.55999755859375,390.3299865722656,392.239990234375,99632100,1.9484983354452852,1.954729162612363,1.9000632842756402,1.9093608733824257
2022-09-06,393.1300048828125,394.1199951171875,388.4200134277344,390.760009765625,76637400,1.9136933208349365,1.9185124332803984,1.8907658437234922,1.902156567674808
2022-09-07,390.4299926757813,398.5899963378906,390.2000122070313,397.7799987792969,70964200,1.9005500978232293,1.9402716767213397,1.8994305900738766,1.936328739528755
2022-09-08,395.3900146484375,400.8599853515625,394.1199951171875,400.3800048828125,80821700,1.9246946830809637,1.9513216163338796,1.9185124332803984,1.9489851489928738
2022-09-09,402.739990234375,407.510009765625,402.4599914550781,406.6000061035156,76706900,1.9604731762318521,1.9836928603155597,1.9591101874313863,1.9792631095753863
2022-09-12,408.7799987792969,411.7300109863281,408.4599914550781,410.9700012207031,69256300,1.9898749615614875,2.004235144164848,1.9883172176310586,2.0005355394687387
2022-09-13,401.8299865722656,403.1000061035156,391.9200134277344,393.1000061035156,122947100,1.9560434254916788,1.962225675292244,1.9078032780066345,1.9135472916261236
2022-09-14,394.4700012207031,396.2000122070313,391.1199951171875,394.6000061035156,85023700,1.9202162064196402,1.9286376202735487,1.9039089181805622,1.9208490491760417
2022-09-15,392.9599914550781,395.9599914550781,388.7799987792969,390.1199951171875,87633800,1.912865722948572,1.927469238048408,1.8925181942292466,1.89904107981395
2022-09-16,384.1400146484375,386.25,382.1099853515625,385.55999755859375,103084800,1.8699315014565783,1.8802025691039035,1.8600496469599037,1.8768437487465703
2022-09-19,382.260009765625,388.5499877929687,382.1799926757813,388.5499877929687,73278500,1.8607799415586055,1.891398537925256,1.8603904312986799,1.891398537925256
2022-09-20,385.05999755859375,386.1199951171875,381.2000122070313,384.0899963378906,77274900,1.8744098295632643,1.879569726347502,1.855620044774368,1.8696880204054651
2022-09-21,386.1099853515625,389.30999755859375,377.3800048828125,377.3900146484375,106746600,1.8795210004263518,1.8950981426213653,1.8370248665607967,1.8370735924819468
2022-09-22,376.5799865722656,378.2999877929687,373.44000244140625,374.2200012207031,89472600,1.8331305067347246,1.8415031946674825,1.8178455715119743,1.8216424794957462
2022-09-23,370.5799865722656,370.6199951171875,363.2900085449219,367.9500122070313,122346900,1.8039234765350523,1.8041182316650153,1.7684370418017894,1.7911211864167584
2022-09-26,366.4100036621094,370.2099914550781,363.0299987792969,364.30999755859375,92581200,1.783624673736877,1.8021224001081477,1.7671713562889864,1.7734021834560643
2022-09-27,368.0199890136719,370.3999938964844,360.8699951171875,363.3800048828125,108294100,1.7914618222008964,1.803047301282175,1.7566568075905478,1.768875129428228
2022-09-28,364.3800048828125,372.2999877929687,362.6000061035156,370.5299987792969,110802200,1.7737429677948402,1.8122961644678102,1.7650782214444563,1.8036801440385766
2022-09-29,366.80999755859375,367.1099853515625,359.70001220703125,362.7900085449219,112952300,1.7855717793725943,1.7870320714607228,1.7509615198922088,1.7660031226184834
2022-09-30,361.7999877929687,365.9100036621094,357.0400085449219,357.17999267578125,153711200,1.7611838616183837,1.781190754553571,1.7380130520104642,1.7386944721333784
2022-10-03,361.0799865722656,368.5499877929687,359.2099914550781,366.6099853515625,89756500,1.7576790120522376,1.794041770593015,1.7485761780754152,1.7845981522774168
2022-10-04,372.3999938964844,378.0,366.5700073242187,377.9700012207031,103602800,1.8127829780153992,1.840042902579354,1.7844035457020913,1.8398968733705414
2022-10-05,373.3900146484375,379.4599914550781,370.9500122070313,377.0899963378906,88065700,1.8176022390154987,1.8471499049993092,1.8057247015165945,1.8356131518391807
2022-10-06,375.6199951171875,378.7200012207031,372.6799926757813,373.2000122070313,82333500,1.8284574234980755,1.8435477521455004,1.8141459668158653,1.8166773378414718
2022-10-07,368.9700012207031,373.2900085449219,360.94000244140625,362.7900085449219,107789500,1.7960863280710329,1.81711542546791,1.7569975919293237,1.7660031226184834
2022-10-10,363.9599914550781,364.2099914550781,357.6700134277344,360.0199890136719,76042800,1.7716984103168225,1.7729153699084754,1.7410798139501718,1.752519115268
2022-10-11,358.239990234375,363.0299987792969,355.7099914550781,357.739990234375,92482800,1.743854368917616,1.7671713562889864,1.7315387437922731,1.74142044973431
2022-10-12,358.1700134277344,359.82000732421875,356.29998779296875,356.55999755859375,76991800,1.7435137331334778,1.7515456367274602,1.7344107506020177,1.735676436114821
2022-10-13,349.2099914550781,367.510009765625,348.1099853515625,365.9700012207031,147254500,1.6998977944092948,1.7889793256510778,1.694543142495094,1.7814828129711968
2022-10-14,368.5499877929687,370.260009765625,356.9599914550781,357.6300048828125,123737000,1.794041770593015,1.8023658811592609,1.7376235417505381,1.7408850588202087
2022-10-17,364.010009765625,367.9800109863281,357.2799987792969,366.8200073242187,93168200,1.7719418913679357,1.791267215625571,1.739181285680967,1.7856205052937442
2022-10-18,375.1300048828125,375.4500122070313,367.5199890136719,371.1300048828125,97162900,1.8260722302359196,1.8276299741663489,1.7890279030175904,1.8066008767694715
2022-10-19,368.989990234375,371.8500061035156,365.5499877929687,368.5,79746900,1.7961836313586956,1.8101057263356175,1.779438255493179,1.7937984380965397
2022-10-20,368.0299987792969,372.6700134277344,364.6099853515625,365.4100036621094,88283100,1.7915105481220466,1.8140973894493526,1.7748624755441929,1.778756835370265
2022-10-21,365.1199951171875,374.7999877929687,363.5400085449219,374.2900085449219,131038400,1.777345120648649,1.8244657603843404,1.7696540013934425,1.821983263834522
2022-10-24,375.8900146484375,380.05999755859375,373.1099853515625,378.8699951171875,85436900,1.8297718349320289,1.850070637730204,1.8162391016603951,1.8442778981895647
2022-10-25,378.7900085449219,385.25,378.6700134277344,384.9200134277344,78846300,1.8438885364842763,1.8753347307372916,1.843304419649025,1.8737284094403501
2022-10-26,381.6199951171875,387.5799865722656,381.3500061035156,382.0199890136719,104087300,1.8576644536977478,1.886676728767457,1.856350190818432,1.859611559333465
2022-10-27,383.0700073242187,385.0,379.3299865722656,379.9800109863281,81971800,1.86472287875119,1.8741177711456385,1.8465170622429077,1.8496812760249155
2022-10-28,379.8699951171875,389.5199890136719,379.6799926757813,389.0199890136719,100302000,1.8491457365561768,1.8961203470830554,1.8482208353821497,1.8936864278997494
2022-10-31,386.44000244140625,388.3999938964844,385.260009765625,386.2099914550781,96631300,1.8811274702779308,1.890668391881192,1.8753834566584417,1.8800078139739405
2022-11-01,390.1400146484375,390.3900146484375,383.2900085449219,384.5199890136719,85407600,1.8991385316562506,1.9003554912479035,1.8657938091340305,1.8717811552499952
2022-11-02,383.8999938964844,388.6300048828125,374.760009765625,374.8699951171875,126990400,1.8687631192314378,1.8917880481851823,1.8242711538090153,1.8248065447231165
2022-11-03,371.4700012207031,374.2000122070313,368.7900085449219,371.010009765625,87100100,1.808255923987563,1.8215451762080836,1.7952101528181557,1.80601675993422
2022-11-04,377.0,378.8699951171875,370.0,376.3500061035156,103505200,1.8351750642127422,1.8442778981895647,1.8011001956464578,1.832010998985372
2022-11-07,377.7099914550781,380.5700073242187,375.5299987792969,379.9500122070313,68286900,1.8386311878577382,1.8525532828346598,1.828019335871637,1.849535246816103
2022-11-08,381.1099853515625,385.1199951171875,377.7200012207031,382.0,84641100,1.8551818085932916,1.8747018879808899,1.8386799137788883,1.8595142560458024
2022-11-09,379.9299926757813,381.1400146484375,373.6099853515625,374.1300048828125,78495500,1.8494377949738026,1.855327986356742,1.8186730208437012,1.8212043918693075
2022-11-10,388.0499877929687,395.0400085449219,385.6400146484375,394.69000244140625,141455800,1.88896461874195,1.922990909941722,1.8772332590064964,1.9212871368024802
2022-11-11,395.5899963378906,399.3500061035156,393.6099853515625,398.510009765625,93839900,1.9256681616215037,1.943971281417449,1.9160297881759423,1.9398823150160514
2022-11-14,396.6600036621094,400.1799926757813,394.8299865722656,395.1199951171875,71903500,1.9308767843268915,1.9480115218976966,1.9219685569253944,1.9233802716470103
2022-11-15,401.1499938964844,402.30999755859375,394.489990234375,398.489990234375,93194500,1.9527333310554955,1.958380041387322,1.9203135097073027,1.939784863173751
2022-11-16,396.7799987792969,397.7799987792969,394.7900085449219,395.4500122070313,68508500,1.9314609011621429,1.936328739528755,1.921773950350069,1.9249867414985897
2022-11-17,390.4599914550781,394.9500122070313,390.1400146484375,394.239990234375,74496300,1.9006961270320417,1.9225528223152837,1.8991385316562506,1.9190965501156498
2022-11-18,397.739990234375,397.80999755859375,393.0400085449219,396.0299987792969,92922500,1.936133984398792,1.9364747687375679,1.913255233208498,1.927810022387184
2022-11-21,394.6400146484375,395.8200073242187,392.6600036621094,394.5899963378906,51243200,1.9210438043060047,1.9267878179254936,1.9114054308604433,1.9208003232548916
2022-11-22,396.6300048828125,400.0700073242187,395.1499938964844,399.8999938964844,60429000,1.9307307551180786,1.9474761309835948,1.9235263008558232,1.9466485330972305
2022-11-23,399.5499877929687,402.9299926757813,399.30999755859375,402.4200134277344,68261600,1.9449447599579885,1.9613980774058797,1.943776526287486,1.958915580856061
2022-11-25,401.8299865722656,402.9100036621094,401.5400085449219,402.3299865722656,30545400,1.9560434254916788,1.961300774118217,1.9546318593247003,1.9584773446749848
2022-11-28,399.0899963378906,400.80999755859375,395.1099853515625,395.9100036621094,67881600,1.9427055959046458,1.951078283837404,1.9233315457258602,1.9272259055519325
2022-11-29,396.0499877929687,397.2999877929687,393.2999877929687,395.2300109863281,52310000,1.9279073256748462,1.9339921236331115,1.914520770166663,1.9239158111157493
2022-11-30,395.489990234375,407.6799926757813,393.4800109863281,407.6799926757813,144566700,1.9251813480739148,1.984520309647287,1.9153970939741782,1.984520309647287
2022-12-01,408.7699890136719,410.0,404.75,407.3800048828125,76398200,1.9898262356403373,1.9958137303109398,1.9702575788862264,1.9830600175591582
2022-12-02,402.25,407.8599853515625,402.1400146484375,406.9100036621094,85342700,1.9580879829696964,1.985396484900164,1.9575525920555952,1.980772127584665
2022-12-05,403.9500122070313,404.9299926757813,398.1700134277344,399.5899963378906,77289800,1.9663633676147922,1.9711337541391039,1.9382272677979597,1.9451395150879518
2022-12-06,399.4200134277344,399.989990234375,391.6400146484375,393.8299865722656,77972200,1.9443120657562247,1.947086620723669,1.9064402892061685,1.9171007185587823
2022-12-07,392.94000244140625,395.6400146484375,391.9700012207031,393.1600036621094,65927900,1.9127684196609092,1.9259116426726168,1.90804661050311,1.9138393500437494
2022-12-08,395.1400146484375,397.3599853515625,393.2699890136719,396.239990234375,60737900,1.9234777234893108,1.9342841820507373,1.9143747409578507,1.9288322268488738
2022-12-09,394.94000244140625,397.6199951171875,393.1499938964844,393.2799987792969,81447700,1.9225040963941333,1.9355498675635405,1.9137906241225993,1.9144234668790008
2022-12-12,394.1099853515625,398.9500122070313,393.4100036621094,398.9500122070313,75405800,1.918463707359248,1.9420241757817318,1.9150563096354023,1.9420241757817318
2022-12-13,410.2200012207031,410.489990234375,399.0700073242187,401.9700012207031,123782500,1.9968846606937798,1.9981989235730955,1.9426082926169828,1.9567249941692304
2022-12-14,401.6099853515625,405.5,396.30999755859375,399.3999938964844,108111300,1.9549724951088385,1.9739084576611854,1.9291730111876497,1.9442146139139245
2022-12-15,394.2999877929687,395.25,387.8900146484375,389.6300048828125,117705900,1.9193886085332752,1.924013114403412,1.8881858953313735,1.8966558865517944
2022-12-16,385.1799926757813,386.5799865722656,381.0400085449219,383.2699890136719,119858000,1.874993946398516,1.881808890400845,1.8548411728091534,1.86569635729173
2022-12-19,383.4700012207031,383.8200073242187,378.2799987792969,380.0199890136719,79878100,1.8666699843869077,1.868373757526149,1.8414058913798201,1.849875882600241
2022-12-20,379.2300109863281,382.2300109863281,377.8500061035156,380.5400085449219,74427200,1.8460303972499565,1.8606339123497926,1.8393127565352898,1.8524072536258473
2022-12-21,383.25,387.4100036621094,382.69000244140625,386.2300109863281,78167400,1.8655990540040674,1.88584927943573,1.8628730764031356,1.880105265816241
2022-12-22,383.0499877929687,386.2099914550781,374.7699890136719,380.7200012207031,100120900,1.8646254269088898,1.8800078139739405,1.8243197311755277,1.8532834288787245
2022-12-23,379.6499938964844,383.05999755859375,378.0299987792969,382.9100036621094,59857300,1.8480748061733365,1.8646741528300401,1.840188931788167,1.8639440067859758
2022-12-27,382.7900085449219,383.1499938964844,379.6499938964844,381.3999938964844,51638200,1.8633598899507244,1.8651122404564786,1.8480748061733365,1.8565935233149076
2022-12-28,381.3299865722656,383.3900146484375,376.4200134277344,376.6600036621094,70911500,1.8562527389761316,1.866280622681619,1.8323517833241476,1.8335200169946506
2022-12-29,379.6300048828125,384.3500061035156,379.0799865722656,383.44000244140625,66970900,1.8479775028856738,1.8709537059182682,1.8453001026512545,1.8665239551780948
2022-12-30,380.6400146484375,382.5799865722656,378.4299926757813,382.4299926757813,84022200,1.852894067173436,1.8623375369343969,1.8421360374238847,1.8616073908903328
2023-01-03,384.3699951171875,386.4299926757813,377.8299865722656,380.8200073242187,74850700,1.871051009205931,1.881078744356781,1.8392153046929895,1.853770242426313
2023-01-04,383.1799926757813,385.8800048828125,380.0,383.760009765625,85934100,1.8652582696652917,1.8784014926769992,1.8497785793125783,1.8680816991085236
2023-01-05,381.7200012207031,381.8399963378906,378.760009765625,379.3800048828125,76970500,1.8581512672453364,1.858735384080588,1.8437425072754634,1.8467605432940208
2023-01-06,382.6099853515625,389.25,379.4100036621094,388.0799865722656,104189600,1.8624835661432095,1.8948060842037397,1.8469065725028337,1.8891106479507631
2023-01-09,390.3699951171875,393.7000122070313,387.6700134277344,387.8599853515625,73978100,1.9002580394056032,1.9164680243570187,1.8871149649485333,1.8880397175679229
2023-01-10,387.25,390.6499938964844,386.2699890136719,390.5799865722656,65358100,1.8850704074705156,1.901621028206069,1.8802998723915663,1.901280243867293
2023-01-11,392.2300109863281,395.6000061035156,391.3800048828125,395.5199890136719,68881100,1.9093122960159132,1.9257168875426538,1.9051746036933654,1.9253273772827277
2023-01-12,396.6700134277344,398.489990234375,392.4200134277344,396.9599914550781,90157700,1.9309255102480416,1.939784863173751,1.9102371971899406,1.93233707641502
2023-01-13,393.6199951171875,399.1000061035156,393.3399963378906,398.5,63903900,1.9160785140970924,1.9427543218257959,1.9147155252966264,1.9398335890949012
2023-01-17,398.4800109863281,400.2300109863281,397.05999755859375,397.7699890136719,62677300,1.9397362858072384,1.9482550029488095,1.932823889962609,1.9362800136076048
2023-01-18,399.010009765625,400.1199951171875,391.2799987792969,391.489990234375,99632300,1.9423162341993574,1.9477194634800707,1.9046877901457766,1.9057099946074667
2023-01-19,389.3599853515625,391.0799865722656,387.260009765625,388.6400146484375,86958900,1.895341475117841,1.9037141630505992,1.8851191333916657,1.8918367741063324
2023-01-20,390.1000061035156,396.0400085449219,388.3800048828125,395.8800048828125,91806400,1.8989437765262875,1.927858748308334,1.8905710885935292,1.9270798763431196
2023-01-23,396.7200012207031,402.6499938964844,395.7200012207031,400.6300048828125,84178800,1.9311688427445173,1.9600350886054136,1.9263010043779052,1.950202108584527
2023-01-24,398.8800048828125,401.1499938964844,397.6400146484375,400.2000122070313,59524900,1.9416833914429557,1.9527333310554955,1.9356473194058408,1.948108973739997
2023-01-25,395.9500122070313,400.7000122070313,393.55999755859375,400.3500061035156,84800300,1.9274206606818958,1.950542892923303,1.9157864556794666,1.9488391197840609
2023-01-26,403.1300048828125,404.9200134277344,400.0299987792969,404.75,72287400,1.962371704501057,1.971085176772591,1.947281375853632,1.9702575788862264
2023-01-27,403.6600036621094,408.1600036621094,403.44000244140625,405.6799926757813,68346200,1.9649516528931759,1.98685692554293,1.9638807225103356,1.9747846329140628
2023-01-30,402.7999877929687,405.1300048828125,400.2799987792969,400.5899963378906,74202000,1.9607652346494777,1.972107381234281,1.9484983354452852,1.9500073534545639
2023-01-31,401.1300048828125,406.5299987792969,400.7699890136719,406.4800109863281,86811800,1.952636027767833,1.9789223252366104,1.9508835287074409,1.978678992740135
2023-02-01,405.2099914550781,413.6700134277344,402.3500061035156,410.7999877929687,101459200,1.9724967429395694,2.0136787624804464,1.958574796517285,1.999707941582374
2023-02-02,414.8599853515625,418.30999755859375,412.8800048828125,416.7799987792969,101654500,2.0194713534664483,2.036265455253115,2.0098331285755244,2.028817668494384
2023-02-03,411.5899963378906,416.9700012207031,411.0899963378906,412.3500061035156,94736800,2.003553575487296,2.0297425696684113,2.0011196563039904,2.0072531801834055
2023-02-06,409.7900085449219,411.2900085449219,408.1000061035156,409.8299865722656,60295300,1.9947915258492497,2.0020932833991676,1.9865648671253044,1.994986132424575
2023-02-07,408.8699951171875,416.489990234375,407.5700073242187,415.19000244140625,90990700,1.9903130491879262,2.0274059537727678,1.9839849187331853,2.021077823318027
2023-02-08,413.1300048828125,414.5299987792969,409.9299926757813,410.6499938964844,76227500,2.0110500881671776,2.0178650321695066,1.995472945972164,1.9989777955383101
2023-02-09,414.4100036621094,414.5700073242187,405.80999755859375,407.0899963378906,78694900,2.0172809153342555,2.0180597872994697,1.9754174756704643,1.9816483028375422
2023-02-10,405.8599853515625,408.44000244140625,405.010009765625,408.0400085449219,70769700,1.9756608081669398,1.9882199143433958,1.9715232643990297,1.9862728087076786
2023-02-13,408.7200012207031,412.9700012207031,408.239990234375,412.8299865722656,64913500,1.9895829031438619,2.010271216201963,1.9872462872482184,2.009589647524411
2023-02-14,411.239990234375,415.0499877929687,408.510009765625,412.6400146484375,88389300,2.0018498023480547,2.0203962546404752,1.9885606986821718,2.0086648949050216
2023-02-15,410.3500061035156,414.05999755859375,409.4700012207031,413.9800109863281,61555700,1.9975175034501815,2.0155771421950135,1.9932337819188208,2.0151877804897254
2023-02-16,408.7900085449219,412.9100036621094,408.1400146484375,408.2799987792969,76431500,1.9899236874826376,2.009979157784337,1.9867596222552675,1.9874410423781814
2023-02-17,406.05999755859375,407.510009765625,404.0499877929687,407.260009765625,89257800,1.9766344352621172,1.9836928603155597,1.9668500326077427,1.9824759007239068
2023-02-21,403.05999755859375,404.1600036621094,398.8200073242187,399.0899963378906,82655900,1.962030920162281,1.967385572076482,1.9413913330253298,1.9427055959046458
2023-02-22,399.5199890136719,401.1300048828125,397.0199890136719,398.5400085449219,83742300,1.9447987307491759,1.952636027767833,1.9326291348326459,1.9400283442248643
2023-02-23,401.55999755859375,402.2000122070313,396.25,400.6600036621094,96242400,1.954729162612363,1.957844650473221,1.9288809527700241,1.9503481377933396
2023-02-24,395.4200134277344,397.25,393.6400146484375,396.3800048828125,108194400,1.9248407122897766,1.933748791136636,1.9161759659393927,1.9295137955264257
2023-02-27,399.8699951171875,401.2900085449219,396.75,397.7300109863281,80444700,1.9465025038884176,1.9534148997330474,1.9313148719533302,1.9360854070322795
2023-02-28,397.2300109863281,399.2799987792969,396.1499938964844,396.260009765625,96438600,1.9336514878489734,1.943630497078673,1.9283941392224353,1.9289296786911743
2023-03-01,395.4100036621094,396.69000244140625,393.3800048828125,394.739990234375,99706800,1.9247919863686265,1.9310228135357044,1.9149102804265894,1.9215304692989559
2023-03-02,392.6799926757813,398.69000244140625,392.3299865722656,397.80999755859375,85127800,1.9115027341481063,1.9407584902689285,1.9097989610088641,1.9364747687375679
2023-03-03,399.7099914550781,404.4500122070313,399.0299987792969,404.19000244140625,90120000,1.9457236319232032,1.9687972867980983,1.94241353748702,1.9675316012852948
2023-03-06,405.0499877929687,407.4500122070313,404.010009765625,404.4700012207031,72795900,1.9717178709743548,1.9834008018979343,1.9666554260324176,1.9688945900857606
2023-03-07,404.4200134277344,404.6700134277344,397.6300048828125,398.2699890136719,108310600,1.968651257589285,1.969868217180938,1.9355985934846907,1.9387139327909109
2023-03-08,398.3900146484375,399.7099914550781,396.5899963378906,398.9200134277344,74746600,1.9392981981808,1.9457236319232032,1.9305359999881155,1.9418781465729187
2023-03-09,399.739990234375,401.4800109863281,390.5299987792969,391.55999755859375,111945300,1.945869661132016,1.9543398009070747,1.9010369113708177,1.9060507789462426
2023-03-10,390.989990234375,393.1600036621094,384.3200073242187,385.9100036621094,189253000,1.9032760754241607,1.9138393500437494,1.870807676709455,1.878547521885812
2023-03-13,381.80999755859375,390.3900146484375,380.6499938964844,385.3599853515625,157790000,1.8585893548717751,1.9003554912479035,1.8529426445399486,1.8758701216513927
2023-03-14,390.5,393.4500122070313,387.0499877929687,391.7300109863281,149752400,1.9008908821620047,1.9152510647653656,1.884096780375338,1.9068783768326072
2023-03-15,385.8900146484375,389.489990234375,383.7099914550781,389.2799987792969,172996900,1.8784502185981493,1.8959743178742425,1.8678382180574105,1.8949521134125527
2023-03-16,386.8200073242187,396.4700012207031,386.2900085449219,396.1099853515625,143254200,1.8829772726259852,1.9299518831528641,1.8803973242338665,1.9281993840924723
2023-03-17,393.2200012207031,394.3999938964844,388.5499877929687,389.989990234375,140553400,1.914131408461375,1.9198754220808643,1.891398537925256,1.8984082370575486
2023-03-20,390.7999877929687,394.1700134277344,390.0700073242187,393.739990234375,93055800,1.9023511742501331,1.9187559143315116,1.8987977473174744,1.9166626309323438
2023-03-21,397.239990234375,399.4100036621094,395.5799865722656,398.9100036621094,91524200,1.9337000652154859,1.9442633398350746,1.9256194357003533,1.9418294206517686
2023-03-22,398.7300109863281,402.489990234375,392.0700073242187,392.1099853515625,111746600,1.9409532453988916,1.9592562166401992,1.9085334240506984,1.9087280306260241
2023-03-23,395.0899963378906,399.2900085449219,390.3500061035156,393.1700134277344,119351300,1.9232342424381976,1.9436792229998232,1.9001607361179405,1.9138880759648995
2023-03-24,391.8399963378906,395.8399963378906,389.3999938964844,395.75,107682400,1.9074137677467085,1.9268851212131566,1.895536230247804,1.926447033586718
2023-03-27,398.1199951171875,398.9200134277344,395.55999755859375,396.489990234375,74010400,1.9379837867468466,1.9418781465729187,1.9255221324126908,1.930049186440527
2023-03-28,395.7699890136719,396.489990234375,393.69000244140625,395.6000061035156,62871700,1.9265443368743806,1.930049186440527,1.9164192984358681,1.9257168875426538
2023-03-29,399.9299926757813,401.6000061035156,398.6799926757813,401.3500061035156,77497900,1.9467945623060436,1.954923917742326,1.9407097643477786,1.953706958150673
2023-03-30,404.0899963378906,404.3500061035156,401.760009765625,403.7000122070313,69840000,1.967044787737706,1.9683104732505092,1.9557027897075405,1.9651464080231391
2023-03-31,404.6600036621094,409.7000122070313,404.5499877929687,409.3900146484375,112062600,1.969819491259788,1.9943534382228114,1.9692839517910488,1.9928444202135325
2023-04-03,408.8500061035156,411.3699951171875,408.44000244140625,410.9500122070313,67391100,1.9902157459002634,2.002482645104456,1.9882199143433958,2.0004382361810764
2023-04-04,411.6199951171875,411.9200134277344,407.239990234375,408.6700134277344,66601500,2.0036996046961093,2.0051600453388754,1.9823784488816063,1.9893395706473862
2023-04-05,407.9100036621094,408.7000122070313,405.8800048828125,407.6000061035156,65200200,1.9856399659512771,1.9894855998561993,1.97575826000924,1.9841309479419984
2023-04-06,406.7699890136719,409.4800109863281,405.6799926757813,409.19000244140625,63743300,1.9800905589071132,1.993282507839971,1.9747846329140628,1.991870793118355
2023-04-10,406.6099853515625,409.69000244140625,405.9700012207031,409.6099853515625,63681000,1.9793116869418987,1.994304712301661,1.9761963476356788,1.993915202041735
2023-04-11,410.260009765625,411.1799926757813,408.9200134277344,409.7200012207031,59297900,1.9970794158237428,2.0015577439304293,1.9905565302390393,1.9944507415104737
2023-04-12,411.8699951171875,412.1700134277344,407.44000244140625,408.0499877929687,86420400,2.0049165642877624,2.0063770049305285,1.983352075976784,1.9863213860741908
2023-04-13,409.1799926757813,413.8399963378906,407.989990234375,413.4700012207031,85814800,1.9918220671972051,2.0145062118121735,1.9860293276565655,2.012705135385269
2023-04-14,412.80999755859375,415.0899963378906,410.05999755859375,412.4599914550781,78161500,2.0094923442367487,2.0205910097704387,1.9961057887285654,2.0077885710975067
2023-04-17,412.3699951171875,413.9599914550781,411.0899963378906,413.94000244140625,66436400,2.0073504834710683,2.015090328647425,2.0011196563039904,2.0149930253597623
2023-04-18,415.5799865722656,415.7200012207031,412.7799987792969,414.2099914550781,63560000,2.022976203032594,2.023657771710146,2.0093463150279356,2.016307288239078
2023-04-19,412.2200012207031,415.0799865722656,412.1600036621094,414.1400146484375,55227300,2.006620337427004,2.0205422838492884,2.006328279009378,2.0159666524549396
2023-04-20,411.2099914550781,413.7000122070313,410.2699890136719,411.8800048828125,75840400,2.0017037731392415,2.0138247916892595,1.9971279931902555,2.0049652902089123
2023-04-21,412.19000244140625,412.6799926757813,410.1700134277344,412.2000122070313,73457400,2.0064743082181913,2.008859501480347,1.9966413281973043,2.0065230341393416
2023-04-24,411.989990234375,413.0700073242187,410.6000061035156,412.6300048828125,64332100,2.0055006811230136,2.0107580297495513,1.9987344630418344,2.0086161689838713
2023-04-25,410.5799865722656,411.1600036621094,406.0199890136719,406.0799865722656,97766700,1.9986370111995342,2.001460440642766,1.9764396801321542,1.97673173854978
2023-04-26,406.7200012207031,407.8399963378906,403.7799987792969,404.3599853515625,80447000,1.9798472264106377,1.9852991816125012,1.9655357697284273,1.9683590506170217
2023-04-27,407.0,412.69000244140625,406.739990234375,412.4100036621094,92968400,1.9812102152111035,2.008908227401497,1.9799445296983005,2.0075452386010313
2023-04-28,411.489990234375,415.94000244140625,411.4299926757813,415.9299926757813,89433100,2.003066761939708,2.0247287020929865,2.002774703522082,2.0246799761718366
2023-05-01,415.4700012207031,417.6199951171875,415.2699890136719,415.510009765625,62122300,2.022440812118493,2.0329066348957814,2.0214671850233157,2.022635567248456
2023-05-02,414.7699890136719,414.8200073242187,407.8200073242187,410.8399963378906,103998500,2.0190332658400094,2.0192767468911224,1.9852018783248382,1.9999026967123372
2023-05-03,411.3599853515625,413.8699951171875,407.7699890136719,408.0199890136719,91531800,2.002433919183306,2.014652241020986,1.9849583972737253,1.9861753568653784
2023-05-04,406.9299926757813,407.2699890136719,403.739990234375,405.1300048828125,94901900,1.980869430872328,1.9825244780904192,1.9653410145984642,1.972107381234281
2023-05-05,408.9100036621094,413.7200012207031,408.6400146484375,412.6300048828125,87891800,1.9905078043178892,2.013922094976922,1.9891935414385733,2.0086161689838713
2023-05-08,412.9700012207031,413.239990234375,411.2799987792969,412.739990234375,50046800,2.010271216201963,2.011585479081279,2.0020445574780177,2.0091515598979726
2023-05-09,411.1300048828125,412.0899963378906,410.69000244140625,410.9299926757813,49220100,2.0013144114339534,2.0059874946706024,1.999172550668273,2.000340784338776
2023-05-10,413.8800048828125,414.5400085449219,408.8699951171875,412.8500061035156,96142900,2.0147009669421365,2.017913758090657,1.9903130491879262,2.0096870993667117
2023-05-11,411.9500122070313,412.4299926757813,409.9700012207031,412.1300048828125,70157100,2.0053060745476885,2.007642541888694,1.9956677011021269,2.0061822498005655
2023-05-12,413.4200134277344,413.6400146484375,409.0700073242187,411.5899963378906,70481500,2.0124618028887933,2.0135327332716337,1.9912866762831032,2.003553575487296
2023-05-15,412.2200012207031,413.4299926757813,410.2300109863281,413.010009765625,54289400,2.006620337427004,2.012510380255306,1.9969333866149301,2.010465971331926
2023-05-16,411.8599853515625,412.8200073242187,410.239990234375,410.25,57705500,2.004867838366612,2.0095410701578986,1.9969819639814426,1.9970306899025927
2023-05-17,412.3500061035156,415.8599853515625,410.6400146484375,415.2300109863281,87287000,2.0072531801834055,2.0243391918330604,1.9989292181717975,2.02127257844799
2023-05-18,414.8999938964844,419.6700134277344,414.6700134277344,419.2300109863281,97177200,2.0196661085964114,2.042885792680119,2.0185466008470585,2.0407439319144385
2023-05-19,420.1700134277344,420.7200012207031,417.3500061035156,418.6199951171875,103793300,2.0453197118634248,2.0479969635432065,2.031592372016466,2.0377744732623935
2023-05-22,418.6400146484375,420.3900146484375,417.3500061035156,418.7900085449219,60745400,2.0378719251046937,2.0463906422462648,2.031592372016466,2.038602071148758
2023-05-23,417.0799865722656,418.7200012207031,413.6799926757813,414.0899963378906,86383500,2.0302779605825125,2.0382612868099823,2.0137273398469593,2.0157231714038266
2023-05-24,412.4200134277344,412.8200073242187,409.8800048828125,411.0899963378906,89213700,2.0075939645221816,2.0095410701578986,1.9952296134756884,2.0011196563039904
2023-05-25,414.739990234375,416.1600036621094,412.4100036621094,414.6499938964844,90961600,2.0188872366311967,2.0257996324758265,2.0075452386010313,2.0184491490047582
2023-05-26,415.3299865722656,420.7699890136719,415.25,420.0199890136719,93830000,2.0217592434409415,2.048240296039682,2.021369881735653,2.044589417264723
2023-05-30,422.0299987792969,422.5799865722656,418.739990234375,420.1799926757813,72216000,2.054373819919097,2.057051071598879,2.038358590097645,2.0453682892299376
2023-05-31,418.2799987792969,419.2200012207031,416.2200012207031,417.8500061035156,110811800,2.036119426044302,2.040695205993288,2.0260916908934523,2.0340262911997717
2023-06-01,418.0899963378906,422.9200134277344,416.7900085449219,421.8200073242187,88865000,2.0351945248702745,2.058706267371608,2.028866394415534,2.053351615457407
2023-06-02,424.5,428.739990234375,423.9500122070313,427.9200134277344,91426200,2.0663973866268144,2.0870369737637655,2.063720134947033,2.0830454592046683
2023-06-05,428.2799987792969,429.6199951171875,426.3699951171875,427.1000061035156,65460200,2.0847978097104223,2.091320695295126,2.075500220603637,2.079053796090933
2023-06-06,426.6700134277344,428.5799865722656,425.989990234375,428.0299987792969,64022200,2.076960661246403,2.086258101798551,2.0736504182555824,2.0835808501187696
2023-06-07,428.44000244140625,429.6199951171875,426.1099853515625,426.5499877929687,85373300,2.085576681675637,2.091320695295126,2.0742345350908336,2.0763763958565136
2023-06-08,426.6199951171875,429.6000061035156,425.8200073242187,429.1300048828125,61952800,2.0767171801952897,2.091223392007463,2.072822968923855,2.08893550203297
2023-06-09,429.9599914550781,431.989990234375,428.8699951171875,429.8999938964844,85742800,2.0929757425132176,2.1028574484552545,2.087669816520167,2.092683684095592
2023-06-12,430.9200134277344,433.8800048828125,430.1700134277344,433.7999877929687,76104300,2.097648974304504,2.1120577342743774,2.093998095529545,2.1116682240144513
2023-06-13,435.3200073242187,437.3299865722656,434.6300048828125,436.6600036621094,95899700,2.1190674334066695,2.1288516875064065,2.1157086130493363,2.1255903189913736
2023-06-14,437.010009765625,439.05999755859375,433.5899963378906,437.1799926757813,100612100,2.127294092130615,2.137273101360315,2.110646019552761,2.1281215414623422
2023-06-15,436.3299865722656,443.8999938964844,436.2300109863281,442.6000061035156,110303100,2.1239838491397944,2.1608334212281606,2.123497184146843,2.15450529077342
2023-06-16,443.0199890136719,443.6099853515625,438.9700012207031,439.4599914550781,114165800,2.1565496996968,2.1594217065065444,2.1368350137338763,2.139220206996032
2023-06-20,437.4500122070313,438.3699951171875,435.0299987792969,437.1799926757813,76160400,2.1294359528962956,2.1339142810029816,2.1176557186850538,2.1281215414623422
2023-06-21,436.1600036621094,436.989990234375,434.3299865722656,434.94000244140625,76982300,2.1231563998080674,2.127196640288315,2.1142481724065703,2.1172176310586153
2023-06-22,433.9500122070313,436.6199951171875,433.6000061035156,436.510009765625,70637200,2.1123985186131535,2.1253955638614106,2.1106947454739116,2.1248601729473093
2023-06-23,432.9299926757813,435.05999755859375,432.4700012207031,433.2099914550781,92074500,2.107433228404241,2.1178017478938664,2.105194064350898,2.108796217204707
2023-06-26,432.6199951171875,434.6099853515625,431.19000244140625,431.44000244140625,72823600,2.1059242103949622,2.115611161207036,2.09896323718382,2.100180196775473
2023-06-27,432.3500061035156,436.80999755859375,431.8800048828125,436.1700134277344,72813700,2.1046099475156463,2.126320465035438,2.102322057541153,2.1232051257292177
2023-06-28,435.0499877929687,437.44000244140625,434.4100036621094,436.3900146484375,75636000,2.117753021972716,2.1293872269751453,2.1146376826664963,2.1242760561120577
2023-06-29,435.9599914550781,438.2799987792969,435.5400085449219,438.1099853515625,67882300,2.12218277271289,2.1334761933765427,2.12013836378951,2.132648595490178
2023-06-30,441.44000244140625,444.2999877929687,441.1099853515625,443.2799987792969,104964000,2.1488585804415936,2.1627805268638776,2.1472521105900144,2.157815385209603
2023-07-03,442.9200134277344,444.0799865722656,442.6300048828125,443.7900085449219,32793400,2.1560630347038487,2.1617095964810376,2.154651319982233,2.1602980303140593
2023-07-05,441.9100036621094,443.8900146484375,441.8999938964844,443.1300048828125,58418400,2.1511464704160868,2.160784843861648,2.1510977444949364,2.157085239165539
2023-07-06,439.4200134277344,440.1000061035156,437.05999755859375,439.6600036621094,80658300,2.1390256004207067,2.14233569485689,2.1275374246270906,2.1401938340912094
2023-07-07,438.6300048828125,442.6400146484375,438.2999877929687,438.5499877929687,86134200,2.1351799665157847,2.154700045903383,2.1335734966642055,2.134790456255858
2023-07-10,438.1799926757813,439.8399963378906,437.5899963378906,439.6600036621094,62443500,2.1329893798289543,2.141070009344087,2.1301173730192096,2.1401938340912094
2023-07-11,440.4500122070313,442.9700012207031,439.44000244140625,442.4599914550781,64463800,2.144039467996132,2.1563063672003246,2.1391229037083694,2.153823722095868
2023-07-12,446.3900146484375,447.4800109863281,444.9100036621094,446.0199890136719,91924500,2.172954439778178,2.1782603657712287,2.165749985515923,2.171153214796636
2023-07-13,447.8999938964844,450.3800048828125,447.4500122070313,449.55999755859375,72425200,2.180304774694609,2.192377067323476,2.178114336562416,2.1883854042097415
2023-07-14,450.4800109863281,451.3599853515625,448.489990234375,449.2799987792969,69815800,2.192863880871065,2.197147453847788,2.1831767815043532,2.1870224154092757
2023-07-17,449.1300048828125,451.9299926757813,449.0799865722656,450.8399963378906,52680200,2.1862922693652114,2.19992215736987,2.186048788314098,2.1946162313768194
2023-07-18,450.5,454.8599853515625,450.0499877929687,454.19000244140625,80668200,2.1929611841587278,2.21418488813093,2.190770597471897,2.210923519615897
2023-07-19,455.010009765625,456.4299926757813,454.1099853515625,455.2000122070313,65891700,2.214915182729632,2.221827430019624,2.210534009355971,2.2158400839036596
2023-07-20,454.1700134277344,455.1000061035156,451.44000244140625,452.1799926757813,70591600,2.2108262163282344,2.2153532703560708,2.197536964107714,2.201139116961523
2023-07-21,453.9599914550781,454.1700134277344,452.1700134277344,452.1799926757813,71275600,2.209803863311907,2.2108262163282344,2.20109053959501,2.201139116961523
2023-07-24,453.3699951171875,455.0400085449219,452.2999877929687,454.2000122070313,54023400,2.206931856502162,2.215061211938445,2.201723233796774,2.2109722455370475
2023-07-25,453.9200134277344,456.739990234375,453.8699951171875,455.44000244140625,55191200,2.2096092567365813,2.2233364480289026,2.2093657756854683,2.2170083175741624
2023-07-26,454.4700012207031,456.989990234375,453.3800048828125,455.510009765625,71052900,2.212286508416363,2.2245534076205558,2.2069805824233124,2.217349101912938
2023-07-27,459.0199890136719,459.44000244140625,451.5499877929687,452.489990234375,92194400,2.2344351135625926,2.2364796710406103,2.198072355021815,2.2026481349708016
2023-07-28,455.8800048828125,457.7799987792969,452.489990234375,456.9200134277344,80011800,2.2191501783398424,2.2283990415254777,2.2026481349708016,2.2242127718364175
2023-07-31,457.4100036621094,458.1600036621094,456.0499877929687,457.7900085449219,62040400,2.2265979650985734,2.2302488438735324,2.219977627671569,2.228447767446628
2023-08-01,456.2699890136719,457.25,455.489990234375,456.4800109863281,55291500,2.2210485580544095,2.225819093133359,2.217251650070638,2.222070911070737
2023-08-02,453.25,453.5199890136719,449.3500061035156,450.1300048828125,93933400,2.206347739666911,2.2076620025462264,2.1873631997480514,2.191160107731823
2023-08-03,448.0400085449219,450.7900085449219,447.3699951171875,448.8399963378906,64276100,2.1809863433721604,2.1943728988803435,2.17772482630249,2.184880554643595
2023-08-04,450.7200012207031,452.8999938964844,446.2699890136719,446.80999755859375,100128900,2.1940321145415678,2.204643966527669,2.172370174388289,2.1749988487015584
2023-08-07,448.7099914550781,450.8699951171875,447.989990234375,450.7099914550781,58357500,2.1842477118871937,2.194762260585632,2.1807428623210474,2.193983388620418
2023-08-08,448.0799865722656,450.7000122070313,445.2699890136719,448.75,71361300,2.181180949947486,2.1939348112539054,2.167502336021677,2.1844424670171567
2023-08-09,449.0299987792969,449.2000122070313,444.9599914550781,445.75,78789600,2.1858054558176225,2.1866330537039875,2.1659933180123985,2.1698389519173205
2023-08-10,448.19000244140625,451.7000122070313,444.7000122070313,445.9100036621094,93005500,2.1817164894162246,2.1988026496205175,2.164727781054233,2.1706178238825347
2023-08-11,443.9700012207031,446.7000122070313,443.3500061035156,445.6499938964844,68690900,2.1611742055669363,2.174463457787457,2.158156169548379,2.1693521383697316
2023-08-14,444.7000122070313,448.1099853515625,444.3800048828125,448.1099853515625,47867400,2.164727781054233,2.1813269791562986,2.163170037123804,2.1813269791562986
2023-08-15,446.2699890136719,446.6400146484375,442.2999877929687,442.8900146484375,75707500,2.172370174388289,2.1741713993698313,2.1530448501306534,2.155917005495036
2023-08-16,442.4599914550781,444.1799926757813,439.5299987792969,439.6400146484375,80107200,2.153823722095868,2.162196410028627,2.139560991334808,2.1400965308035467
2023-08-17,441.1600036621094,441.4299926757813,435.75,436.2900085449219,95711300,2.147495591641128,2.1488098545204437,2.1211605682512,2.123789242564469
2023-08-18,433.3699951171875,437.5700073242187,433.010009765625,436.5,98852000,2.109575089169921,2.130020069731547,2.107822738664167,2.124811447026159
2023-08-21,437.5499877929687,440.1099853515625,435.3200073242187,439.3399963378906,68719000,2.129922617889246,2.1423842722234023,2.1190674334066695,2.1386360901607806
2023-08-22,441.1799926757813,441.1799926757813,437.5700073242187,438.1499938964844,64994200,2.1475928949287906,2.1475928949287906,2.130020069731547,2.132843350620141
2023-08-23,439.25,443.6700134277344,439.1000061035156,443.0299987792969,68441000,2.138198002534342,2.159713913478808,2.137467856490278,2.15659842561795
2023-08-24,444.69000244140625,445.2200012207031,436.8599853515625,436.8900146484375,88517300,2.1646790551330826,2.1672590035252015,2.1265637975319134,2.1267099752953635
2023-08-25,438.6799926757813,441.2999877929687,435.0,439.9700012207031,102325100,2.1354232990122606,2.1481770117640413,2.117509689476241,2.1417028521004884
2023-08-28,442.239990234375,443.3999938964844,439.9700012207031,442.760009765625,61595400,2.152752791713028,2.1583995020448548,2.1417028521004884,2.1552841627386345
2023-08-29,442.6499938964844,449.4500122070313,442.4599914550781,449.1600036621094,83081900,2.1547486232698954,2.18785001329564,2.153823722095868,2.186438298574024
2023-08-30,449.510009765625,451.6700134277344,448.7799987792969,451.010009765625,69053900,2.1881420717132656,2.1986566204117044,2.1845884962259694,2.195443829263184
2023-08-31,451.6499938964844,452.8299865722656,450.1600036621094,450.3500061035156,66084600,2.198559168569404,2.204303182188893,2.191306136940636,2.1922310381146635
2023-09-01,453.1700134277344,453.6700134277344,449.6799926757813,451.19000244140625,58944100,2.2059583779616223,2.2083922971449286,2.188969521044993,2.196320004516061
2023-09-05,450.7300109863281,451.05999755859375,449.1700134277344,449.239990234375,55166200,2.194080840462718,2.1956871617596594,2.1864870244951744,2.1868276602793126
2023-09-06,448.3999938964844,448.510009765625,443.80999755859375,446.2200012207031,70758500,2.1827386938779147,2.183274233346654,2.160395333601722,2.1721268418918136
2023-09-07,443.1099853515625,445.5499877929687,442.75,444.8500061035156,70355400,2.1569877873232386,2.168865324822143,2.155235436817484,2.165457927098297
2023-09-08,444.8999938964844,447.1099853515625,444.5299987792969,445.5199890136719,61659700,2.1657012595947727,2.176459140789687,2.1639001831678684,2.16871929561333
2023-09-11,448.239990234375,448.7699890136719,446.4700012207031,448.4500122070313,60180100,2.1819598219127005,2.184539770304819,2.1733438014834667,2.182982174929028
2023-09-12,446.9500122070313,448.5299987792969,445.3900146484375,445.989990234375,67565400,2.17568041737911,2.1833715366343163,2.168086601411566,2.1710071855878232
2023-09-13,446.2200012207031,447.7099914550781,445.0799865722656,446.510009765625,60199300,2.1721268418918136,2.1793798735205816,2.1665774348476496,2.1735385566134298
2023-09-14,449.0700073242187,451.0799865722656,447.7200012207031,450.3599853515625,83430800,2.186000210947585,2.195784465047322,2.1794285994417315,2.192279615481176
2023-09-15,447.1400146484375,447.4800109863281,442.9200134277344,443.3699951171875,111848900,2.176605318553137,2.1782603657712287,2.1560630347038487,2.1582534728360416
2023-09-18,443.0499877929687,444.9700012207031,442.55999755859375,443.6300048828125,55752200,2.1566957289056123,2.1660420439335484,2.154310535643457,2.159519158348845
2023-09-19,442.6799926757813,443.2900085449219,439.94000244140625,442.7099914550781,66514600,2.1548946524787085,2.1578641111307535,2.1415568228916753,2.155040681687521
2023-09-20,444.010009765625,444.44000244140625,438.4299926757813,438.6400146484375,82562600,2.1613689606968993,2.16346209554143,2.1342063394206074,2.135228692436935
2023-09-21,435.7000122070313,435.9700012207031,431.2300109863281,431.3900146484375,104095800,2.1209172357547246,2.12223149863404,2.099157992313783,2.0999368642789973
2023-09-22,432.4500122070313,434.1000061035156,429.989990234375,430.4200134277344,100829700,2.1050967610632356,2.1131286646572174,2.0931217717220303,2.0952150551211983
2023-09-25,429.1700134277344,432.2699890136719,428.7200012207031,432.2300109863281,70874500,2.089130257162933,2.1042204372557203,2.0869396704761027,2.104025830680395
2023-09-26,429.0899963378906,429.8200073242187,425.0199890136719,425.8800048828125,96168400,2.088740746903007,2.092294322390303,2.068928609097783,2.073115027341481
2023-09-27,427.0899963378906,427.6700134277344,422.2900085449219,426.0499877929687,104705800,2.0790050701697833,2.081828499613015,2.0556395054319,2.0739424766732077
2023-09-28,425.4800109863281,430.25,424.8699951171875,428.5199890136719,92258300,2.0711679217057637,2.0943874572348338,2.0681984630537187,2.0859660433809255
2023-09-29,431.6700134277344,431.8500061035156,425.9100036621094,427.4800109863281,115111300,2.1012998530794635,2.1021760283323405,2.073261056550294,2.080903598438988
2023-10-02,426.6199951171875,428.6000061035156,424.4599914550781,427.30999755859375,83798600,2.0767171801952897,2.086355553640851,2.0662026314968513,2.0800760005526233
2023-10-03,425.05999755859375,427.3699951171875,420.1799926757813,421.5899963378906,103760600,2.069123364227746,2.080368058970249,2.0453682892299376,2.052231959153417
2023-10-04,422.0700073242187,425.4299926757813,420.55999755859375,424.6600036621094,87453000,2.05456857504906,2.0709244406546508,2.047218091577992,2.067176258592029
2023-10-05,424.3599853515625,425.3699951171875,421.1700134277344,424.5,70142700,2.0657158179492625,2.070632382237025,2.050187550230037,2.0663973866268144
2023-10-06,421.9700012207031,431.1300048828125,420.6000061035156,429.5400085449219,113273300,2.0540817615014713,2.0986711787661942,2.047412846707955,2.090931333589838
2023-10-09,427.5799865722656,432.8800048828125,427.010009765625,432.2900085449219,80374400,2.081390263431939,2.1071898959077653,2.0786157084644947,2.104317889098021
2023-10-10,432.94000244140625,437.2200012207031,432.5299987792969,434.5400085449219,78607300,2.107481954325391,2.1283162965923053,2.1054861227685238,2.115270525422898
2023-10-11,435.6400146484375,436.5799865722656,433.1799926757813,436.3200073242187,62451700,2.1206251773370988,2.1252008087314476,2.1086501879958943,2.1239352717732816
2023-10-12,436.9500122070313,437.3399963378906,431.2300109863281,433.6600036621094,81154200,2.12700203371299,2.1289004134275564,2.099157992313783,2.1109868038915374
2023-10-13,435.2099914550781,436.4500122070313,429.8800048828125,431.5,95143100,2.1185318939379307,2.1245681145296835,2.0925863808079295,2.1004722551930985
2023-10-16,433.8200073242187,437.1400146484375,433.5700073242187,436.0400085449219,75433200,2.1117656758567516,2.1279269348870167,2.1105487162650984,2.122572282972816
2023-10-17,432.80999755859375,438.1400146484375,432.4500122070313,436.0199890136719,75324700,2.1068491115689896,2.1327947732536288,2.1050967610632356,2.1224748311305155
2023-10-18,434.19000244140625,435.1799926757813,429.0899963378906,430.2099914550781,93559800,2.1135667522836563,2.1183858647291185,2.088740746903007,2.0941927021048707
2023-10-19,430.9500122070313,432.8200073242187,425.7300109863281,426.4299926757813,121323000,2.0977950035133173,2.1068978374901395,2.072384881297417,2.075792279021263
2023-10-20,425.9800109863281,426.5400085449219,421.0799865722656,421.19000244140625,123919900,2.07360184088907,2.0763278184900016,2.0497493140489604,2.0502848535176996
2023-10-23,419.6099853515625,424.4500122070313,417.7999877929687,420.4599914550781,92035100,2.042593585707855,2.066154054130339,2.0337828101486584,2.046731278030403
2023-10-24,422.6499938964844,424.8200073242187,420.739990234375,423.6300048828125,78564200,2.0573918559376545,2.0679551305572432,2.0480942668308693,2.062162391016604
2023-10-25,421.8900146484375,421.9200134277344,417.0199890136719,417.5499877929687,94223200,2.053692399796183,2.053838429004996,2.0299859021648867,2.0325658505570052
2023-10-26,416.4500122070313,417.3299865722656,411.6000061035156,412.5499877929687,115156800,2.0272113471974427,2.0314949201741657,2.0036023014084465,2.0082266587239452
2023-10-27,414.19000244140625,414.6000061035156,409.2099914550781,410.6799926757813,107367700,2.016209984951415,2.018205816508283,1.9919680964060176,1.9991238247471232
2023-10-30,413.55999755859375,416.6799926757813,412.2200012207031,415.5899963378906,86562700,2.0131432230117077,2.0283308549467955,2.006620337427004,2.0230249289537445
2023-10-31,416.1799926757813,418.5299987792969,414.2099914550781,418.2000122070313,79665200,2.0258969357634893,2.037336385635955,2.016307288239078,2.0357300643390137
2023-11-01,419.2000122070313,423.5,418.6499938964844,422.6600036621094,98068100,2.040597902705626,2.0615295482602023,2.0379205024712066,2.057440581858805
2023-11-02,426.5799865722656,430.9200134277344,426.55999755859375,430.760009765625,94938900,2.0765224250653267,2.097648974304504,2.0764251217776644,2.09687010233929
2023-11-03,433.1400146484375,436.2900085449219,433.010009765625,434.69000244140625,100167800,2.1084555814205688,2.123789242564469,2.107822738664167,2.116000671466962
2023-11-06,435.4700012207031,436.1499938964844,433.6799926757813,435.69000244140625,67831700,2.119797579450734,2.1231076738869175,2.1110841071792,2.1208685098335742
2023-11-07,435.69000244140625,437.5899963378906,434.510009765625,436.9299926757813,64256100,2.1208685098335742,2.1301173730192096,2.115124496214085,2.1269045818706895
2023-11-08,437.5499877929687,438.0899963378906,434.8699951171875,437.25,61746000,2.129922617889246,2.132551292202516,2.116876846719839,2.128462325801118
2023-11-09,438.4299926757813,438.4700012207031,433.3999938964844,433.8399963378906,83174400,2.1342063394206074,2.13440109455057,2.1097211183787343,2.1118629791444143
2023-11-10,435.9800109863281,440.9299926757813,433.8299865722656,440.6099853515625,89462200,2.1222802245551904,2.1463759353371374,2.1118142532232644,2.1448181914067086
2023-11-13,439.2300109863281,441.3299865722656,438.4200134277344,440.19000244140625,52236100,2.1381006992466793,2.1483230409728544,2.1341577620540946,2.1427737824833284
2023-11-14,446.3200073242187,450.05999755859375,446.0899963378906,448.7300109863281,97176900,2.172613655439402,2.1908193233930473,2.171493999135412,2.184345163729494
2023-11-15,450.1099853515625,451.3800048828125,448.7999877929687,449.6799926757813,77327600,2.1910626558895228,2.1972449056900882,2.1846857995136317,2.188969521044993
2023-11-16,449.2200012207031,450.55999755859375,448.1199951171875,450.2300109863281,66665800,2.18673035699165,2.1932532425763536,2.181375705077449,2.191646921279412
2023-11-17,450.239990234375,451.4200134277344,449.2900085449219,450.7900085449219,83133200,2.1916954986459243,2.1974396608200513,2.1870711413304256,2.1943728988803435
2023-11-20,450.5299987792969,455.1300048828125,450.5199890136719,454.260009765625,69936200,2.1931072133675404,2.2154992995648835,2.1930584874463905,2.211264303954673
2023-11-21,453.1799926757813,454.1300048828125,451.9599914550781,453.2699890136719,49244600,2.206006955328135,2.2106314611982714,2.2000681865786826,2.2064450429545737
2023-11-22,454.9800109863281,456.3800048828125,453.8900146484375,455.0199890136719,59394900,2.214769153520819,2.2215840975231487,2.2094632275277686,2.2149637600961447
2023-11-24,455.0700073242187,455.5,454.7300109863281,455.2999877929687,29737400,2.2152072411472576,2.2173003759917878,2.213552193929166,2.21632674889661
2023-11-27,454.6499938964844,455.489990234375,454.0799865722656,454.4800109863281,50506000,2.21316268366924,2.217251650070638,2.2103879801471584,2.2123352343375133
2023-11-28,454.0799865722656,456.2699890136719,453.5,454.9299926757813,62115000,2.2103879801471584,2.2210485580544095,2.207564699258564,2.214525672469706
2023-11-29,457.1499938964844,458.3200073242187,454.2000122070313,454.6099853515625,63146000,2.2253322795857704,2.2310277158387466,2.2109722455370475,2.212967928539277
2023-11-30,455.4800109863281,456.760009765625,453.3399963378906,456.3999938964844,79752700,2.2172030727041254,2.2234338998712033,2.2067858272933494,2.221681400810811
2023-12-01,455.7699890136719,459.6499938964844,455.1600036621094,459.1000061035156,89183400,2.2186146388711037,2.2375018755023004,2.215645328773696,2.2348246238225187
2023-12-04,455.6000061035156,459.1199951171875,454.3399963378906,456.69000244140625,72430900,2.2177871895393766,2.2349219271101814,2.2116536656599615,2.223093115532427
2023-12-05,455.260009765625,457.5899963378906,454.8699951171875,456.6000061035156,69793500,2.216132142321285,2.2274741403514504,2.2142336140520804,2.2226550279059887
2023-12-06,458.80999755859375,458.8399963378906,454.30999755859375,454.760009765625,69124700,2.233412909100903,2.2335589383097156,2.2115076364511483,2.213698223137979
2023-12-07,456.9100036621094,458.8999938964844,456.2900085449219,458.2300109863281,66995400,2.2241640459152676,2.2338509967273414,2.2211460098967097,2.2305896282123086
2023-12-08,457.4599914550781,460.75,457.2099914550781,460.2000122070313,83194400,2.226841297595049,2.2428565274165013,2.2256243380033958,2.24017927573672
2023-12-11,459.69000244140625,462.1700134277344,459.4700012207031,461.989990234375,65002200,2.2376966306322634,2.2497689232611306,2.2366257002494234,2.248892599453616
2023-12-12,461.6300048828125,464.2000122070313,460.6000061035156,464.1000061035156,68327600,2.247140248947862,2.259650629203168,2.242126381372437,2.259163815655579
2023-12-13,464.489990234375,470.760009765625,464.1199951171875,470.5,93278000,2.261062195370146,2.2915836370037717,2.259261118943242,2.2903179514909686
2023-12-14,472.5,473.7300109863281,469.25,472.010009765625,119026000,2.300053628224193,2.3060411228947952,2.2842331535327034,2.297668434962037
2023-12-15,469.489990234375,470.7000122070313,467.4299926757813,469.3299865722656,141553700,2.2854013872032066,2.2912915785861463,2.275373652052357,2.284622515237992
2023-12-18,470.9800109863281,472.9800109863281,469.8900146484375,471.9700012207031,70375300,2.292654567386612,2.302390244119836,2.2873486413935615,2.297473679832074
2023-12-19,472.5299987792969,474.9200134277344,472.4500122070313,474.8399963378906,55761800,2.3001996574330055,2.3118338624354346,2.2998102957277173,2.3114443521755086
2023-12-20,473.9599914550781,475.8999938964844,467.8200073242187,468.260009765625,102921000,2.3071606306441477,2.316604248959746,2.277272180321561,2.2794140410872417
2023-12-21,471.3299865722656,472.9800109863281,468.8399963378906,472.7000122070313,86667500,2.294358191971216,2.302390244119836,2.282237321975836,2.3010272553193705
2023-12-22,473.8599853515625,475.3800048828125,471.7000122070313,473.6499938964844,67160400,2.306673817096559,2.3140730264887774,2.2961594169527584,2.305651612634869
2023-12-26,474.0700073242187,476.5799865722656,473.989990234375,475.6499938964844,55387000,2.3076961701128864,2.3199143433959293,2.307306659852961,2.3153872893680933
2023-12-27,475.44000244140625,476.6600036621094,474.8900146484375,476.510009765625,68000300,2.3143650849064032,2.3203038536558553,2.3116878332266215,2.319573707611791
2023-12-28,476.8800048828125,477.5499877929687,476.260009765625,476.69000244140625,77158100,2.3213747840386953,2.3246361525537282,2.318356748020138,2.320449882864668
2023-12-29,476.489990234375,477.0299987792969,473.2999877929687,475.30999755859375,122283100,2.319476255769491,2.3221049300827596,2.303947839495627,2.3137322421500017
2024-01-02,472.1600036621094,473.6700134277344,470.489990234375,472.6499938964844,123623700,2.298398581006101,2.3057490644771694,2.2902692255698183,2.300783774268257
2024-01-03,470.4299926757813,471.19000244140625,468.1700134277344,468.7900085449219,103585900,2.289977167152193,2.2936767718483018,2.278975953460803,2.2819939894793606
2024-01-04,468.2999877929687,470.9599914550781,467.0499877929687,467.2799987792969,84232200,2.2796086476625668,2.2925571155443114,2.2735238497043015,2.2746435060082923
2024-01-05,467.489990234375,470.44000244140625,466.4299926757813,467.9200134277344,86118900,2.2756657104699825,2.290025893073343,2.270505813685745,2.27775899386915
2024-01-08,468.4299926757813,474.75,468.2999877929687,474.6000061035156,74879100,2.2802414904189687,2.3110062645490697,2.2796086476625668,2.3102761185050054
2024-01-09,471.8699951171875,474.9299926757813,471.3500061035156,473.8800048828125,65931400,2.296986866284485,2.311882439801947,2.2944556438135164,2.3067712689388595
2024-01-10,474.1600036621094,477.4500122070313,473.8699951171875,476.55999755859375,67310600,2.3081342577393253,2.3241494875607778,2.306722543017709,2.3198170401082665
2024-01-11,477.5899963378906,478.1199951171875,472.260009765625,476.3500061035156,77940700,2.3248309076836917,2.32741085607581,2.29888539455369,2.318794835646577
2024-01-12,477.8399963378906,478.6000061035156,475.2300109863281,476.6799926757813,58026400,2.3260478672753444,2.3297474719714537,2.313342880444713,2.320401156943518
2024-01-16,475.260009765625,476.6099853515625,473.05999755859375,474.9299926757813,85014900,2.313488909653526,2.320060372604742,2.3027796058251244,2.311882439801947
2024-01-17,471.8200073242187,472.7900085449219,469.8699951171875,472.2900085449219,68843900,2.296743533788009,2.301465342945809,2.287251189551261,2.2990314237625027
2024-01-18,474.010009765625,477.05999755859375,472.4200134277344,476.489990234375,91856200,2.307404111695261,2.3222509592915728,2.299664266518904,2.319476255769491
2024-01-19,477.6499938964844,482.7200012207031,476.5400085449219,482.4299926757813,110834500,2.325122966101317,2.3498029422731532,2.3197197368206037,2.3483912275515375
2024-01-22,484.010009765625,485.2200012207031,482.7799987792969,483.4500122070313,75844900,2.3560824953613815,2.3619725381896837,2.350095000690779,2.35335651776045
2024-01-23,484.010009765625,485.1099853515625,482.8900146484375,484.8599853515625,49945300,2.3560824953613815,2.3614369987209445,2.350630540159518,2.3602200391292913
2024-01-24,487.80999755859375,488.7699890136719,484.8800048828125,485.3900146484375,81765000,2.374580221732652,2.379253304969301,2.360317490971592,2.362800136076048
2024-01-25,487.5799865722656,488.30999755859375,485.3900146484375,488.0299987792969,72525000,2.373460565428662,2.377014140915958,2.362800136076048,2.375651152115492
2024-01-26,487.5899963378906,489.1199951171875,486.5400085449219,487.4100036621094,76641600,2.373509291349812,2.3809570781085427,2.3683981204867246,2.3726331160969347
2024-01-29,487.7300109863281,491.4200134277344,487.1700134277344,491.2699890136719,61322800,2.3741908600273636,2.3921531954845334,2.371464882426432,2.391422900885831
2024-01-30,490.55999755859375,491.6199951171875,490.1099853515625,490.8900146484375,58618400,2.3879667772408353,2.393126674025073,2.385776190554005,2.3895732470924145
2024-01-31,488.6199951171875,489.0799865722656,482.8599853515625,482.8800048828125,126011100,2.378523158925237,2.3807623229785797,2.3504843623960676,2.350581814238368
2024-02-01,484.6300048828125,489.2300109863281,483.7999877929687,489.2000122070313,91891600,2.359100531379939,2.381492617577282,2.3550601423450535,2.3813465883684692
2024-02-02,489.6499938964844,496.0499877929687,489.2999877929687,494.3500061035156,99228200,2.3835370265006617,2.414691162336051,2.3818332533614197,2.4064159262455935
2024-02-05,493.7000122070313,494.3800048828125,490.2300109863281,492.5499877929687,75757100,2.4032518610182234,2.406561955454406,2.386360455943894,2.397653728052909
2024-02-06,493.5199890136719,494.3200073242187,492.0499877929687,493.9800109863281,55918600,2.4023755372107085,2.4062698970367804,2.395219808869603,2.4046148498186892
2024-02-07,496.2900085449219,498.5299987792969,495.3599853515625,498.1000061035156,70556500,2.415859544561192,2.426763454964919,2.411332341978718,2.4246703201203887
2024-02-08,498.1000061035156,498.7099914550781,497.260009765625,498.3200073242187,52343600,2.4246703201203887,2.427639630217796,2.420581353718991,2.4257412505032288
2024-02-09,498.8399963378906,501.6499938964844,498.489990234375,501.2000122070313,63979400,2.4282724729741973,2.4419510869000063,2.426568699834956,2.439760648767814
2024-02-12,501.1700134277344,503.5,500.239990234375,500.9800109863281,56502300,2.4396146195590007,2.450956617589166,2.435087416976527,2.4386897183849734
2024-02-13,494.5299987792969,497.0899963378906,490.7200012207031,494.0799865722656,113099200,2.4072921014984705,2.4197537558326263,2.38874564920605,2.40510151481164
2024-02-14,496.7900085449219,499.0700073242187,494.3999938964844,498.5700073242187,68387800,2.4182934637444977,2.4293921292781877,2.406659258742069,2.4269582100948814
2024-02-15,499.2900085449219,502.2000122070313,498.7999877929687,502.010009765625,61683000,2.430463059661028,2.444628487134426,2.4280777178442343,2.443703585960398
2024-02-16,501.7000122070313,502.8699951171875,498.75,499.510009765625,75532900,2.4421945679511197,2.4478898556494584,2.427834385347759,2.431533990043868
2024-02-20,497.7200012207031,498.4100036621094,494.4500122070313,496.760009765625,71736700,2.422820517772334,2.4261793381296672,2.4069027397931824,2.418147434535685
2024-02-21,495.4200134277344,497.3699951171875,493.55999755859375,497.2099914550781,59293400,2.4116245489509813,2.421116744633092,2.4025702923406715,2.420337872667878
2024-02-22,504.010009765625,508.489990234375,503.0199890136719,507.5,76402500,2.4534392626936223,2.4752470835010763,2.4486200016935227,2.4704279710556145
2024-02-23,509.2699890136719,510.1300048828125,507.1000061035156,507.8500061035156,61321800,2.4790439914848483,2.483230409728546,2.468480865419897,2.472131744194856
2024-02-26,508.2999877929687,508.75,505.8599853515625,505.989990234375,50386700,2.4743221823270485,2.4765127690138793,2.4624446448281447,2.4630774875845463
2024-02-27,506.7000122070313,507.1600036621094,504.75,506.9299926757813,48854500,2.46653375978418,2.468772923837523,2.4570414155474314,2.467653267533533
2024-02-28,505.3299865722656,506.8599853515625,504.9599914550781,506.260009765625,56506600,2.459864696436026,2.467312483194757,2.458063620009121,2.4643918990184996
2024-02-29,508.0700073242187,509.739990234375,505.3500061035156,508.0799865722656,83924800,2.473202674577696,2.4813318814593415,2.459962148278326,2.473251251944209
2024-03-01,508.9800109863281,513.2899780273438,508.55999755859375,512.8499755859375,76844800,2.4776324253178696,2.498612648238959,2.475587867839852,2.4964707874732786
2024-03-04,512.030029296875,514.2000122070312,512.0,512.2999877929688,49799300,2.4924794214688193,2.50304254753377,2.4923332437053687,2.4937935357934973
2024-03-05,510.239990234375,510.7000122070313,504.9100036621094,507.1799926757813,72855600,2.4837658006426473,2.4860051132506285,2.4578202875126456,2.4688702271251857
2024-03-06,510.5499877929687,512.0700073242188,508.4200134277344,509.75,68382400,2.485274818651926,2.4926740280441444,2.474906447716938,2.4813806073804914
2024-03-07,513.1400146484375,515.8900146484375,509.80999755859375,514.8099975585938,58652100,2.4978826507495326,2.5112692062577158,2.481672665798117,2.5060118576311776
2024-03-08,515.4600219726562,518.219970703125,511.1300048828125,511.7200012207031,86532500,2.509176071413185,2.5226110557332433,2.488098248095158,2.490970254904903
2024-03-11,510.4800109863281,511.8800048828125,508.5,511.2799987792969,62557200,2.484934182867788,2.491749126870117,2.4752958094222266,2.4888283941392224
2024-03-12,513.4500122070312,517.3800048828125,510.8599853515625,516.780029296875,73114400,2.499391668758811,2.5185222378864833,2.4867838366612047,2.515601653710226
2024-03-13,517.1099853515625,517.2899780273438,514.489990234375,515.969970703125,55104100,2.51720782645253,2.5180840017054074,2.5044541137007488,2.5116584194083664
2024-03-14,516.969970703125,517.1300048828125,511.8200073242187,514.9500122070312,110171800,2.5165262577749785,2.5173052782948306,2.4914570684524913,2.506693426308729
2024-03-15,510.2099914550781,511.7000122070313,508.1199951171875,509.8299865722656,107646300,2.4836197714338346,2.4908729516172405,2.473446007074172,2.48176996908578
2024-03-18,514.0,515.47998046875,512.4400024414062,512.8599853515625,88893300,2.502068920438593,2.5092732261462105,2.494475104471049,2.496519513394429
2024-03-19,512.1500244140625,516.0,511.1199951171875,515.7100219726562,60755300,2.4930635383040705,2.5118045971718166,2.488049522174008,2.5103930310048383
2024-03-20,515.77001953125,520.6199951171875,515.0800170898438,520.47998046875,69594600,2.510685089422464,2.5342939866568224,2.507326269065131,2.5336124179792705
2024-03-21,523.3900146484375,524.1099853515625,521.9099731445312,522.2000122070312,60256100,2.5477779940073058,2.5512826950188146,2.5405733911904127,2.541985254466667
2024-03-22,522.1099853515625,522.6099853515625,520.969970703125,521.2100219726562,79070800,2.5415470182855904,2.543980937468896,2.5359976112414264,2.5371661420212046
2024-03-25,519.7999877929688,520.9500122070312,519.6099853515625,519.77001953125,48512100,2.5303023235430877,2.5359004565084016,2.5293774223690604,2.5301564428889125
2024-03-26,521.22998046875,521.5800170898438,518.4000244140625,518.8099975585938,65463700,2.53726329675423,2.538967218448109,2.5234875280953957,2.5254832110976255
2024-03-27,521.7100219726562,523.2100219726562,519.489990234375,523.1699829101562,82999800,2.539600061204511,2.546901818754429,2.5287933055338088,2.5467069150698283
2024-03-28,523.2100219726562,524.6099853515625,522.780029296875,523.0700073242188,96294900,2.546901818754429,2.5537166142021204,2.5448086839098987,2.546220250076877
2024-04-01,523.8300170898438,524.3800048828125,520.969970703125,522.1599731445312,62477500,2.549919854772986,2.552597106452768,2.5359976112414264,2.541790350782066
2024-04-02,518.239990234375,518.97998046875,516.47998046875,518.8400268554688,74230300,2.5227085075755435,2.5263106604293526,2.5141410645128226,2.525629388861076
2024-04-03,517.719970703125,520.9500122070312,517.6699829101562,519.4099731445312,59155800,2.5201771365499375,2.5359004565084016,2.519933804053462,2.5284037952738827
2024-04-04,523.52001953125,523.8699951171875,512.760009765625,513.0700073242188,96858100,2.5484108367637077,2.5501144613483118,2.496032848401478,2.4975418664107565
2024-04-05,514.4600219726562,520.4400024414062,514.010009765625,518.4299926757812,74546500,2.5043082330465736,2.5334178114039454,2.5021176463597428,2.523633408749571
2024-04-08,519.1500244140625,520.1799926757812,517.8900146484375,518.719970703125,48401800,2.527138406870355,2.532152125891142,2.5210048829909395,2.5250449749165496
2024-04-09,520.5,520.75,514.3499755859375,519.3200073242188,68049200,2.533709869821571,2.534926829413224,2.503772545023197,2.5279658562020817
2024-04-10,513.47998046875,516.1599731445312,512.0900268554688,514.1199951171875,82652800,2.4995375494129863,2.5125833205823938,2.4927714798864447,2.502653037273844
2024-04-11,515.6799926757812,519.47998046875,512.0800170898438,518.0,70099000,2.5102468532413877,2.5287445796126584,2.4927227539652947,2.5215402739050408
2024-04-12,514.3699951171875,515.8200073242188,509.0799865722656,510.8500061035156,92561100,2.503869996865497,2.5109284219189396,2.478119090310821,2.4867352592946923
2024-04-15,515.1300048828125,515.2999877929688,503.5799865722656,504.4500122070313,92101400,2.5075696015616065,2.5083970508933335,2.4513459792944547,2.455581123459303
2024-04-16,504.94000244140625,506.5,502.2099914550781,503.5299987792969,73484000,2.4579663167214587,2.4655601326890024,2.444677064500938,2.451102646797979
2024-04-17,506.0499877929687,506.2200012207031,499.1199951171875,500.5499877929687,75910300,2.4633695460021716,2.4641971438885366,2.4296354617746636,2.4365964349858054
2024-04-18,501.9800109863281,504.1300048828125,498.55999755859375,499.5199890136719,74548100,2.4435575567515855,2.454023379528874,2.4269094841737315,2.4315825674103806
2024-04-19,499.44000244140625,500.4599914550781,493.8599853515625,495.1600036621094,102212600,2.4311932057050925,2.436158347359367,2.4040305844288,2.4103588634381783
2024-04-22,497.8299865722656,502.3800048828125,495.4299926757813,499.7200012207031,67961000,2.4233559086864354,2.445504662387303,2.411673126317494,2.4325561945055583
2024-04-23,501.7799987792969,506.0899963378906,499.5299987792969,505.6499938964844,64633600,2.442583929656408,2.463564301132135,2.431631293331531,2.4614224403664546
2024-04-24,506.55999755859375,507.3699951171875,503.1300048828125,505.4100036621094,55928100,2.4658521911066282,2.469795128299213,2.449155541162262,2.460254206695952
2024-04-25,499.1799926757813,504.2699890136719,497.489990234375,503.489990234375,69122400,2.4299275201922894,2.454704799651788,2.4217008614683437,2.4509078916680163
2024-04-26,506.3500061035156,509.8800048828125,505.7000122070313,508.260009765625,64306100,2.464829986644938,2.482013450136893,2.461665921417568,2.474127575751724
2024-04-29,510.0899963378906,510.75,507.25,510.05999755859375,46415400,2.483035654598583,2.4862484457471035,2.4692110114639614,2.4828896253897703
2024-04-30,508.55999755859375,509.55999755859375,501.9800109863281,501.9800109863281,77483600,2.475587867839852,2.480455706206464,2.4435575567515855,2.4435575567515855
2024-05-01,501.3800048828125,508.19000244140625,499.8699951171875,500.3500061035156,80242800,2.440636824020691,2.4737867914129477,2.4332863405496226,2.4356229564452656
2024-05-02,504.1499938964844,505.8900146484375,499.5499877929687,505.0299987792969,62550200,2.4541206828165367,2.462590822591595,2.4317285966191933,2.458404404347897
2024-05-03,511.1600036621094,512.5499877929688,508.55999755859375,511.2900085449219,72756700,2.488244277303971,2.49501049538515,2.475587867839852,2.4888771200603728
2024-05-06,513.75,516.6099853515625,513.2999877929688,516.5700073242188,47264700,2.5008519608469397,2.514773907269224,2.4986613741601094,2.5145793006938986
2024-05-07,517.5599975585938,518.5700073242188,516.4500122070312,517.1400146484375,52561300,2.5193984131393607,2.5243149774271227,2.5139951838586474,2.5173540042159805
2024-05-08,515.260009765625,517.739990234375,515.1400146484375,517.1900024414062,42047200,2.508202444318008,2.5202745883922377,2.5076183274827564,2.517597336712456
2024-05-09,517.3800048828125,520.2100219726562,516.7100219726562,520.1699829101562,43643700,2.5185222378864833,2.5322983036545925,2.5152608693714504,2.532103399969992
2024-05-10,521.8099975585938,522.6400146484375,519.5900268554688,520.8400268554688,52233200,2.540086726197462,2.544127115232347,2.529280267636035,2.5353650655943003
2024-05-13,522.5599975585938,522.6699829101562,519.739990234375,520.9099731445312,36716400,2.5437376049724207,2.544272995886522,2.530010265125462,2.5357055528238006
2024-05-14,521.1099853515625,523.8300170898438,520.5599975585938,523.2999877929688,57535900,2.5366791799189783,2.549919854772986,2.5340019282391966,2.54733975782623
2024-05-15,525.8300170898438,530.0800170898438,525.1799926757812,529.780029296875,59504900,2.5596555315062104,2.5803438445643114,2.5564913177242024,2.578883552476183
2024-05-16,529.8800048828125,531.52001953125,528.5399780273438,528.6900024414062,50244800,2.579370217469134,2.587353543696604,2.5728471833297926,2.573577477928495
2024-05-17,528.8099975585938,529.52001953125,527.3200073242188,529.4500122070312,59187600,2.574161594763746,2.57761786696338,2.5669085631349784,2.577277082624604
2024-05-20,529.5700073242188,531.5599975585938,529.1699829101562,530.0599975585938,37764200,2.5778611994598553,2.587548150271929,2.5759139452695003,2.580246392722011
2024-05-21,529.280029296875,531.52001953125,529.0700073242188,531.3599853515625,33437000,2.576449633292877,2.587353543696604,2.5754272802765494,2.586574523176752
2024-05-22,530.6500244140625,531.3800048828125,527.5999755859375,529.8300170898438,48390000,2.5831185480863934,2.586671975019052,2.5682714033808063,2.5791268849726587
2024-05-23,532.9600219726562,533.0700073242188,524.719970703125,525.9600219726562,57211200,2.594363242828896,2.5948986337429973,2.5542520051162216,2.560288374262612
2024-05-24,527.8499755859375,530.27001953125,526.8800048828125,529.4400024414062,41291100,2.5694883629724594,2.5812687457383388,2.564766702369298,2.5772283567034537
2024-05-28,530.27001953125,530.510009765625,527.1099853515625,529.8099975585938,36269600,2.5812687457383388,2.5824369794088415,2.5658862101186504,2.579029433130358
2024-05-29,525.6799926757812,527.3099975585938,525.3699951171875,526.0999755859375,45190300,2.5589252369075086,2.566859837213828,2.5574162188982297,2.5609696458308884
2024-05-30,524.52001953125,525.2000122070312,521.3300170898438,522.6099853515625,46377600,2.5532786751303194,2.5565887695665026,2.537750258856456,2.543980937468896
2024-05-31,523.5900268554688,527.5,518.3599853515625,527.3699951171875,90785800,2.5487516211024834,2.5677847383878554,2.523292624410795,2.567151895631454
2024-06-03,529.02001953125,529.3099975585938,522.5999755859375,527.7999877929688,46835700,2.575183947780074,2.576595513947052,2.5439322115477463,2.569245030475984
2024-06-04,526.4600219726562,529.1500244140625,524.9600219726562,528.3900146484375,34632700,2.5627222934459177,2.5758167905364755,2.555420535896,2.572117185840366
2024-06-05,530.77001953125,534.6900024414062,528.72998046875,534.6699829101562,47610400,2.583702664921645,2.602784508128167,2.57377208450382,2.6026870562858666
2024-06-06,534.97998046875,535.4199829101562,532.6799926757812,534.6599731445312,30808500,2.6041960742951455,2.6063379350608256,2.593000105473793,2.6026383303647167
2024-06-07,533.6599731445312,536.8900146484375,532.5399780273438,534.010009765625,43224500,2.5977704919981046,2.6134938119565687,2.592318536796241,2.599474413691984
2024-06-10,533.1799926757812,535.989990234375,532.5700073242188,535.6599731445312,35686100,2.5954340246570986,2.6091126385829075,2.5924647145596915,2.6075061687313283
2024-06-11,534.0700073242188,537.010009765625,532.0499877929688,536.9500122070312,36383400,2.5997664721096094,2.61407792879182,2.589933343534085,2.613785870374194
2024-06-12,541.6300048828125,544.1199951171875,540.2999877929688,541.3599853515625,63251300,2.6365673182768257,2.6486881882722058,2.6300930100586344,2.6352529068428723
2024-06-13,543.1500244140625,543.3300170898438,539.5900268554688,542.4500122070312,44760900,2.643966527669044,2.6448427029219213,2.626637034968276,2.6405589813905603
2024-06-14,540.8800048828125,542.8099975585938,539.8499755859375,542.780029296875,40089900,2.6329164395018667,2.6423113318963147,2.627902423371804,2.6421654512421395
2024-06-17,542.0800170898438,548.530029296875,541.6099853515625,547.0999755859375,55839500,2.638757904963656,2.670155521850159,2.6364698664345254,2.6631942515297413
2024-06-18,547.1599731445312,548.6199951171875,546.72998046875,548.489990234375,41376400,2.663486309947367,2.67059346092196,2.661393175102837,2.6699606181655584
2024-06-20,549.4400024414062,550.1199951171875,545.1799926757812,547.0,70328200,2.6745851240356946,2.677895218471878,2.653848085056443,2.6627075865367904
2024-06-21,544.4000244140625,545.6500244140625,543.02001953125,544.510009765625,64338600,2.650051325627309,2.6561361235855743,2.6433336849126423,2.6505867165414103
2024-06-24,544.3300170898438,546.9500122070312,542.6199951171875,542.739990234375,45528700,2.6497105412885333,2.662464254040315,2.6413864307222874,2.641970547557539
2024-06-25,543.989990234375,545.2000122070312,542.4400024414062,544.8300170898438,37936200,2.648055345515804,2.6539455368987435,2.6405102554694104,2.652144460471839
2024-06-26,543.6900024414062,546.239990234375,543.030029296875,545.510009765625,38550600,2.6465950534276756,2.659007981840681,2.6433824108337927,2.6554545549080224
2024-06-27,545.3699951171875,546.9600219726562,544.6099853515625,546.3699951171875,35041500,2.6547729862304705,2.662512979961465,2.6510733815343612,2.6596408245970826
2024-06-28,547.1599731445312,550.280029296875,542.9500122070312,544.219970703125,76144500,2.663486309947367,2.67867423899173,2.6429929005738666,2.6491748532651567
2024-07-01,545.6300048828125,545.8800048828125,542.52001953125,545.3400268554688,40297800,2.656038671743274,2.6572556313349267,2.6408997657293365,2.6546271055762953
2024-07-02,543.7000122070312,549.010009765625,543.6500244140625,549.010009765625,40434800,2.6466437793488256,2.6724919891911645,2.64640044685235,2.6724919891911645
2024-07-03,548.6900024414062,551.8300170898438,548.6500244140625,551.4600219726562,32789900,2.6709342452607356,2.6862193290381238,2.67073963868541,2.684418252611219
2024-07-05,551.77001953125,555.0499877929688,551.1199951171875,554.6400146484375,41488400,2.685927270620498,2.701893625966162,2.68276305683849,2.6998979429639323
2024-07-08,555.4400024414062,556.25,554.1900024414062,555.280029296875,36110500,2.703792154235367,2.707735091427952,2.697707356277102,2.7030134308247904
2024-07-09,556.260009765625,557.1799926757812,555.52001953125,555.8200073242188,27289700,2.707783817349102,2.712262145455788,2.704181664495293,2.7056419565834218
2024-07-10,557.0700073242188,561.6699829101562,556.77001953125,561.3200073242188,38701200,2.7117267545416865,2.734118692184392,2.710266462453558,2.732415067599788
2024-07-11,561.4400024414062,562.3300170898438,555.8300170898438,556.47998046875,53054200,2.732999184435039,2.73733163188755,2.7056906825045717,2.7088545991773043
2024-07-12,557.6300048828125,563.6699829101562,557.1500244140625,559.989990234375,53084400,2.714452732142618,2.7438543689176162,2.7121162648016126,2.7259407593815967
2024-07-15,562.030029296875,564.8400268554688,559.6300048828125,561.530029296875,40584300,2.7358713397994214,2.7495499537252304,2.7241884088758423,2.7334374206161156
2024-07-16,562.8699951171875,565.1599731445312,562.0999755859375,564.8599853515625,36475300,2.7399601576461814,2.751107400546384,2.736211827028922,2.749647108458255
2024-07-17,558.7999877929688,560.510009765625,556.6099853515625,556.9400024414062,57119000,2.7201480198409573,2.7284721304072033,2.709487441933706,2.711093911785285
2024-07-18,558.510009765625,559.52001953125,550.4299926757812,552.6599731445312,56270400,2.718736453673979,2.723653017961741,2.6794042364811568,2.6902594209637334
2024-07-19,552.4199829101562,554.0800170898438,547.9099731445312,548.989990234375,65509100,2.6890911872932306,2.6971719653630006,2.667137188722326,2.6723945373488642
2024-07-22,553.0,555.27001953125,551.02001953125,554.6500244140625,43346700,2.6919146167364625,2.70296470490364,2.682276391845539,2.6999466688850826
2024-07-23,554.5399780273438,556.739990234375,553.280029296875,553.780029296875,34439600,2.699410980861706,2.710120284690108,2.6932777540915662,2.695711673274872
2024-07-24,548.8599853515625,549.1699829101562,540.2899780273438,541.22998046875,74515300,2.6717616945924627,2.673270712601741,2.6300442841374845,2.6346200640864708
2024-07-25,541.3499755859375,547.4600219726562,537.4500122070312,538.4099731445312,61158300,2.635204180921722,2.664946899144771,2.6162197895575003,2.6208927242395115
2024-07-26,542.280029296875,547.1900024414062,541.489990234375,544.4400024414062,53763800,2.6397315320588337,2.6636324877108177,2.635885749599274,2.6502459322026346
2024-07-29,546.02001953125,547.0499877929688,542.719970703125,544.760009765625,39515800,2.6579372000124786,2.662950919033266,2.6418730957152388,2.6518036761330634
2024-07-30,546.260009765625,547.3400268554688,538.52001953125,542.0,46853600,2.6591054336829814,2.6643627823095195,2.621428412262888,2.63836839470373
2024-07-31,548.97998046875,553.5,547.5800170898438,550.8099975585938,65663400,2.672345811427714,2.6943485359197688,2.6655310159800223,2.681254038829211
2024-08-01,552.5700073242188,554.8699951171875,539.4299926757812,543.010009765625,76428700,2.6898214818919324,2.701017450713285,2.6258580144484243,2.6432849589914924
2024-08-02,535.75,536.989990234375,528.5999755859375,532.9000244140625,82789100,2.6079444049124048,2.6139804769495196,2.5731392417474184,2.5940711844112707
2024-08-05,511.6400146484375,523.5800170898438,510.2699890136719,517.3800048828125,146267400,2.4905808931996143,2.548702895181333,2.4839118298514604,2.5185222378864833
2024-08-06,519.219970703125,529.75,517.8699951171875,522.1500244140625,84826300,2.5274788940998554,2.5787373747127327,2.5209074311486392,2.541741921970191
2024-08-07,528.469970703125,531.5900268554688,518.0499877929688,518.6599731445312,70698300,2.572506398991017,2.5876943280353797,2.5217836064015167,2.5247529164989237
2024-08-08,523.9099731445312,531.2899780273438,521.8400268554688,530.6500244140625,63276600,2.550309067923637,2.5862337388379757,2.5402329039609124,2.5831185480863934
2024-08-09,529.8099975585938,534.510009765625,528.5599975585938,532.989990234375,45619600,2.579029433130358,2.60190833287529,2.5729446351720933,2.5945091234830713
2024-08-12,534.2100219726562,535.72998046875,530.9500122070312,533.27001953125,42542100,2.6004480407871613,2.6078469530701045,2.584578840174522,2.595872260838175
2024-08-13,536.530029296875,542.280029296875,536.280029296875,542.0399780273438,52333100,2.6117414614508143,2.6397315320588337,2.610524501859161,2.6385630012790555
2024-08-14,542.8499755859375,544.9600219726562,540.1199951171875,543.75,42446900,2.6425059384716403,2.6527773032282407,2.6292168348057574,2.646887111845301
2024-08-15,549.5,553.3599853515625,548.8800048828125,553.0700073242188,60846800,2.6748771824533204,2.693666967242217,2.671859146434763,2.6922554010752386
2024-08-16,551.4199829101562,555.02001953125,551.260009765625,554.3099975585938,44430700,2.6842233489266185,2.701747745311987,2.683444625516042,2.6982914731123535
2024-08-19,554.72998046875,559.6099853515625,553.8599853515625,559.6099853515625,39121800,2.7003358820357333,2.724090957033542,2.6961008864255227,2.724090957033542
2024-08-20,559.1500244140625,560.8400268554688,557.3300170898438,558.7000122070312,33732300,2.721851941534837,2.730078600258782,2.71299244005449,2.7196613548480064
2024-08-21,559.77001953125,562.1099853515625,554.72998046875,560.6199951171875,41514600,2.724869977553394,2.736260552950072,2.7003358820357333,2.7290075213213045
2024-08-22,562.5599975585938,563.1799926757812,554.97998046875,556.219970703125,56121500,2.738451139636903,2.7414691756554603,2.7015528416273864,2.7075889136645013
2024-08-23,559.530029296875,563.0900268554688,557.2899780273438,562.1300048828125,50639400,2.7237017438828914,2.7410312365836593,2.712797536369889,2.736358004792373
2024-08-26,563.1799926757812,563.9099731445312,559.0499877929688,560.7899780273438,35788600,2.7414691756554603,2.745022602588119,2.7213649794326105,2.729834970653031
2024-08-27,559.489990234375,562.0599975585938,558.3200073242188,561.5599975585938,32693900,2.723506840198291,2.7360172204535966,2.7178115524999518,2.733583301270291
2024-08-28,561.2100219726562,561.6500244140625,555.0399780273438,558.2999877929688,41066000,2.7318796766856868,2.734021537451367,2.701844900045012,2.7177141006576515
2024-08-29,560.3099975585938,563.6799926757812,557.1799926757812,558.3499755859375,38715200,2.7274985033120256,2.743903094838766,2.712262145455788,2.717957433154127
2024-08-30,560.77001953125,564.2000122070312,557.1400146484375,563.6799926757812,62700100,2.7297378159200063,2.7464344658643727,2.7120675388804627,2.743903094838766
2024-09-03,560.469970703125,560.8099975585938,549.510009765625,552.0800170898438,60600100,2.7282772267226023,2.729932422495332,2.6749259083744708,2.6874362886297765
2024-09-04,550.2000122070312,554.4299926757812,549.4600219726562,550.9500122070312,47224900,2.678284728731804,2.6988755899476047,2.674682575877995,2.681935607506763
2024-09-05,550.8900146484375,553.7999877929688,547.0999755859375,549.6099853515625,44264300,2.681643549089137,2.6958088280078973,2.6631942515297413,2.6754125733674217
2024-09-06,549.9400024414062,551.5999755859375,539.4400024414062,540.3599853515625,68493800,2.677019043219001,2.6850995241794955,2.625906740369574,2.63038506847626
2024-09-09,544.6500244140625,547.7100219726562,542.6799926757812,546.4099731445312,40445800,2.651268285218962,2.666163858736424,2.641678489139913,2.659835431172408
2024-09-10,548.3599853515625,549.1500244140625,543.3800048828125,548.7899780273438,36394600,2.6693277754091564,2.6731735578687164,2.6450860354183967,2.6714209102536866
2024-09-11,548.7000122070312,555.3599853515625,539.9600219726562,554.4199829101562,75248600,2.670982971181886,2.703402643975441,2.6284381113951807,2.6988268640264548
2024-09-12,555.010009765625,559.4000244140625,552.739990234375,559.0900268554688,51819600,2.701699019390837,2.72306890112649,2.6906489312236594,2.721559883117211
2024-09-13,559.7100219726562,563.030029296875,559.4500122070312,562.010009765625,39310500,2.7245779191357684,2.7407391781660335,2.7233122336229654,2.735773887957121
2024-09-16,561.739990234375,563.1099853515625,559.9000244140625,562.8400268554688,36656100,2.734459476523168,2.741128391316684,2.7255028203097957,2.739814276992006
2024-09-17,565.0999755859375,566.5800170898438,560.7899780273438,563.0700073242188,49321000,2.7508153421287584,2.7580199449456515,2.729834970653031,2.740933784741359
2024-09-18,563.739990234375,568.6900024414062,560.8300170898438,561.4000244140625,59044900,2.744195153256392,2.7682910125929765,2.730029874337632,2.732804577859714
2024-09-19,571.010009765625,572.8800048828125,568.0800170898438,570.97998046875,75315500,2.7795844332566295,2.788687267233452,2.7653217024955694,2.779438255493179
2024-09-20,567.8400268554688,569.3099975585938,565.1699829101562,568.25,77503100,2.7641534688250666,2.771309048611534,2.751156126467534,2.7661491518272965
2024-09-23,569.3400268554688,570.3300170898438,568.0999755859375,569.6699829101562,44116900,2.7714552263749845,2.7762743388204463,2.7654188572285943,2.7730613991172883
2024-09-24,570.47998046875,571.3599853515625,567.5999755859375,571.2999877929688,46805700,2.777004336309873,2.7812880578412336,2.7629849380452884,2.780995999423608
2024-09-25,571.1400146484375,571.8900146484375,568.9099731445312,570.0399780273438,38428600,2.780217276013031,2.7838681547879904,2.769361794421179,2.7748624755441926
2024-09-26,574.3800048828125,574.7100219726562,569.9000244140625,572.2999877929688,48336000,2.79598902478337,2.7975954946349493,2.774181203975916,2.78586383779022
2024-09-27,573.3900146484375,574.219970703125,570.4199829101562,571.469970703125,42100900,2.7911699123379083,2.795210004263518,2.7767122778922473,2.781823448755335
2024-09-30,570.4199829101562,574.3800048828125,568.0800170898438,573.760009765625,63557400,2.7767122778922473,2.79598902478337,2.7653217024955694,2.7929709887648126
2024-10-01,573.4000244140625,574.0599975585938,566.0,568.6199951171875,72668800,2.7912186382590587,2.7944312808529412,2.755196515502419,2.767950228254201
2024-10-02,567.7100219726562,569.9000244140625,565.27001953125,568.8599853515625,38097800,2.763520626068665,2.774181203975916,2.7516430885697605,2.7691184619247036
2024-10-03,567.3599853515625,569.7999877929688,565.489990234375,567.8200073242188,40846500,2.7618167043747857,2.77369424187369,2.752713870397963,2.7640560169827664
2024-10-04,572.3499755859375,573.3599853515625,568.0999755859375,572.97998046875,42939100,2.7861071702866957,2.7910237345744577,2.7654188572285943,2.789173932226403
2024-10-07,571.2999877929688,571.9600219726562,566.6300048828125,567.7999877929688,49964700,2.780995999423608,2.784208939126766,2.758263277442127,2.7639585651404657
2024-10-08,570.4199829101562,573.780029296875,569.530029296875,573.1699829101562,37398700,2.7767122778922473,2.793068440607113,2.772380127549012,2.7900988334004304
2024-10-09,573.1599731445312,577.7100219726562,572.5499877929688,577.1400146484375,37912200,2.7900501074792805,2.8121990097347855,2.787080797381873,2.8094243062127036
2024-10-10,575.77001953125,577.5800170898438,574.489990234375,576.1300048828125,44138100,2.802755391419187,2.811566166978384,2.7965244156974713,2.804507741924941
2024-10-11,576.0499877929688,580.3300170898438,575.9099731445312,579.5800170898438,42268000,2.804118231665015,2.824952722486567,2.8034366629874636,2.8213018437116077
2024-10-14,581.219970703125,585.27001953125,580.72998046875,584.3200073242188,36217200,2.8292848728298026,2.8489998559020013,2.8268996795676467,2.844375350031865
2024-10-15,584.5900268554688,584.9000244140625,578.5399780273438,579.780029296875,54203600,2.8456897614658185,2.847198779475097,2.816239101660395,2.8222754708067854
2024-10-16,579.780029296875,582.8300170898438,578.9600219726562,582.2999877929688,30725400,2.8222754708067854,2.837122318403097,2.8182838076930503,2.8345422214563407
2024-10-17,585.9099731445312,586.1199951171875,582.1599731445312,582.3499755859375,34393700,2.852115046653584,2.8531373996699116,2.833860652778789,2.834785553952816
2024-10-18,584.0700073242188,585.3900146484375,582.5800170898438,584.5900268554688,37416800,2.843158390440212,2.849583972737253,2.835905358811444,2.8456897614658185
2024-10-21,583.8499755859375,584.8499755859375,580.5999755859375,583.6300048828125,36439000,2.842087311502734,2.846955149869346,2.826266836811245,2.8410165296745316
2024-10-22,581.0499877929688,584.5,580.3800048828125,583.3200073242188,34183800,2.8284574234980755,2.845251525284742,2.8251960549830426,2.839507511665253
2024-10-23,581.260009765625,581.7100219726562,574.4199829101562,577.989990234375,49314600,2.829479776514403,2.8316703632012334,2.7961836313586956,2.8135618499806134
2024-10-24,579.97998046875,580.0599975585938,576.5700073242188,579.239990234375,34979900,2.8232488007926877,2.8236383110526138,2.8066496026906216,2.8196466479388786
2024-10-25,581.510009765625,584.4600219726562,578.0800170898438,579.0399780273438,47268200,2.830696736106056,2.8450569187094166,2.81400008616169,2.8186730208437014
2024-10-28,582.5800170898438,582.7100219726562,580.52001953125,580.8300170898438,30174700,2.835905358811444,2.8365382015678455,2.825877623660594,2.827386641669873
2024-10-29,579.8499755859375,582.9099731445312,578.4299926757812,581.77001953125,42899700,2.822615958036286,2.837511531553748,2.815703710746294,2.8319624216188592
2024-10-30,581.2899780273438,583.3200073242188,579.2899780273438,580.010009765625,41435800,2.8296256571685783,2.839507511665253,2.819889980435354,2.823394978556138
2024-10-31,575.5599975585938,575.6300048828125,568.4400024414062,568.6400146484375,60182500,2.8017330384028596,2.8020738227416353,2.767074053001324,2.768047680096501
2024-11-01,571.3200073242188,575.5499877929688,570.6199951171875,571.0399780273438,45667500,2.7810934512659085,2.8016843124817092,2.777685904987425,2.7797303139108047
2024-11-04,571.1799926757812,572.5,567.8900146484375,569.8099975585938,38217000,2.7804118825883566,2.7868374648853975,2.764396801321542,2.77374296779484
2024-11-05,570.739990234375,576.739990234375,570.52001953125,576.7000122070312,39478300,2.778270021822676,2.8074770520223487,2.7771992399944736,2.807282445447023
2024-11-06,589.2000122070312,591.9299926757812,585.3900146484375,591.0399780273438,68182000,2.868130425029674,2.8814195286955564,2.849583972737253,2.8770870812430456
2024-11-07,593.0800170898438,596.6500244140625,593.0,595.6099853515625,47233200,2.8870176616608707,2.9043958802827885,2.8866281514009446,2.899333138231576
2024-11-08,596.1699829101562,599.6400146484375,596.1699829101562,598.1900024414062,46444900,2.9020591158325075,2.9189506694614744,2.9020591158325075,2.911892244408032
2024-11-11,599.8099975585938,600.1699829101562,597.0,598.760009765625,37586800,2.9197781187932015,2.921530469298956,2.9060995048673925,2.914666947930114
2024-11-12,598.6799926757812,599.2899780273438,594.3699951171875,596.9000244140625,43006100,2.914277437670188,2.917246747767595,2.893297066194461,2.9056128398744416
2024-11-13,597.3699951171875,599.22998046875,594.9600219726562,597.1900024414062,47388600,2.9079005812942973,2.9169546893499696,2.8961692215588433,2.90702440604142
2024-11-14,597.3200073242188,597.8099975585938,592.6500244140625,593.3499755859375,38904100,2.9076572487978214,2.9100424420599773,2.8849245268163406,2.8883317759855487
2024-11-15,589.719970703125,590.2000122070312,583.8599853515625,585.75,75988800,2.8706614989460046,2.872998263396286,2.8421360374238844,2.8513363232430073
2024-11-18,586.219970703125,589.489990234375,585.3400268554688,588.1500244140625,37001700,2.8536240646628626,2.869541991196652,2.8493406402407775,2.863019254166586
2024-11-19,584.7100219726562,591.0399780273438,584.030029296875,590.2999877929688,49412000,2.8462738783010697,2.8770870812430456,2.8429637838648865,2.873484928389237
2024-11-20,590.3800048828125,590.7899780273438,584.6300048828125,590.5,50032600,2.873874438649163,2.875870121651393,2.8458843680411436,2.874458555484414
2024-11-21,593.4000244140625,595.1199951171875,587.4500122070312,593.6699829101562,46750300,2.8885754055912995,2.89694794496942,2.8596117078881025,2.8898895199159775
2024-11-22,593.6599731445312,596.1500244140625,593.1500244140625,595.510009765625,38226400,2.889840793994827,2.9019619610994827,2.8873584459996464,2.898846473238625
2024-11-25,599.52001953125,600.8599853515625,595.2000122070312,597.530029296875,42441400,2.9183665526262232,2.924889289656289,2.897337455229346,2.9086796018141494
2024-11-26,598.7999877929688,601.3300170898438,598.0700073242188,600.6500244140625,45621300,2.9148615545054395,2.92717732818542,2.911308127572781,2.923867233749237
2024-11-27,600.4600219726562,600.8499755859375,597.280029296875,598.8300170898438,34000200,2.9229423325752095,2.924840563735139,2.9074626422224963,2.9150077322688897
2024-11-29,599.6599731445312,603.3499755859375,599.3800048828125,602.5499877929688,30177400,2.9190478241944997,2.937010159651669,2.9176849839486714,2.9331159483802347
2024-12-02,602.969970703125,604.3200073242188,602.469970703125,603.6300048828125,31746000,2.9351603573036145,2.941732117364106,2.9327264381203086,2.9383732970067724
2024-12-03,603.3900146484375,604.1599731445312,602.3400268554688,603.9099731445312,26906600,2.9372050633362696,2.940953096844254,2.932093892473182,2.9397361372526007
2024-12-04,605.6300048828125,607.9099731445312,604.9500122070312,607.6599731445312,42787600,2.9481089737399966,2.959207490719049,2.9447988793038133,2.957990531127396
2024-12-05,607.6599731445312,608.47998046875,606.2999877929688,606.6599731445312,28762200,2.957990531127396,2.961982194241131,2.9513703422550295,2.953122692760784
2024-12-06,607.4400024414062,609.0700073242188,607.02001953125,607.8099975585938,31241500,2.9569197492991934,2.9648543496055133,2.9548753403758137,2.9587208257260977
2024-12-09,607.6900024414062,607.8599853515625,604.0800170898438,604.6799926757812,34742700,2.9581367088908466,2.9589641582225736,2.940563883693603,2.9434844678698604
2024-12-10,605.3699951171875,605.7999877929688,602.1300048828125,602.7999877929688,37234500,2.9468432882271935,2.9489364230717237,2.9310715394568545,2.9343329079718874
2024-12-11,605.780029296875,608.4299926757812,605.5,607.4600219726562,28677700,2.948839268338699,2.961738861744655,2.947476130983595,2.9570172011414937
2024-12-12,606.5800170898438,607.1599731445312,604.3300170898438,604.3300170898438,31543800,2.952733479610133,2.95555661194409,2.941780843285256,2.941780843285256
2024-12-13,606.4000244140625,607.1300048828125,602.8099975585938,604.2100219726562,35904700,2.9518573043572562,2.955410731289915,2.9343816338930377,2.9411967264500047
2024-12-16,606.0,607.780029296875,605.2100219726562,606.7899780273438,43695200,2.9499100501669013,2.9585749450719225,2.946064564816617,2.9537555355171854
2024-12-17,604.1900024414062,605.1699829101562,602.8900146484375,604.2899780273438,55773500,2.9410992746077045,2.945869661132016,2.934771144152964,2.9415859396006554
2024-12-18,603.97998046875,606.4099731445312,585.8900146484375,586.280029296875,108248700,2.940076921591377,2.9519057331691307,2.8520178919205588,2.8539164201897638
2024-12-19,591.3599853515625,593.0,585.8499755859375,586.0999755859375,85919500,2.878644825173475,2.8866281514009446,2.8518229882359583,2.8530399478276114
2024-12-20,581.77001953125,595.75,580.9099731445312,591.1500244140625,125716700,2.8319624216188592,2.9000147069091278,2.8277758548205236,2.8776227692664222
2024-12-23,590.8900146484375,595.2999877929688,587.6599731445312,594.6900024414062,57635800,2.876357083753619,2.897824120222297,2.860633763795155,2.89485481012489
2024-12-24,596.0599975585938,601.3400268554688,595.469970703125,601.2999877929688,33160100,2.9015237249184063,2.92722605410657,2.898651569554024,2.9270311504219695
2024-12-26,599.5,602.47998046875,598.0800170898438,601.3400268554688,41219100,2.918269100783923,2.9327751640414585,2.9113568534939307,2.92722605410657
2024-12-27,597.5399780273438,597.780029296875,590.760009765625,595.010009765625,64969300,2.908728030626024,2.909896561405802,2.8757242409972177,2.8964125540553187
2024-12-30,587.8900146484375,591.739990234375,584.4099731445312,588.219970703125,56578800,2.861753568653783,2.880494627521529,2.8448132891036657,2.8633597413960867
2024-12-31,589.9099731445312,590.6400146484375,584.4199829101562,586.0800170898438,57052700,2.871586400120032,2.875140124161966,2.844862015024816,2.852942793094586
2025-01-02,589.3900146484375,591.1300048828125,580.5,584.6400146484375,50204000,2.8690553262037013,2.877525317424122,2.8257801718182938,2.845933093962294
2025-01-03,587.530029296875,592.5999755859375,586.4299926757812,591.9500122070312,37888500,2.8600012181480285,2.8846808972105897,2.85464641767919,2.881516980537857
2025-01-06,596.27001953125,599.7000122070312,593.5999755859375,595.3599853515625,47679400,2.902546077934734,2.9192427278791,2.889548735577202,2.8981161786399228
2025-01-07,597.4199829101562,597.75,586.780029296875,588.6300048828125,60393100,2.9081439137907727,2.909750383642352,2.8563503393730696,2.865355721507592
2025-01-08,588.7000122070312,590.5800170898438,585.2000122070312,589.489990234375,47304700,2.8656965058463677,2.8748480657443403,2.8486590715632256,2.869541991196652
2025-01-10,585.8800048828125,585.9500122070312,578.5499877929688,580.489990234375,73105000,2.851969165999409,2.8523099503381846,2.8162878275815455,2.825731445897144
2025-01-13,575.77001953125,581.75,575.3499755859375,581.3900146484375,47910100,2.802755391419187,2.831864969776559,2.8007106853865316,2.8301126192708046
2025-01-14,584.3599853515625,585.0,578.3499755859375,582.1900024414062,48420600,2.8445699566071903,2.847685444468048,2.815314200486368,2.8340068305422395
2025-01-15,590.3300170898438,593.9400024414062,589.2000122070312,592.780029296875,56900200,2.8736311061526876,2.891203931349931,2.868130425029674,2.885557369572742
2025-01-16,594.1699829101562,594.3499755859375,590.9299926757812,591.6400146484375,43319700,2.8923234390992834,2.8931996143521608,2.8765516903289448,2.880007962528578
2025-01-17,596.9600219726562,599.3599853515625,595.6099853515625,597.5800170898438,58070600,2.9059048982920674,2.917587532106371,2.899333138231576,2.908922934310625
2025-01-21,600.6699829101562,603.0599975585938,598.6699829101562,603.0499877929688,42532900,2.9239643884822617,2.935598593484691,2.9142287117490375,2.9355498675635405
2025-01-22,605.9199829101562,607.8200073242188,605.3599853515625,606.4400024414062,48196000,2.9495205399069753,2.958769551647248,2.946794562306043,2.9520519109325813
2025-01-23,605.7999877929688,609.75,605.52001953125,609.75,41152100,2.9489364230717237,2.968164444041696,2.9475735828258953,2.968164444041696
2025-01-24,609.8099975585938,610.780029296875,606.7999877929688,607.969970703125,34604700,2.968456502459322,2.973178460171759,2.9538042614383357,2.959499549136675
2025-01-27,594.8099975585938,599.6900024414062,594.6400146484375,599.3699951171875,70361100,2.8954389269601415,2.9191940019579503,2.8946114776284144,2.917636258027521
2025-01-28,600.6199951171875,605.3699951171875,597.25,604.52001953125,44433300,2.9237210559857862,2.9468432882271935,2.9073164644590457,2.9427057444592832
2025-01-29,603.719970703125,604.1300048828125,599.219970703125,601.8099975585938,37177400,2.9388112360785734,2.9408072161900787,2.9169059634288192,2.9295137955264257
2025-01-30,603.9600219726562,606.5999755859375,600.719970703125,605.0399780273438,39281300,2.9399797668583516,2.952830634343158,2.924207720978737,2.9452368183756144
2025-01-31,607.5,609.9600219726562,601.0499877929688,601.8200073242188,66566900,2.9572118077168192,2.969186797058024,2.9258141908303164,2.929562521447576
2025-02-03,592.6699829101562,600.2899780273438,590.489990234375,597.77001953125,65857200,2.8850216815493654,2.922114586134207,2.8744098295632643,2.909847835484652
2025-02-04,597.8300170898438,602.2999877929688,597.280029296875,601.780029296875,33457800,2.910139893902278,2.9318989887885816,2.9074626422224963,2.9293679148722505
2025-02-05,600.6400146484375,604.3699951171875,598.5800170898438,604.219970703125,30653100,2.9238185078280865,2.9419754498605815,2.913790772677237,2.9412451552618797
2025-02-06,605.989990234375,606.4500122070312,602.6300048828125,606.3200073242188,35771500,2.949861324245751,2.9521006368537317,2.9335054586401608,2.95146779409733
2025-02-07,606.8900146484375,608.1300048828125,600.0499877929688,600.77001953125,50788500,2.9542424976194117,2.960278569656527,2.9209463524637043,2.924451350584488
2025-02-10,604.030029296875,605.5,602.739990234375,604.8499755859375,26048700,2.9403205511971278,2.947476130983595,2.934040849554262,2.944311917201587
2025-02-11,602.5499877929688,605.8599853515625,602.4299926757812,605.3099975585938,30056700,2.9331159483802347,2.9492284814893495,2.932531831544983,2.9465512298095677
2025-02-12,599.2000122070312,604.5499877929688,598.510009765625,603.3599853515625,45076100,2.9168088086957944,2.9428516251134584,2.913449988338461,2.9370588855728195
2025-02-13,604.47998046875,609.9400024414062,603.2000122070312,609.72998046875,40921300,2.9425108407746827,2.9690893452157234,2.9362801621622423,2.968066992199396
2025-02-14,609.9400024414062,610.989990234375,609.0700073242188,609.7000122070312,26910400,2.9690893452157234,2.9742005160788114,2.9648543496055133,2.9679211115452206
2025-02-18,610.8800048828125,611.489990234375,608.3800048828125,611.489990234375,26749000,2.97366512516471,2.9766344352621172,2.9614955292481797,2.9766344352621172
2025-02-19,610.0800170898438,613.22998046875,609.5599975585938,612.9299926757812,31011100,2.9697709138932753,2.985104426482538,2.967239542867669,2.98364413439441
2025-02-20,611.5399780273438,611.6799926757812,607.02001953125,610.3800048828125,36554000,2.9768777677585927,2.9775593364361446,2.9548753403758137,2.971231205981404
2025-02-21,610.1599731445312,610.2999877929688,599.469970703125,599.9400024414062,76519800,2.970160127043926,2.970841695721478,2.9181229230204724,2.920410961549603
2025-02-24,602.02001953125,603.030029296875,596.489990234375,597.2100219726562,50737200,2.9305361485427532,2.9354527128305157,2.9036168597629364,2.90712185788372
2025-02-25,597.1500244140625,597.8900146484375,589.5599975585938,594.239990234375,58266500,2.9068297994660948,2.9104319523199034,2.869882775535428,2.8926642234380595
2025-02-26,595.9299926757812,599.5800170898438,591.8599853515625,594.5399780273438,43321600,2.9008908821620047,2.918658611043849,2.8810787443567807,2.894124515526188
2025-02-27,596.8499755859375,598.02001953125,584.6500244140625,585.0499877929688,74196700,2.9053692102686908,2.911064795076305,2.845981819883444,2.847928776964524
2025-02-28,585.5599975585938,594.719970703125,582.4400024414062,594.1799926757812,88744100,2.85041142206898,2.895000690779065,2.835223790133892,2.8923721650204337
2025-03-03,596.1799926757812,597.3400268554688,579.9000244140625,583.77001953125,74249200,2.902107841753658,2.907754700640122,2.8228595876420366,2.8416980983520834
2025-03-04,579.7100219726562,585.3900146484375,572.25,576.8599853515625,109648200,2.8219346864680097,2.849583972737253,2.7856205052937444,2.8080611688576
2025-03-05,576.6900024414062,584.8800048828125,573.0800170898438,583.0599975585938,71230500,2.807233719525873,2.8471013276327968,2.7896608943286294,2.8382418261524496
2025-03-06,575.47998046875,580.1699829101562,570.1199951171875,572.7100219726562,80094900,2.8013435281429335,2.824173701966715,2.7752519858041187,2.787859817901725
2025-03-07,570.9000244140625,577.3900146484375,565.6300048828125,575.9199829101562,81158800,2.7790490423425283,2.8106412658043567,2.753395439075515,2.8034853889086135
2025-03-10,567.5900268554688,569.5399780273438,555.5900268554688,560.5800170898438,99326600,2.7629365092334135,2.772428556360887,2.704522448834069,2.728812914745979
2025-03-11,559.4000244140625,564.02001953125,552.02001953125,555.9199829101562,88102100,2.72306890112649,2.7455582906114953,2.687144230212151,2.7061286215763727
2025-03-12,562.1699829101562,563.1099853515625,553.6900024414062,558.8699951171875,69588200,2.736552611367698,2.741128391316684,2.695273437093796,2.7204888041797335
2025-03-13,558.489990234375,559.1099853515625,549.6799926757812,551.4199829101562,74079400,2.718639001831679,2.7216570378502363,2.6757533577061974,2.6842233489266185
2025-03-14,556.1099853515625,563.8300170898438,551.489990234375,562.8099975585938,62660300,2.7070535227504,2.7446333894374684,2.6845641332653942,2.7396680992285556
2025-03-17,562.7899780273438,569.7100219726562,562.3499755859375,567.1500244140625,49008700,2.7395706473862553,2.773256302801889,2.7374287866205753,2.760794648467733
2025-03-18,564.7999877929688,565.02001953125,559.0599975585938,561.02001953125,66041400,2.74935505004063,2.7504261289781073,2.7214137053537604,2.7309547755116594
2025-03-19,562.8300170898438,570.9500122070312,561.6300048828125,567.1300048828125,66556000,2.7397655510708563,2.7792923748390037,2.7339240856090665,2.760697196625433
2025-03-20,563.3300170898438,570.5700073242188,562.5999755859375,565.489990234375,62958200,2.742199470254162,2.7774425724909495,2.738645746212228,2.752713870397963
2025-03-21,559.280029296875,564.8900146484375,558.030029296875,563.97998046875,83763000,2.7224847842912383,2.749793286221706,2.7163999863329735,2.7453633869268947
2025-03-24,570.7999877929688,575.1500244140625,570.2000122070312,574.0800170898438,58766800,2.778562080240302,2.7997373554006297,2.7756414960640448,2.7945287326952415
2025-03-25,575.2999877929688,576.4099731445312,573.6900024414062,575.4600219726562,38355700,2.800467352890056,2.8058705821707695,2.792630204426037,2.8012463734099082
2025-03-26,575.1900024414062,576.3300170898438,567.1900024414062,568.5900268554688,51848300,2.799931961975955,2.805481369020119,2.7609892550430586,2.7678043476000256
2025-03-27,567.1799926757812,570.9000244140625,564.9400024414062,567.0800170898438,42164200,2.7609405291219082,2.7790490423425283,2.7500366187181813,2.7604538641289573
2025-03-28,565.530029296875,566.27001953125,555.0700073242188,555.6599731445312,71662700,2.7529087740825635,2.7565109269363726,2.7019910778084624,2.7048629360635696
2025-03-31,549.8300170898438,560.7100219726562,546.8699951171875,559.3900146484375,95328200,2.6764836523048996,2.7294457575023805,2.662074743780389,2.7230201752053396
2025-04-01,557.4500122070312,562.9400024414062,553.6799926757812,560.969970703125,54609600,2.713576556889741,2.7403009419849576,2.6952247111726457,2.7307111459059086
2025-04-02,555.0499877929688,567.4199829101562,554.8099975585938,564.52001953125,76014500,2.701893625966162,2.762108762792411,2.7007253922956593,2.7479922097948015
2025-04-03,545.1099853515625,547.969970703125,536.7000122070312,536.7000122070312,125986000,2.6535073007176675,2.667429247139952,2.6125689107825414,2.6125689107825414
2025-04-04,523.6699829101562,525.8699951171875,505.05999755859375,505.2799987792969,217965100,2.549140834253134,2.5598501380815355,2.45855043355671,2.4596213639395503
2025-04-07,489.19000244140625,523.1699829101562,481.7999877929687,504.3800048828125,256611400,2.381297862447319,2.5467069150698283,2.3453244656118293,2.4552403391205266
2025-04-08,521.8599853515625,524.97998046875,489.1600036621094,496.4800109863281,165816600,2.5403300586939372,2.555517690629025,2.3811518332385058,2.4167844457352192
2025-04-09,493.44000244140625,548.6199951171875,493.0499877929687,548.6199951171875,241867300,2.40198617550542,2.67059346092196,2.400087647236215,2.67059346092196
2025-04-10,532.1699829101562,533.5,509.3200073242187,524.5800170898438,162331200,2.5905174603693366,2.5969917685875274,2.4792874725359613,2.553570733547945
2025-04-11,523.010009765625,536.4299926757812,520.0700073242188,533.9400024414062,97866300,2.545928191659251,2.611254499348588,2.531616734977041,2.599133629353208
2025-04-14,544.0499877929688,544.280029296875,533.8599853515625,539.1199951171875,68034000,2.6483474039334296,2.649467208792058,2.598744119093282,2.6243489964391453
2025-04-15,539.6699829101562,543.22998046875,536.8099975585938,537.6099853515625,56892900,2.627026248118927,2.644355740819695,2.6131043016966427,2.616998512968077
2025-04-16,531.6799926757812,537.8900146484375,520.2899780273438,525.6599731445312,83484800,2.5881322671071807,2.618361650323181,2.532687516805243,2.558827785065208
2025-04-17,527.6400146484375,531.1699829101562,523.9099731445312,526.4099731445312,79868100,2.5684663070654072,2.5856496220027245,2.550309067923637,2.5624786638401673
2025-04-21,521.1599731445312,521.7000122070312,508.4599914550781,513.8800048828125,69368100,2.5369225124154537,2.5395513352833605,2.4751010542922636,2.5014848036033412
2025-04-22,520.1400146484375,529.2999877929688,519.1900024414062,527.25,75948100,2.531957519315817,2.576546788025902,2.52733301344568,2.5665677787962022
2025-04-23,540.4299926757812,545.4299926757812,533.8800048828125,535.4199829101562,90590700,2.630725852815036,2.6550650446480963,2.598841570935582,2.6063379350608256
2025-04-24,536.719970703125,547.4299926757812,535.4500122070312,546.6900024414062,64150400,2.6126660655155662,2.6648007213813205,2.606484112824276,2.6611985685275115
2025-04-25,546.6500244140625,551.0499877929688,543.6900024414062,550.6400146484375,61119600,2.6610039619521864,2.682422272499714,2.6465950534276756,2.6804265894974844
2025-04-28,551.3900146484375,553.5499877929688,545.02001953125,550.8499755859375,47613800,2.6840774682724433,2.694591868416244,2.6530693616458665,2.6814486454045365
2025-04-29,548.9099731445312,555.4500122070312,548.5499877929688,554.3200073242188,47775100,2.672005027088938,2.703840880156517,2.6702526765831838,2.6983401990335034
2025-04-30,547.5700073242188,556.52001953125,541.52001953125,554.5399780273438,93101500,2.6654822900588724,2.7090495028619053,2.6360319273627244,2.699410980861706
2025-05-01,560.3699951171875,564.0700073242188,557.8599853515625,558.469970703125,63186100,2.7277905617296514,2.745801623107971,2.715572239891971,2.718541549989378
2025-05-02,564.72998046875,568.3800048828125,562.3800048828125,566.760009765625,60717300,2.7490142657018537,2.766781994583698,2.7375749643840255,2.7588961201985285
2025-05-05,562.5700073242188,566.6500244140625,561.7000122070312,563.510009765625,38659200,2.738499865558053,2.758360729284427,2.7342648699478427,2.743075645507039
2025-05-06,557.9299926757812,563.3499755859375,556.9600219726562,558.7999877929688,48264700,2.7159130242307468,2.742296624987187,2.7111913636275853,2.7201480198409573
2025-05-07,560.1500244140625,563.8200073242188,556.0399780273438,561.1500244140625,55588000,2.726719779901449,2.744584663516318,2.7067127384116243,2.731587618268061
2025-05-08,565.239990234375,570.3099975585938,561.7000122070312,565.0599975585938,65130800,2.75149691080631,2.776176886978146,2.7342648699478427,2.750620735553433
2025-05-09,566.47998046875,567.5,562.760009765625,564.3400268554688,37603400,2.7575329828434247,2.762498273052337,2.73942476673208,2.7471160345419245
2025-05-12,581.469970703125,583.0,577.0399780273438,582.989990234375,78993600,2.8305018324214553,2.837949767734824,2.8089373441104772,2.837901041813674
2025-05-13,583.4099731445312,589.0800170898438,582.8400268554688,586.8400268554688,67947200,2.8399454507370536,2.8675463081944224,2.837171044324247,2.8566423977906954
2025-05-14,587.8099975585938,588.97998046875,585.5399780273438,587.5900268554688,66283500,2.861364058393857,2.867059346092196,2.8503139702266793,2.8602932765656544
2025-05-15,585.5599975585938,590.969970703125,585.0999755859375,590.4600219726562,71268100,2.85041142206898,2.87674629690427,2.8481721094609993,2.874263948909089
2025-05-16,591.25,594.5,589.280029296875,594.2000122070312,76052100,2.8781094342593736,2.8939299089508626,2.8685199352896,2.892469616862734
2025-05-19,588.0999755859375,595.5399780273438,588.0999755859375,594.8499755859375,68168500,2.8627756245608356,2.8989923538928,2.8627756245608356,2.8956335335354666
2025-05-20,593.0900268554688,594.0499877929688,589.5999755859375,592.8499755859375,60614500,2.8870663875820206,2.891739322264032,2.8700773821107535,2.8858978568022424
2025-05-21,588.4400024414062,592.5800170898438,581.8200073242188,582.8599853515625,95197700,2.8644308203335647,2.8845837424775644,2.8322057541153347,2.8372681990572723
2025-05-22,582.6599731445312,586.6199951171875,581.4099731445312,583.0900268554688,70860400,2.8362945719620947,2.8555713188532175,2.83020977400383,2.8383880039159
2025-05-23,575.97998046875,581.8099975585938,575.5999755859375,579.1099853515625,76029000,2.8037774473262393,2.832157028194185,2.8019276449781847,2.819013805182477
2025-05-27,586.0700073242188,591.3099975585938,578.4299926757812,591.1500244140625,72588500,2.852894067173436,2.878401492676999,2.815703710746294,2.8776227692664222
2025-05-28,591.5599975585938,592.77001953125,586.989990234375,587.72998046875,68445500,2.879618452268652,2.8855086436515918,2.857372395280122,2.860974548133931
2025-05-29,593.0599975585938,593.2000122070312,586.0700073242188,590.0499877929688,69973300,2.88692020981857,2.887601778496122,2.852894067173436,2.872267968797584
2025-05-30,588.9299926757812,591.1300048828125,583.239990234375,589.3900146484375,90601200,2.8668160135957206,2.877525317424122,2.839118001405327,2.8690553262037013
2025-06-02,587.760009765625,592.7899780273438,585.0599975585938,592.7100219726562,61630500,2.8611207258973814,2.885605798384617,2.8479775028856738,2.885216585233966
2025-06-03,592.3400268554688,597.0800170898438,591.8499755859375,596.0900268554688,63606200,2.8834155088070617,2.9064890151273186,2.8810300184356303,2.901669902681857
2025-06-04,596.9600219726562,597.9500122070312,595.489990234375,595.9299926757812,57314200,2.9059048982920674,2.910724010737529,2.8987490213963243,2.9008908821620047
2025-06-05,597.6300048828125,599.0,591.0499877929688,593.0499877929688,92278700,2.9091662668071003,2.9158351816006167,2.877135807164196,2.88687148389742
2025-06-06,598.6599731445312,600.8300170898438,596.8599853515625,599.1400146484375,66588700,2.9141799858278876,2.924743409002114,2.905417936189841,2.9165167502781686
2025-06-09,599.719970703125,601.25,598.489990234375,599.6799926757812,53016400,2.9193398826121255,2.926787817925494,2.9133525364961605,2.9191452760368
2025-06-10,600.219970703125,603.469970703125,599.0900268554688,603.0800170898438,66247000,2.9217738017954313,2.9375942764869203,2.916273417781693,2.935696045326991
2025-06-11,604.1900024414062,605.0599975585938,599.27001953125,601.3599853515625,73658200,2.9410992746077045,2.9453342702179146,2.91714959303457,2.9273232088395953
2025-06-12,600.010009765625,603.75,599.52001953125,603.75,64129000,2.920751745888379,2.938957413842024,2.9183665526262232,2.938957413842024
2025-06-13,598.5,601.8499755859375,595.47998046875,597.0,89506000,2.913401262417311,2.929708402101751,2.8987002954751744,2.9060995048673925
2025-06-16,600.4000244140625,604.4500122070312,600.219970703125,602.6799926757812,79984100,2.9226502741575837,2.9423649601205075,2.9217738017954313,2.9337487911366362
2025-06-17,600.2100219726562,601.75,596.760009765625,597.530029296875,82209400,2.9217253729835564,2.9292217371088,2.9049312711968898,2.9086796018141494
2025-06-18,598.4400024414062,601.219970703125,596.469970703125,597.4400024414062,76605000,2.913109203999685,2.9266416401620434,2.903519407920636,2.908241365633073
2025-06-20,598.3800048828125,599.4600219726562,592.8599853515625,594.280029296875,94051400,2.9128171455820593,2.9180744942085974,2.8859465827233928,2.89285912712266
2025-06-23,595.0399780273438,600.5399780273438,591.8900146484375,600.1500244140625,87426000,2.896558434709494,2.92333154572586,2.8812249221202313,2.9214333145659306
2025-06-24,604.3300170898438,607.8499755859375,603.4099731445312,606.780029296875,67735300,2.941780843285256,2.9589154323014233,2.937302218069295,2.953707106705311
2025-06-25,607.9099731445312,608.6099853515625,605.5399780273438,607.1199951171875,62114800,2.959207490719049,2.9626150369975326,2.9476707375589206,2.9553620053687646
2025-06-26,608.989990234375,612.3099975585938,608.3699951171875,611.8699951171875,78548400,2.9644648393455872,2.9806260983758524,2.96144680332703,2.978484237610172
2025-06-27,612.8800048828125,616.3900146484375,610.8300170898438,614.9099731445312,86258400,2.983400801897934,3.0004869621022263,2.9734217926682343,2.9932823592853333
2025-06-30,617.3800048828125,619.219970703125,615.0399780273438,617.8499755859375,92502500,3.005306074547688,3.01426273076106,2.993915202041735,3.0075938159675437
2025-07-01,616.3599853515625,618.8300170898438,615.52001953125,617.6500244140625,70030100,3.0003407843387757,3.012364499601131,2.9962519664920158,3.0066204859816414
2025-07-02,617.239990234375,620.489990234375,616.6099853515625,620.4500122070312,66510400,3.0046245058701366,3.0204449805616256,3.001557743930429,3.0202503739863005
2025-07-03,622.4500122070312,626.280029296875,622.4299926757812,625.3400268554688,51065800,3.029986050719524,3.0486299548542455,3.029888598877224,3.044054174905259
2025-07-07,623.3599853515625,624.030029296875,617.8699951171875,620.6799926757812,74814500,3.0344156529050603,3.0376773185293686,3.007691267809844,3.021369881735653
2025-07-08,621.3499755859375,622.1099853515625,619.52001953125,620.3400268554688,59024600,3.024631250250686,3.028330854946795,3.015723319958464,3.019714983072199
2025-07-09,622.77001953125,624.719970703125,620.9099731445312,624.0599975585938,66113300,3.0315437946499535,3.0410358417774264,3.022489389485006,3.037823199183544
2025-07-10,624.2000122070312,626.8699951171875,623.010009765625,625.8200073242188,57529000,3.0385047678610957,3.0515018131093528,3.0327120283204563,3.0463906422462648
2025-07-11,622.739990234375,624.8599853515625,621.530029296875,623.6199951171875,63670200,3.031397616886503,3.0417174104549782,3.025507722612838,3.0356813384178634
2025-07-14,623.1599731445312,625.1599731445312,621.7999877929688,624.8099975585938,51898500,3.0334420258098826,3.043177702543107,3.0268218369375166,3.0414740779585028
2025-07-15,627.52001953125,627.8599853515625,622.0599975585938,622.1400146484375,74317300,3.0546660268913604,3.0563209255548145,3.0280875224503196,3.0284770327102457
2025-07-16,623.739990234375,624.72998046875,618.0499877929688,624.219970703125,88987500,3.036265455253115,3.0410845676985767,3.0085674430627214,3.0386019225941205
2025-07-17,624.4000244140625,628.4000244140625,624.1799926757812,628.0399780273438,68885700,3.039478394956273,3.0589497484227213,3.038407316018795,3.0571971008076915
2025-07-18,629.2999877929688,629.469970703125,626.4600219726562,627.5800170898438,65621600,3.0633306246871066,3.0641580740188337,3.049506130107123,3.054958085308986
2025-07-21,628.77001953125,631.5399780273438,628.3400268554688,628.77001953125,63375000,3.0607508248496256,3.0742345350908336,3.0586576900050955,3.0607508248496256
2025-07-22,629.0999755859375,629.72998046875,626.1900024414062,628.8599853515625,60046300,3.0623569975919294,3.065423759531637,3.0481917186731695,3.0611887639214266
2025-07-23,631.5499877929688,634.2100219726562,629.72998046875,634.2100219726562,70511000,3.074283261011984,3.087231877448366,3.065423759531637,3.087231877448366
2025-07-24,634.5999755859375,636.1500244140625,633.989990234375,634.4199829101562,71307100,3.0891301086082956,3.0966754957639644,3.086160798510888,3.0882539333554186
2025-07-25,635.0900268554688,637.5800170898438,634.8400268554688,637.0999755859375,56865400,3.091515598979727,3.1036364689751066,3.090298639388074,3.1012997045248256
2025-07-28,637.47998046875,638.0399780273438,635.5399780273438,636.9400024414062,54917100,3.1031495068728803,3.105875484473812,3.093705888557282,3.100520981114249
2025-07-29,638.3499755859375,638.6699829101562,634.3400268554688,635.260009765625,60556300,3.107384502483091,3.1089422464135197,3.0878647202047675,3.0923430483114536
2025-07-30,635.9199829101562,637.6799926757812,631.5399780273438,634.4600219726562,80418900,3.0955556909053366,3.104123133968058,3.0742345350908336,3.088448837040019
2025-07-31,639.4600219726562,639.8499755859375,630.77001953125,632.0800170898438,103385200,3.1127880288730796,3.1146862600330087,3.0704865015828497,3.0768633579587403
2025-08-01,626.2999877929688,626.3400268554688,619.2899780273438,621.719970703125,140103600,3.048727109587271,3.0489220132718713,3.0146035150998363,3.0264323266775905
2025-08-04,625.6699829101562,631.219970703125,625.5800170898438,631.1699829101562,73218000,3.045660347647563,3.0726767911604047,3.045222408575762,3.0724334586639293
2025-08-05,631.7899780273438,632.6099853515625,627.0399780273438,627.969970703125,68051400,3.0754514946824867,3.079443157796222,3.0523292624410794,3.0568563164689158
2025-08-06,629.0499877929688,633.4400024414062,628.1300048828125,632.780029296875,64357500,3.062113665095454,3.083483546831107,3.057635336988768,3.080270904237224
2025-08-07,636.239990234375,636.97998046875,629.1099853515625,632.25,74205800,3.0971134348357654,3.1007155876895744,3.0624057235130797,3.0776908072904674
2025-08-08,634.0599975585938,637.6500244140625,633.739990234375,637.1799926757812,64051600,3.0865015828496642,3.1039772533138827,3.0849438389192354,3.1016892147847517
2025-08-11,637.4600219726562,638.9500122070312,634.6599731445312,635.9199829101562,58742300,3.1030523521398554,3.110305383768623,3.0894221670259214,3.0955556909053366
2025-08-12,638.2899780273438,642.8499755859375,636.7899780273438,642.6900024414062,64730800,3.107092444065465,3.129289775132845,3.099790686515547,3.1285110517222683
2025-08-13,644.9099731445312,646.1900024414062,642.6799926757812,644.8900146484375,60092800,3.139317510283695,3.1455484860054104,3.128462325801118,3.1392203555506697
2025-08-14,642.7899780273438,645.6199951171875,642.3400268554688,644.9500122070312,59327500,3.128997716715219,3.1427737824833284,3.1268074271376642,3.1395124139682955
2025-08-15,645.989990234375,646.0900268554688,642.52001953125,643.4400024414062,68592500,3.1445748589102327,3.1450618210124595,3.127683602390541,3.1321619304972272
2025-08-18,642.8599853515625,644.0,642.1799926757812,643.2999877929688,43804900,3.1293385010539954,3.134887908098159,3.126028406617812,3.1314803618196754
2025-08-19,643.1199951171875,644.1099853515625,638.47998046875,639.8099975585938,69750700,3.1306041865667984,3.13542329901226,3.1080173452394924,3.1144916534576836
2025-08-20,639.4000244140625,639.6599731445312,632.9500122070312,638.1099853515625,88890300,3.112495970455454,3.1137613588589814,3.081098353568951,3.106216268812588
2025-08-21,636.280029296875,637.969970703125,633.8099975585938,635.5499877929688,54805800,3.097308338520366,3.105534700135036,3.085284623258011,3.0937546144784323
2025-08-22,637.760009765625,646.5,637.25,645.3099975585938,84083200,3.104512644227984,3.147057504014689,3.102029999123528,3.14126476447405
2025-08-25,644.0399780273438,645.2899780273438,642.3499755859375,642.469970703125,51274300,3.1350825146734844,3.141167312631749,3.1268558559495387,3.1274399727847904
2025-08-26,642.2000122070312,645.510009765625,641.5700073242188,645.1599731445312,51581600,3.1261258584601124,3.142238391569227,3.1230590965204046,3.1405344698753477
2025-08-27,644.5700073242188,647.3699951171875,644.4199829101562,646.6300048828125,48341100,3.137662611620241,3.1512924996248994,3.136932317021539,3.147690346771091
2025-08-28,647.239990234375,649.47998046875,645.3400268554688,648.9199829101562,61519500,3.150659656868498,3.161563567272225,3.1414109422375,3.1588375896712932
2025-08-29,647.469970703125,647.8400268554688,643.1400146484375,645.0499877929688,74522200,3.151779164617851,3.1535805381540305,3.1307016384090987,3.1399990789612464
2025-09-02,637.5,640.489990234375,634.9199829101562,640.27001953125,81983500,3.1032469587151805,3.1178017478938664,3.0906878525387245,3.116730966065664
2025-09-03,642.6699829101562,644.2100219726562,640.4600219726562,643.739990234375,70820900,3.128413599879968,3.1359102611144865,3.1176558672396912,3.133622222585356
2025-09-04,644.4199829101562,649.1500244140625,643.510009765625,649.1199951171875,65219200,3.136932317021539,3.159957394529921,3.132502714836003,3.1598112167664705
2025-09-05,651.47998046875,652.2100219726562,643.3300170898438,647.239990234375,85178900,3.171299244005449,3.174852968047383,3.131626539583126,3.150659656868498
2025-09-08,648.6199951171875,649.8400268554688,647.22998046875,648.8300170898438,63133100,3.1573772975831647,3.1633162148872547,3.1506109309473476,3.1583996505994922
2025-09-09,648.969970703125,650.8599853515625,647.219970703125,650.3300170898438,66133900,3.1590809221677687,3.1682812079868916,3.1505622050261977,3.16570140814941
2025-09-10,653.6199951171875,654.5499877929688,650.6300048828125,652.2100219726562,78034500,3.1817164894162246,3.186243543444061,3.1671617002375387,3.174852968047383
2025-09-11,654.1799926757812,658.3300170898438,653.5900268554688,657.6300048828125,69934400,3.1844424670171567,3.204644115082307,3.1815706087620494,3.2012365688038233
2025-09-12,657.5999755859375,659.1099853515625,656.9000244140625,657.4099731445312,72780100,3.2010903910403727,3.208440874511441,3.1976831418711646,3.2001654898663454
2025-09-15,659.6400146484375,661.0399780273438,659.3400268554688,660.9099731445312,63772400,3.2110209714581974,3.217835766905889,3.209560679370069,3.2172029241494875
2025-09-16,661.469970703125,661.780029296875,659.2100219726562,660.0,61169000,3.219928901750419,3.2214382168689735,3.2089278366136673,3.212773321963952
2025-09-17,660.010009765625,661.719970703125,654.2999877929688,659.1799926757812,101952200,3.2128220478851017,3.2211458613420723,3.185026583852408,3.2087816588502167
2025-09-18,661.8900146484375,664.8900146484375,660.27001953125,662.260009765625,90459200,3.2219736077830747,3.2365771228829106,3.214087733397905,3.223774684209979
2025-09-19,662.3300170898438,664.5499877929688,660.3699951171875,663.7000122070312,97945600,3.2241154685487547,3.2349219271101814,3.214574398390856,3.2307843833422716
2025-09-22,662.2000122070312,667.2899780273438,662.1699829101562,666.8400268554688,69452200,3.2234826257923532,3.2482597566972147,3.2233364480289026,3.2460694671196593
2025-09-23,666.719970703125,667.3400268554688,661.97998046875,663.2100219726562,81708900,3.2454850531751327,3.248503386302965,3.2224115468548753,3.2283991900801157
2025-09-24,664.510009765625,664.6099853515625,659.6699829101562,661.0999755859375,68082200,3.234727320534856,3.2352139855278073,3.2111668521123726,3.218127825323515
2025-09-25,657.9400024414062,659.4099731445312,654.4099731445312,658.0499877929688,89622100,3.202745586813102,3.2099011665995696,3.185561974766509,3.203280977727203
2025-09-26,659.510009765625,662.3699951171875,657.8800048828125,661.8200073242188,69179200,3.210388128701796,3.2243100751240803,3.202453528395476,3.2216328234442986
2025-09-29,664.3599853515625,665.280029296875,661.8599853515625,663.6799926757812,73499000,3.233997025936154,3.2384756511521156,3.221827430019624,3.230686931499971
2025-09-30,662.9299926757812,666.6500244140625,661.6099853515625,666.1799926757812,86288000,3.227036052725012,3.245144565945632,3.220610470427971,3.2428565274165013
2025-10-01,663.1699829101562,669.3699951171875,663.0599975585938,668.4500122070312,72545400,3.2282042863955147,3.2583849436903645,3.2276688954814134,3.2539066155836784
2025-10-02,670.4500122070312,670.5700073242188,666.780029296875,669.219970703125,56896000,3.2636422923169026,3.2642264091521542,3.2457774087020335,3.2576546490916627
2025-10-03,669.989990234375,672.6799926757812,668.1599731445312,669.2100219726562,70494400,3.261402979708922,3.2744974767994797,3.252494752307425,3.2576062202797877
2025-10-06,671.6199951171875,672.510009765625,669.4600219726562,671.6099853515625,54623300,3.2693375800152418,3.2736700274677526,3.258823179871441,3.2692888540940914
2025-10-07,672.5399780273438,672.989990234375,667.6699829101562,669.1199951171875,72020100,3.273815908121928,3.276006494808758,3.250109559045269,3.2571679840987118
2025-10-08,670.25,673.2100219726562,669.4199829101562,673.1099853515625,60702200,3.2626686652217254,3.277077573746236,3.25862827618684,3.2765906116440098
2025-10-09,673.530029296875,673.9400024414062,669.2100219726562,671.1599731445312,66501900,3.278635317676665,3.280631000678895,3.2576062202797877,3.267098267407261
2025-10-10,672.1300048828125,673.9500122070312,652.8400268554688,653.02001953125,159422600,3.271820225119698,3.2806797266000447,3.1779197299870905,3.178795905239968
2025-10-13,660.6500244140625,665.1300048828125,659.77001953125,663.0399780273438,79560500,3.21593753574596,3.237745356553414,3.211653814214599,3.227571443639113
2025-10-14,657.1699829101562,665.8300170898438,653.1699829101562,662.22998046875,88779600,3.1989972561958426,3.2411529028318973,3.1795259027293943,3.2236285064465284
2025-10-15,666.8200073242188,670.22998046875,658.9299926757812,665.1699829101562,81702600,3.245972015277359,3.2625712133794247,3.207564699258564,3.237939963128739
2025-10-16,666.8200073242188,668.7100219726562,657.1099853515625,660.6400146484375,110563300,3.245972015277359,3.255172301096482,3.198705197778217,3.2158888098248095
2025-10-17,659.5,665.760009765625,658.1400146484375,664.3900146484375,96500900,3.2103394027806456,3.240812118493121,3.2037192139082795,3.2341432036996047
2025-10-20,667.3200073242188,672.2100219726562,667.27001953125,671.2999877929688,60493400,3.248405934460665,3.272209735379624,3.2481626019641894,3.267779836084813
2025-10-21,671.4400024414062,672.989990234375,669.97998046875,671.2899780273438,56249000,3.2684614047623644,3.276006494808758,3.261354253787772,3.2677311101636626
2025-10-22,672.0,672.0,663.2999877929688,667.7999877929688,80564000,3.2711873823632964,3.2711873823632964,3.2288371291519162,3.250742401801671
2025-10-23,668.1199951171875,672.7100219726562,667.7999877929688,671.760009765625,65604500,3.2523001457320997,3.27464365456293,3.250742401801671,3.2700191486927936
2025-10-24,676.4600219726562,678.469970703125,675.6500244140625,677.25,74356500,3.292898048437725,3.302682153982824,3.2889551112451403,3.2967435337880096
2025-10-27,682.72998046875,685.5399780273438,682.1199951171875,685.239990234375,63339800,3.3234191929620756,3.3370978068878845,3.320449882864668,3.335637514799756
2025-10-28,687.0499877929688,688.9099731445312,684.8300170898438,687.0599975585938,61738100,3.3444482903589527,3.353502398414625,3.333641831797526,3.3444970162801027
2025-10-29,688.719970703125,689.7000122070312,682.8699951171875,687.3900146484375,85657100,3.3525774972405977,3.3573481808741845,3.3241007616396274,3.346103486131682
2025-10-30,683.9000244140625,685.9400024414062,679.8300170898438,679.8300170898438,76335800,3.3291147777696897,3.3390450610782394,3.3093026399644656,3.3093026399644656
2025-10-31,685.0399780273438,685.0800170898438,679.239990234375,682.0599975585938,87164100,3.3346638877045782,3.334858791389179,3.3064304846000834,3.3201578244470427
2025-11-03,685.6699829101562,685.7999877929688,679.9400024414062,683.3400268554688,57315000,3.337730649644286,3.3383634924006875,3.309838030878567,3.326388800168758
2025-11-04,676.1099853515625,679.9600219726562,674.5800170898438,675.239990234375,78427000,3.2911941267438456,3.309935482720867,3.2837464885397525,3.2869591311336355
2025-11-05,674.97998046875,680.8599853515625,674.1699829101562,677.5800170898438,74402400,3.285693445620832,3.314316358985253,3.2817505084282472,3.2983500036395887
2025-11-06,676.469970703125,677.3800048828125,668.719970703125,670.3099975585938,85035300,3.2929464772496,3.297376376544411,3.2552207299083564,3.2629607236393507
2025-11-07,667.9099731445312,671.0800170898438,661.2100219726562,670.969970703125,100592400,3.251277792715772,3.2667090542566104,3.2186635133468915,3.2661733662332337
2025-11-10,677.239990234375,682.1799926757812,675.030029296875,681.4400024414062,75842900,3.296694807866859,3.320741941282294,3.285937075226583,3.3171397884284852
2025-11-11,679.9500122070312,683.5700073242188,678.72998046875,683.0,58953400,3.3098867567997172,3.327508307918111,3.303947839495627,3.324733604396029
2025-11-12,684.7899780273438,684.9600219726562,680.9500122070312,683.3800048828125,62312500,3.333446928112925,3.3342746745539276,3.3147545951663293,3.3265834067440836
2025-11-13,680.5,680.8599853515625,670.52001953125,672.0399780273438,103457800,3.3125640084794985,3.314316358985253,3.2639830766556788,3.2713819889386215
2025-11-14,665.3800048828125,675.6599731445312,663.27001953125,671.9299926757812,96846700,3.2389623161450665,3.2890035400570152,3.228691248497741,3.2708465980245203
2025-11-17,669.7000122070312,673.7100219726562,662.1699829101562,665.6699829101562,90456100,3.2599914135419437,3.279511492929542,3.2233364480289026,3.240373882312045
2025-11-18,662.0999755859375,665.1199951171875,655.8599853515625,660.0800170898438,114467500,3.222995663690127,3.2376966306322634,3.1926203998199516,3.213162832223878
2025-11-19,660.780029296875,667.3400268554688,658.75,662.6300048828125,94703000,3.2165703785023614,3.248503386302965,3.2066885240056866,3.2255757606368833
2025-11-20,672.9099731445312,675.5599975585938,651.8900146484375,652.530029296875,165293500,3.275616984548832,3.2885168750640643,3.1732952241169543,3.176410711977812
2025-11-21,655.0499877929688,664.5499877929688,650.8499755859375,659.030029296875,123956200,3.188677462627367,3.2349219271101814,3.1682324820657413,3.2080516613607903
2025-11-24,662.6900024414062,670.0599975585938,661.5900268554688,668.72998046875,80437900,3.225867819054509,3.261743764047698,3.220513315694946,3.2552694558295068
2025-11-25,668.6300048828125,676.2100219726562,664.47998046875,675.02001953125,81077100,3.254782790836556,3.2916810888460724,3.2345811427714057,3.285888349305433
2025-11-26,677.6300048828125,681.7000122070312,676.719970703125,679.6799926757812,71879600,3.298593336136064,3.3184054739412883,3.294163436841253,3.308572345365764
2025-11-28,680.8599853515625,683.6699829101562,680.5,683.3900146484375,49212000,3.314316358985253,3.327994972911062,3.3125640084794985,3.3266321326652335
2025-12-01,678.8099975585938,682.989990234375,678.739990234375,680.27001953125,61201200,3.3043373497555533,3.3246848784748786,3.3039965654167776,3.311444500730146
2025-12-02,681.9199829101562,683.8200073242188,679.3300170898438,681.530029296875,62953800,3.319476255769491,3.3287252675097636,3.30686872078116,3.317578024609561
2025-12-03,680.5700073242188,684.9099731445312,679.6900024414062,683.8900146484375,57238500,3.3129047928182747,3.3340310449481767,3.308621071286914,3.3290660518485398
2025-12-04,685.2999877929688,685.3699951171875,681.3400268554688,684.3900146484375,61970300,3.3359295732173817,3.3362703575561574,3.316653123435534,3.3314999710318456
2025-12-05,685.469970703125,688.3900146484375,684.5800170898438,685.6900024414062,79241000,3.3367570225491083,3.350971324498294,3.332424872205873,3.3378281014865863
2025-12-08,686.5900268554688,686.6400146484375,681.5700073242188,683.6300048828125,55231500,3.3422092748602474,3.342452607356723,3.3177726311848867,3.3278003663357363
2025-12-09,683.1500244140625,685.3900146484375,682.5900268554688,683.0399780273438,58310100,3.3254638989947307,3.3363678093984577,3.322737921393799,3.324928210971354
2025-12-10,682.5599975585938,688.969970703125,681.3099975585938,687.5700073242188,85671300,3.3225917436303485,3.3537944568322504,3.3165069456720833,3.346979661384559
2025-12-11,685.1400146484375,689.25,682.1699829101562,689.1699829101562,86173700,3.3351508498068045,3.355157594187354,3.320693215361144,3.354768083927428
2025-12-12,688.1699829101562,688.8800048828125,679.1699829101562,681.760009765625,113160300,3.349900245560816,3.35335651776045,3.3060897002613077,3.318697532358914
2025-12-15,685.739990234375,685.760009765625,679.25,680.72998046875,90811000,3.3380714339830617,3.338168885825362,3.3064792105212337,3.3136835162288514
2025-12-16,679.22998046875,681.0800170898438,674.97998046875,678.8699951171875,122030600,3.3063817586789335,3.315387437922731,3.285693445620832,3.304629408173179
2025-12-17,679.8900146484375,680.4400024414062,671.2000122070312,671.4000244140625,110625200,3.3095946983820914,3.312271950061873,3.2672931710918616,3.2682667981870392
2025-12-18,677.5999755859375,680.739990234375,674.9000244140625,676.469970703125,108650100,3.2984471583726136,3.3137322421500017,3.2853042324701813,3.2929464772496
2025-12-19,676.5900268554688,681.0900268554688,676.469970703125,680.5900268554688,103599500,3.2935308911941266,3.315436163843881,3.2929464772496,3.313002244660575
2025-12-22,683.9400024414062,685.3599853515625,680.5900268554688,684.8300170898438,69556700,3.329309384345015,3.336221631635007,3.313002244660575,3.333641831797526
2025-12-23,683.9199829101562,688.2000122070312,683.8699951171875,687.9600219726562,64840000,3.329211932502715,3.3500464233242666,3.3289686000062395,3.348878189653764
2025-12-24,687.9500122070312,690.8300170898438,687.7999877929688,690.3800048828125,39445600,3.3488294637326135,3.362848861997198,3.3480991691339117,3.3606582753103678
2025-12-26,690.6400146484375,691.6599731445312,689.27001953125,690.3099975585938,41613300,3.361923960823171,3.366888953922808,3.3552550460296544,3.360317490971592
2025-12-29,687.5399780273438,689.2000122070312,686.0700073242188,687.8499755859375,62559500,3.346833483621108,3.3549142616908787,3.339677903834641,3.348342501630387
2025-12-30,687.4500122070312,688.5599975585938,686.5800170898438,687.010009765625,47160700,3.3463955445493077,3.351798773830021,3.342160548939097,3.344253683783627
2025-12-31,687.1400146484375,687.3599853515625,681.7100219726562,681.9199829101562,74144800,3.3448865265400287,3.3459573083682312,3.3184541998624386,3.319476255769491
2026-01-02,685.7100219726562,686.8699951171875,679.8200073242188,683.1699829101562,89377200,3.3379255533288865,3.3435721151060753,3.3092539140433157,3.325561053727756
2026-01-05,686.5399780273438,689.4299926757812,686.3800048828125,687.719970703125,71927200,3.3419656452544966,3.356033769440231,3.3411869218439194,3.3477096588739856
2026-01-06,687.9299926757812,692.3200073242188,687.780029296875,691.8099975585938,69273800,3.348732011890313,3.370101893625966,3.3480020144008864,3.36761924852151
2026-01-07,692.1900024414062,693.9600219726562,689.3200073242188,689.5800170898438,75588300,3.3694690508695646,3.378085219853436,3.35549837852613,3.3567640640389333
2026-01-08,688.8200073242188,690.6199951171875,687.489990234375,689.510009765625,64019200,3.353064459342824,3.3618265089808705,3.3465901511246328,3.356423279700157
2026-01-09,690.6300048828125,695.3099975585938,689.1799926757812,694.0700073242188,80125500,3.361875234902021,3.384656682804652,3.3548168098485784,3.378620610767537
2026-01-12,690.6799926757812,696.0900268554688,690.6300048828125,695.1599731445312,63976000,3.3621185673984963,3.3884537393430616,3.361875234902021,3.3839263882059503
2026-01-13,695.489990234375,696.0900268554688,691.3499755859375,693.77001953125,78309700,3.3855328580575295,3.3884537393430616,3.3653799359135292,3.3771603186794086
2026-01-14,691.0,691.719970703125,686.0399780273438,690.3599853515625,94676700,3.363676311328925,3.3671810123404335,3.3395317260711903,3.3605608234680675
2026-01-15,694.5700073242188,695.4500122070312,691.25,692.239990234375,77862000,3.3810545299508434,3.385338251482204,3.3648932709205783,3.36971238336604
2026-01-16,693.6599731445312,694.25,690.0999755859375,691.6599731445312,79289200,3.3766246306560324,3.3794967860204146,3.3592951379552645,3.366888953922808
2026-01-20,681.489990234375,684.77001953125,676.5700073242188,677.5800170898438,111623300,3.3173831209249607,3.3333497733799002,3.2934334393518263,3.2983500036395887
2026-01-21,679.6500244140625,688.739990234375,678.1300048828125,685.4000244140625,127844500,3.3084264647115886,3.352674949082898,3.30102725531937,3.336416535319608
2026-01-22,689.8499755859375,691.1300048828125,686.9199829101562,688.97998046875,77112200,3.3580781783636113,3.3643091540853267,3.343815447602551,3.3538431827534008
2026-01-23,688.1500244140625,690.9600219726562,687.1599731445312,689.22998046875,63059600,3.349803090827791,3.3634817047535996,3.344983681273054,3.355060142345054
2026-01-26,690.489990234375,694.1300048828125,689.9199829101562,692.72998046875,60473800,3.361193666224469,3.378912669185163,3.358418962702387,3.372097576628196
2026-01-27,694.1799926757812,696.530029296875,693.5700073242188,695.489990234375,55506100,3.3791560016816384,3.390595600108742,3.3761866915842313,3.3855328580575295
2026-01-28,697.0499877929688,697.8400268554688,693.9400024414062,695.4199829101562,61172200,3.393126674025073,3.3969724564846326,3.3779877680111356,3.3851920737187533
2026-01-29,696.3900146484375,697.0599975585938,684.8300170898438,694.0399780273438,97486200,3.38991403143119,3.393175399946223,3.333641831797526,3.3784744330040866
2026-01-30,691.7899780273438,694.2100219726562,687.1199951171875,691.969970703125,101835100,3.3675217966792097,3.379302179445089,3.3447890746977285,3.3683979719320867
2026-02-02,689.5800170898438,696.9299926757812,689.4199829101562,695.4099731445312,79286500,3.3567640640389333,3.3925425571898216,3.3559850435190812,3.3851433477976034
2026-02-03,696.2100219726562,696.9600219726562,684.030029296875,689.530029296875,107904600,3.389037856178313,3.392688734953272,3.329747620526091,3.3565207315424574
2026-02-04,690.3499755859375,691.4500122070312,681.760009765625,686.1900024414062,105204600,3.360512097546917,3.3658668980157556,3.318697532358914,3.340262020669892
2026-02-05,680.9400024414062,683.6900024414062,675.7899780273438,677.6199951171875,113610800,3.314705869245179,3.328092424753362,3.2896363828134167,3.298544610214914
2026-02-06,681.4600219726562,692.3099975585938,680.8499755859375,690.6199951171875,89127600,3.3172372402707855,3.3700531677048158,3.314267633064103,3.3618265089808705
2026-02-09,689.4199829101562,695.8699951171875,688.3400268554688,693.9500122070312,73885200,3.3559850435190812,3.3873826604055837,3.3507279920018185,3.378036493932286
2026-02-10,694.9500122070312,696.5399780273438,691.6599731445312,692.1199951171875,65185700,3.382904332298898,3.390644028920617,3.366888953922808,3.369128266530789
2026-02-11,696.3900146484375,697.1400146484375,689.1799926757812,691.9600219726562,76353900,3.38991403143119,3.393564910206149,3.3548168098485784,3.3683495431202117
2026-02-12,694.239990234375,695.3499755859375,680.3699951171875,681.27001953125,118829000,3.3794480600992642,3.3848512893799776,3.311931165723097,3.316312339096758
2026-02-13,681.6900024414062,686.280029296875,677.52001953125,681.75,96267500,3.318356748020138,3.3407002568509685,3.298057945221963,3.3186488064377637
2026-02-17,680.1400146484375,684.9400024414062,675.780029296875,682.8499755859375,81354700,3.3108116579737445,3.3341772227116273,3.289587954001542,3.3240033097973267
2026-02-18,684.02001953125,689.1500244140625,682.8300170898438,686.2899780273438,73570300,3.3296988946049413,3.3546709291944032,3.323906155064302,3.3407486856628434
2026-02-19,683.8400268554688,686.1799926757812,681.5499877929688,684.47998046875,58649400,3.3288227193520643,3.340213294748742,3.3176751793425865,3.3319379101036466
2026-02-20,682.3200073242188,690.0599975585938,681.72998046875,689.4299926757812,100034000,3.3214235099598457,3.359100531379939,3.3185513545954635,3.356033769440231
2026-02-23,687.8300170898438,690.0,680.3699951171875,682.3900146484375,90558100,3.3482453468973623,3.358808472962313,3.311931165723097,3.3217642942986214
2026-02-24,681.9000244140625,688.3499755859375,680.0,687.3499755859375,73798700,3.3193791010364655,3.350776420813693,3.3101300892961927,3.3459085824470813
2026-02-25,690.1799926757812,693.6799926757812,690.0999755859375,693.1500244140625,56369500,3.3596846482151905,3.3767220824983326,3.3592951379552645,3.374142282660851
2026-02-26,693.280029296875,693.2999877929688,684.3499755859375,689.2999877929688,71671000,3.3747751254172527,3.374872280150278,3.331305067347245,3.3554009266838296
2026-02-27,683.0900268554688,686.8599853515625,681.6400146484375,685.989990234375,83308900,3.325171840577105,3.3435233891849254,3.3181134155236625,3.339288393574715
2026-03-02,678.7000122070312,688.6199951171875,678.02001953125,686.3800048828125,87477200,3.303801958841452,3.3520908322476464,3.3004918644052688,3.3411869218439194
2026-03-03,675.0599975585938,682.6099853515625,669.6599731445312,680.3300170898438,105003100,3.286082955880758,3.322835076126824,3.259796509857343,3.311736559147772
2026-03-04,681.6300048828125,687.0900268554688,679.6199951171875,685.1300048828125,79182200,3.3180646896025126,3.3446431940435533,3.308280286948138,3.3351021238856546
2026-03-05,682.0800170898438,685.530029296875,675.6099853515625,681.3099975585938,106606500,3.320255276289343,3.3370493780760095,3.2887602075605398,3.3165069456720833
2026-03-06,673.4099731445312,676.1099853515625,669.760009765625,672.3800048828125,100687000,3.2780509037321384,3.2911941267438456,3.2602834719595695,3.273037184711351
2026-03-09,666.3900146484375,679.9199829101562,662.3900146484375,678.27001953125,102667700,3.243878880432829,3.3097405790362666,3.2244075269663806,3.301708823996922
2026-03-10,677.719970703125,683.3599853515625,674.760009765625,677.1799926757812,81505300,3.299031275207865,3.326485954901783,3.2846226637926295,3.296402749449234
2026-03-11,677.5800170898438,680.0800170898438,673.3400268554688,676.3300170898438,68441700,3.2983500036395887,3.3105195995561187,3.2777104165026376,3.2922652056813235
2026-03-12,671.1599731445312,671.6500244140625,665.8699951171875,666.0599975585938,108882200,3.267098267407261,3.2694837577786924,3.2413475094072224,3.2422724105812497
2026-03-13,669.27001953125,672.3400268554688,661.3599853515625,662.2899780273438,97200200,3.2578982786974136,3.2728425781360255,3.219393510836318,3.2239205648641542
2026-03-16,668.3800048828125,672.0700073242188,667.1199951171875,669.030029296875,82023100,3.2535658312449027,3.271528166702072,3.2474323073654876,3.2567300450269108
2026-03-17,672.3900146484375,674.4400024414062,669.7000122070312,670.7899780273438,87128000,3.273085910632501,3.2830649198622006,3.2599914135419437,3.2652971909803568
2026-03-18,668.3599853515625,669.719970703125,661.1900024414062,661.4299926757812,82062600,3.2534683794026025,3.2600885682749685,3.2185660615045912,3.219734295175094
2026-03-19,656.969970703125,662.97998046875,655.1699829101562,659.7999877929688,111272500,3.198023629100665,3.2272793852214874,3.1892615794626185,3.211799694868774
2026-03-20,656.510009765625,656.6900024414062,644.719970703125,648.5700073242188,163617500,3.1957846136019596,3.196660788854837,3.1383926091096677,3.157133965086689
2026-03-23,658.0700073242188,662.6199951171875,653.9400024414062,655.3800048828125,134802700,3.2033784295695034,3.2255270347157334,3.183274233346654,3.190283932478946
2026-03-24,651.3200073242188,657.030029296875,649.8800048828125,653.1799926757812,96457500,3.1705205205948723,3.198315984627566,3.16351082146258,3.1795746286505446
2026-03-25,658.6699829101562,660.8900146484375,654.239990234375,656.8200073242188,90653800,3.2062990137457605,3.2171057694164626,3.184734525434782,3.1972936316112386
2026-03-26,652.0599975585938,654.8499755859375,644.8200073242188,645.0900268554688,96494400,3.174122673448681,3.1877038355321896,3.138879571211894,3.1401939826458474
2026-03-27,642.5,642.6599731445312,633.1099853515625,634.0900268554688,103649400,3.127586150548241,3.1283648739588177,3.0818770769795276,3.086647760613115
2026-03-30,640.1099853515625,640.3699951171875,629.280029296875,631.969970703125,99275900,3.1159519455458122,3.1172176310586153,3.0632334699540817,3.0763276699353637
2026-03-31,638.9400024414062,651.5399780273438,637.97998046875,650.3400268554688,152534100,3.110256657847473,3.171591302423075,3.1055834260561865,3.1657501340705605
2026-04-01,653.9000244140625,658.52001953125,653.0,655.239990234375,97841500,3.1830796267713284,3.205569016256334,3.178698453397667,3.189602363801394
2026-04-02,646.4199829101562,658.2000122070312,645.1099853515625,655.8300170898438,68358700,3.1466679937547632,3.2040112723259053,3.140291137378872,3.1924745191657764
2026-04-06,655.8599853515625,659.719970703125,655.52001953125,658.9299926757812,39105800,3.1926203998199516,3.211410184608848,3.190965501156498,3.207564699258564
2026-04-07,656.6500244140625,659.6099853515625,651.0599975585938,659.219970703125,69980400,3.1964661822795115,3.210874793694747,3.169254835082069,3.2089762654255423
2026-04-08,676.3900146484375,677.0800170898438,671.4600219726562,676.010009765625,93606100,3.2925572640989493,3.2959160844562825,3.268558856604665,3.2907074617508947
2026-04-09,674.8400268554688,681.1599731445312,673.77001953125,679.9099731445312,57134400,3.2850121740525555,3.3157766510733815,3.2798035513471677,3.3096918531151163
2026-04-10,681.3200073242188,682.030029296875,678.4500122070312,679.4600219726562,42253500,3.3165556715932336,3.3200119437928675,3.302584999249799,3.3075015635375613
2026-04-13,677.4099731445312,686.2999877929688,676.5800170898438,686.0999755859375,54185800,3.2975222571985863,3.3407974115839933,3.2934821652729767,3.339823784488816
2026-04-14,687.6900024414062,694.5800170898438,687.6599731445312,694.4600219726562,63480500,3.3475637782198104,3.3811032558719933,3.34741760045636,3.380519139036742
2026-04-15,695.260009765625,700.280029296875,694.2000122070312,699.9400024414062,58240400,3.3844133503081766,3.4088499939835373,3.3792534535239387,3.4071947982108077
2026-04-16,701.0599975585938,702.780029296875,698.530029296875,701.6599731445312,49972400,3.4126467534126714,3.4210195899000673,3.4003312768419662,3.4155673375889286
2026-04-17,706.1400146484375,712.3900146484375,705.760009765625,710.1400146484375,70661900,3.4373754555056575,3.467799445296983,3.4355256531576033,3.456846808972106
2026-04-20,708.780029296875,709.9099731445312,706.1400146484375,708.719970703125,43546800,3.45022662009974,3.455727004113478,3.4373754555056575,3.4499342645728386
2026-04-21,710.280029296875,711.280029296875,702.6400146484375,704.0800170898438,58941400,3.4575283776496577,3.46239621601627,3.4203380212225154,3.427347720354808
2026-04-22,709.1500244140625,711.4500122070312,708.219970703125,711.2100219726562,42518500,3.452027696526644,3.463223665347997,3.4475003453895328,3.4620554316774936
2026-04-23,709.5,712.3599853515625,702.280029296875,708.4500122070312,56174000,3.453731321111248,3.4676532675335325,3.4185856707167614,3.4486201502481606
2026-04-24,710.75,714.469970703125,709.010009765625,713.9400024414062,45182000,3.4598161190695134,3.477924335180858,3.4513461278490922,3.4753445353433765
2026-04-27,713.1699829101562,715.6300048828125,712.2999877929688,715.1699829101562,33135900,3.4715962047261173,3.483571194067322,3.4673612091159067,3.4813318814593415
2026-04-28,711.8200073242188,712.8800048828125,709.25,711.6900024414062,43117400,3.465024741774901,3.470184638559139,3.452514361519595,3.4643918990184996
2026-04-29,711.0,712.2000122070312,708.3699951171875,711.5800170898438,41859200,3.461033078661166,3.466874544122956,3.4482306399882345,3.4638565081043984
2026-04-30,714.6300048828125,719.7899780273438,710.4500122070312,718.6599731445312,67240900,3.47870335570071,3.503821270944347,3.4583558269813848,3.498320589821333
2026-05-01,721.25,724.8699951171875,720.469970703125,720.6500244140625,43049800,3.5109284219189396,3.5285499730373333,3.50713136538053,3.5080078377426824
2026-05-04,720.0700073242188,722.1199951171875,714.989990234375,718.010009765625,51950600,3.5051844082994505,3.51516341752915,3.480455706206464,3.4951566731486006
2026-05-05,721.77001953125,725.0399780273438,721.489990234375,723.77001953125,36933200,3.513459792944546,3.5293774223690604,3.5120966555894424,3.5231954696777703
2026-05-06,728.1599731445312,734.5900268554688,727.8200073242188,733.8300170898438,53288900,3.544565054304148,3.5758655164576254,3.5429101556406937,3.5721659117615165
2026-05-07,735.0499877929688,736.1300048828125,729.75,731.5800170898438,51724600,3.5781045319563307,3.583361880582869,3.552305048035142,3.5612132754366392
2026-05-08,734.9299926757812,738.0800170898438,734.5700073242188,737.6199951171875,47227100,3.5775204151210795,3.5928542248196176,3.575768064615325,3.590614912211637
2026-05-11,736.4500122070312,740.7899780273438,736.4500122070312,739.2999877929688,44024000,3.5849196245132977,3.6060458766432,3.5849196245132977,3.598792845014432
2026-05-12,736.8900146484375,738.8400268554688,731.8300170898438,738.1799926757812,54185300,3.587061485278978,3.596553829515727,3.5624302350282924,3.5933408898125685
2026-05-13,738.469970703125,743.9099731445312,735.469970703125,742.3099975585938,44200200,3.594752455979547,3.6212335085782876,3.580148940879711,3.6134450860354184
2026-05-14,743.6500244140625,749.530029296875,743.5599975585938,748.1699829101562,45307600,3.6199681201747596,3.6485910335391805,3.6195298839936836,3.641970547557539
2026-05-15,741.7899780273438,743.4600219726562,737.9600219726562,739.1699829101562,60410800,3.610913715009812,3.6190432190007322,3.592270107984366,3.5981600022580307
2026-05-18,739.8300170898438,741.4199829101562,733.3900146484375,738.6500244140625,47843900,3.6013729419611886,3.6091126385829075,3.570024050995836,3.5956289283416996
2026-05-19,734.780029296875,737.6500244140625,731.530029296875,733.72998046875,54255900,3.5767904176316527,3.5907610899750875,3.560969942940164,3.57167894965929
2026-05-20,735.7100219726562,741.8699951171875,733.8900146484375,741.25,45768000,3.581317471659489,3.611303225269738,3.572457970179142,3.6082851892511805
2026-05-21,738.6400146484375,744.8699951171875,737.030029296875,742.719970703125,43332200,3.595580202420549,3.625906740369574,3.58774305395653,3.615440769037648
2026-05-22,746.239990234375,748.9400024414062,744.47998046875,745.6400146484375,41762000,3.6325756551630906,3.6457188781747982,3.6240082121003696,3.629655070986834
2026-05-26,750.010009765625,752.1300048828125,748.3699951171875,750.5900268554688,41123600,3.650927500880186,3.661247294448662,3.6429441746527162,3.6537509303234184
2026-05-27,750.8800048828125,751.3800048828125,748.219970703125,750.4600219726562,42106300,3.6551624964903966,3.657596415673703,3.6422138800540145,3.653118087567017
2026-05-28,750.25,755.1500244140625,749.22998046875,754.5999755859375,41562600,3.6520957345506893,3.6759482613907983,3.6471304443417765,3.673270712601741
2026-05-29,755.9000244140625,758.0800170898438,754.6900024414062,756.47998046875,55075700,3.6795991401657573,3.6902109921518584,3.6737089487828176,3.682422272499714
2026-06-01,755.3599853515625,760.280029296875,754.6900024414062,758.5399780273438,43634900,3.6769703172978505,3.70092029598026,3.6737089487828176,3.6924500076505637
2026-06-02,757.030029296875,760.4000244140625,756.75,759.5700073242188,31581900,3.685099821288771,3.7015044128155115,3.6837366839336676,3.6974640237806264
2026-06-03,758.1500244140625,758.7999877929688,753.5700073242188,754.239990234375,51402500,3.6905517764906346,3.6937156931633672,3.668256993580954,3.6715183620959873
2026-06-04,752.0999755859375,758.3099975585938,751.469970703125,757.0900268554688,49923000,3.661101116685211,3.6913304999012113,3.6580343547455034,3.6853918797063967
2026-06-05,752.3099975585938,752.8200073242188,735.530029296875,737.5499877929688,93989400,3.662123469701539,3.664606114805995,3.5804412964066117,3.590274127872861
2026-06-08,743.3599853515625,745.3400268554688,738.1900024414062,739.219970703125,49319100,3.618556256898506,3.6281947788987052,3.593389615733719,3.598403334754506
2026-06-09,743.6300048828125,746.9000244140625,722.5900268554688,737.0499877929688,87683500,3.6198706683324593,3.635788594866249,3.517451456058281,3.587840208689555
2026-06-10,733.3900146484375,738.3800048828125,725.3300170898438,725.4299926757812,60341300,3.570024050995836,3.594314516907746,3.530789285645314,3.531275950638265
2026-06-11,728.760009765625,740.0,724.4099731445312,737.760009765625,86330500,3.5474859355896804,3.6022003912929157,3.5263106604293526,3.5912964808891887
2026-06-12,740.7100219726562,744.4400024414062,735.030029296875,741.75,57079500,3.605656663492549,3.623813605525044,3.578007377223306,3.6107191084344867
2026-06-15,751.8499755859375,756.6799926757812,751.760009765625,754.8300170898438,60176400,3.659884157093558,3.6833958995948914,3.6594462180217575,3.6743905174603695
2026-06-16,754.5499877929688,755.4400024414062,749.8800048828125,750.3300170898438,67093100,3.6730273801052657,3.6773598275577766,3.6502946581237845,3.6524852448106153
2026-06-17,751.2899780273438,752.1500244140625,739.219970703125,740.9600219726562,85945200,3.6571581794926264,3.661344746290962,3.598403334754506,3.6068736230842022
2026-06-18,747.760009765625,748.22998046875,743.8599853515625,746.739990234375,80875700,3.639974864555309,3.642262605975165,3.620990176081812,3.635009574346397
2026-06-22,747.7000122070312,750.1799926757812,743.1300048828125,744.3900146484375,45157614,3.6396828061376834,3.651754950211913,3.6174367491491535,3.6235702730285686
