Date,Open,High,Low,Close,Volume,SMA20,SMA50,EMA20,RSI,MACD,VolumeChange
2015-03-16,30.969999313354492,31.237499237060547,30.717500686645508,31.237499237060547,143497200,31.927749729156496,29.914599952697753,31.35280387481143,51.02165841548989,0.22970193927181626,-0.3078107483893624
2015-03-17,31.475000381469727,31.829999923706055,31.412500381469727,31.760000228881836,204092400,31.9178747177124,30.003149948120118,31.39158447996099,55.91472624417446,0.2409748473461235,0.42227444159189176
2015-03-18,31.75,32.290000915527344,31.592500686645508,32.11750030517578,261083600,31.914749717712404,30.114249954223634,31.46071932045764,58.93743910811399,0.2755792703298283,0.2792421471843145
2015-03-19,32.1875,32.3125,31.850000381469727,31.875,183238000,31.902874755859376,30.22044994354248,31.500174623271196,56.126249067781245,0.28020573954429295,-0.29816350012026804
2015-03-20,32.0625,32.099998474121094,31.290000915527344,31.475000381469727,274780400,31.85787477493286,30.311199951171876,31.49777707643296,51.74219628491693,0.24872843685755086,0.4995819644396904
2015-03-23,31.780000686645508,31.962499618530273,31.6299991607666,31.802499771118164,150838800,31.78549976348877,30.387799949645995,31.5267982854506,54.851671051938254,0.2473575278087523,-0.45105691672331794
2015-03-24,31.8075008392334,32.0099983215332,31.63999938964844,31.67250061035156,131369200,31.716999816894532,30.461199951171874,31.540674697345928,53.38131178433254,0.23309426113889486,-0.12907554289745082
2015-03-25,31.635000228881836,31.704999923706055,30.844999313354492,30.844999313354492,206620800,31.649374866485594,30.531849937438963,31.474419898870554,45.09478176896575,0.15325149277797223,0.5728252893372268
2015-03-26,30.690000534057617,31.219999313354492,30.649999618530273,31.059999465942383,190291600,31.572124862670897,30.601949920654295,31.43495128621073,47.380309643780784,0.10610117084661752,-0.07902979758088247
2015-03-27,31.142499923706055,31.174999237060547,30.727500915527344,30.8125,158184800,31.50699977874756,30.66919990539551,31.375670211333517,45.05522766395795,0.04820735813751398,-0.16872421063252396
2015-03-30,31.012500762939453,31.600000381469727,31.0,31.592500686645508,188398800,31.472999858856202,30.766949920654298,31.396320732791803,52.89978849612566,0.06452186326150411,0.1910044454334423
2015-03-31,31.522499084472656,31.622499465942383,31.09000015258789,31.107500076293945,168362400,31.411374855041505,30.859149932861328,31.368814003601532,48.283693624805295,0.03787908367805315,-0.10635099586621566
2015-04-01,31.204999923706055,31.280000686645508,30.774999618530273,31.0625,162485600,31.357749938964844,30.936799926757814,31.339641241353767,47.86633764667664,0.012983690924798452,-0.03490565589466532
2015-04-02,31.25749969482422,31.38999938964844,31.04750061035156,31.329999923706055,128880400,31.34412488937378,31.015649909973146,31.338723020625412,50.599900550069876,0.014669816545666237,-0.2068195581639235
2015-04-06,31.11750030517578,31.877500534057617,31.082500457763672,31.837499618530273,148776000,31.35349988937378,31.090399894714356,31.386225553759207,55.3800027566732,0.05630798388080649,0.15437258109068552
2015-04-07,31.90999984741211,32.029998779296875,31.4950008392334,31.502500534057617,140049200,31.339374923706053,31.15554988861084,31.397299361406674,51.81578707288623,0.061565219540081983,-0.05865731031886867
2015-04-08,31.462499618530273,31.600000381469727,31.24250030517578,31.399999618530273,149316800,31.352999877929687,31.21804988861084,31.397556528751778,50.73974781576433,0.056805827213516125,0.06617388746240604
2015-04-09,31.462499618530273,31.645000457763672,31.165000915527344,31.63999938964844,129936000,31.40699987411499,31.305149879455566,31.42064632502765,53.19086673780972,0.07157487961422504,-0.12979651318538843
2015-04-10,31.487499237060547,31.802499771118164,31.315000534057617,31.774999618530273,160752000,31.440124893188475,31.3640998840332,31.454394257742187,54.56051641487887,0.09309965539892318,0.23716291097155517
2015-04-13,32.092498779296875,32.14250183105469,31.65250015258789,31.712499618530273,145460400,31.480874919891356,31.403849868774415,31.478975720674384,53.776007912514295,0.10391707625133506,-0.09512541057031954
2015-04-14,31.75,31.822500228881836,31.477500915527344,31.575000762939453,102098400,31.497749996185302,31.449549865722656,31.488120962794866,52.004418103709256,0.10023945366690512,-0.298101751404506
2015-04-15,31.602500915527344,31.782499313354492,31.502500534057617,31.69499969482422,115881600,31.494499969482423,31.49029987335205,31.507823699178616,53.445856014091575,0.10578835984179946,0.13499917726428623
2015-04-16,31.56999969482422,31.774999618530273,31.52750015258789,31.542499542236328,113476000,31.46574993133545,31.527899856567384,31.511126160422208,51.33580648794811,0.09676497376279158,-0.020759119653163238
2015-04-17,31.387500762939453,31.53499984741211,31.114999771118164,31.1875,207828000,31.431374931335448,31.553849868774414,31.48030462133438,46.712488026254995,0.06027358273887273,0.8314709718354543
2015-04-20,31.392499923706055,32.029998779296875,31.292499542236328,31.899999618530273,188217200,31.452624893188478,31.59214984893799,31.520275573448274,55.395219218584856,0.0878341595374863,-0.0943607213657448
2015-04-21,32.025001525878906,32.04999923706055,31.667499542236328,31.727500915527344,129740400,31.448874950408936,31.632049865722657,31.540011320312946,53.13775938444804,0.09466566465824755,-0.31068786487101074
2015-04-22,31.747499465942383,32.217498779296875,31.579999923706055,32.154998779296875,150618000,31.472999858856202,31.67654983520508,31.59858155450189,57.7346580644493,0.13304156618281482,0.16091826447274715
2015-04-23,32.07500076293945,32.60499954223633,32.03499984741211,32.41749954223633,183083600,31.551624870300294,31.714799842834474,31.676573743809932,60.30927275486056,0.18253224429344073,0.21554927033953453
2015-04-24,32.622501373291016,32.657501220703125,32.307498931884766,32.56999969482422,178103600,31.627124881744386,31.741799850463867,31.761661929620818,61.76639987496173,0.23139210690229817,-0.027200688647153526
2015-04-27,33.07749938964844,33.282501220703125,32.787498474121094,33.162498474121094,387816800,31.74462480545044,31.772749824523927,31.89507493385894,66.85733616140791,0.3143005388400155,1.1774787258651704
2015-04-28,33.6150016784668,33.6349983215332,32.39250183105469,32.63999938964844,475696000,31.796999740600587,31.790149803161622,31.966020120124607,59.35199333283819,0.33399467633938684,0.22659977597669823
2015-04-29,32.540000915527344,32.897499084472656,32.07500076293945,32.15999984741211,253544400,31.849624729156496,31.79419979095459,31.984494379866273,53.41920493719518,0.3073277872349749,-0.4670032962227978
2015-04-30,32.15999984741211,32.15999984741211,31.145000457763672,31.287500381469727,332781600,31.860874748229982,31.77634979248047,31.918113999066602,44.6770740862933,0.21333151743713685,0.3125180441768778
2015-05-01,31.524999618530273,32.532501220703125,31.325000762939453,32.23749923706055,234050400,31.906249713897704,31.778849792480468,31.94853164078031,53.584040435521544,0.21303997240121575,-0.2966846724698722
2015-05-04,32.375,32.64250183105469,32.064998626708984,32.17499923706055,203953200,31.923124694824217,31.77484977722168,31.970099983283188,52.97970807522395,0.2053979929867289,-0.12859281590631766
2015-05-05,32.037498474121094,32.11249923706055,31.44499969482422,31.450000762939453,197085600,31.92049970626831,31.73884979248047,31.920566724202832,46.437148386383925,0.13923533319664116,-0.03367243073410964
2015-05-06,31.63999938964844,31.6875,30.84000015258789,31.252500534057617,288564000,31.913124752044677,31.703049812316895,31.85694137276043,44.81360749077378,0.07005676002355798,0.46415567651822354
2015-05-07,31.1924991607666,31.520000457763672,31.0049991607666,31.315000534057617,175763600,31.896874809265135,31.685399856567383,31.805327959550638,45.46341204445767,0.020044410557197523,-0.39090253808513886
2015-05-08,31.670000076293945,31.905000686645508,31.52750015258789,31.905000686645508,222201600,31.903374862670898,31.671399879455567,31.81482060022634,51.29373200541766,0.02769805878222087,0.2642071509686874
2015-05-11,31.84749984741211,31.88999938964844,31.407499313354492,31.579999923706055,168143200,31.896749877929686,31.66069984436035,31.79245672627203,48.23472035674013,0.007452872641046326,-0.2432853768829747
2015-05-12,31.399999618530273,31.719999313354492,31.204999923706055,31.467500686645508,192640000,31.89137487411499,31.64459987640381,31.761508532021885,47.1857160709357,-0.01746797156716795,0.14569010224618073
2015-05-13,31.537500381469727,31.79750061035156,31.467500686645508,31.502500534057617,138776800,31.88174991607666,31.627849884033203,31.736841103644338,47.56776337436168,-0.03400177368526158,-0.2796054817275747
2015-05-14,31.852500915527344,32.23749923706055,31.790000915527344,32.23749923706055,180814000,31.916499900817872,31.62989990234375,31.78452283063636,54.93945687662956,0.012064252515159524,0.3029123023444842
2015-05-15,32.26750183105469,32.372501373291016,32.0525016784668,32.192501068115234,152832000,31.966749954223634,31.64169990539551,31.82337790087244,54.43486645721457,0.04442878660229965,-0.15475571581846537
2015-05-18,32.095001220703125,32.68000030517578,32.09000015258789,32.54750061035156,203531600,31.999125003814697,31.659649925231932,31.89234196844188,57.733038467247596,0.09759835614694623,0.3317341917922949
2015-05-19,32.67250061035156,32.720001220703125,32.40999984741211,32.51750183105469,178532800,32.03862504959106,31.674299964904787,31.95188100297643,57.35522786854309,0.13575012930899177,-0.12282515344054679
2015-05-20,32.5,32.744998931884766,32.334999084472656,32.51499938964844,145819600,32.056625080108645,31.7020499420166,32.00551132551662,57.321529218151134,0.16389448470201629,-0.1832335570830682
2015-05-21,32.51750183105469,32.907501220703125,32.45750045776367,32.84749984741211,158921600,32.07812509536743,31.747799949645994,32.085700708554285,60.631339848793175,0.210601415219557,0.08985074708749718
2015-05-22,32.900001525878906,33.24250030517578,32.849998474121094,33.1349983215332,182384000,32.10637502670288,31.78824993133545,32.185633814552276,63.282838305465546,0.26772949928461287,0.14763506030646556
2015-05-26,33.150001525878906,33.227500915527344,32.279998779296875,32.404998779296875,282790400,32.06850004196167,31.818399925231933,32.20652571595652,53.44079289801915,0.25120333956419927,0.5505219756118958
2015-05-27,32.584999084472656,33.064998626708984,32.51250076293945,33.0099983215332,183332800,32.08699998855591,31.853849906921386,32.283046916487635,59.11586484544495,0.28365484925436135,-0.3517007649481736
2015-05-28,32.96500015258789,32.98749923706055,32.775001525878906,32.94499969482422,122933200,32.12624998092652,31.877549896240236,32.346090038233974,58.2937703130341,0.3006622117042923,-0.32945332204602773
2015-05-29,32.807498931884766,32.86249923706055,32.474998474121094,32.56999969482422,203538000,32.19037494659424,31.886599884033203,32.36741476743305,53.65758679057127,0.2806461884191478,0.6556796699345662
2015-06-01,32.56999969482422,32.84749984741211,32.51250076293945,32.6349983215332,128451200,32.21024990081787,31.901799850463867,32.392898915442586,54.335501046838544,0.26695094736717806,-0.36890801717615385
2015-06-02,32.46500015258789,32.665000915527344,32.33000183105469,32.4900016784668,134670400,32.226000022888186,31.92209987640381,32.40214679763537,52.49083377282953,0.24161219783835008,0.04841683067188152
2015-06-03,32.665000915527344,32.73500061035156,32.474998474121094,32.529998779296875,123934000,32.27999992370606,31.93664985656738,32.41432317684122,52.965194761424925,0.22219713775704264,-0.07972353241692309
2015-06-04,32.39500045776367,32.64500045776367,32.227500915527344,32.34000015258789,153800400,32.33437490463257,31.94999984741211,32.407244793579,50.39128327757037,0.18929716162816135,0.24098633143447312
2015-06-05,32.375,32.42250061035156,32.09000015258789,32.162498474121094,142507200,32.37674980163574,31.97634983062744,32.383935620297294,48.04238464250814,0.14720391638876862,-0.07342763737935665
2015-06-08,32.224998474121094,32.3025016784668,31.707500457763672,31.950000762939453,210699200,32.37899980545044,31.994149856567383,32.34260849102512,45.318901406081,0.09559595621932715,0.4785161732179146
2015-06-09,31.674999237060547,32.02000045776367,31.405000686645508,31.854999542236328,224301600,32.39274978637695,32.014999847412106,32.29616954352142,44.11485123981979,0.046494511629127544,0.06455838465452168
2015-06-10,31.979999542236328,32.334999084472656,31.962499618530273,32.220001220703125,156349200,32.43037481307984,32.02754985809326,32.288915417538725,49.64983631964737,0.036611809886245794,-0.3029510266533988
2015-06-11,32.29499816894531,32.54499816894531,32.119998931884766,32.147499084472656,141563600,32.46262474060059,32.04834983825683,32.275447195341954,48.619750534334514,0.022668077597671754,-0.09456780079463145
2015-06-12,32.04750061035156,32.08250045776367,31.77750015258789,31.792499542236328,147544800,32.440374755859374,32.06294982910156,32.22945218076047,43.82526714244321,-0.016833876454654728,0.04225097412046597
2015-06-15,31.524999618530273,31.809999465942383,31.427499771118164,31.729999542236328,175955600,32.41724967956543,32.07094982147217,32.181885262805785,43.02091605415519,-0.05257661679246439,0.1925571080783599
2015-06-16,31.75749969482422,31.962499618530273,31.592500686645508,31.899999618530273,125976400,32.38487462997436,32.07219982147217,32.15503901097002,45.92793472875866,-0.06641976491069101,-0.28404438392412634
2015-06-17,31.93000030517578,31.969999313354492,31.684999465942383,31.825000762939453,131672400,32.3502495765686,32.078649826049805,32.123606796871876,44.84101371647767,-0.08249143052155006,0.045214818013532776
2015-06-18,31.8075008392334,32.07749938964844,31.80500030517578,31.969999313354492,141628800,32.32299957275391,32.09004981994629,32.108977512727364,47.4312672969908,-0.0825762821149425,0.07561493524838925
2015-06-19,31.927499771118164,31.954999923706055,31.600000381469727,31.649999618530273,218867600,32.263124561309816,32.09024982452392,32.06526533232764,42.66904645676596,-0.10722876221408839,0.5453608305655346
2015-06-22,31.872499465942383,32.01499938964844,31.770000457763672,31.90250015258789,136157200,32.20149965286255,32.09279983520508,32.04976388663814,47.175908453300046,-0.1051789104328762,-0.3779015258539866
2015-06-23,31.8700008392334,31.90250015258789,31.719999313354492,31.75749969482422,121075600,32.16912469863892,32.093699836730956,32.02192920170348,44.988747457513654,-0.11394126922438019,-0.11076608508400587
2015-06-24,31.802499771118164,32.45000076293945,31.780000686645508,32.02750015258789,221123600,32.11999979019165,32.102749824523926,32.022459768454375,49.668078803548866,-0.09796939108587566,0.8263266917529213
2015-06-25,32.21500015258789,32.29999923706055,31.875,31.875,127752400,32.06649980545044,32.106349830627444,32.00841598098253,47.22469394312641,-0.09650460538795258,-0.422257958897196
2015-06-26,31.917499542236328,31.997499465942383,31.627500534057617,31.6875,176267200,32.02237482070923,32.10924983978271,31.977852554222284,44.33671697214916,-0.10921447864014411,0.37975646641472105
2015-06-29,31.364999771118164,31.61750030517578,31.1200008392334,31.13249969482422,196645600,31.94724988937378,32.1081498336792,31.897342758089135,37.10371473598557,-0.1622012757190987,0.11561084535296406
2015-06-30,31.392499923706055,31.530000686645508,31.21500015258789,31.357500076293945,177482800,31.890624809265137,32.097299842834474,31.845929169346736,41.28562065457485,-0.18391795210851214,-0.0974484046426668
2015-07-01,31.725000381469727,31.73500061035156,31.497499465942383,31.649999618530273,120955200,31.846624851226807,32.09574981689453,31.82726921212612,46.28558315109621,-0.17550321426246285,-0.31849621484448065
2015-07-02,31.607500076293945,31.67250061035156,31.4424991607666,31.61000061035156,108844000,31.81012487411499,32.08484985351563,31.806576964338067,45.71230667102653,-0.17010123837725288,-0.10012963477386672
2015-07-06,31.23500061035156,31.5575008392334,31.212499618530273,31.5,112241600,31.776999950408936,32.066499862670895,31.777379158210632,44.09483507563789,-0.1727054229011884,0.031215317334901238
2015-07-07,31.47249984741211,31.537500381469727,30.9424991607666,31.42250061035156,187787200,31.75062494277954,32.043549880981445,31.743581201271674,42.94198324139337,-0.17895987293718463,0.673062393978703
2015-07-08,31.1200008392334,31.15999984741211,30.635000228881836,30.642499923706055,243046400,31.689999961853026,31.993149909973145,31.638716317693994,33.46010357460197,-0.2440429313252892,0.29426499782732796
2015-07-09,30.962499618530273,31.01499938964844,29.80500030517578,30.017499923706055,314380000,31.579874897003172,31.940699920654296,31.484314756361808,28.10502307968109,-0.3421103653179607,0.29349786707394143
2015-07-10,30.48500061035156,30.962499618530273,30.302499771118164,30.81999969482422,245418000,31.51349992752075,31.91389991760254,31.42104665526299,41.13258806810517,-0.3510280556182579,-0.21935873783319548
2015-07-13,31.25749969482422,31.440000534057617,31.079999923706055,31.415000915527344,165762000,31.4946249961853,31.91644992828369,31.420470870526263,48.57324744194419,-0.30655004544851394,-0.32457276972349214
2015-07-14,31.510000228881836,31.592500686645508,31.260000228881836,31.40250015258789,127072400,31.47825002670288,31.899749946594238,31.41875937357975,48.4347324656778,-0.2692063656303709,-0.23340451973311138
2015-07-15,31.43000030517578,31.787500381469727,31.395000457763672,31.704999923706055,134596800,31.46850004196167,31.89034996032715,31.446020378353683,52.001696221057855,-0.21274958214370443,0.05921348774399471
2015-07-16,31.934999465942383,32.14250183105469,31.837499618530273,32.127498626708984,144889600,31.483624935150146,31.90389991760254,31.510923068673236,56.52509688070335,-0.13238896256681087,0.07647135741711542
2015-07-17,32.27000045776367,32.404998779296875,32.07749938964844,32.404998779296875,184658800,31.505374908447266,31.926949882507323,31.596073136351677,59.242002399484164,-0.04578289274807901,0.2744793277088211
2015-07-20,32.74250030517578,33.24250030517578,32.67499923706055,33.01750183105469,235600800,31.573750019073486,31.960999908447267,31.731447297751963,64.5134448481552,0.07145325032987415,0.27587095767978553
2015-07-21,33.212501525878906,33.22999954223633,32.58000183105469,32.6875,307025600,31.613000011444093,31.976649894714356,31.8224999360613,60.010113968270176,0.1361657149326838,0.3031602609159223
2015-07-22,30.497499465942383,31.375,30.497499465942383,31.30500030517578,461802400,31.59037504196167,31.97114990234375,31.773214256929343,45.637422287824926,0.07502974185850775,0.5041169205434335
2015-07-23,31.549999237060547,31.772499084472656,31.26499938964844,31.290000915527344,203998000,31.55350008010864,31.967599906921386,31.72719393870058,45.51006776692251,0.025079615154837143,-0.5582569514580262
2015-07-24,31.329999923706055,31.434999465942383,30.975000381469727,31.125,168649200,31.516000080108643,31.960049896240236,31.66984213501481,44.05369337233705,-0.02750337327506358,-0.1732801301973549
2015-07-27,30.772499084472656,30.90250015258789,30.530000686645508,30.6924991607666,177822000,31.466250038146974,31.929149894714357,31.576761851753076,40.40385494198304,-0.10288893402622179,0.05438982218711974
2015-07-28,30.844999313354492,30.977500915527344,30.637500762939453,30.844999313354492,134472400,31.451875019073487,31.90219985961914,31.507070181429402,42.221566972419005,-0.14861391749631636,-0.24378085951119655
2015-07-29,30.787500381469727,30.875,30.5674991607666,30.747499465942383,148046800,31.421374988555907,31.866199836730956,31.43473011328778,41.35313913398858,-0.190522494453095,0.10094562155505526
2015-07-30,30.579999923706055,30.642499923706055,30.427499771118164,30.592500686645508,134513200,31.36850004196167,31.827699813842774,31.3545177869409,39.9464860686781,-0.23355022808732784,-0.0914143365476322
2015-07-31,30.649999618530273,30.65999984741211,30.227500915527344,30.325000762939453,171540000,31.304250049591065,31.783899841308592,31.25646854655981,37.57121169185832,-0.28593889959967456,0.2752651784360196
2015-08-03,30.375,30.642499923706055,29.3799991607666,29.61000061035156,279904000,31.20975008010864,31.719149856567384,31.099662076444737,32.080339740602724,-0.3807626413089551,0.631712720065291
2015-08-04,29.354999542236328,29.424999237060547,28.3125,28.65999984741211,496554400,31.07162504196167,31.629649887084963,30.867313292727346,26.532046915814888,-0.5264991078819499,0.7740168057619756
2015-08-05,28.237499237060547,29.36000061035156,28.024999618530273,28.850000381469727,397250400,30.982000064849853,31.558549919128417,30.675188253559952,29.170504485862665,-0.6195233726182217,-0.19998614451911012
2015-08-06,28.99250030517578,29.125,28.530000686645508,28.782499313354492,211612000,30.920250034332277,31.473999938964845,30.494932164016575,28.775128800714697,-0.6907302364906691,-0.46730827709676315
2015-08-07,28.645000457763672,29.0625,28.625,28.8799991607666,154681600,30.823250007629394,31.39269992828369,30.341129020849912,30.245795909273937,-0.7308697546998495,-0.2690320019658621
2015-08-10,29.13249969482422,29.997499465942383,29.13249969482422,29.93000030517578,219806400,30.748999977111815,31.339899940490724,30.301973905071424,43.7226084252231,-0.6702283200709829,0.42102486656460747
2015-08-11,29.45249938964844,29.545000076293945,28.332500457763672,28.372499465942383,388331200,30.597499942779542,31.254649963378906,30.118214434678183,33.410944462408025,-0.7393243761829851,0.7666965111115964
2015-08-12,28.13249969482422,28.854999542236328,27.407499313354492,28.809999465942383,404870000,30.452749919891357,31.18104991912842,29.99362253289382,37.845305749936585,-0.7501338289638042,0.042589418516977284
2015-08-13,29.010000228881836,29.100000381469727,28.635000228881836,28.787500381469727,194143200,30.285750007629396,31.106199951171874,29.878753756567715,37.70624231724344,-0.7518490385481513,-0.5204801541235458
2015-08-14,28.579999923706055,29.07749938964844,28.502500534057617,28.989999771118164,171718000,30.11500005722046,31.03919994354248,29.794110519858233,39.848591623439376,-0.7284709860448615,-0.11550855244994418
2015-08-17,29.010000228881836,29.412500381469727,28.875,29.290000915527344,163538800,29.92862501144409,30.981749992370606,29.74610008135053,42.97738415615064,-0.6779214691615536,-0.04763158201236917
2015-08-18,29.107500076293945,29.36000061035156,29.002500534057617,29.125,138242800,29.750500011444093,30.925249977111818,29.68694769265048,41.69286429357797,-0.6437540122248322,-0.15467888965798937
2015-08-19,29.024999618530273,29.1299991607666,28.670000076293945,28.752500534057617,193146000,29.622875022888184,30.863199996948243,29.597952725165445,38.8684884923956,-0.6393634661846264,0.3971505206781112
2015-08-20,28.520000457763672,28.587499618530273,27.907499313354492,28.162500381469727,274006400,29.466499996185302,30.782049980163574,29.461242978146807,34.84242785078115,-0.6757029255768394,0.4186491048222587
2015-08-21,27.607500076293945,27.975000381469727,26.412500381469727,26.440000534057617,513102000,29.232250022888184,30.667900009155275,29.173505602519263,26.2829314492688,-0.8338810889902035,0.8725912971375851
2015-08-24,23.717500686645508,27.200000762939453,23.0,25.780000686645508,648825200,28.986625099182127,30.547650032043457,28.850314658150335,23.86385429820234,-1.0009564915835156,0.26451504769032286
2015-08-25,27.77750015258789,27.77750015258789,25.875,25.934999465942383,414406400,28.741125106811523,30.431750030517577,28.572665592225768,25.595832044706228,-1.1080845369581986,-0.3612973108935966
2015-08-26,26.772499084472656,27.47249984741211,26.262500762939453,27.42250061035156,387098400,28.574875164031983,30.342200050354005,28.46312607014251,39.75891818675908,-1.060727962276573,-0.06589666568856078
2015-08-27,28.0575008392334,28.309999465942383,27.5049991607666,28.229999542236328,338464400,28.456750106811523,30.270300025939942,28.440923543675257,45.79142666809845,-0.9471212956688007,-0.12563730565664954
2015-08-28,28.042499542236328,28.32749938964844,27.885000228881836,28.322500228881836,212657600,28.356625080108643,30.197350044250488,28.42964513274255,46.452924791492045,-0.8399408463073037,-0.3716987665467919
2015-08-31,28.00749969482422,28.63249969482422,28.0,28.190000534057617,224917200,28.285625076293947,30.128150062561033,28.4068218376297,45.59464462123359,-0.756965360539315,0.05764947972703549
2015-09-01,27.537500381469727,27.969999313354492,26.84000015258789,26.93000030517578,307383600,28.19912509918213,30.028700065612792,28.266172167872185,38.34010660751971,-0.7838425297140681,0.3666522613655159
2015-09-02,27.5575008392334,28.084999084472656,27.282499313354492,28.084999084472656,247555200,28.160875034332275,29.955250053405763,28.248917588500802,46.71028822708583,-0.7038308077308422,-0.19463757988389752
2015-09-03,28.122499465942383,28.19499969482422,27.510000228881836,27.592500686645508,212935600,28.101375102996826,29.866550064086915,28.18640169308601,43.969404122198654,-0.6724103187361123,-0.1398459818254676
2015-09-04,27.24250030517578,27.612499237060547,27.127500534057617,27.3174991607666,199985200,28.023250102996826,29.775400047302245,28.103649070960355,42.47081130278379,-0.6620677745085182,-0.06081838828265451
2015-09-08,27.9375,28.13999938964844,27.579999923706055,28.07749938964844,219374400,27.93062505722046,29.703200035095215,28.101158625121126,47.76896997432274,-0.5857929107782773,0.09695317453491548
2015-09-09,28.440000534057617,28.5049991607666,27.4424991607666,27.537500381469727,340043200,27.888875102996828,29.631300048828123,28.047476887630516,44.62432045349531,-0.5624345434280613,0.5500587124112932
2015-09-10,27.5674991607666,28.31999969482422,27.475000381469727,28.142499923706055,251571200,27.85550012588501,29.567000045776368,28.05652670059009,48.69904790316078,-0.4894622460558722,-0.2601787067055009
2015-09-11,27.947500228881836,28.552499771118164,27.940000534057617,28.552499771118164,199662000,27.843750095367433,29.505050048828124,28.103762231116573,51.31361823504305,-0.39400576033189694,-0.20633999440317496
2015-09-14,29.145000457763672,29.22249984741211,28.71500015258789,28.82749938964844,233453600,27.835625076293944,29.44940002441406,28.17268957954818,53.042299037469526,-0.29279052974994,0.1692440223978524
2015-09-15,28.982500076293945,29.13249969482422,28.604999542236328,29.06999969482422,173364800,27.82462501525879,29.400800018310548,28.258147685764946,54.57400921740317,-0.19080944976714775,-0.2573907620186624
2015-09-16,29.0625,29.135000228881836,28.86000061035156,29.102500915527344,148694000,27.823500061035155,29.354400024414062,28.33856227907565,54.786875248362534,-0.10614258659328968,-0.14230570450287483
2015-09-17,28.915000915527344,29.122499465942383,28.43000030517578,28.479999542236328,256450400,27.809875011444092,29.31115001678467,28.35203249461476,49.95813853209355,-0.0882567767156921,0.7246855959218261
2015-09-18,28.052499771118164,28.575000762939453,27.967500686645508,28.362499237060547,297141200,27.819874954223632,29.278050003051757,28.353029327228647,49.078843380338554,-0.0826111462932424,0.15866927873772085
2015-09-21,28.417499542236328,28.842500686645508,28.415000915527344,28.802499771118164,200888000,27.93799991607666,29.237700004577636,28.395836036170504,52.45361817419048,-0.042146736307604016,-0.3239308449989433
2015-09-22,28.344999313354492,28.545000076293945,28.1299991607666,28.350000381469727,201384800,28.06649990081787,29.176399993896485,28.391470735722812,48.86679574123307,-0.04606036371180622,0.002473019792122999
2015-09-23,28.407499313354492,28.68000030517578,28.325000762939453,28.579999923706055,143026800,28.198749923706053,29.119949989318847,28.40942589648312,50.71169217818922,-0.030254149747960923,-0.2897835387775045
2015-09-24,28.3125,28.875,28.092500686645508,28.75,200878000,28.265124893188478,29.060849990844726,28.44186152538949,52.087705938949,-0.003964327596168715,0.4044780418774663
2015-09-25,29.11000061035156,29.17250061035156,28.5049991607666,28.677499771118164,224607600,28.28749990463257,28.99185001373291,28.464303263077937,51.4282953107337,0.01089479489225198,0.11812941188183879
2015-09-28,28.462499618530273,28.642499923706055,28.11000061035156,28.11000061035156,208436000,28.276874923706053,28.905950050354004,28.430560153294472,46.46926208978032,-0.022858188004377666,-0.07199934463482094
2015-09-29,28.207500457763672,28.377500534057617,26.96500015258789,27.26499938964844,293461600,28.230624866485595,28.79090000152588,28.319554366280563,40.246293924060616,-0.11644984533840841,0.4079218561093094
2015-09-30,27.542499542236328,27.885000228881836,27.1825008392334,27.575000762939453,265892000,28.26287488937378,28.688650016784667,28.248644499295697,43.24889141574535,-0.1637201243508173,-0.09394619261940917
2015-10-01,27.267499923706055,27.405000686645508,26.82749938964844,27.395000457763672,255716400,28.22837495803833,28.610450019836424,28.16734506676884,41.93134662571327,-0.21324848553580722,-0.03826967340123055
2015-10-02,27.002500534057617,27.752500534057617,26.887500762939453,27.594999313354492,232079200,28.22849988937378,28.53654998779297,28.112835947396043,43.97365651482111,-0.23366825028562488,-0.09243521338482785
2015-10-05,27.469999313354492,27.842500686645508,27.267499923706055,27.69499969482422,208258800,28.24737491607666,28.467949981689454,28.073042018579677,45.01497397375991,-0.23902651702039535,-0.10263909906618085
2015-10-06,27.657499313354492,27.934999465942383,27.4424991607666,27.82749938964844,192787200,28.23487491607666,28.41064998626709,28.04965700630051,46.435553007444526,-0.22993086411128516,-0.07429025808273171
2015-10-07,27.934999465942383,27.9424991607666,27.352500915527344,27.69499969482422,187062400,28.242749881744384,28.347649993896486,28.015880119493243,45.17854543673672,-0.23075412179968424,-0.029694917504896612
2015-10-08,27.54750061035156,27.54750061035156,27.052499771118164,27.375,247918400,28.204374885559083,28.280200004577637,27.954843917636744,42.20694406791371,-0.2542964888429573,0.3253245975674428
2015-10-09,27.5,28.06999969482422,27.372499465942383,28.030000686645508,211064400,28.17824993133545,28.228950004577637,27.962001705161388,49.525232278267275,-0.21759263059638556,-0.1486537505889034
2015-10-12,28.1825008392334,28.1875,27.86000061035156,27.899999618530273,121868800,28.13187494277954,28.180449981689453,27.95609674452985,48.22010797527458,-0.19672681397824832,-0.4225989792688867
2015-10-13,27.704999923706055,28.112499237060547,27.670000076293945,27.947500228881836,132197200,28.075749969482423,28.147199974060058,27.95527802875385,48.75153443636363,-0.17434782846330776,0.08475015754647619
2015-10-14,27.822500228881836,27.8799991607666,27.38999938964844,27.552499771118164,177849600,27.99824991226196,28.12504997253418,27.916918194693306,44.6479216495593,-0.18633757344029078,0.34533560468754265
2015-10-15,27.732500076293945,28.024999618530273,27.622499465942383,27.96500015258789,150694000,27.972499942779542,28.107349967956544,27.921497428778505,49.434687856306205,-0.1607017298327591,-0.15268856382021667
2015-10-16,27.94499969482422,28.0,27.63249969482422,27.760000228881836,156930400,27.942374992370606,28.08689998626709,27.90611674307406,47.24790881045945,-0.15513857869990133,0.041384527585703434
2015-10-19,27.700000762939453,27.9375,27.52750015258789,27.9325008392334,119036800,27.898875045776368,28.067950019836427,27.908629514136855,49.28103848953729,-0.13525129104697342,-0.2414675550435097
2015-10-20,27.834999084472656,28.542499542236328,27.704999923706055,28.4424991607666,195871200,27.90349998474121,28.038199996948244,27.95947424238731,54.82461511651506,-0.07744513072881531,0.6454676200973144
2015-10-21,28.5,28.895000457763672,28.424999237060547,28.440000534057617,167180800,27.896500015258788,28.039550018310546,28.005238651117814,54.79301692474323,-0.03147215904061795,-0.14647584739359332
2015-10-22,28.582500457763672,28.875,28.524999618530273,28.875,166616400,27.90275001525879,28.0408500289917,28.08807306529707,59.20162538286102,0.03960602015255432,-0.003375985759130229
2015-10-23,29.174999237060547,29.8075008392334,29.082500457763672,29.770000457763672,237467600,27.957375049591064,28.060500030517577,28.248256626484366,66.4509211888517,0.16623874953971907,0.4252354510120253
2015-10-26,29.520000457763672,29.532499313354492,28.729999542236328,28.81999969482422,265335200,27.992875003814696,28.057100028991698,28.30270834727864,55.23247208993333,0.1877744310810492,0.11735327261487472
2015-10-27,28.850000381469727,29.135000228881836,28.497499465942383,28.637500762939453,279537600,28.061500072479248,28.044050025939942,28.334593339246336,53.368506371749824,0.18794891714021844,0.05352625659919985
2015-10-28,29.232500076293945,29.825000762939453,29.01499938964844,29.8174991607666,342205600,28.173624992370605,28.057900009155272,28.47582246510541,62.241397040284596,0.28007468106292777,0.22418451042006504
2015-10-29,29.674999237060547,30.17250061035156,29.5674991607666,30.13249969482422,204909200,28.310499954223634,28.085499992370604,28.63360124888815,64.19973054882385,0.3741894996045403,-0.4012102665765843
2015-10-30,30.247499465942383,30.30500030517578,29.862499237060547,29.875,197461200,28.424499988555908,28.119749984741212,28.751829701374994,61.39646514439917,0.4231206267995482,-0.036347806735861576
2015-11-02,30.200000762939453,30.34000015258789,29.90250015258789,30.295000076293945,128813200,28.554500007629393,28.196849975585938,28.898798308510134,64.14639240922945,0.4901393721205167,-0.3476531085600614
2015-11-03,30.197500228881836,30.872499465942383,30.174999237060547,30.642499923706055,182076000,28.695250034332275,28.29409996032715,29.064865129004982,66.28627898314353,0.564782087796651,0.4134886797315802
2015-11-04,30.782499313354492,30.954999923706055,30.405000686645508,30.5,179544400,28.835500049591065,28.3853999710083,29.20154464052832,64.58401225059889,0.605459069551582,-0.01390408400887544
2015-11-05,30.462499618530273,30.67250061035156,30.045000076293945,30.229999542236328,158210800,28.97825002670288,28.441549949645996,29.299492726405273,61.36826175235002,0.608890183189807,-0.11882074851680147
2015-11-06,30.27750015258789,30.45249938964844,30.155000686645508,30.26499938964844,132169200,29.089999961853028,28.482249946594237,29.39144574195224,61.634935089031735,0.6074314687889313,-0.16460064673208152
2015-11-09,30.239999771118164,30.45249938964844,30.012500762939453,30.142499923706055,135485600,29.202124977111815,28.51864994049072,29.462974711643078,60.07193257441476,0.5895942682710285,0.025092078941235885
2015-11-10,29.225000381469727,29.517499923706055,29.01499938964844,29.1924991607666,236511600,29.264374923706054,28.538699913024903,29.437215135369126,49.572855741715415,0.4931166939752636,0.7456585792143224
2015-11-11,29.092500686645508,29.354999542236328,28.802499771118164,29.02750015258789,180872000,29.33812494277954,28.580649909973143,29.398194660818532,48.00359420959355,0.39874697335919507,-0.23525104054092905
2015-11-12,29.065000534057617,29.204999923706055,28.912500381469727,28.93000030517578,130102400,29.386374950408936,28.597549934387207,29.35360472218589,47.05567636956525,0.3124886919050809,-0.28069352912556944
2015-11-13,28.799999237060547,28.892499923706055,28.0674991607666,28.084999084472656,183249600,29.402624893188477,28.60739990234375,29.23278513764177,39.73276449466287,0.17393878778203486,0.40850284083921595
2015-11-16,27.844999313354492,28.559999465942383,27.75,28.545000076293945,152426800,29.433249855041502,28.631949920654296,29.167281798465787,44.77149562790894,0.10010132050576459,-0.16820118570518028
2015-11-17,28.729999542236328,28.762500762939453,28.329999923706055,28.42250061035156,110467600,29.43224992752075,28.63884994506836,29.09635025674062,43.723133546415994,0.03133866002318797,-0.27527442680683445
2015-11-18,28.940000534057617,29.372499465942383,28.875,29.322500228881836,186698800,29.476374912261964,28.6745499420166,29.117888349325497,52.51974753592087,0.04890248636520056,0.6900774525743294
2015-11-19,29.40999984741211,29.9375,29.190000534057617,29.69499969482422,173183200,29.517374897003172,28.705599937438965,29.17285133461109,55.6122947131883,0.09182108278964662,-0.07239253814164848
2015-11-20,29.799999237060547,29.979999542236328,29.712499618530273,29.825000762939453,137148400,29.520124912261963,28.731049957275392,29.234960803975696,56.67293598958146,0.134770825219249,-0.20807330041251115
2015-11-23,29.8174991607666,29.9325008392334,29.334999084472656,29.4375,129930000,29.550999927520753,28.74324996948242,29.254250251216106,52.63559274853098,0.1359733166863677,-0.052632039455072
2015-11-24,29.332500457763672,29.837499618530273,29.280000686645508,29.719999313354492,171212800,29.605124855041502,28.756249961853026,29.298607304753094,55.14439372500311,0.15790144392465422,0.31773108596936805
2015-11-25,29.802499771118164,29.8075008392334,29.479999542236328,29.50749969482422,85553200,29.589624881744385,28.764349937438965,29.3185018180932,52.87560079565258,0.15633061741748122,-0.5003107244318181
2015-11-27,29.572500228881836,29.602500915527344,29.399999618530273,29.45249938964844,52185600,29.555624866485594,28.783799934387208,29.331263491574653,52.27610199553061,0.14893087865946342,-0.3900216473492517
2015-11-30,29.497499465942383,29.852500915527344,29.4375,29.575000762939453,156721200,29.54062490463257,28.808049964904786,29.354476565037967,53.53960546299649,0.1512083338704464,2.0031502943340693
2015-12-01,29.6875,29.70249938964844,29.21500015258789,29.334999084472656,139409600,29.492624855041505,28.818699951171876,29.35262156688889,50.70712130119848,0.13212405994016052,-0.11046112459577895
2015-12-02,29.334999084472656,29.52750015258789,29.020000457763672,29.06999969482422,133546400,29.413999843597413,28.833099937438966,29.325705198120826,47.70601913903943,0.0945267537272052,-0.04205736190334097
2015-12-03,29.137500762939453,29.197500228881836,28.55500030517578,28.799999237060547,166278000,29.32899980545044,28.837499923706055,29.275637963734134,44.79688372255839,0.04245444876750781,0.24509533765043456
2015-12-04,28.822500228881836,29.8125,28.77750015258789,29.75749969482422,231108000,29.305374813079833,28.85764991760254,29.321529557171285,55.22460391064945,0.07755505035838084,0.38988922166492257
2015-12-07,29.7450008392334,29.96500015258789,29.45249938964844,29.56999969482422,128336800,29.270624828338622,28.87549991607666,29.345193379804897,53.108969538158625,0.08921443849529354,-0.4446890631220035
2015-12-08,29.3799991607666,29.649999618530273,29.21500015258789,29.5575008392334,137238000,29.24137487411499,28.904449920654297,29.365413137845707,52.963310716868165,0.0963355382876756,0.06935812642983152
2015-12-09,29.40999984741211,29.42250061035156,28.770000457763672,28.905000686645508,185445600,29.226999950408935,28.93724994659424,29.321564332969498,45.88775185861503,0.04876561241102095,0.3512700563983737
2015-12-10,29.010000228881836,29.23500061035156,28.877500534057617,29.042499542236328,116850800,29.22774991989136,28.966599922180176,29.294986733852053,47.480009747494336,0.021908563666912073,-0.3698917634066271
2015-12-11,28.79750061035156,28.84749984741211,28.212499618530273,28.295000076293945,187544800,29.195999908447266,28.98459991455078,29.19974990932271,40.50255897069855,-0.05901254090768404,0.6049937184854532
2015-12-14,28.045000076293945,28.170000076293945,27.447500228881836,28.1200008392334,257274800,29.1977499961853,28.99509994506836,29.0969166645523,39.05552600471159,-0.1356998122241464,0.3718044968455536
2015-12-15,27.98500061035156,28.200000762939453,27.587499618530273,27.622499465942383,213292400,29.151624965667725,28.993649940490723,28.956495978970402,35.204815683074955,-0.2339227148317775,-0.17095494778345954
2015-12-16,27.767499923706055,27.997499465942383,27.200000762939453,27.834999084472656,224954000,29.12224988937378,28.99379993438721,28.849686750923,38.01598259835324,-0.29126065796261713,0.05467424061991899
2015-12-17,28.0049991607666,28.0625,27.2450008392334,27.2450008392334,179091200,29.018374919891357,28.984799957275392,28.696859521238274,33.650674281670376,-0.37992972518720336,-0.20387634805337984
2015-12-18,27.227500915527344,27.3799991607666,26.45249938964844,26.50749969482422,385813200,28.858999919891357,28.967449951171876,28.488349061579793,29.145452573159318,-0.5039021087469422,1.1542834042096985
2015-12-21,26.81999969482422,26.842500686645508,26.392499923706055,26.832500457763672,190362400,28.70937490463257,28.943499946594237,28.330649194549686,33.378408674327616,-0.5693630081248244,-0.5065943829811941
2015-12-22,26.850000381469727,26.93000030517578,26.612499237060547,26.8075008392334,131157600,28.57787494659424,28.9216499710083,28.185587446424325,33.21403534025029,-0.6161558417865507,-0.3110109979701874
2015-12-23,26.8174991607666,27.212499618530273,26.799999237060547,27.15250015258789,130629600,28.449499988555907,28.90574996948242,28.087198180344664,37.76858014426248,-0.6182738620597767,-0.0040256912294827085
2015-12-24,27.25,27.25,26.987499237060547,27.00749969482422,54281600,28.324499988555907,28.894849967956542,27.98436975315224,36.63768175059619,-0.6244544117585811,-0.584461714649666
2015-12-28,26.897499084472656,26.92250061035156,26.545000076293945,26.704999923706055,106816800,28.18712501525879,28.869649963378905,27.8625250074907,34.32835053795081,-0.6463114690561476,0.9678270353121499
2015-12-29,26.739999771118164,27.357500076293945,26.71500015258789,27.184999465942383,123724800,28.067624950408934,28.85814994812012,27.79799876543848,40.71407660395385,-0.6177800095062587,0.15828970723706393
2015-12-30,27.145000457763672,27.174999237060547,26.795000076293945,26.829999923706055,100855200,27.942374992370606,28.83609992980957,27.7058083995592,37.7875483028524,-0.6167051256554714,-0.18484248913718182
2015-12-31,26.752500534057617,26.75749969482422,26.204999923706055,26.315000534057617,163649200,27.804625034332275,28.793549957275392,27.57335050760667,33.972506239964005,-0.6499175739419876,0.6226153931577152
2016-01-04,25.65250015258789,26.342500686645508,25.5,26.337499618530273,270597600,27.681500053405763,28.751499938964844,27.455650422932727,34.28465400477617,-0.6667374560439541,0.6535222903625559
2016-01-05,26.4375,26.462499618530273,25.602500915527344,25.677499771118164,223164000,27.47750005722046,28.687549934387206,27.286302741807532,29.82965760641666,-0.7249668391818567,-0.1752920203283399
2016-01-06,25.13999938964844,25.592500686645508,24.967500686645508,25.174999237060547,273829600,27.257750034332275,28.595649909973144,27.085226217545916,26.957522063152012,-0.8024119330844464,0.2270330340019
2016-01-07,24.670000076293945,25.032499313354492,24.107500076293945,24.112499237060547,324377600,26.985499954223634,28.501499900817873,26.802109362261596,22.109975230415586,-0.9387018279302417,0.18459655201629044
2016-01-08,24.637500762939453,24.77750015258789,24.190000534057617,24.239999771118164,283192000,26.752249908447265,28.413549880981446,26.55809892500984,23.878921833782883,-1.0246132205720073,-0.12696807671059895
2016-01-11,24.74250030517578,24.76499938964844,24.334999084472656,24.63249969482422,198957600,26.53174991607666,28.309849891662598,26.37470852213502,29.208881380743094,-1.048935677068954,-0.2974462555439419
2016-01-12,25.137500762939453,25.17250061035156,24.709999084472656,24.989999771118164,196616800,26.36649990081787,28.206999893188478,26.242831498228654,33.758454840423255,-1.027519525194748,-0.011765320852282102
2016-01-13,25.079999923706055,25.29750061035156,24.325000762939453,24.34749984741211,249758400,26.177874851226807,28.096449890136718,26.06232372196041,30.02388626884803,-1.0502844197747585,0.27028005745185557
2016-01-14,24.489999771118164,25.1200008392334,23.934999465942383,24.8799991607666,252680400,26.04074983596802,27.98814987182617,25.949721382799094,36.312339411970164,-1.0136725324712792,0.011699306209520977
2016-01-15,24.049999237060547,24.427499771118164,23.84000015258789,24.282499313354492,319335600,25.86312484741211,27.86094985961914,25.790938328566273,32.7553713382447,-1.0210999871413549,0.2637925220951052
2016-01-19,24.602500915527344,24.662500381469727,23.875,24.165000915527344,212350800,25.709124851226807,27.734249877929688,25.63608714637209,32.0896844334665,-1.0246558424828542,-0.3350230916941299
2016-01-20,23.774999618530273,24.54750061035156,23.354999542236328,24.197500228881836,289337600,25.593624877929688,27.6135998916626,25.499078868515877,32.4983132927874,-1.0131722415570863,0.3625453730336783
2016-01-21,24.26499938964844,24.469999313354492,23.73500061035156,24.075000762939453,208646000,25.455749893188475,27.48979991912842,25.363452382270502,31.723461661703638,-1.0024010330829327,-0.2788839058594528
2016-01-22,24.657499313354492,25.364999771118164,24.592500686645508,25.354999542236328,263202000,25.383124828338623,27.394049911499025,25.362647349886295,46.166810108535124,-0.8804305137580428,0.26147637625451714
2016-01-25,25.3799991607666,25.38249969482422,24.802499771118164,24.86000061035156,207178000,25.268499851226807,27.307399940490722,25.314776231835367,42.42883115099823,-0.8143232636822475,-0.2128555254139406
2016-01-26,24.982500076293945,25.219999313354492,24.517499923706055,24.997499465942383,300308000,25.167999839782716,27.226799926757813,25.284559396988417,43.79026953884384,-0.7422812272659662,0.44951684059118246
2016-01-27,24.010000228881836,24.157499313354492,23.334999084472656,23.354999542236328,533478800,25.00049982070923,27.115299911499022,25.100791791773933,33.57590000113238,-0.8084046259560722,0.7764388561077293
2016-01-28,23.447500228881836,23.6299991607666,23.09749984741211,23.522499084472656,222715200,24.817374801635744,27.024049911499024,24.950478200602383,35.23498027377262,-0.8376363323758405,-0.5825228668880562
2016-01-29,23.697500228881836,24.334999084472656,23.587499618530273,24.334999084472656,257666000,24.69262475967407,26.939849891662597,24.89186114192336,42.71004001740969,-0.7861781384611177,0.15693046545543377
2016-02-01,24.11750030517578,24.177499771118164,23.850000381469727,24.107500076293945,163774000,24.58224973678589,26.853549880981447,24.817160088053893,41.27360050290013,-0.7550506636708327,-0.36439421576769926
2016-02-02,23.854999542236328,24.010000228881836,23.56999969482422,23.6200008392334,149428800,24.446374797821044,26.739499893188476,24.70314492149956,38.30093618116353,-0.760947303031756,-0.08759143698022887
2016-02-03,23.75,24.209999084472656,23.520000457763672,24.087499618530273,183857200,24.366874790191652,26.627349891662597,24.644512035502487,42.57247940127074,-0.7196020631223945,0.23040002998083375
2016-02-04,23.96500015258789,24.332500457763672,23.79750061035156,24.149999618530273,185886800,24.315624809265138,26.513849868774415,24.597415614838468,43.13924447061352,-0.6740227205937224,0.011039002008080168
2016-02-05,24.1299991607666,24.229999542236328,23.42250061035156,23.5049991607666,185672400,24.28524980545044,26.395199851989744,24.49337595254591,38.875212301179,-0.682084266860457,-0.0011533901277551717
2016-02-08,23.282499313354492,23.924999237060547,23.260000228881836,23.752500534057617,216085600,24.260874843597414,26.275849876403807,24.42281638888036,41.2739406671687,-0.6608835537657605,0.1638003278893363
2016-02-09,23.572500228881836,23.98500061035156,23.482500076293945,23.747499465942383,177324800,24.21662483215332,26.160649871826173,24.358500491457697,41.2387247686005,-0.6371408175581301,-0.17937706168296264
2016-02-10,23.979999542236328,24.087499618530273,23.524999618530273,23.5674991607666,169374400,24.145499801635744,26.042949867248534,24.28316703139188,39.91854610628281,-0.6256370933917239,-0.04483524019200924
2016-02-11,23.447500228881836,23.68000030517578,23.147499084472656,23.424999237060547,200298800,24.099374771118164,25.919949836730957,24.201436765265086,38.85798943145521,-0.620861951922894,0.1825801301731549
2016-02-12,23.54750061035156,23.625,23.252500534057617,23.497499465942383,161405600,24.030249786376952,25.80319984436035,24.134395117710543,39.73525666165805,-0.6042619002980736,-0.19417590120360184
2016-02-16,23.7549991607666,24.212499618530273,23.65250015258789,24.15999984741211,196231600,24.024124813079833,25.70499984741211,24.136833663396406,47.19161115236019,-0.5315209530639713,0.21576698701903774
2016-02-17,24.167499542236328,24.552499771118164,24.037500381469727,24.530000686645508,179452800,24.04237480163574,25.619599876403807,24.174278141801082,50.84920158443579,-0.43895722713756413,-0.08550508684635905
2016-02-18,24.709999084472656,24.72249984741211,24.022499084472656,24.065000534057617,156084000,24.03574981689453,25.505749893188476,24.163870750587417,46.49110277612974,-0.39852745714938465,-0.13022254319798854
2016-02-19,24.0,24.190000534057617,23.950000762939453,24.010000228881836,141496800,24.03249979019165,25.394549903869628,24.149216415186885,45.98903320455847,-0.36669757672082426,-0.09345736910894131
2016-02-22,24.07749938964844,24.225000381469727,23.979999542236328,24.219999313354492,137123200,23.97574977874756,25.28779987335205,24.1559576435838,48.28541493688846,-0.3208286827323015,-0.030909532936433948
2016-02-23,24.100000381469727,24.125,23.637500762939453,23.67250061035156,127770400,23.91637477874756,25.18314987182617,24.1099141166093,43.136058353868876,-0.3249104579639486,-0.06820727637628055
2016-02-24,23.4950008392334,24.094999313354492,23.329999923706055,24.024999618530273,145022800,23.867749786376955,25.08279987335205,24.101827021554154,47.051243063220014,-0.29628616772988536,0.13502657892594838
2016-02-25,24.012500762939453,24.190000534057617,23.8125,24.190000534057617,110330800,23.909499835968017,25.000699882507323,24.110224498935438,48.82733905426188,-0.2573207827724673,-0.23921755751509421
2016-02-26,24.299999237060547,24.5049991607666,24.145000457763672,24.227500915527344,115964400,23.944749927520753,24.9228498840332,24.121393681468,49.244046890724334,-0.22086843326952987,0.05106099112849716
2016-02-29,24.21500015258789,24.5575008392334,24.162500381469727,24.17250061035156,140865200,23.936625003814697,24.853849906921386,24.12626100802834,48.618714057594566,-0.19417936973259486,0.21472796823852836
2016-03-01,24.412500381469727,25.1924991607666,24.354999542236328,25.13249969482422,201628400,23.98787498474121,24.799799919128418,24.222093263913663,58.519908777550455,-0.09447514090973996,0.4313570704474916
2016-03-02,25.127500534057617,25.22249984741211,24.90999984741211,25.1875,132678400,24.066249942779542,24.75864990234375,24.314036762588554,59.0072893714125,-0.010895163602487656,-0.3419657151472709
2016-03-03,25.145000457763672,25.427499771118164,25.112499237060547,25.375,147822800,24.130624961853027,24.735999908447265,24.415080880437262,60.702464983821116,0.06966915096704085,0.11414367372533896
2016-03-04,25.592500686645508,25.9375,25.342500686645508,25.752500534057617,184220400,24.210750007629393,24.714399909973146,24.54245418078206,63.93603666989009,0.16210939272306746,0.2462245336984552
2016-03-07,25.59749984741211,25.707500457763672,25.239999771118164,25.467500686645508,143315600,24.30887508392334,24.68759990692139,24.63055384800715,59.926901079684285,0.20995165250790038,-0.22204272708125705
2016-03-08,25.19499969482422,25.440000534057617,25.100000381469727,25.25749969482422,126247600,24.38412504196167,24.649699897766112,24.69026297627544,57.086374252354055,0.2282900771797003,-0.11909380416367787
2016-03-09,25.32749938964844,25.395000457763672,25.0674991607666,25.280000686645508,108806800,24.460750102996826,24.61514991760254,24.74642847250116,57.31981056408701,0.24185114341052838,-0.138147576666804
2016-03-10,25.352500915527344,25.559999465942383,25.037500381469727,25.292499542236328,134054400,24.547000122070312,24.586899909973145,24.79843524104737,57.45824428260749,0.25071683171930204,0.23204064451854123
2016-03-11,25.559999465942383,25.56999969482422,25.375,25.565000534057617,109632800,24.654000186920165,24.55449993133545,24.871441459429295,60.46874457400145,0.2765436827991614,-0.1821767879308699
2016-03-14,25.477500915527344,25.727500915527344,25.44499969482422,25.6299991607666,100304400,24.760625171661378,24.53049991607666,24.943685050032848,61.17451096924376,0.29881197585790176,-0.0850876744915755
2016-03-15,25.989999771118164,26.295000076293945,25.962499618530273,26.145000457763672,160270800,24.859875202178955,24.52709991455078,25.058096041245307,66.30721379738935,0.35393610407339793,0.5978441623697466
2016-03-16,26.15250015258789,26.57749938964844,26.147499084472656,26.49250030517578,153214000,24.95800018310547,24.530199928283693,25.194705971143446,69.26019866164032,0.42081184928851556,-0.04403047841528218
2016-03-17,26.3799991607666,26.61750030517578,26.239999771118164,26.450000762939453,137682800,25.07725019454956,24.54564994812012,25.3142578560764,68.46981533737952,0.46502152266283403,-0.1013693265628467
2016-03-18,26.584999084472656,26.625,26.29750061035156,26.479999542236328,176820800,25.200750160217286,24.571749954223634,25.425280873805917,68.7409801951719,0.49675240559046685,0.28426208647703266
2016-03-21,26.482500076293945,26.912500381469727,26.28499984741211,26.477500915527344,142010800,25.313625240325926,24.61904998779297,25.525492306350817,68.68799308954844,0.5157524672283174,-0.19686597956801466
2016-03-22,26.3125,26.822500228881836,26.302499771118164,26.68000030517578,129777600,25.46400022506714,24.66784999847412,25.63544544909605,70.6617586952198,0.540914831876897,-0.08614274407298594
2016-03-23,26.6200008392334,26.767499923706055,26.475000381469727,26.532499313354492,102814000,25.58937520980835,24.705849990844726,25.720879150453996,67.33237015530203,0.5426982027596772,-0.2077677503667813
2016-03-24,26.36750030517578,26.5625,26.22249984741211,26.417499542236328,104532000,25.700750160217286,24.73439998626709,25.78722394967136,64.77000688753276,0.5287370648406409,0.01670978660493705
2016-03-28,26.5,26.54750061035156,26.26499938964844,26.29750061035156,77645600,25.804250144958495,24.77340000152588,25.835821726879,62.11375257069195,0.5022007933880133,-0.25720736233880537
2016-03-29,26.22249984741211,26.947500228881836,26.219999313354492,26.920000076293945,124760400,25.941625118255615,24.814200019836427,25.939076807775663,69.17584207132204,0.5253452584118392,0.606792915503261
2016-03-30,27.162500381469727,27.604999542236328,27.149999618530273,27.38999938964844,182404400,26.054500102996826,24.876350021362306,26.077259910811165,73.23277557918146,0.5749843684455449,0.4620376337363459
2016-03-31,27.43000030517578,27.475000381469727,27.219999313354492,27.247499465942383,103553600,26.157500076293946,24.937999992370607,26.188711297014137,70.2153216361512,0.5959553653735128,-0.4322856246888781
2016-04-01,27.19499969482422,27.5,27.049999237060547,27.497499465942383,103496000,26.263625049591063,25.003999977111818,26.31335778929302,72.36652155152163,0.6255371394296318,-0.0005562336799492806
2016-04-04,27.604999542236328,28.04750061035156,27.5674991607666,27.780000686645508,149424800,26.36500005722046,25.07809997558594,26.45303806523135,74.59907749598942,0.6641208245789265,0.44377367241246035
2016-04-05,27.377500534057617,27.6825008392334,27.354999542236328,27.45249938964844,106314800,26.464249992370604,25.12004997253418,26.548224858032977,67.764003378976,0.6606564194559112,-0.2885063255898619
2016-04-06,27.5575008392334,27.7450008392334,27.299999237060547,27.739999771118164,105616400,26.5883749961853,25.177649955749512,26.661727230707758,70.33370754958197,0.6733477972180175,-0.006569170049701478
2016-04-07,27.487499237060547,27.604999542236328,27.030000686645508,27.135000228881836,127207600,26.68112497329712,25.2203999710083,26.70680084958148,59.57190918564157,0.6273556334376487,0.20443037255577723
2016-04-08,27.227500915527344,27.4424991607666,27.042499542236328,27.165000915527344,94326800,26.77475004196167,25.29659999847412,26.750438951100133,59.89957501017652,0.5865657521063738,-0.25848141148799286
2016-04-11,27.24250030517578,27.65250015258789,27.207500457763672,27.2549991607666,117630000,26.859249973297118,25.37125,26.7984923044017,60.92277186152837,0.5551027050755231,0.24704749869602272
2016-04-12,27.334999084472656,27.625,27.165000915527344,27.61000061035156,108929200,26.958250045776367,25.43675003051758,26.87577880973026,64.74416716888385,0.5524454168549937,-0.07396752529116724
2016-04-13,27.700000762939453,28.084999084472656,27.700000762939453,28.010000228881836,133029200,27.051500034332275,25.514800033569337,26.983799897268504,68.48393265718211,0.5759766230965369,0.2212446249490494
2016-04-14,27.905000686645508,28.09749984741211,27.832500457763672,28.024999618530273,101895600,27.128125,25.602900009155274,27.08296177548391,68.61836003282876,0.5890454496896815,-0.23403583574132591
2016-04-15,28.02750015258789,28.075000762939453,27.4325008392334,27.462499618530273,187756000,27.17874994277954,25.670400009155273,27.11910823672642,58.53500649978132,0.5476999953146304,0.8426310851498986
2016-04-18,27.22249984741211,27.237499237060547,26.73500061035156,26.8700008392334,243286000,27.198250007629394,25.724800033569338,27.095383722679465,50.17178120663987,0.4618003777798414,0.29575619420950594
2016-04-19,26.969999313354492,27.0,26.5575008392334,26.727500915527344,129539600,27.210750007629393,25.78925006866455,27.06034726485545,48.38138846594311,0.37786990998224823,-0.4675419054117377
2016-04-20,26.65999984741211,27.022499084472656,26.51499938964844,26.782499313354492,122444000,27.21587495803833,25.849850044250488,27.033885555188693,49.13582187063968,0.31219354774547625,-0.054775528101059456
2016-04-21,26.732500076293945,26.732500076293945,26.3799991607666,26.49250030517578,126210000,27.213875007629394,25.904750061035156,26.982325055187463,45.37036224047762,0.23404612314405782,0.030756917447976262
2016-04-22,26.252500534057617,26.6200008392334,26.155000686645508,26.420000076293945,134732400,27.214000034332276,25.961800079345704,26.928770295292843,44.4531913456635,0.1643688220994477,0.06752555265034466
2016-04-25,26.25,26.412500381469727,26.127500534057617,26.270000457763672,112126400,27.21262502670288,26.018700103759766,26.866030310766256,42.53724713664001,0.09593941356807179,-0.16778443789318676
2016-04-26,25.977500915527344,26.325000762939453,25.977500915527344,26.087499618530273,224064800,27.171000003814697,26.070500106811522,26.791884530553304,40.263457046839534,0.026674830950021544,0.998323320823642
2016-04-27,24.0,24.677499771118164,23.920000076293945,24.454999923706055,458408400,27.024250030517578,26.076400108337403,26.569324091805946,26.577648329223436,-0.15812417474468887,1.0458742292408267
2016-04-28,24.40250015258789,24.469999313354492,23.5625,23.707500457763672,328970800,26.847250080108644,26.059950103759764,26.296769459992397,22.7624217733364,-0.360737322646262,-0.2823630631550381
2016-04-29,23.497499465942383,23.68000030517578,23.127500534057617,23.434999465942383,274126000,26.644125080108644,26.04735008239746,26.02421993674954,21.548044768644104,-0.5371068216586394,-0.16671631646334573
2016-05-02,23.49250030517578,23.520000457763672,23.100000381469727,23.40999984741211,192640400,26.425625038146972,26.035350074768065,25.77524659490788,21.435062626895856,-0.6711614491817635,-0.29725600636203786
2016-05-03,23.549999237060547,23.934999465942383,23.420000076293945,23.795000076293945,227325200,26.242750072479247,26.026850090026855,25.58665168837322,27.72041823878064,-0.7378291710149263,0.18004946003019096
2016-05-04,23.799999237060547,23.975000381469727,23.454999923706055,23.54750061035156,164102000,26.033125114440917,26.024350090026857,25.392446823799727,26.265670981457077,-0.801396954110217,-0.27811786814660233
2016-05-05,23.5,23.517499923706055,23.170000076293945,23.309999465942383,143562000,25.841875076293945,26.0100500869751,25.19411850400379,24.914483004822827,-0.8610140041906185,-0.12516605525831492
2016-05-06,23.342500686645508,23.362499237060547,22.962499618530273,23.18000030517578,174799600,25.642625045776366,25.98985008239746,25.002297723163025,24.181211426546582,-0.9082806972299693,0.21758961285019707
2016-05-09,23.25,23.4424991607666,23.147499084472656,23.197500228881836,131745600,25.439750099182127,25.96925006866455,24.8304122475172,24.503333908100018,-0.9335662241049931,-0.24630491145288658
2016-05-10,23.332500457763672,23.392499923706055,23.02750015258789,23.354999542236328,134747200,25.227000045776368,25.952900047302247,24.689896751776164,27.48922481327415,-0.9301738429662052,0.022783303579019032
2016-05-11,23.3700008392334,23.392499923706055,23.114999771118164,23.127500534057617,114876400,24.982875061035156,25.912800064086912,24.541097111993444,25.896043843775786,-0.9350637918094336,-0.1474672572046024
2016-05-12,23.18000030517578,23.19499969482422,22.36750030517578,22.584999084472656,305258800,24.710875034332275,25.860750045776367,24.354802061753368,22.541109775015286,-0.9715154195958391,1.6572803465289652
2016-05-13,22.5,22.917499542236328,22.5,22.6299991607666,177571200,24.469250011444093,25.8058500289917,24.19053511880225,23.427289115720455,-0.9854132367657762,-0.41829293700951453
2016-05-16,23.09749984741211,23.59749984741211,22.912500381469727,23.469999313354492,245039200,24.299249935150147,25.760200004577637,24.12191266114056,37.74504819112031,-0.9180635003048288,0.3799490007388586
2016-05-17,23.637500762939453,23.674999237060547,23.252500534057617,23.372499465942383,187667600,24.1314998626709,25.718299980163575,24.05053997588359,36.8829903487791,-0.8626121162579921,-0.2341323347448082
2016-05-18,23.540000915527344,23.802499771118164,23.47249984741211,23.63999938964844,168249600,23.974374866485597,25.68594997406006,24.011440872432626,40.872937437457495,-0.7879979369369607,-0.10347017812344805
2016-05-19,23.65999984741211,23.65999984741211,23.392499923706055,23.549999237060547,121768400,23.827249813079835,25.65134994506836,23.96749405001624,39.957717112473766,-0.7277390002173867,-0.27626336110160143
2016-05-20,23.65999984741211,23.857500076293945,23.6299991607666,23.80500030517578,128104000,23.696499824523926,25.62159996032715,23.952018455269528,43.79768380113774,-0.6518922950721482,0.052029919092309695
2016-05-23,23.967500686645508,24.29750061035156,23.917499542236328,24.107500076293945,152074400,23.58837480545044,25.592449951171876,23.966826228700423,48.04274714675462,-0.5609082304381374,0.18711671766689575
2016-05-24,24.30500030517578,24.522499084472656,24.209999084472656,24.475000381469727,140560800,23.507749843597413,25.569349975585936,24.015223767059403,52.71543427803807,-0.4539160388682575,-0.07571031021657815
2016-05-25,24.667499542236328,24.934999465942383,24.52750015258789,24.905000686645508,152675200,23.530249881744385,25.544549980163573,24.099964426067604,57.52842109438321,-0.33061539675398066,0.08618619131365213
2016-05-26,24.920000076293945,25.1825008392334,24.65999984741211,25.102500915527344,225324800,23.59999990463257,25.516749992370606,24.195444091730437,59.56426346317703,-0.21448962872795718,0.47584414495608973
2016-05-27,24.86000061035156,25.11750030517578,24.8125,25.087499618530273,145364800,23.682624912261964,25.489499969482424,24.28040176094947,59.331626945227924,-0.12226026004946888,-0.3548655096997756
2016-05-31,24.899999618530273,25.100000381469727,24.704999923706055,24.96500015258789,169228800,23.76037492752075,25.45919998168945,24.345601607772178,57.361462848083576,-0.05837954101700049,0.16416629060130106
2016-06-01,24.7549991607666,24.885000228881836,24.582500457763672,24.614999771118164,116693200,23.801374912261963,25.42194995880127,24.37125857570989,52.04398497161346,-0.03558550906017999,-0.31044124877089474
2016-06-02,24.399999618530273,24.459999084472656,24.157499313354492,24.43000030517578,160766400,23.845499897003172,25.37694995880127,24.376853026135215,49.43537045509021,-0.032079196302404966,0.3776843894931323
2016-06-03,24.447500228881836,24.5674991607666,24.362499237060547,24.479999542236328,114019600,23.903999900817873,25.335899963378907,24.38667650385913,50.16243631721837,-0.024977967153422043,-0.2907746892385473
2016-06-06,24.497499465942383,25.47249984741211,24.387500762939453,24.657499313354492,93170000,23.977874851226808,25.30069995880127,24.4124691523825,52.75937481007791,-0.004970150982789079,-0.18285978901873012
2016-06-07,24.8125,24.967500686645508,24.739999771118164,24.75749969482422,89638000,24.055874824523926,25.269899940490724,24.445329204043617,54.20711751210812,0.01873936677222332,-0.03790919823977679
2016-06-08,24.7549991607666,24.88999938964844,24.670000076293945,24.73500061035156,83392400,24.124874877929688,25.226199951171875,24.472916957025326,53.807571306450164,0.035306846972520844,-0.0696758071353667
2016-06-09,24.625,24.997499465942383,24.614999771118164,24.912500381469727,106405600,24.214124870300292,25.176649971008302,24.51478204506765,56.52977264204768,0.06204423517337787,0.27596279756908304
2016-06-10,24.63249969482422,24.837499618530273,24.6200008392334,24.707500457763672,126851600,24.320249938964842,25.125849990844728,24.53313617961013,52.66924121046614,0.065932004263896,0.1921515408963439
2016-06-13,24.67250061035156,24.780000686645508,24.274999618530273,24.334999084472656,152082000,24.405499935150146,25.062599983215332,24.514265980073226,46.4603860317894,0.038511406060731446,0.1988969788319579
2016-06-14,24.329999923706055,24.6200008392334,24.1875,24.364999771118164,127727600,24.45024995803833,24.994299964904783,24.500050150648935,47.00226189062312,0.01898237214609111,-0.16013992451440673
2016-06-15,24.454999923706055,24.602500915527344,24.25749969482422,24.28499984741211,117780800,24.495874977111818,24.93094997406006,24.479569169388284,45.67473399505405,-0.0029162366256478833,-0.07787510295347289
2016-06-16,24.112499237060547,24.4375,24.017499923706055,24.387500762939453,125307200,24.533250045776366,24.863899993896485,24.47080074972649,47.71246078926749,-0.011863321614139721,0.06390175648322982
2016-06-17,24.155000686645508,24.162500381469727,23.825000762939453,23.832500457763672,244032800,24.547375106811522,24.79784999847412,24.41001024573003,39.149556303502315,-0.06301148010502189,0.9474762822886473
2016-06-20,24.0,24.142499923706055,23.75749969482422,23.774999618530273,137647600,24.545875072479248,24.73004997253418,24.34953304313958,38.381007762918316,-0.1069537056409402,-0.43594631541333784
2016-06-21,23.73500061035156,24.087499618530273,23.670000076293945,23.977500915527344,142185600,24.53937511444092,24.664500007629396,24.314101411938413,42.65083099905087,-0.12400857995403314,0.03296824644962926
2016-06-22,24.0625,24.22249984741211,23.837499618530273,23.887500762939453,116876400,24.510000133514403,24.590050010681153,24.273472778700416,41.28167560484975,-0.143136957129947,-0.1780011477955573
2016-06-23,23.98500061035156,24.072500228881836,23.8125,24.024999618530273,128960800,24.466000080108643,24.510349998474123,24.249808668208022,44.227364857054226,-0.14552381735306597,0.10339469730416062
2016-06-24,23.227500915527344,23.665000915527344,23.162500381469727,23.350000381469727,301245600,24.37837505340576,24.416850013732912,24.164112640899614,34.956333801435335,-0.19958156644035796,1.3359470474748916
2016-06-27,23.25,23.262500762939453,22.875,23.010000228881836,181958400,24.27450008392334,24.32780002593994,24.054197173088397,31.387294226492685,-0.26678258924863485,-0.39597989149053137
2016-06-28,23.225000381469727,23.415000915527344,23.03499984741211,23.397499084472656,161779600,24.196125030517578,24.258349990844728,23.991654497982136,39.027975706332825,-0.2854811161966069,-0.11089787555836939
2016-06-29,23.49250030517578,23.637500762939453,23.407499313354492,23.600000381469727,146124000,24.145375061035157,24.195799980163574,23.954354105933334,42.623822883448256,-0.2807236635754897,-0.09677116274239772
2016-06-30,23.61000061035156,23.9424991607666,23.575000762939453,23.899999618530273,143345600,24.11887502670288,24.13814998626709,23.94917748808542,47.558126148579916,-0.24986562151621783,-0.019013988119679137
2016-07-01,23.872499465942383,24.11750030517578,23.832500457763672,23.97249984741211,104106000,24.09350004196167,24.087749977111816,23.951398665164152,48.706182388537876,-0.2170581273251777,-0.2737412240068757
2016-07-05,23.84749984741211,23.850000381469727,23.614999771118164,23.747499465942383,110820800,24.048000049591064,24.034299964904786,23.931979693809698,45.38547643419973,-0.20682940159672825,0.06449964459301105
2016-07-06,23.649999618530273,23.915000915527344,23.592500686645508,23.88249969482422,123796400,24.004250049591064,23.986549949645998,23.927267312953937,47.68992798490412,-0.1856891634474387,0.11708632314511358
2016-07-07,23.924999237060547,24.125,23.905000686645508,23.98500061035156,100558400,23.966750049591063,23.944499969482422,23.932765722229902,49.43451071667628,-0.15883347176763962,-0.18771143587374106
2016-07-08,24.122499465942383,24.22249984741211,24.012500762939453,24.170000076293945,115648400,23.929625034332275,23.93879997253418,23.955359470236,52.51280530929829,-0.12122482747874486,0.1500620534932935
2016-07-11,24.1875,24.412500381469727,24.1825008392334,24.2450008392334,95179600,23.90650005340576,23.949549980163575,23.98294436252147,53.74228133862576,-0.08439491906943886,-0.1769916401783337
2016-07-12,24.292499542236328,24.424999237060547,24.280000686645508,24.354999542236328,96670000,23.907500076293946,23.967949981689454,24.01837818916098,55.55958790393515,-0.04580298695286089,0.01565881764579813
2016-07-13,24.352500915527344,24.417499542236328,24.209999084472656,24.217500686645508,103568800,23.900125122070314,23.98409999847412,24.03734223654046,52.76885752995533,-0.02601374101745435,0.07136443570911344
2016-07-14,24.34749984741211,24.747499465942383,24.329999923706055,24.697500228881836,155676000,23.9207501411438,24.00215000152588,24.10021442628726,60.27111061833364,0.02807766860910732,0.503116768756614
2016-07-15,24.729999542236328,24.825000762939453,24.625,24.69499969482422,120548000,23.936125087738038,24.02509998321533,24.156860642338398,60.21744918741476,0.06993753191182961,-0.22564814101081732
2016-07-18,24.674999237060547,25.032499313354492,24.649999618530273,24.957500457763672,145975600,23.992375087738036,24.058050003051758,24.23311205333128,63.85556846070266,0.1228769439998807,0.2109334041211799
2016-07-19,24.88999938964844,25.0,24.834999084472656,24.967500686645508,95119600,24.0520001411438,24.093800010681154,24.303053827932633,63.99067096197404,0.16375112336428188,-0.34838699070255574
2016-07-20,25.0,25.114999771118164,24.934999465942383,24.989999771118164,105104000,24.10262508392334,24.129650001525878,24.36847725109316,64.31386334333746,0.19570374215911812,0.10496679969217704
2016-07-21,24.957500457763672,25.25,24.782499313354492,24.857500076293945,130808000,24.151125049591066,24.159700012207033,24.415050853493234,60.85014614460792,0.20793782690232376,0.24455777135028156
2016-07-22,24.815000534057617,24.825000762939453,24.57749938964844,24.665000915527344,113254800,24.18312511444092,24.190450019836426,24.438855621306008,56.1212095006354,0.1997972157778456,-0.13419056938413554
2016-07-25,24.5625,24.709999084472656,24.229999542236328,24.334999084472656,161531600,24.232375049591063,24.225450019836426,24.428964522559973,49.079555477964774,0.16481742035940172,0.4262671427612781
2016-07-26,24.204999923706055,24.49250030517578,24.104999542236328,24.167499542236328,224959200,24.29025001525879,24.25620002746582,24.404063095862483,45.92947872585548,0.12217154969237498,0.3926637264782866
2016-07-27,26.0674991607666,26.087499618530273,25.6875,25.737499237060547,369379200,24.407250022888185,24.301550025939942,24.531057014071823,67.18772650267627,0.2126094152846143,0.6419830795984338
2016-07-28,25.707500457763672,26.112499237060547,25.704999923706055,26.084999084472656,159479200,24.53149995803833,24.355800018310546,24.67905149696714,69.99923245768778,0.3087631791144325,-0.5682507298732576
2016-07-29,26.04750061035156,26.137500762939453,25.920000076293945,26.052499771118164,110934800,24.639124965667726,24.40405002593994,24.80985609450533,69.40031307954243,0.3779861180398356,-0.3043933001921254
2016-08-01,26.102500915527344,26.537500381469727,26.102500915527344,26.512500762939453,152671600,24.766125011444093,24.46330005645752,24.972012729594297,72.93069333342173,0.4646083160549992,0.3762281989060241
2016-08-02,26.512500762939453,26.517499923706055,26.0,26.1200008392334,135266400,24.884750080108642,24.50960006713867,25.08134493051231,65.94001912228212,0.4958694936224681,-0.11400417628425985
2016-08-03,26.20249938964844,26.459999084472656,26.1924991607666,26.447500228881836,120810400,25.013000106811525,24.55640007019043,25.211454958928453,68.6410287333466,0.5408362422456001,-0.1068705901835193
2016-08-04,26.395000457763672,26.5,26.31999969482422,26.467500686645508,109634800,25.137125110626222,24.596250076293945,25.33107836156817,68.80373282888627,0.5714987029856609,-0.09250528100229782
2016-08-05,26.5674991607666,26.912500381469727,26.545000076293945,26.8700008392334,162213600,25.272125148773192,24.635550079345702,25.4776424070601,71.95707295306457,0.621117466985762,0.47958130082783934
2016-08-08,26.8799991607666,27.092500686645508,26.790000915527344,27.092500686645508,112148800,25.414500141143797,24.675350074768065,25.63143843368728,73.54877690945419,0.6706635808308441,-0.30863503430045325
2016-08-09,27.0575008392334,27.23500061035156,27.002500534057617,27.20249938964844,105260800,25.556875133514403,24.71765007019043,25.781063286635963,74.32466242817064,0.7106136966945371,-0.061418401266888245
2016-08-10,27.177499771118164,27.225000381469727,26.940000534057617,27.0,96034000,25.69600009918213,24.75835006713867,25.897152497432536,70.23999059978149,0.7176616857702633,-0.08765656350702256
2016-08-11,27.1299991607666,27.232500076293945,26.962499618530273,26.982500076293945,109938000,25.810250091552735,24.80570007324219,26.000518933514574,69.88256129291649,0.7136091284738946,0.14478205635504082
2016-08-12,26.94499969482422,27.11000061035156,26.94499969482422,27.045000076293945,74641600,25.92775011062622,24.858000068664552,26.09999332806499,70.46070314951288,0.7072875051964118,-0.3210573232185414
2016-08-15,27.03499984741211,27.385000228881836,27.020000457763672,27.3700008392334,103472800,26.048375129699707,24.915800094604492,26.220946424366744,73.32793054483304,0.7202003967639641,0.3862618164669567
2016-08-16,27.407499313354492,27.5575008392334,27.302499771118164,27.344999313354492,135177600,26.167250061035155,24.969550094604493,26.327999080460817,72.74297900999524,0.720115498956023,0.30640709442481495
2016-08-17,27.274999618530273,27.342500686645508,27.084999084472656,27.30500030517578,101424000,26.28300008773804,25.020500106811525,26.421046816147957,71.75674365049497,0.7086517350756445,-0.24969817484553658
2016-08-18,27.3075008392334,27.399999618530273,27.2549991607666,27.270000457763672,87938800,26.403625106811525,25.071200103759764,26.50189954392088,70.85155215037793,0.688802339819393,-0.13295866855970973
2016-08-19,27.1924991607666,27.42250061035156,27.09000015258789,27.34000015258789,101472400,26.537375068664552,25.119750099182127,26.581718649508215,71.62257181976082,0.6709852412448356,0.15389793811150487
2016-08-22,27.21500015258789,27.274999618530273,26.962499618530273,27.127500534057617,103280800,26.6770001411438,25.168150100708008,26.633697876608156,65.92189527052048,0.6324278840031567,0.017821594837611032
2016-08-23,27.147499084472656,27.329999923706055,27.13249969482422,27.212499618530273,85030800,26.829250144958497,25.22570011138916,26.68882185202931,67.0515664202749,0.6017925267033242,-0.17670273661706726
2016-08-24,27.142499923706055,27.1875,26.920000076293945,27.00749969482422,94700400,26.89275016784668,25.278550109863282,26.71917212277168,61.73611632865119,0.5545791613812838,0.11371879366065007
2016-08-25,26.84749984741211,26.969999313354492,26.670000076293945,26.892499923706055,100344800,26.93312520980835,25.33070011138916,26.735679532384477,58.91460345889251,0.5020948716365723,0.059602704951615904
2016-08-26,26.852500915527344,26.987499237060547,26.57749938964844,26.73500061035156,111065200,26.967250251770018,25.377650108337402,26.73561487314325,55.19409963424878,0.44268877494064895,0.10683563074519054
2016-08-29,26.655000686645508,26.86000061035156,26.572500228881836,26.704999923706055,99881200,26.976875209808348,25.43510009765625,26.73269916367304,54.488239288714084,0.38870743329616175,-0.10069760825172958
2016-08-30,26.450000762939453,26.625,26.375,26.5,99455600,26.99587516784668,25.489600105285646,26.710537338561323,49.80145120189806,0.32563137475146675,-0.004261062141824534
2016-08-31,26.415000915527344,26.642499923706055,26.40999984741211,26.524999618530273,118649600,26.9997501373291,25.540550079345703,26.692867079510748,50.362175847039154,0.2744961830706991,0.19299064104987562
2016-09-01,26.53499984741211,26.700000762939453,26.405000686645508,26.6825008392334,106806000,27.010500144958495,25.59645008087158,26.69187981853195,53.85905177550215,0.24386903701712015,-0.09981997410863586
2016-09-02,26.924999237060547,27.0,26.704999923706055,26.9325008392334,107210000,27.013625144958496,25.654600105285645,26.714796106217804,58.818266156244725,0.2370372953851998,0.00378255903226421
2016-09-06,26.975000381469727,27.075000762939453,26.877500534057617,26.924999237060547,107521600,27.00525007247925,25.726100082397462,26.734815452012352,58.6146878356691,0.2283850931311875,0.0029064452942821895
2016-09-07,26.957500457763672,27.190000534057617,26.767499923706055,27.09000015258789,169457200,26.99962511062622,25.807700080871584,26.76864256635288,61.75058034525136,0.23216608926334814,0.5760293745628786
2016-09-08,26.8125,26.8174991607666,26.309999465942383,26.3799991607666,212008000,26.96862506866455,25.86735008239746,26.731628908677997,45.702798522895996,0.17584438501347321,0.25110057288802135
2016-09-09,26.15999984741211,26.43000030517578,25.782499313354492,25.782499313354492,186228000,26.908625030517577,25.911000061035157,26.641235613885282,36.990582023753575,0.08204996354250937,-0.12159918493641753
2016-09-12,25.662500381469727,26.43000030517578,25.63249969482422,26.36000061035156,181171200,26.87437505722046,25.960200080871584,26.614451327834452,47.422930583651706,0.05369774290784335,-0.02715381145692375
2016-09-13,26.877500534057617,27.197500228881836,26.809999465942383,26.987499237060547,248704800,26.855249977111818,26.02050006866455,26.6499797001417,55.956042720069235,0.08092939504940233,0.3727612335735482
2016-09-14,27.1825008392334,28.25749969482422,27.149999618530273,27.9424991607666,443554800,26.885124969482423,26.104400062561034,26.773076791629784,65.21022312313875,0.1775247928343049,0.7834589440975808
2016-09-15,28.46500015258789,28.9325008392334,28.372499465942383,28.892499923706055,359934400,26.964499950408936,26.20460006713867,26.974926613732286,71.60227725311701,0.32696540987651446,-0.18852326702360112
2016-09-16,28.780000686645508,29.032499313354492,28.510000228881836,28.729999542236328,319547600,27.03749990463257,26.299500045776366,27.142076416446958,69.25818332260812,0.4273594194661108,-0.11220600198258346
2016-09-19,28.79750061035156,29.045000076293945,28.3125,28.395000457763672,188092000,27.090249919891356,26.38400005340576,27.261402515619977,64.56548624889885,0.4744219282810427,-0.41138033895419646
2016-09-20,28.262500762939453,28.530000686645508,28.127500534057617,28.392499923706055,138057200,27.15349988937378,26.466950035095216,27.36912607829484,64.53033917215234,0.5056882737436332,-0.2660123769219318
2016-09-21,28.462499618530273,28.497499465942383,28.11000061035156,28.387500762939453,144012800,27.212249946594238,26.54760005950928,27.46611414349909,64.45479637927559,0.5240230754694828,0.04313864108499965
2016-09-22,28.587499618530273,28.73500061035156,28.5,28.655000686645508,124296000,27.294624996185302,26.636350059509276,27.579341433322558,66.70110853687552,0.5537552009295972,-0.13691005243978316
2016-09-23,28.604999542236328,28.697500228881836,27.887500762939453,28.177499771118164,209924800,27.358874988555907,26.705950050354005,27.636308894064996,59.47567797032543,0.5326477595137789,0.6889103430520693
2016-09-26,27.90999984741211,28.34749984741211,27.887500762939453,28.219999313354492,119477600,27.433124923706053,26.77645004272461,27.691898457806854,59.892120531194266,0.5134308072494242,-0.43085523959055816
2016-09-27,28.25,28.295000076293945,28.084999084472656,28.272499084472656,98429600,27.511499881744385,26.84275001525879,27.74719375558455,60.433036636750316,0.4967117431172703,-0.1761669132958814
2016-09-28,28.42250061035156,28.65999984741211,28.357500076293945,28.487499237060547,118564400,27.61087484359741,26.91314998626709,27.817699039534645,62.65433284437718,0.4951032378855018,0.20456041678519465
2016-09-29,28.290000915527344,28.450000762939453,27.950000762939453,28.045000076293945,143548000,27.686874866485596,26.974249992370606,27.839346757321245,55.72087259810156,0.4529017324959206,0.21071755096808142
2016-09-30,28.114999771118164,28.342500686645508,27.950000762939453,28.262500762939453,145516400,27.7658748626709,27.042350006103515,27.879647138808693,58.1711097835029,0.43202708381772936,0.01371248641569367
2016-10-03,28.177499771118164,28.262500762939453,28.06999969482422,28.1299991607666,86807200,27.825749778747557,27.1116499710083,27.90349018851897,56.13324935499805,0.4001789881407696,-0.40345418110948317
2016-10-04,28.26499938964844,28.57749938964844,28.157499313354492,28.25,118947200,27.891999816894533,27.189949989318848,27.936491122945732,57.58255321076172,0.3802390486387992,0.37024578606382885
2016-10-05,28.350000381469727,28.415000915527344,28.17250061035156,28.262500762939453,85812400,27.950624847412108,27.27185001373291,27.96753966008799,57.7391917771447,0.36128059224195397,-0.27856729708643835
2016-10-06,28.424999237060547,28.584999084472656,28.282499313354492,28.47249984741211,115117200,28.055249881744384,27.32655002593994,28.01563110649981,60.385691315775304,0.35906200673521127,0.34149843146211967
2016-10-07,28.57749938964844,28.63999938964844,28.377500534057617,28.51499938964844,97433600,28.19187488555908,27.375150032043457,28.063189990609203,60.91908792329657,0.3566222008700315,-0.15361388220005356
2016-10-10,28.7549991607666,29.1875,28.68000030517578,29.012500762939453,144944000,28.324499893188477,27.434350051879882,28.15360054035494,66.59018357230542,0.3903333206299884,0.4876182343667892
2016-10-11,29.424999237060547,29.67250061035156,29.049999237060547,29.075000762939453,256164000,28.428874969482422,27.48560005187988,28.241352942505845,67.23346820057098,0.4172826786113788,0.7673308312175737
2016-10-12,29.337499618530273,29.4950008392334,29.1875,29.334999084472656,150347200,28.498499965667726,27.54990001678467,28.345509717931257,69.83543285304,0.4543820966551557,-0.41308224418731754
2016-10-13,29.197500228881836,29.36000061035156,28.93000030517578,29.2450008392334,140769600,28.516125011444093,27.6058500289917,28.43117553900765,67.82760901675042,0.471091101523303,-0.06370321495844289
2016-10-14,29.469999313354492,29.542499542236328,29.282499313354492,29.407499313354492,142608800,28.55,27.664650001525878,28.524158755612113,69.53097608620217,0.4917764838823864,0.01306532092156254
2016-10-17,29.332500457763672,29.459999084472656,29.19499969482422,29.387500762939453,94499600,28.599625015258788,27.715,28.606381803929004,69.04646881948219,0.5007833636590142,-0.3373508507188897
2016-10-18,29.545000076293945,29.552499771118164,29.362499237060547,29.36750030517578,98214000,28.648375034332275,27.760499992370605,28.67886928023822,68.5321382316468,0.5005376248172873,0.039305986480365984
2016-10-19,29.3125,29.440000534057617,28.450000762939453,29.280000686645508,80138400,28.693000030517577,27.802050018310545,28.736119890372247,66.20851538866445,0.48766093535976296,-0.18404300812511454
2016-10-20,29.21500015258789,29.344999313354492,29.082500457763672,29.26499938964844,96503200,28.723499965667724,27.847350006103515,28.78648936649379,65.79662438972782,0.47081828676097004,0.20420672237029946
2016-10-21,29.20249938964844,29.227500915527344,29.06999969482422,29.149999618530273,92770800,28.77212495803833,27.890699996948243,28.821109390497263,62.58241884043026,0.44308325797743464,-0.03867643767253315
2016-10-24,29.274999618530273,29.434999465942383,29.25,29.412500381469727,94154800,28.831750011444093,27.938050003051757,28.87743234201845,66.59397694613784,0.43724438451567593,0.01491848728263645
2016-10-25,29.487499237060547,29.59000015258789,29.32749938964844,29.5625,192516000,28.89625005722046,27.98189998626709,28.942676880873837,68.66154238424883,0.4396527081020025,1.044675364399903
2016-10-26,28.57749938964844,28.924999237060547,28.32749938964844,28.897499084472656,264536800,28.916750049591066,28.012949981689452,28.938374233597532,53.00020602254812,0.38348077795689406,0.3741029317043778
2016-10-27,28.84749984741211,28.96500015258789,28.524999618530273,28.6200008392334,138248000,28.945500087738036,28.039249992370607,28.908052957943806,48.072604346811566,0.312964667505522,-0.47739596154485875
2016-10-28,28.467500686645508,28.802499771118164,28.362499237060547,28.43000030517578,151446800,28.953875064849854,28.062449989318846,28.86252413387066,44.98843520210065,0.23899371594494667,0.0954719055610207
2016-10-31,28.412500381469727,28.5575008392334,28.299999237060547,28.385000228881836,105677600,28.966625118255614,28.083349990844727,28.81704566672887,44.26410706400526,0.17472594193021962,-0.30221305435307977
2016-11-01,28.364999771118164,28.4424991607666,27.63249969482422,27.872499465942383,175303200,28.947750091552734,28.09824996948242,28.727088885701583,36.96469970747276,0.08149926676191299,0.6588491790123925
2016-11-02,27.850000381469727,28.087499618530273,27.8075008392334,27.897499084472656,113326800,28.929500007629393,28.11194995880127,28.64808033320359,37.50607353261315,0.009523929384464225,-0.3535383267390442
2016-11-03,27.7450008392334,27.864999771118164,27.387500762939453,27.457500457763672,107730400,28.878750038146972,28.120949974060057,28.534691773637885,32.255363958135334,-0.08207514481550149,-0.04938284677587301
2016-11-04,27.13249969482422,27.5625,27.02750015258789,27.209999084472656,123348000,28.813500022888185,28.12729995727539,28.40853056514596,29.733758254303197,-0.1726491712481959,0.1449692937183933
2016-11-07,27.520000457763672,27.627500534057617,27.364999771118164,27.602500915527344,130240000,28.743000030517578,28.144649963378907,28.331765836610852,38.0102094410267,-0.21033352826947294,0.05587443655349089
2016-11-08,27.57749938964844,27.93000030517578,27.424999237060547,27.76499938964844,97016800,28.677499961853027,28.165849952697755,28.27778807975729,41.10321908727125,-0.22449850488594691,-0.25509213759213756
2016-11-09,27.469999313354492,27.829999923706055,27.012500762939453,27.719999313354492,236705600,28.59674997329712,28.190249938964843,28.224665340099882,40.500561271149444,-0.2366277831942547,1.4398413470656628
2016-11-10,27.772499084472656,27.772499084472656,26.457500457763672,26.947500228881836,228538000,28.48187494277954,28.198699951171875,28.103030567602925,31.86362763802454,-0.3050580246963719,-0.034505309549077046
2016-11-11,26.780000686645508,27.217500686645508,26.637500762939453,27.107500076293945,136575600,28.366874980926514,28.207199935913085,28.008218139859213,34.95749763216,-0.3424314964535178,-0.40239435017371294
2016-11-14,26.927499771118164,26.95249938964844,26.020000457763672,26.427499771118164,204702000,28.21887493133545,28.19709991455078,27.857673533312447,28.94252457815486,-0.4220553918732364,0.49881823693251204
2016-11-15,26.642499923706055,26.920000076293945,26.540000915527344,26.77750015258789,129058000,28.089374923706053,28.19414993286133,27.754799878005347,35.129581900124975,-0.45170877931419895,-0.3695322957274477
2016-11-16,26.674999237060547,27.5575008392334,26.649999618530273,27.497499465942383,235362000,28.0002498626709,28.202299919128418,27.730295076856493,45.61937270168807,-0.41235796921471746,0.8236916735111346
2016-11-17,27.45249938964844,27.587499618530273,27.207500457763672,27.487499237060547,110528000,27.911374855041505,28.224449920654298,27.707171663542592,45.50929919075904,-0.37762606538131394,-0.5303914820574265
2016-11-18,27.43000030517578,27.635000228881836,27.415000915527344,27.51499938964844,113715600,27.82962484359741,28.259099922180177,27.68886954221934,45.89590952387249,-0.3439172845033305,0.028839751013317816
2016-11-21,27.530000686645508,27.997499465942383,27.502500534057617,27.9325008392334,117058400,27.755624866485597,28.290549926757812,27.712072522887347,51.519639642402936,-0.2802830267602019,0.029396142657647673
2016-11-22,27.987499237060547,28.104999542236328,27.850000381469727,27.950000762939453,103862000,27.674999904632568,28.30979995727539,27.734732355273263,51.74604678305331,-0.22583701294205483,-0.11273347320653626
2016-11-23,27.84000015258789,27.877500534057617,27.582500457763672,27.8075008392334,109705600,27.620499992370604,28.307099990844726,27.74166268707899,49.71025466515352,-0.19197375371701497,0.056263118368604426
2016-11-25,27.782499313354492,27.967500686645508,27.737499237060547,27.947500228881836,45903600,27.586874961853027,28.288199996948244,27.761266262488785,51.71990527444695,-0.15208693260046147,-0.5815746871627336
2016-11-28,27.857500076293945,28.11750030517578,27.84749984741211,27.892499923706055,108776000,27.55999994277954,28.271450004577638,27.77376470641424,50.860018485341165,-0.12349087849068141,1.3696616387385738
2016-11-29,27.69499969482422,28.00749969482422,27.517499923706055,27.864999771118164,114115200,27.533999919891357,28.260849990844726,27.782453760195565,50.40874055959195,-0.10187300350010986,0.049084356843421384
2016-11-30,27.899999618530273,28.049999237060547,27.5674991607666,27.6299991607666,144649200,27.52187490463257,28.245599975585936,27.767934274535666,46.60331721812039,-0.10252146348140911,0.26757171700176663
2016-12-01,27.592500686645508,27.73500061035156,27.25749969482422,27.372499465942383,148347600,27.495624923706053,28.225299949645997,27.7302738165744,42.79137922793273,-0.12240246660394405,0.025568063978231415
2016-12-02,27.292499542236328,27.522499084472656,27.212499618530273,27.475000381469727,106112000,27.496499919891356,28.20169994354248,27.705962060850144,44.7294019710538,-0.12840713998717845,-0.28470699896729035
2016-12-05,27.5,27.50749969482422,27.0625,27.27750015258789,137298000,27.499874973297118,28.183699951171874,27.665156164825166,41.79167322249453,-0.14740333095336666,0.2938970144752715
2016-12-06,27.375,27.59000015258789,27.29750061035156,27.487499237060547,104782000,27.49412488937378,28.169049949645995,27.648236457419014,45.863098586207904,-0.14385451279568784,-0.23682792174685718
2016-12-07,27.315000534057617,27.79750061035156,27.290000915527344,27.75749969482422,119994800,27.49374990463257,28.158749961853026,27.658642480029034,50.64323039614286,-0.11789623398677662,0.14518524173999348
2016-12-08,27.71500015258789,28.107500076293945,27.649999618530273,28.030000686645508,108273200,27.50924997329712,28.149599990844727,27.694009928278223,54.96521160311757,-0.07447703347568435,-0.09768423298342932
2016-12-09,28.07749938964844,28.674999237060547,28.07749938964844,28.487499237060547,137610400,27.586249923706056,28.15844997406006,27.769580338638445,61.12068024098976,-0.003114789355812775,0.2709553241245295
2016-12-12,28.322500228881836,28.75,28.122499465942383,28.325000762939453,105497600,27.64712495803833,28.159699974060057,27.822477521905206,58.08390233382898,0.0398684557011606,-0.23336026928197284
2016-12-13,28.459999084472656,28.979999542236328,28.4375,28.79750061035156,174935200,27.765625,28.173050003051756,27.915336863662002,63.727312938747716,0.110782741443046,0.6581912763892259
2016-12-14,28.760000228881836,29.049999237060547,28.7450008392334,28.79750061035156,136127200,27.866625022888183,28.18400001525879,27.999352458584816,63.727312938747716,0.16507988564032772,-0.22184214497711152
2016-12-15,28.844999313354492,29.1825008392334,28.8075008392334,28.954999923706055,186098000,27.939500045776366,28.197849998474123,28.090366502882077,65.52184484720411,0.21830317876174377,0.36708901674316374
2016-12-16,29.11750030517578,29.125,28.912500381469727,28.99250030517578,177404400,28.01475009918213,28.208250007629395,28.176284007862428,65.95374416521862,0.26050603794833904,-0.04671517157626626
2016-12-19,28.950000762939453,29.344999313354492,28.9375,29.15999984741211,111117600,28.097000122070312,28.22115001678467,28.269971230676685,67.88864937326551,0.3039640131823482,-0.37364800422086486
2016-12-20,29.184999465942383,29.375,29.170000076293945,29.237499237060547,85700000,28.16225004196167,28.22564998626709,28.362116755094195,68.7729315896577,0.34073059451220544,-0.22874504128958872
2016-12-21,29.200000762939453,29.350000381469727,29.19499969482422,29.26499938964844,95132800,28.22799997329712,28.22944995880127,28.448105577432695,69.09812271631552,0.3678470952532962,0.11006767794632433
2016-12-22,29.087499618530273,29.127500534057617,28.90999984741211,29.072500228881836,104343600,28.29124994277954,28.224199981689452,28.507571734713565,64.06855326472987,0.3695441688183152,0.09682044468364226
2016-12-23,28.897499084472656,29.1299991607666,28.897499084472656,29.1299991607666,56998000,28.35037488937378,28.221899948120118,28.566850537194806,64.89061309471381,0.37124926468122155,-0.4537470434219253
2016-12-27,29.1299991607666,29.450000762939453,29.122499465942383,29.315000534057617,73187600,28.421499919891357,28.22004997253418,28.638102917848407,67.46942860215418,0.38311234945535944,0.2840380364223305
2016-12-28,29.3799991607666,29.5049991607666,29.049999237060547,29.190000534057617,83623600,28.48774995803833,28.21609996795654,28.690664595582618,64.04639276544768,0.37806932642136104,0.14259246101798673
2016-12-29,29.112499237060547,29.27750015258789,29.100000381469727,29.1825008392334,60158000,28.56537504196167,28.212399978637695,28.737506142596978,63.8371280457317,0.36921149139254794,-0.2806097800142543
2016-12-30,29.162500381469727,29.299999237060547,28.857500076293945,28.954999923706055,122345200,28.644500064849854,28.205899963378908,28.758219836035938,57.68035036008483,0.3399158326083338,1.0337311745736226
2017-01-03,28.950000762939453,29.082500457763672,28.690000534057617,29.037500381469727,115127600,28.722625064849854,28.201349983215334,28.78481798322011,59.216462487111166,0.3196709417858017,-0.05899373248807471
2017-01-04,28.962499618530273,29.127500534057617,28.9375,29.0049991607666,84472400,28.80900001525879,28.198449974060058,28.805787619176918,58.318383918503606,0.2975738964210528,-0.2662715109148458
2017-01-05,28.979999542236328,29.21500015258789,28.95249938964844,29.15250015258789,88774400,28.892250061035156,28.193249969482423,28.838807860454153,61.19473859913896,0.2886367018626643,0.05092787703439239
2017-01-06,29.19499969482422,29.540000915527344,29.11750030517578,29.477500915527344,127007600,28.978250122070314,28.191549987792968,28.899635770461124,66.65488439213078,0.30427130599741403,0.43067821353903835
2017-01-09,29.487499237060547,29.857500076293945,29.48500061035156,29.747499465942383,134247600,29.064125061035156,28.208549995422363,28.980384693840293,70.38320628919163,0.33459150635264834,0.05700446272506521
2017-01-10,29.6924991607666,29.844999313354492,29.575000762939453,29.77750015258789,97848400,29.128625106811523,28.231699981689452,29.056300451816256,70.77422865761382,0.35692685763000753,-0.27113482848110504
2017-01-11,29.684999465942383,29.982500076293945,29.649999618530273,29.9375,110354400,29.209250068664552,28.26184997558594,29.140224218309946,72.83419091285087,0.3831220425254287,0.1278099590795556
2017-01-12,29.725000381469727,29.825000762939453,29.552499771118164,29.8125,108344800,29.260000038146973,28.290399971008302,29.20425048323281,68.75678480894337,0.3893077624004704,-0.01821042024604369
2017-01-13,29.77750015258789,29.905000686645508,29.70249938964844,29.760000228881836,104447600,29.308125019073486,28.32814998626709,29.257179030437477,67.05878960513402,0.3855295524994027,-0.03597034652332187
2017-01-17,29.584999084472656,30.059999465942383,29.55500030517578,30.0,137759200,29.360375022888185,28.370200004577637,29.327923884681528,70.62961518140952,0.39732119825016454,0.3189312152696664
2017-01-18,30.0,30.125,29.927499771118164,29.997499465942383,94852000,29.410624980926514,28.42099998474121,29.391692987658754,70.54381372720962,0.4018323174377585,-0.31146522337528093
2017-01-19,29.850000381469727,30.022499084472656,29.842500686645508,29.94499969482422,102389200,29.44987497329712,28.475699996948244,29.444388864531653,68.65795992117194,0.39659936847915134,0.0794627419558891
2017-01-20,30.112499237060547,30.112499237060547,29.9325008392334,30.0,130391600,29.488000011444093,28.523649978637696,29.497304210766735,69.57558176438684,0.39236731750305154,0.2734897821254585
2017-01-23,30.0,30.20249938964844,29.9424991607666,30.020000457763672,88200800,29.525750064849852,28.56875,29.547084805718825,69.92046110204362,0.38617566373935475,-0.3235699232159127
2017-01-24,29.887500762939453,30.024999618530273,29.875,29.99250030517578,92844000,29.57175006866455,28.614200019836424,29.58950532947663,68.7662112136313,0.3747300463250127,0.05264351343751983
2017-01-25,30.104999542236328,30.524999618530273,30.06999969482422,30.469999313354492,129510400,29.638750076293945,28.684650001525878,29.67336189936976,76.13348252851766,0.39958334334711765,0.3949248201283875
2017-01-26,30.417499542236328,30.61000061035156,30.399999618530273,30.48500061035156,105350400,29.697250080108642,28.75220001220703,29.750660824225168,76.32243822622765,0.41569832802976237,-0.18654872504447517
2017-01-27,30.53499984741211,30.587499618530273,30.399999618530273,30.487499237060547,82251600,29.76212501525879,28.833400001525877,29.820835911161872,76.35601576447658,0.42378604604531844,-0.21925687989794063
2017-01-30,30.232500076293945,30.407499313354492,30.165000915527344,30.407499313354492,121510000,29.823374938964843,28.90599998474121,29.876708616132596,72.79646615837692,0.4189113463482457,0.47729649028104015
2017-01-31,30.287500381469727,30.34749984741211,30.155000686645508,30.337499618530273,196804000,29.892499923706055,28.96279998779297,29.920593473503803,69.73321412162696,0.4047341974674268,0.6196527034811949
2017-02-01,31.75749969482422,32.622501373291016,31.752500534057617,32.1875,447940000,30.049999904632568,29.05680000305176,30.136489333170108,86.22770828039876,0.5365927671228619,1.2760716245604766
2017-02-02,31.9950008392334,32.34749984741211,31.94499969482422,32.13249969482422,134841600,30.20637493133545,29.149150009155274,30.326585558089548,84.74899083282841,0.6293982572705303,-0.6989739697280886
2017-02-03,32.07749938964844,32.29750061035156,32.040000915527344,32.27000045776367,98029200,30.36224994659424,29.235900001525877,30.511672691391844,85.42205927056034,0.7059052034922715,-0.27300477004129287
2017-02-06,32.282501220703125,32.625,32.224998474121094,32.5724983215332,107383600,30.516999816894533,29.328349952697753,30.707941799024354,86.8020294049424,0.781932923100694,0.09542462858005574
2017-02-07,32.6349983215332,33.022499084472656,32.61249923706055,32.88249969482422,152735200,30.67374982833862,29.42984992980957,30.915042551005293,88.05042429243254,0.8573173380638366,0.42233264669837856
2017-02-08,32.837501525878906,33.05500030517578,32.80500030517578,33.0099983215332,92016400,30.835374736785887,29.5310998916626,31.114562148198427,88.53093111539754,0.9167800341050345,-0.39754293705707655
2017-02-09,32.912498474121094,33.11249923706055,32.779998779296875,33.10499954223633,113399600,30.993749713897706,29.635349884033204,31.304127614297276,88.88943317225468,0.960498425713574,0.23238466186462414
2017-02-10,33.1150016784668,33.23500061035156,33.01250076293945,33.029998779296875,80262000,31.154624652862548,29.738649864196777,31.46849629667819,86.58828900874673,0.9778219089819196,-0.2922197256427712
2017-02-13,33.27000045776367,33.45500183105469,33.1875,33.3224983215332,92141600,31.332749557495116,29.85249984741211,31.645067918092952,87.90350596455417,1.0035844658066608,0.14801026637761328
2017-02-14,33.36750030517578,33.772499084472656,33.3125,33.755001068115234,132904800,31.520499610900877,29.980149879455567,31.84601393238079,89.53732616738297,1.0468335887920546,0.44239735363831323
2017-02-15,33.880001068115234,34.067501068115234,33.654998779296875,33.877498626708984,142492400,31.71449956893921,30.108199844360353,32.03948866517395,89.95130456260681,1.078560386816104,0.07213885427764843
2017-02-16,33.91749954223633,33.974998474121094,33.709999084472656,33.837501525878906,90338400,31.909124660491944,30.239399871826173,32.210727985241085,88.71698523819873,1.0879356263776572,-0.3660125031229736
2017-02-17,33.775001525878906,33.95750045776367,33.775001525878906,33.93000030517578,88792800,32.10562467575073,30.368249893188477,32.374468206187245,89.08984303814736,1.090261592742987,-0.017109003480247575
2017-02-21,34.057498931884766,34.1875,33.994998931884766,34.17499923706055,98028800,32.31337461471558,30.496599884033202,32.5459473519847,90.02965533066468,1.0992033718662526,0.104017442855727
2017-02-22,34.10749816894531,34.279998779296875,34.02750015258789,34.27750015258789,83347600,32.52762460708618,30.621549873352052,32.710857142518336,90.40216011900554,1.1018592163283571,-0.14976415094339623
2017-02-23,34.345001220703125,34.369998931884766,34.07500076293945,34.13249969482422,83152800,32.71074962615967,30.734449882507324,32.846251671309375,85.5337674310592,1.079816217879305,-0.002337199871382034
2017-02-24,33.977500915527344,34.165000915527344,33.81999969482422,34.165000915527344,87106400,32.89474964141846,30.85124988555908,32.971846837425375,85.71940593117358,1.052833154445345,0.047546204096554856
2017-02-27,34.28499984741211,34.36000061035156,34.06999969482422,34.23249816894531,81029600,33.08199958801269,30.959949836730956,33.0919088689987,86.11782599728735,1.0250788753387496,-0.06976295656805931
2017-02-28,34.27000045776367,34.36000061035156,34.17499923706055,34.247501373291016,93931600,33.27399969100952,31.068949851989746,33.20196529797892,86.20992273257598,0.9928490960396346,0.1592257644120174
2017-03-01,34.47249984741211,35.037498474121094,34.400001525878906,34.9474983215332,145658400,33.50449962615967,31.18879981994629,33.36820653831742,89.65747069788755,1.0121235372344088,0.5506858181911092
2017-03-02,35.0,35.06999969482422,34.689998626708984,34.7400016784668,104844000,33.632124710083005,31.30374984741211,33.498853694522126,83.03098281893602,0.9991379850229194,-0.28020629088332705
2017-03-03,34.69499969482422,34.95750045776367,34.647499084472656,34.94499969482422,84432400,33.772749710083005,31.41944984436035,33.636581885027084,84.26807499296254,0.993931049580624,-0.1946854374117737
2017-03-06,34.842498779296875,34.942501068115234,34.650001525878906,34.834999084472656,87000000,33.90099964141846,31.531399841308595,33.75071685640285,80.86150505013995,0.9697497147236547,0.03041012691810252
2017-03-07,34.76499938964844,34.994998931884766,34.6974983215332,34.880001068115234,69785200,34.01637477874756,31.643699874877928,33.85826773370879,81.19640597669536,0.9433428474798689,-0.1978712643678161
2017-03-08,34.73749923706055,34.95000076293945,34.70500183105469,34.75,74828800,34.10974979400635,31.757249870300292,33.943194616212715,77.00438021060016,0.9015329050605274,0.0722732040604599
2017-03-09,34.685001373291016,34.6974983215332,34.26250076293945,34.66999816894531,88623600,34.19274978637695,31.868049850463866,34.01241400218725,74.45679247084118,0.8521200359577037,0.18435147964420118
2017-03-10,34.8125,34.84000015258789,34.65999984741211,34.78499984741211,78451200,34.276749801635745,31.97744983673096,34.08599360649438,75.70126774263348,0.8128694030516144,-0.11478206707919791
2017-03-13,34.712501525878906,34.85749816894531,34.70500183105469,34.79999923706055,69686800,34.36524982452393,32.089649810791016,34.153994142738775,75.86642081858997,0.7740505462105247,-0.11171785772556697
2017-03-14,34.82500076293945,34.912498474121094,34.709999084472656,34.747501373291016,61236400,34.436499977111815,32.200949821472165,34.210518640886605,73.97137603993056,0.7306279593111213,-0.12126256335489649
2017-03-15,34.852500915527344,35.1875,34.75749969482422,35.1150016784668,102767200,34.504500007629396,32.32414985656738,34.29665988256091,78.09607758392109,0.7175974331297539,0.678204466624426
2017-03-16,35.18000030517578,35.255001068115234,35.064998626708984,35.17250061035156,76928000,34.56925010681152,32.44684986114502,34.38007328520764,78.66572478759868,0.7037973922761296,-0.2514343097797741
2017-03-17,35.25,35.25,34.97249984741211,34.997501373291016,175540000,34.62725009918213,32.56669990539551,34.438875960263196,72.4869159202966,0.6710048582546335,1.2818739600665556
2017-03-20,35.099998474121094,35.375,35.057498931884766,35.3650016784668,86168000,34.69900016784668,32.69094993591309,34.52707840961592,76.63697694143946,0.6669821866192791,-0.5091261250996924
2017-03-21,35.52750015258789,35.70000076293945,34.932498931884766,34.959999084472656,158119600,34.738250160217284,32.800599899291996,34.56830895007847,65.00060964270776,0.6239216849724585,0.835015318911893
2017-03-22,34.962501525878906,35.400001525878906,34.939998626708984,35.35499954223633,103440800,34.792125129699706,32.91274990081787,34.64323186361731,69.81455461755779,0.6145846141024194,-0.3458065919721527
2017-03-23,35.314998626708984,35.39500045776367,35.15250015258789,35.22999954223633,81385200,34.84700012207031,33.02179988861084,34.69911449967626,66.68855413081849,0.5902939219495096,-0.2132195419989018
2017-03-24,35.375,35.435001373291016,35.087501525878906,35.15999984741211,89582400,34.89675006866455,33.12624988555908,34.74300834231777,64.9351039679018,0.5589517353827773,0.10072101561463254
2017-03-27,34.84749984741211,35.30500030517578,34.654998779296875,35.220001220703125,94300400,34.946125221252444,33.23439990997314,34.78843623549733,65.7660052555665,0.5328125051969153,0.05266659522406192
2017-03-28,35.227500915527344,36.0099983215332,35.154998779296875,35.95000076293945,133499200,35.031250190734866,33.3581999206543,34.89906142858705,73.87659936722736,0.5644946956832939,0.41568010315968973
2017-03-29,35.91999816894531,36.122501373291016,35.79750061035156,36.029998779296875,116760000,35.085375213623045,33.47879989624023,35.00676974770227,74.58714163575712,0.5892655448543138,-0.12538801730647076
2017-03-30,36.04750061035156,36.125,35.875,35.98249816894531,84829200,35.14750003814697,33.598499870300294,35.09969626401113,73.31205337852445,0.5981684059733183,-0.27347379239465575
2017-03-31,35.93000030517578,36.067501068115234,35.752498626708984,35.915000915527344,78646800,35.19600009918213,33.71789989471436,35.17734432606029,71.44305932408226,0.5929424518084403,-0.07288056471120796
2017-04-03,35.9275016784668,36.029998779296875,35.76250076293945,35.92499923706055,79942800,35.25050010681152,33.83639987945557,35.24854955567937,71.55872573712993,0.5828884512396542,0.016478737850745384
2017-04-04,35.8125,36.22249984741211,35.79249954223633,36.192501068115234,79565600,35.316125106811526,33.9598498916626,35.338449699720876,74.5310180457275,0.5897079592401013,-0.0047183736371505525
2017-04-05,36.05500030517578,36.3650016784668,35.95249938964844,36.005001068115234,110871600,35.378875160217284,34.08009990692139,35.4019307824251,69.08143803651055,0.5733732950325887,0.39346149592286106
2017-04-06,36.0724983215332,36.130001068115234,35.86249923706055,35.915000915527344,84596000,35.441125297546385,34.18899993896484,35.45079460462531,66.56548942543782,0.5468618132386922,-0.23699125835651325
2017-04-07,35.932498931884766,36.04499816894531,35.817501068115234,35.834999084472656,66688800,35.493625259399415,34.295999908447264,35.48738550746791,64.3229119361347,0.5134767533645999,-0.21167903919807085
2017-04-10,35.900001525878906,35.970001220703125,35.724998474121094,35.79249954223633,75733600,35.543250274658206,34.40209991455078,35.51644398696967,63.106607827887835,0.4780785036168709,0.13562697184534733
2017-04-11,35.73500061035156,35.837501525878906,35.01499938964844,35.407501220703125,121517600,35.57625026702881,34.502099952697755,35.50606848542048,53.27815952226863,0.41418452726922794,0.6045401248587152
2017-04-12,35.400001525878906,35.537498474121094,35.252498626708984,35.45000076293945,81400000,35.59300022125244,34.60434997558594,35.500728702327045,54.12748235105102,0.36279536937161794,-0.3301381857442872
2017-04-13,35.477500915527344,35.595001220703125,35.26250076293945,35.26250076293945,71291600,35.597500228881835,34.66584999084473,35.478040327147276,49.824245145697915,0.3034415235045813,-0.12418181818181817
2017-04-17,35.369998931884766,35.470001220703125,35.217498779296875,35.45750045776367,66328400,35.62050018310547,34.732350006103516,35.47608414911074,53.926702699718206,0.269036730762771,-0.06961830005218006
2017-04-18,35.352500915527344,35.5099983215332,35.27750015258789,35.29999923706055,58790000,35.61725006103516,34.79294998168945,35.459314157486915,50.34614189871658,0.22645126322220932,-0.11365267366618226
2017-04-19,35.470001220703125,35.5,35.11249923706055,35.16999816894531,69313600,35.62775001525879,34.8448999786377,35.431760253816286,47.54033911709914,0.18013548392372059,0.17900323184214995
2017-04-20,35.30500030517578,35.72999954223633,35.290000915527344,35.61000061035156,93278400,35.64050006866455,34.89944999694824,35.448735525867264,56.39751105819093,0.1768952762786924,0.3457445580665266
2017-04-21,35.61000061035156,35.66999816894531,35.462501525878906,35.567501068115234,69283600,35.65737514495849,34.95060005187988,35.46004652989088,55.42413123322476,0.16895047459745172,-0.25723854611571384
2017-04-24,35.875,35.98749923706055,35.79499816894531,35.90999984741211,68537200,35.694875144958495,35.0067000579834,35.502899226797666,61.23128432643593,0.1881223932857239,-0.010773112251672878
2017-04-25,35.977500915527344,36.224998474121094,35.967498779296875,36.13249969482422,75486000,35.74050006866455,35.068750076293945,35.56286117613353,64.46959827179066,0.218748557940053,0.1013872758151777
2017-04-26,36.11750030517578,36.150001525878906,35.845001220703125,35.91999816894531,80164800,35.738999938964845,35.12070007324219,35.596874223067985,59.36907387647907,0.2232988665542166,0.0619823543438518
2017-04-27,35.97999954223633,36.040000915527344,35.82749938964844,35.9474983215332,56985200,35.73487491607666,35.16455001831055,35.630266994350386,59.81218433511682,0.22651295109877623,-0.2891493523341916
2017-04-28,36.022499084472656,36.07500076293945,35.817501068115234,35.912498474121094,83441600,35.73137493133545,35.20525001525879,35.65714618289998,58.93130370801274,0.2236577537136455,0.46426791517797605
2017-05-01,36.275001525878906,36.79999923706055,36.2400016784668,36.64500045776367,134411600,35.76787490844727,35.26139999389648,35.75122754241081,69.16617059142511,0.2773051760675642,0.6108463883722268
2017-05-02,36.8849983215332,37.022499084472656,36.709999084472656,36.877498626708984,181408800,35.81549987792969,35.32034996032715,35.85849145520111,71.58658706513222,0.3347233218610839,0.3496513693758574
2017-05-03,36.397499084472656,36.872501373291016,36.067501068115234,36.76499938964844,182788000,35.84412479400635,35.37214996337891,35.94482554419609,68.77340471707558,0.36692023971885845,0.007602718280480314
2017-05-04,36.630001068115234,36.78499984741211,36.45249938964844,36.63249969482422,93487600,35.8754997253418,35.41924995422363,36.01031832044639,65.5081895353218,0.3773945417044331,-0.4885462940674442
2017-05-05,36.689998626708984,37.244998931884766,36.689998626708984,37.2400016784668,109310800,35.94174976348877,35.48139999389648,36.127431021210235,72.05845869996543,0.42976180786171625,0.16925453215185748
2017-05-08,37.25749969482422,38.42499923706055,37.25749969482422,38.252498626708984,195009600,36.06262474060058,35.56314994812012,36.329818412210116,79.16145091509476,0.5466617096069797,0.7839920666576403
2017-05-09,38.467498779296875,38.720001220703125,38.36249923706055,38.497501373291016,156521600,36.19787483215332,35.64845001220703,36.536264408503534,80.45613370838332,0.651564567287366,-0.1973646425611867
2017-05-10,38.407501220703125,38.48500061035156,38.02750015258789,38.314998626708984,103222800,36.34324970245361,35.72979995727539,36.70566766738025,76.6365588189499,0.711769555004345,-0.34052041379592335
2017-05-11,38.11249923706055,38.51750183105469,38.07749938964844,38.48749923706055,109020400,36.495124626159665,35.80059997558594,36.875365912111704,77.71352760708226,0.7645881034145887,0.0561658858314249
2017-05-12,38.67499923706055,39.10499954223633,38.66749954223633,39.025001525878906,130108000,36.68324966430664,35.88629997253418,37.08009311342287,80.6990441955688,0.8401345777338918,0.19342801897626494
2017-05-15,39.002498626708984,39.162498474121094,38.76250076293945,38.92499923706055,104038800,36.856624603271484,35.96589996337891,37.25579845853122,78.5896496669749,0.8817718371069887,-0.20036584990930606
2017-05-16,38.98500061035156,39.01499938964844,38.68000030517578,38.86750030517578,80194000,37.03499965667724,36.04654998779297,37.409293872497365,77.33790330309094,0.8997581302306372,-0.22919141704825507
2017-05-17,38.400001525878906,38.64250183105469,37.4275016784668,37.5625,203070800,37.15462474822998,36.100199966430665,37.42388493225952,55.66673752511952,0.7994937129746802,1.5322443075541812
2017-05-18,37.817501068115234,38.334999084472656,37.782501220703125,38.1349983215332,134272800,37.28087463378906,36.16789993286133,37.49161001695225,60.84964939442259,0.7574973124209592,-0.33878824528194107
2017-05-19,38.345001220703125,38.494998931884766,38.157501220703125,38.26499938964844,107843200,37.41574954986572,36.23979995727539,37.56526614768522,61.93781558289094,0.7263321571653094,-0.19683509988620185
2017-05-22,38.5,38.64500045776367,38.227500915527344,38.497501373291016,91865600,37.54512462615967,36.31404998779297,37.65405045488578,63.871873342032046,0.7121848899802075,-0.1481558410729652
2017-05-23,38.724998474121094,38.724998474121094,38.32749938964844,38.45000076293945,79675600,37.66099967956543,36.387050018310546,37.729855246128984,63.165695278855694,0.6891955591378434,-0.13269384840462584
2017-05-24,38.459999084472656,38.54249954223633,38.16749954223633,38.334999084472656,76712000,37.7817497253418,36.45879997253418,37.78748799263791,61.39585809883729,0.6541559716299474,-0.03719582908694752
2017-05-25,38.432498931884766,38.587501525878906,38.25749969482422,38.467498779296875,76942400,37.90774974822998,36.52584991455078,37.85225092470066,62.69285642139484,0.6298183106723627,0.0030034414433204315
2017-05-26,38.5,38.560001373291016,38.32749938964844,38.40250015258789,87710400,38.03224983215332,36.59044990539551,37.90465561307087,61.59951255491619,0.5983878504049045,0.13994884485017356
2017-05-30,38.35499954223633,38.60749816894531,38.33250045776367,38.41749954223633,80507600,38.12087478637695,36.65884986877441,37.95349789203901,61.76522356328472,0.5681401436669731,-0.08212025027818826
2017-05-31,38.49250030517578,38.54249954223633,38.095001220703125,38.189998626708984,97804800,38.186499786376956,36.71534980773926,37.976021771531386,57.69824860491248,0.5198190451987017,0.21485176554760055
2017-06-01,38.29249954223633,38.33250045776367,38.05500030517578,38.29499816894531,65616400,38.2629997253418,36.78204978942871,38.006400476047,59.03881680752919,0.4844128028142194,-0.3291085918073551
2017-06-02,38.39500045776367,38.86249923706055,38.22249984741211,38.86249923706055,111082800,38.37449970245361,36.8521997833252,38.08793369138162,65.41774651123987,0.4964232359772893,0.6929121378192038
2017-06-05,38.584999084472656,38.61249923706055,38.3650016784668,38.48249816894531,101326800,38.43662452697754,36.91724975585937,38.1255112606734,58.813063995122086,0.46986239913599803,-0.08782637816115546
2017-06-06,38.474998474121094,38.95249938964844,38.44499969482422,38.61249923706055,106499600,38.454624557495116,36.986299743652346,38.171891067948366,60.290135625549816,0.45406852500303074,0.05105065984517432
2017-06-07,38.755001068115234,38.994998931884766,38.619998931884766,38.842498779296875,84278400,38.47187442779541,37.05874969482422,38.23575846902918,62.82993891423668,0.4548673788378963,-0.20865054892224943
2017-06-08,38.8125,38.8849983215332,38.599998474121094,38.747501373291016,85003200,38.49349956512451,37.11469970703125,38.28449588848269,61.09191839777559,0.44273144698910727,0.008600068344913891
2017-06-09,38.79750061035156,38.79750061035156,36.505001068115234,37.244998931884766,259530800,38.43137454986572,37.138999710083006,38.1854961783305,41.52611495648001,0.3083201210467976,2.053188585841474
2017-06-12,36.435001373291016,36.522499084472656,35.627498626708984,36.35499954223633,289229200,38.297874450683594,37.14644973754883,38.011163165369155,34.48147281012125,0.1285013802249253,0.11443111954342222
2017-06-13,36.790000915527344,36.86249923706055,36.287498474121094,36.647499084472656,136661600,38.1839994430542,37.161099700927736,37.88129039575996,38.19253902602396,0.00948664499900076,-0.5274972236551496
2017-06-14,36.875,36.875,35.959999084472656,36.290000915527344,126124800,38.05512447357178,37.16839973449707,37.72973901669019,35.54270672559835,-0.11238500029328691,-0.07710139497854551
2017-06-15,35.83000183105469,36.119998931884766,35.5525016784668,36.0724983215332,128661600,37.98062438964844,37.16599967956543,37.57190656953238,33.99724284840809,-0.22393837660679594,0.02011341147815493
2017-06-16,35.94499969482422,36.125,35.54999923706055,35.567501068115234,201444400,37.85224952697754,37.15724967956543,37.38101080749265,30.66344982675581,-0.3490704224059158,0.5656917059946402
2017-06-19,35.915000915527344,36.685001373291016,35.915000915527344,36.584999084472656,130165600,37.76824951171875,37.17064964294433,37.30520016720503,42.82826572459868,-0.36196240658576073,-0.353838577791192
2017-06-20,36.717498779296875,36.717498779296875,36.23500061035156,36.252498626708984,99600400,37.65599937438965,37.17899963378906,37.204942877633975,40.33770110461452,-0.39446228932222027,-0.2348178013238521
2017-06-21,36.380001068115234,36.51750183105469,36.15250015258789,36.467498779296875,85063200,37.55687427520752,37.19249961853027,37.13471010636378,42.6596819217438,-0.39827885434438315,-0.14595523712756175
2017-06-22,36.442501068115234,36.67499923706055,36.279998779296875,36.407501220703125,76425200,37.460499382019044,37.21249961853027,37.06545211725324,42.166501634921346,-0.401516380282672,-0.10154802546812247
2017-06-23,36.282501220703125,36.790000915527344,36.27750015258789,36.56999969482422,141757600,37.36562442779541,37.23489959716797,37.01826617226,44.05303722496737,-0.38651437696788093,0.8548541580525795
2017-06-26,36.79249954223633,37.06999969482422,36.345001220703125,36.45500183105469,102769600,37.26824951171875,37.258749618530274,36.964621949288066,42.984420939277385,-0.37952956718471853,-0.2750328730170375
2017-06-27,36.252498626708984,36.540000915527344,35.904998779296875,35.932498931884766,99047600,37.14399948120117,37.268249588012694,36.866324519059184,38.42374476957174,-0.41141315754838104,-0.03621693574753626
2017-06-28,36.122501373291016,36.52750015258789,35.790000915527344,36.45750045776367,88329600,37.05737457275391,37.29139961242676,36.8273888941739,44.76518107740683,-0.38982424585380926,-0.10821059773280728
2017-06-29,36.1775016784668,36.282501220703125,35.56999969482422,35.91999816894531,125997600,36.93862457275391,37.30639961242676,36.74097072986642,40.20050177790515,-0.4113450902626212,0.42644821215085327
2017-06-30,36.11249923706055,36.2400016784668,35.94499969482422,36.005001068115234,92096400,36.79574966430664,37.31429962158203,36.67087838112821,41.22127250849423,-0.41673759930710474,-0.269062267852721
2017-07-03,36.220001220703125,36.32500076293945,35.775001525878906,35.875,57111200,36.665374755859375,37.320449600219725,36.59508044006838,40.09405300456261,-0.4265838087009257,-0.3798758691979274
2017-07-05,35.92250061035156,36.1974983215332,35.68000030517578,36.022499084472656,86278400,36.53587474822998,37.32269958496094,36.5405488823926,42.03096659555358,-0.4176704126418471,0.5107089327487428
2017-07-06,35.755001068115234,35.875,35.602500915527344,35.682498931884766,96515200,36.377874755859374,37.31369956970215,36.458829839487095,38.908090877178346,-0.43304972519354834,0.11864846821452413
2017-07-07,35.724998474121094,36.1875,35.724998474121094,36.04499816894531,76806800,36.24274959564209,37.31619956970215,36.419417299435494,43.71015590974132,-0.4112466864848514,-0.20419996021352083
2017-07-10,36.02750015258789,36.48749923706055,35.842498779296875,36.26499938964844,84362400,36.193749618530276,37.32254959106445,36.404710831836724,46.46070659640389,-0.3719280067967716,0.09837149835691639
2017-07-11,36.182498931884766,36.462501525878906,36.095001220703125,36.38249969482422,79127200,36.19512462615967,37.331949615478514,36.40259548545458,47.92430939799737,-0.3275110339012386,-0.062056081856372014
2017-07-12,36.467498779296875,36.54499816894531,36.20500183105469,36.435001373291016,99538000,36.184499740600586,37.32774963378906,36.40568176048662,48.60043736034547,-0.2847909237048114,0.2579492260562739
2017-07-13,36.375,37.122501373291016,36.36000061035156,36.942501068115234,100797600,36.21712474822998,37.32904968261719,36.456807408832205,54.72033731983203,-0.2075909651466432,0.012654463621933232
2017-07-14,36.99250030517578,37.33250045776367,36.83250045776367,37.2599983215332,80528400,36.27649974822998,37.33894966125488,36.53330178147039,58.08286136716054,-0.11941354189939091,-0.2010881211457416
2017-07-17,37.20500183105469,37.724998474121094,37.14250183105469,37.38999938964844,95174000,36.36762466430664,37.354099655151366,36.6148920298683,59.41194434121345,-0.038597372475408065,0.18186875686093362
2017-07-18,37.29999923706055,37.532501220703125,37.16749954223633,37.52000045776367,71475200,36.41437473297119,37.3596996307373,36.701092832525006,60.752118884881185,0.03553045085428863,-0.24900498035177676
2017-07-19,37.619998931884766,37.85499954223633,37.48749923706055,37.755001068115234,83692000,36.4894998550415,37.34974967956543,36.80146504543836,63.12256750743003,0.11194938732748483,0.1709236210601719
2017-07-20,37.875,37.935001373291016,37.54750061035156,37.584999084472656,68974800,36.54537487030029,37.331499633789065,36.8760873348702,60.285954095317514,0.15698458515890934,-0.17584954356449845
2017-07-21,37.497501373291016,37.61000061035156,37.220001220703125,37.567501068115234,105010400,36.6033748626709,37.316549682617186,36.94193626184592,59.987145418060045,0.18908372078568192,0.5224458787847155
2017-07-24,37.64500045776367,38.11000061035156,37.474998474121094,38.022499084472656,85972800,36.67599983215332,37.30724967956543,37.044847006857985,64.86395017819783,0.24837395403988438,-0.1812925195980588
2017-07-25,37.95000076293945,38.459999084472656,37.95000076293945,38.185001373291016,75415600,36.76249980926514,37.290449676513674,37.153433136994465,66.43730723817032,0.30495908912723735,-0.12279697764874475
2017-07-26,38.337501525878906,38.48249816894531,38.26499938964844,38.3650016784668,63124000,36.88412494659424,37.2792497253418,37.268820617134686,68.13918990614636,0.3601758536213566,-0.16298484663650492
2017-07-27,38.4375,38.497501373291016,36.82500076293945,37.63999938964844,129905200,36.94324989318848,37.25469970703125,37.30417097642171,55.854091727038,0.3414973428933905,1.0579367593942082
2017-07-28,37.47249984741211,37.557498931884766,37.29750061035156,37.375,68854800,37.015999984741214,37.25094970703125,37.31091659771488,52.152830570227216,0.3018319220047232,-0.46996117168519813
2017-07-31,37.474998474121094,37.58250045776367,37.032501220703125,37.182498931884766,79383600,37.07487487792969,37.23189971923828,37.2986863438263,49.582459893013485,0.25195913471234377,0.1529130866693389
2017-08-01,37.275001525878906,37.55500030517578,37.102500915527344,37.51250076293945,141474400,37.15674991607666,37.2168497467041,37.319049621837074,53.78727888007886,0.2363386168356385,0.7821615547795766
2017-08-02,39.81999969482422,39.9375,39.040000915527344,39.28499984741211,279747200,37.319874954223636,37.23259971618652,37.50628297665374,68.82603809285419,0.362802940145599,0.9773697573553943
2017-08-03,39.26250076293945,39.3025016784668,38.755001068115234,38.89250183105469,108389200,37.480375099182126,37.24144973754883,37.63830381993002,63.86948239402519,0.4264397854209534,-0.6125458985827203
2017-08-04,39.01750183105469,39.349998474121094,38.92250061035156,39.09749984741211,82239600,37.633000183105466,37.25669975280762,37.777274870166416,65.27602698907981,0.4877911180906054,-0.2412565089510763
2017-08-07,39.26499938964844,39.72999954223633,39.16749954223633,39.70249938964844,87481200,37.804875183105466,37.28139976501465,37.96062958630756,69.09931880395644,0.5785616001259584,0.06373571855894244
2017-08-08,39.650001525878906,40.45750045776367,39.567501068115234,40.02000045776367,144823600,37.98675022125244,37.31374977111816,38.156760145493855,70.90954709438054,0.6684125006001622,0.6554825493934697
2017-08-09,39.814998626708984,40.317501068115234,39.77750015258789,40.26499938964844,104526000,38.17825012207031,37.350699768066406,38.35754483541334,72.25998811325287,0.750735343109497,-0.2782529919156822
2017-08-10,39.974998474121094,40.0,38.657501220703125,38.83000183105469,163217200,38.27262516021729,37.36349983215332,38.402540739760134,55.893424242280915,0.6922051684001076,0.5614985745173449
2017-08-11,39.150001525878906,39.64250183105469,39.01750183105469,39.369998931884766,105028400,38.37812519073486,37.38499984741211,38.494679615200575,59.60150950052106,0.6815365077293407,-0.35651144609759267
2017-08-14,39.83000183105469,40.0525016784668,39.6875,39.962501525878906,88490800,38.50675029754639,37.40699989318848,38.63447217812232,63.25209454566077,0.7126762368360602,-0.1574583636425957
2017-08-15,40.165000915527344,40.54999923706055,40.03499984741211,40.400001525878906,117862000,38.65075035095215,37.44534996032715,38.80261783028962,65.71566796502356,0.7638520788787986,0.33191246999688095
2017-08-16,40.48500061035156,40.627498626708984,40.037498474121094,40.23749923706055,110686400,38.774875259399415,37.47784996032715,38.93927320236304,63.999439125484095,0.7822790992757334,-0.06088136973748959
2017-08-17,40.130001068115234,40.1775016784668,39.459999084472656,39.46500015258789,111762400,38.86887531280517,37.490299987792966,38.98934243571779,56.451859623745904,0.7261775033977287,0.009721158154931464
2017-08-18,39.46500015258789,39.875,39.18000030517578,39.375,109712400,38.95925025939941,37.50284996032715,39.02607172755419,55.62874419923543,0.6667682351569795,-0.01834248369755842
2017-08-21,39.375,39.47249984741211,38.77750015258789,39.3025016784668,105474000,39.02325038909912,37.54400001525879,39.052398389545864,54.93389230064861,0.6068406718813009,-0.038631913986021615
2017-08-22,39.557498931884766,40.0,39.505001068115234,39.94499969482422,86418400,39.11125030517578,37.615800018310544,39.13740803766761,59.73408910230271,0.6042267170940363,-0.18066632535032334
2017-08-23,39.76750183105469,40.11750030517578,39.720001220703125,39.994998931884766,77596400,39.19275016784668,37.68275001525879,39.21908336092639,60.09034595413674,0.5992815153926756,-0.10208474121251954
2017-08-24,40.10749816894531,40.185001373291016,39.63750076293945,39.817501068115234,79275600,39.30162525177002,37.75330001831055,39.27607552351581,58.12428158672415,0.574418276888423,0.021640179183570307
2017-08-25,39.912498474121094,40.13999938964844,39.817501068115234,39.96500015258789,101920400,39.431125259399415,37.83115005493164,39.34168739295124,59.31553062062196,0.5601587631249245,0.2856465293230199
2017-08-28,40.03499984741211,40.5,39.98249816894531,40.36750030517578,103864000,39.59037532806396,37.92715003967285,39.43938386078215,62.45431665597456,0.574711478039454,0.019069783870550028
2017-08-29,40.025001525878906,40.779998779296875,40.0,40.727500915527344,118067600,39.75112533569336,38.01000007629395,39.562061675519786,65.05139344742504,0.6082817566126195,0.13675190633905876
2017-08-30,40.95000076293945,40.97249984741211,40.65250015258789,40.837501525878906,109078400,39.828750419616696,38.101700134277344,39.68353213745875,65.8291735033907,0.63642624855283,-0.07613604409677166
2017-08-31,40.90999984741211,41.130001068115234,40.869998931884766,41.0,107140400,39.93412532806396,38.192350158691404,39.80891002912934,66.99762583016943,0.6641868968854183,-0.01776703728694229
2017-09-01,41.20000076293945,41.23500061035156,40.907501220703125,41.01250076293945,66364400,40.02987537384033,38.284450149536134,39.92353771806364,67.09085333293967,0.6793648230000144,-0.3805847280764305
2017-09-05,40.9375,41.0625,40.13999938964844,40.52000045776367,117874000,40.0707504272461,38.36345016479492,39.98034369327317,59.91034256104317,0.6442265376569765,0.7761631236024134
2017-09-06,40.6775016784668,40.747501373291016,40.130001068115234,40.477500915527344,86606800,40.093625450134276,38.443900146484374,40.02769200015452,59.32033436542059,0.6059646521795301,-0.2652595143967287
2017-09-07,40.522499084472656,40.560001373291016,40.09000015258789,40.314998626708984,87714000,40.0961254119873,38.53155014038086,40.05505453601685,57.00850484086807,0.5561186658492474,0.012784215558131695
2017-09-08,40.21500015258789,40.287498474121094,39.63249969482422,39.657501220703125,114446000,40.13750038146973,38.59555015563965,40.017192315510776,48.73299819810336,0.45827807248062413,0.3047632076977449
2017-09-11,40.125,40.51250076293945,39.97249984741211,40.375,126323200,40.18775043487549,38.68465019226074,40.05126923784308,56.204328496122656,0.43363616465731525,0.10377994862205764
2017-09-12,40.65250015258789,40.9900016784668,39.692501068115234,40.21500015258789,286856000,40.200375366210935,38.7688501739502,40.066862658294966,54.303804492676726,0.39662458335367035,1.2708101124734017
2017-09-13,39.967498779296875,39.9900016784668,39.477500915527344,39.912498474121094,179629600,40.17600021362305,38.84960014343262,40.052161307421265,50.805879646200786,0.3389757793964421,-0.3737987003932287
2017-09-14,39.747501373291016,39.849998474121094,39.522499084472656,39.56999969482422,95042800,40.14262523651123,38.920550155639646,40.00624115384059,47.106120293890996,0.26262452576072803,-0.4708956653023778
2017-09-15,39.61750030517578,40.24250030517578,39.5,39.970001220703125,196458400,40.16787528991699,39.00630020141602,40.00278973163702,51.54417636599894,0.23172124904205305,1.0670518966192075
2017-09-18,40.02750015258789,40.125,39.5,39.66749954223633,113077600,40.18250026702881,39.07875022888184,39.97085733264648,48.24723932245046,0.18073739408229983,-0.42441962267838895
2017-09-19,39.877498626708984,39.942501068115234,39.61000061035156,39.682498931884766,83242400,40.20150012969971,39.14710021972656,39.94339462781203,48.42340213002841,0.13992962547801113,-0.2638471279899821
2017-09-20,39.474998474121094,39.564998626708984,38.45750045776367,39.01750183105469,211805600,40.15512523651123,39.19980026245117,39.85521436145419,41.65375933835964,0.05331488561665765,1.5444436969621251
2017-09-21,38.95000076293945,38.95000076293945,38.1875,38.34749984741211,150046800,40.0727502822876,39.23805023193359,39.71162250297399,36.1675698551887,-0.06860069428741866,-0.29158246996302273
2017-09-22,37.8849983215332,38.067501068115234,37.63999938964844,37.97249984741211,186581600,39.98050022125244,39.25865020751953,39.545991773872856,33.507469090478935,-0.19325135439132168,0.24348936465156212
2017-09-25,37.497501373291016,37.95750045776367,37.290000915527344,37.63750076293945,177549200,39.86412525177002,39.26620025634766,39.36423072521253,31.293222031959957,-0.3154334070301914,-0.04840991823416674
2017-09-26,37.94499969482422,38.47999954223633,37.92250061035156,38.28499984741211,146640000,39.760000228881836,39.28410026550293,39.26144683208868,39.60116042546852,-0.3559130551280063,-0.17408808375368634
2017-09-27,38.45000076293945,38.68000030517578,38.3849983215332,38.557498931884766,102016800,39.651500129699706,39.30485023498535,39.194404174926404,42.73922227725805,-0.3618340711996737,-0.30430441898527005
2017-09-28,38.47249984741211,38.56999969482422,38.17499923706055,38.31999969482422,88022000,39.52562503814697,39.316150207519534,39.11112755777381,40.751924781109224,-0.3812953867911375,-0.13718132699712204
2017-09-29,38.3025016784668,38.532501220703125,38.0,38.529998779296875,105199200,39.40212497711182,39.33505020141602,39.055781959823626,43.26401224561542,-0.3754455459798933,0.195146667878485
2017-10-02,38.564998626708984,38.61249923706055,38.18000030517578,38.45249938964844,74795200,39.27412490844726,39.35275016784668,38.9983264769498,42.54705123170707,-0.3727660431398476,-0.2890136046661952
2017-10-03,38.502498626708984,38.772499084472656,38.477500915527344,38.619998931884766,64921200,39.17912483215332,39.364700164794925,38.9622952821817,44.68080653320748,-0.35305688463218843,-0.13201381906860332
2017-10-04,38.407501220703125,38.46500015258789,38.1150016784668,38.369998931884766,80655200,39.073749732971194,39.3684001159668,38.90588610596294,42.16380678819759,-0.3535348158910665,0.24235534771384382
2017-10-05,38.54499816894531,38.86000061035156,38.51250076293945,38.84749984741211,85135200,39.00037479400635,39.378050079345705,38.90032550991048,48.169540969120696,-0.3117891355430942,0.05554508574772621
2017-10-06,38.74250030517578,38.872501373291016,38.63999938964844,38.82500076293945,69630400,38.958749771118164,39.40175010681153,38.89315172448467,47.91705812495283,-0.277324052145282,-0.18211973425798023
2017-10-09,38.95249938964844,39.182498931884766,38.872501373291016,38.959999084472656,65051600,38.8879997253418,39.433450088500976,38.89951813972162,49.62328742443744,-0.23639200899454238,-0.06575863415979233
2017-10-10,39.01499938964844,39.5,38.775001525878906,38.974998474121094,62468000,38.825999641418456,39.4693000793457,38.90670674299776,49.81998661053201,-0.2004322858817602,-0.03971616378382703
2017-10-11,38.99250030517578,39.244998931884766,38.9375,39.13750076293945,67622400,38.78724975585938,39.501800079345706,38.92868712584935,52.00637287830215,-0.15701143948160023,0.08251264647499523
2017-10-12,39.087501525878906,39.342498779296875,38.932498931884766,39.0,64500400,38.75874977111816,39.49610008239746,38.935478828149414,50.02039879390681,-0.13217167550534725,-0.046168133636191544
2017-10-13,39.182498931884766,39.31999969482422,39.102500915527344,39.247501373291016,65576800,38.72262477874756,39.50320007324219,38.96519526102004,53.4651105444881,-0.09146039274853024,0.016688268599884593
2017-10-16,39.474998474121094,40.0,39.412498474121094,39.970001220703125,96486000,38.737749862670896,39.52065010070801,39.060891066704144,61.752346845303286,-0.0008864894532152334,0.47134352392919454
2017-10-17,39.94499969482422,40.217498779296875,39.807498931884766,40.11750030517578,75989200,38.75949993133545,39.52895011901855,39.16152051798716,63.19344146375787,0.08185238157031449,-0.2124328918185021
2017-10-18,40.10499954223633,40.1775016784668,39.900001525878906,39.939998626708984,65496800,38.80562477111816,39.52735008239746,39.23566129024638,60.25137493728684,0.1315838146418784,-0.13807751627862908
2017-10-19,39.1875,39.27000045776367,38.755001068115234,38.994998931884766,170336800,38.837999725341795,39.501950073242185,39.21274106564051,47.557057719801385,0.0936630664397029,1.600688888617459
2017-10-20,39.15250015258789,39.4375,38.9900016784668,39.0625,95896400,38.89249973297119,39.506600036621094,39.19843239272237,48.39345162178549,0.0682703937498701,-0.4370188943317005
2017-10-23,39.22249984741211,39.42250061035156,38.875,39.04249954223633,87937200,38.96274967193604,39.50005004882812,39.18358164505703,48.14842129777778,0.04600236132227309,-0.0829979019024697
2017-10-24,39.0724983215332,39.35499954223633,39.04999923706055,39.275001525878906,71028800,39.01224975585937,39.48630004882813,39.1922883003734,51.239250575243055,0.04657882052202211,-0.19227812575337855
2017-10-25,39.227500915527344,39.38750076293945,38.817501068115234,39.102500915527344,84828400,39.039499855041505,39.460350036621094,39.18373712086425,48.90977912493653,0.03273891712601085,0.1942817561327237
2017-10-26,39.307498931884766,39.45750045776367,39.19499969482422,39.352500915527344,68002000,39.09112491607666,39.44265007019043,39.19980986321312,52.29474940938628,0.041465614839957254,-0.19835809705240226
2017-10-27,39.8224983215332,40.900001525878906,39.67499923706055,40.76250076293945,177816800,39.202750015258786,39.46860008239746,39.34863756794896,65.98364915443358,0.16030884885566365,1.6148760330578513
2017-10-30,40.97249984741211,42.01750183105469,40.93000030517578,41.68000030517578,178803200,39.36412506103515,39.51470008850097,39.57067211435152,71.67858442246037,0.3247836099425925,0.005547282371519469
2017-10-31,41.974998474121094,42.412498474121094,41.73500061035156,42.2599983215332,144187200,39.54612503051758,39.573850021362304,39.82679841979739,74.5762365406673,0.4962120125555387,-0.19359832486219486
2017-11-01,42.467498779296875,42.48500061035156,41.40250015258789,41.72249984741211,134551200,39.71375007629395,39.609400024414064,40.00734141290356,67.66680425804097,0.5819898056978374,-0.06682978794234162
2017-11-02,41.650001525878906,42.125,41.31999969482422,42.02750015258789,165573600,39.87275009155273,39.65005004882813,40.199737483349686,69.39933325683023,0.666892775601724,0.2305620462693756
2017-11-03,43.5,43.564998626708984,42.779998779296875,43.125,237594400,40.08775005340576,39.71620002746582,40.47833391350686,74.6608685063881,0.8133621241735227,0.4349775568085734
2017-11-06,43.092498779296875,43.747501373291016,42.93000030517578,43.5625,140105200,40.31787509918213,39.788150024414065,40.7720640169824,76.4026852187754,0.953748512665122,-0.41031775159683903
2017-11-07,43.477500915527344,43.8125,43.400001525878906,43.70249938964844,97446000,40.554250144958495,39.85485000610352,41.05115310009345,76.948742396831,1.064036961937731,-0.30447977662499326
2017-11-08,43.665000915527344,44.060001373291016,43.58250045776367,44.060001373291016,97638000,40.80037517547608,39.921500015258786,41.33771007849322,78.32789889344158,1.1668381905537046,0.001970322024505977
2017-11-09,43.77750015258789,44.025001525878906,43.28499984741211,43.970001220703125,117930400,41.04887523651123,39.98415000915527,41.588404472989396,77.07764890950686,1.2269036630172891,0.20783301583399916
2017-11-10,43.77750015258789,43.845001220703125,43.567501068115234,43.66749954223633,100582000,41.2698751449585,40.0375,41.786413527203386,72.86762812155341,1.2358505099641377,-0.1471071072429162
2017-11-13,43.375,43.625,43.349998474121094,43.49250030517578,67928400,41.44600009918213,40.08709999084473,41.948897982248376,70.4696194059096,1.214816328291299,-0.3246465570380386
2017-11-14,43.2599983215332,43.369998931884766,42.79499816894531,42.834999084472656,99130000,41.581875038146975,40.133399963378906,42.03328856341259,62.18879867272221,1.1320422557759642,0.4593307070385877
2017-11-15,42.49250030517578,42.58000183105469,42.095001220703125,42.27000045776367,116632400,41.698375129699706,40.16924995422363,42.05583255335079,56.089390594773235,1.0092188924919938,0.17656007263189744
2017-11-16,42.79499816894531,42.967498779296875,42.57500076293945,42.775001525878906,94550000,41.88737525939941,40.21845001220703,42.12432483644871,59.87726555585329,0.9417736772047149,-0.18933332418779003
2017-11-17,42.7599983215332,42.84749984741211,42.40999984741211,42.537498474121094,87598000,42.06112518310547,40.27604995727539,42.16367470670322,57.37070645656318,0.859253408366996,-0.07352723426758334
2017-11-20,42.5724983215332,42.63999938964844,42.38999938964844,42.494998931884766,65049600,42.23375015258789,40.31844993591309,42.19522939481575,56.91159672176068,0.7814184375793687,-0.2574077033722231
2017-11-21,42.69499969482422,43.42499923706055,42.69499969482422,43.28499984741211,100525200,42.434250068664554,40.37984992980957,42.299017056967784,62.861131381040465,0.7745515854934766,0.545362308146399
2017-11-22,43.34000015258789,43.75,43.26250076293945,43.7400016784668,102355600,42.66612510681152,40.45639999389648,42.436253687586735,65.79090718880411,0.7966412168437174,0.018208369642636946
2017-11-24,43.775001525878906,43.875,43.662498474121094,43.74250030517578,56106800,42.88562507629395,40.539850006103514,42.56065812735712,65.80685928021796,0.8050686963360079,-0.4518443543880354
2017-11-27,43.76250076293945,43.77000045776367,43.334999084472656,43.522499084472656,82867200,43.02362499237061,40.610899963378905,42.65226202803479,63.02032059640881,0.7849468954680532,0.4769546650316896
2017-11-28,43.57500076293945,43.717498779296875,42.96500015258789,43.26750183105469,105715200,43.10300006866455,40.682900009155276,42.710856294989064,59.85657972507838,0.7398950267607489,0.27571825764596847
2017-11-29,43.157501220703125,43.22999954223633,41.790000915527344,42.369998931884766,166665600,43.10850009918213,40.73665000915528,42.67839368897913,50.287588661493935,0.6245704536031766,0.5765528514347984
2017-11-30,42.60749816894531,43.03499984741211,42.11000061035156,42.962501525878906,166108800,43.17050018310547,40.815550003051754,42.70545157820768,55.361080907897396,0.5743639954809225,-0.0033408213812567977
2017-12-01,42.48749923706055,42.91749954223633,42.125,42.76250076293945,159037200,43.20725021362305,40.9038500213623,42.71088483389642,53.380683357801274,0.5125285159144113,-0.04257209732416345
2017-12-04,43.119998931884766,43.154998779296875,42.407501220703125,42.45000076293945,130169600,43.17350025177002,40.99340003967285,42.686038731900524,50.34993560679994,0.433312359377517,-0.18151476509898312
2017-12-05,42.26499938964844,42.880001068115234,42.099998474121094,42.40999984741211,109400800,43.115875244140625,41.088850021362305,42.6597493143302,49.95892964372875,0.3631194302609302,-0.15955184620679486
2017-12-06,41.875,42.54999923706055,41.6150016784668,42.252498626708984,114240000,43.043375205993655,41.16819999694824,42.62096353455675,48.366260209646335,0.29142265701935344,0.04423368019246654
2017-12-07,42.25749969482422,42.61000061035156,42.227500915527344,42.33000183105469,102693200,42.956875228881835,41.24365005493164,42.593252896127986,49.224069662093356,0.2381115073104354,-0.10107492997198875
2017-12-08,42.622501373291016,42.75,42.20500183105469,42.342498779296875,93420800,42.87550010681152,41.3241000366211,42.56937155166788,49.370130252468726,0.19462689862550064,-0.09029224914599998
2017-12-11,42.29999923706055,43.22249984741211,42.1974983215332,43.16749954223633,141095200,42.85050010681152,41.416850051879884,42.626336122198204,57.9663470321014,0.22415181708545617,0.5103189011440707
2017-12-12,43.037498474121094,43.09749984741211,42.8650016784668,42.92499923706055,77636800,42.82212505340576,41.50630004882812,42.65478022837557,55.00981004273882,0.22538468535675094,-0.44975590948522703
2017-12-13,43.125,43.3849983215332,43.0,43.067501068115234,95273600,42.83375015258789,41.595250091552735,42.69408697501744,56.41657511861955,0.23514978878327497,0.22717062011829436
2017-12-14,43.099998474121094,43.282501220703125,42.912498474121094,43.05500030517578,81906000,42.873000144958496,41.68895011901856,42.72845967312776,56.250413685228544,0.23912352930992853,-0.14030749336647297
2017-12-15,43.407501220703125,43.54249954223633,43.1150016784668,43.49250030517578,160677200,42.90887508392334,41.78185012817383,42.80122544760852,60.62167683835561,0.2744120892175914,0.9617268576172686
2017-12-18,43.720001220703125,44.29999923706055,43.71500015258789,44.10499954223633,117684400,42.9872501373291,41.88745010375977,42.92539440900165,65.7770759550695,0.3477929560421842,-0.2675724993963051
2017-12-19,43.75749969482422,43.84749984741211,43.522499084472656,43.6349983215332,109745600,43.044250106811525,41.980950088500975,42.99297573400465,59.35546617322969,0.3638286608083021,-0.06745838870742427
2017-12-20,43.717498779296875,43.85499954223633,43.3125,43.587501525878906,93902400,43.05937519073486,42.073200149536135,43.04959723799268,58.73145819785669,0.368457133426908,-0.14436296307095686
2017-12-21,43.54249954223633,44.005001068115234,43.525001525878906,43.752498626708984,83799600,43.060000038146974,42.16550010681152,43.11654022739423,60.29313688829563,0.3810466498361649,-0.1075883044522824
2017-12-22,43.66999816894531,43.85499954223633,43.625,43.752498626708984,65397600,43.06049995422363,42.260550079345705,43.17710769399564,60.29313688829563,0.38656781910454896,-0.2195953202640586
2017-12-26,42.70000076293945,42.86750030517578,42.41999816894531,42.64250183105469,132742000,43.016500091552736,42.32845008850098,43.126192849906026,46.54948320973805,0.29794143732126344,1.0297686765263556
2017-12-27,42.525001525878906,42.69499969482422,42.4275016784668,42.650001525878906,85992800,42.98562507629394,42.382050094604494,43.08084129523678,46.637989280166096,0.22570773565570335,-0.35218092239080323
2017-12-28,42.75,42.962501525878906,42.619998931884766,42.77000045776367,65920800,43.00562515258789,42.43510009765625,43.05123740595363,48.11830310385712,0.17611477608910064,-0.23341489054897624
2017-12-29,42.630001068115234,42.647499084472656,42.30500030517578,42.307498931884766,103999600,42.97287502288818,42.48245010375977,42.98040517032802,43.14984818164315,0.09835817862533958,0.5776446887780489
2018-01-02,42.540000915527344,43.07500076293945,42.314998626708984,43.064998626708984,102223600,42.98799991607666,42.56385009765625,42.988461689983346,51.90843324321117,0.09674420266534156,-0.01707698875764907
2018-01-03,43.13249969482422,43.63750076293945,42.9900016784668,43.057498931884766,118071600,43.018374824523924,42.64375007629395,42.99503666540253,51.82330508386609,0.09377892729571613,0.15503269303761558
2018-01-04,43.1349983215332,43.36750030517578,43.02000045776367,43.25749969482422,89738400,43.06074981689453,42.72805007934571,43.02003314439507,53.99029797780986,0.10634147694378981,-0.23996625776223923
2018-01-05,43.36000061035156,43.842498779296875,43.26250076293945,43.75,94640000,43.13562488555908,42.817550048828124,43.089553797309826,58.89360825879905,0.15425983532090726,0.05462098722508979
2018-01-08,43.587501525878906,43.90250015258789,43.48249816894531,43.587501525878906,82271200,43.198499870300296,42.90725006103516,43.13697739050688,56.74481989159939,0.17708192061159167,-0.13069315300084527
2018-01-09,43.63750076293945,43.76499938964844,43.352500915527344,43.58250045776367,86336000,43.26049995422363,42.99185005187988,43.17940815881705,56.67628290490353,0.19254549857531345,0.04940732601444986
2018-01-10,43.290000915527344,43.57500076293945,43.25,43.5724983215332,95839600,43.28074989318848,43.048050003051756,43.216845317170964,56.529225634783536,0.20166869553050049,0.11007690882134913
2018-01-11,43.647499084472656,43.872501373291016,43.622501373291016,43.81999969482422,74670800,43.32549991607666,43.090849990844724,43.27428859123318,59.340581571340344,0.22626197995415254,-0.22087738262680567
2018-01-12,44.04499816894531,44.34000015258789,43.912498474121094,44.272499084472656,101672400,43.38574981689453,43.131100006103516,43.36935625725599,63.93311344430398,0.27904855604202794,0.3616085538121996
2018-01-16,44.474998474121094,44.84749984741211,44.03499984741211,44.04750061035156,118263600,43.43537483215332,43.1776000213623,43.43394143374128,60.2867563869663,0.2992769233486001,0.1631829287004143
2018-01-17,44.037498474121094,44.8125,43.76750183105469,44.775001525878906,137547200,43.49949989318848,43.232550048828124,43.5616614425163,66.86688347205416,0.3697490571112141,0.16305608826384455
2018-01-18,44.842498779296875,45.025001525878906,44.5625,44.814998626708984,124773600,43.53499984741211,43.26635002136231,43.68102688862989,67.18876874078244,0.42393925477365,-0.09286703037211952
2018-01-19,44.65250015258789,44.89500045776367,44.352500915527344,44.6150016784668,129700400,43.58400001525879,43.28740005493164,43.76997686861436,63.84859031980916,0.4456105732559763,0.039485916892676
2018-01-22,44.32500076293945,44.44499969482422,44.150001525878906,44.25,108434400,43.61712493896484,43.29835006713867,43.815693357317755,58.16537998924767,0.4283944003002631,-0.16396248585200968
2018-01-23,44.32500076293945,44.86000061035156,44.20500183105469,44.2599983215332,130756400,43.642499923706055,43.30235000610352,43.858008115814464,58.27494106696107,0.41082154514045754,0.20585718185372914
2018-01-24,44.3125,44.32500076293945,43.29999923706055,43.55500030517578,204420400,43.63262500762939,43.29404998779297,43.82915022908697,48.60828540851044,0.33613275366605677,0.5633682175404033
2018-01-25,43.627498626708984,43.73749923706055,42.63249969482422,42.77750015258789,166116000,43.63937492370606,43.27625,43.7289930789442,40.60803390781197,0.21176251736239493,-0.187380515838928
2018-01-26,43.0,43.0,42.51499938964844,42.877498626708984,156572000,43.65074977874756,43.263949966430665,43.64789836920751,41.93179410740257,0.11988528722687875,-0.057453827445881234
2018-01-29,42.540000915527344,42.540000915527344,41.76750183105469,41.9900016784668,202561600,43.61174983978272,43.247050018310546,43.49000344627982,34.56782650313342,-0.024261989089232827,0.29372812507983537
2018-01-30,41.38249969482422,41.842498779296875,41.17499923706055,41.74250030517578,184192800,43.583499908447266,43.23650001525879,43.32357457569849,32.8359631887883,-0.15666509872662004,-0.09068253805262205
2018-01-31,41.717498779296875,42.11000061035156,41.625,41.85749816894531,129915600,43.523124885559085,43.218149948120114,43.1839482512458,34.47852620470407,-0.24944075277171862,-0.29467601339466043
2018-02-01,41.79249954223633,42.154998779296875,41.689998626708984,41.94499969482422,188923200,43.46749992370606,43.20629997253418,43.06595315063422,35.76577436232449,-0.3123054226483717,0.4541994956725752
2018-02-02,41.5,41.70000076293945,40.025001525878906,40.125,346375200,43.310874938964844,43.15889999389648,42.78586237438334,24.836184400960207,-0.5031844938180683,0.8334180238319062
2018-02-05,39.775001525878906,40.970001220703125,39.0,39.122501373291016,290954000,43.07950000762939,43.07565002441406,42.436970850469784,21.024929918378746,-0.7269707278472595,-0.16000337206589843
2018-02-06,38.70750045776367,40.93000030517578,38.5,40.75749969482422,272975200,42.93799991607666,43.015999984741214,42.277021216598776,37.79170623215948,-0.7635900396526978,-0.061792585769571806
2018-02-07,40.772499084472656,40.849998474121094,39.76750183105469,39.8849983215332,206434400,42.75312480926514,42.93884994506836,42.04920951230682,33.68216754103584,-0.8531797520174678,-0.2437613380263115
2018-02-08,40.0724983215332,40.25,38.75749969482422,38.787498474121094,217562000,42.51387481689453,42.84414993286133,41.73857036581294,29.357621950262214,-1.00119812130459,0.05390380672988604
2018-02-09,39.26750183105469,39.47249984741211,37.560001373291016,39.102500915527344,282690400,42.27799987792969,42.76084991455078,41.487516132452406,32.05410566759552,-1.0806288640663197,0.2993555859938777
2018-02-12,39.625,40.97249984741211,39.377498626708984,40.6775016784668,243278000,42.098250007629396,42.72699996948242,41.41037189873949,43.638350296081036,-1.0049049821315705,-0.1394189544462776
2018-02-13,40.48749923706055,41.1875,40.412498474121094,41.084999084472656,130196800,41.95012493133545,42.6894499206543,41.37938401166646,46.194351950639216,-0.9016183301978202,-0.4648229597415303
2018-02-14,40.7599983215332,41.8849983215332,40.720001220703125,41.842498779296875,162579600,41.80349979400635,42.67104988098144,41.423490180012216,50.67259821040959,-0.7499935608028068,0.24872193479409632
2018-02-15,42.4474983215332,43.272499084472656,42.25,43.247501373291016,204588800,41.72512493133545,42.68699989318848,41.597205531753055,57.704233712533394,-0.5105723116327923,0.2583915817236604
2018-02-16,43.09000015258789,43.70500183105469,42.942501068115234,43.10749816894531,160704400,41.649749755859375,42.70094985961914,41.74104292577137,56.834816754673334,-0.3283414197621184,-0.21450050051615732
2018-02-20,43.01250076293945,43.564998626708984,42.85499954223633,42.962501525878906,135722000,41.58537483215332,42.71514991760254,41.8573723162578,55.8955215679934,-0.1933928301962382,-0.15545560669154046
2018-02-21,43.20750045776367,43.529998779296875,42.752498626708984,42.76750183105469,149886400,41.5107500076294,42.72389991760254,41.94405131766703,54.58889171232911,-0.10101550257137859,0.10436333092645267
2018-02-22,42.95000076293945,43.48749923706055,42.9275016784668,43.125,123967600,41.4892499923706,42.7395499420166,42.056522620746364,56.59228874118919,0.0010294428348558426,-0.17292296032195054
2018-02-23,43.41749954223633,43.912498474121094,43.3849983215332,43.875,135249600,41.54412498474121,42.753699951171875,42.22971094258004,60.52670601556009,0.14079651467353216,0.09100765038606862
2018-02-26,44.087501525878906,44.84749984741211,44.0525016784668,44.74250030517578,152648800,41.637375068664554,42.79004997253418,42.46902421520821,64.53124504460303,0.3178984156474982,0.12864511244395538
2018-02-27,44.775001525878906,45.119998931884766,44.540000915527344,44.59749984741211,155712400,41.76774997711182,42.82064994812012,42.671736180180005,63.373949305438835,0.44146370421692893,0.020069597664704952
2018-02-28,44.814998626708984,45.154998779296875,44.51250076293945,44.529998779296875,151128400,41.90712490081787,42.850149917602536,42.84871357057209,62.809241470224684,0.5278584894947045,-0.029438888617733694
2018-03-01,44.6349983215332,44.94499969482422,43.165000915527344,43.75,195208000,42.001749992370605,42.855299911499024,42.93455037337475,56.539716592335466,0.5273091053724741,0.291669864830171
2018-03-02,43.20000076293945,44.07500076293945,43.11249923706055,44.0525016784668,153816000,42.10712509155273,42.85424995422363,43.04102192624066,58.27905377095981,0.5450006436686721,-0.21204049014384652
2018-03-05,43.8025016784668,44.435001373291016,43.630001068115234,44.20500183105469,113605600,42.31112518310547,42.865650024414066,43.15187715527057,59.16628594461069,0.564815956287589,-0.26141883809226607
2018-03-06,44.477500915527344,44.5625,44.032501220703125,44.16749954223633,95154000,42.563375091552736,42.87724998474121,43.248603096886356,58.834933196699374,0.5709124892167594,-0.16241804981444574
2018-03-07,43.73500061035156,43.962501525878906,43.567501068115234,43.75749969482422,126814000,42.713375091552734,42.87735000610351,43.2970694395471,55.195525216553555,0.5364763093623921,0.3327237951110831
2018-03-08,43.869998931884766,44.279998779296875,43.76750183105469,44.23500061035156,95096400,42.93087520599365,42.88700004577637,43.38639621771895,58.42135196681681,0.5414739473605792,-0.25011118646206254
2018-03-09,44.4900016784668,45.0,44.34749984741211,44.994998931884766,128740800,43.24125022888184,42.93404998779297,43.53959647621094,62.988821603589926,0.5998454791639674,0.3537925725894986
2018-03-12,45.0724983215332,45.59749984741211,45.0525016784668,45.43000030517578,128828400,43.557625198364256,42.98964996337891,43.71963493611235,65.33600283590329,0.6734432791110478,0.0006804369710302627
2018-03-13,45.647499084472656,45.875,44.810001373291016,44.99250030517578,126774000,43.77337512969971,43.03409996032715,43.840860209356485,61.136603897165124,0.688530520903079,-0.01594679434037838
2018-03-14,45.08000183105469,45.130001068115234,44.45249938964844,44.61000061035156,117473600,43.949625205993655,43.080149993896484,43.91411167611792,57.647963075337216,0.6619917116555527,-0.07336204584536266
2018-03-15,44.625,45.060001373291016,44.51750183105469,44.662498474121094,90975200,44.09062519073486,43.112099990844726,43.98538660926108,58.00218615473285,0.6378429959742249,-0.22556897890249383
2018-03-16,44.662498474121094,44.779998779296875,44.404998779296875,44.505001068115234,157618800,44.153500175476076,43.141050033569336,44.03487370058052,56.47608407279589,0.5990903003490757,0.7325468919002103
2018-03-19,44.33000183105469,44.36750030517578,43.415000915527344,43.82500076293945,133787200,44.18937530517578,43.15240005493164,44.01488580175756,50.320054335681085,0.5076562233028241,-0.1511976997667791
2018-03-20,43.810001373291016,44.20000076293945,43.73500061035156,43.810001373291016,78597600,44.231750297546384,43.15360008239746,43.99537299904646,50.19009624431495,0.4290380495390522,-0.41251778944473017
2018-03-21,43.7599983215332,43.772499084472656,42.814998626708984,42.817501068115234,148219600,44.23425025939942,43.13820007324219,43.88319471991015,42.38897719115978,0.28337947823387566,0.885803128848718
2018-03-22,42.5,43.16999816894531,42.150001525878906,42.212501525878906,165963200,44.18862533569336,43.11080009460449,43.724081082383364,38.464284833020514,0.1177680474518894,0.11971156311311049
2018-03-23,42.09749984741211,42.47999954223633,41.23500061035156,41.23500061035156,164115200,44.05662536621094,43.06405014038086,43.48702579933271,33.12741044704423,-0.09130386505415089,-0.011134998602099766
2018-03-26,42.01750183105469,43.275001525878906,41.61000061035156,43.192501068115234,150164800,43.97912540435791,43.05150016784668,43.458975824931045,48.528884329916536,-0.09791226295033795,-0.08500370471473695
2018-03-27,43.41999816894531,43.787498474121094,41.72999954223633,42.084999084472656,163690400,43.85350036621094,43.00775016784668,43.32812089726834,42.55698692034073,-0.19032170999204823,0.0900717078836053
2018-03-28,41.8125,42.505001068115234,41.29750061035156,41.619998931884766,166674000,43.708000373840335,42.959200134277346,43.16544261485086,40.31383145959896,-0.29764739480391,0.018227092120246535
2018-03-29,41.95249938964844,42.9375,41.724998474121094,41.94499969482422,153594000,43.617750358581546,42.90260009765625,43.049209955800706,42.59145029325555,-0.35241648990858465,-0.07847654703193063
2018-04-02,41.65999984741211,42.23500061035156,41.11750030517578,41.66999816894531,150347200,43.49862518310547,42.839700088500976,42.91785645229067,41.16018522692571,-0.4132480509306973,-0.02113884656952747
2018-04-03,41.90999984741211,42.1875,41.220001220703125,42.09749984741211,121112000,43.39325008392334,42.789350051879886,42.83972725182605,44.294093580250866,-0.4220960283674131,-0.19445124352166188
2018-04-04,41.220001220703125,43.002498626708984,41.192501068115234,42.90250015258789,138422000,43.33000011444092,42.76240005493164,42.84570562332718,49.72429646243311,-0.36000144471130824,0.14292555650967698
2018-04-05,43.14500045776367,43.557498931884766,43.02000045776367,43.20000076293945,107732800,43.30212516784668,42.741200103759766,42.87944801757597,51.60196545837585,-0.28351701914401417,-0.22170753203970472
2018-04-06,42.74250030517578,43.119998931884766,42.04999923706055,42.095001220703125,140021200,43.19512519836426,42.712000122070314,42.80473879882617,44.895111448430754,-0.3085104723492478,0.2997081668721133
2018-04-09,42.470001220703125,43.272499084472656,42.462501525878906,42.51250076293945,116070800,43.071000289916995,42.70670013427734,42.7769066049322,47.66294808700402,-0.29127164203421785,-0.17104838410183598
2018-04-10,43.25,43.5,42.88249969482422,43.3125,113634400,42.965125274658206,42.71540016174316,42.827915499700566,52.57820852946911,-0.21062849803858796,-0.020990636749294356
2018-04-11,43.057498931884766,43.47999954223633,42.92499923706055,43.11000061035156,89726400,42.87100028991699,42.73780014038086,42.854780748333994,51.265756383370075,-0.16120002031551905,-0.21039403560893533
2018-04-12,43.352500915527344,43.75,43.2599983215332,43.53499984741211,91557200,42.81725025177002,42.77365013122559,42.91956351967477,53.86846025720947,-0.08673389469500847,0.02040425114570521
2018-04-13,43.69499969482422,43.959999084472656,43.462501525878906,43.682498931884766,100497200,42.7682502746582,42.810150146484375,42.992224035123336,54.771258876233965,-0.015636759396848277,0.09764387727016555
2018-04-16,43.75749969482422,44.04750061035156,43.70750045776367,43.95500183105469,86313600,42.740750312805176,42.85035018920898,43.08391715854537,56.46631789124023,0.06198244408275144,-0.14113428035805975
2018-04-17,44.122501373291016,44.73500061035156,44.102500915527344,44.560001373291016,106421600,42.77750034332276,42.93905021667481,43.22449660756877,60.04641403833604,0.1703509294479275,0.23296444592740895
2018-04-18,44.45249938964844,44.70500183105469,44.220001220703125,44.459999084472656,83018000,42.81000022888183,43.04580017089844,43.342163510131044,59.18008189582578,0.24533630172917498,-0.21991400242056125
2018-04-19,43.439998626708984,43.84749984741211,43.165000915527344,43.20000076293945,139235200,42.829125213623044,43.094650192260744,43.3286242008747,49.49126747687643,0.20077698311805392,0.6771688067647981
2018-04-20,42.650001525878906,42.80500030517578,41.35749816894531,41.43000030517578,261964400,42.79000015258789,43.125550231933595,43.1478028774748,39.66677609811667,0.022381161557049722,0.881452391349314
2018-04-23,41.70750045776367,41.72999954223633,41.022499084472656,41.310001373291016,146062000,42.79375019073486,43.17600028991699,42.972774162790635,39.10008307630377,-0.12721526484830292,-0.4424356897349411
2018-04-24,41.41749954223633,41.58250045776367,40.30500030517578,40.73500061035156,134768000,42.67087516784668,43.208650283813476,42.75965287208215,36.415464805306655,-0.28883970235366974,-0.07732332844956247
2018-04-25,40.654998779296875,41.35499954223633,40.602500915527344,40.912498474121094,113528400,42.6122501373291,43.213350219726564,42.58373340560967,37.83440582392105,-0.39801754086938246,-0.15760121096996316
2018-04-26,41.029998779296875,41.432498931884766,40.842498779296875,41.05500030517578,111852000,42.584000205993654,43.21275024414062,42.43813977699692,39.01113199547981,-0.46765225357254536,-0.014766349213060304
2018-04-27,41.0,41.08250045776367,40.157501220703125,40.58000183105469,142623200,42.515750312805174,43.18750030517578,42.26117425833576,36.529028431356295,-0.5547716104228897,0.27510639058756214
2018-04-30,40.532501220703125,41.814998626708984,40.459999084472656,41.314998626708984,169709600,42.49800033569336,43.14885025024414,42.17106229341892,42.6134510056657,-0.5580731101773964,0.18991580612410885
2018-05-01,41.602500915527344,42.29999923706055,41.317501068115234,42.275001525878906,214277600,42.5068754196167,43.13220031738281,42.18096126793892,49.43199746642591,-0.4777185199068086,0.2626133112092657
2018-05-02,43.807498931884766,44.4375,43.45000076293945,44.14250183105469,266157600,42.56887550354004,43.155800323486325,42.36777465490233,59.5105170950003,-0.2603441753228708,0.2421158347862773
2018-05-03,43.970001220703125,44.375,43.61000061035156,44.22249984741211,136272800,42.62000045776367,43.18490028381348,42.54441514942707,59.879402572901206,-0.08068814706109606,-0.4879995912196383
2018-05-04,44.5625,46.0625,44.54249954223633,45.95750045776367,224805200,42.813125419616696,43.24155029296875,42.86947089307817,66.918802604849,0.19939213057444505,0.6496703670871957
2018-05-07,46.29499816894531,46.91749954223633,46.1875,46.290000915527344,169805600,43.002000427246095,43.289850311279295,43.19523565712095,68.07485734810005,0.4430802235797344,-0.24465448308135218
2018-05-08,46.247501373291016,46.55500030517578,45.91749954223633,46.51250076293945,113611200,43.162000465393064,43.32525032043457,43.5111656671989,68.85910006031145,0.6467038714705495,-0.3309337265673217
2018-05-09,46.63750076293945,46.849998474121094,46.30500030517578,46.84000015258789,92844800,43.348500442504886,43.370100326538086,43.828197522950234,70.02624362289134,0.8249935312832264,-0.18278479586519636
2018-05-10,46.935001373291016,47.592498779296875,46.912498474121094,47.5099983215332,111957200,43.54725036621094,43.42970031738281,44.178845218053375,72.31249872530074,1.0087246738867037,0.20585320879575386
2018-05-11,47.372501373291016,47.51499938964844,46.86249923706055,47.147499084472656,104848800,43.72050037384033,43.49765029907226,44.461574157712356,69.23547832208254,1.112260818851702,-0.0634921202030776
2018-05-14,47.252498626708984,47.38249969482422,46.96500015258789,47.037498474121094,83115200,43.87462520599365,43.55735023498535,44.706900283084615,68.28592170502922,1.1719285667153017,-0.20728515729316888
2018-05-15,46.69499969482422,46.76750183105469,46.275001525878906,46.61000061035156,94780800,43.97712516784668,43.60545021057129,44.888147933300516,64.57905160161488,1.1712190972283594,0.14035459218049162
2018-05-16,46.51750183105469,47.1150016784668,46.5,47.04499816894531,76732400,44.10637512207031,43.66300018310547,45.093562241457164,66.56779506938872,1.1920166788317843,-0.19042253283365407
2018-05-17,47.0,47.227500915527344,46.59000015258789,46.747501373291016,69176000,44.28375015258789,43.722800216674806,45.25108025401277,63.92438058384752,1.1709949066018552,-0.0984773055449849
2018-05-18,46.79750061035156,46.95249938964844,46.532501220703125,46.57749938964844,73190800,44.54112510681152,43.76965019226074,45.37740588597807,62.399490579301826,1.1276187740331096,0.05803746964265066
2018-05-21,47.0,47.317501068115234,46.727500915527344,46.907501220703125,73603200,44.82100009918213,43.80790023803711,45.52312925118998,64.18547720410072,1.1071092005772485,0.005634587953677217
2018-05-22,47.095001220703125,47.220001220703125,46.69499969482422,46.790000915527344,60962800,45.12375011444092,43.83510025024414,45.64378369541259,63.03735067000944,1.0690505736610305,-0.17173709838702667
2018-05-23,46.587501525878906,47.125,46.439998626708984,47.09000015258789,80233600,45.432625198364256,43.877050247192386,45.78151859609595,64.77007904462704,1.0509812116698427,0.31610752786945473
2018-05-24,47.192501068115234,47.209999084472656,46.5525016784668,47.037498474121094,92936000,45.731750106811525,43.92560020446777,45.90113572733644,64.20284875349873,1.0206591421788858,0.15831771228014202
2018-05-25,47.057498931884766,47.412498474121094,46.912498474121094,47.14500045776367,69844000,46.060000038146974,43.975250244140625,46.019599034996176,64.8810437192466,0.9938467486269289,-0.2484720667986572
2018-05-29,46.900001525878906,47.1875,46.717498779296875,46.974998474121094,90056400,46.34300003051758,44.024650192260744,46.110589457769976,62.85310409914531,0.9479525869081584,0.28939350552660215
2018-05-30,46.93000030517578,47.0,46.69499969482422,46.875,74762000,46.57299995422363,44.08565017700195,46.18339046179188,61.63278597992216,0.8932156578606225,-0.16983135013169526
2018-05-31,46.80500030517578,47.057498931884766,46.53499984741211,46.717498779296875,109931200,46.70174980163574,44.14380012512207,46.23425792060188,59.66779065911035,0.8275873037318391,0.4704154517000616
2018-06-01,46.997501373291016,47.564998626708984,46.9375,47.560001373291016,93770000,46.86862487792969,44.23865013122558,46.36051920181037,65.92593620266443,0.8339460673543329,-0.14701194929192074
2018-06-04,47.90999984741211,48.35499954223633,47.837501525878906,47.95750045776367,105064800,46.968624877929685,44.35355010986328,46.5126126547583,68.41599932323162,0.8611336744540523,0.12045217020368981
2018-06-05,48.26750183105469,48.48500061035156,48.09000015258789,48.32749938964844,86264000,47.07049980163574,44.49540008544922,46.685459010462125,70.57175624681136,0.9021366013696621,-0.178944803587881
2018-06-06,48.407501220703125,48.52000045776367,47.97999954223633,48.494998931884766,83734400,47.169624710083006,44.60145004272461,46.857796145835714,71.519472894543,0.9373424295147714,-0.029323935824909553
2018-06-07,48.53499984741211,48.54999923706055,48.084999084472656,48.3650016784668,85388800,47.24587478637695,44.72705009460449,47.001339529895816,69.64487315563278,0.9438732270251435,0.019757710092864977
2018-06-08,47.79249954223633,48.0,47.442501068115234,47.92499923706055,106627200,47.26662483215332,44.85315010070801,47.08930712105436,63.57121490721014,0.9031336488139701,0.24872582821166245
2018-06-11,47.837501525878906,47.99250030517578,47.5525016784668,47.807498931884766,73234000,47.299624824523924,44.97040008544922,47.15770634113345,62.01584931511459,0.8515498107847606,-0.3131771255364485
2018-06-12,47.84749984741211,48.15250015258789,47.787498474121094,48.06999969482422,67644400,47.351249885559085,45.0984001159668,47.24459142243733,64.12744398527809,0.8223710833236026,-0.07632520414015354
2018-06-13,48.10499954223633,48.220001220703125,47.61000061035156,47.67499923706055,86553600,47.40449981689453,45.209950103759766,47.285582642877635,58.827847457124655,0.7586284987011069,0.27953829141806263
2018-06-14,47.88750076293945,47.89250183105469,47.55500030517578,47.70000076293945,86440400,47.437249946594235,45.3059001159668,47.32505103526447,59.058477809201136,0.7020368119735281,-0.0013078601005619417
2018-06-15,47.50749969482422,47.540000915527344,47.064998626708984,47.209999084472656,246876800,47.46037483215332,45.38610008239746,47.31409370661763,52.81423710971733,0.6106097233836465,1.8560349096024544
2018-06-18,46.970001220703125,47.30500030517578,46.79999923706055,47.185001373291016,73939600,47.49074993133545,45.48790008544922,47.30179919868176,52.50922271358543,0.5300261787430856,-0.7005000064809654
2018-06-19,46.28499984741211,46.58250045776367,45.86249923706055,46.42250061035156,134314000,47.46649990081787,45.56610008239746,47.21805647598365,44.13609115804359,0.4000244669099473,0.816536740799247
2018-06-20,46.587501525878906,46.79999923706055,46.432498931884766,46.625,82514800,47.4582498550415,45.63235008239746,47.161574906842354,46.572688495578674,0.3097663879595274,-0.38565748916717546
2018-06-21,46.8125,47.087501525878906,46.23500061035156,46.3650016784668,102847600,47.42199993133545,45.69745010375976,47.085710789854204,43.92368390101247,0.21478066070558555,0.24641397664418996
2018-06-22,46.529998779296875,46.537498474121094,46.17499923706055,46.22999954223633,108801600,47.38162498474121,45.75135009765625,47.004214480557266,42.56972033129769,0.12714459958846902,0.05789148215417761
2018-06-25,45.849998474121094,46.22999954223633,45.182498931884766,45.54249954223633,126652400,47.301499938964845,45.78855010986328,46.86500353405051,36.41382450607637,0.0021916217948430017,0.1640674401847031
2018-06-26,45.747501373291016,46.63249969482422,45.6349983215332,46.10749816894531,98276800,47.258124923706056,45.8316000366211,46.79286016594525,43.628391416557754,-0.05065987060564936,-0.22404312906822133
2018-06-27,46.307498931884766,46.81999969482422,46.00749969482422,46.040000915527344,101141200,47.21637496948242,45.86120002746582,46.72115928495307,43.0006995884276,-0.0968748108433033,0.02914624814808775
2018-06-28,46.025001525878906,46.5525016784668,45.95000076293945,46.375,69460800,47.199250030517575,45.899500045776364,46.68819173400516,47.070884264335625,-0.10525553721580394,-0.31322942579285196
2018-06-29,46.5724983215332,46.79750061035156,45.727500915527344,46.27750015258789,90950800,47.13512496948242,45.961050033569336,46.649078250060654,46.040429445177665,-0.11839990568051917,0.30938313408426055
2018-07-02,45.95500183105469,46.82500076293945,45.85499954223633,46.79499816894531,70925200,47.07699985504151,46.06834999084472,46.662975385192524,52.041535527834775,-0.0860670203445224,-0.22018058114936867
2018-07-03,46.9474983215332,46.98749923706055,45.8849983215332,45.97999954223633,55819200,46.9596248626709,46.16174995422363,46.59793006681574,43.78302936047132,-0.12476830239317138,-0.21298494752217834
2018-07-05,46.314998626708984,46.602500915527344,46.06999969482422,46.349998474121094,66416800,46.85237483978271,46.27404991149902,46.57431753417816,47.83060931413962,-0.12415237436191973,0.18985582021956593
2018-07-06,46.35499954223633,47.10749816894531,46.29999923706055,46.99250030517578,69940800,46.78374977111817,46.395649948120116,46.61414446474936,54.02135229436312,-0.0710012604713981,0.05305886462461307
2018-07-09,47.375,47.66999816894531,47.32500076293945,47.64500045776367,79026400,46.76974983215332,46.527449951171874,46.712321225988816,59.3031174109569,0.02350177552359156,0.12990414750760637
2018-07-10,47.6775016784668,47.81999969482422,47.54499816894531,47.587501525878906,63756400,46.75874996185303,46.66759994506836,46.79567173074025,58.66359552649143,0.09268797980778487,-0.19322656732433718
2018-07-11,47.125,47.44499969482422,46.90250015258789,46.970001220703125,75326000,46.70375003814697,46.78069999694824,46.81227453930815,52.15834838522378,0.09657813853713293,0.18146570383522276
2018-07-12,47.38249969482422,47.852500915527344,47.32749938964844,47.75749969482422,72164400,46.70787506103515,46.89034996032715,46.90229598269063,58.481505181213834,0.16134576922605248,-0.04197222738496664
2018-07-13,47.77000045776367,47.959999084472656,47.724998474121094,47.83250045776367,50055600,46.71450004577637,46.964149932861325,46.99088688507854,59.036798341468355,0.2162339080433,-0.30636712839017577
2018-07-16,47.880001068115234,48.162498474121094,47.60499954223633,47.727500915527344,60172400,46.7403751373291,47.03424995422363,47.061040602264136,57.86988198284097,0.24839719966710305,0.2021112522874564
2018-07-17,47.4375,47.967498779296875,47.29999923706055,47.86249923706055,62138000,46.77425003051758,47.07234992980957,47.13736999605427,58.99218267781241,0.2815347193275173,0.03266613929309781
2018-07-18,47.94499969482422,47.95000076293945,47.48249816894531,47.599998474121094,65573600,46.83312492370605,47.098549880981444,47.18142985110825,55.875280604575345,0.28334855883463916,0.055289838746017006
2018-07-19,47.42250061035156,48.13750076293945,47.42250061035156,47.970001220703125,81147200,46.90037498474121,47.12769989013672,47.25653188630776,59.15143638207798,0.3110565033742887,0.23749801749484556
2018-07-20,47.94499969482422,48.10749816894531,47.54249954223633,47.86000061035156,82704800,46.97512493133545,47.14809989929199,47.314005098121456,57.77796486330599,0.3204452260097952,0.019194747323382666
2018-07-23,47.66999816894531,47.9900016784668,47.38999938964844,47.90250015258789,63957600,47.058749961853025,47.155949935913085,47.370052246165876,58.181974502269455,0.32753954225863424,-0.22667608167845155
2018-07-24,48.11249923706055,48.415000915527344,48.01250076293945,48.25,74791600,47.19412498474121,47.17799995422363,47.45385679415008,61.43164086965198,0.3570859084322393,0.1693934731759792
2018-07-25,48.26499938964844,48.712501525878906,48.10749816894531,48.70500183105469,66839600,47.32400016784668,47.21135002136231,47.57301346433147,65.24047685772592,0.4124618581004498,-0.10632210034281919
2018-07-26,48.65250015258789,48.9900016784668,48.40250015258789,48.5525016784668,76304000,47.449625205993655,47.25020004272461,47.66629805615388,62.99499788575437,0.43898189927963926,0.14159869299038297
2018-07-27,48.747501373291016,48.79750061035156,47.525001525878906,47.744998931884766,96096000,47.51812515258789,47.2642000579834,47.67379337765205,52.65958737896357,0.3903408930769743,0.25938351855734965
2018-07-30,47.974998474121094,48.04999923706055,47.26750183105469,47.477500915527344,84118000,47.578125190734866,47.278800048828124,47.6550988574497,49.74781820003796,0.3264446402677166,-0.12464618714618714
2018-07-31,47.57500076293945,48.03499984741211,47.334999084472656,47.5724983215332,157492000,47.61700019836426,47.29870002746582,47.647232139743366,50.788509387638555,0.2802414473461923,0.872274661784636
2018-08-01,49.782501220703125,50.439998626708984,49.32749938964844,50.375,271742800,47.836750221252444,47.368050003051756,47.9070195550059,70.31767501378572,0.4644101173013695,0.7254387524445687
2018-08-02,50.14500045776367,52.095001220703125,50.087501525878906,51.84749984741211,249616000,48.111625289916994,47.46919998168946,48.28230339237792,75.76060763175477,0.720873762589143,-0.08142552442971807
2018-08-03,51.75749969482422,52.185001373291016,51.369998931884766,51.997501373291016,133789600,48.36187534332275,47.56735000610352,48.6361317715125,76.23861209114679,0.9255576660888281,-0.464018332158195
2018-08-06,52.0,52.3125,51.76750183105469,52.26750183105469,101701600,48.593000411987305,47.671950073242186,48.981976539087945,77.11348194270496,1.0969133800929356,-0.23983927001799843
2018-08-07,52.33000183105469,52.375,51.689998626708984,51.77750015258789,102349600,48.802500343322755,47.76460006713867,49.248216883230796,71.93692198639219,1.179577542012268,0.006371581174730689
2018-08-08,51.51250076293945,51.95249938964844,51.130001068115234,51.8125,90102000,49.0446252822876,47.86135009765625,49.4924343229231,72.08108793452294,1.2336924425459088,-0.11966436605516773
2018-08-09,52.38249969482422,52.44499969482422,51.79999923706055,52.220001220703125,93970400,49.267750358581544,47.968250122070316,49.75220259890215,73.77060692215682,1.2945382033899335,0.04293356418281502
2018-08-10,51.84000015258789,52.275001525878906,51.66749954223633,51.88249969482422,98444800,49.47025032043457,48.07155014038086,49.95508803660901,69.99271989729674,1.3005336127743803,0.047614993657577376
2018-08-13,52.32749938964844,52.73749923706055,51.92499923706055,52.217498779296875,103563600,49.694750213623045,48.16470008850098,50.17055572638881,71.55011460356916,1.3171335486571678,0.05199665193082814
2018-08-14,52.540000915527344,52.63999938964844,52.064998626708984,52.4375,82992000,49.92350025177002,48.254300079345704,50.38645518101845,72.55742446128325,1.332679082425905,-0.19863735907210645
2018-08-15,52.30500030517578,52.685001373291016,52.08250045776367,52.560001373291016,115230400,50.17150039672852,48.338950119018556,50.593459580282506,73.1279613486328,1.3394435949867258,0.38845189897821486
2018-08-16,52.9375,53.45249938964844,52.86750030517578,53.33000183105469,114001600,50.439500427246095,48.43565017700195,50.854082651784616,76.44316699034587,1.390903650233625,-0.010663852594454237
2018-08-17,53.36000061035156,54.48749923706055,53.290000915527344,54.39500045776367,141708000,50.766250419616696,48.55625015258789,51.19131291902072,80.1000039326367,1.5003277588940591,0.24303518547108105
2018-08-20,54.525001525878906,54.79499816894531,53.77750015258789,53.8650016784668,121150800,51.064375495910646,48.67505020141601,51.445949943729865,73.9478819686785,1.5266820410186526,-0.14506732153442292
2018-08-21,54.20000076293945,54.29750061035156,53.50749969482422,53.7599983215332,104639200,51.33987541198731,48.79410018920898,51.666335503520656,72.75561931935339,1.5215555607509827,-0.13628964893339546
2018-08-22,53.525001525878906,54.09000015258789,53.459999084472656,53.76250076293945,76072400,51.59275035858154,48.907950210571286,51.86597029013197,72.76688841025842,1.5003990480522944,-0.27300285170375915
2018-08-23,53.662498474121094,54.26250076293945,53.650001525878906,53.872501373291016,75532800,51.858750343322754,49.0319002532959,52.05706848852807,73.28989055599848,1.4754998455038475,-0.007093242752956419
2018-08-24,54.150001525878906,54.224998474121094,53.77750015258789,54.040000915527344,73905600,52.17350044250488,49.15870025634766,52.24591919586133,74.10538112218418,1.4525388970701698,-0.021542958820538916
2018-08-27,54.287498474121094,54.685001373291016,54.08250045776367,54.48500061035156,82100400,52.5238754272461,49.30420028686523,52.459165044860406,76.18562051298137,1.4534949513366584,0.11088198999805154
2018-08-28,54.752498626708984,55.1349983215332,54.72999954223633,54.92499923706055,91107200,52.89150047302246,49.459000244140626,52.694006396498516,78.06222464640035,1.472779557222097,0.1097047030221534
2018-08-29,55.037498474121094,55.872501373291016,54.852500915527344,55.744998931884766,109019200,53.1600004196167,49.64545021057129,52.98457711415435,81.05798237349842,1.536517847377894,0.19660356151873826
2018-08-30,55.8125,57.064998626708984,55.599998474121094,56.25749969482422,195175200,53.380500411987306,49.83810020446777,53.296284026599096,82.65245690671225,1.6098283310406813,0.7902828125687953
2018-08-31,56.627498626708984,57.217498779296875,56.5,56.907501220703125,173360400,53.62600040435791,50.0489501953125,53.640209473656626,84.4412887414716,1.7007716712335963,-0.11177034787206575
2018-09-04,57.102500915527344,57.29499816894531,56.657501220703125,57.09000015258789,109560400,53.86712532043457,50.26615020751953,53.968760966888176,84.91172602738916,1.767199881948386,-0.36801945542349923
2018-09-05,57.247501373291016,57.41749954223633,56.275001525878906,56.717498779296875,133332000,54.11412525177002,50.48965019226074,54.23054552045091,79.61994091530363,1.7693905371239538,0.21697255577745245
2018-09-06,56.557498931884766,56.837501525878906,55.32500076293945,55.775001525878906,137160000,54.31225032806397,50.683000259399414,54.37763656858691,68.0620985921212,1.6757579015942738,0.028710287102871046
2018-09-07,55.462501525878906,56.342498779296875,55.1775016784668,55.32500076293945,150479200,54.46750030517578,50.86870025634766,54.46786172995382,63.334778492569846,1.5474045462115313,0.09710702828813056
2018-09-10,55.23749923706055,55.462501525878906,54.11750030517578,54.58250045776367,158066000,54.60250034332275,51.03285026550293,54.47877970403095,56.37687011043241,1.369977767123146,0.05041759924295186
2018-09-11,54.502498626708984,56.07500076293945,54.13999938964844,55.962501525878906,142996000,54.789750480651854,51.22655029296875,54.62008654420694,64.24008875116797,1.3254414554121112,-0.09533992129869806
2018-09-12,56.23500061035156,56.25,54.959999084472656,55.26750183105469,197114800,54.93125057220459,51.396000366210934,54.68174514295435,58.51910061886313,1.220002016673476,0.3784637332512797
2018-09-13,55.880001068115234,57.087501525878906,55.64250183105469,56.602500915527344,166825600,55.133375549316405,51.608450393676755,54.86467426415177,64.97208029684862,1.2299852663755146,-0.15366273866802493
2018-09-14,56.4375,56.709999084472656,55.630001068115234,55.959999084472656,127997200,55.264875411987305,51.800650405883786,54.96899091370614,60.124327658440734,1.1725362673243112,-0.2327484510770529
2018-09-17,55.537498474121094,55.73749923706055,54.317501068115234,54.470001220703125,148780400,55.26862545013428,51.950200424194335,54.921468085801095,50.68045460934995,0.9953039026692565,0.1623723018941039
2018-09-18,54.4474983215332,55.462501525878906,54.279998779296875,54.560001373291016,126286800,55.30337543487549,52.08850044250488,54.88704268460966,51.17927752086523,0.8522836416482988,-0.1511865810281462
2018-09-19,54.625,54.904998779296875,53.82500076293945,54.592498779296875,108495200,55.345000457763675,52.228600387573245,54.85899088410368,51.37053435361621,0.7331104821634113,-0.1408824992002331
2018-09-20,55.060001373291016,55.56999969482422,54.787498474121094,55.00749969482422,106435200,55.40725040435791,52.38935035705566,54.87313458036278,53.85657174759747,0.6644921483963699,-0.018987015093755333
2018-09-21,55.19499969482422,55.34000015258789,54.3224983215332,54.415000915527344,384986800,55.43437538146973,52.522500381469726,54.82950280275941,49.931849721682944,0.5558939256048205,2.617100357776375
2018-09-24,54.20500183105469,55.314998626708984,54.157501220703125,55.1974983215332,110773600,55.49225025177002,52.66980033874512,54.86454999502358,54.63384609258929,0.5268963199013186,-0.7122664984877404
2018-09-25,54.9375,55.70500183105469,54.92499923706055,55.54750061035156,98217600,55.54537525177002,52.826200332641605,54.9295929107691,56.597254325661055,0.5260932920917583,-0.11334830681678665
2018-09-26,55.25,55.9375,54.939998626708984,55.10499954223633,95938800,55.55437526702881,52.971050338745115,54.94629830424217,53.447791183205595,0.48416954359255016,-0.023201544326067802
2018-09-27,55.95500183105469,56.61000061035156,55.8849983215332,56.23749923706055,120724800,55.579000282287595,53.14380035400391,55.06926982165344,59.63821008559377,0.5361475562518763,0.2583521995271987
2018-09-28,56.1974983215332,56.459999084472656,56.005001068115234,56.435001373291016,91717600,55.58787536621094,53.31310035705567,55.19933949323797,60.621667270656815,0.5865162829491979,-0.2402754032311505
2018-10-01,56.98749923706055,57.35499954223633,56.587501525878906,56.814998626708984,94403200,55.58325023651123,53.49220031738281,55.35321179166378,62.51420733600325,0.6496081855294591,0.029281184854379028
2018-10-02,56.8125,57.5,56.657501220703125,57.31999969482422,99152800,55.594750213623044,53.68055030822754,55.54052492529811,64.92667354064494,0.7319212065399441,0.050311853835463216
2018-10-03,57.51250076293945,58.36750030517578,57.44499969482422,58.01750183105469,114619200,55.659750366210936,53.87590034484863,55.776427487751114,67.99080388369758,0.8437116788082548,0.15598550923423238
2018-10-04,57.69499969482422,58.087501525878906,56.682498931884766,56.997501373291016,128168000,55.720875358581544,54.04175033569336,55.89272023875491,59.7676908026836,0.8403143008628646,0.11820707176459089
2018-10-05,56.9900016784668,57.102500915527344,55.14500045776367,56.0724983215332,134322000,55.75825023651123,54.192150268554684,55.909841960924275,53.45386388652052,0.754286888932235,0.04801510517445862
2018-10-08,55.5525016784668,56.20000076293945,55.04999923706055,55.942501068115234,118655600,55.82625026702881,54.3561003112793,55.91295235208532,52.61267738879476,0.6679204817175446,-0.11663316508092492
2018-10-09,55.90999984741211,56.817501068115234,55.5625,56.717498779296875,107564000,55.864000129699704,54.54090026855469,55.989575821343564,56.96104119821416,0.6544660429773117,-0.0934772568677753
2018-10-10,56.3650016784668,56.587501525878906,54.01250076293945,54.09000015258789,167962400,55.805125045776364,54.67125030517578,55.808663852890646,42.66632101291006,0.42686548350914677,0.561511286303968
2018-10-11,53.630001068115234,54.875,53.08000183105469,53.61249923706055,212497600,55.65562496185303,54.736000289916994,55.59950531804969,40.66886955264524,0.20559015182097795,0.2651498192452597
2018-10-12,55.10499954223633,55.720001220703125,54.209999084472656,55.52750015258789,161351600,55.63400001525879,54.809600296020506,55.592647683243804,50.64766659563045,0.18264698604671992,-0.24068977720218954
2018-10-15,55.290000915527344,55.45750045776367,54.317501068115234,54.34000015258789,123164000,55.627499961853026,54.85645027160645,55.47334791841943,45.53348893286863,0.06786077940253676,-0.23667320311667195
2018-10-16,54.73249816894531,55.747501373291016,54.189998626708984,55.537498474121094,116736000,55.67637481689453,54.92185020446777,55.47945749515292,50.91597055647429,0.0726821556366346,-0.052190575168068576
2018-10-17,55.57500076293945,55.65999984741211,54.834999084472656,55.29750061035156,91541600,55.71162490844726,54.992250213623045,55.462128268028984,49.85266394219407,0.056486171751402026,-0.21582373903508767
2018-10-18,54.46500015258789,54.935001373291016,53.25,54.005001068115234,130325200,55.661499977111816,55.036100234985355,55.32335424898958,44.46688082630371,-0.059952083057886796,0.42367186066225626
2018-10-19,54.51499938964844,55.314998626708984,54.35749816894531,54.82749938964844,132314800,55.68212490081787,55.08825019836426,55.27612997667138,48.294974468166366,-0.08488301963165412,0.015266425833223352
2018-10-22,54.9474983215332,55.84000015258789,54.73500061035156,55.162498474121094,115168400,55.68037490844726,55.1538501739502,55.26530792880945,49.81244344285899,-0.07672490314740088,-0.12958792213720616
2018-10-23,53.95750045776367,55.8125,53.67499923706055,55.682498931884766,155071200,55.68712482452393,55.223150177001955,55.305040405292814,52.15952064655176,-0.027977340574345533,0.34647351183137043
2018-10-24,55.650001525878906,56.057498931884766,53.6349983215332,53.772499084472656,163702000,55.620499801635745,55.24985015869141,55.159084089024226,44.01688632657436,-0.141830635895289,0.05565701432632242
2018-10-25,54.4275016784668,55.345001220703125,54.1875,54.95000076293945,119423200,55.55612487792969,55.29765014648437,55.139171391301865,49.27430136133473,-0.1354838742787905,-0.27048417245971335
2018-10-26,53.974998474121094,55.04750061035156,53.16749954223633,54.07500076293945,189033600,55.43812484741211,55.31255012512207,55.0378218076483,45.830035931901925,-0.19876793427408046,0.5828884169910034
2018-10-29,54.79750061035156,54.92250061035156,51.522499084472656,53.060001373291016,183742000,55.250374984741214,55.28585014343262,54.84945795675713,42.1495006709167,-0.32705291339591724,-0.027992907081069163
2018-10-30,52.787498474121094,53.79499816894531,52.317501068115234,53.32500076293945,146640000,55.050625038146975,55.27505012512207,54.70427155734592,43.42692259245601,-0.4026944367428271,-0.20192443752653177
2018-10-31,54.220001220703125,55.11249923706055,54.154998779296875,54.71500015258789,153435600,54.88549995422363,55.29415016174316,54.705293328321346,49.70088633301593,-0.346485485925939,0.04634206219312609
2018-11-01,54.76250076293945,55.59000015258789,54.20249938964844,55.55500030517578,233292800,54.81337490081787,55.33000015258789,54.78621780230748,53.086805938914445,-0.231490022419365,0.5204607014278304
2018-11-02,52.38750076293945,53.412498474121094,51.35749816894531,51.869998931884766,365314800,54.60324993133545,55.289950103759764,54.508482671791036,40.2775852565977,-0.43271602212922744,0.5659068775375837
2018-11-05,51.07500076293945,51.09749984741211,49.54249954223633,50.397499084472656,264654800,54.32599983215332,55.217100067138674,54.11696042537976,36.48881588593037,-0.7029048584803235,-0.2755431753654656
2018-11-06,50.47999954223633,51.18000030517578,50.42250061035156,50.942501068115234,127531600,54.03724994659424,55.146250076293946,53.814630962783134,38.78404926385496,-0.8631050152342752,-0.5181209636099553
2018-11-07,51.49250030517578,52.51499938964844,51.032501220703125,52.48749923706055,133697600,53.957124900817874,55.09750007629395,53.68823746509527,44.86685538637792,-0.8555342867896343,0.04834880139510522
2018-11-08,52.494998931884766,52.529998779296875,51.6875,52.122501373291016,101450400,53.88262500762939,55.02505012512207,53.53911974206629,43.76056451617883,-0.8689697646133183,-0.24119505510944106
2018-11-09,51.38750076293945,51.502498626708984,50.5625,51.11750030517578,137463200,53.66212501525879,54.9222501373291,53.30848931950529,40.77901957081661,-0.9497643721639903,0.3549793790857405
2018-11-12,49.75,49.962501525878906,48.4474983215332,48.54249954223633,204542000,53.37224998474121,54.75495010375977,52.85458553119396,34.3258226100116,-1.207654631281038,0.4879764184159834
2018-11-13,47.907501220703125,49.29499816894531,47.86249923706055,48.057498931884766,187531600,52.998250007629395,54.574300079345704,52.39772014078356,33.258274489324606,-1.434632465531486,-0.08316336009230374
2018-11-14,48.474998474121094,48.619998931884766,46.48249816894531,46.70000076293945,243204000,52.56837501525879,54.37395011901855,51.855080200036504,30.407703990944512,-1.704405466349769,0.29686943427134405
2018-11-15,47.09749984741211,47.99250030517578,46.724998474121094,47.852500915527344,185915200,52.2607500076294,54.215500106811525,51.47388217294039,35.46495071061429,-1.8044053212989581,-0.23555862568049868
2018-11-16,47.625,48.74250030517578,47.3650016784668,48.38249969482422,147713200,51.938500022888185,54.07665008544922,51.17946479407219,37.706828726590416,-1.8199106574970187,-0.20548077833334766
2018-11-19,47.5,47.67499923706055,46.247501373291016,46.46500015258789,167701200,51.503625106811526,53.9143000793457,50.73046816154987,33.21160529333913,-1.9642819167764998,0.135316275051925
2018-11-20,44.592498779296875,45.36750030517578,43.877498626708984,44.244998931884766,271300800,50.93175010681152,53.67995002746582,50.11280442539129,28.913866005708925,-2.232102437615353,0.6177630213737291
2018-11-21,44.932498931884766,45.067501068115234,44.13750076293945,44.19499969482422,124496800,50.4528751373291,53.45849998474121,49.54920397486109,28.823398995079685,-2.4204848083216746,-0.541111563253776
2018-11-23,43.73500061035156,44.150001525878906,43.025001525878906,43.0724983215332,94496000,49.859000015258786,53.18789993286133,48.93237486502034,26.79633412559022,-2.630038230438764,-0.24097647489734675
2018-11-26,43.560001373291016,43.73749923706055,42.564998626708984,43.654998779296875,179994000,49.33799991607666,52.94179992675781,48.42976761876096,29.564598240329545,-2.7177790433819666,0.90477903826617
2018-11-27,42.877498626708984,43.692501068115234,42.720001220703125,43.560001373291016,165549600,48.86299991607666,52.72359992980957,47.965980357287634,29.369536566963475,-2.763128145245261,-0.08024934164472153
2018-11-28,44.182498931884766,45.3224983215332,43.73249816894531,45.23500061035156,184250000,48.458499908447266,52.53709991455078,47.70588704805563,37.23308068338766,-2.633551255768701,0.11295949975113206
2018-11-29,45.665000915527344,45.70000076293945,44.42499923706055,44.88750076293945,167080000,47.967124938964844,52.342999954223636,47.437469306615995,36.329411804031686,-2.5297397061915277,-0.09318860244233373
2018-11-30,45.0724983215332,45.08250045776367,44.25749969482422,44.64500045776367,158126000,47.421624946594235,52.13574996948242,47.17151989243958,35.67863665502132,-2.438921682221249,-0.05359109408666507
2018-12-03,46.1150016784668,46.23500061035156,45.3025016784668,46.20500183105469,163210000,47.13837509155273,51.97154998779297,47.07947055326007,42.779652175081765,-2.2155294264581116,0.032151575326005766
2018-12-04,45.23749923706055,45.59749984741211,44.067501068115234,44.17250061035156,165377200,46.82712516784668,51.751050033569335,46.80261627298307,37.04181755073789,-2.1773956547743296,0.013278598125114893
2018-12-06,42.939998626708984,43.69499969482422,42.60499954223633,43.68000030517578,172393600,46.464000129699706,51.51370002746582,46.50522427604905,35.78918704678324,-2.161992916064321,0.042426646478474606
2018-12-07,43.372501373291016,43.622501373291016,42.07500076293945,42.122501373291016,169126400,45.94575023651123,51.25405006408691,46.087822094833996,32.09305336574111,-2.2495320764154982,-0.018951979655857265
2018-12-10,41.25,42.522499084472656,40.83250045776367,42.400001525878906,248104000,45.459625244140625,50.97730010986328,45.736601088266845,33.41255025586068,-2.2703444311689225,0.466973813668357
2018-12-11,42.915000915527344,42.9474983215332,41.75,42.157501220703125,189126800,45.01162528991699,50.691750106811526,45.39573443421316,32.81252766595638,-2.2801222897941003,-0.2377116048108857
2018-12-12,42.599998474121094,42.97999954223633,42.255001068115234,42.275001525878906,142510800,44.69825038909912,50.40095016479492,45.09852177627656,33.43627255254671,-2.252425461924659,-0.24648013925049228
2018-12-13,42.622501373291016,43.14250183105469,42.38750076293945,42.73749923706055,127594400,44.43225040435791,50.10930015563965,44.87366248682742,35.956551888291045,-2.1681625974663064,-0.10466855845311374
2018-12-14,42.25,42.27000045776367,41.31999969482422,41.369998931884766,162814800,44.16575031280517,49.77635009765625,44.53998024349955,32.08793803485577,-2.1865246214805794,0.2760340579210372
2018-12-17,41.36249923706055,42.087501525878906,40.682498931884766,40.98500061035156,177151600,43.82237529754639,49.45610008239746,44.20141075462831,31.074273128492777,-2.206705279944771,0.08805587698415618
2018-12-18,41.345001220703125,41.88249969482422,41.09749984741211,41.51750183105469,135366000,43.47912540435791,49.16500015258789,43.94580038095464,34.171772433987,-2.1548899687715135,-0.23587481004969757
2018-12-19,41.5,41.86249923706055,39.772499084472656,40.22249984741211,196189200,43.16700038909912,48.85060012817383,43.59120033014106,30.573385177601338,-2.193041778156875,0.44932405478480564
2018-12-20,40.099998474121094,40.52750015258789,38.82500076293945,39.20750045776367,259092000,42.91512546539307,48.500400161743165,43.17370510420036,28.077741400592487,-2.278909480089929,0.32062315356808635
2018-12-21,39.21500015258789,39.540000915527344,37.407501220703125,37.682498931884766,382978400,42.589500427246094,48.1722501373291,42.65073308778935,24.801964411504443,-2.4418668101065677,0.47815602179920647
2018-12-24,37.037498474121094,37.88750076293945,36.647499084472656,36.70750045776367,148676800,42.271250534057614,47.83415016174317,42.08471093254881,22.957795556199315,-2.619490045974203,-0.6117880277321124
2018-12-26,37.07500076293945,39.307498931884766,36.68000030517578,39.29249954223633,234330000,42.05312557220459,47.509450149536136,41.818786038233334,36.449702374957724,-2.522591058266137,0.5761033328669973
2018-12-27,38.959999084472656,39.192501068115234,37.51750183105469,39.037498474121094,212468400,41.82700042724609,47.203400115966794,41.553901508317885,35.78397035358293,-2.4382675370537186,-0.09329407246191268
2018-12-28,39.375,39.630001068115234,38.63750076293945,39.057498931884766,169165600,41.51812534332275,46.873800125122074,41.31614888199092,35.88288532967246,-2.3428200974553945,-0.20380818982964055
2018-12-31,39.63249969482422,39.84000015258789,39.119998931884766,39.435001373291016,140014000,41.24550037384033,46.55655014038086,41.13699197640045,37.829445587963285,-2.211226380535919,-0.17232581565046323
2019-01-02,38.72249984741211,39.712501525878906,38.557498931884766,39.47999954223633,148158800,40.987250328063965,46.26605010986328,40.97918317314672,38.070796606646766,-2.079337131517491,0.0581713257245704
2019-01-03,35.994998931884766,36.43000030517578,35.5,35.54750061035156,365248800,40.45437526702881,45.880450134277346,40.461880071928135,27.883307816295655,-2.266012567661754,1.4652521483705323
2019-01-04,36.13249969482422,37.13750076293945,35.95000076293945,37.064998626708984,234428400,40.09900016784668,45.5185001373291,40.13836755333583,35.100387277133166,-2.2653907733911467,-0.3581679118452956
2019-01-07,37.17499923706055,37.20750045776367,36.474998474121094,36.98249816894531,219111200,39.76412506103516,45.14450012207031,39.83780856434626,34.8959249440135,-2.2456684266657945,-0.06533849994283969
2019-01-08,37.38999938964844,37.95500183105469,37.130001068115234,37.6875,164101200,39.542374992370604,44.822800140380856,39.63301727250376,38.20837682162245,-2.148385320324863,-0.25105973587840325
2019-01-09,37.8224983215332,38.63249969482422,37.407501220703125,38.32749938964844,180396400,39.33874988555908,44.49035011291504,39.508682236041345,41.13632107892858,-1.9966292564068837,0.09929970042875991
2019-01-10,38.125,38.49250030517578,37.71500015258789,38.45000076293945,143122800,39.1533748626709,44.17785011291504,39.40785542907926,41.70570517796281,-1.8452062562495612,-0.20662053123011326
2019-01-11,38.220001220703125,38.42499923706055,37.877498626708984,38.0724983215332,108092800,38.94324970245361,43.87810005187988,39.280678561693925,40.40854202193813,-1.7356561659108536,-0.2447548538737364
2019-01-14,37.712501525878906,37.817501068115234,37.30500030517578,37.5,129756800,38.68137474060059,43.561600036621094,39.11109012724688,38.45513556471103,-1.675716147381337,0.20042037952574088
2019-01-15,37.567501068115234,38.34749984741211,37.51250076293945,38.26750183105469,114843600,38.52624988555908,43.23265007019043,39.030748384752386,42.47028355716737,-1.548432896798218,-0.11493193420306291
2019-01-16,38.27000045776367,38.970001220703125,38.25,38.73500061035156,122278800,38.413749885559085,42.896250076293946,39.00258193004755,44.83124380593835,-1.393770243470975,0.06474196211195049
2019-01-17,38.54999923706055,39.415000915527344,38.314998626708984,38.96500015258789,119284800,38.286124801635744,42.63815010070801,38.99900271314663,46.00527318146817,-1.2383648365721385,-0.024485029293712435
2019-01-18,39.375,39.470001220703125,38.994998931884766,39.20500183105469,135004000,38.23524990081787,42.41430015563965,39.01862167675692,47.26636148993313,-1.0833506108156143,0.1317787345914987
2019-01-22,39.102500915527344,39.182498931884766,38.154998779296875,38.32500076293945,121576000,38.19112491607666,42.16195014953613,38.952562542107636,43.27530485420324,-1.019754358339604,-0.09946371959349354
2019-01-23,38.537498474121094,38.78499984741211,37.92499923706055,38.47999954223633,92522400,38.23099994659424,41.881800155639645,38.90755654211989,44.169509504231094,-0.9459425273294215,-0.23897479765743235
2019-01-24,38.52750015258789,38.619998931884766,37.935001373291016,38.17499923706055,101766000,38.304374885559085,41.602850112915036,38.837789179733285,42.7416905958362,-0.9016632820525103,0.09990661720837335
2019-01-25,38.869998931884766,39.532501220703125,38.58000183105469,39.439998626708984,134142000,38.31174983978271,41.369300079345706,38.895142460397636,49.965915174808,-0.7557845684071651,0.3181416190083133
2019-01-28,38.9474983215332,39.08250045776367,38.415000915527344,39.07500076293945,104768400,38.313624954223634,41.179950103759765,38.912271822544476,48.08092027704366,-0.6619958380922029,-0.21897392315605846
2019-01-29,39.0625,39.532501220703125,38.52750015258789,38.66999816894531,166348800,38.29424991607666,40.99220008850098,38.88919814124932,46.006906986296954,-0.6132784262484776,0.5877764669499581
2019-01-30,40.8125,41.537498474121094,40.057498931884766,41.3125,244439200,38.38812484741211,40.884450073242185,39.119988794463666,58.56554560339164,-0.3573227190360839,0.4694377116035704
2019-01-31,41.52750015258789,42.25,41.13999938964844,41.61000061035156,162958400,38.49462490081787,40.75960006713867,39.35713277692918,59.70198239764536,-0.12898332459335649,-0.33333769706331884
2019-02-01,41.7400016784668,42.244998931884766,41.48249816894531,41.630001068115234,130672400,38.798749923706055,40.624550094604494,39.5735964237088,59.781844835882204,0.05298043491519877,-0.1981241838407839
2019-02-04,41.852500915527344,42.915000915527344,41.81999969482422,42.8125,125982000,39.08612499237061,40.55150009155273,39.882063430974625,64.288114417499,0.28927126744502374,-0.03589434341146258
2019-02-05,43.21500015258789,43.77000045776367,43.087501525878906,43.54499816894531,144406400,39.41424999237061,40.537500076293945,40.230914358400405,66.77177708246487,0.529535776295134,0.14624628915241855
2019-02-06,43.662498474121094,43.89250183105469,43.212501525878906,43.560001373291016,112958400,39.70787506103515,40.52480010986328,40.547970264580464,66.82267305114058,0.7129394416805468,-0.21777428147228928
2019-02-07,43.099998474121094,43.48500061035156,42.584999084472656,42.73500061035156,126966800,39.92825012207031,40.51805015563965,40.75625886893962,61.26557813915693,0.7826950794354275,0.12401379622940834
2019-02-08,42.247501373291016,42.665000915527344,42.10499954223633,42.602500915527344,95280000,40.135875129699706,40.497000198364255,40.93209144480512,60.39685082688137,0.8178575541071424,-0.24956760349949747
2019-02-11,42.76250076293945,42.8025016784668,42.3125,42.35749816894531,83973600,40.35012512207031,40.47295013427734,41.067844466151804,58.7382989384393,0.8165418088478731,-0.11866498740554154
2019-02-12,42.525001525878906,42.75,42.42499923706055,42.72249984741211,89134000,40.61125011444092,40.42270011901856,41.2254306929385,60.47948797212624,0.8353225775526525,0.0614526470223975
2019-02-13,42.84749984741211,43.119998931884766,42.47999954223633,42.54499816894531,89960800,40.82512493133545,40.37585006713867,41.35110378589153,59.171794896613925,0.8263578313604469,0.009275921646060947
2019-02-14,42.4275016784668,42.814998626708984,42.345001220703125,42.70000076293945,87342800,41.02337493896484,40.336950073242186,41.479570164658,59.98544355192327,0.8222818658434576,-0.029101564236867605
2019-02-15,42.8125,42.92499923706055,42.4375,42.60499954223633,98507200,41.20537490844727,40.26495002746582,41.586753914903554,59.206650588064875,0.8021392670963507,0.12782278562171134
2019-02-19,42.4275016784668,42.86000061035156,42.372501373291016,42.73249816894531,75891200,41.3817497253418,40.2361499786377,41.695872415288484,59.9580186118692,0.7873876711533683,-0.22958727889941044
2019-02-20,42.79750061035156,43.33000183105469,42.747501373291016,43.00749969482422,104457600,41.615874671936034,40.22269996643067,41.82078929905379,61.600872644751966,0.7887945177507376,0.37641254849047057
2019-02-21,42.95000076293945,43.092498779296875,42.57500076293945,42.76499938964844,68998800,41.83012466430664,40.23554992675781,41.91071406958662,59.29076436199773,0.7615628829882013,-0.3394563918757467
2019-02-22,42.89500045776367,43.25,42.845001220703125,43.24250030517578,75652800,42.0834997177124,40.25239990234375,42.037550853928444,62.289603524430795,0.7696400184386789,0.09643645976451753
2019-02-25,43.540000915527344,43.967498779296875,43.48749923706055,43.557498931884766,87493600,42.28937473297119,40.280399856567385,42.18230781373381,64.164974041971,0.792325527620946,0.15651502654230898
2019-02-26,43.4275016784668,43.82500076293945,43.29249954223633,43.58250045776367,68280800,42.514749717712405,40.306549835205075,42.315659494117604,64.31665605018975,0.8030641476757836,-0.21959091865004987
2019-02-27,43.3025016784668,43.75,43.182498931884766,43.717498779296875,111341600,42.76712474822998,40.32614982604981,42.44916799746801,65.17384856069884,0.8130949651325068,0.6306428747173436
2019-02-28,43.58000183105469,43.727500915527344,43.22999954223633,43.287498474121094,112861600,42.865874671936034,40.36449981689453,42.529008995244496,60.21223803824578,0.7773858095631212,0.013651680953030931
2019-03-01,43.56999969482422,43.787498474121094,43.22249984741211,43.74250030517578,103544800,42.97249965667724,40.419649810791014,42.64457959619033,63.3883625522502,0.776845895744593,-0.08255066382188447
2019-03-04,43.92250061035156,44.4375,43.49250030517578,43.962501525878906,109744800,43.08912467956543,40.4685498046875,42.77009597044639,64.84945178746743,0.7851198965896486,0.059877463667900255
2019-03-05,43.98500061035156,44.0,43.6349983215332,43.88249969482422,78949600,43.14262466430664,40.541749801635746,42.8760391822919,63.85154829958869,0.7762732281466356,-0.280607372741123
2019-03-06,43.66749954223633,43.872501373291016,43.48500061035156,43.630001068115234,83241600,43.146874809265135,40.63019981384277,42.94784507617983,60.67791560352697,0.7403533185105431,0.054363796650014784
2019-03-07,43.467498779296875,43.61000061035156,43.005001068115234,43.125,99185600,43.12512474060058,40.73904983520508,42.964716973686514,54.810254684825104,0.6634888788205302,0.1915388459616345
2019-03-08,42.58000183105469,43.26750183105469,42.375,43.227500915527344,95997600,43.149749755859375,40.86944984436035,42.98974401576659,55.745682192360064,0.6038830360989635,-0.03214176251391332
2019-03-11,43.872501373291016,44.779998779296875,43.837501525878906,44.724998474121094,128044000,43.25587463378906,40.97809982299805,43.155006345133685,66.61768877682681,0.6697599385143462,0.3338250122919739
2019-03-12,45.0,45.66749954223633,44.842498779296875,45.227500915527344,129870400,43.39937477111816,41.10189987182617,43.35238678040927,69.3396843494859,0.7538259691968179,0.014263846802661684
2019-03-13,45.5625,45.82500076293945,45.22999954223633,45.4275016784668,124130000,43.534624862670896,41.22929992675781,43.55001677070046,70.37508005143255,0.8270535359295721,-0.044200988061944835
2019-03-14,45.974998474121094,46.025001525878906,45.63999938964844,45.932498931884766,94318000,43.70399990081787,41.359249877929685,43.77691983367039,72.86666111929047,0.9152851308113128,-0.24016756626117775
2019-03-15,46.212501525878906,46.83250045776367,45.935001373291016,46.529998779296875,156171600,43.895499801635744,41.5002498626709,44.03911782849196,75.4929491515728,1.0216456544488466,0.655798469009097
2019-03-18,46.45000076293945,47.09749984741211,46.4474983215332,47.005001068115234,104879200,44.115499877929686,41.729399871826175,44.32158289893227,77.36836520400354,1.131225783991411,-0.32843615612569765
2019-03-19,47.087501525878906,47.247501373291016,46.47999954223633,46.63249969482422,126585600,44.31049995422363,41.92074989318848,44.541670212826745,72.67170860435323,1.1744724906469415,0.20696572819014647
2019-03-20,46.557498931884766,47.372501373291016,46.182498931884766,47.040000915527344,124140800,44.51212501525879,42.12189994812012,44.7796064702268,74.49570677842186,1.2274781560240697,-0.01931341321603719
2019-03-21,47.505001068115234,49.08250045776367,47.45249938964844,48.772499084472656,204136800,44.8125,42.34359992980957,45.159881957297834,80.46532611519017,1.3932234383177544,0.6443973294839409
2019-03-22,48.834999084472656,49.42250061035156,47.69499969482422,47.76250076293945,169630800,45.038500022888186,42.53229995727539,45.40775041497799,70.15599092811453,1.4266339963649344,-0.1690337068083756
2019-03-25,47.877498626708984,47.994998931884766,46.650001525878906,47.185001373291016,175381200,45.21987514495849,42.706999969482425,45.5770124110078,65.02591364001756,1.3904840948474373,0.033899504099491384
2019-03-26,47.915000915527344,48.220001220703125,46.14500045776367,46.6974983215332,199202000,45.37562503814697,42.879499969482424,45.68372535486736,60.972651266385476,1.3074264175086299,0.13582299585132263
2019-03-27,47.1875,47.439998626708984,46.63750076293945,47.11750030517578,119393600,45.54562511444092,43.071849975585934,45.82027535013483,63.10632893493919,1.2609577240721208,-0.40064055581771263
2019-03-28,47.23749923706055,47.38999938964844,46.88249969482422,47.18000030517578,83121600,45.740250205993654,43.25009994506836,45.94977296490063,63.42676142222352,1.2151664944671978,-0.30380187882767584
2019-03-29,47.45750045776367,47.52000045776367,47.1349983215332,47.48749923706055,94256000,45.92750015258789,43.42514991760254,46.09622308605872,65.03576488616753,1.1899719530813044,0.13395314815884207
2019-04-01,47.90999984741211,47.91999816894531,47.095001220703125,47.810001373291016,111448000,46.1198751449585,43.6020499420166,46.25944006579513,66.69088792281653,1.1823983722294784,0.18239687659141057
2019-04-02,47.772499084472656,48.6150016784668,47.76250076293945,48.505001068115234,91062800,46.351000213623045,43.788049926757814,46.47330301839705,69.98802859716741,1.2184316008104048,-0.18291221017873804
2019-04-03,48.3125,49.125,48.287498474121094,48.837501525878906,93087200,46.61137523651123,43.9982999420166,46.698464781014366,71.44435496536015,1.2593017554368942,0.02223081214282896
2019-04-04,48.6974983215332,49.092498779296875,48.28499984741211,48.92250061035156,76457200,46.90125026702881,44.2071499633789,46.91027771714172,71.82079825423308,1.2837520684447838,-0.17864969619883297
2019-04-05,49.11249923706055,49.275001525878906,48.98249816894531,49.25,74106400,47.20237522125244,44.428649978637694,47.13310841074727,73.2822624947354,1.3144039508195604,-0.030746613791768462
2019-04-08,49.10499954223633,50.057498931884766,49.084999084472656,50.025001525878906,103526800,47.46737537384033,44.64035003662109,47.40852680266457,76.40132369495001,1.385263479521548,0.39700214826249836
2019-04-09,50.08000183105469,50.712501525878906,49.807498931884766,49.875,143072800,47.69975032806396,44.8563500213623,47.64342901193461,74.58638655497916,1.4130277922006087,0.3819880456075142
2019-04-10,49.66999816894531,50.185001373291016,49.54499816894531,50.154998779296875,86781200,47.93612518310547,45.086050033569336,47.88262613263578,75.74466538721165,1.4410136629648562,-0.39344725202833797
2019-04-11,50.212501525878906,50.25,49.61000061035156,49.73749923706055,83603200,48.12637519836426,45.254550018310546,48.05928071400957,70.57921635242556,1.4132133000750855,-0.03662083492738055
2019-04-12,49.79999923706055,50.03499984741211,49.0525016784668,49.717498779296875,111042800,48.285750198364255,45.416699981689455,48.21720624403693,70.33177276166387,1.373731915994263,0.32821231723187627
2019-04-15,49.64500045776367,49.962501525878906,49.502498626708984,49.807498931884766,70146400,48.42587509155273,45.58024993896484,48.36866269049863,70.82740823874414,1.3343236424508405,-0.3682940271679028
2019-04-16,49.8650016784668,50.342498779296875,49.63999938964844,49.8125,102785600,48.58487510681152,45.72024993896484,48.50617100568924,70.8565433081987,1.2886411926302728,0.4653011416123991
2019-04-17,49.8849983215332,50.845001220703125,49.65250015258789,50.782501220703125,115627200,48.77200012207031,45.865,48.72296435950009,75.88679940979652,1.3155437445063711,0.12493578867078647
2019-04-18,50.779998779296875,51.037498474121094,50.630001068115234,50.96500015258789,96783200,48.881625175476074,46.01309997558594,48.936491577889406,76.70159370329083,1.3361876102632735,-0.1629720342618346
2019-04-22,50.70750045776367,51.23500061035156,50.584999084472656,51.13249969482422,77758000,49.05012512207031,46.18104995727539,49.14563520807367,77.45458395643749,1.3504961567724294,-0.19657543871250382
2019-04-23,51.10749816894531,51.9375,50.974998474121094,51.869998931884766,93292000,49.284375,46.366399917602536,49.405098419865205,80.45051070694029,1.4051481348368853,0.19977365672985425
2019-04-24,51.84000015258789,52.119998931884766,51.76250076293945,51.790000915527344,70162400,49.53900012969971,46.55504997253418,49.63223199088065,79.22076784448817,1.4255719438692793,-0.2479269390730181
2019-04-25,51.70750045776367,51.939998626708984,51.279998779296875,51.31999969482422,74172800,49.74912509918213,46.72699996948242,49.79297177220861,72.23465554771462,1.3878346946634181,0.057158820108776265
2019-04-26,51.224998474121094,51.25,50.529998779296875,51.07500076293945,74596400,49.94387512207031,46.89760002136231,49.91506977132583,68.8273771244114,1.3229086194410868,0.005710988394667549
2019-04-29,51.099998474121094,51.49250030517578,50.96500015258789,51.15250015258789,88818800,50.12712516784668,47.066650009155275,50.03292028382698,69.32035912519913,1.2631470175785537,0.1906579942195601
2019-04-30,50.76499938964844,50.849998474121094,49.77750015258789,50.16749954223633,186139600,50.24500007629395,47.21790000915527,50.04573735605644,56.9852481241753,1.1233548646658633,1.0957229775678123
2019-05-01,52.470001220703125,53.82749938964844,52.307498931884766,52.630001068115234,259309200,50.451250076293945,47.41585006713867,50.29185770958585,70.91787673986764,1.1974682014606088,0.39308991745979904
2019-05-02,52.459999084472656,53.162498474121094,52.032501220703125,52.287498474121094,127985200,50.62374992370606,47.60145004272461,50.48191873477968,67.6364084128058,1.2145657005514323,-0.5064378741672104
2019-05-03,52.72249984741211,52.959999084472656,52.557498931884766,52.9375,83569600,50.824499893188474,47.80490005493164,50.715783617181614,70.43256411127757,1.265971946056787,-0.3470370011532583
2019-05-06,51.0724983215332,52.209999084472656,50.875,52.119998931884766,129772400,50.96799983978271,47.98245002746582,50.849518409058106,63.05393821876622,1.2266067033858974,0.5528661139936053
2019-05-07,51.470001220703125,51.85499954223633,50.20750045776367,50.71500015258789,155054800,51.00249977111817,48.125600051879886,50.83670714653714,52.81348614466351,1.0697068903706537,0.19482108676421173
2019-05-08,50.474998474121094,51.334999084472656,50.4375,50.724998474121094,105358000,51.04499969482422,48.26845001220703,50.82606822535465,52.87214322442076,0.9353868814312065,-0.3205111999112572
2019-05-09,50.099998474121094,50.41999816894531,49.165000915527344,50.18000030517578,139634400,51.04624977111816,48.39770004272461,50.76453794724238,49.2763577620961,0.7760150902216907,0.3253326752595911
2019-05-10,49.35499954223633,49.712501525878906,48.192501068115234,49.29499816894531,164834800,51.024124717712404,48.51785003662109,50.624581777880756,44.03871951899133,0.5717092134183872,0.18047415250110288
2019-05-13,46.9275016784668,47.369998931884766,45.712501525878906,46.43000030517578,229722400,50.85974979400635,48.57160003662109,50.22509782809933,32.13185594960419,0.17657846367443142,0.3936523112837824
2019-05-14,46.602500915527344,47.42499923706055,46.352500915527344,47.165000915527344,146118800,50.72762489318848,48.63565002441406,49.933660026902,36.84911995259692,-0.07637667291941597,-0.363933164549909
2019-05-15,46.567501068115234,47.9375,46.505001068115234,47.72999954223633,106178800,50.62349987030029,48.712600021362306,49.72378759979098,40.28510494778821,-0.22861939179058055,-0.27333922808016486
2019-05-16,47.477500915527344,48.11750030517578,47.209999084472656,47.52000045776367,132125600,50.46037483215332,48.79040000915527,49.5139031100741,39.42645862663524,-0.36204458976107645,0.24436893240458546
2019-05-17,46.73249816894531,47.724998474121094,46.689998626708984,47.25,131516400,50.274624824523926,48.87290000915527,49.29829329006704,38.29625195049403,-0.4839926350608579,-0.004610764303057069
2019-05-20,45.880001068115234,46.087501525878906,45.06999969482422,45.772499084472656,154449200,50.00662479400635,48.92379997253418,48.96250336572472,32.76167818265222,-0.6918837107074722,0.1743721695545195
2019-05-21,46.30500030517578,47.0,46.17499923706055,46.650001525878906,113459200,49.74562492370605,48.962300033569335,48.742265095263214,38.450924064776814,-0.7768764246693394,-0.26539470583207947
2019-05-22,46.165000915527344,46.4275016784668,45.63750076293945,45.69499969482422,118994400,49.440874862670896,48.971650009155276,48.45204934284045,34.98179481516394,-0.9107953474908967,0.048785819043321244
2019-05-23,44.95000076293945,45.1349983215332,44.45249938964844,44.915000915527344,146118800,49.12062492370605,48.961399993896485,48.11518758785825,32.409830925184664,-1.0675602711555001,0.2279468613649045
2019-05-24,45.04999923706055,45.53499984741211,44.654998779296875,44.74250030517578,94858800,48.80399990081787,48.93760002136231,47.79397927522183,31.85207788758497,-1.1919765959788293,-0.35081043643939036
2019-05-28,44.72999954223633,45.147499084472656,44.477500915527344,44.557498931884766,111792800,48.474249839782715,48.898150024414065,47.48574305204687,31.23131681588282,-1.2906279389835262,0.17851796564999778
2019-05-29,44.10499954223633,44.837501525878906,44.0,44.345001220703125,113924800,48.18312492370605,48.84495002746582,47.186624782395086,30.496133780360253,-1.370162250902169,0.019070995627625376
2019-05-30,44.48749923706055,44.807498931884766,44.16749954223633,44.57500076293945,84873600,47.780374908447264,48.80380004882812,46.93789868530407,32.35229480102143,-1.3985135317893551,-0.255003300422735
2019-05-31,44.057498931884766,44.497501373291016,43.747501373291016,43.76750183105469,108174400,47.35437507629395,48.73835006713867,46.63595612775651,29.38517777491765,-1.4692044668594093,0.2745353089771143
2019-06-03,43.900001525878906,44.47999954223633,42.567501068115234,43.32500076293945,161584400,46.87375011444092,48.62940010070801,46.32062704539298,27.876406446144486,-1.5431452622555781,0.4937397387921727
2019-06-04,43.86000061035156,44.95750045776367,43.630001068115234,44.90999984741211,123872000,46.51325016021728,48.57235008239746,46.18628159796623,39.799628843135835,-1.4570517104598224,-0.23339134223353242
2019-06-05,46.06999969482422,46.247501373291016,45.28499984741211,45.6349983215332,119093600,46.25925006866455,48.541350021362305,46.13377842878213,44.332860886038596,-1.3151602835052287,-0.038575303539137185
2019-06-06,45.77000045776367,46.36750030517578,45.537498474121094,46.30500030517578,90105200,46.03825016021729,48.533500061035156,46.15008527415295,48.21388043312745,-1.1355567533384843,-0.24340854588323801
2019-06-07,46.627498626708984,47.97999954223633,46.442501068115234,47.537498474121094,122737600,45.90612506866455,48.54190002441406,46.28221986462611,54.498354112738475,-0.883581976872172,0.36215889870950835
2019-06-10,47.95249938964844,48.842498779296875,47.904998779296875,48.14500045776367,104883600,45.84862518310547,48.56120002746582,46.45962754016302,57.25205571708361,-0.6276348344855123,-0.1454647964437955
2019-06-11,48.71500015258789,49.0,48.400001525878906,48.70249938964844,107731600,45.9622501373291,48.58550003051758,46.67323438297115,59.66450496390911,-0.3754810635822423,0.027153911574354872
2019-06-12,48.48749923706055,48.99250030517578,48.34749984741211,48.54750061035156,73012800,46.031375122070315,48.60025001525879,46.85173592843595,58.67310040835732,-0.18601027887450527,-0.3222712741665398
2019-06-13,48.67499923706055,49.1974983215332,48.400001525878906,48.537498474121094,86698400,46.07175006866455,48.60089996337891,47.012284742310726,58.60542640484128,-0.036242623331276036,0.18744110621699206
2019-06-14,47.88750076293945,48.397499084472656,47.57500076293945,48.185001373291016,75046000,46.10500011444092,48.58784996032715,47.123972040499325,56.14754420238903,0.05339030243644771,-0.134401557583531
2019-06-17,48.224998474121094,48.7400016784668,48.04249954223633,48.47249984741211,58676400,46.16612510681152,48.578849945068356,47.252403260205305,57.70555769852656,0.14594144389447194,-0.2181275484369587
2019-06-18,49.01250076293945,50.0724983215332,48.8025016784668,49.61249923706055,106204000,46.35812511444092,48.58609992980957,47.47717430562009,63.27701748175064,0.3077299938532647,0.8099951598939268
2019-06-19,49.91999816894531,49.970001220703125,49.32749938964844,49.467498779296875,84496800,46.498999977111815,48.57494987487793,47.66672901739883,62.15547805300291,0.4194135221890818,-0.20439154834092876
2019-06-20,50.092498779296875,50.15250015258789,49.50749969482422,49.8650016784668,86056000,46.70750007629395,48.57474990844727,47.87608831845292,64.03729142267375,0.5338448537570386,0.01845276980903421
2019-06-21,49.70000076293945,50.212501525878906,49.537498474121094,49.69499969482422,191202400,46.94650001525879,48.56554992675781,48.049317973345424,62.603549915506385,0.6038539170737565,1.2218369433857021
2019-06-24,49.6349983215332,50.040000915527344,49.54249954223633,49.64500045776367,72881600,47.19162502288818,48.56369995117188,48.20128773376621,62.162729145225796,0.6478342535583934,-0.6188248683070924
2019-06-25,49.60749816894531,49.814998626708984,48.8224983215332,48.89250183105469,84281200,47.40837516784668,48.54720001220703,48.26711764779368,55.794989392976326,0.614880675128731,0.15641259247876005
2019-06-26,49.442501068115234,50.247501373291016,49.337501525878906,49.95000076293945,104270000,47.68862514495849,48.550050048828126,48.42739223018852,61.72823862479134,0.6664140464224602,0.237167956792262
2019-06-27,50.0724983215332,50.39250183105469,49.89250183105469,49.935001373291016,83598800,47.95662517547608,48.552500076293946,48.57097405334114,61.601941394953144,0.6979982002969081,-0.19824685911575712
2019-06-28,49.66999816894531,49.875,49.26250076293945,49.47999954223633,124442400,48.24225006103516,48.52645004272461,48.6575479094264,57.742455741989495,0.6784927821907942,0.4885668215333234
2019-07-01,50.79249954223633,51.122501373291016,50.162498474121094,50.38750076293945,109012000,48.595375061035156,48.514900054931644,48.82230532404669,62.75462918390683,0.7278719077513216,-0.12399632279673167
2019-07-02,50.352500915527344,50.782501220703125,50.34000015258789,50.682498931884766,67740800,48.88400001525879,48.50590003967285,48.999466620031264,64.23947876930214,0.7817970377473529,-0.3785931824019374
2019-07-03,50.81999969482422,51.11000061035156,50.67250061035156,51.102500915527344,45448000,49.15737514495849,48.4905500793457,49.1997556005547,66.29946205908223,0.848641135012052,-0.3290897066465114
2019-07-05,50.837501525878906,51.27000045776367,50.724998474121094,51.057498931884766,69062000,49.39500007629395,48.47590003967285,49.37668353687185,65.86168029902858,0.8877508406124903,0.5195828199260693
2019-07-08,50.20249938964844,50.349998474121094,49.602500915527344,50.005001068115234,101354400,49.51837520599365,48.449600067138675,49.436523301752175,56.47006684916544,0.8243155856042961,0.4675856476788973
2019-07-09,49.79999923706055,50.377498626708984,49.70249938964844,50.310001373291016,82312000,49.62662525177002,48.434300079345704,49.51971168951778,58.32466669244462,0.7895521983543006,-0.18787936192212673
2019-07-10,50.462501525878906,50.932498931884766,50.38999938964844,50.807498931884766,71588400,49.73187522888183,48.42740005493164,49.64235809355273,61.22650078442119,0.7930045953727003,-0.13027991058411892
2019-07-11,50.82749938964844,51.09749984741211,50.4275016784668,50.4375,80767200,49.82637519836426,48.43280006408691,49.718085894166755,57.99236311573213,0.7571567911157118,0.1282163031999597
2019-07-12,50.61249923706055,51.0,50.54999923706055,50.82500076293945,70380800,49.94075031280518,48.396700057983395,49.823506357859394,60.35431868560209,0.7513540789424056,-0.12859675709941665
2019-07-15,51.022499084472656,51.467498779296875,51.0,51.3025016784668,67789600,50.096625328063965,48.377000122070314,49.9643630550601,63.107105224744025,0.7763365959547599,-0.036816859143402714
2019-07-16,51.147499084472656,51.52750015258789,50.875,51.125,67467200,50.22925033569336,48.34075012207031,50.07489990695914,61.40039131429297,0.772902974295242,-0.004755891759207875
2019-07-17,51.01250076293945,51.272499084472656,50.817501068115234,50.837501525878906,56430000,50.290500450134275,48.31510017395019,50.14752863257055,58.63438840948165,0.7384704525603709,-0.16359356843028905
2019-07-18,51.0,51.470001220703125,50.92499923706055,51.415000915527344,74162400,50.3878755569458,48.32910018920899,50.26824027856643,62.30752298672392,0.7491461153034606,0.3142371079213184
2019-07-19,51.4474983215332,51.625,50.59000015258789,50.647499084472656,83717200,50.42700042724609,48.32755020141602,50.30436016484322,55.281783954267645,0.6877477435758408,0.12883617574404282
2019-07-22,50.912498474121094,51.807498931884766,50.90250015258789,51.80500030517578,89111600,50.532500457763675,48.360050201416016,50.447278273446315,62.2037162793292,0.7241423047732383,0.064435982092091
2019-07-23,52.1150016784668,52.227500915527344,51.8224983215332,52.209999084472656,73420800,50.66075038909912,48.41835021972656,50.61515644592502,64.28671778872828,0.7767118230937697,-0.17608033073135254
2019-07-24,51.91749954223633,52.287498474121094,51.79249954223633,52.16749954223633,59966400,50.824500274658206,48.53310020446777,50.76299864557372,63.88881176237191,0.8056570739859481,-0.1832505230125523
2019-07-25,52.22249984741211,52.310001373291016,51.682498931884766,51.755001068115234,55638400,50.914750289916995,48.62490020751953,50.857475066768146,60.00658455032029,0.7862478387267302,-0.07217375063368825
2019-07-26,51.869998931884766,52.432498931884766,51.78499984741211,51.935001373291016,70475600,51.01475028991699,48.709000244140626,50.960096619770326,61.11691545114977,0.7764400822986062,0.2666719388048542
2019-07-29,52.1150016784668,52.65999984741211,52.11000061035156,52.41999816894531,86693600,51.16175022125244,48.80700019836426,51.099134862548894,64.01577019832102,0.7985968256928828,0.23012219832112102
2019-07-30,52.189998626708984,52.540000915527344,51.82749938964844,52.19499969482422,135742800,51.25212516784668,48.905900192260745,51.20350294181321,61.71699805535234,0.7889066828303939,0.5657764817702806
2019-07-31,54.10499954223633,55.342498779296875,52.82500076293945,53.2599983215332,277125600,51.3810001373291,49.05565017700195,51.39935964464369,67.64034293159219,0.8572814564182707,1.0415491650385875
2019-08-01,53.474998474121094,54.50749969482422,51.685001373291016,52.10749816894531,216071600,51.43125,49.16480010986328,51.46680140886289,57.30690943742906,0.8091445123684977,-0.22031165651964313
2019-08-02,51.38249969482422,51.60749816894531,50.407501220703125,51.005001068115234,163448400,51.42862510681152,49.2710001373291,51.42282042402978,49.51418016859454,0.6742608756551007,-0.24354519520381201
2019-08-05,49.497501373291016,49.662498474121094,48.14500045776367,48.334999084472656,209572000,51.34512500762939,49.339400100708005,51.12874220121481,36.5512397660351,0.34790731684941534,0.2821905873657986
2019-08-06,49.07749938964844,49.51750183105469,48.5099983215332,49.25,143299200,51.29212493896485,49.429550094604494,50.94981437252769,42.141543484605215,0.16124397695141823,-0.3162292672685283
2019-08-07,48.852500915527344,49.88999938964844,48.45500183105469,49.7599983215332,133457600,51.239749908447266,49.53360008239746,50.83649855814726,45.04777015773109,0.053843859068727795,-0.06867868069047145
2019-08-08,50.04999923706055,50.88249969482422,49.84749984741211,50.85749816894531,108038000,51.26074981689453,49.66385002136231,50.83849852108041,50.777648523979494,0.05663470771124679,-0.19046948244236372
2019-08-09,50.32500076293945,50.689998626708984,49.8224983215332,50.247501373291016,98478800,51.23187484741211,49.77730003356933,50.7822130784338,47.79468815255577,0.009515147219872233,-0.08847997926655438
2019-08-12,49.904998779296875,50.51250076293945,49.787498474121094,50.119998931884766,89927600,51.17274971008301,49.90434997558594,50.71914506447675,47.17091762098816,-0.03768145700628622,-0.08683290210684935
2019-08-13,50.255001068115234,53.03499984741211,50.119998931884766,52.24250030517578,188874000,51.228624725341795,50.08269996643067,50.86422651597189,57.187694496174316,0.09508691370020728,1.1002895662733132
2019-08-14,50.790000915527344,51.61000061035156,50.647499084472656,50.6875,146189600,51.22112464904785,50.19824996948242,50.84739541921267,49.74587414816807,0.0739784970180537,-0.22599404894268138
2019-08-15,50.8650016784668,51.28499984741211,49.91749954223633,50.435001373291016,108909600,51.17212467193603,50.29425003051758,50.808119795791555,48.63905927870128,0.03645516333281762,-0.25501130039346165
2019-08-16,51.06999969482422,51.790000915527344,50.959999084472656,51.625,110481600,51.2209997177124,50.40065002441406,50.88591791047807,53.85049179806559,0.10156976199687051,0.014433989290200344
2019-08-19,52.654998779296875,53.182498931884766,52.50749969482422,52.587501525878906,97654400,51.26012477874756,50.50165008544922,51.0479734928972,57.59805984709722,0.22820873153884946,-0.11610259083865548
2019-08-20,52.720001220703125,53.337501525878906,52.58000183105469,52.59000015258789,107537200,51.27912483215332,50.590550079345704,51.194833174772505,57.60768381643719,0.3250259487631837,0.10120178916669387
2019-08-21,53.247501373291016,53.412498474121094,52.900001525878906,53.15999984741211,86141600,51.32874984741211,50.67970008850098,51.38199190550009,59.846653323833635,0.4426459555914377,-0.1989599877995708
2019-08-22,53.29750061035156,53.61000061035156,52.6875,53.1150016784668,89014800,51.396749877929686,50.77105010986328,51.54704045530644,59.579130956110276,0.5261643867166086,0.033354383944574906
2019-08-23,52.35749816894531,53.01250076293945,50.25,50.65999984741211,187272000,51.332999801635744,50.8135001373291,51.462560397411735,47.18613522715593,0.3897622777223759,1.1038299249113632
2019-08-26,51.46500015258789,51.79750061035156,51.26499938964844,51.622501373291016,104174400,51.293124961853025,50.8822501373291,51.477792871305,51.45002019030841,0.35523354165486865,-0.4437267717544534
2019-08-27,51.96500015258789,52.13750076293945,50.88249969482422,51.040000915527344,103493200,51.235375022888185,50.933600158691405,51.43609839932618,48.87813439994316,0.27766559463901785,-0.006539034542075606
2019-08-28,51.025001525878906,51.43000030517578,50.83000183105469,51.38249969482422,63755200,51.141500091552736,50.96900016784668,51.43099376080218,50.44664211325146,0.24105054624128286,-0.38396725581970603
2019-08-29,52.125,52.33000183105469,51.665000915527344,52.252498626708984,83962000,51.148750114440915,51.02470016479492,51.50923231945997,54.283676054060074,0.27901815193482093,0.3169435591136096
2019-08-30,52.540000915527344,52.61249923706055,51.79999923706055,52.185001373291016,84573600,51.207750129699704,51.07110015869141,51.57359127696769,53.934742106885416,0.30020076122907113,0.007284247635835239
2019-09-03,51.60749816894531,51.744998931884766,51.05500030517578,51.42499923706055,80092000,51.3622501373291,51.10570014953613,51.55943965411939,50.03478853248388,0.2527487803075559,-0.05299053132419573
2019-09-04,52.09749984741211,52.369998931884766,51.83000183105469,52.29750061035156,76752400,51.51462516784668,51.15875015258789,51.62973117376055,54.13501700476167,0.2822922235483034,-0.041697048394346514
2019-09-05,53.0,53.49250030517578,52.877498626708984,53.31999969482422,95654800,51.69262523651123,51.24730010986328,51.79070912814756,58.43933462716435,0.3837886690247885,0.24627764082947246
2019-09-06,53.51250076293945,53.60499954223633,53.127498626708984,53.314998626708984,77449200,51.815500259399414,51.31460006713867,51.93587955658198,58.410461206715645,0.45853607051397915,-0.19032604741215287
2019-09-09,53.709999084472656,54.11000061035156,52.76750183105469,53.54249954223633,109237600,51.98025016784668,51.386750030517575,52.08889098378716,59.39332970115329,0.5300215883551189,0.41044194129829625
2019-09-10,53.46500015258789,54.19499969482422,52.9275016784668,54.17499923706055,127111600,52.18300018310547,51.48065002441406,52.28756796028939,62.076692371438426,0.6304444445031834,0.16362497894497863
2019-09-11,54.51750183105469,55.9275016784668,54.432498931884766,55.897499084472656,177158400,52.36575012207031,51.590849990844724,52.63137092449732,68.23325458134259,0.8393461635637038,0.3937233108543987
2019-09-12,56.20000076293945,56.60499954223633,55.71500015258789,55.772499084472656,128906800,52.62000007629395,51.69264999389648,52.93052598735211,67.37840774024812,0.983478893157411,-0.2723641667569813
2019-09-13,55.0,55.1974983215332,54.255001068115234,54.6875,159053200,52.832625007629396,51.76434997558594,53.09785684569953,60.31489340040431,0.9986430262069916,0.23386198400705016
2019-09-16,54.432498931884766,55.032501220703125,54.38999938964844,54.974998474121094,84632400,53.00012493133545,51.842699966430665,53.276632238882534,61.46759542184884,1.0220775611334858,-0.4678987910963124
2019-09-17,54.9900016784668,55.20500183105469,54.779998779296875,55.17499923706055,73274800,53.12949981689453,51.94609992980957,53.45742909585187,62.28822519047697,1.0447448210268107,-0.13419919557994342
2019-09-18,55.26499938964844,55.712501525878906,54.86000061035156,55.692501068115234,101360000,53.284624862670896,52.05374992370606,53.67029309321029,64.40086529204244,1.0918803436937239,0.383285931861977
2019-09-19,55.502498626708984,55.939998626708984,55.092498779296875,55.2400016784668,88242400,53.38862495422363,52.1423999786377,53.819789148949006,61.173820863151846,1.080269985997056,-0.1294159431728492
2019-09-20,55.345001220703125,55.63999938964844,54.36750030517578,54.432498931884766,221652400,53.45449981689453,52.22229995727539,53.878142461609556,55.8002827284308,0.994446609316519,1.5118582450160014
2019-09-23,54.73749923706055,54.959999084472656,54.412498474121094,54.68000030517578,76662000,53.65549983978271,52.29939994812012,53.95450987528253,57.04571331643888,0.9356170464325686,-0.6541341307380385
2019-09-24,55.25749969482422,55.622501373291016,54.29750061035156,54.41999816894531,124763200,53.79537467956543,52.36174987792969,53.99884209372661,55.283417125579355,0.8581222948848009,0.6274451488351465
2019-09-25,54.63750076293945,55.375,54.28499984741211,55.25749969482422,87613600,54.006249618530276,52.44439987182617,54.11871424621209,59.61160277293935,0.8544371007806149,-0.2977608782076766
2019-09-26,55.0,55.23500061035156,54.70750045776367,54.97249984741211,75334000,54.18574962615967,52.52709983825684,54.200027160612095,57.56951889763474,0.8190776349421185,-0.1401563227626761
2019-09-27,55.1349983215332,55.2400016784668,54.31999969482422,54.70500183105469,101408000,54.30837478637695,52.592899856567385,54.24811998636853,55.64282565082329,0.7607012585792674,0.34611198130989984
2019-09-30,55.224998474121094,56.14500045776367,55.1974983215332,55.99250030517578,103909600,54.49874973297119,52.699799880981445,54.414251445302554,62.200075708195584,0.8090022521441966,0.02466866519406752
2019-10-01,56.26750183105469,57.05500030517578,56.04999923706055,56.147499084472656,139223200,54.7348747253418,52.78664985656738,54.57932264903304,62.91091308040871,0.8499900870219435,0.3398492535819597
2019-10-02,55.76499938964844,55.89500045776367,54.48249816894531,54.7400016784668,138449200,54.85699977874756,52.83724990844726,54.594625413741014,53.13867474501931,0.7601375709966689,-0.005559418257876536
2019-10-03,54.60749816894531,55.2400016784668,53.782501220703125,55.20500183105469,114426000,54.95124988555908,52.897999954223636,54.65275650110422,55.59287980740873,0.7181717934511553,-0.17351635112373343
2019-10-04,56.40999984741211,56.872501373291016,55.97249984741211,56.752498626708984,138478800,55.12312488555908,52.99794990539551,54.852731941638005,62.61073707803183,0.8005553668970151,0.2102039746211526
2019-10-07,56.567501068115234,57.48249816894531,56.459999084472656,56.76499938964844,122306000,55.28424987792969,53.094549865722655,55.03485265097233,62.66206971871568,0.8569749754221689,-0.11678899586073821
2019-10-08,56.45500183105469,57.01499938964844,56.08250045776367,56.099998474121094,111820000,55.380499839782715,53.168149871826174,55.136295110319836,58.09287194244269,0.8383637697468558,-0.08573577747616634
2019-10-09,56.75749969482422,56.9474983215332,56.40999984741211,56.75749969482422,74770400,55.42349987030029,53.25939987182617,55.2906955469393,61.11218255974293,0.8666785775530883,-0.3313324986585584
2019-10-10,56.98249816894531,57.61000061035156,56.82500076293945,57.522499084472656,113013600,55.510999870300296,53.34464988708496,55.503248264799616,64.33211297192031,0.940011457173199,0.5114751291955104
2019-10-11,58.23749923706055,59.40999984741211,58.07749938964844,59.0525016784668,166795600,55.72924995422363,53.48354995727539,55.84127239943459,69.73039354621089,1.1088051001893646,0.47588962744306884
2019-10-14,58.724998474121094,59.532501220703125,58.66749954223633,58.967498779296875,96427600,55.92887496948242,53.642799911499026,56.139008245135756,69.10462826996985,1.221634018286025,-0.4218816323691992
2019-10-15,59.09749984741211,59.412498474121094,58.720001220703125,58.83000183105469,87360000,56.11162509918213,53.85269996643066,56.395293348556606,68.04096584381122,1.2851425705727948,-0.09403531768912632
2019-10-16,58.342498779296875,58.810001373291016,58.29999923706055,58.592498779296875,73903200,56.25662498474121,54.0395499420166,56.604551008627105,66.1470190305879,1.3013083715624063,-0.15403846153846157
2019-10-17,58.772499084472656,59.037498474121094,58.380001068115234,58.81999969482422,67585200,56.43562488555908,54.22074996948242,56.81554612159826,67.09194579579284,1.3172923813078725,-0.0854902088136914
2019-10-18,58.647499084472656,59.39500045776367,58.5724983215332,59.102500915527344,97433600,56.66912498474121,54.38565002441406,57.033351340067696,68.27610370081491,1.3373392967906597,0.44164106934654335
2019-10-21,59.380001068115234,60.247501373291016,59.33000183105469,60.127498626708984,87247200,56.941499900817874,54.583249969482424,57.328032034033534,72.18673315727767,1.419571434920833,-0.10454709668943774
2019-10-22,60.290000915527344,60.54999923706055,59.904998779296875,59.9900016784668,82293600,57.22000007629394,54.780650024414065,57.581552952550986,70.9237239308197,1.4568524539958503,-0.056776607157593584
2019-10-23,60.525001525878906,60.810001373291016,60.30500030517578,60.79499816894531,75828800,57.496875,54.95169998168945,57.88759535411235,73.81258931793373,1.5336751667110846,-0.0785577493268006
2019-10-24,61.127498626708984,61.20000076293945,60.45249938964844,60.89500045776367,69275200,57.793000030517575,55.15584999084473,58.174014887793426,74.15610543558051,1.5843635126277746,-0.08642626548224419
2019-10-25,60.790000915527344,61.682498931884766,60.720001220703125,61.64500045776367,73477200,58.13999996185303,55.38004997253418,58.504584942076306,76.63189672045901,1.6658502393416725,0.06065662747996403
2019-10-28,61.85499954223633,62.3125,61.68000030517578,62.26250076293945,96572800,58.453499984741214,55.59279998779297,58.86248168692042,78.46140366683636,1.7599683516888973,0.3143233547277251
2019-10-29,62.24250030517578,62.4375,60.64250183105469,60.8224983215332,142839600,58.687249946594235,55.75749992370606,59.04914993783592,65.56934731295564,1.6987790044790856,0.47908727923390426
2019-10-30,61.189998626708984,61.32500076293945,60.3025016784668,60.814998626708984,124522000,58.99099979400635,55.92199989318848,59.21732600344288,65.50897581136498,1.6308810615853773,-0.12823894774278277
2019-10-31,61.810001373291016,62.29249954223633,59.314998626708984,62.189998626708984,139162000,59.340249633789064,56.10259986877441,59.50043768184917,70.8146421014015,1.6687857381035798,0.11756958609723589
2019-11-01,62.3849983215332,63.98249816894531,62.290000915527344,63.95500183105469,151125200,59.70037479400635,56.31939987182617,59.92468188653541,75.93253965634499,1.8202636093621933,0.08596599646455205
2019-11-04,64.3324966430664,64.4625015258789,63.845001220703125,64.375,103272000,60.080874824523924,56.59369987487793,60.34852170686537,76.9675696009491,1.9517032358269688,-0.31664606564623243
2019-11-05,64.26249694824219,64.54750061035156,64.08000183105469,64.28250122070312,79897600,60.48999996185303,56.846899871826174,60.72318642246896,76.19043474351099,2.0250625478332154,-0.22633821364939188
2019-11-06,64.19249725341797,64.37249755859375,63.842498779296875,64.30999755859375,75864400,60.867624855041505,57.1122998046875,61.06478748305228,76.26714653264602,2.061653596469462,-0.05047961390579947
2019-11-07,64.68499755859375,65.0875015258789,64.52749633789062,64.85749816894531,94940400,61.234374809265134,57.38179977416992,61.4259980245659,77.8008500910473,2.1105024314521827,0.25144863730550826
2019-11-08,64.67250061035156,65.11000061035156,64.2125015258789,65.03500366210938,69986400,61.53349990844727,57.63744987487793,61.76971284718909,78.2906847001829,2.1388829833126763,-0.2628385808359771
2019-11-11,64.57499694824219,65.61750030517578,64.56999969482422,65.55000305175781,81821200,61.86262512207031,57.904749908447265,62.129740485719445,79.69086556292791,2.1778262959580914,0.16910142541979578
2019-11-12,65.38749694824219,65.69750213623047,65.2300033569336,65.48999786376953,87388800,62.195624923706056,58.18604988098144,62.44976499791469,79.05111192515685,2.1787321664138872,0.0680459343055344
2019-11-13,65.28250122070312,66.19499969482422,65.26750183105469,66.11750030517578,102734400,62.571875,58.46244987487793,62.79907312241575,80.78805966502279,2.204670212194692,0.17560145007140493
2019-11-14,65.9375,66.22000122070312,65.5250015258789,65.66000366210938,89182800,62.91387519836426,58.70924995422363,63.071542697624665,75.85018998774896,2.163372137365876,-0.13190907816661213
2019-11-15,65.91999816894531,66.44499969482422,65.75250244140625,66.44000244140625,100206400,63.2807502746582,58.971750030517576,63.392348387508626,78.28690567759857,2.168584407146284,0.12360679413519193
2019-11-18,66.44999694824219,66.85749816894531,66.05750274658203,66.7750015258789,86703200,63.6131254196167,59.23640007019043,63.71450582925818,79.25504533825335,2.1746784553692535,-0.1347538680164141
2019-11-19,66.9749984741211,67.0,66.34750366210938,66.57250213623047,76167200,63.942250442504886,59.48435012817383,63.98669595373173,77.01950856696297,2.1385165366503998,-0.12151800625582443
2019-11-20,66.38500213623047,66.5199966430664,65.0999984741211,65.79750061035156,106234400,64.1923755645752,59.682350158691406,64.15915354007647,68.9980186634215,2.02399050668204,0.3947525969183585
2019-11-21,65.92250061035156,66.00250244140625,65.29499816894531,65.50250244140625,121395200,64.42275066375733,59.87695022583008,64.2870915306793,66.17290488040214,1.887664099278922,0.14271083566151832
2019-11-22,65.64749908447266,65.79499816894531,65.20999908447266,65.44499969482422,65325200,64.61275062561035,60.09210021972656,64.39736849869311,65.60898604300485,1.7547567051556427,-0.4618798766343315
2019-11-25,65.67749786376953,66.61000061035156,65.62999725341797,66.59249877929688,84020400,64.82925052642823,60.32445022583008,64.60642852541729,70.93243916960424,1.7221681415109344,0.28618664772553326
2019-11-26,66.73500061035156,66.79000091552734,65.625,66.07250213623047,105207600,65.09175071716308,60.54240028381348,64.74605458358997,65.95048931599474,1.6355287296186418,0.25216733079109366
2019-11-27,66.3949966430664,66.99500274658203,66.32749938964844,66.95999908447266,65235600,65.39900074005126,60.76775024414062,64.9569064408169,69.84350642294821,1.619807821817858,-0.3799345294446409
2019-11-29,66.6500015258789,67.0,66.4749984741211,66.8125,46617600,65.63012580871582,60.99920021057129,65.13362963692957,68.44291622575535,1.5772652141320407,-0.28539631734819637
2019-12-02,66.81749725341797,67.0625,65.86250305175781,66.04000091552734,94487200,65.73437576293945,61.23135025024414,65.21995071108174,61.488333139143,1.464335720299104,1.0268568094453596
2019-12-03,64.57749938964844,64.88249969482422,64.07250213623047,64.86250305175781,114430400,65.75875091552734,61.435000305175784,65.18590807686041,52.698377620876585,1.2652391565646326,0.21106774250903837
2019-12-04,65.26750183105469,65.82749938964844,65.16999816894531,65.43499755859375,67181600,65.81637573242188,61.65530029296875,65.20963088464454,55.992336320223814,1.1405022179269224,-0.4129042632027853
2019-12-05,65.94750213623047,66.47250366210938,65.68250274658203,66.3949966430664,74424400,65.92062568664551,61.87805023193359,65.3225228616371,60.908321948482744,1.106357794474377,0.10780928111268562
2019-12-06,66.87000274658203,67.75,66.82499694824219,67.67749786376953,106075600,66.06162567138672,62.132150192260745,65.54680619517352,66.3210100434527,1.1693061892103884,0.42527988132924155
2019-12-09,67.5,67.69999694824219,66.22750091552734,66.7300033569336,128042400,66.14637565612793,62.37265022277832,65.65949163915067,59.73993243385335,1.1297156980541274,0.20708626677577113
2019-12-10,67.1500015258789,67.51750183105469,66.46499633789062,67.12000274658203,90420400,66.22487564086914,62.595200271606444,65.79858793509652,61.43621217517061,1.1169343164301182,-0.29382454561926363
2019-12-11,67.20249938964844,67.7750015258789,67.125,67.69249725341797,78756800,66.33500061035156,62.826100234985354,65.97896025112713,63.84440141666804,1.1398608947180975,-0.12899301485063108
2019-12-12,66.94499969482422,68.13999938964844,66.83000183105469,67.86499786376953,137310400,66.42237548828125,63.088600158691406,66.1585828809026,64.56249016102733,1.15859417830832,0.7434735794242529
2019-12-13,67.86499786376953,68.82499694824219,67.73249816894531,68.7874984741211,133587600,66.57875022888183,63.360250091552736,66.40895579454245,68.19989640312724,1.2336576921656501,-0.027112294480243326
2019-12-16,69.25,70.19750213623047,69.24500274658203,69.96499633789062,128186000,66.75499992370605,63.624500045776365,66.74762632248037,72.13190169676238,1.372340813896841,-0.0404348906635047
2019-12-17,69.89250183105469,70.44249725341797,69.69999694824219,70.10250091552734,114158400,66.92137489318847,63.89125007629394,67.06713818848485,72.55861220899025,1.4763254959319454,-0.10943160719579359
2019-12-18,69.94999694824219,70.4749984741211,69.77999877929688,69.93499755859375,116028400,67.08949966430664,64.1679500579834,67.34026765230475,71.12982101067595,1.5276086628316108,0.016380748153443037
2019-12-19,69.875,70.29499816894531,69.73750305175781,70.00499725341797,98369200,67.29987449645996,64.43290000915528,67.59405142383933,71.38342423950711,1.5559631577067137,-0.15219722068045405
2019-12-20,70.55750274658203,70.6624984741211,69.63999938964844,69.86000061035156,275978000,67.51774940490722,64.67965003967285,67.80985610826907,70.01152776105187,1.5488797601396698,1.8055326260658826
2019-12-23,70.13249969482422,71.0625,70.09249877929688,71.0,98572000,67.79549942016601,64.91860000610352,68.11367933605297,74.20846528398259,1.6166191605347109,-0.642826602120459
2019-12-24,71.17250061035156,71.22250366210938,70.7300033569336,71.06749725341797,48478800,68.01924934387208,65.16059997558594,68.39499532818297,74.43658519613666,1.656652726238974,-0.5081889380351419
2019-12-26,71.20500183105469,72.49500274658203,71.17500305175781,72.47750091552734,93121200,68.33949928283691,65.43354995727539,68.78380538412053,78.67899408354155,1.7816177467597214,0.9208643778311345
2019-12-27,72.77999877929688,73.49250030517578,72.02999877929688,72.44999694824219,146266000,68.61399917602539,65.71069992065429,69.13296648546545,78.40565556725662,1.857027429301553,0.570705703964296
2019-12-30,72.36499786376953,73.17250061035156,71.30500030517578,72.87999725341797,144114400,68.9173740386963,65.99189987182618,69.48982655860378,79.59896309365195,1.9292484023121403,-0.01471018555234982
2019-12-31,72.48249816894531,73.41999816894531,72.37999725341797,73.4124984741211,100805600,69.28599891662597,66.27809982299804,69.86341436008162,80.99925780429265,2.006324778803176,-0.3005168116440827
2020-01-02,74.05999755859375,75.1500015258789,73.79750061035156,75.0875015258789,135480400,69.79724884033203,66.57729988098144,70.36094647110993,84.58373654331848,2.177466630281927,0.3439769219170363
2020-01-03,74.2874984741211,75.1449966430664,74.125,74.35749816894531,146322800,70.24337387084961,66.86464981079102,70.74157044233235,77.70369512036322,2.228503805898413,0.08002928836938783
2020-01-06,73.44750213623047,74.98999786376953,73.1875,74.94999694824219,118387200,70.6711238861084,67.14774978637695,71.14237296670471,79.18367411297777,2.2903590021697937,-0.19091761502650306
2020-01-07,74.95999908447266,75.2249984741211,74.37000274658203,74.59750366210938,108872000,71.01712417602539,67.42179985046387,71.47143303293373,75.95355287549727,2.2846009707003674,-0.08037355389771872
2020-01-08,74.29000091552734,76.11000061035156,74.29000091552734,75.79750061035156,132079200,71.47049903869629,67.70484985351563,71.8834394688783,79.08192786939324,2.3497806060675543,0.21316040855316332
2020-01-09,76.80999755859375,77.60749816894531,76.55000305175781,77.40750122070312,170108400,71.98487396240235,68.00774986267089,72.4095405880997,82.39181421871578,2.5025022425107295,0.2879272436538076
2020-01-10,77.6500015258789,78.1675033569336,77.0625,77.5824966430664,140644800,72.47937393188477,68.34294982910156,72.9022030695251,82.71201409251228,2.607597150995062,-0.17320485055411727
2020-01-13,77.91000366210938,79.26750183105469,77.7874984741211,79.23999786376953,121532000,73.04812393188476,68.71144981384278,73.50580257373886,85.41700139549354,2.7924425795104497,-0.1358941105536785
2020-01-14,79.17500305175781,79.39250183105469,78.0425033569336,78.16999816894531,161954400,73.51724891662597,69.0310498046875,73.95001167804423,77.03716389008108,2.8200856879680316,0.3326070499950631
2020-01-15,77.9625015258789,78.875,77.38749694824219,77.83499908447266,121923600,73.91074905395507,69.30864974975586,74.32001047865647,74.57053845920855,2.7828820916965924,-0.2471732784042916
2020-01-16,78.39749908447266,78.92500305175781,78.02249908447266,78.80999755859375,108829200,74.3461238861084,69.59734970092774,74.74762829579335,76.88980920023374,2.799797874984222,-0.10739840359044517
2020-01-17,79.06749725341797,79.68499755859375,78.75,79.68250274658203,137816400,74.83349914550782,69.90534973144531,75.2176163387256,78.7569612728859,2.850746006516516,0.26635498561047943
2020-01-21,79.29750061035156,79.75499725341797,79.0,79.14250183105469,110843200,75.29037437438964,70.20199981689453,75.59141495704266,74.73259602211719,2.8150985036975698,-0.19571836153026778
2020-01-22,79.6449966430664,79.99749755859375,79.32749938964844,79.42500305175781,101832400,75.76862449645996,70.49334991455078,75.95651858511077,75.43965148235829,2.777624363782138,-0.08129321419807445
2020-01-23,79.4800033569336,79.88999938964844,78.9124984741211,79.80750274658203,104472000,76.20899963378906,70.78879989624023,76.32327898144136,76.40249218830915,2.7471232399166468,0.025921023171407098
2020-01-24,80.0625,80.8324966430664,79.37999725341797,79.57749938964844,146537600,76.63449974060059,71.06934982299805,76.63320473460394,74.51090008609123,2.6735722541137363,0.40264951374530966
2020-01-27,77.51499938964844,77.94249725341797,76.22000122070312,77.23750305175781,161940000,76.87249984741212,71.3042999267578,76.69075695528525,58.61185272457443,2.398812403477862,0.10510885943266435
2020-01-28,78.1500015258789,79.5999984741211,78.04750061035156,79.42250061035156,162234000,77.22112503051758,71.57039993286133,76.95092301767252,65.92365947509927,2.330509620292233,0.001815487217488032
2020-01-29,81.11250305175781,81.9625015258789,80.34500122070312,81.08499908447266,216229200,77.63137512207031,71.8788998413086,77.34464454784397,70.23272225196277,2.383058490429491,0.3328229594289729
2020-01-30,80.13500213623047,81.02249908447266,79.6875,80.96749877929688,126743200,78.00912513732911,72.1694497680664,77.68967828417281,69.56318957010073,2.3876986521990204,-0.41384789843369907
2020-01-31,80.23249816894531,80.66999816894531,77.07250213623047,77.37750244140625,199588400,78.12362518310547,72.38149978637695,77.65994725152838,52.953350708374735,2.077742391278477,0.5747464163757898
2020-02-03,76.07499694824219,78.37249755859375,75.55500030517578,77.16500091552734,173788400,78.26400032043458,72.59334976196288,77.61280950524257,52.15944013806633,1.79426950226744,-0.1292660294886877
2020-02-04,78.82749938964844,79.91000366210938,78.40750122070312,79.7125015258789,136616400,78.5021255493164,72.87164978027344,77.8127801738746,59.917750552868974,1.7549472646684023,-0.21389229660897968
2020-02-05,80.87999725341797,81.19000244140625,79.73750305175781,80.36250305175781,118826800,78.79037551879883,73.16884979248047,78.05561092414919,61.62766314174863,1.7559918183043095,-0.13021569884728335
2020-02-06,80.64250183105469,81.30500030517578,80.06500244140625,81.30249786376953,105425600,79.06562538146973,73.48599975585938,78.36483825173208,64.01822595303867,1.8117842391390155,-0.11277927201607718
2020-02-07,80.59249877929688,80.8499984741211,79.5,80.00749969482422,117684000,79.19562530517578,73.75429977416992,78.52128219869324,58.601703673005645,1.7315444386903636,0.11627536385849346
2020-02-10,78.54499816894531,80.38749694824219,78.4625015258789,80.38749694824219,109348800,79.33587532043457,74.04059967041016,78.69901693674552,59.67974680269325,1.6792589692247333,-0.07082696033445501
2020-02-11,80.9000015258789,80.9749984741211,79.67749786376953,79.90249633789062,94323200,79.36900024414062,74.29944961547852,78.81363402256886,57.61743604749127,1.5804682083421397,-0.137409829828951
2020-02-12,80.36750030517578,81.80500030517578,80.36750030517578,81.80000305175781,113730400,79.55050048828124,74.59919967651368,79.09805012058686,63.00395457741703,1.6364250627928385,0.20575213733206676
2020-02-13,81.04750061035156,81.55500030517578,80.8375015258789,81.21749877929688,94747600,79.71962547302246,74.90274963378906,79.29990237379734,60.4634817082107,1.6151496072198057,-0.16691051820797254
2020-02-14,81.18499755859375,81.49500274658203,80.7125015258789,81.23750305175781,80113600,79.84100074768067,75.23024963378906,79.48443577169833,60.52235337557643,1.5816703220843067,-0.1544524610649769
2020-02-18,78.83999633789062,79.9375,78.65249633789062,79.75,152531200,79.84437561035156,75.51654968261718,79.50972760296516,54.074432854350356,1.4187541678113291,0.9039364102973777
2020-02-19,80.0,81.14250183105469,80.0,80.90499877929688,93984000,79.93250045776367,75.8067497253418,79.6426105721396,57.83111403821736,1.3670818222956598,-0.3838375361893174
2020-02-20,80.65750122070312,81.1624984741211,79.55249786376953,80.07499694824219,100566000,79.96500015258789,76.05469970703125,79.68379022700651,54.3881215180446,1.2448075386047037,0.07003319713993861
2020-02-21,79.65499877929688,80.11250305175781,77.625,78.26249694824219,129554000,79.8877498626709,76.28534957885742,79.5484289623623,47.708471992652825,0.990235862908321,0.2882485134140764
2020-02-24,74.31500244140625,76.04499816894531,72.30750274658203,74.54499816894531,222195200,79.63612480163575,76.43384948730468,79.07191174394163,37.52809909139925,0.4829477714882273,0.7150778825817805
2020-02-25,75.23750305175781,75.63249969482422,71.53250122070312,72.0199966430664,230673600,79.37524948120117,76.52039947509766,78.4003007819535,32.46134140480382,-0.12142846483965286,0.038157439944697336
2020-02-26,71.63249969482422,74.47000122070312,71.625,73.1624984741211,198054800,79.06224937438965,76.6263494873047,77.90146246692184,36.63036827996671,-0.5024190627350293,-0.14140673228319145
2020-02-27,70.2750015258789,71.5,68.23999786376953,68.37999725341797,320605600,78.42699928283692,76.61819946289063,76.99465625611195,28.65622391100584,-1.1767004654415274,0.618772178205224
2020-02-28,64.31500244140625,69.60250091552734,64.09249877929688,68.33999633789062,426510000,77.79562416076661,76.58569946289063,76.17040293056706,28.600143582654468,-1.694764880020685,0.330326107840911
2020-03-02,70.56999969482422,75.36000061035156,69.43000030517578,74.70249938964844,341397200,77.66187400817871,76.67769943237305,76.03060259333672,46.52591034126141,-1.5737921422428087,-0.19955639961548377
2020-03-03,75.9175033569336,76.0,71.44999694824219,72.33000183105469,319475600,77.42012405395508,76.72559951782226,75.67816442550034,42.264809852382925,-1.6503370430483244,-0.06421142294078563
2020-03-04,74.11000061035156,75.8499984741211,73.28250122070312,75.68499755859375,219178400,77.21874885559082,76.83919952392579,75.67881520008066,49.331782402322915,-1.4238658726159343,-0.3139432244590823
2020-03-05,73.87999725341797,74.88749694824219,72.85250091552734,73.2300033569336,187572800,76.86212387084962,76.90659957885742,75.44559502454285,44.99196964112246,-1.426044796510837,-0.14420034090950573
2020-03-06,70.5,72.70500183105469,70.30750274658203,72.25749969482422,226176800,76.40987396240234,76.9317495727539,75.14196689790299,43.36453217871882,-1.4890793475767055,0.20580809157830982
2020-03-09,65.9375,69.52249908447266,65.75,66.5425033569336,286744800,75.73662414550782,76.84124969482421,74.32297037019161,35.28677694194886,-1.977392970407891,0.2677905072491962
2020-03-10,69.28500366210938,71.61000061035156,67.34249877929688,71.33499908447266,285290000,75.28399925231933,76.81839965820312,74.03840167631361,44.60543988072164,-1.9551331243276877,-0.005073500896964789
2020-03-11,69.34750366210938,70.30500030517578,67.96499633789062,68.85749816894531,255598800,74.73174934387207,76.74654968261719,73.54498229465949,41.294935706951776,-2.1130477552832474,-0.10407374951803428
2020-03-12,63.98500061035156,67.5,62.0,62.057498931884766,418474000,73.74462413787842,76.53009971618653,72.45093626010951,33.86567255453785,-2.75513980978279,0.6372299087476154
2020-03-13,66.22250366210938,69.9800033569336,63.23749923706055,69.49250030517578,370732000,73.15837421417237,76.45169975280761,72.16918045487773,45.42647163070272,-2.6337002579198128,-0.11408594082308576
2020-03-16,60.48749923706055,64.7699966430664,60.0,60.5525016784668,322423600,72.1241241455078,76.16099975585938,71.06283009521955,37.04167377416541,-3.221703915338196,-0.1303054497588555
2020-03-17,61.877498626708984,64.40249633789062,59.599998474121094,63.21500015258789,324056000,71.29737415313721,75.93814979553223,70.31541771973082,40.56048101115063,-3.433282926316295,0.005062904824584713
2020-03-18,59.942501068115234,62.5,59.279998779296875,61.66749954223633,300233600,70.33549919128419,75.67249984741211,69.49180646473134,39.189479470725,-3.6833715684916655,-0.07351321993729476
2020-03-19,61.84749984741211,63.209999084472656,60.65250015258789,61.19499969482422,271857200,69.39149932861328,75.4044497680664,68.70163439140686,38.75869551020268,-3.8750265145081926,-0.09451440478347528
2020-03-20,61.79499816894531,62.95750045776367,57.0,57.310001373291016,401693200,68.34387454986572,75.0346997833252,67.61671696111011,35.32078748568479,-4.29093807319606,0.4775889695031068
2020-03-23,57.02000045776367,57.125,53.15250015258789,56.092498779296875,336752800,67.4212495803833,74.60839973449707,66.519172372366,34.2941688882925,-4.665017842364762,-0.1616666650070253
2020-03-24,59.09000015258789,61.92250061035156,58.57500076293945,61.720001220703125,287531200,66.90624980926513,74.2911498260498,66.06210845316001,42.59896463953388,-4.456020112429037,-0.1461653770956025
2020-03-25,62.6875,64.5625,61.07500076293945,61.380001068115234,303602000,66.31712493896484,73.93394989013672,65.61619346410812,42.25149629930431,-4.268617115535655,0.05589236924549401
2020-03-26,61.630001068115234,64.66999816894531,61.59000015258789,64.61000061035156,252087200,66.12862510681153,73.66274993896485,65.52036557327416,46.6994089807144,-3.8154824152779767,-0.16967872411907692
2020-03-27,63.1875,63.967498779296875,61.76250076293945,61.935001373291016,204216800,65.80837535858154,73.34474998474121,65.1789023161329,43.697626294682586,-3.630371322416792,-0.1898961946501052
2020-03-30,62.685001373291016,63.880001068115234,62.349998474121094,63.70249938964844,167976400,65.25837535858155,73.0426000213623,65.03829251361057,46.1602109533311,-3.3029725181874454,-0.17746042441170362
2020-03-31,63.900001525878906,65.62249755859375,63.0,63.5724983215332,197002000,64.82050018310547,72.72039993286133,64.89869306674606,46.000842294713316,-3.0191932266529875,0.1727957022534119
2020-04-01,61.625,62.18000030517578,59.782501220703125,60.227500915527344,176218400,64.04762535095215,72.34209991455079,64.45381762377285,41.98427254484522,-3.0292896633754296,-0.10549943655394356
2020-04-02,60.084999084472656,61.287498474121094,59.224998474121094,61.23249816894531,165934000,63.447750091552734,71.97824981689453,64.14702529474165,43.57827741311854,-2.9225074364508288,-0.05836166938299292
2020-04-03,60.70000076293945,61.42499923706055,59.74250030517578,60.352500915527344,129880000,62.85250015258789,71.58914978027343,63.785642020530766,42.47773600429523,-2.8757404305979435,-0.21727915918377183
2020-04-06,62.724998474121094,65.77749633789062,62.345001220703125,65.61750030517578,201820400,62.80625,71.30994979858399,63.96010471430648,50.527798585835264,-2.3863276920164793,0.5538989836772406
2020-04-07,67.69999694824219,67.92500305175781,64.75,64.85749816894531,202887200,62.48237495422363,71.06234970092774,64.04557075760542,49.45195794015455,-2.0363169966788277,0.005285887848800241
2020-04-08,65.68499755859375,66.84249877929688,65.30750274658203,66.51750183105469,168895200,62.3653751373291,70.80424972534179,64.28099276460058,51.86284521423779,-1.606464256668481,-0.1675413727430809
2020-04-09,67.17500305175781,67.51750183105469,66.17500305175781,66.99749755859375,161834800,62.61237506866455,70.52249969482422,64.53970750688565,52.56731645981588,-1.2130875019658873,-0.04180343787153218
2020-04-13,67.07749938964844,68.42500305175781,66.4574966430664,68.3125,131022800,62.55337505340576,70.26939971923828,64.89902107765845,54.53056933082863,-0.786161502221006,-0.1903916833709437
2020-04-14,70.0,72.0625,69.51249694824219,71.76249694824219,194994800,63.11387481689453,70.157099609375,65.55268544628547,59.29119206004711,-0.1675027828776905,0.4882508998433861
2020-04-15,70.5999984741211,71.5824966430664,70.15750122070312,71.10749816894531,131154400,63.508499717712404,70.03594955444336,66.08171522939593,58.04856109539468,0.26685959071380694,-0.3273953972105923
2020-04-16,71.84500122070312,72.05000305175781,70.5875015258789,71.67250061035156,157125200,64.00874977111816,69.87514953613281,66.61417097996313,58.849721152985076,0.6492022765661716,0.19801699371122883
2020-04-17,71.17250061035156,71.73750305175781,69.21499633789062,70.69999694824219,215250000,64.48399963378907,69.6818994140625,67.00329726265637,56.83769111748587,0.8637815556660939,0.36992665721348317
2020-04-20,69.48750305175781,70.41999816894531,69.2125015258789,69.23249816894531,130015200,65.08012447357177,69.44049942016602,67.21560211087437,53.846013497823414,0.9049901303370405,-0.39598048780487805
2020-04-21,69.06999969482422,69.3125,66.35749816894531,67.09249877929688,180991600,65.63012447357178,69.18219940185547,67.20387798405747,49.73489360406624,0.7562505708014413,0.3920803106098363
2020-04-22,68.40249633789062,69.4749984741211,68.05000305175781,69.0250015258789,116862400,65.99537448883056,68.95494949340821,67.37731832137379,53.20912623975142,0.7852582509974582,-0.354321416021517
2020-04-23,68.96749877929688,70.4375,68.71749877929688,68.75749969482422,124814400,66.36424942016602,68.73204956054687,67.5087641664643,52.66647863078924,0.7776970765825979,0.06804583852462387
2020-04-24,69.30000305175781,70.75250244140625,69.25,70.74250030517578,126161200,66.67087440490722,68.51089950561523,67.81673903681778,56.23339703429831,0.9212580618231243,0.010790421618018353
2020-04-27,70.44999694824219,71.13500213623047,69.98750305175781,70.7925033569336,117087600,67.11374950408936,68.30239959716796,68.1001451625431,56.32268662370236,1.027224797273476,-0.07192068559905895
2020-04-28,71.2699966430664,71.4574966430664,69.55000305175781,69.6449966430664,112004800,67.41087436676025,68.07054946899414,68.24727387497389,53.619214819545824,1.0070019057392017,-0.04341023302211333
2020-04-29,71.18250274658203,72.4175033569336,70.97250366210938,71.93250274658203,137280800,67.8288745880127,67.91419952392579,68.59824805322228,57.95207577403937,1.1621610741253932,0.22566889990428973
2020-04-30,72.48999786376953,73.63249969482422,72.0875015258789,73.44999694824219,183064000,68.48999938964843,67.76509948730468,69.0603193765575,60.58278049300999,1.391534192803988,0.33350038752687916
2020-05-01,71.5625,74.75,71.4625015258789,72.26750183105469,240616800,69.0417495727539,67.60894958496094,69.36576532460485,57.56066971067856,1.4610544423314735,0.31438622558231
2020-05-04,72.2925033569336,73.42250061035156,71.58000183105469,73.29000091552734,133568000,69.68862457275391,67.50949966430665,69.73950204754985,59.44457220267487,1.5804385597558763,-0.4448932909090304
2020-05-05,73.76499938964844,75.25,73.61499786376953,74.38999938964844,147751200,70.12724952697754,67.5063996887207,70.18240655632114,61.42825846141808,1.7437115948786044,0.10618711068519415
2020-05-06,75.11499786376953,75.80999755859375,74.71749877929688,75.15750122070312,142333600,70.64224967956542,67.56914978027343,70.6562250957861,62.79564044018525,1.9129859240773754,-0.036667045682200916
2020-05-07,75.80500030517578,76.2925033569336,75.49250030517578,75.93499755859375,115215200,71.11312446594238,67.62459976196288,71.15896533033921,64.18092374642848,2.0858303522662425,-0.19052704350905192
2020-05-08,76.41000366210938,77.5875015258789,76.07250213623047,77.53250122070312,133838400,71.63987464904785,67.80764984130859,71.7659687484691,66.90741236433794,2.3249158191663497,0.16163839493400167
2020-05-11,77.0250015258789,79.26249694824219,76.80999755859375,78.75250244140625,145946400,72.16187477111816,68.0158999633789,72.43135290970122,68.85704257425763,2.583060760193561,0.09046730983036255
2020-05-12,79.4574966430664,79.92250061035156,77.72750091552734,77.85250091552734,162301200,72.46637496948242,68.07889999389648,72.9476527197799,65.77831049779704,2.684079486738,0.11206031803456606
2020-05-13,78.0374984741211,78.98750305175781,75.80249786376953,76.9124984741211,200622400,72.75662498474121,68.17054992675781,73.3252570773362,62.62862751266973,2.657651462502642,0.2361116245597692
2020-05-14,76.12750244140625,77.44750213623047,75.38249969482422,77.38500213623047,158929200,73.04225006103516,68.20455001831054,73.71189946389757,63.57284123769021,2.6443517189822217,-0.2078192664428299
2020-05-15,75.0875015258789,76.9749984741211,75.05249786376953,76.92749786376953,166348400,73.35362510681152,68.27849990844726,74.01814693055204,61.94097719739193,2.5673005623641245,0.04668242210997109
2020-05-18,78.2925033569336,79.125,77.58000183105469,78.73999786376953,135178400,73.82900009155273,68.40814987182617,74.4678470194299,65.69765310674677,2.622262755186256,-0.18737781667872966
2020-05-19,78.75749969482422,79.62999725341797,78.25250244140625,78.28500366210938,101729600,74.38862533569336,68.64299987792968,74.83138574730414,63.99011073753164,2.599145132277016,-0.24744189900161562
2020-05-20,79.16999816894531,79.87999725341797,79.12999725341797,79.80750274658203,111504800,74.92775039672851,68.81244995117187,75.30530165199727,67.07398502324811,2.672866065428252,0.09609002689482704
2020-05-21,79.66500091552734,80.22250366210938,78.96749877929688,79.2125015258789,102688800,75.45050048828125,69.01955001831055,75.67741592570029,64.74054454228823,2.65270013430343,-0.07906386092796003
2020-05-22,78.94249725341797,79.80750274658203,78.8375015258789,79.72250366210938,81803200,75.89950065612793,69.37285011291505,76.06266237678686,65.83760301337955,2.647354345750486,-0.20338732169428408
2020-05-26,80.875,81.05999755859375,79.125,79.18250274658203,125522000,76.31900062561036,69.56665016174317,76.35979003105307,63.581835088813556,2.569919773471767,0.5344387505623251
2020-05-27,79.03500366210938,79.67749786376953,78.27249908447266,79.52749633789062,112945200,76.81312561035156,69.94615005493164,76.66147634598998,64.42056223936616,2.507485682549003,-0.10019598158091814
2020-05-28,79.19249725341797,80.86000061035156,78.90750122070312,79.5625,133560800,77.19462547302246,70.27310005187988,76.93776431303856,64.50987167645701,2.4327870637601308,0.18252745579272078
2020-05-29,79.8125,80.2874984741211,79.11750030517578,79.48500061035156,153532400,77.49637565612792,70.62945007324218,77.18035824611599,64.1260739433609,2.340356148283959,0.14953189858102078
2020-06-01,79.4375,80.5875015258789,79.30249786376953,80.4625015258789,80791200,77.90612564086913,71.01480010986329,77.49294332037913,66.8083795472042,2.3192453200380356,-0.47378403516130796
2020-06-02,80.1875,80.86000061035156,79.73249816894531,80.83499908447266,87642800,78.2833755493164,71.48530006408691,77.81123434553089,67.79652974829517,2.3059902561999763,0.08480626602897345
2020-06-03,81.16500091552734,81.55000305175781,80.57499694824219,81.27999877929688,104491200,78.62787551879883,71.98905006408691,78.14159286303241,68.98447021700784,2.304824694589769,0.1922394081430534
2020-06-04,81.09750366210938,81.40499877929688,80.19499969482422,80.58000183105469,87560400,78.89900054931641,72.36625007629395,78.37382228855834,64.92714845987902,2.221805484413281,-0.16203086958518997
2020-06-05,80.8375015258789,82.9375,80.80750274658203,82.875,137250400,79.24600067138672,72.79615005493164,78.80250588012422,70.95807911150479,2.314519000066497,0.5674939812974815
2020-06-08,82.5625,83.4000015258789,81.83000183105469,83.36499786376953,95654400,79.53762550354004,73.17125,79.23702892618567,72.0626534254667,2.399869658157428,-0.3030665120101653
2020-06-09,83.03500366210938,86.40249633789062,83.00250244140625,85.99749755859375,147712400,79.89987525939941,73.65249992370606,79.88088308165311,77.10154115106914,2.649390865557578,0.5442300615549311
2020-06-10,86.9749984741211,88.69249725341797,86.52249908447266,88.20999908447266,166651600,80.41775016784668,74.14264991760254,80.67413222477877,80.31507719240028,2.9911880487411224,0.1282167238498595
2020-06-11,87.32749938964844,87.76499938964844,83.87000274658203,83.9749984741211,201662400,80.77087516784668,74.5506999206543,80.98850043900185,62.29409736669788,2.887055445010816,0.21008379157475843
2020-06-12,86.18000030517578,86.94999694824219,83.55500030517578,84.69999694824219,200146000,81.13662490844726,75.04014984130859,81.34197629702474,63.791902531158705,2.8304037910778135,-0.007519497933179409
2020-06-15,83.3125,86.41999816894531,83.1449966430664,85.74749755859375,138808800,81.57762489318847,75.53044982910156,81.76154975050751,65.89959568925534,2.8373245805192795,-0.3064622825337504
2020-06-16,87.86499786376953,88.30000305175781,86.18000030517578,88.0199966430664,165428800,82.04162483215332,76.08379974365235,82.3575923117036,69.98201270185312,2.9916946464439462,0.1917745848966348
2020-06-17,88.7874984741211,88.8499984741211,87.77249908447266,87.89749908447266,114406400,82.52224960327149,76.52939971923828,82.88520248053875,69.49901519697222,3.0687745834892013,-0.30842513516388925
2020-06-18,87.85250091552734,88.36250305175781,87.30500030517578,87.93250274658203,96820400,82.92849960327149,76.99089981079102,83.36589774397144,69.56365821790487,3.096985372356869,-0.15371517677332736
2020-06-19,88.66000366210938,89.13999938964844,86.2874984741211,87.43000030517578,264476000,83.33937454223633,77.40914978027344,83.75295513075281,67.35668106065282,3.0437088968292443,1.7316144118388275
2020-06-22,87.83499908447266,89.86499786376953,87.7874984741211,89.71749877929688,135445200,83.8391242980957,77.8635498046875,84.32100690680463,71.75042430798379,3.14976043790611,-0.48787337981518175
2020-06-23,91.0,93.09500122070312,90.56749725341795,91.63249969482422,212155600,84.46162414550781,78.32994979858398,85.01733955328268,74.807489317679,3.3497181520920947,0.5663574641257128
2020-06-24,91.25,92.19750213623048,89.62999725341797,90.01499938964844,192623200,84.9859992980957,78.6949998474121,85.49330715674608,68.10365553604558,3.3391753892654776,-0.0920663890088218
2020-06-25,90.1750030517578,91.25,89.39250183105469,91.20999908447266,137522400,85.56837425231933,79.09704986572265,86.03775400700576,70.22649078380485,3.3881897200936635,-0.2860548469758575
2020-06-26,91.10250091552734,91.33000183105467,88.25499725341797,88.40750122070312,205256800,86.01449928283691,79.43174987792969,86.26344421783408,60.12087366838818,3.16441832952907,0.4925335799840609
2020-06-29,88.3125,90.5425033569336,87.81999969482422,90.44499969482422,130646000,86.51362419128418,79.82664993286133,86.66168759659504,64.15898975814412,3.115572607455036,-0.3634997719929376
2020-06-30,90.0199966430664,91.49500274658205,90.0,91.1999969482422,140223200,87.03187408447266,80.26599990844727,87.09390753484715,65.55100035939944,3.1020257672713427,0.07330649235338238
2020-07-01,91.27999877929688,91.83999633789062,90.97750091552734,91.02749633789062,110737200,87.51924896240234,80.74469985961915,87.46853503989891,64.93050147498606,3.0423006926005627,-0.21027904084345528
2020-07-02,91.9625015258789,92.61750030517578,90.91000366210938,91.02749633789062,114041600,88.04162368774413,81.18474975585937,87.80748373494573,64.93050147498604,2.9608374495667533,0.02984001762731947
2020-07-06,92.5,93.94499969482422,92.46749877929688,93.4625015258789,118655600,88.57099876403808,81.67884979248046,88.34605685789175,69.63594037396122,3.0575166621909773,0.04045892025366182
2020-07-07,93.85250091552734,94.65499877929688,93.05750274658205,93.17250061035156,112424400,89.06137390136719,82.12744979858398,88.80571816764983,68.45785162093412,3.0752850131543283,-0.05251500982675916
2020-07-08,94.18000030517578,95.375,94.08999633789062,95.34249877929688,117092000,89.52862396240235,82.61844970703125,89.42826870209241,72.24207101616447,3.227265369828885,0.0415176776571633
2020-07-09,96.2624969482422,96.31749725341795,94.67250061035156,95.75250244140624,125642800,89.90574913024902,83.14059982299804,90.03057667726516,72.90354172484336,3.3422671907555213,0.07302633826392912
2020-07-10,95.33499908447266,95.9800033569336,94.70500183105467,95.91999816894533,90257200,90.50299911499023,83.62034973144532,90.59147396218708,73.18467182970298,3.4076413000515373,-0.2816365123986412
2020-07-13,97.26499938964844,99.95500183105467,95.25749969482422,95.47750091552734,191649200,91.0418743133545,84.06089981079101,91.0568098625052,71.08634778646896,3.384727886263775,1.1233674432621443
2020-07-14,94.83999633789062,97.25499725341795,93.87750244140624,97.05750274658205,170989200,91.60737457275391,84.55669982910156,91.62830442289348,73.9575629831765,3.4542434159869657,-0.10780112831151922
2020-07-15,98.98999786376952,99.24749755859376,96.48999786376952,97.7249984741211,153198000,92.09262466430664,85.04539978027344,92.20894195158182,75.083280037787,3.5225900751921557,-0.10404867675853213
2020-07-16,96.5625,97.40499877929688,95.90499877929688,96.52249908447266,110577600,92.52387466430665,85.48804977416992,92.61975691661904,69.27379471009749,3.4400686736836263,-0.2782046763012572
2020-07-17,96.9875030517578,97.14749908447266,95.83999633789062,96.32749938964844,92186800,92.94362449645996,85.91144973754882,92.97287524738374,68.35022827238342,3.3206565609637977,-0.1663157818581702
2020-07-20,96.4175033569336,98.5,96.0625,98.35749816894533,90318000,93.48999938964843,86.35989974975585,93.48569647800865,72.46570090633297,3.3511950469424363,-0.020271882742431635
2020-07-21,99.17250061035156,99.25,96.74250030517578,97.0,103433200,93.8541244506836,86.7492497253418,93.82039205153163,66.2608114945024,3.2286405020019515,0.14521136429061765
2020-07-22,96.69249725341795,97.9749984741211,96.60250091552734,97.27249908447266,89001600,94.13612442016601,87.11964965820313,94.14916414990697,66.87398200543177,3.1175661786361104,-0.13952580022661965
2020-07-23,96.99749755859376,97.07749938964844,92.01000213623048,92.84500122070312,197004400,94.27762451171876,87.41949966430664,94.02495815664946,50.739055195059656,2.6418236036341227,1.2134927911408333
2020-07-24,90.9875030517578,92.97000122070312,89.1449966430664,92.61499786376952,185438800,94.34787445068359,87.73354965209961,93.89067622399423,50.063299395539225,2.2206367189212415,-0.058707318212182114
2020-07-27,93.70999908447266,94.90499877929688,93.4800033569336,94.80999755859376,121214000,94.66799926757812,88.08204956054688,93.97823063681324,56.07556992160537,2.0404402838310745,-0.34633960098965266
2020-07-28,94.36750030517578,94.5500030517578,93.24749755859376,93.25250244140624,103625600,94.80837440490723,88.40854965209961,93.90911366582209,51.35117725467355,1.7517632352089265,-0.14510205091821082
2020-07-29,93.75,95.2300033569336,93.7125015258789,95.04000091552734,90329200,95.00037460327148,88.73454971313477,94.01681721341306,55.939226559170756,1.6482211154467166,-0.12831192292252103
2020-07-30,94.1875,96.29750061035156,93.76750183105467,96.19000244140624,158130000,95.25849990844726,89.0926496887207,94.2237872351267,58.64166732510299,1.6400532388889246,0.7505967062699548
2020-07-31,102.88500213623048,106.41500091552734,100.8249969482422,106.26000213623048,374336800,96.02012519836425,89.62169967651367,95.37009341618419,73.79711793142879,2.4182686589633704,1.3672724973123378
2020-08-03,108.1999969482422,111.6374969482422,107.89250183105467,108.9375,308151200,96.79387512207032,90.2161996459961,96.6622273765476,76.28543310387187,3.2140125509011597,-0.17680762350909662
2020-08-04,109.13249969482422,110.79000091552734,108.3874969482422,109.66500091552734,173071600,97.61850013732911,90.81504959106445,97.90058676121234,76.92657978078418,3.8588659574939044,-0.4383549374462926
2020-08-05,109.37750244140624,110.39250183105467,108.89749908447266,110.0625,121776800,98.35450019836426,91.43264953613281,99.05886421252545,77.28789549316447,4.351826633699787,-0.2963790708585349
2020-08-06,110.40499877929688,114.4124984741211,109.79750061035156,113.90249633789062,202428800,99.26199989318847,92.12014953613281,100.47254346256022,80.46963482665359,4.994780413992544,0.6622936388540346
2020-08-07,113.20500183105467,113.6750030517578,110.2925033569336,111.1125030517578,198045600,100.0216251373291,92.75114959716797,101.48587294724571,72.52041460473723,5.219034989242729,-0.021653045416462513
2020-08-10,112.5999984741211,113.7750015258789,110.0,112.72750091552734,212403600,100.88412513732911,93.41599960327149,102.55650418232015,74.11446871205429,5.464088574491683,0.07249845490129547
2020-08-11,111.97000122070312,112.48249816894533,109.10749816894533,109.375,187902400,101.5,93.9942495727539,103.2058847363849,65.6065779602126,5.326377338054996,-0.11535209384398382
2020-08-12,110.49749755859376,113.2750015258789,110.29750061035156,113.01000213623048,165598000,102.26425018310547,94.63774963378906,104.13961020303687,69.67181417609446,5.447756142733482,-0.11870204957467279
2020-08-13,114.43000030517578,116.0425033569336,113.92749786376952,115.01000213623048,210082000,103.18862533569336,95.31234970092774,105.17488562524578,71.65685073433247,5.640314965285199,0.2686264326863852
2020-08-14,114.83000183105467,115.0,113.04499816894533,114.90750122070312,165565200,104.1176254272461,95.9988996887207,106.10180139624171,71.39892410843896,5.718726334817433,-0.21190201921154594
2020-08-17,116.0625,116.0875015258789,113.9625015258789,114.60749816894533,119561600,104.9301254272461,96.6335496520996,106.91186775554682,70.59795969494868,5.691057206136165,-0.2778579073380155
2020-08-18,114.35250091552734,116.0,114.00749969482422,115.5625,105633600,105.85825042724609,97.27749969482421,107.73573749311379,71.68682302470847,5.680706243337411,-0.11649225169285127
2020-08-19,115.98249816894533,117.1624984741211,115.61000061035156,115.7074966430664,145538000,106.78000030517578,97.87169967651367,108.49495265025213,71.85723538376939,5.61942580533983,0.37776237863710027
2020-08-20,115.75,118.39250183105467,115.73249816894533,118.2750015258789,126907200,108.05150032043457,98.4729997253418,109.4263858765023,74.75477716716452,5.712190229978177,-0.12801330236776653
2020-08-21,119.2624969482422,124.86750030517578,119.25,124.37000274658205,338054800,109.63925056457519,99.28089981079101,110.84958748317656,80.01509743456525,6.205983648882224,1.6637952771789148
2020-08-24,128.69749450683594,128.78500366210938,123.9375,125.85749816894533,345937600,111.19162559509277,100.10404983520507,112.27891231039264,81.05273578261813,6.6407959777404955,0.02331811292133712
2020-08-25,124.69750213623048,125.18000030517578,123.05249786376952,124.8249969482422,211495600,112.77025032043457,100.88559982299805,113.47377751399736,78.02446707617234,6.82341755137405,-0.3886307819676149
2020-08-26,126.18000030517578,126.99250030517578,125.0824966430664,126.52249908447266,163022400,114.34437522888183,101.65564987182617,114.71651290166167,79.38795781407825,7.024150663505623,-0.22919247492619232
2020-08-27,127.14250183105467,127.48500061035156,123.8324966430664,125.01000213623048,155552400,115.78537521362304,102.39789993286132,115.69684520971585,74.92707886250125,6.980717867583635,-0.045821923858316405
2020-08-28,126.0124969482422,126.44249725341795,124.57749938964844,124.80750274658205,187630000,116.71275024414062,103.13539993286133,116.56452687989358,74.32491577619567,6.850983185933956,0.20621732612290145
2020-08-31,127.58000183105467,131.0,126.0,129.0399932861328,225702700,117.71787490844727,103.96759979248047,117.75266653763065,78.25798875199705,7.008899895079324,0.20291371315887652
2020-09-01,132.75999450683594,134.8000030517578,130.52999877929688,134.17999267578125,151948100,118.94362449645996,104.85684967041016,119.31717378888308,81.88681869629794,7.462778750762553,-0.32677765928365055
2020-09-02,137.58999633789062,137.97999572753906,127.0,131.39999389648438,200119000,120.01049919128418,105.65219955444336,120.46791856103559,74.63151829840501,7.511569646744107,0.3170220621383222
2020-09-03,126.91000366210938,128.83999633789062,120.5,120.87999725341795,257599600,120.35937423706055,106.26949951171875,120.5071641507863,54.83278573441457,6.624992187490804,0.2872320969023432
2020-09-04,120.06999969482422,123.6999969482422,110.88999938964844,120.95999908447266,332607200,120.85174903869628,106.86449951171875,120.55029128732785,54.93070426628687,5.861263643972023,0.2911790235699123
2020-09-08,113.9499969482422,118.98999786376952,112.68000030517578,112.81999969482422,231366600,120.85637397766114,107.35274948120117,119.81407304042274,44.38673921608373,4.546761117038386,-0.30438487200517605
2020-09-09,117.26000213623048,119.13999938964844,115.26000213623048,117.31999969482422,176940500,121.25362396240234,107.89024948120117,119.57654224560383,50.09030589906648,3.8240396373378047,-0.2352374975471827
2020-09-10,120.36000061035156,120.5,112.5,113.48999786376952,182274400,121.27762374877929,108.33604949951172,118.99687135209581,45.786281824787444,2.908698848914611,0.0301451617916757
2020-09-11,114.56999969482422,115.2300033569336,110.0,112.0,180860300,121.12712364196777,108.7554995727539,118.33050265189621,44.195288601763885,2.039543713878757,-0.007758083417089834
2020-09-14,114.72000122070312,115.93000030517578,112.8000030517578,115.36000061035156,140150100,121.14974861145019,109.24214965820312,118.04759769555862,48.53797268997825,1.603373286811717,-0.2250919632445595
2020-09-15,118.33000183105467,118.83000183105467,113.61000061035156,115.54000091552734,184642000,121.1963737487793,109.6836996459961,117.80877895460326,48.767983047707425,1.2577312581913134,0.31745892439605816
2020-09-16,115.2300033569336,116.0,112.04000091552734,112.12999725341795,154679000,121.02474861145019,110.06284957885742,117.26794260210941,44.69265180619854,0.7005728951074559,-0.16227618851615555
2020-09-17,109.72000122070312,112.1999969482422,108.70999908447266,110.33999633789062,178011000,120.75637359619141,110.36279953002929,116.60813819599333,42.67660294791844,0.11327697754830979,0.1508414199729764
2020-09-18,110.4000015258789,110.87999725341795,106.08999633789062,106.83999633789062,287104900,120.18462333679199,110.58454940795899,115.67783897141213,38.974527523744015,-0.6273483365228003,0.6128492059479471
2020-09-21,104.54000091552734,110.19000244140624,103.0999984741211,110.08000183105467,195713800,119.47012329101562,110.86774948120117,115.14471162471142,43.831963118876125,-0.941999089271718,-0.31831954104579896
2020-09-22,112.68000030517578,112.86000061035156,109.16000366210938,111.80999755859376,183055400,118.76774826049805,111.1943994140625,114.82711980889069,46.290252356016495,-1.0397799447639358,-0.0646781167194137
2020-09-23,111.62000274658205,112.11000061035156,106.7699966430664,107.12000274658205,150718700,117.88249855041504,111.3956494140625,114.09310866009939,41.0455394772769,-1.4786701733041951,-0.1766498010984653
2020-09-24,105.16999816894533,110.25,105.0,108.22000122070312,167743300,116.96737365722656,111.60554946899414,113.5337650944426,42.68574850603932,-1.7179299307969842,0.11295612289649526
2020-09-25,108.43000030517578,112.44000244140624,107.66999816894533,112.27999877929688,149981400,116.33087348937988,111.92069946289062,113.41435877871443,48.39279298518082,-1.5619321585653694,-0.10588738864681924
2020-09-28,115.01000213623048,115.31999969482422,112.77999877929688,114.95999908447266,137672400,115.83849830627442,112.29334945678711,113.56156261735806,51.80433235567086,-1.2081226869332369,-0.08207017670191108
2020-09-29,114.5500030517578,115.30999755859376,113.56999969482422,114.08999633789062,99382200,115.0909984588623,112.60799942016601,113.61188963836116,50.63414875194057,-0.9865556825393043,-0.2781254630557759
2020-09-30,113.79000091552734,117.26000213623048,113.62000274658205,115.80999755859376,142675200,114.17249870300293,112.9841993713379,113.82123324981188,52.8993542337965,-0.6645124257923527,0.4356212681949081
2020-10-01,117.63999938964844,117.72000122070312,115.83000183105467,116.79000091552734,116120400,113.44199905395507,113.37454940795898,114.10397302749907,54.189184282403794,-0.32644963575611996,-0.18612064325124478
2020-10-02,112.88999938964844,115.37000274658205,112.22000122070312,113.0199966430664,144712000,113.0489990234375,113.77804931640625,114.00073718136262,48.667819054029884,-0.35860648426300656,0.24622374707631045
2020-10-05,113.91000366210938,116.6500015258789,113.5500030517578,116.5,106243800,112.82599906921386,114.25574935913086,114.23876221170904,53.38894216511766,-0.1021068073632847,-0.26582591630272545
2020-10-06,115.6999969482422,116.12000274658205,112.25,113.16000366210938,161498200,112.84299926757812,114.62274948120117,114.13602330222336,48.754267479343945,-0.166420366007344,0.5200717594814945
2020-10-07,114.62000274658205,115.5500030517578,114.12999725341795,115.08000183105467,96849000,112.73099937438965,115.05929946899414,114.22592601925491,51.36781973196888,-0.061749706271200466,-0.4003091056123226
2020-10-08,116.25,116.4000015258789,114.58999633789062,114.97000122070312,83477200,112.80499954223633,115.45789947509766,114.29679032415474,51.20668871848418,0.012185943764919216,-0.13806853968548982
2020-10-09,115.27999877929688,117.0,114.91999816894533,116.97000122070312,100506900,113.05349960327149,115.8734994506836,114.55138183811174,54.0301428956974,0.2295180234939096,0.20400420713679912
2020-10-12,120.05999755859376,125.18000030517578,119.27999877929688,124.4000015258789,240226800,113.50549964904785,116.23629943847656,115.48934561789909,62.67186446697257,0.9898834319737233,1.390152317900562
2020-10-13,125.2699966430664,125.38999938964844,119.6500015258789,121.0999984741211,262330500,113.78349952697754,116.47954940795898,116.02369350896785,57.501551066876324,1.3110824865458994,0.09201179885008659
2020-10-14,121.0,123.02999877929688,119.62000274658205,121.19000244140624,150712000,114.23649978637695,116.71004943847656,116.51572293110485,57.604281294578364,1.5549728601788217,-0.4254880770630941
2020-10-15,118.72000122070312,121.1999969482422,118.1500015258789,120.70999908447266,112559200,114.75499992370605,116.92299942016602,116.91517780285416,56.815495153099555,1.690043707227801,-0.2531503795318223
2020-10-16,121.27999877929688,121.5500030517578,118.80999755859376,119.0199966430664,115393800,115.36399993896484,117.02534942626953,117.11563674001724,54.011246928070506,1.6417936780260476,0.025183192488930306
2020-10-19,119.95999908447266,120.41999816894533,115.66000366210938,115.9800033569336,120639300,115.65900001525878,117.12269943237305,117.00748117972356,49.297715296474685,1.3427744622018167,0.045457381592425294
2020-10-20,116.1999969482422,118.9800033569336,115.62999725341795,117.51000213623048,124423700,115.94400024414062,117.21834945678711,117.0553403184385,51.58764210061171,1.215249059409345,0.03136954541347636
2020-10-21,116.66999816894533,118.70999908447266,116.4499969482422,116.87000274658205,89946000,116.43150024414062,117.36824951171874,117.03768912111883,50.55899672664512,1.0504329200483085,-0.2770991378652138
2020-10-22,117.4499969482422,118.04000091552734,114.58999633789062,115.75,101988000,116.80800018310546,117.42304946899414,116.91505206196466,48.727856847150534,0.8199877721600615,0.13388032819691809
2020-10-23,116.38999938964844,116.5500030517578,114.27999877929688,115.04000091552734,82572600,116.946000289917,117.42364944458008,116.73647576230397,47.55210358650065,0.5734568857693318,-0.19036945523002702
2020-10-26,114.01000213623048,116.5500030517578,112.87999725341795,115.0500030517578,111850700,116.95050048828125,117.42649948120118,116.57585931368052,47.57129591481814,0.37456867640730707,0.3545740354548603
2020-10-27,115.48999786376952,117.27999877929688,114.54000091552734,116.5999984741211,92276800,117.07600059509278,117.46634948730468,116.57815828134153,50.588796452967365,0.33812235032749527,-0.17500024586345908
2020-10-28,115.0500030517578,115.43000030517578,111.0999984741211,111.1999969482422,143937800,116.84550056457519,117.37909942626953,116.06595244009398,41.604795741323414,-0.125055062202037,0.559848195862882
2020-10-29,112.37000274658205,116.93000030517578,112.1999969482422,115.31999969482422,146129200,116.77200050354004,117.37134948730468,115.99490932149686,49.04060140210887,-0.15785703169639476,0.015224631750659023
2020-10-30,111.05999755859376,111.98999786376952,107.72000122070312,108.86000061035156,190272600,116.56400070190429,117.18304946899414,115.31539420614969,40.362108236783534,-0.6970852022074894,0.30208473049876416
2020-11-02,109.11000061035156,110.68000030517578,107.31999969482422,108.7699966430664,122866900,116.17750053405761,116.87104934692383,114.69202300966556,40.255221298567484,-1.1187932283206266,-0.35425857427711605
2020-11-03,109.66000366210938,111.48999786376952,108.7300033569336,110.44000244140624,107624400,116.04150047302247,116.56269943237305,114.28706866983134,43.25782346775755,-1.3032216383329,-0.12405700803064124
2020-11-04,114.13999938964844,115.58999633789062,112.3499984741211,114.9499969482422,138235500,116.03500022888184,116.36519943237305,114.35020469634667,50.49384356321938,-1.0730936611495423,0.28442527902594583
2020-11-05,117.9499969482422,119.62000274658205,116.87000274658205,119.02999877929688,126387100,116.23800010681153,116.21534942626953,114.79589937091335,55.9647946067797,-0.5550947447975432,-0.08571170213150747
2020-11-06,118.31999969482422,119.1999969482422,116.12999725341795,118.69000244140624,114457900,116.32400016784668,116.08894943237304,115.1667663300079,55.41521425209438,-0.17005148691990257,-0.09438621504884592
2020-11-09,120.5,121.98999786376952,116.0500030517578,116.31999969482422,154515300,115.92000007629395,115.9191993713379,115.27659807903802,51.61056853250249,-0.05550155825967806,0.349974968962387
2020-11-10,115.5500030517578,117.58999633789062,114.12999725341795,115.97000122070312,138023400,115.66350021362305,115.6577995300293,115.34263647348232,51.05311402922125,0.006957927037205991,-0.10673311963281307
2020-11-11,117.19000244140624,119.62999725341795,116.44000244140624,119.48999786376952,112295000,115.57849998474121,115.36399963378906,115.73762327255729,56.17947457159021,0.3366115816080111,-0.18640607317309965
2020-11-12,119.62000274658205,120.52999877929688,118.56999969482422,119.20999908447266,103162300,115.50349998474121,115.12019973754883,116.06832573083494,55.679921918325775,0.5687151225203451,-0.08132775279398019
2020-11-13,119.44000244140624,119.66999816894533,117.87000274658205,119.26000213623048,81581900,115.51550025939942,115.08779983520508,116.37229491230119,55.75558553649379,0.7480703895004837,-0.20918882188551435
2020-11-16,118.91999816894533,120.98999786376952,118.1500015258789,120.3000030517578,91183000,115.73150024414062,115.07459991455079,116.7463623541542,57.38514241508179,0.9630289151309768,0.11768664372857218
2020-11-17,119.5500030517578,120.66999816894533,118.95999908447266,119.38999938964844,74271000,115.82550010681152,115.20599990844727,116.99813730991556,55.46033337600576,1.0478761411959283,-0.1854731693407763
2020-11-18,118.61000061035156,119.81999969482422,118.0,118.02999877929688,76322100,115.88349990844726,115.22019989013671,117.09640983080902,52.61968749817494,0.9939202024872031,0.027616431716282364
2020-11-19,117.58999633789062,119.05999755859376,116.80999755859376,118.63999938964844,74113000,116.02799987792969,115.3231999206543,117.24341836022231,53.763604309172024,0.9889813225299235,-0.028944434180925294
2020-11-20,118.63999938964844,118.7699966430664,117.29000091552734,117.33999633789062,73604300,116.14299964904785,115.4299998474121,117.25261626285739,50.940921340910315,0.8701374401151298,-0.0068638430504769365
2020-11-23,117.18000030517578,117.62000274658205,113.75,113.8499984741211,127959300,116.08299942016602,115.3997998046875,116.92855742583488,44.227665268038386,0.48870565205224636,0.7384758770887028
2020-11-24,113.91000366210938,115.8499984741211,112.58999633789062,115.16999816894533,113874200,116.01149940490723,115.39239974975585,116.7610755918454,47.06892219941493,0.2895929088316649,-0.11007484411058832
2020-11-25,115.5500030517578,116.75,115.16999816894533,116.02999877929688,76499200,116.25299949645996,115.47039978027344,116.69144922874554,48.89559040767653,0.19889672954064963,-0.3282130631872716
2020-11-27,116.56999969482422,117.48999786376952,116.22000122070312,116.58999633789062,46691300,116.31649932861328,115.59539978027344,116.68178704866412,50.103110765517776,0.17024400993220468,-0.3896498264034134
2020-11-30,116.97000122070312,120.97000122070312,116.80999755859376,119.0500030517578,169410200,116.8259994506836,115.83959991455077,116.90733142991114,55.119888449522406,0.3420950471294333,2.628303345591149
2020-12-01,121.01000213623048,123.47000122070312,120.01000213623048,122.72000122070312,127728200,117.52349967956543,116.09239990234374,117.46091902903419,61.36136569245168,0.7656010407795435,-0.24604185580325155
2020-12-02,122.0199966430664,123.37000274658205,120.88999938964844,123.08000183105467,89004200,118.15549964904785,116.31779998779297,117.99606977208376,61.920792708305704,1.117400930182697,-0.30317502321335466
2020-12-03,123.5199966430664,123.77999877929688,122.20999908447266,122.94000244140624,78967600,118.55499992370605,116.63419998168945,118.46692050249543,61.54759382516408,1.3691256679461787,-0.11276546500052809
2020-12-04,122.5999984741211,122.86000061035156,121.5199966430664,122.25,78260400,118.71599998474122,116.91479995727539,118.82721378797206,59.63972450232723,1.4957004025723677,-0.008955571652171312
2020-12-07,122.30999755859376,124.56999969482422,122.25,123.75,86712000,118.9689998626709,117.14419998168945,119.29605057006995,62.37053113646174,1.6974817427772564,0.10799331462655437
2020-12-08,124.37000274658205,124.9800033569336,123.08999633789062,124.37999725341795,82225500,119.37199974060059,117.33259994506835,119.78023596848405,63.48792285407284,1.886484206255716,-0.051740243564904476
2020-12-09,124.52999877929688,125.9499969482422,121.0,121.77999877929688,115089200,119.66249961853028,117.48639999389648,119.97068956951384,56.085903739587806,1.8056573782105971,0.39967771555052867
2020-12-10,120.5,123.87000274658205,120.1500015258789,123.23999786376952,81312200,119.84999961853028,117.635,120.28205226420485,58.97817010394884,1.838221387156409,-0.2934854008890495
2020-12-11,122.43000030517578,122.76000213623048,120.5500030517578,122.41000366210938,86939800,120.0099998474121,117.74740005493165,120.48471430210051,56.692229042152235,1.7765757440367338,0.06920978647730602
2020-12-14,122.5999984741211,123.3499984741211,121.54000091552734,121.77999877929688,79184500,120.13599967956543,117.92260009765624,120.60807472850017,54.95120605921029,1.6577751983022324,-0.08920310375685248
2020-12-15,124.33999633789062,127.9000015258789,124.12999725341795,127.87999725341795,157243700,120.51499938964844,118.1502000427246,121.30063877849234,65.87787023864965,2.032415387490815,0.9857888854510668
2020-12-16,127.41000366210938,128.3699951171875,126.55999755859376,127.80999755859376,98208600,120.93599929809571,118.4431999206543,121.92057770993057,65.68099312135567,2.297191453080046,-0.3754369809410488
2020-12-17,128.89999389648438,129.5800018310547,128.0399932861328,128.6999969482422,94359800,121.46949920654296,118.71559982299804,122.56623668500787,67.03011554872391,2.5494553708432193,-0.039190050565836354
2020-12-18,128.9600067138672,129.10000610351562,126.12000274658205,126.66000366210938,192541500,121.87049942016601,118.94939987182617,122.95611925425563,61.10101534654045,2.5553099118397427,1.0405034771163142
2020-12-21,125.0199966430664,128.30999755859375,123.4499969482422,128.22999572753906,121251600,122.41499938964844,119.1745997619629,123.45839320409215,63.757973408411154,2.656017994343216,-0.37025732114894716
2020-12-22,131.61000061035156,134.41000366210938,129.64999389648438,131.8800048828125,168904800,123.31649971008301,119.32419982910156,124.26045145920837,69.05068942954132,2.9958211483567254,0.39301089635105857
2020-12-23,132.16000366210938,132.42999267578125,130.77999877929688,130.9600067138672,88223700,124.1060001373291,119.52139999389648,124.89850434060445,66.41782521594918,3.1545181114046414,-0.47767203773960243
2020-12-24,131.32000732421875,133.4600067138672,131.10000610351562,131.97000122070312,54930100,124.90300025939942,119.73699996948243,125.57198023394717,67.86638607469058,3.3234737768860043,-0.37737705401156374
2020-12-28,133.99000549316406,137.33999633789062,133.50999450683594,136.69000244140625,124486200,125.90800056457519,120.05660003662109,126.63083949180042,73.59795238128098,3.794496418138195,1.2662656721906567
2020-12-29,138.0500030517578,138.7899932861328,134.33999633789062,134.8699951171875,121047300,126.69900016784668,120.37360000610352,127.41552097993252,68.5226316588273,3.975103357151511,-0.02762474876733323
2020-12-30,135.5800018310547,135.99000549316406,133.39999389648438,133.72000122070312,96452100,127.24900016784667,120.7283999633789,128.01594766952974,65.45132429427545,3.9795667921899707,-0.2031866881789185
2020-12-31,134.0800018310547,134.74000549316406,131.72000122070312,132.69000244140625,99116600,127.72950019836426,121.03199996948243,128.4610957430418,62.73893364815855,3.8555474521515123,0.02762511132468859
2021-01-04,133.52000427246094,133.61000061035156,126.76000213623048,129.41000366210938,143301900,128.05300025939943,121.28279998779297,128.55146792581013,54.93199404421166,3.452791115571742,0.4457911187429755
2021-01-05,128.88999938964844,131.74000549316406,128.42999267578125,131.00999450683594,97664900,128.49099998474122,121.58799987792969,128.78561331447926,57.69728257215766,3.2255278296190966,-0.31846751508528504
2021-01-06,127.72000122070312,131.0500030517578,126.37999725341795,126.5999984741211,155088000,128.63349990844728,121.81919982910156,128.57745952015944,48.80796894278269,2.658919841381291,0.5879604648138685
2021-01-07,128.36000061035156,131.6300048828125,127.86000061035156,130.9199981689453,109578200,128.96049995422362,122.13659973144532,128.80055843909142,55.96511580873317,2.5293104833304625,-0.2934450118642319
2021-01-08,132.42999267578125,132.6300048828125,130.22999572753906,132.0500030517578,105158200,129.47400016784667,122.44559982299805,129.11002935458345,57.63366772402925,2.4890834785482525,-0.040336490287301685
2021-01-11,129.19000244140625,130.1699981689453,128.5,128.97999572753906,100384500,129.76100006103516,122.80119979858398,129.09764519962684,51.88188601502212,2.1843001016040375,-0.04539541376706713
2021-01-12,128.5,129.69000244140625,126.86000061035156,128.8000030517578,91951100,130.08050003051758,123.07079986572266,129.06929832840123,51.55701273885498,1.9062590076212587,-0.0840109777903959
2021-01-13,128.75999450683594,131.4499969482422,128.49000549316406,130.88999938964844,88636800,130.53600006103517,123.51139984130859,129.2426984294724,55.07475534587035,1.8334201488896156,-0.03604415825368046
2021-01-14,130.8000030517578,131.0,128.75999450683594,128.91000366210938,90221800,130.58750038146974,123.91419998168945,129.21101321353305,51.27592370413183,1.5975106129413064,0.017881963247770694
2021-01-15,128.77999877929688,130.22000122070312,127.0,127.13999938964844,111598500,130.55400047302246,124.2481999206543,129.01377380173452,48.08303288255149,1.2532790332647892,0.23693497580407397
2021-01-19,127.77999877929688,128.7100067138672,126.94000244140624,127.83000183105467,90757300,130.5105007171631,124.50580001831055,128.90103361405073,49.405648378211986,1.024342474333963,-0.18675161404499163
2021-01-20,128.66000366210938,132.49000549316406,128.5500030517578,132.02999877929688,104319500,130.77900047302245,124.76580001831054,129.19903029645513,56.64566913221178,1.1683452975460966,0.14943370946469314
2021-01-21,133.8000030517578,139.6699981689453,133.58999633789062,136.8699951171875,120150900,131.21100044250488,125.12939987182617,129.92959837462013,63.183849467529924,1.6539501199224276,0.1517587795186901
2021-01-22,136.27999877929688,139.85000610351562,135.02000427246094,139.07000732421875,114459400,131.57050056457518,125.58440002441407,130.80011351267714,65.71486609503381,2.191060853457145,-0.04736959939542695
2021-01-25,143.07000732421875,145.08999633789062,136.5399932861328,142.9199981689453,157611700,132.1685001373291,126.1233999633789,131.95438824184555,69.64739465901626,2.89402652855847,0.3770096645622816
2021-01-26,143.60000610351562,144.3000030517578,141.3699951171875,143.16000366210938,98390600,132.7280002593994,126.5968000793457,133.0215897104421,69.87933524849183,3.4309484896616596,-0.37574050657406777
2021-01-27,143.42999267578125,144.3000030517578,140.41000366210938,142.05999755859375,140843800,132.9965000152588,127.05380004882812,133.88239045788512,67.33947903956008,3.724764941075591,0.4314761776023319
2021-01-28,139.52000427246094,141.99000549316406,136.6999969482422,137.08999633789062,142621100,133.10750007629395,127.41039993286132,134.18787673217136,57.22007627825726,3.516048217983979,0.012618943822873208
2021-01-29,135.8300018310547,136.74000549316406,130.2100067138672,131.9600067138672,177523800,133.01950035095214,127.64360000610351,133.97569863519,49.02993939217699,2.903224852756665,0.2447232562362791
2021-02-01,133.75,135.3800048828125,130.92999267578125,134.13999938964844,106239800,133.09200019836425,127.93860000610351,133.99134632609082,52.16341370741368,2.5639099526806888,-0.4015461588812317
2021-02-02,135.72999572753906,136.30999755859375,134.61000061035156,134.99000549316406,83305400,133.371000289917,128.27780014038086,134.08645672295495,53.36721291961285,2.336653353155981,-0.2158739003650233
2021-02-03,135.75999450683594,135.77000427246094,133.61000061035156,133.94000244140625,89880900,133.51750068664552,128.583800201416,134.0725086961408,51.638508412355094,2.048213855346461,0.0789324581599753
2021-02-04,136.3000030517578,137.39999389648438,134.58999633789062,137.38999938964844,84183100,134.05700073242187,128.98480026245116,134.38846019076058,56.611664234954446,2.074100457146386,-0.06339277866599025
2021-02-05,137.35000610351562,137.4199981689453,135.86000061035156,136.75999450683594,75693800,134.3490005493164,129.44300018310548,134.61432060181536,55.48950846810844,2.0204887105584817,-0.10084328089604688
2021-02-08,136.02999877929688,136.9600067138672,134.9199981689453,136.91000366210938,71297200,134.59200057983398,129.87780029296874,134.83295708374814,55.714603698313354,1.9674262353269967,-0.058084017449249514
2021-02-09,136.6199951171875,137.8800048828125,135.85000610351562,136.00999450683594,76774200,134.94350051879883,130.27740020751952,134.94505588594697,53.951722436313254,1.831636657043191,0.07681928603086807
2021-02-10,136.47999572753906,136.99000549316406,134.39999389648438,135.38999938964844,73046600,135.27300033569335,130.6534002685547,134.98743145772806,52.714326450166205,1.6549171586458442,-0.048552769029179044
2021-02-11,135.89999389648438,136.38999938964844,133.77000427246094,135.1300048828125,64280000,135.48500061035156,130.97500030517577,135.00100987916468,52.17392379447379,1.4768619538445193,-0.12001379941023949
2021-02-12,134.35000610351562,135.52999877929688,133.69000244140625,135.3699951171875,60145100,135.80800018310546,131.22800018310548,135.03615133040495,52.65638710290836,1.3396741972255768,-0.06432638456751716
2021-02-16,135.49000549316406,136.00999450683594,132.7899932861328,133.19000244140625,80576300,136.11050033569336,131.4302001953125,134.86032762669078,47.92679116053601,1.0430214200717955,0.3396984958043132
2021-02-17,131.25,132.22000122070312,129.47000122070312,130.83999633789062,97918500,136.26100006103516,131.58820007324218,134.47743893251933,43.40121848374473,0.611249994727018,0.2152270580803537
2021-02-18,129.1999969482422,130.0,127.41000366210938,129.7100067138672,96856700,136.14500045776367,131.73740020751953,134.02339776883818,41.37794647491125,0.17586010463762136,-0.010843711862416172
2021-02-19,130.24000549316406,130.7100067138672,128.8000030517578,129.8699951171875,87668800,135.79500045776368,131.85980010986327,133.6278356115381,41.791694599951185,-0.1544988267018823,-0.0948607582129063
2021-02-22,128.00999450683594,129.72000122070312,125.5999984741211,126.0,103916400,135.14150009155273,131.89220016479493,132.9013750771059,35.30128479317949,-0.7202839380773867,0.1853293303889183
2021-02-23,123.76000213623048,126.70999908447266,118.38999938964844,125.86000061035156,158273000,134.28850021362305,131.97380020141603,132.23076798503408,35.08898316285486,-1.1665225500036343,0.5230800913041638
2021-02-24,124.94000244140624,125.55999755859376,122.2300033569336,125.3499984741211,111039900,133.39799995422362,132.01600021362304,131.57545660304237,34.28019163243272,-1.543529922921465,-0.298428032576624
2021-02-25,124.68000030517578,126.45999908447266,120.54000091552734,120.98999786376952,148199500,132.34449996948243,131.98760009765624,130.56731767549257,28.279095721404218,-2.1691223016979677,0.3346508777475483
2021-02-26,122.58999633789062,124.8499984741211,121.1999969482422,121.26000213623048,164560400,131.55300025939943,131.9772001647949,129.68090667175332,29.106772639919143,-2.613000635965335,0.11039780835967727
2021-03-01,123.75,127.93000030517578,122.79000091552734,127.79000091552734,116307900,131.34449996948243,131.9754002380371,129.5008204092556,45.49054991215195,-2.4100791931144983,-0.29322060471413536
2021-03-02,128.41000366210938,128.72000122070312,125.01000213623048,125.12000274658205,102260900,130.8935001373291,131.92160034179688,129.08359967947717,41.288853603234074,-2.4366211736672767,-0.12077425523115803
2021-03-03,124.80999755859376,125.70999908447266,121.83999633789062,122.05999755859376,112966300,130.2469997406006,131.7888003540039,128.414685191774,37.06365087699693,-2.6737513879721746,0.1046871287070621
2021-03-04,121.75,123.5999984741211,118.62000274658205,120.12999725341795,178155000,129.55649948120117,131.6582002258301,127.62566729288295,34.65486168076666,-2.9830272054276747,0.577063248066016
2021-03-05,120.9800033569336,121.94000244140624,117.56999969482422,121.41999816894533,153766600,128.75799942016602,131.5220002746582,127.03465118584127,37.575148064041905,-3.0884366508515626,-0.13689427745502514
2021-03-08,120.93000030517578,121.0,116.20999908447266,116.36000061035156,154376600,127.7379997253418,131.21160018920898,126.01801779769939,31.608146362677857,-3.539473068312489,0.003967051362259388
2021-03-09,119.02999877929688,122.05999755859376,118.79000091552734,121.08999633789062,129525800,126.94699935913086,131.01419998168944,125.54868242057474,41.034590619670254,-3.4751917069376077,-0.1609751736986046
2021-03-10,121.69000244140624,122.16999816894533,119.4499969482422,119.9800033569336,111943300,126.14549980163574,130.77440002441406,125.0183320335613,39.65335541475768,-3.4737719412992902,-0.1357451565634028
2021-03-11,122.54000091552734,123.20999908447266,121.26000213623048,121.95999908447266,103026500,125.47399978637695,130.4797999572754,124.72706222888618,43.318471948192496,-3.275124067547651,-0.07965461086103409
2021-03-12,120.4000015258789,121.16999816894533,119.16000366210938,121.02999877929688,88105100,124.76899948120118,130.2030000305176,124.37496094797292,42.0273415645482,-3.156352976359699,-0.14483069889785638
2021-03-15,121.41000366210938,124.0,120.41999816894533,123.98999786376952,92403800,124.19999961853027,130.0083999633789,124.3382977970964,47.40097273459141,-2.791203585056678,0.048790592145063094
2021-03-16,125.6999969482422,127.22000122070312,124.72000122070312,125.56999969482422,115227900,123.81899948120117,129.86599990844726,124.45560273973715,50.061867112350455,-2.3472692596490248,0.24700391109456543
2021-03-17,124.0500030517578,125.86000061035156,122.33999633789062,124.76000213623048,111932600,123.51499977111817,129.7729998779297,124.48459315845079,48.701661677981754,-2.037323148865326,-0.02859810861779133
2021-03-18,122.87999725341795,123.18000030517578,120.31999969482422,120.52999877929688,121229700,123.05599937438964,129.5633999633789,124.1079651223409,42.24620655683288,-2.1087066842874407,0.08305980563303272
2021-03-19,119.9000015258789,121.43000030517578,119.68000030517578,119.98999786376952,185549500,122.56199951171875,129.43119995117186,123.71577776438173,41.490129012589684,-2.1836801063350038,0.5305614053321916
2021-03-22,120.33000183105467,123.87000274658205,120.26000213623048,123.38999938964844,111912300,122.43149948120117,129.28059997558594,123.68475125250237,47.82204279671219,-1.9463095305889482,-0.3968601370523769
2021-03-23,123.33000183105467,124.23999786376952,122.13999938964844,122.54000091552734,95467100,122.26549949645997,129.09039993286132,123.57572741088569,46.46814795580404,-1.8059614132751847,-0.14694720776894055
2021-03-24,122.81999969482422,122.9000015258789,120.06999969482422,120.08999633789062,88530500,122.00249938964843,128.91259994506837,123.2437530229814,42.71440441544183,-1.8708632658661912,-0.07265958639154224
2021-03-25,119.54000091552734,121.66000366210938,119.0,120.58999633789062,98844700,121.9824993133545,128.74839981079103,122.99101429106798,43.7137130199275,-1.8605058766897287,0.1165044815063736
2021-03-26,120.3499984741211,121.4800033569336,118.91999816894533,121.20999908447266,94071200,121.9799991607666,128.5547998046875,122.82139379520176,44.995052596536354,-1.7817298583575791,-0.048292928199488716
2021-03-29,121.6500015258789,122.58000183105467,120.7300033569336,121.38999938964844,80819200,121.65999908447266,128.40439971923828,122.68507051848239,45.38378216225134,-1.685347143201767,-0.14087202034203883
2021-03-30,120.11000061035156,120.4000015258789,118.86000061035156,119.9000015258789,85671900,121.3989990234375,128.2595997619629,122.41982585252015,42.6940428602113,-1.7094876131302357,0.06004390045929675
2021-03-31,121.6500015258789,123.5199966430664,121.1500015258789,122.1500015258789,118323800,121.40349922180175,128.14599975585938,122.39412829760194,47.73170875376103,-1.529432566913158,0.3811273007835707
2021-04-01,123.66000366210938,124.18000030517578,122.48999786376952,123.0,75089100,121.54699935913087,127.96539978027344,122.45183036449698,49.536501181417805,-1.3031282214637656,-0.36539309927504016
2021-04-05,123.87000274658205,126.16000366210938,123.06999969482422,125.9000015258789,88651200,121.77099952697753,127.74599990844726,122.78022761796193,55.21793366917709,-0.8796346299849915,0.18061343124368245
2021-04-06,126.5,127.12999725341795,125.6500015258789,126.20999908447266,80171300,122.2634994506836,127.48879974365235,123.10687251953438,55.79091015091971,-0.5130841803632507,-0.09565465554893782
2021-04-07,125.83000183105467,127.91999816894533,125.13999938964844,127.9000015258789,83466700,122.603999710083,127.18839981079101,123.5633609963291,58.879794748403164,-0.08523865692507115,0.04110448502144792
2021-04-08,128.9499969482422,130.38999938964844,128.52000427246094,130.36000061035156,88844600,123.12299957275391,126.93239974975586,124.21066000718838,62.938987597525994,0.447178573668765,0.06443168353367268
2021-04-09,129.8000030517578,133.0399932861328,129.47000122070312,133.0,106686700,123.67499961853028,126.75119979858398,125.04774000650377,66.73419890916779,1.0698167703319825,0.20082368540125128
2021-04-12,132.52000427246094,132.85000610351562,130.6300048828125,131.24000549316406,91420000,124.18549995422363,126.63419998168945,125.6374795766619,62.16385588389513,1.405048652980554,-0.1430984368248338
2021-04-13,132.44000244140625,134.66000366210938,131.92999267578125,134.42999267578125,91266500,124.70749969482422,126.68359970092773,126.47486177657804,66.62534139241691,1.906154676427036,-0.0016790636622183719
2021-04-14,134.94000244140625,135.0,131.66000366210938,132.02999877929688,87222800,125.03049964904785,126.6413996887207,127.00392244350364,60.81515193130936,2.0855840457732313,-0.04430650896002364
2021-04-15,133.82000732421875,135.0,133.63999938964844,134.5,89347100,125.51749954223632,126.63159957885742,127.7178345917414,64.26874258685446,2.3994324063624077,0.024354870515507443
2021-04-16,134.3000030517578,134.6699981689453,133.27999877929688,134.16000366210938,84922400,126.19899978637696,126.63599960327149,128.331374503205,63.4398908060609,2.5908588225322973,-0.04952259222739186
2021-04-19,133.50999450683594,135.47000122070312,133.33999633789062,134.83999633789062,94264200,126.94149971008301,126.58499954223633,128.95124324936555,64.42798914019625,2.765555757228782,0.11000395655327688
2021-04-20,135.02000427246094,135.52999877929688,131.80999755859375,133.11000061035156,94812300,127.42749977111816,126.51199966430664,129.34731537898327,59.98608977438255,2.7329049129026544,0.005814508583322109
2021-04-21,132.36000061035156,133.75,131.3000030517578,133.5,68847100,127.97549972534179,126.44379959106445,129.74280915241343,60.64480811059467,2.7072906139535178,-0.27385898243160434
2021-04-22,133.0399932861328,134.14999389648438,131.41000366210938,131.94000244140625,84566500,128.56800003051757,126.36239974975587,129.95206565612702,56.6290054047741,2.5319258666388293,0.22832334259540343
2021-04-23,132.16000366210938,135.1199951171875,132.16000366210938,134.32000732421875,78657500,129.25450057983397,126.34099990844726,130.3680601007072,60.884643141339616,2.555535917182027,-0.06987400448168013
2021-04-26,134.8300018310547,135.05999755859375,133.55999755859375,134.72000122070312,66905100,129.9300006866455,126.33279983520508,130.78253068356395,61.56718248931606,2.5768192486128214,-0.1494123255887868
2021-04-27,135.00999450683594,135.41000366210938,134.11000061035156,134.38999938964844,66015800,130.58000068664552,126.3131999206543,131.12609913176246,60.62725154951293,2.537803829466071,-0.013291961300409105
2021-04-28,134.30999755859375,135.02000427246094,133.0800018310547,133.5800018310547,107760100,131.2640007019043,126.32099990844726,131.35980415074266,58.275534980730534,2.4137001621616605,0.6323380160507031
2021-04-29,136.47000122070312,137.07000732421875,132.4499969482422,133.47999572753906,151101000,131.83050041198732,126.37379989624023,131.5617271580566,57.976517414377106,2.2809836947662347,0.4021980306254356
2021-04-30,131.77999877929688,133.55999755859375,131.07000732421875,131.4600067138672,109839500,132.25350074768068,126.40879989624024,131.55203949670525,52.15527292109621,1.9898707155764441,-0.27307231586819414
2021-05-03,132.0399932861328,134.07000732421875,131.8300018310547,132.5399932861328,75135100,132.58550033569335,126.46219985961915,131.6461303337936,54.77010228479759,1.8252669317699883,-0.3159555533300862
2021-05-04,131.19000244140625,131.49000549316406,126.6999969482422,127.8499984741211,137564700,132.6675003051758,126.49919982910156,131.28459396620573,43.62092477470703,1.301372450259521,0.8308979425062322
2021-05-05,129.1999969482422,130.4499969482422,127.97000122070312,128.10000610351562,84000900,132.67750053405763,126.54399993896484,130.98129988404477,44.27215879639342,0.8960269841815318,-0.38937169201110455
2021-05-06,127.88999938964844,129.75,127.12999725341795,129.74000549316406,78128300,132.64650077819823,126.63180007934571,130.86308137062755,48.47651471151896,0.6990636559820587,-0.0699111557138078
2021-05-07,130.85000610351562,131.25999450683594,129.47999572753906,130.2100067138672,78973300,132.5070011138916,126.81620025634766,130.80088378426942,49.64891540556853,0.5742740955857641,0.010815543151457385
2021-05-10,129.41000366210938,129.5399932861328,126.80999755859376,126.8499984741211,88071200,132.28750076293946,126.92800018310547,130.4246089928267,42.24774495241809,0.20192521751107506,0.11520222657531098
2021-05-11,123.5,126.2699966430664,122.7699966430664,125.91000366210938,126142800,131.86150131225585,126.8904002380371,129.99464658037743,40.431876688946595,-0.16708759467385903,0.4322820626947288
2021-05-12,123.4000015258789,124.63999938964844,122.25,122.7699966430664,112172300,131.39850120544435,126.8434001159668,129.30658468158592,35.017420946181105,-0.7047809550880118,-0.11075146579907846
2021-05-13,124.58000183105467,126.1500015258789,124.26000213623048,124.97000122070312,105861300,130.9220012664795,126.90160018920898,128.89357673293043,40.98091797690231,-0.9425200494461592,-0.056261661747151526
2021-05-14,126.25,127.88999938964844,125.8499984741211,127.4499969482422,81918000,130.58650093078614,127.04800018310547,128.7560929439125,46.89701183114161,-0.9202074864251131,-0.22617613802211012
2021-05-17,126.81999969482422,126.93000030517578,125.16999816894533,126.2699966430664,74244600,130.15800094604492,127.1450001525879,128.51932186764145,44.60587745177784,-0.9863705171044188,-0.09367172050098882
2021-05-18,126.55999755859376,126.98999786376952,124.77999877929688,124.8499984741211,63342900,129.7450008392334,127.31480010986328,128.16986249682998,41.9498868574891,-1.1402431669587116,-0.14683492132761167
2021-05-19,123.16000366210938,124.91999816894533,122.86000061035156,124.69000244140624,92612000,129.30450096130372,127.38680023193359,127.8384472534563,41.648971164938,-1.2605676540188568,0.46207388673395133
2021-05-20,125.2300033569336,127.72000122070312,125.0999984741211,127.30999755859376,76857100,129.0730007171631,127.5334001159668,127.78811871108843,48.201476383297354,-1.13147107294823,-0.17011726342158684
2021-05-21,127.81999969482422,128.0,125.20999908447266,125.43000030517578,79295400,128.62850036621094,127.60280014038086,127.56353600576341,44.35271909959309,-1.167404061579262,0.031725110627385034
2021-05-24,126.01000213623048,127.94000244140624,125.94000244140624,127.0999984741211,63092900,128.24750022888185,127.72420013427734,127.51938957417843,48.30165671373057,-1.0490337108577563,-0.20433089435200524
2021-05-25,127.81999969482422,128.32000732421875,126.31999969482422,126.9000015258789,72009500,127.87300033569336,127.78240020751953,127.46040023624515,47.86359660026586,-0.9602927799715246,0.14132493513533229
2021-05-26,126.95999908447266,127.38999938964844,126.41999816894533,126.8499984741211,56575900,127.53650016784668,127.80800018310546,127.40226673509048,47.74700275535877,-0.8838117495886735,-0.21432727626215986
2021-05-27,126.44000244140624,127.63999938964844,125.08000183105467,125.27999877929688,94625600,127.12650032043457,127.8184001159668,127.20014597739585,44.11346863384255,-0.9390609265158503,0.6725425490358969
2021-05-28,125.56999969482422,125.8000030517578,124.5500030517578,124.61000061035156,71311100,126.78400001525878,127.9000001525879,126.95346546624877,42.62279097135328,-1.0250929170553889,-0.24638681287093556
2021-06-01,125.08000183105467,125.3499984741211,123.94000244140624,124.27999877929688,67637100,126.37100028991699,127.98580017089844,126.69884959130097,41.87226384238304,-1.107139860074426,-0.051520730994193076
2021-06-02,124.27999877929688,125.23999786376952,124.0500030517578,125.05999755859376,59278900,126.23150024414062,128.01920013427736,126.54276844532886,44.36587113724886,-1.0965825497314796,-0.1235741922702186
2021-06-03,124.68000030517578,124.8499984741211,123.12999725341795,123.54000091552734,76229200,126.00349998474121,128.03920013427734,126.25679058534776,40.70158513978859,-1.1970677789697248,0.2859415407505874
2021-06-04,124.06999969482422,126.16000366210938,123.8499984741211,125.88999938964844,75169300,125.81099967956543,128.1552001953125,126.22185809051925,47.87021153543169,-1.0746894588821192,-0.013904120730638625
2021-06-07,126.16999816894533,126.31999969482422,124.83000183105467,125.9000015258789,71057600,125.59549942016602,128.26140029907228,126.19120508436302,47.899081623586376,-0.965763944141159,-0.05469919235645404
2021-06-08,126.5999984741211,128.4600067138672,126.20999908447266,126.73999786376952,74403800,125.58999938964844,128.3720002746582,126.24347106335412,50.384223843336954,-0.8024093293512351,0.047091373758753496
2021-06-09,127.20999908447266,127.75,126.5199966430664,127.12999725341795,56877900,125.65099906921387,128.4868002319336,126.32790212907449,51.53996560152937,-0.6341696162606638,-0.23555114120515352
2021-06-10,127.0199966430664,128.19000244140625,125.94000244140624,126.11000061035156,71186400,125.81799926757813,128.61100021362304,126.30714960348183,48.366696248923375,-0.576498124639329,0.25156519491753393
2021-06-11,126.52999877929688,127.44000244140624,126.0999984741211,127.3499984741211,53522400,125.93699913024902,128.7150001525879,126.40646854354272,52.21821536200358,-0.42582691985307974,-0.24813728464987694
2021-06-14,127.81999969482422,130.5399932861328,127.06999969482422,130.47999572753906,96906500,126.08849906921387,128.86460006713867,126.79442351344713,60.273642789312106,-0.05324056061851934,0.8105783746618238
2021-06-15,129.94000244140625,130.60000610351562,129.38999938964844,129.63999938964844,62746300,126.25699920654297,128.93940002441406,127.06543073975202,57.47330442602361,0.17227030425625856,-0.3525067977896219
2021-06-16,130.3699951171875,130.88999938964844,128.4600067138672,130.14999389648438,91815000,126.52199897766113,129.0181999206543,127.3591986594408,58.727083502677544,0.38767273392845425,0.46327353166640894
2021-06-17,129.8000030517578,132.5500030517578,129.64999389648438,131.7899932861328,96721700,126.87699851989746,129.09599975585937,127.78117910007815,62.5506331257636,0.6828435605218885,0.05344115885203937
2021-06-18,130.7100067138672,131.50999450683594,130.24000549316406,130.4600067138672,108953300,127.03449897766113,129.09799987792968,128.03630553948662,57.868616765405285,0.800225267210422,0.12646179709413707
2021-06-21,130.3000030517578,132.41000366210938,129.2100067138672,132.3000030517578,79663300,127.37799911499023,129.08399993896484,128.44237196922674,62.095728756295074,1.0298519502059662,-0.26883077428586377
2021-06-22,132.1300048828125,134.0800018310547,131.6199951171875,133.97999572753906,74783600,127.72199897766113,129.13879974365236,128.96976470811362,65.49934429943896,1.3320392007610167,-0.06125405299554498
2021-06-23,133.77000427246094,134.32000732421875,133.22999572753906,133.6999969482422,60214200,128.0619987487793,129.12419982910157,129.42026301669728,64.4604317552394,1.5312795747760788,-0.19482078958488225
2021-06-24,134.4499969482422,134.63999938964844,132.92999267578125,133.41000366210938,68711000,128.3899990081787,129.1517999267578,129.80023831626033,63.33987025801398,1.646795735868153,0.14110957216071962
2021-06-25,133.4600067138672,133.88999938964844,132.80999755859375,133.11000061035156,70783700,128.78149909973143,129.12399993896486,130.11545377284045,62.136466261398404,1.6946010803343086,0.030165475688026744
2021-06-28,133.41000366210938,135.25,133.35000610351562,134.77999877929688,62111300,129.2899990081787,129.1363998413086,130.55969615440773,66.008023653837,1.8459629439734329,-0.12251973265031357
2021-06-29,134.8000030517578,136.49000549316406,134.35000610351562,136.3300018310547,64556100,129.8924991607666,129.16619995117188,131.10924907599315,69.15998169150103,2.0671616510221043,0.039361597648092994
2021-06-30,136.1699981689453,137.41000366210938,135.8699951171875,136.9600067138672,63261400,130.48749961853028,129.24320007324218,131.66646408912402,70.36289900808092,2.2671648833669735,-0.02005542466165089
2021-07-01,136.60000610351562,137.3300018310547,135.75999450683594,137.27000427246094,52485800,131.17399978637695,129.3186001586914,132.20013458277515,70.96306443235476,2.4227550856518576,-0.17033451678274592
2021-07-02,137.89999389648438,140.0,137.75,139.9600067138672,78852600,131.87750015258788,129.47900024414062,132.93917002383154,75.58363264798447,2.7316335860652714,0.5023606384965076
2021-07-06,140.07000732421875,143.14999389648438,140.07000732421875,142.02000427246094,108181800,132.683500289917,129.63300018310548,133.80401138084386,78.4161480133412,3.106832973273413,0.37194968840596254
2021-07-07,143.5399932861328,144.88999938964844,142.66000366210938,144.57000732421875,104911600,133.57500076293945,129.8300003051758,134.82934432783193,81.30701759317034,3.5688061500208903,-0.03022874457625957
2021-07-08,141.5800018310547,144.05999755859375,140.6699981689453,143.24000549316406,105575500,134.38050117492676,130.00700042724608,135.63035967691118,75.6181988592983,3.7839837788982322,0.006328184871835063
2021-07-09,142.75,145.64999389648438,142.64999389648438,145.11000061035156,99890800,135.33050117492675,130.23760040283204,136.53318262295312,77.95380994933444,4.058621317664375,-0.05384487878342992
2021-07-12,146.2100067138672,146.32000732421875,144.0,144.5,76299700,136.1880012512207,130.45800048828124,137.29192713505282,75.41592298591961,4.178880066382874,-0.2361688964349069
2021-07-13,144.02999877929688,147.4600067138672,143.6300048828125,145.63999938964844,100827100,136.94600143432618,130.74160034179687,138.0869816354905,76.92769057098485,4.316417441146996,0.3214612901492404
2021-07-14,148.10000610351562,149.57000732421875,147.67999267578125,149.14999389648438,127050800,137.92150115966797,131.0738003540039,139.14060185082326,80.835363520281,4.65498426304714,0.260085830099249
2021-07-15,149.24000549316406,150.0,147.08999633789062,148.47999572753906,106820300,138.8380012512207,131.48640029907227,140.03006793432002,78.11568695119101,4.813747768004106,-0.15923158295736828
2021-07-16,148.4600067138672,149.75999450683594,145.8800048828125,146.38999938964844,93251400,139.5680015563965,131.8522001647949,140.63577569197034,70.18326143555755,4.716554250426356,-0.12702548111173628
2021-07-19,143.75,144.07000732421875,141.6699981689453,142.4499969482422,121434600,140.16750106811523,132.10639999389647,140.80855866875814,58.1873792278667,4.272353388047549,0.3022281703009284
2021-07-20,143.4600067138672,147.10000610351562,142.9600067138672,146.14999389648438,96350000,140.86000061035156,132.42519973754884,141.31726678568444,64.34978580414449,4.1708014331883305,-0.20656880329000138
2021-07-21,145.52999877929688,146.1300048828125,144.6300048828125,145.39999389648438,74993500,141.43100051879884,132.7961996459961,141.70609793909395,62.34401051680702,3.9838783752993265,-0.22165542293720808
2021-07-22,145.94000244140625,148.1999969482422,145.80999755859375,146.8000030517578,77338200,142.08600082397462,133.21399963378906,142.19123175934766,64.5644004584409,3.903710004720921,0.03126537633261539
2021-07-23,147.5500030517578,148.72000122070312,146.9199981689453,148.55999755859375,71447400,142.84350051879883,133.72979965209962,142.79778088308538,67.18406169486471,3.9368117262692692,-0.07616934451538826
2021-07-26,148.27000427246094,149.8300018310547,147.6999969482422,148.99000549316406,72434100,143.63750076293945,134.21019973754883,143.38751656023572,67.81020451723361,3.952184799456404,0.013810159641918451
2021-07-27,149.1199951171875,149.2100067138672,145.5500030517578,146.77000427246094,104818600,144.23700103759765,134.5965998840332,143.7096582471143,61.30655783274287,3.742095972530336,0.44708914723866244
2021-07-28,144.80999755859375,146.97000122070312,142.5399932861328,144.97999572753906,118931200,144.66950073242188,134.97079986572265,143.83064276905952,56.59337733377744,3.3920587914687985,0.13463831800844517
2021-07-29,144.69000244140625,146.5500030517578,144.5800018310547,145.63999938964844,56699500,145.10350036621094,135.38659988403322,144.00296244721085,57.87919597208726,3.1318070609310666,-0.5232579844481515
2021-07-30,144.3800048828125,146.3300018310547,144.11000061035156,145.86000061035156,70440600,145.53300018310546,135.80999984741212,144.1798232246528,58.32238601765788,2.9097659784185055,0.242349579802291
2021-08-02,146.36000061035156,146.9499969482422,145.25,145.52000427246094,62880000,145.81100006103514,136.17419998168944,144.30745951492025,57.318641774650025,2.67552022609496,-0.10733298694218962
2021-08-03,145.80999755859375,148.0399932861328,145.17999267578125,147.36000061035156,64786600,146.0779998779297,136.61279998779298,144.59817771448513,61.20946057811904,2.6082844274271224,0.030321246819338343
2021-08-04,147.27000427246094,147.7899932861328,146.27999877929688,146.9499969482422,56368300,146.19699935913087,137.0097999572754,144.82216049865247,59.89913627725993,2.4931759234885646,-0.12993890711968215
2021-08-05,146.97999572753906,147.83999633789062,146.1699981689453,147.05999755859375,46397700,146.38799896240235,137.41299987792968,145.03528783769448,60.145642618942865,2.3833539144081897,-0.17688310628491544
2021-08-06,146.35000610351562,147.11000061035156,145.6300048828125,146.13999938964844,54126800,146.4394989013672,137.79879989624024,145.1404984616901,56.990263232513136,2.196760134108473,0.16658368841558957
2021-08-09,146.1999969482422,146.6999969482422,145.52000427246094,146.08999633789062,48908700,146.5189987182617,138.21499984741212,145.23092683085204,56.81579725384829,2.0215452749401663,-0.09640510800564606
2021-08-10,146.44000244140625,147.7100067138672,145.3000030517578,145.60000610351562,69023100,146.5169990539551,138.6347999572754,145.26607723777238,55.0377378734927,1.822143582821809,0.41126425359905294
2021-08-11,146.0500030517578,146.72000122070312,145.52999877929688,145.86000061035156,48493500,146.35249938964844,139.06639999389648,145.3226413684942,55.82766842336695,1.6658923193675719,-0.29743086010335673
2021-08-12,146.19000244140625,149.0500030517578,145.83999633789062,148.88999938964844,72282600,146.3729995727539,139.5430000305176,145.66238975146126,63.80793026937265,1.766198014789012,0.490562652726654
2021-08-13,148.97000122070312,149.44000244140625,148.27000427246094,149.10000610351562,59375000,146.50849990844728,140.05420013427735,145.98978178499024,64.28947699910191,1.8414101577235442,-0.17857132975294188
2021-08-16,148.5399932861328,151.19000244140625,146.47000122070312,151.1199951171875,103296000,146.94199981689454,140.55880004882812,146.47837353091379,68.61507910259927,2.040491043931297,0.739722105263158
2021-08-17,150.22999572753906,151.67999267578125,149.08999633789062,150.19000244140625,92229700,147.1440002441406,141.04460006713867,146.83186199857974,64.72770978773426,2.0990251881179915,-0.10713193153655509
2021-08-18,149.8000030517578,150.72000122070312,146.14999389648438,146.36000061035156,86326000,147.19200057983397,141.43700012207032,146.78692281874848,51.72961698428245,1.8154375460363497,-0.064010833820342
2021-08-19,145.02999877929688,148.0,144.5,146.6999969482422,86960300,147.1870002746582,141.8284001159668,146.77864416441454,52.63884255449931,1.5996869639974136,0.007347728378472196
2021-08-20,147.44000244140625,148.5,146.77999877929688,148.19000244140625,60549600,147.16850051879882,142.2700001525879,146.91305923841375,56.50540068660178,1.5312823938888585,-0.3037098538068521
2021-08-23,148.30999755859375,150.19000244140625,147.88999938964844,149.7100067138672,60131800,147.204500579834,142.7172003173828,147.17943518845695,60.08534475590959,1.5814924601951361,-0.006900128159393337
2021-08-24,149.4499969482422,150.86000061035156,149.14999389648438,149.6199951171875,48606400,147.3470001220703,143.10000030517577,147.41186946738367,59.77160168639972,1.5956277128629779,-0.1916689671687859
2021-08-25,149.80999755859375,150.32000732421875,147.8000030517578,148.36000061035156,58991300,147.51600036621093,143.47440032958986,147.50216767147586,55.409975780467974,1.4880061671102567,0.2136529345929754
2021-08-26,148.35000610351562,149.1199951171875,147.50999450683594,147.5399932861328,48597200,147.61100006103516,143.82220031738282,147.505770110967,52.71401612858179,1.3213162673137901,-0.1761971680569847
2021-08-27,147.47999572753906,148.75,146.8300018310547,148.60000610351562,55802400,147.74800033569335,144.15840057373046,147.6099830626383,55.713683220451294,1.2602204592608928,0.14826368597367745
2021-08-30,149.0,153.49000549316406,148.61000061035156,153.1199951171875,90956700,148.12799987792968,144.61160034179687,148.13474611545251,65.70428121905803,1.558560810631917,0.6299782805040643
2021-08-31,152.66000366210938,152.8000030517578,151.2899932861328,151.8300018310547,86453100,148.35149993896485,145.0022003173828,148.48667523122415,61.44401936556816,1.671636427078596,-0.04951366969118276
2021-09-01,152.8300018310547,154.97999572753906,152.33999633789062,152.50999450683594,80313700,148.62949981689454,145.37280029296875,148.86984849556814,62.81281130980592,1.7954228764700417,-0.07101422621051179
2021-09-02,153.8699951171875,154.72000122070312,152.39999389648438,153.64999389648438,71115500,148.95899963378906,145.77180023193358,149.32510043851255,65.05278698188252,1.9628860245809392,-0.11452840548997245
2021-09-03,153.75999450683594,154.6300048828125,153.08999633789062,154.3000030517578,57808700,149.36699981689452,146.18960021972657,149.79890068739306,66.29927673833495,2.123572856432304,-0.1871153264759441
2021-09-07,154.97000122070312,157.25999450683594,154.38999938964844,156.69000244140625,82278300,149.89700012207032,146.66120025634766,150.45519609253716,70.46992627844661,2.415922059405375,0.4232857684051017
2021-09-08,156.97999572753906,157.0399932861328,153.97999572753906,155.11000061035156,74420200,150.37249984741212,147.06780029296874,150.8985108085195,64.76380115769442,2.491398672825426,-0.09550634857550533
2021-09-09,155.49000549316406,156.11000061035156,153.9499969482422,154.07000732421875,57305700,150.78300018310546,147.42260040283202,151.20055809572895,61.248285487903885,2.439178336607455,-0.22997116374317728
2021-09-10,155.0,155.47999572753906,148.6999969482422,148.97000122070312,140893200,150.7870002746582,147.66280029296874,150.98812410763125,47.60218808351022,1.9636299699270978,1.458624534732147
2021-09-13,150.6300048828125,151.4199981689453,148.75,149.5500030517578,102404300,150.80950012207032,147.9084002685547,150.85116019754807,48.99399562936576,1.6149397435815729,-0.2731778396686284
2021-09-14,150.35000610351562,151.07000732421875,146.91000366210938,148.1199951171875,109296300,150.6595001220703,148.0716000366211,150.59104923751372,45.76620953902222,1.2092708165521913,0.06730186134761929
2021-09-15,148.55999755859375,149.44000244140625,146.3699951171875,149.02999877929688,83281300,150.60149993896485,148.2117999267578,150.44237776530258,48.10905087121828,0.9502510568364357,-0.2380226961022468
2021-09-16,148.44000244140625,148.97000122070312,147.22000122070312,148.7899932861328,68034100,150.7229995727539,148.2961996459961,150.28500781490547,47.52591981116654,0.7173405384382363,-0.1830807155988199
2021-09-17,148.82000732421875,148.82000732421875,145.75999450683594,146.05999755859375,129868800,150.69099960327148,148.3525994873047,149.88262588573292,41.381620692051605,0.30890852965089266,0.9088780479200871
2021-09-20,143.8000030517578,144.83999633789062,141.27000427246094,142.94000244140625,123478900,150.4284996032715,148.30919952392577,149.2214236529399,35.70096570491508,-0.2634968829313493,-0.049202733835994494
2021-09-21,143.92999267578125,144.60000610351562,142.77999877929688,143.42999267578125,75834000,150.1144989013672,148.28779937744142,148.6698587979724,37.15993363706333,-0.6698723084751919,-0.3858545873019601
2021-09-22,144.4499969482422,146.42999267578125,143.6999969482422,145.85000610351562,76404300,149.9259994506836,148.29199951171876,148.40130139850032,43.92713469031123,-0.7875742367204737,0.007520373447266415
2021-09-23,146.64999389648438,147.0800018310547,145.63999938964844,146.8300018310547,64838200,149.84949951171876,148.24559967041014,148.25165382064836,46.44240465090656,-0.7926393448386477,-0.15138022336439183
2021-09-24,145.66000366210938,147.47000122070312,145.55999755859375,146.9199981689453,53477900,149.81849975585936,148.2143997192383,148.1248294728671,46.67895079891142,-0.7803956123378271,-0.17520998423768708
2021-09-27,145.47000122070312,145.9600067138672,143.82000732421875,145.3699951171875,74150700,149.65699920654296,148.19399963378908,147.86246429613573,43.14456988402514,-0.8855565142242483,0.3865671613881623
2021-09-28,143.25,144.75,141.69000244140625,141.91000366210938,108972300,149.09649963378905,148.1831997680664,147.2955632833713,36.50070648727865,-1.2338664364580154,0.4696058162633663
2021-09-29,142.47000122070312,144.4499969482422,142.02999877929688,142.8300018310547,74602000,148.64649963378906,148.1167999267578,146.870271716484,39.182466872454306,-1.4193075023782171,-0.3154040063392256
2021-09-30,143.66000366210938,144.3800048828125,141.27999877929688,141.5,89056700,148.09599990844725,148.03880004882814,146.35881726729505,36.7651301754696,-1.654518654480995,0.19375754001233214
2021-10-01,141.89999389648438,142.9199981689453,139.11000061035156,142.64999389648438,94639600,147.54599990844727,147.95579986572267,146.0055959938845,40.200480595292376,-1.7282085778678322,0.06268927548404557
2021-10-04,141.75999450683594,142.2100067138672,138.27000427246094,139.13999938964844,98322000,146.7879997253418,147.76739990234375,145.35172965062392,34.10952217253153,-2.046247725478395,0.03890971644005248
2021-10-05,139.49000549316406,142.24000549316406,139.36000061035156,141.11000061035156,80861100,146.00899963378907,147.6097998046875,144.94775545631228,39.63750067317511,-2.11495353890092,-0.1775889424543846
2021-10-06,139.47000122070312,142.14999389648438,138.3699951171875,142.0,83221100,145.35349960327147,147.51439971923827,144.6670168414254,42.00475004396495,-2.073683742962004,0.029185850798467916
2021-10-07,143.05999755859375,144.22000122070312,142.72000122070312,143.2899932861328,61732700,144.8144989013672,147.48059967041016,144.53587174092135,45.350151075518035,-1.9148126863615005,-0.25820855528225417
2021-10-08,144.02999877929688,144.17999267578125,142.55999755859375,142.89999389648438,58773200,144.51099853515626,147.42579956054686,144.38007385097498,44.514134560140285,-1.7996308960469207,-0.04794055662558094
2021-10-11,142.27000427246094,144.80999755859375,141.80999755859375,142.80999755859375,64452200,144.17399826049805,147.36479949951172,144.23054277551012,44.31113523737467,-1.6960593334834755,0.0966256729257553
2021-10-12,143.22999572753906,143.25,141.0399932861328,141.50999450683594,73035900,143.84349822998047,147.28459930419922,143.9714429403983,41.37586583582213,-1.6992891580143805,0.1331793173855973
2021-10-13,141.24000549316406,141.39999389648438,139.1999969482422,140.91000366210938,78762700,143.4374984741211,147.15559936523437,143.679877294847,40.05700638612446,-1.7303170462373885,0.0784107541633634
2021-10-14,142.11000061035156,143.8800048828125,141.50999450683594,143.75999450683594,69907100,143.18599853515624,147.09179931640625,143.6875075055126,48.460754082137846,-1.5075582354796495,-0.11243393128981105
2021-10-15,143.77000427246094,144.89999389648438,143.50999450683594,144.83999633789062,67940300,143.1249984741211,147.04739929199218,143.79726834669145,51.24992771629312,-1.2296979586425323,-0.028134481333083494
2021-10-18,143.4499969482422,146.83999633789062,143.16000366210938,146.5500030517578,85589200,143.30549850463868,147.05559936523437,144.05943355669777,55.36841568686932,-0.8615767166110402,0.2597707104619791
2021-10-19,147.00999450683594,149.1699981689453,146.5500030517578,148.75999450683594,76378900,143.5719985961914,147.1089993286133,144.5071060281395,60.06414435255363,-0.38704848536519876,-0.10761053964752565
2021-10-20,148.6999969482422,149.75,148.1199951171875,149.25999450683594,58418800,143.74249801635742,147.18219909667968,144.95976207372965,61.06229285192759,0.029029741227589057,-0.23514478475076228
2021-10-21,148.80999755859375,149.63999938964844,147.8699951171875,149.47999572753906,61421000,143.87499771118163,147.25459899902344,145.39026051694958,61.518045349564574,0.37223608746060677,0.051390990571528405
2021-10-22,149.69000244140625,150.17999267578125,148.63999938964844,148.69000244140625,58883400,143.9634979248047,147.2505990600586,145.70452165261213,58.854140562495424,0.573868534333883,-0.04131485973852589
2021-10-25,148.67999267578125,149.3699951171875,147.6199951171875,148.63999938964844,50720600,144.12699813842772,147.24139892578125,145.9840909609013,58.680931359922994,0.7213140138313179,-0.138626505942252
2021-10-26,149.3300018310547,150.83999633789062,149.00999450683594,149.32000732421875,60893400,144.49749832153321,147.20539916992186,146.30179728121726,60.38827088135626,0.882859520881027,0.20056545072416343
2021-10-27,149.36000061035156,149.72999572753906,148.49000549316406,148.85000610351562,56094900,144.79849853515626,147.17859924316406,146.54448383572188,58.58635087530007,0.9618724615518204,-0.07880164352787
2021-10-28,149.82000732421875,153.1699981689453,149.72000122070312,152.57000732421875,100077900,145.35199890136718,147.3027993774414,147.11834321557873,66.98366739685993,1.309567911745404,0.7840819753667445
2021-10-29,147.22000122070312,149.94000244140625,146.41000366210938,149.8000030517578,124953200,145.70949935913086,147.36479949951172,147.37373939045293,57.61543030246962,1.3460860243589536,0.24855937224901803
2021-11-01,148.99000549316406,149.6999969482422,147.8000030517578,148.9600067138672,74588300,146.20049972534179,147.38019958496093,147.52481246887334,55.09883708608137,1.2923488147018247,-0.4030701094489777
2021-11-02,148.66000366210938,151.57000732421875,148.64999389648438,150.02000427246094,69122000,146.64599990844727,147.3863995361328,147.76244978350073,57.61478014410529,1.320077600246293,-0.07328629289043997
2021-11-03,150.38999938964844,151.97000122070312,149.82000732421875,151.49000549316406,54511500,147.12050018310546,147.42379974365235,148.11745508918295,60.88783016449224,1.4440238674925467,-0.2113726454674344
2021-11-04,151.5800018310547,152.42999267578125,150.63999938964844,150.9600067138672,60394600,147.50400085449218,147.47579986572265,148.38817429153383,59.115354196247765,1.4823975489809698,0.10792401603331414
2021-11-05,151.88999938964844,152.1999969482422,150.05999755859375,151.27999877929688,65463900,147.92300109863282,147.55059997558592,148.66358614751127,59.87483313213713,1.5210954123582212,0.08393631218685105
2021-11-08,151.41000366210938,151.57000732421875,150.16000366210938,150.44000244140625,55020900,148.30450134277345,147.58739990234375,148.83276865169174,56.887424496386174,1.467071575658423,-0.1595230348329385
2021-11-09,150.1999969482422,151.42999267578125,150.05999755859375,150.80999755859375,56787900,148.76950149536134,147.54119995117188,149.0210761666348,57.88420290954414,1.4375417234822692,0.03211506900105232
2021-11-10,150.02000427246094,150.1300048828125,147.85000610351562,147.9199981689453,65187100,149.12000122070313,147.4629998779297,148.9162115954263,48.45963884534524,1.1674822956973117,0.14790474731412862
2021-11-11,148.9600067138672,149.42999267578125,147.67999267578125,147.8699951171875,41000000,149.32550125122071,147.37019989013672,148.8165719308321,48.313067434297984,0.9386037849483841,-0.37104120293739096
2021-11-12,148.42999267578125,150.39999389648438,147.47999572753906,149.99000549316406,63804000,149.58300170898437,147.2970001220703,148.92832750819707,54.584913625531954,0.9177043118190511,0.5561951219512196
2021-11-15,150.3699951171875,151.8800048828125,149.42999267578125,150.0,59222800,149.7555015563965,147.21100006103515,149.03039155503544,54.612874798241606,0.8916691945357229,-0.07180114099429502
2021-11-16,149.94000244140625,151.49000549316406,149.33999633789062,151.0,59256200,149.86750183105468,147.09720001220703,149.21797331169873,57.436553868327834,0.9408819180939645,0.0005639719837629009
2021-11-17,151.0,155.0,150.99000549316406,153.49000549316406,88807000,150.0790023803711,147.06480010986328,149.62483351945733,63.52207498699065,1.167349511013441,0.4986954951549374
2021-11-18,153.7100067138672,158.6699981689453,153.0500030517578,157.8699951171875,137827700,150.4985023498535,147.14079986572267,150.41008700495544,71.29628910368639,1.6808791391657678,0.5519913970745549
2021-11-19,157.64999389648438,161.02000427246094,156.52999877929688,160.5500030517578,117305600,151.09150238037108,147.37239990234374,151.3757932951271,74.83090090896505,2.2778516558415163,-0.14889677474121676
2021-11-22,161.67999267578125,165.6999969482422,161.0,161.02000427246094,117467900,151.71050262451172,147.60179992675782,152.2942895786827,75.4029512743705,2.7570997175000684,0.0013835656609744174
2021-11-23,161.1199951171875,161.8000030517578,159.05999755859375,161.41000366210938,96041900,152.31500244140625,147.86760009765624,153.16245282472335,75.89258007367336,3.132270090708772,-0.18239876596074334
2021-11-24,160.75,162.13999938964844,159.63999938964844,161.94000244140625,69463600,152.9695022583008,148.12580017089843,153.9984099310741,76.57501141852455,3.4327907120474492,-0.2767365077117383
2021-11-26,159.57000732421875,160.4499969482422,156.36000061035156,156.80999755859375,76959800,153.18150177001954,148.28620025634766,154.26618018131407,59.12775277365358,3.219890060483891,0.10791551258500864
2021-11-29,159.3699951171875,161.19000244140625,158.7899932861328,160.24000549316406,88748200,153.70350189208983,148.56980041503905,154.8351159252998,64.88818918008073,3.2900125184498563,0.15317607374239528
2021-11-30,159.99000549316406,165.52000427246094,159.9199981689453,165.3000030517578,174048100,154.52050170898437,149.0170004272461,155.83177184210533,71.31168899819892,3.7111052748813904,0.9611451274504723
2021-12-01,167.47999572753906,170.3000030517578,164.52999877929688,164.77000427246094,152052500,155.25800170898438,149.4438006591797,156.68303207356777,69.86984747379786,3.9564503492370307,-0.12637655912359858
2021-12-02,158.74000549316406,164.1999969482422,157.8000030517578,163.75999450683594,136739200,155.87150115966796,149.8020004272461,157.3570284957838,67.0861313726175,4.023013940728106,-0.10071060982226532
2021-12-03,164.02000427246094,164.9600067138672,159.72000122070312,161.83999633789062,118023100,156.41550064086914,150.10220031738282,157.7839778140797,62.02700117696117,3.87615634291231,-0.13687442957103746
2021-12-06,164.2899932861328,167.8800048828125,164.27999877929688,165.32000732421875,107497000,157.11750106811525,150.4702005004883,158.50169491028342,66.89940614210518,3.9945319635567387,-0.08918677784264262
2021-12-07,169.0800018310547,171.5800018310547,168.33999633789062,171.17999267578125,120405400,158.15450057983398,150.98640045166016,159.70915184033083,73.14757306680934,4.509217882835202,0.12008149064625062
2021-12-08,172.1300048828125,175.9600067138672,170.6999969482422,175.0800018310547,116998900,159.36800079345704,151.64980041503907,161.17304231563787,76.34754936954212,5.172186579752292,-0.0282919204620391
2021-12-09,174.91000366210938,176.75,173.9199981689453,174.55999755859375,108923700,160.70000076293945,152.28440032958986,162.44799043401463,75.06310379847582,5.591182379479591,-0.06901945231963724
2021-12-10,175.2100067138672,179.6300048828125,174.69000244140625,179.4499969482422,115402700,162.27900085449218,153.04340026855468,164.06722914965533,78.69325195950779,6.245823685226725,0.059482004375539965
2021-12-13,181.1199951171875,182.1300048828125,175.52999877929688,175.74000549316406,153237000,163.56650085449218,153.70520050048827,165.1789221347514,70.32834459262307,6.391588082940046,0.32784588228871603
2021-12-14,175.25,177.74000549316406,172.2100067138672,174.3300018310547,139380400,164.78300094604492,154.4090005493164,166.0504535343993,67.39616321457078,6.320473423396834,-0.09042594151543037
2021-12-15,175.11000061035156,179.5,172.30999755859375,179.3000030517578,131063300,166.1980010986328,155.17280059814453,167.31231539319535,71.85111113012263,6.5891959564786475,-0.05967194813617982
2021-12-16,179.27999877929688,181.13999938964844,170.75,172.25999450683594,150185800,167.1365005493164,155.77800048828124,167.7835229278278,59.45787608764089,6.163046878170292,0.1459027813278011
2021-12-17,169.92999267578125,173.47000122070312,169.69000244140625,171.13999938964844,195432700,167.80000076293945,156.33500061035156,168.1031873527631,57.75124300410565,5.6695909028747735,0.30127282339608663
2021-12-20,168.27999877929688,170.5800018310547,167.4600067138672,169.75,107499100,168.26000061035157,156.87200073242187,168.26002665249993,55.61757908434697,5.1074862312852645,-0.44994312620150057
2021-12-21,171.55999755859375,173.1999969482422,169.1199951171875,172.99000549316406,91185900,168.8585006713867,157.4756008911133,168.71050082780127,59.384387281360084,4.867347838682235,-0.15175196815601244
2021-12-22,173.0399932861328,175.86000061035156,172.14999389648438,175.63999938964844,92135300,169.57000045776368,158.15820098876952,169.37045307178673,62.20945876495002,4.835132396462853,0.010411697422518129
2021-12-23,175.85000610351562,176.85000610351562,175.27000427246094,176.27999877929688,68356600,170.2870002746582,158.86560089111327,170.02850504393055,62.88096868932649,4.805845236103806,-0.2580845777894032
2021-12-27,177.08999633789062,180.4199981689453,177.07000732421875,180.3300018310547,74919600,171.46300048828124,159.59700103759766,171.0095999760376,66.89040785730501,5.051209154639622,0.09601121179227756
2021-12-28,180.16000366210935,181.3300018310547,178.52999877929688,179.2899932861328,79144300,172.41549987792968,160.2860009765625,171.79820886271335,64.95026303383807,5.102918561252068,0.056389783180903263
2021-12-29,179.3300018310547,180.6300048828125,178.13999938964844,179.3800048828125,62348900,173.11949996948243,160.9426010131836,172.52028467415136,65.04476238038399,5.0924591233046215,-0.21221237663356673
2021-12-30,179.47000122070312,180.57000732421875,178.08999633789062,178.1999969482422,59773000,173.79099960327147,161.53140106201172,173.0612096526362,62.659680125700135,4.932098997672938,-0.04131428140672888
2021-12-31,178.08999633789062,179.22999572753906,177.25999450683594,177.57000732421875,64062300,174.48150024414062,162.09760131835938,173.49061895469168,61.3659267980577,4.699998883678461,0.07175982467000153
2022-01-03,177.8300018310547,182.8800048828125,177.7100067138672,182.0099945068359,104487900,175.4900001525879,162.7482012939453,174.3019880548959,66.60003109106958,4.818779835900898,0.6310357261603159
2022-01-04,182.6300048828125,182.94000244140625,179.1199951171875,179.6999969482422,99310400,176.20899963378906,163.36840118408202,174.8160841399765,61.9012442867901,4.672653656063119,-0.049551192051902615
2022-01-05,179.61000061035156,180.1699981689453,174.63999938964844,174.9199981689453,94537600,176.39599990844727,163.89400115966797,174.82598071416402,53.491261668714515,4.123607274581786,-0.04805941774476796
2022-01-06,172.6999969482422,175.3000030517578,171.63999938964844,172.0,96904000,176.24199981689452,164.3476010131836,174.55683969376744,49.10252965472295,3.41351572832491,0.0250313102934705
2022-01-07,172.88999938964844,174.13999938964844,171.02999877929688,172.1699981689453,86709100,176.12249984741212,164.81400085449218,174.3295214533082,49.363007310216354,2.8318368411355266,-0.10520618343928012
2022-01-10,169.0800018310547,172.5,168.1699981689453,172.19000244140625,106765600,175.7595001220703,165.20640075683593,174.12575773788896,49.39582619473651,2.3454296567688004,0.2313079019387816
2022-01-11,172.32000732421875,175.17999267578125,170.82000732421875,175.0800018310547,76138300,175.72649993896485,165.71200073242187,174.21663812771428,54.03114171446192,2.168154125664074,-0.2868648703327663
2022-01-12,176.1199951171875,177.17999267578125,174.82000732421875,175.52999877929688,74805200,175.78649978637696,166.24340057373047,174.34172009453167,54.726539265681986,2.0404519233686926,-0.017508927832641352
2022-01-13,175.77999877929688,176.6199951171875,171.7899932861328,172.19000244140625,84505800,175.43099975585938,166.68680053710938,174.1367946037578,48.82296906812042,1.6507088726973507,0.129678150716795
2022-01-14,171.33999633789062,173.77999877929688,171.08999633789062,173.07000732421875,80440800,175.47150039672852,167.11840057373047,174.03519581523028,50.34289327728299,1.3967429533051643,-0.048103207117144664
2022-01-18,171.50999450683594,172.5399932861328,169.41000366210938,169.8000030517578,90956700,175.40450057983398,167.4952005004883,173.631844123471,44.99526092302047,0.920994465342261,0.13072843631589937
2022-01-19,170.0,171.0800018310547,165.94000244140625,166.22999572753906,94815000,175.22850036621094,167.79420043945314,172.9269061810013,39.999686548228894,0.25297447352090785,0.04241908512512005
2022-01-20,166.97999572753906,169.67999267578125,164.17999267578125,164.50999450683594,91420500,174.80449981689452,168.0756002807617,172.1252955453665,37.82099411073053,-0.41049398751798094,-0.035801297263091336
2022-01-21,164.4199981689453,166.3300018310547,162.3000030517578,162.41000366210938,122848900,174.14300003051758,168.30760040283204,171.20002965172296,35.29340634925644,-1.093148102868298,0.3437784741934249
2022-01-24,160.02000427246094,162.3000030517578,154.6999969482422,161.6199951171875,162294600,173.4099998474121,168.58160034179687,170.28764541033863,34.3630192286069,-1.678554167163668,0.32109119414174647
2022-01-25,158.97999572753906,162.75999450683594,157.02000427246094,159.77999877929688,115798400,172.38249969482422,168.81980041503905,169.28691715976322,32.23181656874482,-2.264857154267702,-0.2864925881699083
2022-01-26,163.5,164.38999938964844,157.82000732421875,159.69000244140625,108275300,171.4025001525879,169.0138003540039,168.37292528182445,32.126863696738326,-2.7055802035482373,-0.06496721889076185
2022-01-27,162.4499969482422,163.83999633789062,158.27999877929688,159.22000122070312,121954600,170.3944999694824,169.19820037841797,167.50121822838432,31.549093335775694,-3.057536191917592,0.12633813990817844
2022-01-28,165.7100067138672,170.35000610351562,162.8000030517578,170.3300018310547,179935700,170.00100021362306,169.58480041503907,167.7706261905434,53.04543411878467,-2.41217361341063,0.47543184102936675
2022-01-31,170.16000366210938,175.0,169.50999450683594,174.77999877929688,115541600,169.86149978637695,170.0106002807617,168.4381854847104,58.64715017722244,-1.5240729920606668,-0.35787284013122467
2022-02-01,174.00999450683594,174.83999633789062,172.30999755859375,174.61000061035156,86213900,169.49150009155272,170.345400390625,169.02597740143813,58.360710585057376,-0.8244604162514975,-0.25382805846552237
2022-02-02,174.75,175.8800048828125,173.3300018310547,175.83999633789062,84914300,169.29850006103516,170.65120025634766,169.67493158586217,59.887265544357724,-0.16881602769419146,-0.015074135377242004
2022-02-03,174.47999572753906,176.24000549316406,172.1199951171875,172.89999389648438,89418100,169.1974998474121,170.88880004882813,169.98208037735,54.72300826781289,0.11225919340171231,0.05303935850616437
2022-02-04,171.67999267578125,174.10000610351562,170.67999267578125,172.38999938964844,82465400,169.21699981689454,171.1083999633789,170.2114059975689,53.85543646773007,0.2905121929354948,-0.07775495117878817
2022-02-07,172.86000061035156,173.9499969482422,170.9499969482422,171.66000366210938,77251200,169.19150009155274,171.30279998779298,170.3493676799061,52.57068650098192,0.3686251437302417,-0.06322894207752583
2022-02-08,171.72999572753906,175.35000610351562,171.42999267578125,174.8300018310547,74829200,169.32350006103516,171.6632000732422,170.77609474192025,57.33089499641931,0.6785012395254171,-0.03135226378360467
2022-02-09,176.0500030517578,176.64999389648438,174.89999389648438,176.27999877929688,71285000,169.38349990844728,171.98399993896484,171.30027607881325,59.341043421094255,1.0292187208255825,-0.047363863304699216
2022-02-10,174.13999938964844,175.47999572753906,171.5500030517578,172.1199951171875,90865900,169.2129997253418,172.12039978027343,171.37834455865843,51.80114856315919,0.9604162420084208,0.27468471627972235
2022-02-11,172.3300018310547,173.0800018310547,168.0399932861328,168.63999938964844,98670700,169.0354995727539,172.1977996826172,171.11754978065747,46.480653792407495,0.6179597547894673,0.08589360805318602
2022-02-14,167.3699951171875,169.5800018310547,166.55999755859375,168.8800048828125,86185500,168.82599945068358,172.30019989013672,170.904450266577,46.885835786797905,0.3617568510978231,-0.1265340166837775
2022-02-15,170.97000122070312,172.9499969482422,170.25,172.7899932861328,62527400,168.97549896240236,172.51919982910155,171.08402579224898,53.11351184600709,0.4688134020190944,-0.2745020914190902
2022-02-16,171.85000610351562,173.33999633789062,170.0500030517578,172.5500030517578,61177400,169.29149932861327,172.66379974365233,171.22364267410697,52.70503209924862,0.5282024941352574,-0.021590534709583276
2022-02-17,171.02999877929688,171.91000366210938,168.47000122070312,168.8800048828125,69589300,169.5099998474121,172.61779998779298,171.00043907493605,46.780097096742054,0.27594962127182043,0.13750012259429134
2022-02-18,169.82000732421875,170.5399932861328,166.19000244140625,167.3000030517578,82772700,169.75449981689454,172.46220001220703,170.64801659653813,44.462683225425465,-0.05086915306452511,0.18944579123514682
2022-02-22,164.97999572753906,166.69000244140625,162.14999389648438,164.32000732421875,91162800,169.8895004272461,172.25740020751954,170.04534904679343,40.39784372122201,-0.5440644997919719,0.1013631305974072
2022-02-23,165.5399932861328,166.14999389648438,159.75,160.07000732421875,90009200,169.90400085449218,171.86980041503907,169.09531650178633,35.42388781895859,-1.2633022842674109,-0.01265428442303218
2022-02-24,152.5800018310547,162.85000610351562,152.0,162.74000549316406,141147500,170.05650100708007,171.60980041503908,168.49004878667944,40.389504533725464,-1.5994197568121535,0.5681452562626932
2022-02-25,163.83999633789062,165.1199951171875,160.8699951171875,164.85000610351562,91974200,170.3380012512207,171.42020050048828,168.14337805494955,44.05093217179113,-1.676213514170314,-0.3483823659646823
2022-02-28,163.05999755859375,165.4199981689453,162.42999267578125,165.1199951171875,95056600,170.07750091552734,171.13660034179688,167.85543682278174,44.52051085331864,-1.6957398299366844,0.033513746246229825
2022-03-01,164.6999969482422,166.60000610351562,161.97000122070312,163.1999969482422,83474400,169.4985008239746,170.955400390625,167.4120615966351,41.83169892770162,-1.844875802148863,-0.12184530058933307
2022-03-02,164.38999938964844,167.36000061035156,162.9499969482422,166.55999755859375,79724800,169.09600067138672,170.8638003540039,167.33091264063117,47.7759120965551,-1.6726617624335063,-0.04491916084452241
2022-03-03,168.47000122070312,168.91000366210938,165.5500030517578,166.22999572753906,76678400,168.61550064086913,170.79340026855468,167.22606341081288,47.265042886085034,-1.5449994926274542,-0.03821144737898374
2022-03-04,164.49000549316406,165.5500030517578,162.10000610351562,163.1699981689453,83737200,168.12900085449218,170.5970001220703,166.83977148301597,42.70500042829878,-1.6714747332925697,0.09205721559135305
2022-03-07,163.36000061035156,165.02000427246094,159.0399932861328,159.3000030517578,96418800,167.47450103759766,170.2702001953125,166.12169829908663,37.74519616800728,-2.0602344356600497,0.15144523580917446
2022-03-08,158.82000732421875,162.8800048828125,155.8000030517578,157.44000244140625,131148300,166.7635009765625,169.8934002685547,165.2948701221647,35.604857899431465,-2.4897159100140698,0.3601942774645608
2022-03-09,161.47999572753906,163.41000366210938,159.41000366210938,162.9499969482422,91454900,166.16950073242188,169.54580017089845,165.0715488675054,45.46953152414034,-2.358287692395521,-0.30266042335279986
2022-03-10,160.1999969482422,160.38999938964844,155.97999572753906,158.52000427246094,105342000,165.28150100708007,169.130400390625,164.44759223940594,40.14482463530824,-2.5818315223305603,0.1518464292235846
2022-03-11,158.92999267578125,159.27999877929688,154.5,154.72999572753906,96970100,164.41200103759766,168.63740020751953,163.52210685732337,36.235259390889226,-3.029886982161372,-0.07947352433027666
2022-03-14,151.4499969482422,154.1199951171875,150.10000610351562,150.6199951171875,108732100,163.5110008239746,168.08580017089844,162.29333431064376,32.53496999408928,-3.6742622545678785,0.121295120867154
2022-03-15,150.89999389648438,155.57000732421875,150.3800048828125,155.08999633789062,92964300,162.8215003967285,167.63619995117188,161.60730212276252,39.74219473810427,-3.780661447484732,-0.14501513352542628
2022-03-16,157.0500030517578,160.0,154.4600067138672,159.58999633789062,102300200,162.1615005493164,167.18779998779297,161.41517776229853,45.99678053197395,-3.461963818602129,0.1004245715828549
2022-03-17,158.61000061035156,161.0,157.6300048828125,160.6199951171875,75615400,161.56500015258788,166.80619995117186,161.33944608181176,47.344011007261976,-3.0906542202048684,-0.2608479748817696
2022-03-18,160.50999450683594,164.47999572753906,159.75999450683594,163.97999572753906,123511700,161.31999969482422,166.58739990234375,161.59092700045247,51.58699700504654,-2.4964867742507124,0.633419911816905
2022-03-21,163.50999450683594,166.35000610351562,163.00999450683594,165.3800048828125,95811400,161.22399978637696,166.455,161.95179156067724,53.276411505851925,-1.890839335270499,-0.22427268024000968
2022-03-22,165.50999450683594,169.4199981689453,164.91000366210938,168.82000732421875,81532000,161.44899978637696,166.38800018310548,162.60590734768118,57.226122968467074,-1.1203650577205906,-0.1490365447117984
2022-03-23,167.99000549316406,172.63999938964844,167.64999389648438,170.2100067138672,98062700,161.95599975585938,166.34840026855468,163.33010728731796,58.74373118870638,-0.3930662843095831,0.20275106706569201
2022-03-24,171.05999755859375,174.13999938964844,170.2100067138672,174.07000732421875,90131400,162.52249984741212,166.32820037841796,164.35295490987994,62.70133065844922,0.48915435647418803,-0.08087988603209983
2022-03-25,173.8800048828125,175.27999877929688,172.75,174.72000122070312,80546200,163.0159996032715,166.3120004272461,165.34029265376788,63.33908262705549,1.2266298205516932,-0.10634695566694852
2022-03-28,172.1699981689453,175.72999572753906,172.0,175.60000610351562,90371900,163.54000015258788,166.3802005004883,166.31740822041053,64.23080191384,1.8606451198618288,0.12198837437396182
2022-03-29,176.69000244140625,179.00999450683594,176.33999633789062,178.9600067138672,100589400,164.32800064086913,166.49800048828126,167.52146521978736,67.48298141981356,2.60421105695778,0.11306058631056781
2022-03-30,178.5500030517578,179.61000061035156,176.6999969482422,177.77000427246094,92633200,164.8885009765625,166.65740051269532,168.49751655813722,65.22121692493906,3.062170373522406,-0.07909580929998583
2022-03-31,177.83999633789062,178.02999877929688,174.39999389648438,174.61000061035156,103049300,165.30750122070313,166.82500061035157,169.07965789644334,59.51672987475757,3.133993815180844,0.11244456631099875
2022-04-01,174.02999877929688,174.8800048828125,171.94000244140625,174.30999755859375,78751300,165.86450119018554,167.02100067138673,169.5777854833148,58.98922899213629,3.1306188457966186,-0.23579005388682894
2022-04-04,174.57000732421875,178.49000549316406,174.44000244140625,178.44000244140625,76468400,166.82150115966797,167.34160064697267,170.4218061459902,63.75217499550157,3.421757149941641,-0.02898872780512829
2022-04-05,177.5,178.3000030517578,174.4199981689453,175.05999755859375,73401800,167.70250091552734,167.6104006958008,170.86353866147624,57.83245953265959,3.3412325582646076,-0.04010283986587926
2022-04-06,172.36000061035156,173.6300048828125,170.1300048828125,171.8300018310547,89058800,168.14650115966796,167.85140075683594,170.95558277286466,52.788045634921765,2.9824032895599544,0.2133053957804849
2022-04-07,171.16000366210938,173.36000061035156,169.85000610351562,172.13999938964844,77594700,168.82750091552734,168.10040069580077,171.0683843554155,53.2098725511775,2.6920108952254793,-0.12872506703436382
2022-04-08,171.77999877929688,171.77999877929688,169.1999969482422,170.08999633789062,76575500,169.59550094604492,168.31780059814454,170.97520454422266,50.0266662244992,2.2702842927408824,-0.013134917719895833
2022-04-11,168.7100067138672,169.02999877929688,165.5,165.75,72246700,170.35200119018555,168.22620056152343,170.47756601620145,44.02232840540447,1.5677889926976718,-0.05652983003702228
2022-04-12,168.02000427246094,169.8699951171875,166.63999938964844,167.66000366210938,79265200,170.9805015563965,168.0838006591797,170.20922674438316,47.03519862366711,1.151899360379673,0.09714630564440996
2022-04-13,167.38999938964844,171.0399932861328,166.77000427246094,170.39999389648438,70618900,171.52100143432617,167.99960052490235,170.22739504458326,51.10116346475533,1.031507566173218,-0.10908065582374105
2022-04-14,170.6199951171875,171.27000427246094,165.0399932861328,165.2899932861328,75329400,171.75450134277344,167.7886004638672,169.75716630568323,44.27479875828235,0.5177930625797558,0.06670310639219812
2022-04-18,163.9199981689453,166.60000610351562,163.57000732421875,165.07000732421875,69023900,171.80900192260742,167.6320007324219,169.31077021221043,44.00228238411019,0.09186067604949244,-0.08370569790812088
2022-04-19,165.02000427246094,167.82000732421875,163.91000366210938,167.39999389648438,67723800,171.910001373291,167.5322006225586,169.1287915154746,47.67579691830567,-0.057026004795460494,-0.018835504803408676
2022-04-20,168.75999450683594,168.8800048828125,166.10000610351562,167.22999572753906,67929800,171.83050079345702,167.4436004638672,168.9479538213855,47.43131199481738,-0.18658635221328268,0.003041766705353277
2022-04-21,168.91000366210938,171.52999877929688,165.91000366210938,166.4199981689453,87227800,171.64100036621093,167.275400390625,168.70719614020072,46.21522854933106,-0.35058259657702706,0.28408739610598
2022-04-22,166.4600067138672,167.8699951171875,161.5,161.7899932861328,84882400,171.02699966430663,166.98560028076173,168.04841491600376,39.91549500657622,-0.8444195582079885,-0.02688821682995557
2022-04-25,161.1199951171875,163.1699981689453,158.4600067138672,162.8800048828125,96046400,170.43499984741212,166.80080047607422,167.55618538903317,41.92263798291491,-1.1347533516799047,0.13152314260671227
2022-04-26,162.25,162.33999633789062,156.72000122070312,156.8000030517578,95623200,169.49499969482423,166.5640005493164,166.5317870711974,34.91616254300823,-1.8343055769437058,-0.004406203668226971
2022-04-27,155.91000366210938,159.7899932861328,155.3800048828125,156.57000732421875,88063200,168.3754997253418,166.31780059814454,165.58304614291373,34.680043304411114,-2.379831274980347,-0.0790603117235148
2022-04-28,159.25,164.52000427246094,158.92999267578125,163.63999938964844,130216800,167.66899948120118,166.13480072021486,165.39799407117417,46.628192112470636,-2.2161288932940977,0.47867440656255966
2022-04-29,161.83999633789062,166.1999969482422,157.25,157.64999389648438,131747600,166.8209991455078,165.83680053710938,164.66008929263228,39.959143499065895,-2.540452207458486,0.011755779592187876
2022-05-02,156.7100067138672,158.22999572753906,153.27000427246094,157.9600067138672,123055300,166.00349960327148,165.61840057373047,164.02198618989274,40.43398749069733,-2.7408702806170595,-0.06597691343144008
2022-05-03,158.14999389648438,160.7100067138672,156.32000732421875,159.47999572753906,88966500,165.0554992675781,165.4620004272461,163.5894156696686,42.8216934279227,-2.7454053137034293,-0.27702016898093784
2022-05-04,159.6699981689453,166.47999572753906,159.25999450683594,166.02000427246094,108256500,164.60349960327147,165.49600036621095,163.82090029850596,51.778367488260955,-2.195961648706657,0.21682318625550057
2022-05-05,163.85000610351562,164.0800018310547,154.9499969482422,156.77000427246094,130525300,163.8504997253418,165.43000030517578,163.1493863912636,41.80407313628201,-2.4783523767153497,0.20570404548456667
2022-05-06,156.00999450683594,159.44000244140625,154.17999267578125,157.27999877929688,116124600,163.1074996948242,165.32080017089845,162.59039709488582,42.46217888978969,-2.63067201917724,-0.11032880215559737
2022-05-09,154.92999267578125,155.8300018310547,151.49000549316406,152.05999755859375,131577900,162.20599975585938,165.065,161.58750190095324,37.75589946531098,-3.1364419558724137,0.133075162368697
2022-05-10,155.52000427246094,156.74000549316406,152.92999267578125,154.50999450683594,115366700,161.64399948120118,164.85279998779296,160.91345357770396,41.05792535106618,-3.3015161730145905,-0.1232061007205617
2022-05-11,153.5,155.4499969482422,145.80999755859375,146.5,142689800,160.58599929809571,164.51880004882813,159.54074371316074,34.59603024012411,-4.032197629463127,0.23683697288732364
2022-05-12,142.77000427246094,146.1999969482422,138.8000030517578,142.55999755859375,182602000,159.19399948120116,164.03880004882814,157.92352979367817,31.933704665647042,-4.873020074947107,0.2797130558736505
2022-05-13,144.58999633789062,148.10000610351562,143.11000061035156,147.11000061035156,113990900,158.2849998474121,163.65640014648437,156.89366987145658,37.8789972687746,-5.113287900471562,-0.3757412295593695
2022-05-16,145.5500030517578,147.52000427246094,144.17999267578125,145.5399932861328,86643800,157.30849914550782,163.30380004882812,155.812367339521,36.68818839767854,-5.368503585643822,-0.23990599249589217
2022-05-17,148.86000061035156,149.77000427246094,146.67999267578125,149.24000549316406,78336300,156.4004997253418,163.10260009765625,155.18642811605844,41.366364560531316,-5.212121697560974,-0.09588106708154531
2022-05-18,146.85000610351562,147.36000061035156,139.89999389648438,140.82000732421875,109742900,155.0800003051758,162.7702001953125,153.81819756445466,35.024001271952756,-5.701883642624921,0.4009201353650862
2022-05-19,139.8800048828125,141.66000366210938,136.60000610351562,137.35000610351562,136095600,153.6265007019043,162.25820037841797,152.24979837769857,32.792579560598114,-6.297430749467566,0.24013125222679554
2022-05-20,139.08999633789062,140.6999969482422,132.61000061035156,137.58999633789062,137426100,152.4165008544922,161.83960021972655,150.8536267548597,33.10999332766578,-6.67311737289026,0.009776216130426008
2022-05-23,137.7899932861328,143.25999450683594,137.64999389648438,143.11000061035156,117726300,151.42800064086913,161.60720031738282,150.11613855062083,40.11570126990809,-6.451069601724356,-0.1433483159312532
2022-05-24,140.80999755859375,141.97000122070312,137.3300018310547,140.36000061035156,104132700,150.60600051879882,161.4020004272461,149.18698255630946,37.98147445343974,-6.422957306916601,-0.11546782664536304
2022-05-25,138.42999267578125,141.7899932861328,138.33999633789062,140.52000427246094,92482700,149.80350036621093,161.1106005859375,148.3615560530858,38.18752994566526,-6.314972085153471,-0.11187648068282108
2022-05-26,137.38999938964844,144.33999633789062,137.13999938964844,143.77999877929688,90601500,148.81050033569335,160.79440063476562,147.92521726510589,42.387544292902334,-5.898346243225035,-0.02034110163306213
2022-05-27,145.38999938964844,149.67999267578125,145.25999450683594,149.63999938964844,90978500,148.41000061035157,160.57480072021485,148.08852984839567,49.084673595523206,-5.037247928145092,0.004161079010833069
2022-05-31,149.07000732421875,150.66000366210938,146.83999633789062,148.83999633789062,103718400,147.95400009155273,160.27200073242187,148.16009808549043,48.25989508673719,-4.369011623557185,0.14003198557901042
2022-06-01,149.89999389648438,151.74000549316406,147.67999267578125,148.7100067138672,74286600,147.41550064086914,159.93860076904298,148.21247033581201,48.11841202725996,-3.806044897678987,-0.28376642910033323
2022-06-02,147.8300018310547,151.27000427246094,146.86000061035156,151.2100067138672,72348100,146.67500076293945,159.58640075683593,148.4979499908649,51.088343605004724,-3.1221701705929092,-0.026094881176416784
2022-06-03,146.89999389648438,147.97000122070312,144.4600067138672,145.3800048828125,88570300,146.10550079345703,159.08980072021484,148.20100283771706,44.66690401956864,-3.0158619672837403,0.22422427126628075
2022-06-06,147.02999877929688,148.57000732421875,144.89999389648438,146.13999938964844,71598400,145.54850082397462,158.53120056152343,148.00471679504386,45.62636081959419,-2.8375769246325717,-0.19162066742463335
2022-06-07,144.35000610351562,149.0,144.10000610351562,148.7100067138672,67808200,145.3810012817383,158.0110006713867,148.0718872635032,48.855928179999935,-2.4605430229068475,-0.05293693713826009
2022-06-08,148.5800018310547,149.8699951171875,147.4600067138672,147.9600067138672,53950200,145.05350189208986,157.45820068359376,148.0612319730617,47.9606609428769,-2.196934774855009,-0.2043705628522804
2022-06-09,147.0800018310547,147.9499969482422,142.52999877929688,142.63999938964844,69473000,144.86050186157226,156.73180053710936,147.5449241079747,42.071432834534626,-2.3897558511069974,0.28772460528413246
2022-06-10,140.27999877929688,140.75999450683594,137.05999755859375,137.1300048828125,91437900,144.5890022277832,155.9190005493164,146.55302703891164,37.003409788548126,-2.9531365313243043,0.31616455313575065
2022-06-13,132.8699951171875,135.1999969482422,131.44000244140625,131.8800048828125,122207100,143.82750244140624,155.06440063476563,145.15559635737839,32.932689194217176,-3.7796810923911437,0.33650379109756456
2022-06-14,133.1300048828125,133.88999938964844,131.47999572753906,132.75999450683594,84784300,143.1885025024414,154.23340057373048,143.97506284780292,34.23857056138088,-4.3139868486622674,-0.3062244337685781
2022-06-15,134.2899932861328,137.33999633789062,132.16000366210938,135.42999267578125,91533000,142.49800186157228,153.37320037841798,143.16124664094372,38.17221086477126,-4.470448919458391,0.07959846339475596
2022-06-16,132.0800018310547,132.38999938964844,129.0399932861328,130.05999755859375,108123900,141.96000137329102,152.47320037841797,141.91350863310086,33.79387561840905,-4.970463554992165,0.18125594048048255
2022-06-17,130.07000732421875,133.0800018310547,129.80999755859375,131.55999755859375,134520300,141.6705009460449,151.66780029296876,140.92745995933828,36.00203252884922,-5.185911334342052,0.24413103855854246
2022-06-21,133.4199981689453,137.05999755859375,133.32000732421875,135.8699951171875,81000500,141.58450088500976,150.94240020751954,140.4457966410382,41.98907081687209,-4.9517932783398635,-0.3978566803672011
2022-06-22,134.7899932861328,137.75999450683594,133.91000366210938,135.35000610351562,73409200,141.19650115966797,150.24760040283203,139.96048325651225,41.48483114889254,-4.753417363436313,-0.0937191745729965
2022-06-23,136.82000732421875,138.58999633789062,135.6300048828125,138.27000427246094,72433800,141.09200134277344,149.69800048828125,139.79948525803118,45.44665552125755,-4.310890312773381,-0.013287162916909567
2022-06-24,139.89999389648438,141.91000366210938,139.77000427246094,141.66000366210938,89116800,141.14900131225585,149.17800048828124,139.976677486991,49.70420910781445,-3.6446268281763423,0.23032065140859648
2022-06-27,142.6999969482422,143.49000549316406,140.97000122070312,141.66000366210938,70207900,141.0430015563965,148.60320068359374,140.13699426557372,49.70420910781444,-3.081091313712278,-0.2121810926783727
2022-06-28,142.1300048828125,143.4199981689453,137.32000732421875,137.44000244140625,67083400,140.43300170898436,148.04620086669922,139.8801379013673,44.67098160446258,-2.941101007294094,-0.04450353877555091
2022-06-29,137.4600067138672,140.6699981689453,136.6699981689453,139.22999572753906,66242400,139.9525016784668,147.52940063476564,139.81821959909794,47.117179091564864,-2.655113684485258,-0.012536633503966721
2022-06-30,137.25,138.3699951171875,133.77000427246094,136.72000122070312,98964500,139.3530014038086,146.91580078125,139.52315118210797,44.16831069048106,-2.60101931890415,0.49397515790490676
2022-07-01,136.0399932861328,139.0399932861328,135.66000366210938,138.92999267578125,71051600,138.7390007019043,146.34980072021483,139.46665989579114,47.29599040814811,-2.352700832999318,-0.28204962385501875
2022-07-05,137.77000427246094,141.61000061035156,136.92999267578125,141.55999755859375,73353800,138.54800033569336,145.8526007080078,139.66602538748663,50.82639286053111,-1.9215369478865512,0.032401803759521286
2022-07-06,141.35000610351562,144.1199951171875,141.0800018310547,142.9199981689453,74064300,138.3870002746582,145.47520080566406,139.97592755714936,52.594766692843045,-1.4533425510563518,0.009685933107759892
2022-07-07,143.2899932861328,146.5500030517578,143.27999877929688,146.35000610351562,66253700,138.2690002441406,145.14460083007813,140.5829826568033,56.813045636360975,-0.7963424043312841,-0.10545701505313632
2022-07-08,145.25999450683594,147.5500030517578,145.0,147.0399932861328,64547800,138.2229995727539,144.94940063476562,141.19793605007277,57.62981594027374,-0.21748185994383107,-0.02574799596098032
2022-07-11,145.6699981689453,146.63999938964844,143.77999877929688,144.8699951171875,63141600,138.33449935913086,144.715400390625,141.54765596122655,54.16058106088261,0.06541451730933545,-0.021785405544418213
2022-07-12,145.75999450683594,148.4499969482422,145.0500030517578,145.86000061035156,77588800,138.7709991455078,144.35980041503908,141.9583554516194,55.47741132583899,0.36528631071098516,0.22880636537560028
2022-07-13,142.99000549316406,146.4499969482422,142.1199951171875,145.49000549316406,71185600,139.45149917602538,144.11660064697264,142.29470307462367,54.84331178357156,0.5665505120254011,-0.0825273750850638
2022-07-14,144.0800018310547,148.9499969482422,143.25,148.47000122070312,78140700,140.23699951171875,143.9268005371094,142.8828267075836,58.91631688976097,0.9555001806420762,0.09770374907284629
2022-07-15,149.77999877929688,150.86000061035156,148.1999969482422,150.1699981689453,76259900,140.97399978637696,143.7406005859375,143.5768430372371,61.07335128769183,1.3849562282141505,-0.024069403012770607
2022-07-18,150.74000549316406,151.57000732421875,146.6999969482422,147.07000732421875,81420900,141.8245002746582,143.36160064697265,143.90952535028296,55.36488959377817,1.4583489476361535,0.06767645905646358
2022-07-19,147.9199981689453,151.22999572753906,146.91000366210938,151.0,82982400,142.7965003967285,143.24620056152344,144.584808650256,60.41616677755071,1.8127346939962194,0.019178122570494782
2022-07-20,151.1199951171875,153.72000122070312,150.3699951171875,153.0399932861328,64823400,143.65500030517578,143.16140045166014,145.39006432986332,62.77134416943222,2.232463906203492,-0.21882953493752888
2022-07-21,154.5,155.57000732421875,151.94000244140625,155.35000610351562,65086600,144.65500030517578,143.2272006225586,146.3386302130683,65.28979398828815,2.7201449222117446,0.0040602621892711355
2022-07-22,155.38999938964844,156.27999877929688,153.41000366210938,154.08999633789062,66675400,145.44599990844728,143.2188006591797,147.07685555828948,62.794499794983544,2.970718786245726,0.024410554553471853
2022-07-25,154.00999450683594,155.0399932861328,152.27999877929688,152.9499969482422,53623900,146.0104995727539,143.34780059814454,147.6362023573326,60.54007974877913,3.0422428732947537,-0.1957468571617118
2022-07-26,152.25999450683594,153.08999633789062,150.8000030517578,151.60000610351562,55138700,146.50749969482422,143.52860076904298,148.0137074760167,57.88959895882233,2.955919251622248,0.028248598106441314
2022-07-27,152.5800018310547,157.3300018310547,152.16000366210938,156.7899932861328,78620700,147.47499923706056,143.7222006225586,148.84954421983727,64.35128304325721,3.2686171665705785,0.425871484093749
2022-07-28,156.97999572753906,157.63999938964844,154.41000366210938,157.35000610351562,81378700,148.38099975585936,143.95840087890625,149.65911201828283,64.9757953355531,3.5210325991381524,0.03507981994563769
2022-07-29,161.24000549316406,163.6300048828125,159.5,162.50999450683594,101786900,149.670499420166,144.2238006591797,150.88300558862122,70.16253501628879,4.090291256837588,0.25078060966813176
2022-08-01,161.00999450683594,163.58999633789062,160.88999938964844,161.50999450683594,67829400,150.79949951171875,144.63760040283202,151.89509977130834,68.05900965451323,4.409906544131019,-0.3336136575531822
2022-08-02,160.10000610351562,162.41000366210938,159.6300048828125,160.00999450683594,59907000,151.72199935913085,145.09080017089843,152.66794688897764,64.9151407643743,4.490403916863698,-0.11679891020707833
2022-08-03,160.83999633789062,166.58999633789062,160.75,166.1300048828125,82507500,152.88249969482422,145.66160034179688,153.95004765029523,70.83471655334498,4.990504920742268,0.37725975261655575
2022-08-04,166.00999450683594,167.19000244140625,164.42999267578125,165.80999755859375,55474100,153.85549926757812,146.11560028076173,155.0795666891808,70.1680590772156,5.299922445829196,-0.3276477895948853
2022-08-05,163.2100067138672,165.85000610351562,163.0,165.35000610351562,56697000,154.77099990844727,146.615400390625,156.05770377626033,69.16045717665648,5.445251132078198,0.022044521677683893
2022-08-08,166.3699951171875,167.80999755859375,164.1999969482422,164.8699951171875,60276900,155.77099990844727,147.10240020751954,156.8969696182534,68.06210656140064,5.458767019750496,0.06314090692629248
2022-08-09,164.02000427246094,165.82000732421875,163.25,164.9199981689453,63135500,156.72399978637696,147.5252001953125,157.66106757546214,68.11890630437593,5.411137066702338,0.04742446940701983
2022-08-10,167.67999267578125,169.33999633789062,166.89999389648438,169.24000549316406,70170500,157.91149978637696,147.91720031738282,158.76382356762423,72.64523194400346,5.656770741127048,0.11142701016068624
2022-08-11,170.05999755859375,170.99000549316406,168.19000244140625,168.49000549316406,57149200,158.9125,148.3102005004883,159.69012660815184,70.7667657025703,5.724925092985416,-0.18556658424836647
2022-08-12,169.82000732421875,172.1699981689453,169.39999389648438,172.10000610351562,68039400,160.0090003967285,148.77800048828124,160.87201989342458,74.22199082766153,6.001058322270211,0.19055734813435699
2022-08-15,171.52000427246094,173.38999938964844,171.35000610351562,173.19000244140625,54091700,161.31500015258788,149.21760040283203,162.04516108847045,75.17604472228848,6.235965166216545,-0.20499445909281977
2022-08-16,172.77999877929688,173.7100067138672,171.66000366210938,173.02999877929688,56377100,162.41650009155273,149.77060028076173,163.0913361066444,74.7387653194986,6.336180034824281,0.04225047465692522
2022-08-17,172.77000427246094,176.14999389648438,172.57000732421875,174.5500030517578,79542000,163.49200057983398,150.3388003540039,164.18263772046473,76.15759165213365,6.463742679715267,0.41089201111798945
2022-08-18,173.75,174.89999389648438,173.1199951171875,174.14999389648438,62290100,164.43199996948243,150.84760009765625,165.1319097372285,74.96432066222276,6.45811447538054,-0.21689044781373368
2022-08-19,173.02999877929688,173.74000549316406,171.30999755859375,171.52000427246094,70346300,165.30350036621093,151.31880004882814,165.74029969296492,67.47817930198046,6.170308425334298,0.12933355380710587
2022-08-22,169.69000244140625,169.86000061035156,167.13999938964844,167.57000732421875,69026800,166.03450088500978,151.81740020751954,165.91455756260814,58.094636098120226,5.559402977998559,-0.018757205425160905
2022-08-23,167.0800018310547,168.7100067138672,166.64999389648438,167.22999572753906,54147100,166.81600036621094,152.41940002441407,166.03983738783967,57.3552717642805,4.990294902111543,-0.21556409974097013
2022-08-24,167.32000732421875,168.11000061035156,166.25,167.52999877929688,53841500,167.35300064086914,153.13239990234376,166.1817575203594,57.86481842202948,4.511474916276342,-0.005643884898729579
2022-08-25,168.77999877929688,170.13999938964844,168.35000610351562,170.02999877929688,51218200,167.98700027465821,153.87779998779297,166.54825668787726,61.94542310224702,4.284348432601746,-0.048722639599565354
2022-08-26,170.57000732421875,171.0500030517578,163.55999755859375,163.6199951171875,78961000,168.0425003051758,154.44160003662108,166.26937463352584,48.875481318347184,3.5462365258211435,0.5416590196453603
2022-08-29,161.14999389648438,162.89999389648438,159.82000732421875,161.3800048828125,73314000,168.0360008239746,155.06800018310548,165.80372037155314,45.28010475494705,2.7488420898369554,-0.07151631818239379
2022-08-30,162.1300048828125,162.55999755859375,157.72000122070312,158.91000366210938,77906200,167.9810012817383,155.61500030517578,165.1471759230347,41.64242029098838,1.8957398891683397,0.06263742259322913
2022-08-31,160.30999755859375,160.5800018310547,157.13999938964844,157.22000122070312,87991100,167.5355010986328,156.04200042724608,164.39220690376501,39.31512186384334,1.0709360911628778,0.12944926077770447
2022-09-01,156.63999938964844,158.4199981689453,154.6699981689453,157.9600067138672,74229900,167.14300155639648,156.49420043945312,163.77961640948902,40.87335223496618,0.47154966663993036,-0.15639308975566846
2022-09-02,159.75,160.36000061035156,154.97000122070312,155.80999755859375,76957800,166.6660011291504,156.84500030517577,163.02060509035613,37.83372496502128,-0.1749395691379334,0.03674934224618376
2022-09-06,156.47000122070312,157.08999633789062,153.69000244140625,154.52999877929688,73714800,166.14900131225585,157.10240020751954,162.2119759178743,36.11191762502888,-0.7815627810543901,-0.04213997801392455
2022-09-07,154.82000732421875,156.6699981689453,153.61000061035156,155.9600067138672,87449600,165.70100173950195,157.38840026855468,161.61655027939744,39.42847515024427,-1.133855971894377,0.18632350627011118
2022-09-08,154.63999938964844,156.36000061035156,152.67999267578125,154.4600067138672,84923800,164.9620018005371,157.7288003540039,160.9349747017279,37.24440673831526,-1.516605839681887,-0.028882922277517542
2022-09-09,155.47000122070312,157.82000732421875,154.75,157.3699951171875,68028800,164.40600128173827,158.09160034179686,160.59545283653358,43.75371423290471,-1.5670620077441981,-0.1989430524776329
2022-09-12,159.58999633789062,164.25999450683594,159.3000030517578,163.42999267578125,104956000,163.97250061035157,158.62580017089843,160.86540901170002,54.36853438764957,-1.1053163283867775,0.5428171597911473
2022-09-13,159.89999389648438,160.5399932861328,153.3699951171875,153.83999633789062,122656600,163.00500030517577,158.92400024414061,160.19632209038485,41.137648359503515,-1.4959675258913023,0.1686478143221921
2022-09-14,154.7899932861328,157.10000610351562,153.61000061035156,155.30999755859375,87965400,162.11900024414064,159.19900024414062,159.7309578492619,43.41095290772595,-1.667720161305823,-0.28283190631405075
2022-09-15,154.64999389648438,155.24000549316406,151.3800048828125,152.3699951171875,90481100,161.0099998474121,159.38800018310548,159.02991377954052,40.07720952878907,-2.0178089432236277,0.028598744506362683
2022-09-16,151.2100067138672,151.35000610351562,148.3699951171875,150.6999969482422,162278800,159.8375,159.475,158.23658836703592,38.27897578319198,-2.4023192793631267,0.7935104679319769
2022-09-19,149.30999755859375,154.55999755859375,149.10000610351562,154.47999572753906,81474200,158.9854995727539,159.62380004882812,157.87881763946478,44.36403288501249,-2.3746585941796354,-0.4979368839306182
2022-09-20,153.39999389648438,158.0800018310547,153.0800018310547,156.89999389648438,107689800,158.45199890136718,159.86440002441407,157.7855963306095,47.905104927622716,-2.1328771938017326,0.32176566324063316
2022-09-21,157.33999633789062,158.74000549316406,153.60000610351562,153.72000122070312,101696800,157.7764991760254,160.0216000366211,157.39839679633272,43.9468593916057,-2.172815658310981,-0.055650581577828206
2022-09-22,152.3800048828125,154.47000122070312,150.91000366210938,152.74000549316406,86652500,157.03699951171876,160.1666000366211,156.95474048174523,42.77390117306696,-2.257521343433183,-0.14793287497738372
2022-09-23,151.19000244140625,151.47000122070312,148.55999755859375,150.42999267578125,96029900,156.05699920654297,160.20579986572267,156.3333359287963,40.059727814914986,-2.4824339842354277,0.10821845878653247
2022-09-26,149.66000366210938,153.77000427246094,149.63999938964844,150.77000427246094,93339400,155.41449966430665,160.21779998779297,155.80349481866912,40.65661881716737,-2.6032343135136102,-0.028017315440295176
2022-09-27,152.74000549316406,154.72000122070312,149.9499969482422,151.75999450683594,84442700,154.93349914550782,160.3115997314453,155.41839955087548,42.45349093206782,-2.589238378285529,-0.09531559020092262
2022-09-28,147.63999938964844,150.63999938964844,144.83999633789062,149.83999633789062,146691400,154.47999877929686,160.28839965820313,154.88712305440072,39.9283761882437,-2.7019281589966795,0.7371708862933088
2022-09-29,146.10000610351562,146.72000122070312,140.67999267578125,142.47999572753906,128138200,153.74299850463868,160.07719970703124,153.7054918804139,32.05697617133043,-3.346549224949456,-0.12647776215919948
2022-09-30,141.27999877929688,143.10000610351562,138.0,138.1999969482422,124925300,152.75499801635743,159.73419952392578,152.22877807734992,28.53418943090965,-4.15488131058342,-0.025073709479296546
2022-10-03,138.2100067138672,143.07000732421875,137.69000244140625,142.4499969482422,114311700,152.08699798583984,159.50139953613282,151.29746558886347,36.04935721239346,-4.401809510888285,-0.0849595718401317
2022-10-04,145.02999877929688,146.22000122070312,144.25999450683594,146.10000610351562,87830100,151.66549835205078,159.3643997192383,150.80246944740176,41.71782656788407,-4.253939883231965,-0.23166132600599942
2022-10-05,144.07000732421875,147.3800048828125,143.00999450683594,146.39999389648438,79471000,151.18749771118163,159.26039947509764,150.3831860616001,42.17151428503466,-4.06567901331303,-0.09517352251676814
2022-10-06,145.80999755859375,147.5399932861328,145.22000122070312,145.42999267578125,68402200,150.73599700927736,159.03319946289062,149.9114533581888,41.05855737549875,-3.949227671144172,-0.13928099558329454
2022-10-07,142.5399932861328,143.10000610351562,139.4499969482422,140.08999633789062,85925600,149.8719970703125,158.68799926757814,148.97607649911276,35.50355380046429,-4.238968034904644,0.25618181871343326
2022-10-10,140.4199981689453,141.88999938964844,138.57000732421875,140.4199981689453,74899000,148.72149734497071,158.2461993408203,148.16121189623968,36.07910449348539,-4.391340332981514,-0.12832729710354074
2022-10-11,139.89999389648438,141.35000610351562,138.22000122070312,138.97999572753906,77033700,147.97849731445314,157.79559936523438,147.28681035636342,34.62701169489216,-4.575548563746736,0.028501048078078517
2022-10-12,139.1300048828125,140.36000061035156,138.16000366210938,138.33999633789062,70433700,147.12999725341797,157.36219940185546,146.4347328307946,33.97257431949653,-4.718782330457827,-0.08567678821087399
2022-10-13,134.99000549316406,143.58999633789062,134.3699951171875,142.99000549316406,113224000,146.6609977722168,156.8993994140625,146.10666356054406,42.47885202389803,-4.406286319563435,0.6075259428370225
2022-10-14,144.30999755859375,144.52000427246094,138.19000244140625,138.3800048828125,88598000,146.0449981689453,156.35079956054688,145.370791305522,37.34254513101637,-4.478988509921379,-0.21749805694905677
2022-10-17,141.07000732421875,142.89999389648438,140.27000427246094,142.41000366210938,85250900,145.44149856567384,155.89199951171875,145.0888115299589,43.746077628026356,-4.163424927267329,-0.03777850515812997
2022-10-18,145.49000549316406,146.6999969482422,140.61000061035156,143.75,99136600,144.78399887084962,155.469599609375,144.9613056699628,45.73205203741343,-3.761847769432933,0.16288039187856085
2022-10-19,141.69000244140625,144.9499969482422,141.5,143.86000061035156,61758300,144.29099884033204,155.04839965820312,144.85641947380935,45.900896597454874,-3.3955767535582027,-0.37703834910618284
2022-10-20,143.02000427246094,145.88999938964844,142.64999389648438,143.38999938964844,64522000,143.82349853515626,154.53139953613282,144.71676041817497,45.25303835139973,-3.107409225922595,0.0447502602889005
2022-10-21,142.8699951171875,147.85000610351562,142.64999389648438,147.27000427246094,86548600,143.66549911499024,154.10699951171875,144.95992649953553,51.35681701921396,-2.5367088164575478,0.3413812343076781
2022-10-24,147.19000244140625,150.22999572753906,146.0,149.4499969482422,75981900,143.5994987487793,153.65399932861328,145.3875522565552,54.43090706764277,-1.8867679538062987,-0.12208978539225357
2022-10-25,150.08999633789062,152.49000549316406,149.36000061035156,152.33999633789062,74732300,143.62849884033204,153.23699920654298,146.04968978811095,58.20208176760119,-1.1255121362721638,-0.016446022013137385
2022-10-26,150.9600067138672,151.99000549316406,148.0399932861328,149.35000610351562,88194300,143.60399932861327,152.76339935302735,146.3640056276733,53.2885178387033,-0.7547780285671308,0.18013629983287016
2022-10-27,148.07000732421875,149.0500030517578,144.1300048828125,144.8000030517578,109180200,143.71999969482422,152.16839935302735,146.21505300139563,46.81199575692927,-0.8186785804647343,0.23795075191934179
2022-10-28,148.1999969482422,157.5,147.82000732421875,155.74000549316406,164762400,144.5970001220703,151.80019958496095,147.122191333945,59.54366083580243,0.01329330246801419,0.5090868124440147
2022-10-31,153.16000366210938,154.24000549316406,151.9199981689453,153.33999633789062,97943200,145.14150009155273,151.43659942626954,147.7143632390827,56.35655760128059,0.4735179128639686,-0.40554883881273884
2022-11-01,155.0800018310547,155.4499969482422,149.1300048828125,150.64999389648438,80379300,145.36899948120117,151.09819915771484,147.9939471112162,52.936449247782974,0.6141094451946003,-0.1793274060884268
2022-11-02,148.9499969482422,152.1699981689453,145.0,145.02999877929688,93604600,145.3004997253418,150.65419921875,147.71166631770006,46.57680207330223,0.268942409094592,0.16453614301194452
2022-11-03,142.05999755859375,142.8000030517578,138.75,138.8800048828125,97918500,144.97300033569337,150.08119934082032,146.87055570485361,40.80029921202399,-0.49515027941095013,0.04608641028325522
2022-11-04,142.08999633789062,142.6699981689453,134.3800048828125,138.3800048828125,140814800,144.88750076293945,149.4481994628906,146.06193181704018,40.36202264564016,-1.1280416988450668,0.43808166996022213
2022-11-07,137.11000061035156,139.14999389648438,135.6699981689453,138.9199981689453,83374600,144.81250076293946,148.95419952392578,145.38174766007876,41.097922228154886,-1.5679652359883391,-0.4079130886810193
2022-11-08,140.41000366210938,141.42999267578125,137.49000549316406,139.5,89908500,144.8385009765625,148.51659942626952,144.82158121626173,41.926812424857474,-1.8484981718883944,0.07836799217027735
2022-11-09,138.5,138.5500030517578,134.58999633789062,134.8699951171875,74917800,144.66500091552734,148.0357992553711,143.873811111588,37.402024148686245,-2.4165685462579347,-0.16673284505914343
2022-11-10,141.24000549316406,146.8699951171875,139.5,146.8699951171875,118854000,144.8590003967285,147.82879913330078,144.15916196926415,51.893039474468985,-1.8768337279291245,0.5864587587996444
2022-11-11,145.82000732421875,150.00999450683594,144.3699951171875,149.6999969482422,93979700,145.425,147.66359893798827,144.68686053869064,54.56435609662419,-1.2068210178958623,-0.2092845003113063
2022-11-14,148.97000122070312,150.27999877929688,147.42999267578125,148.27999877929688,73374100,145.71849975585937,147.51299896240235,145.02906418065314,52.974811846972734,-0.7814055461002738,-0.21925586057414526
2022-11-15,152.22000122070312,153.58999633789062,148.55999755859375,150.0399932861328,89868300,146.03299942016602,147.42319885253906,145.50629552403214,54.73490336846002,-0.2987994973264847,0.22479594298260563
2022-11-16,149.1300048828125,149.8699951171875,147.2899932861328,148.7899932861328,64218300,146.27949905395508,147.2797985839844,145.8190286442322,53.21157269177455,-0.01699932239174018,-0.2854176611775231
2022-11-17,146.42999267578125,151.47999572753906,146.14999389648438,150.72000122070312,80389400,146.6459991455078,147.20499847412108,146.28578793722943,55.281025070017236,0.35793876183785756,0.2518145139313872
2022-11-18,152.30999755859375,152.6999969482422,149.97000122070312,151.2899932861328,74829600,146.8469985961914,147.0833984375,146.76237892283928,55.90137457630995,0.6930840494384825,-0.06916085951630435
2022-11-21,150.16000366210938,150.3699951171875,147.72000122070312,148.00999450683594,58724100,146.7749984741211,146.7749984741211,146.88119945464848,51.476104038421646,0.6861115482194293,-0.21522900028865588
2022-11-22,148.1300048828125,150.4199981689453,146.92999267578125,150.17999267578125,51804100,146.66699829101563,146.7017984008789,147.1953702376135,54.06678849222301,0.8459350943799393,-0.11783918357199175
2022-11-23,149.4499969482422,151.8300018310547,149.33999633789062,151.07000732421875,58301400,146.75299835205078,146.6169985961914,147.56438329348066,55.12503168048121,1.0325110059835936,0.12542057481936753
2022-11-25,148.30999755859375,148.8800048828125,147.1199951171875,148.11000061035156,35195900,146.91849822998046,146.5317987060547,147.61634684746838,50.92305761138161,0.9307963156097685,-0.39631123780904065
2022-11-28,145.13999938964844,146.63999938964844,143.3800048828125,144.22000122070312,69246000,146.3424980163574,146.4021987915039,147.29288535920503,45.964363827407745,0.5301846118336755,0.9674450717271046
2022-11-29,144.2899932861328,144.80999755859375,140.35000610351562,141.1699981689453,83763800,145.73399810791017,146.13599884033204,146.70975324584697,42.47221196596061,-0.03303203328019322,0.20965543136065623
2022-11-30,141.39999389648438,148.72000122070312,140.5500030517578,148.02999877929688,111380900,145.60299835205078,145.95859893798828,146.83549091569935,51.413429774842236,0.07331431377576791,0.32970209087935354
2022-12-01,148.2100067138672,149.1300048828125,146.61000061035156,148.30999755859375,71250400,145.76699829101562,145.8503988647461,146.97592011978455,51.74311158135672,0.17813469555812844,-0.36029965640428474
2022-12-02,145.9600067138672,148.0,145.64999389648438,147.80999755859375,65447400,146.2134979248047,145.7517987060547,147.0553560663378,51.07661277375952,0.21834286139264236,-0.08144515679911968
2022-12-05,147.77000427246094,150.9199981689453,145.77000427246094,146.6300048828125,68826400,146.6259979248047,145.67579895019531,147.01484642981157,49.45751484960129,0.1532262780223732,0.051629247303941694
2022-12-06,147.07000732421875,147.3000030517578,141.9199981689453,142.91000366210938,64727200,146.82549819946288,145.5185989379883,146.62390902336375,44.65199526542065,-0.19628939069158946,-0.05955854148989337
2022-12-07,142.19000244140625,143.3699951171875,140.0,140.94000244140625,69721100,146.8974983215332,145.3021990966797,146.08258458698685,42.30758101566345,-0.6250406314700854,0.07715303612700697
2022-12-08,142.36000061035156,143.52000427246094,141.10000610351562,142.64999389648438,62128300,147.28649826049804,145.15839904785156,145.75567118789138,45.00666067667174,-0.8174243008319593,-0.10890246998397901
2022-12-09,142.33999633789062,145.57000732421875,140.89999389648438,142.16000366210938,76097000,147.05099868774414,145.15199920654297,145.41322666162642,44.3661492858711,-0.9979244103296594,0.22483634672122044
2022-12-12,142.6999969482422,144.5,141.05999755859375,144.49000549316406,70462700,146.79049911499024,145.2777993774414,145.32530083605857,48.14527973605248,-0.9421004251473732,-0.07404102658449085
2022-12-13,149.5,149.97000122070312,144.24000549316406,145.47000122070312,93886200,146.64999923706054,145.33819946289063,145.33908182507233,49.69314285415459,-0.809451200085249,0.3324241052358199
2022-12-14,145.35000610351562,146.66000366210938,141.16000366210938,143.2100067138672,82291200,146.30849990844726,145.28039947509765,145.13631276686232,46.263487284788155,-0.8765836915353304,-0.12350057835975892
2022-12-15,141.11000061035156,141.8000030517578,136.02999877929688,136.5,98931900,145.69400024414062,145.08239959716798,144.31380678906592,37.899903667754856,-1.45446200598235,0.20221724801679897
2022-12-16,136.69000244140625,137.64999389648438,133.72999572753906,134.50999450683594,160156900,144.88349990844728,144.86399963378906,143.3801103812345,35.83105089069147,-2.049387482499725,0.6188600441313672
2022-12-19,135.11000061035156,135.1999969482422,131.32000732421875,132.3699951171875,79592600,143.9375,144.709599609375,142.33152797513478,33.70059241678561,-2.6628545452417143,-0.5030335876880734
2022-12-20,131.38999938964844,133.25,129.88999938964844,132.3000030517578,77432800,143.1520004272461,144.54719970703124,141.37614464909888,33.63016166467243,-3.118728624743426,-0.027135688493653887
2022-12-21,132.97999572753906,136.80999755859375,132.75,135.4499969482422,85928000,142.41550064086914,144.4765997314453,140.81174962996965,39.73450694952937,-3.189072295006781,0.10971061359010648
2022-12-22,134.35000610351562,134.55999755859375,130.3000030517578,132.22999572753906,77852100,141.47350006103517,144.35439971923827,139.99443973450008,36.08124469622853,-3.464708347206482,-0.09398449865003256
2022-12-23,130.9199981689453,132.4199981689453,129.63999938964844,131.86000061035156,63814900,140.66100006103517,144.13179962158202,139.21973124648594,35.67535690564253,-3.6706939433527452,-0.1803059904614005
2022-12-27,131.3800048828125,131.41000366210938,128.72000122070312,130.02999877929688,69007800,139.95149993896484,143.9647994995117,138.34451863056316,33.65856851298905,-3.9362304517183873,0.0813744125588225
2022-12-28,129.6699981689453,131.02999877929688,125.87000274658205,126.04000091552734,85438400,139.19500007629395,143.63739944458007,137.17265980055976,29.714325176251222,-4.4177049764455205,0.2380977222864662
2022-12-29,127.98999786376952,130.47999572753906,127.7300033569336,129.61000061035156,75703700,138.27400016784668,143.3545994567871,136.45240654434946,36.84537423250273,-4.459798090232141,-0.1139382291803217
2022-12-30,128.41000366210938,129.9499969482422,127.43000030517578,129.92999267578125,77034200,137.35499992370606,143.0759992980957,135.83122427115248,37.457886613535656,-4.416426683104959,0.017575098707196535
2023-01-03,130.27999877929688,130.89999389648438,124.16999816894533,125.06999969482422,112117500,136.21800003051757,142.70959930419923,134.8063457400736,32.329407746866565,-4.719808334883879,0.4554249930550327
2023-01-04,126.88999938964844,128.66000366210938,125.08000183105467,126.36000061035156,89113600,135.20449981689453,142.29139923095704,134.0019319181953,34.87806624800292,-4.800807466692731,-0.20517671193167886
2023-01-05,127.12999725341795,127.7699966430664,124.76000213623048,125.0199966430664,80962700,134.30999946594238,141.80279922485352,133.14650951104016,33.46799170584532,-4.916453171720207,-0.09146639794599254
2023-01-06,126.01000213623048,130.2899932861328,124.88999938964844,129.6199951171875,87754700,133.74399909973144,141.34839920043945,132.8106509973399,42.11891781876919,-4.584079379470296,0.08389048290138534
2023-01-09,130.47000122070312,133.41000366210938,129.88999938964844,130.14999389648438,70790800,133.11899909973144,140.96439895629882,132.55725508297272,43.03792652250227,-4.229153236430648,-0.19331044377110285
2023-01-10,130.25999450683594,131.25999450683594,128.1199951171875,130.72999572753906,63896200,132.54749870300293,140.68299880981445,132.38323038245522,44.08422716654192,-3.8566137676239123,-0.09739401165123152
2023-01-11,131.25,133.50999450683594,130.4600067138672,133.49000549316406,69458900,131.99749870300292,140.23799880981446,132.48863753585607,48.894849994425556,-3.3006163817838967,0.08705838531868881
2023-01-12,133.8800048828125,134.25999450683594,131.44000244140625,133.41000366210938,71379600,131.39449882507324,139.83939895629882,132.57638669073734,48.76388980068782,-2.833773944850549,0.02765232389225858
2023-01-13,132.02999877929688,134.9199981689453,131.66000366210938,134.75999450683594,57809700,130.97199821472168,139.52159896850586,132.7843493398896,51.14197639808064,-2.3280289032881285,-0.19010893868836476
2023-01-17,134.8300018310547,137.2899932861328,134.1300048828125,135.94000244140625,63646600,130.943998336792,139.33979904174805,133.08488773051022,53.18726373225222,-1.81112797961066,0.1009674846954749
2023-01-18,136.82000732421875,138.61000061035156,135.02999877929688,135.2100067138672,69672800,130.97899894714357,139.26639907836915,133.28728001463946,51.74415256706103,-1.4437422657683214,0.09468219826353641
2023-01-19,134.0800018310547,136.25,133.77000427246094,135.27000427246094,58280400,131.12399940490724,139.20419906616212,133.47611089633673,51.859763339564054,-1.1346654224340398,-0.16351287733520115
2023-01-20,135.27999877929688,138.02000427246094,134.22000122070312,137.8699951171875,80223600,131.40249900817872,139.18319900512697,133.89457606022728,56.70092814068025,-0.6721738632915617,0.3765107995140733
2023-01-23,138.1199951171875,143.32000732421875,137.89999389648438,141.11000061035156,81760300,131.68549919128418,139.215399017334,134.58175935071532,61.84964323669892,-0.04370084897263382,0.01915521118473862
2023-01-24,140.30999755859375,143.16000366210938,140.3000030517578,142.52999877929688,66435100,132.20049934387208,139.36859909057617,135.33873453438974,63.87700276628233,0.5624667608964842,-0.18744060381383143
2023-01-25,140.88999938964844,142.42999267578125,138.80999755859375,141.86000061035156,65799300,132.70049934387208,139.26839920043946,135.95980749400516,62.19751924444472,0.9775273789590244,-0.009570242236408122
2023-01-26,143.1699981689453,144.25,141.89999389648438,143.9600067138672,54105100,133.3969997406006,139.15359939575194,136.72173122923013,65.27897136883698,1.4590992631464985,-0.17772529494994627
2023-01-27,143.16000366210938,147.22999572753906,143.0800018310547,145.92999267578125,70555800,134.3914993286133,139.10659927368164,137.59870850985405,67.9206947245924,1.9769211378831528,0.3040508196085028
2023-01-30,144.9600067138672,145.5500030517578,142.85000610351562,143.0,64015300,135.0609992980957,138.965799407959,138.11311722320127,60.54260483457485,2.126361411612976,-0.09269967883575836
2023-01-31,142.6999969482422,144.33999633789062,142.27999877929688,144.2899932861328,65874500,135.77899932861328,138.875799407959,138.70139113395666,62.47530545903306,2.3221176556043304,0.029043056894211272
2023-02-01,143.97000122070312,146.61000061035156,141.32000732421875,145.42999267578125,77663600,136.79699897766113,138.76999923706055,139.34221032841614,64.1466565502113,2.5399651752207433,0.17896302818237708
2023-02-02,148.89999389648438,151.17999267578125,148.1699981689453,150.82000732421875,118339000,138.0199993133545,138.76059951782227,140.4353338518259,70.77462740820032,3.111670637756049,0.5237382763611267
2023-02-03,148.02999877929688,157.3800048828125,147.8300018310547,154.5,154357300,139.49399948120117,138.89039962768555,141.77482586593771,74.27169337018029,3.8176880581778505,0.3043654247543075
2023-02-06,152.57000732421875,153.10000610351562,150.77999877929688,151.72999572753906,69858300,140.59949951171876,138.9213996887207,142.7229372813283,67.70450459905868,4.1063601913812136,-0.5474247087763261
2023-02-07,150.63999938964844,155.22999572753906,150.63999938964844,154.64999389648438,83322600,141.82449951171876,138.99299942016603,143.8588474351527,70.6505717588618,4.518666016440648,0.19273729821653252
2023-02-08,153.8800048828125,154.5800018310547,151.1699981689453,151.9199981689453,64120100,142.88399963378907,139.0691993713379,144.62657607646628,64.70739458599598,4.572425439387899,-0.23045968320719712
2023-02-09,153.77999877929688,154.3300018310547,150.4199981689453,150.8699951171875,56007100,143.75299911499025,139.20219924926758,145.22118741367782,62.52870330062009,4.478676305780311,-0.12652818694917822
2023-02-10,149.4600067138672,151.33999633789062,149.22000122070312,151.00999450683594,57450700,144.63299865722655,139.3989991760254,145.77250237493098,62.708991035004516,4.365355126136279,0.0257753034883077
2023-02-13,150.9499969482422,154.25999450683594,150.9199981689453,153.85000610351562,62199000,145.58749923706054,139.51539932250978,146.54178844432,66.255855073812,4.453376721009164,0.08264999382078897
2023-02-14,152.1199951171875,153.77000427246094,150.86000061035156,153.1999969482422,61707600,146.45049896240235,139.61319931030275,147.17590353993162,64.73815905134575,4.419736194964571,-0.007900448560266282
2023-02-15,153.11000061035156,155.5,152.8800048828125,155.3300018310547,65573800,147.4564987182617,139.76359939575195,147.9524843295624,67.37540970093204,4.512927212846705,0.06265354672682144
2023-02-16,153.50999450683594,156.3300018310547,153.35000610351562,153.7100067138672,68167900,148.37849884033204,139.90519943237305,148.50081979473427,63.486350298034516,4.405280368929169,0.03956000719799668
2023-02-17,152.35000610351562,153.0,150.85000610351562,152.5500030517578,59144100,149.11249923706055,140.09799942016602,148.88645629540318,60.78089366369021,4.178203143595567,-0.1323760890389758
2023-02-21,150.1999969482422,151.3000030517578,148.41000366210938,148.47999572753906,58867200,149.48099899291992,140.24879928588868,148.8477457651304,52.35127392230242,3.6280058369880237,-0.004681785672619898
2023-02-22,148.8699951171875,149.9499969482422,147.16000366210938,148.91000366210938,51011300,149.79999923706055,140.37399948120117,148.8536750886522,53.091489981888884,3.1898974025234565,-0.13345122580995872
2023-02-23,150.08999633789062,150.33999633789062,147.24000549316406,149.39999389648438,48394200,150.1769989013672,140.51879928588866,148.9057054513029,53.969002328471966,2.8493854864968284,-0.051304318847000596
2023-02-24,147.11000061035156,147.19000244140625,145.72000122070312,146.7100067138672,55469600,150.3144989013672,140.56319931030274,148.69659128583285,48.59452307306017,2.3355451447116593,0.14620347066383999
2023-02-27,147.7100067138672,149.1699981689453,147.4499969482422,147.9199981689453,44998500,150.41399917602538,140.61219924926758,148.62263003660547,50.9602105667368,2.0028713161430574,-0.18877186783391264
2023-02-28,147.0500030517578,149.0800018310547,146.8300018310547,147.41000366210938,50547000,150.63449935913087,140.6961991882324,148.507141810463,49.91748844912418,1.678721360837244,0.12330411013700449
2023-03-01,146.8300018310547,147.22999572753906,145.00999450683594,145.30999755859375,55479000,150.6854995727539,140.8723991394043,148.20265188171354,45.76498117503095,1.238105138470047,0.09757255623479133
2023-03-02,144.3800048828125,146.7100067138672,143.89999389648438,145.91000366210938,52238100,150.70950012207032,141.10039932250976,147.98430443222742,47.11855146496471,0.9266472729246686,-0.05841669821013351
2023-03-03,148.0399932861328,151.11000061035156,147.3300018310547,151.02999877929688,70732300,150.71999969482422,141.47359939575196,148.27437056051974,56.98423593383396,1.0805001537354144,0.35403661312337165
2023-03-06,153.7899932861328,156.3000030517578,153.4600067138672,153.8300018310547,87558000,150.68649978637694,141.90419937133788,148.80347830057067,61.24268275015223,1.4120888348101346,0.2378785929483418
2023-03-07,153.6999969482422,154.02999877929688,151.1300048828125,151.60000610351562,56182000,150.68000030517578,142.22719955444336,149.06981428180353,56.44960266644934,1.4778969589845588,-0.3583453253843166
2023-03-08,152.80999755859375,153.47000122070312,151.8300018310547,152.8699951171875,47204800,150.59100036621095,142.63999954223632,149.43173626612582,58.444276729128376,1.6139235649527564,-0.15978783240183692
2023-03-09,153.55999755859375,154.5399932861328,150.22999572753906,150.58999633789062,53833600,150.5245002746582,143.0145994567871,149.54204674915104,53.689918543166215,1.5202245807964232,0.1404263973155273
2023-03-10,150.2100067138672,150.94000244140625,147.61000061035156,148.5,68572400,150.40600051879883,143.38399948120116,149.44280420161286,49.69882740327098,1.2627658445368581,0.27378440230636625
2023-03-13,147.80999755859375,153.13999938964844,147.6999969482422,150.47000122070312,84457100,150.37900085449218,143.87259948730468,149.54063248914525,53.22813296253431,1.2038137600073924,0.23164859331159482
2023-03-14,151.27999877929688,153.39999389648438,150.10000610351562,152.58999633789062,73695900,150.31600036621094,144.33219940185546,149.83104809378767,56.74533377543432,1.3130239736701128,-0.12741616749805518
2023-03-15,151.19000244140625,153.25,149.9199981689453,152.99000549316406,77167900,150.30550079345704,144.79339965820313,150.13190117944256,57.396331114347575,1.415533857459934,0.047112525934278615
2023-03-16,152.16000366210938,156.4600067138672,151.63999938964844,155.85000610351562,76161100,150.33150100708008,145.40899978637697,150.67648260078286,61.82073430870939,1.7078646258422907,-0.013046875708682015
2023-03-17,156.0800018310547,156.74000549316406,154.27999877929688,155.0,98944600,150.39600067138673,145.98179977416993,151.08824616261307,59.831977607892895,1.84962910419938,0.29914877805073714
2023-03-20,155.07000732421875,157.82000732421875,154.14999389648438,157.39999389648438,73641400,150.63850021362305,146.62939971923828,151.68936499441034,63.41104802523056,2.131072250162248,-0.255730984813724
2023-03-21,157.32000732421875,159.39999389648438,156.5399932861328,159.27999877929688,73938300,151.17850036621093,147.22259979248048,152.41228249773286,65.9690309002712,2.4772623152844346,0.004031699560301583
2023-03-22,159.3000030517578,162.13999938964844,157.80999755859375,157.8300018310547,75701800,151.6245002746582,147.77619995117186,152.92825576757303,62.348545634714064,2.604593665987238,0.02385096763111938
2023-03-23,158.8300018310547,161.5500030517578,157.67999267578125,158.92999267578125,67622100,152.10100021362305,148.34019989013672,153.49984975883095,63.96426784883257,2.762421274054674,-0.1067306193511911
2023-03-24,158.86000061035156,160.33999633789062,157.85000610351562,160.25,59196500,152.7779998779297,148.87539978027343,154.14272121037087,65.85769967024223,2.9598945281870215,-0.12459831918854936
2023-03-27,159.94000244140625,160.77000427246094,157.8699951171875,158.27999877929688,52390300,153.29599990844727,149.3727996826172,154.53674764550667,60.729217560537066,2.9237279543806096,-0.11497639218534883
2023-03-28,157.97000122070312,158.49000549316406,155.97999572753906,157.64999389648438,45992200,153.80799942016603,149.83059967041015,154.83324728845693,59.143053397739,2.8118166827765094,-0.12212375191590807
2023-03-29,159.3699951171875,161.0500030517578,159.35000610351562,160.77000427246094,51305700,154.58099975585938,150.32719970703124,155.39865271550494,64.13851397298718,2.940983133218424,0.11553045951270002
2023-03-30,161.52999877929688,162.47000122070312,161.27000427246094,162.36000061035156,49501700,155.40349960327148,150.87019958496094,156.06163822929986,66.39356728213716,3.1355037565790838,-0.035161785142781454
2023-03-31,162.44000244140625,165.0,161.91000366210938,164.89999389648438,68749800,156.09699935913085,151.4627993774414,156.90338638807933,69.67422940492428,3.4547942648684966,0.38883715104733785
2023-04-03,164.27000427246094,166.2899932861328,164.22000122070312,166.1699981689453,56976200,156.7139991760254,152.02879943847657,157.7859208433999,71.1886946831234,3.766890653327266,-0.17125286182650712
2023-04-04,166.60000610351562,166.83999633789062,165.11000061035156,165.6300048828125,46278300,157.41549911499024,152.51919952392578,158.5329764662011,69.59719314786055,3.925406699484313,-0.18776085453224334
2023-04-05,164.74000549316406,165.0500030517578,161.8000030517578,163.75999450683594,51511700,157.95999908447266,152.94379943847656,159.03078770816632,64.24108612163391,3.855691586572391,0.11308539855612665
2023-04-06,162.42999267578125,164.9600067138672,162.0,164.66000366210938,45390100,158.6634994506836,153.39979949951172,159.56690351330374,65.61273438896276,3.828927580733591,-0.11883902103793897
2023-04-10,161.4199981689453,162.02999877929688,160.0800018310547,162.02999877929688,47716900,159.33999938964843,153.76119934082033,159.8014840148269,58.54554682725731,3.5545231686328975,0.051262279660102106
2023-04-11,162.35000610351562,162.36000061035156,160.50999450683594,160.8000030517578,47644200,159.85649948120118,154.05859954833986,159.89658106596318,55.532950381975766,3.200907253039361,-0.001523569217614762
2023-04-12,161.22000122070312,162.05999755859375,159.77999877929688,160.10000610351562,50133100,160.23199996948242,154.40059967041014,159.9159548790634,53.8351362801736,2.831539958591634,0.05223930719793812
2023-04-13,161.6300048828125,165.8000030517578,161.4199981689453,165.55999755859375,68445600,160.8604995727539,154.82599975585939,160.4534827533044,63.26836127176404,2.9454362404568712,0.3652776309464205
2023-04-14,164.58999633789062,166.32000732421875,163.82000732421875,165.2100067138672,49386500,161.3284996032715,155.22160003662108,160.90648503526276,62.388323415992524,2.973185496578708,-0.2784561754152203
2023-04-17,165.08999633789062,165.38999938964844,164.02999877929688,165.22999572753906,41516200,161.83999938964843,155.5097998046875,161.31824795833668,62.42047374589338,2.962638476151369,-0.1593613639354885
2023-04-18,166.10000610351562,167.41000366210938,165.64999389648438,166.47000122070312,49923000,162.2934997558594,155.74919982910157,161.8088911261811,64.45055089650197,3.0195306963407518,0.2024944479504387
2023-04-19,165.8000030517578,168.16000366210938,165.5399932861328,167.6300048828125,47720200,162.71100006103515,156.06720001220702,162.36328291252696,66.28539733222559,3.122229671570892,-0.04412395088436194
2023-04-20,166.08999633789062,167.8699951171875,165.55999755859375,166.64999389648438,52456400,163.15199966430663,156.30720001220703,162.7715411014753,63.312286408720034,3.088933352154413,0.09924937447873217
2023-04-21,165.0500030517578,166.4499969482422,164.49000549316406,165.02000427246094,58337300,163.4565002441406,156.56920013427734,162.98568045109297,58.60403799482392,2.897617310214798,0.11211024774860645
2023-04-24,165.0,165.60000610351562,163.88999938964844,165.3300018310547,41949600,163.71050033569335,156.85840026855467,163.20894915394646,59.22508229668358,2.739433694449474,-0.2809128979229413
2023-04-25,165.19000244140625,166.30999755859375,163.72999572753906,163.77000427246094,48714100,163.98500061035156,157.1136004638672,163.26238297475737,54.771878540482014,2.459837794865763,0.16125302744245484
2023-04-26,163.05999755859375,165.27999877929688,162.8000030517578,163.75999450683594,45498800,164.29050064086914,157.3118002319336,163.30977454924104,54.743435002736604,2.211950339018216,-0.06600347743261192
2023-04-27,165.19000244140625,168.55999755859375,165.19000244140625,168.41000366210938,64902300,164.67250061035156,157.61600036621093,163.7955106552285,64.07641318837278,2.3634700103387445,0.4264617967946407
2023-04-28,168.49000549316406,169.85000610351562,167.8800048828125,169.67999267578125,55275900,165.03850021362305,157.90300018310546,164.35593751432876,66.13076531459728,2.556557537274955,-0.1483214000120181
2023-05-01,169.27999877929688,170.4499969482422,168.63999938964844,169.58999633789062,52472900,165.27300033569335,158.22059997558594,164.85441930704894,65.84341142874894,2.6715231848459666,-0.05070926027436917
2023-05-02,170.08999633789062,170.35000610351562,167.5399932861328,168.5399932861328,48425700,165.39150009155273,158.54039978027345,165.20542635267597,62.43470204413926,2.6473903497845015,-0.07712933723884141
2023-05-03,169.5,170.9199981689453,167.16000366210938,167.4499969482422,65136000,165.4824996948242,158.9197998046875,165.41919498082513,59.01893546592415,2.5113618925138894,0.34507090243403815
2023-05-04,164.88999938964844,167.0399932861328,164.30999755859375,165.7899932861328,81235400,165.58399963378906,159.25739959716796,165.45450910514015,54.15929813476672,2.2437454370764556,0.2471659297469908
2023-05-05,170.97999572753906,174.3000030517578,170.75999450683594,173.57000732421875,113453200,166.02949981689454,159.74079986572266,166.22741369743335,67.61732140854915,2.629132576885013,0.39659803484687717
2023-05-08,172.47999572753906,173.85000610351562,172.11000061035156,173.5,55962800,166.60299987792968,160.27659973144532,166.92004096434445,67.42549784280257,2.8955278135280196,-0.5067322913765324
2023-05-09,173.0500030517578,173.5399932861328,171.60000610351562,171.77000427246094,45326900,167.15149993896483,160.75359985351562,167.3819422317841,62.69240358749176,2.933239205128075,-0.19005303523054595
2023-05-10,173.02000427246094,174.02999877929688,171.89999389648438,173.55999755859375,53724500,167.82449951171876,161.27659973144532,167.97032845338504,65.39886818813612,3.072149427011908,0.18526746810392947
2023-05-11,173.85000610351562,174.58999633789062,172.1699981689453,173.75,49514700,168.23399963378907,161.84539978027342,168.52077336258645,65.68344611597735,3.1611288619673985,-0.07835903544937595
2023-05-12,173.6199951171875,174.05999755859375,171.0,172.57000732421875,45533100,168.60199966430665,162.37859985351562,168.9064146922657,62.25879427039387,3.1006873640842514,-0.08041248356548658
2023-05-15,173.16000366210938,173.2100067138672,171.47000122070312,172.07000732421875,37266700,168.94400024414062,162.79940002441407,169.2077092286422,60.81194019230667,2.9781114057531965,-0.18154705038752028
2023-05-16,171.99000549316406,173.13999938964844,171.8000030517578,172.07000732421875,42110300,169.2240005493164,163.16420013427734,169.48030904726852,60.81194019230667,2.848137519245938,0.12997126120638525
2023-05-17,171.7100067138672,172.92999267578125,170.4199981689453,172.69000244140625,57951600,169.47700042724608,163.58600006103515,169.7859941324245,62.079266324060335,2.763307019003122,0.3761858737648509
2023-05-18,173.0,175.24000549316406,172.5800018310547,175.0500030517578,65496700,169.89700088500976,164.02960021972658,170.28732831521813,66.5179590405744,2.8536158550346045,0.13019657783391647
2023-05-19,176.38999938964844,176.38999938964844,174.94000244140625,175.16000366210938,55809500,170.40400085449218,164.52100036621093,170.7513926339697,66.71353420248924,2.900625779759281,-0.14790363483961788
2023-05-22,173.97999572753906,174.7100067138672,173.4499969482422,174.1999969482422,43570900,170.84750061035157,165.03500030517577,171.07983114009087,63.2416227599606,2.8278196207620567,-0.2192924143738969
2023-05-23,173.1300048828125,173.3800048828125,171.27999877929688,171.55999755859375,50747300,171.23700027465821,165.45680023193358,171.12556127518639,54.79623406695699,2.527953651766495,0.16470626037102742
2023-05-24,171.08999633789062,172.4199981689453,170.52000427246094,171.83999633789062,45143500,171.64100036621093,165.8418002319336,171.19360270972965,55.475365751414536,2.286543423104007,-0.11042557929190322
2023-05-25,172.41000366210938,173.89999389648438,171.69000244140625,172.99000549316406,56058300,171.87000045776367,166.24180023193358,171.36468868910436,58.2497601155417,2.163085502229535,0.24178010123273563
2023-05-26,173.32000732421875,175.77000427246094,173.11000061035156,175.42999267578125,54835000,172.15750045776366,166.6333999633789,171.7518604973593,63.453174604093945,2.236351516086728,-0.021821924674847448
2023-05-30,176.9600067138672,178.99000549316406,176.57000732421875,177.3000030517578,55964400,172.54300079345703,167.07940002441407,172.28025502634964,66.86194404864573,2.417442793219834,0.020596334457919196
2023-05-31,177.3300018310547,179.35000610351562,176.75999450683594,177.25,99625300,172.9785011291504,167.47640014648437,172.75356407145918,66.68284253661962,2.527785370397936,0.7801548841763692
2023-06-01,177.6999969482422,180.1199951171875,176.92999267578125,180.08999633789062,68901800,173.61050109863282,167.89260009765624,173.45227190635742,71.37313565965727,2.811981851034176,-0.30839053935094796
2023-06-02,181.02999877929688,181.77999877929688,179.25999450683594,180.9499969482422,61996900,174.36850128173828,168.355,174.1663409579655,72.62967934470063,3.0712015714349548,-0.100213637379575
2023-06-05,182.6300048828125,184.9499969482422,178.0399932861328,179.5800018310547,121946500,174.66900100708008,168.76800018310547,174.68192770778353,67.54349295720326,3.1300071370851867,0.966977381127121
2023-06-06,179.97000122070312,180.1199951171875,177.42999267578125,179.2100067138672,64848400,174.95450134277343,169.1472003173828,175.11317332741055,66.1952546622567,3.1108949966983346,-0.46822254021230625
2023-06-07,178.44000244140625,181.2100067138672,177.32000732421875,177.82000732421875,61944600,175.25700149536132,169.53800048828126,175.37096704139228,61.24890544573783,2.949586160506499,-0.04477828288747299
2023-06-08,177.89999389648438,180.83999633789065,177.4600067138672,180.57000732421875,50214900,175.60750198364258,169.99640075683592,175.8661137349948,66.57101568968505,3.008964295564084,-0.1893579101326024
2023-06-09,181.5,182.22999572753903,180.6300048828125,180.9600067138672,48900000,175.96800231933594,170.40020080566407,176.3512463996493,67.257805113264,3.0523064974693455,-0.026185454914776307
2023-06-12,181.27000427246097,183.88999938964844,180.97000122070312,183.7899932861328,54274900,176.52900161743165,170.82880065917968,177.0596984840763,71.7873038200593,3.277233858032048,0.10991615541922295
2023-06-13,182.8000030517578,184.1499938964844,182.44000244140625,183.30999755859375,54929100,177.09100112915038,171.19700073242188,177.65496506260178,70.01805039506209,3.377821346213011,0.012053453806455616
2023-06-14,183.3699951171875,184.38999938964844,182.02000427246097,183.9499969482422,57462900,177.68500061035155,171.55260070800782,178.25449190885325,71.04281841421552,3.4691895991334434,0.04612855480974565
2023-06-15,183.9600067138672,186.52000427246097,183.77999877929688,186.0099945068359,65433200,178.35100021362305,171.96020050048827,178.99311120389922,74.11018997437606,3.6655697780428795,0.1387034068938393
2023-06-16,186.72999572753903,186.9900054931641,184.27000427246097,184.9199981689453,101256200,178.84449996948243,172.38340057373046,179.5575766291417,69.89150124521157,3.6907047427921214,0.5474743708087026
2023-06-20,184.41000366210935,186.1000061035156,184.41000366210935,185.0099945068359,49799100,179.33699951171874,172.790400390625,180.07685452225542,70.0431296194746,3.6755172607288955,-0.5081871529842124
2023-06-21,184.8999938964844,185.41000366210935,182.58999633789065,183.9600067138672,49515700,179.825,173.2290005493164,180.44667854050417,65.87486564172545,3.537972289750485,-0.005690865899182884
2023-06-22,183.7400054931641,187.0500030517578,183.6699981689453,187.0,51245300,180.5970001220703,173.75300048828126,181.07080439378947,71.21579640575055,3.6323969502452087,0.034930335227008724
2023-06-23,185.5500030517578,187.55999755859375,185.0099945068359,186.67999267578125,53117000,181.33899993896483,174.28460021972657,181.6050128015982,69.97427850805943,3.6394538982706877,0.03652432515762416
2023-06-26,186.8300018310547,188.0500030517578,185.22999572753903,185.27000427246097,48088700,181.9529998779297,174.6788003540039,181.95405960834705,64.62815812458052,3.4910298806665594,-0.0946646083174878
2023-06-27,185.88999938964844,188.38999938964844,185.6699981689453,188.05999755859375,50730800,182.58450012207032,175.13580017089845,182.53557750837055,69.5806378746544,3.557523007868639,0.054942221353457166
2023-06-28,187.92999267578125,189.8999938964844,187.6000061035156,189.25,51216800,183.18199996948243,175.61620025634767,183.17504631709716,71.41876443500021,3.6640061597446163,0.009579979026548058
2023-06-29,189.0800018310547,190.07000732421875,188.94000244140625,189.58999633789065,46347300,183.79899978637695,176.07860015869142,183.7859939381251,71.94045974071231,3.7328002896245494,-0.09507622498867563
2023-06-30,191.6300048828125,194.47999572753903,191.2599945068359,193.97000122070312,85213200,184.49300003051758,176.60540008544922,184.75589939360873,77.61028353456894,4.093561888704983,0.838579593633286
2023-07-03,193.77999877929688,193.8800048828125,191.7599945068359,192.4600067138672,31458200,185.06850051879883,177.12160034179686,185.48962390030002,72.1942995169333,4.20910418500381,-0.6308294958996963
2023-07-05,191.57000732421875,192.97999572753903,190.6199951171875,191.3300018310547,46920300,185.65600051879883,177.64780029296875,186.0458503698957,68.35025943464655,4.1615189372072905,0.4915125468081454
2023-07-06,189.83999633789065,192.02000427246097,189.1999969482422,191.80999755859375,45094300,186.28600006103517,178.17740020751953,186.59481676881933,69.10282697167133,4.115102588142378,-0.038917057222566775
2023-07-07,191.41000366210935,192.6699981689453,190.2400054931641,190.67999267578125,46815000,186.9289993286133,178.71559997558595,186.98388114091094,65.17387686659114,3.9416979070478817,0.038157815954566354
2023-07-10,189.2599945068359,189.9900054931641,187.0399932861328,188.61000061035156,59922200,187.33099899291992,179.21260009765626,187.13874966181004,58.60095545029247,3.595792332229621,0.2799786393250028
2023-07-11,189.16000366210935,189.3000030517578,186.6000061035156,188.0800018310547,46638100,187.6869987487793,179.60600006103516,187.22839272554762,57.01544796358976,3.2415268956932834,-0.22168912356355408
2023-07-12,189.67999267578125,191.6999969482422,188.47000122070312,189.77000427246097,60750200,187.9859992980957,180.00780029296874,187.47045096811078,60.66961922089862,3.061843037371659,0.30258736955407706
2023-07-13,190.5,191.19000244140625,189.77999877929688,190.5399932861328,41342300,188.34749908447264,180.42680023193358,187.76278833173194,62.24446837664491,2.9475959125707334,-0.31947055318336404
2023-07-14,190.22999572753903,191.17999267578125,189.6300048828125,190.69000244140625,41616200,188.68449935913085,180.86980041503907,188.0415706278914,62.55900851392723,2.836461762648014,0.00662517566753662
2023-07-17,191.8999938964844,194.32000732421875,191.80999755859375,193.9900054931641,50520200,189.08349990844727,181.4006005859375,188.60808823410784,68.73058953684625,2.980314603587857,0.21395514246855796
2023-07-18,193.3500061035156,194.3300018310547,192.4199981689453,193.72999572753903,48288200,189.52399978637695,181.95940063476561,189.09588894776795,67.78254881727035,3.038314601897241,-0.04418034766291501
2023-07-19,193.1000061035156,198.22999572753903,192.6499938964844,195.1000061035156,80507300,190.02850036621095,182.39000061035156,189.66770962926773,70.12116755435332,3.158420105187389,0.6672251191802552
2023-07-20,195.08999633789065,196.47000122070312,192.5,193.1300048828125,59581200,190.48700027465821,182.7826007080078,189.99745203436723,63.035500031012575,3.05937537243625,-0.25992798168613285
2023-07-21,194.1000061035156,194.97000122070312,191.22999572753903,191.94000244140625,71951700,190.7340003967285,183.18600067138672,190.1824568350376,59.14743443268826,2.8519825765511087,0.20762421703490364
2023-07-24,193.41000366210935,194.91000366210935,192.25,192.75,45377800,191.03750076293946,183.56980072021486,190.42698475551023,60.91462430150714,2.7216093072235026,-0.3693297031202877
2023-07-25,193.3300018310547,194.44000244140625,192.9199981689453,193.6199951171875,37283200,191.4550003051758,183.9672006225586,190.73108098043187,62.777105133075985,2.657850837101762,-0.1783823808117626
2023-07-26,193.6699981689453,195.63999938964844,193.32000732421875,194.5,47471900,191.7770004272461,184.4058004760742,191.09002564896215,64.61391010962484,2.6478085410529104,0.2732785812376619
2023-07-27,196.02000427246097,197.1999969482422,192.5500030517578,193.22000122070312,47460200,191.97550048828126,184.8288003540039,191.29288046531843,59.97781141291511,2.507658024249622,-0.0002464615909621992
2023-07-28,194.6699981689453,196.6300048828125,194.13999938964844,195.8300018310547,48291400,192.28750076293946,185.30400024414064,191.7249872620552,65.42534852448168,2.577481365765152,0.01751362194006778
2023-07-31,196.05999755859375,196.4900054931641,195.2599945068359,196.4499969482422,38824100,192.4115005493164,185.77920013427735,192.1749881845492,66.58873659304878,2.6522715558932077,-0.19604525857606114
2023-08-01,196.2400054931641,196.72999572753903,195.27999877929688,195.61000061035156,35175100,192.56900024414062,186.19040008544923,192.5021322251018,63.47252884542774,2.613634286949349,-0.09398801260042089
2023-08-02,195.0399932861328,195.17999267578125,191.8500061035156,192.5800018310547,50389300,192.63150024414062,186.53880004882814,192.5095483780497,53.70870275977336,2.3118686119417475,0.43252755500339735
2023-08-03,191.57000732421875,192.3699951171875,190.69000244140625,191.1699981689453,61235200,192.5995002746582,186.8782000732422,192.3819721676588,49.864648855578366,1.936617507628597,0.21524212481618132
2023-08-04,185.52000427246097,187.3800048828125,181.9199981689453,181.9900054931641,115956800,192.16500091552734,187.08680023193358,191.39226105580215,33.20272074431139,0.8882405314504922,0.8936298076923077
2023-08-07,182.1300048828125,183.1300048828125,177.35000610351562,178.85000610351562,97576100,191.67700119018554,187.22700042724608,190.19776058415582,29.563859218866185,-0.19374412235274008,-0.15851334290011454
2023-08-08,179.69000244140625,180.27000427246097,177.5800018310547,179.8000030517578,67823000,191.26300125122071,187.36320037841796,189.20749796202267,31.992298683795482,-0.9634617541353236,-0.3049220044662576
2023-08-09,180.8699951171875,180.92999267578125,177.00999450683594,178.19000244140625,60378500,190.68400115966796,187.41840057373048,188.15821267434492,30.098371648300613,-1.68397035474365,-0.10976364949943229
2023-08-10,179.47999572753906,180.75,177.60000610351562,177.97000122070312,54686900,190.05550155639648,187.43180053710938,187.18790682161713,29.838429032312916,-2.246830804680968,-0.09426534279586274
2023-08-11,177.32000732421875,178.6199951171875,176.5500030517578,177.7899932861328,52036700,189.4105010986328,187.44260040283203,186.29286743728528,29.613072991828687,-2.6765730345442478,-0.04846133169003908
2023-08-14,177.97000122070312,179.69000244140625,177.30999755859375,179.4600067138672,43675600,188.68400115966796,187.43000061035156,185.64211879695975,34.551682978600354,-2.849542963597429,-0.16067698374416517
2023-08-15,178.8800048828125,179.47999572753906,177.0500030517578,177.4499969482422,43622600,187.87000122070313,187.36000061035156,184.8619167161295,31.671353089392966,-3.1129299495596285,-0.0012134922015953897
2023-08-16,177.1300048828125,178.5399932861328,176.5,176.57000732421875,46964900,186.9435012817383,187.29980072021485,184.07221105975705,30.473617102270538,-3.3540108920497005,0.07661854176504845
2023-08-17,177.13999938964844,177.50999450683594,173.47999572753906,174.0,66062900,185.98700103759765,187.1956005859375,183.11295286358973,27.234308487762405,-3.7096844552824564,0.40664411081467233
2023-08-18,172.3000030517578,175.10000610351562,171.9600067138672,174.49000549316406,61172200,185.11450119018554,187.1290005493164,182.29171978069203,28.788588229031475,-3.9069817152804376,-0.07403096140193666
2023-08-21,175.07000732421875,176.1300048828125,173.74000549316406,175.83999633789062,46311900,184.26900100708008,187.03440032958986,181.67726992899665,33.032636221421555,-3.909343755126514,-0.24292570808308345
2023-08-22,177.05999755859375,177.67999267578125,176.25,177.22999572753906,42038900,183.44950103759766,186.9598001098633,181.2537200050483,37.18380854178069,-3.755760287967007,-0.0922657027675392
2023-08-23,178.52000427246094,181.5500030517578,178.3300018310547,181.1199951171875,52722800,182.78050079345704,186.90640014648437,181.24098430144252,47.071919094009495,-3.282317332038531,0.25414318642971145
2023-08-24,180.6699981689453,181.1000061035156,176.00999450683594,176.3800048828125,54945800,181.9385009765625,186.76780029296876,180.77803388062063,39.013202071771886,-3.252099794585604,0.04216392149127124
2023-08-25,177.3800048828125,179.14999389648438,175.82000732421875,178.61000061035156,51449600,181.07750091552734,186.66100036621094,180.57155452154737,43.880924203207734,-3.013472722366231,-0.06362997717750951
2023-08-28,180.08999633789062,180.58999633789065,178.5500030517578,180.19000244140625,43820700,180.26450119018554,186.54460052490234,180.5352162282006,47.102464924165474,-2.666132588408061,-0.14827909254882443
2023-08-29,179.6999969482422,184.8999938964844,179.5,184.1199951171875,53003900,179.69000091552735,186.52860046386718,180.87662374143744,54.15244837342146,-2.050113038225703,0.20956306038013994
2023-08-30,184.94000244140625,187.8500061035156,184.7400054931641,187.6499938964844,60813900,179.44350051879883,186.58140045166016,181.52170661334668,59.38812911572608,-1.2625181827460494,0.14734764800326006
2023-08-31,187.83999633789065,189.1199951171875,187.47999572753903,187.8699951171875,60794500,179.27850036621095,186.65960021972657,182.12630551847437,59.69703714821587,-0.6135190597615008,-0.0003190060167165276
2023-09-01,189.4900054931641,189.9199981689453,188.27999877929688,189.4600067138672,45766500,179.6520004272461,186.7088003540039,182.82475325136892,61.94969009429083,0.028786238719476387,-0.24719341387790017
2023-09-05,188.27999877929688,189.97999572753903,187.61000061035156,189.6999969482422,45280000,180.19449996948242,186.76920043945313,183.47953836535686,62.29227295324302,0.5508333574940991,-0.010630045994340809
2023-09-06,188.3999938964844,188.8500061035156,181.47000122070312,182.91000366210935,81755800,180.35,186.7220004272461,183.42529696504758,48.88250306044017,0.41191544359475074,0.8055609540636042
2023-09-07,175.17999267578125,178.2100067138672,173.5399932861328,177.55999755859375,112488800,180.31849975585936,186.5120004272461,182.8666970215758,41.33248073810319,-0.1283986845965046,0.37591216769941704
2023-09-08,178.35000610351562,180.2400054931641,177.7899932861328,178.17999267578125,65551300,180.3289993286133,186.2906002807617,182.42034422673822,42.44196070768675,-0.500800186684728,-0.41726376314797564
2023-09-11,180.07000732421875,180.3000030517578,177.33999633789062,179.36000061035156,58953100,180.40749969482422,186.08600036621092,182.1288829299395,44.58975723576862,-0.6927289335780245,-0.10065704265209086
2023-09-12,179.49000549316406,180.1300048828125,174.82000732421875,176.3000030517578,90370200,180.24949951171874,185.73260040283202,181.5737515129698,40.38160399831998,-1.0793084814469012,0.5329168440675724
2023-09-13,176.50999450683594,177.3000030517578,173.97999572753906,174.2100067138672,84267900,180.0875,185.36760040283204,180.87244248448386,37.76039248763327,-1.536607738424351,-0.06752557812199156
2023-09-14,174.0,176.10000610351562,173.5800018310547,175.74000549316406,60895800,180.04599990844727,185.0558004760742,180.38363896150102,40.79038118560566,-1.7553282480961343,-0.2773547222607897
2023-09-15,176.47999572753906,176.5,173.82000732421875,175.00999450683594,109259500,180.09649963378905,184.71980041503906,179.87186329915195,39.79491896366325,-1.964921224690272,0.794204197990666
2023-09-18,176.47999572753906,179.3800048828125,176.1699981689453,177.97000122070312,67257600,180.270499420166,184.4656005859375,179.69073357739492,45.59282507800011,-1.870614089865029,-0.3844233224570861
2023-09-19,177.52000427246094,179.6300048828125,177.1300048828125,179.07000732421875,51826900,180.43199996948243,184.27480072021484,179.63161679137815,47.61192385383747,-1.687659419395402,-0.2294268603102103
2023-09-20,179.25999450683594,179.6999969482422,175.39999389648438,175.49000549316406,58436200,180.34500045776366,184.02300079345704,179.23717762011967,42.13186848246478,-1.8106704712837427,0.12752643897281146
2023-09-21,174.5500030517578,176.3000030517578,173.86000061035156,173.92999267578125,63149100,179.98550033569336,183.70620056152345,178.73173143494458,39.97281428936994,-2.0108576971266814,0.08065035029656276
2023-09-22,174.6699981689453,177.0800018310547,174.0500030517578,174.7899932861328,56725400,179.90599975585937,183.39120056152345,178.3563278017244,41.745127029538466,-2.076179746210613,-0.10172274822602378
2023-09-25,174.1999969482422,176.97000122070312,174.14999389648438,176.0800018310547,46172700,179.77949981689454,183.0990005493164,178.13953485213682,44.39709555588574,-2.0007911571947545,-0.1860313016743822
2023-09-26,174.82000732421875,175.1999969482422,171.66000366210938,171.9600067138672,64588900,179.36800003051758,182.65840057373046,177.55100836277782,38.38666855938438,-2.247585563670839,0.3988547345076203
2023-09-27,172.6199951171875,173.0399932861328,169.0500030517578,170.42999267578125,66921800,178.68349990844726,182.19240051269531,176.87281639258768,36.41508368871687,-2.5373818958435947,0.03611920933782731
2023-09-28,169.33999633789062,172.02999877929688,167.6199951171875,170.69000244140625,56294400,177.83550033569335,181.70420043945313,176.28397696866563,37.007197122476775,-2.714772751475067,-0.1588032599242698
2023-09-29,172.02000427246094,173.07000732421875,170.33999633789062,171.2100067138672,51861100,177.00250091552735,181.26580047607422,175.80074170630388,38.24576410434391,-2.7813347875543855,-0.07875206059572537
2023-10-02,171.22000122070312,174.3000030517578,170.92999267578125,173.75,52164500,176.21700057983398,180.9020004272461,175.60543297237018,44.03420475552514,-2.5991678609443625,0.00585024228178721
2023-10-03,172.25999450683594,173.6300048828125,170.82000732421875,172.39999389648438,49594600,175.35200042724608,180.49500030517578,175.30015306038106,41.79199723139563,-2.5345171334141696,-0.049265304948767796
2023-10-04,171.08999633789062,174.2100067138672,170.97000122070312,173.66000366210938,53020300,174.8895004272461,180.09580047607423,175.14394835578375,44.62608775961612,-2.3544678683373377,0.06907405241699704
2023-10-05,173.7899932861328,175.4499969482422,172.67999267578125,174.91000366210938,48527900,174.7570007324219,179.70400054931642,175.12166790876714,47.36409085320701,-2.0868569869428484,-0.0847298110346415
2023-10-06,173.8000030517578,177.99000549316406,173.17999267578125,177.49000549316406,57266700,174.722501373291,179.38940063476562,175.34722386918588,52.5762676859901,-1.6475963840915995,0.1800778521221813
2023-10-09,176.80999755859375,179.0500030517578,175.8000030517578,178.99000549316406,42390800,174.70400161743163,179.05260070800782,175.6941554524219,55.34489234014914,-1.1650121922953929,-0.2597652737105508
2023-10-10,178.10000610351562,179.72000122070312,177.9499969482422,178.38999938964844,43698000,174.80850143432616,178.69140075683595,175.95090249406252,53.98717901973961,-0.8215064070683411,0.030836879700312236
2023-10-11,178.1999969482422,179.85000610351562,177.60000610351562,179.8000030517578,47551100,175.0880012512207,178.37520080566406,176.3174834995573,56.676853829776995,-0.4305371218695484,0.08817566021328216
2023-10-12,180.07000732421875,182.33999633789065,179.0399932861328,180.7100067138672,56743100,175.33650131225585,178.1378009033203,176.7358190437773,58.368279275912286,-0.04672286415953408,0.19330783094397397
2023-10-13,181.4199981689453,181.92999267578125,178.13999938964844,178.85000610351562,51427100,175.52850189208985,177.8914010620117,176.9371701923238,53.749159935814916,0.1061426493363058,-0.09368539963449296
2023-10-16,176.75,179.0800018310547,176.50999450683594,178.72000122070312,52517000,175.56600189208984,177.8260009765625,177.10696362359803,53.430882463450956,0.21432871456497082,0.021193106358320835
2023-10-17,176.64999389648438,178.4199981689453,174.8000030517578,177.14999389648438,57549400,175.47000122070312,177.79200073242188,177.1110617448253,49.61027392292675,0.17140463479717027,0.0958242093036541
2023-10-18,175.5800018310547,177.5800018310547,175.11000061035156,175.83999633789062,54764400,175.48750076293945,177.71280059814453,176.9900078965458,46.61511127173852,0.03132009885425191,-0.0483932065321272
2023-10-19,176.0399932861328,177.83999633789062,175.19000244140625,175.4600067138672,59302900,175.56400146484376,177.65820068359375,176.84429349819544,45.75223790679998,-0.1091022295000812,0.08287318038725888
2023-10-20,175.30999755859375,175.4199981689453,172.63999938964844,172.8800048828125,64244000,175.46850204467773,177.55640075683593,176.4667422014923,40.29796998995497,-0.42368850485325993,0.08331970274640876
2023-10-23,170.91000366210938,174.00999450683594,169.92999267578125,173.0,55980100,175.314501953125,177.46060089111327,176.13657627754066,40.652339195010434,-0.6557586143161416,-0.12863302409563537
2023-10-24,173.0500030517578,173.6699981689453,171.4499969482422,173.44000244140625,43816600,175.38850173950195,177.34020080566407,175.87975972171833,42.011543130144766,-0.79500698265133,-0.21728257005614493
2023-10-25,171.8800048828125,173.05999755859375,170.64999389648438,171.10000610351562,57157000,175.42200241088867,177.21320098876953,175.4245450914133,37.13998869800606,-1.0817111730288502,0.30445995353359234
2023-10-26,170.3699951171875,171.3800048828125,165.6699981689453,166.88999938964844,70625300,175.23200225830078,177.01960083007813,174.61173121505476,30.326449132630756,-1.6298507617752307,0.23563692985985973
2023-10-27,166.91000366210938,168.9600067138672,166.8300018310547,168.22000122070312,58499100,175.08250198364257,176.90400085449218,174.00299502511652,34.41961293081033,-1.9346340455035147,-0.17169767774437772
2023-10-30,169.02000427246094,171.1699981689453,168.8699951171875,170.2899932861328,51131000,174.9095016479492,176.82000061035157,173.64937581187996,40.29828348852962,-1.9862496837121455,-0.1259523650791209
2023-10-31,169.35000610351562,170.89999389648438,167.89999389648438,170.77000427246094,44846000,174.82800216674804,176.71860076904298,173.37514995098292,41.6054904221226,-1.965762487573528,-0.12291955956269196
2023-11-01,171.0,174.22999572753906,170.1199951171875,173.97000122070312,56934900,174.84350204467773,176.65340087890624,173.43180245286104,49.537912382902725,-1.6720390019917772,0.26956473264059233
2023-11-02,175.52000427246094,177.77999877929688,175.4600067138672,177.57000732421875,77334800,174.97650222778321,176.58240112304688,173.82591720251415,56.669212743277875,-1.1356792144094925,0.3583022012860302
2023-11-03,174.24000549316406,176.82000732421875,173.35000610351562,176.64999389648438,79829200,174.93450164794922,176.5878009033203,174.09487688765418,54.54765332568409,-0.7759034808875072,0.032254560689366274
2023-11-06,176.3800048828125,179.42999267578125,176.2100067138672,179.22999572753906,63841300,174.94650115966797,176.60020080566406,174.58393582478607,59.16460484333744,-0.2793735894014162,-0.2002763399858698
2023-11-07,179.17999267578125,182.44000244140625,178.97000122070312,181.82000732421875,70530000,175.11800155639648,176.63280090332032,175.2730854913987,63.20525440004229,0.3194399126593055,0.10477073618488353
2023-11-08,182.3500061035156,183.4499969482422,181.58999633789065,182.88999938964844,49340300,175.27250137329102,176.60820098876954,175.99850586266058,64.75676148935729,0.870310941856161,-0.3004352757691763
2023-11-09,182.9600067138672,184.1199951171875,181.80999755859375,182.41000366210935,53763500,175.3575012207031,176.50340118408204,176.60912470070332,63.46394605051428,1.2536967221713269,0.08964679987758495
2023-11-10,183.97000122070312,186.57000732421875,183.52999877929688,186.3999938964844,66133400,175.73500061035156,176.47400115966798,177.54158843363484,69.00359105509051,1.8580728739106007,0.23007988691212433
2023-11-13,185.82000732421875,186.02999877929688,184.2100067138672,184.8000030517578,43627500,176.03900070190429,176.38080108642578,178.2328660163132,64.76308056658387,2.182777735962759,-0.3403106448481402
2023-11-14,187.6999969482422,188.11000061035156,186.3000030517578,187.44000244140625,60108400,176.5535011291504,176.33560119628908,179.10973615203636,68.232094494516,2.6228994141127657,0.37776402498424155
2023-11-15,187.8500061035156,189.5,187.77999877929688,188.0099945068359,53790500,177.16200103759766,176.43760101318358,179.95737980487442,68.9430086441419,2.9833029516250917,-0.10510843742305565
2023-11-16,189.57000732421875,190.9600067138672,188.6499938964844,189.7100067138672,54412900,177.87450103759767,176.68060119628908,180.88620141525467,71.02563077571149,3.367286150503361,0.01157081640810187
2023-11-17,190.25,190.3800048828125,188.57000732421875,189.69000244140625,50922700,178.71500091552736,176.91080139160155,181.72465865584053,70.96532586150478,3.628158274322743,-0.06414287788373718
2023-11-20,189.88999938964844,191.91000366210935,189.8800048828125,191.4499969482422,46505100,179.63750076293945,177.1526013183594,182.65088135035498,73.12716937506927,3.9315971550761333,-0.0867510952875633
2023-11-21,191.41000366210935,191.52000427246097,189.7400054931641,190.63999938964844,38134500,180.49750061035155,177.43940124511718,183.4117497350496,70.52458442274019,4.05991445406832,-0.17999316204029236
2023-11-22,191.4900054931641,192.92999267578125,190.8300018310547,191.30999755859375,39617700,181.50800018310548,177.78140106201172,184.16396381348238,71.43032947991924,4.167628266424572,0.03889391495889538
2023-11-24,190.8699951171875,190.8999938964844,189.25,189.97000122070312,24048300,182.6620002746582,178.0660009765625,184.71691975702723,66.9961759213507,4.0976307959725204,-0.39299101159330296
2023-11-27,189.9199981689453,190.6699981689453,188.8999938964844,189.7899932861328,40552600,183.7404998779297,178.36160095214845,185.20006961694205,66.39987149211117,3.981733218405111,0.6862979919578516
2023-11-28,189.77999877929688,191.0800018310547,189.3999938964844,190.3999938964844,38415400,184.74599990844726,178.61020080566405,185.695300500708,67.45693193159771,3.89421541323469,-0.0527019229346577
2023-11-29,190.8999938964844,192.08999633789065,188.97000122070312,189.3699951171875,43014200,185.6759994506836,178.81620056152343,186.04527141656317,63.80673315836684,3.69910366424574,0.11971240700344143
2023-11-30,189.83999633789065,190.32000732421875,188.19000244140625,189.9499969482422,48794400,186.47499923706056,179.105400390625,186.41715003862782,64.9566665346616,3.550351258663369,0.13437887953280536
2023-12-01,190.3300018310547,191.55999755859375,189.22999572753903,191.2400054931641,45704800,187.15849914550782,179.45160064697265,186.87646960572653,67.43491590454624,3.4962541723044183,-0.06331874149492567
2023-12-04,189.97999572753903,190.0500030517578,187.4499969482422,189.42999267578125,43389500,187.79749908447266,179.7444006347656,187.11966227906507,60.924546319884875,3.269638575937904,-0.0506576989725368
2023-12-05,190.2100067138672,194.3999938964844,190.17999267578125,193.4199981689453,66628400,188.50699920654296,180.09120056152344,187.71969426857748,68.21042686204524,3.373120942046313,0.5355881031125043
2023-12-06,194.4499969482422,194.7599945068359,192.11000061035156,192.32000732421875,41089700,189.03199920654296,180.49840057373046,188.1578193214957,64.63251737874901,3.32800818779927,-0.3833005144953203
2023-12-07,193.6300048828125,195.0,193.58999633789065,194.27000427246097,47477700,189.6009994506836,180.97520080566406,188.73993217396858,67.85183829055025,3.4102927301971135,0.15546475150706862
2023-12-08,194.1999969482422,195.9900054931641,193.6699981689453,195.7100067138672,53406400,190.2659996032715,181.4756008911133,189.40374879681607,70.02192852529316,3.5507689313309925,0.12487336159923501
2023-12-11,193.11000061035156,193.4900054931641,191.4199981689453,193.17999267578125,60943700,190.60499954223633,181.91500061035157,189.76339107100324,62.09147521530175,3.4185395481973444,0.14113102549507173
2023-12-12,193.0800018310547,194.72000122070312,191.72000122070312,194.7100067138672,52696900,191.1004997253418,182.3342007446289,190.23449732270456,64.69553386497849,3.3980357148977873,-0.13531833479096278
2023-12-13,195.08999633789065,198.0,194.8500061035156,197.9600067138672,70404200,191.62649993896486,182.84540100097655,190.9702601218629,69.48988988796678,3.602506663567425,0.33602166351341345
2023-12-14,198.02000427246097,199.6199951171875,196.16000366210935,198.11000061035156,66831600,192.13150024414062,183.33440093994142,191.65023540648087,69.69443912696833,3.733615818357862,-0.05074413174214043
2023-12-15,197.52999877929688,198.3999938964844,197.0,197.57000732421875,128538400,192.5245002746582,183.7876010131836,192.2140232081702,67.92877801695849,3.750711950216015,0.92331771198056
2023-12-18,196.08999633789065,196.6300048828125,194.38999938964844,195.88999938964844,55751900,192.83450012207032,184.1556008911133,192.5641161778348,62.61396391393049,3.5873454724159046,-0.5662626888151712
2023-12-19,196.16000366210935,196.9499969482422,195.88999938964844,196.94000244140625,40714100,193.1090003967285,184.51460083007814,192.9808672505559,64.48429555777804,3.502231290548451,-0.26972713037582574
2023-12-20,196.8999938964844,197.67999267578125,194.8300018310547,194.8300018310547,52242800,193.31850051879883,184.84340087890624,193.15697530584148,58.18493512486196,3.2273157855182717,0.28316234424928965
2023-12-21,196.1000061035156,197.0800018310547,193.5,194.67999267578125,46482500,193.48700027465821,185.1410006713867,193.30202457916909,57.75298184249687,2.963181075053825,-0.11026016982244446
2023-12-22,195.17999267578125,195.41000366210935,192.97000122070312,193.6000061035156,37149600,193.66850051879882,185.3988006591797,193.330403771964,54.609713928756975,2.6363167055342274,-0.20078309041036946
2023-12-26,193.61000061035156,193.88999938964844,192.8300018310547,193.0500030517578,28919300,193.83150100708008,185.68280059814452,193.30369894146818,53.026883051572966,2.3063080049950884,-0.22154478110127696
2023-12-27,192.4900054931641,193.5,191.08999633789065,193.1499938964844,48087700,193.96900100708007,185.97140045166014,193.28906036575543,53.291938221516034,2.0294479451207224,0.6628237889575475
2023-12-28,194.13999938964844,194.66000366210935,193.1699981689453,193.5800018310547,34049900,194.17950134277345,186.30000061035156,193.3167690767363,54.481469987495075,1.8237098081464467,-0.2919208030327922
2023-12-29,193.8999938964844,194.3999938964844,191.72999572753903,192.52999877929688,42672100,194.30850143432616,186.63380065917968,193.24183857221826,51.061837659203846,1.5579750151272833,0.25322247642430673
2024-01-02,187.1499938964844,188.44000244140625,183.88999938964844,185.63999938964844,82488700,194.02850112915038,186.83740051269533,192.51785388816398,35.37237366575643,0.7823939580021033,0.933082740244797
2024-01-03,184.22000122070312,185.8800048828125,183.42999267578125,184.25,58414500,193.76950149536134,187.06480041503906,191.73043923214837,33.15881623755216,0.054945668966240646,-0.29184845924350855
2024-01-04,182.1499938964844,183.08999633789065,180.8800048828125,181.91000366210935,71983600,193.19400177001953,187.24300048828124,190.79515965404943,29.780195903708886,-0.7022849852265551,0.23228992801444837
2024-01-05,181.9900054931641,182.7599945068359,180.1699981689453,181.17999267578125,62379700,192.63700103759766,187.39780029296875,189.87942946564294,28.794487128601986,-1.3457881122330946,-0.1334178896304158
2024-01-08,182.08999633789065,185.6000061035156,181.5,185.55999755859375,59144500,192.2015007019043,187.68700012207032,189.46805499830492,41.34010929482108,-1.4852185132562,-0.05186302595235304
2024-01-09,183.9199981689453,185.1499938964844,182.72999572753903,185.13999938964844,42841800,191.67300033569336,188.05200012207033,189.05585922605192,40.601394126123296,-1.6110374162727226,-0.2756418601898739
2024-01-10,184.3500061035156,186.3999938964844,183.9199981689453,186.19000244140625,46792900,191.3235008239746,188.41140014648437,188.7829204846571,43.3278767130775,-1.6074931519286793,0.09222535000863652
2024-01-11,186.5399932861328,187.0500030517578,183.6199951171875,185.58999633789065,49128400,190.86750030517578,188.71740020751952,188.47883247067935,42.1376049952575,-1.6342610311198769,0.04991141818523759
2024-01-12,186.05999755859375,186.7400054931641,185.19000244140625,185.9199981689453,40477800,190.2654998779297,189.0204000854492,188.2351339657523,43.06403110793391,-1.6102840265146483,-0.17608145186898005
2024-01-16,182.16000366210935,184.2599945068359,180.92999267578125,183.6300048828125,65603000,189.54150009155273,189.2136001586914,187.79655024356757,38.462007207982225,-1.7558253360281242,0.620715552722727
2024-01-17,181.27000427246097,182.92999267578125,180.3000030517578,182.67999267578125,47317400,188.79699935913087,189.31579986572265,187.30925904663553,36.70937480243045,-1.925628471552244,-0.2787311555873969
2024-01-18,186.08999633789065,189.13999938964844,185.8300018310547,188.6300048828125,78005800,188.43399963378906,189.5554000854492,187.43504436436666,51.58858878519789,-1.5620757837631913,0.6485647985730407
2024-01-19,189.3300018310547,191.9499969482422,188.82000732421875,191.55999755859375,68903000,188.16499938964844,189.80200012207033,187.82789704953115,56.955139851579084,-1.0257080139657262,-0.11669388686482285
2024-01-22,192.3000030517578,195.3300018310547,192.2599945068359,193.88999938964844,60133900,188.1179992675781,190.0433999633789,188.4052401295423,60.687257112706796,-0.40791878314038854,-0.12726731782360712
2024-01-23,195.02000427246097,195.75,193.8300018310547,195.17999267578125,42355600,188.14299926757812,190.28919982910156,189.05045465775555,62.61964062314482,0.1836582129315616,-0.29564521842089075
2024-01-24,195.4199981689453,196.3800048828125,194.33999633789065,194.5,53631300,188.18799896240233,190.53099975585937,189.56945897606454,60.919755409695625,0.5908070623509047,0.2662150931635958
2024-01-25,195.22000122070312,196.27000427246097,193.11000061035156,194.1699981689453,54822100,188.2439987182617,190.6863998413086,190.00760556586272,60.06754718440806,0.8767405497337677,0.02220345208861252
2024-01-26,194.27000427246097,194.7599945068359,191.94000244140625,192.4199981689453,44594000,188.20749893188477,190.83879974365234,190.23735724234677,55.62375011347669,0.9511700278857518,-0.18656892019824123
2024-01-29,192.0099945068359,192.1999969482422,189.5800018310547,191.72999572753903,47145600,188.114998626709,190.924599609375,190.37951328855556,53.92964957475882,0.943601247318469,0.05721845988249541
2024-01-30,190.94000244140625,191.8000030517578,187.47000122070312,188.0399932861328,55859400,187.89049835205077,190.92519958496095,190.15670185975338,45.881796500851856,0.6325588313507922,0.18482742822235787
2024-01-31,187.0399932861328,187.1000061035156,184.3500061035156,184.3999938964844,55467800,187.82849807739257,190.81899932861327,189.60844395848966,39.60345597323953,0.0912856614742168,-0.007010458400913744
2024-02-01,183.9900054931641,186.9499969482422,183.82000732421875,186.86000061035156,64885400,187.95899810791016,190.76239929199218,189.34668744914316,45.07367436518484,-0.1375891999892076,0.16978499237395384
2024-02-02,179.86000061035156,187.3300018310547,179.25,185.8500061035156,102551700,188.15599822998047,190.65039947509766,189.013670178131,43.338151410313294,-0.39590850566983704,0.5805050134544905
2024-02-05,188.1499938964844,189.25,185.83999633789065,187.67999267578125,69668800,188.48099822998046,190.5911993408203,188.88665327314533,47.29774126556291,-0.44780181340789227,-0.3206470492444299
2024-02-06,186.86000061035156,189.30999755859375,186.77000427246097,189.3000030517578,43490800,188.66799850463866,190.5509994506836,188.92601991872746,50.58953760713137,-0.35412421183235665,-0.37574925935282366
2024-02-07,190.63999938964844,191.0500030517578,188.61000061035156,189.41000366210935,53439000,188.88149871826172,190.53979949951173,188.97211360857335,50.81418716305385,-0.2679194985262541,0.22874263062532774
2024-02-08,189.38999938964844,189.5399932861328,187.3500061035156,188.32000732421875,40962000,188.98799896240234,190.51039978027345,188.91000824815862,48.46287418548517,-0.28427825438851073,-0.23348116544097008
2024-02-09,188.6499938964844,189.9900054931641,188.0,188.8500061035156,45155200,189.1509994506836,190.47940002441408,188.9042937581926,49.68209542310484,-0.2515762003265536,0.10236804843513503
2024-02-12,188.4199981689453,188.6699981689453,186.7899932861328,187.1499938964844,41781900,189.21249923706054,190.435,188.73721758088706,45.92882774156695,-0.35870147704602573,-0.07470457444546807
2024-02-13,185.77000427246097,186.2100067138672,183.5099945068359,185.0399932861328,56529500,189.28299865722656,190.3367999267578,188.38510098138667,41.71640689044093,-0.6068629080417907,0.352966236576125
2024-02-14,185.32000732421875,185.52999877929688,182.44000244140625,184.1499938964844,54630500,189.35649871826172,190.19499969482422,187.98175744949123,40.047937075398266,-0.8653726653119236,-0.03359307971943848
2024-02-15,183.5500030517578,184.4900054931641,181.3500061035156,183.86000061035156,65434500,189.11799850463868,190.08359985351564,187.58920917909697,39.493666490107515,-1.0811803707243541,0.1977649847612597
2024-02-16,183.4199981689453,184.8500061035156,181.6699981689453,182.30999755859375,49752500,188.65549850463867,189.86139984130858,187.08642712000142,36.57953492888138,-1.3615863050683572,-0.2396595068350793
2024-02-20,181.7899932861328,182.42999267578125,180.0,181.55999755859375,53665600,188.03899841308595,189.6461996459961,186.56010049510544,35.22513248466778,-1.625589970949619,0.0786513240540676
2024-02-21,181.94000244140625,182.88999938964844,180.66000366210935,182.32000732421875,41371400,187.3959991455078,189.40719970703125,186.15628209787815,37.74081356322808,-1.7532776484312365,-0.22908902537193288
2024-02-22,183.47999572753903,184.9600067138672,182.4600067138672,184.3699951171875,52292200,186.88949890136718,189.18039947509766,185.98615952828857,44.05251443630135,-1.6698056897719766,0.26396979555925104
2024-02-23,185.0099945068359,185.0399932861328,182.22999572753903,182.52000427246097,45119700,186.30699920654297,188.96719970703126,185.65604950392404,40.10151692841987,-1.7329559241364905,-0.137161947670972
2024-02-26,182.2400054931641,182.7599945068359,180.6499938964844,181.16000366210935,40867400,185.74399948120117,188.6961996459961,185.22785466184644,37.44287728896913,-1.8711738952007124,-0.09424486421673905
2024-02-27,181.1000061035156,183.9199981689453,179.55999755859375,182.6300048828125,54318900,185.28899993896485,188.389599609375,184.98044039717655,41.92468791880642,-1.8408753546940773,0.32914988474921336
2024-02-28,182.5099945068359,183.1199951171875,180.1300048828125,181.4199981689453,48953900,184.95800018310547,188.0557995605469,184.64135066115452,39.42111411237155,-1.8926832975151342,-0.09876856858294258
2024-02-29,181.27000427246097,182.57000732421875,179.52999877929688,180.75,136682600,184.77550048828124,187.7193994140625,184.27074583628266,38.065630994231206,-1.965151673059836,1.7920676391462171
2024-03-01,179.5500030517578,180.52999877929688,177.3800048828125,179.66000366210938,73563100,184.41550064086914,187.39479949951172,183.83162753398045,35.9027668351477,-2.086485274323337,-0.461796161325582
2024-03-04,176.14999389648438,176.89999389648438,173.7899932861328,175.10000610351562,81510100,183.87800064086915,186.95799957275392,183.00004454060286,28.585267037896188,-2.521530091676027,0.10802970511030674
2024-03-05,170.75999450683594,172.0399932861328,169.6199951171875,170.1199951171875,95132400,183.00000076293946,186.46379943847657,181.77337316694425,23.058037345066424,-3.2309076188055883,0.16712407419448638
2024-03-06,171.05999755859375,171.24000549316406,168.67999267578125,169.1199951171875,68587700,181.99100036621093,185.9525994873047,180.5682895431579,22.132589659091636,-3.829640352382256,-0.2790290164024034
2024-03-07,169.14999389648438,170.72999572753906,168.49000549316406,169.0,71765100,180.97050018310546,185.46059936523437,179.46654768190476,22.018390380468546,-4.2646625848759925,0.04632609053809933
2024-03-08,169.0,173.6999969482422,168.94000244140625,170.72999572753906,76267000,180.09099960327148,185.01419921875,178.6344951148223,27.802289304811723,-4.418886468708422,0.06273104893604264
2024-03-11,172.94000244140625,174.3800048828125,172.0500030517578,172.75,60139500,179.2859992980957,184.60619934082033,178.07406700864874,33.96140374493885,-4.328219524406933,-0.21146105130659398
2024-03-12,173.14999389648438,174.02999877929688,171.00999450683594,173.22999572753906,59825400,178.58999938964843,184.19919921875,177.61272688663828,35.37226259121179,-4.169569472692899,-0.005222856857805547
2024-03-13,172.77000427246094,173.19000244140625,170.75999450683594,171.1300048828125,52488700,177.8944999694824,183.77119934082032,176.99532479103584,32.137363820915496,-4.165275175086663,-0.12263520177048548
2024-03-14,172.91000366210938,174.30999755859375,172.0500030517578,173.0,72913500,177.3370002746582,183.51839935302735,176.61481766808004,37.60911980534752,-3.9652697738806353,0.3891275645996186
2024-03-15,171.1699981689453,172.6199951171875,170.2899932861328,172.6199951171875,121752700,176.775,183.2857992553711,176.23435837751884,36.95700191375157,-3.7936959057654747,0.6698238323492907
2024-03-18,175.57000732421875,177.7100067138672,173.52000427246094,173.72000122070312,75604200,176.34550018310546,183.12199920654297,175.99489579115544,40.18994281132199,-3.5282891586054177,-0.3790347154518955
2024-03-19,174.33999633789062,176.61000061035156,173.02999877929688,176.0800018310547,55215200,176.0715003967285,183.01999938964843,176.0030011282887,46.52581991746375,-3.091878819023435,-0.26968078492993774
2024-03-20,175.72000122070312,178.6699981689453,175.08999633789062,178.6699981689453,53423100,175.88899993896484,182.88219940185547,176.2570008464465,52.47584320330585,-2.508117405570232,-0.03245664237383905
2024-03-21,177.0500030517578,177.49000549316406,170.83999633789062,171.3699951171875,106181300,175.23899993896484,182.60679931640624,175.7915717293742,39.22722254202815,-2.604508366046872,0.9875540730507963
2024-03-22,171.75999450683594,173.0500030517578,170.05999755859375,172.27999877929688,71160100,174.72699966430665,182.32859924316406,175.45713621031922,41.21949767638102,-2.5777544575791467,-0.32982455479448824
2024-03-25,170.57000732421875,171.94000244140625,169.4499969482422,170.85000610351562,54288300,174.21149978637695,182.03379943847656,175.01836191443317,39.05294441880091,-2.6414907888125754,-0.23709635034239696
2024-03-26,170.0,171.4199981689453,169.5800018310547,169.7100067138672,57388400,173.56549987792968,181.709599609375,174.51280427628404,37.366750585745635,-2.7522643239809668,0.05710438529112172
2024-03-27,170.41000366210938,173.60000610351562,170.11000061035156,173.30999755859375,60273300,173.1599998474121,181.50319946289062,174.39825125555163,45.386087573562236,-2.520509113790183,0.05026974092325287
2024-03-28,171.75,172.22999572753906,170.50999450683594,171.47999572753906,65672700,172.69649963378907,181.27919952392577,174.12032215764566,42.41325829901464,-2.4561938203767966,0.08958195419862536
2024-04-01,171.19000244140625,171.25,169.47999572753906,170.02999877929688,46240500,172.21499938964843,180.90719940185548,173.73076755018388,40.16818914530812,-2.493482804936889,-0.2958946411522596
2024-04-02,169.0800018310547,169.33999633789062,168.22999572753906,168.83999633789062,49329500,171.9019989013672,180.4527993774414,173.26497981567977,38.37296417136346,-2.5892110325541466,0.06680291086817824
2024-04-03,168.7899932861328,170.67999267578125,168.5800018310547,169.64999389648438,47691700,171.87849884033204,179.96799926757814,172.92069544242307,40.32788249816324,-2.5700899123943373,-0.03320122847383411
2024-04-04,170.2899932861328,171.9199981689453,168.82000732421875,168.82000732421875,53704400,171.8634994506836,179.44079956054688,172.5301537168798,38.963951582309626,-2.5920299589183173,0.12607434836669684
2024-04-05,169.58999633789062,170.38999938964844,168.9499969482422,169.5800018310547,42104800,171.89249954223632,178.94239959716796,172.24918687061074,40.933875711096775,-2.5190543086818877,-0.2159897513052934
2024-04-08,169.02999877929688,169.1999969482422,168.24000549316406,168.4499969482422,37425500,171.77849960327148,178.42799957275392,171.8873592589566,38.922389166857364,-2.523315321983887,-0.1111345974805723
2024-04-09,168.6999969482422,170.0800018310547,168.35000610351562,169.6699981689453,42373800,171.62449951171874,177.9729995727539,171.67618201228885,42.22342822283853,-2.400575957854045,0.13221733844571215
2024-04-10,168.8000030517578,169.08999633789062,167.11000061035156,167.77999877929688,49709300,171.35199966430665,177.49399963378906,171.30511694248008,38.731103819699754,-2.4278248294866103,0.17311404688746346
2024-04-11,168.33999633789062,175.4600067138672,168.16000366210938,175.0399932861328,91070300,171.54749908447266,177.23399963378907,171.6608194513994,54.35029052488607,-1.842361280169257,0.8320575827863197
2024-04-12,174.25999450683594,178.36000061035156,174.2100067138672,176.5500030517578,101670900,171.72499923706056,177.07699981689453,172.12645598476686,56.816147544327976,-1.2422125775468942,0.1164001875474221
2024-04-15,175.36000061035156,176.6300048828125,172.5,172.69000244140625,73531800,171.72849960327147,176.79359985351562,172.1801270758754,49.46109321998875,-1.0657746104770922,-0.2767665084109613
2024-04-16,171.75,173.75999450683594,168.27000427246094,169.3800048828125,73711200,171.51149978637696,176.46419982910157,171.91344877177417,44.1795550470508,-1.1794395456751658,0.002439760756570708
2024-04-17,169.61000061035156,170.64999389648438,168.0,168.0,50901200,171.1074996948242,176.07059997558594,171.54073936493853,42.15831635467929,-1.3651382229273565,-0.3094509382563301
2024-04-18,168.02999877929688,168.63999938964844,166.5500030517578,167.0399932861328,43122900,170.5259994506836,175.62539978027343,171.11209688124273,40.76123427316157,-1.5716532409926742,-0.152811721531123
2024-04-19,166.2100067138672,166.39999389648438,164.0800018310547,165.0,68149400,170.2074996948242,175.13719970703124,170.52999241636246,37.88794798843072,-1.8782766854818647,0.5803528983440354
2024-04-22,165.52000427246094,167.25999450683594,164.77000427246094,165.83999633789062,48116400,169.8854995727539,174.68759948730468,170.08332612317466,39.77061427396246,-2.0300956114980124,-0.29395710013587795
2024-04-23,165.35000610351562,167.0500030517578,164.9199981689453,166.89999389648438,49537800,169.68799896240233,174.24859924316405,169.78015162539464,42.153413025054746,-2.041348860978985,0.02954086340623996
2024-04-24,166.5399932861328,169.3000030517578,166.2100067138672,169.02000427246094,48251800,169.65349884033202,173.88599945068358,169.70775663940094,46.69554975479742,-1.8577846377197602,-0.025959973999652775
2024-04-25,169.52999877929688,170.61000061035156,168.14999389648438,169.88999938964844,50558300,169.48249893188478,173.58299957275392,169.72511309180547,48.483248937225135,-1.6233938592912125,0.04780132554640448
2024-04-26,169.8800048828125,171.33999633789062,169.17999267578125,169.3000030517578,44838400,169.3734992980957,173.28599975585936,169.68462642132474,47.324122719641196,-1.4683193805331598,-0.11313473752084224
2024-04-29,173.3699951171875,176.02999877929688,173.10000610351562,173.5,68169400,169.54699935913087,173.07879974365235,170.04799533357954,55.48329920143099,-0.9950468057998876,0.5203352483585497
2024-04-30,173.3300018310547,174.99000549316406,170.0,170.3300018310547,65934800,169.62149963378906,172.83919982910157,170.07485309524384,49.27902001627676,-0.8657869865851353,-0.03278010368288409
2024-05-01,169.5800018310547,172.7100067138672,169.11000061035156,169.3000030517578,50383100,169.60400009155273,172.59399993896486,170.00105785300707,47.423420248630954,-0.8368136748754864,-0.23586482403829234
2024-05-02,172.50999450683594,173.4199981689453,170.88999938964844,173.02999877929688,94214900,169.81449966430665,172.4081997680664,170.28952841741562,54.15572360180151,-0.5070279318819075,0.8699702876559798
2024-05-03,186.6499938964844,187.0,182.66000366210935,183.3800048828125,163224100,170.50449981689454,172.3883999633789,171.53624046173914,66.84289708282185,0.5827708201101132,0.732465883846398
2024-05-06,182.3500061035156,184.1999969482422,180.4199981689453,181.7100067138672,78569700,171.1675003051758,172.37220001220703,172.50517058098944,63.77601412831,1.2967412610984184,-0.5186390980253528
2024-05-07,183.4499969482422,184.8999938964844,181.32000732421875,182.3999938964844,77305800,171.80400009155272,172.39699981689452,173.44753470627467,64.50073539400347,1.8963838461145883,-0.016086353899785744
2024-05-08,182.8500061035156,183.07000732421875,181.4499969482422,182.7400054931641,45057100,172.5520004272461,172.39919982910158,174.33253192407366,64.87368040984929,2.371701510507819,-0.417157574205299
2024-05-09,182.55999755859375,184.66000366210935,182.11000061035156,184.57000732421875,48983000,173.02850112915038,172.46220001220703,175.30752958123034,66.88985882766548,2.863056504626428,0.08713166182466248
2024-05-10,184.8999938964844,185.08999633789065,182.1300048828125,183.0500030517578,50759500,173.3535011291504,172.5082000732422,176.04490800699486,63.62330008331925,3.09413991697744,0.036267684706939196
2024-05-13,185.44000244140625,187.1000061035156,184.6199951171875,186.27999877929688,72044800,174.03300094604492,172.64059997558593,177.01967855673792,67.27996962359319,3.497590797603408,0.4193362818782691
2024-05-14,187.5099945068359,188.3000030517578,186.2899932861328,187.42999267578125,52393600,174.93550033569335,172.88719970703124,178.01113704426587,68.49428105117443,3.8655636126555066,-0.27276361375144353
2024-05-15,187.91000366210935,190.6499938964844,187.3699951171875,189.72000122070312,70400000,176.02150039672853,173.27919982910157,179.12626696583132,70.81688064672872,4.292488139568661,0.3436755634275943
2024-05-16,190.47000122070312,191.1000061035156,189.66000366210935,189.83999633789065,52845200,177.1615005493164,173.69359985351562,180.1466221441227,70.93778025356205,4.587628184081751,-0.2493579545454545
2024-05-17,189.5099945068359,190.80999755859375,189.17999267578125,189.8699951171875,41282900,178.40500030517578,174.11099975585938,181.07265766536696,70.9701591858543,4.76897566364039,-0.21879565220682295
2024-05-20,189.3300018310547,191.9199981689453,189.0099945068359,191.0399932861328,44361300,179.66500015258788,174.51719970703124,182.0219277244875,72.26788520775492,4.950042908525091,0.07456840483590055
2024-05-21,191.08999633789065,192.72999572753903,190.9199981689453,192.3500061035156,42309400,180.93750076293946,174.90919982910157,183.0055542367759,73.68627543232361,5.13999641164736,-0.04625428019467415
2024-05-22,192.27000427246097,192.82000732421875,190.27000427246097,190.8999938964844,34648500,182.03150024414063,175.26259979248047,183.75740563293863,69.45200745267073,5.114574434197664,-0.18106850959833987
2024-05-23,190.97999572753903,191.0,186.6300048828125,186.8800048828125,51005900,182.88100051879883,175.57759979248047,184.05479603768853,59.28137630559557,4.715688297678383,0.4720954731085041
2024-05-24,188.82000732421875,190.5800018310547,188.0399932861328,189.97999572753903,36327000,183.91500015258788,175.91719970703124,184.61910077005524,63.69639985721106,4.596723348729171,-0.28778827547401375
2024-05-28,191.5099945068359,193.0,189.1000061035156,189.9900054931641,52280100,184.7395004272461,176.2645999145508,185.13061550558942,63.710082629349124,4.45193138030055,0.4391526963415642
2024-05-29,189.61000061035156,192.25,189.5099945068359,190.2899932861328,53068000,185.7375,176.59599975585937,185.62198481802213,64.14622040210959,4.3116867688021046,0.015070743935072795
2024-05-30,190.7599945068359,192.17999267578125,190.6300048828125,191.2899932861328,49889100,186.83699951171874,176.90019958496094,186.1617951483184,65.62911255889799,4.232444560148906,-0.05990238938720127
2024-05-31,191.44000244140625,192.57000732421875,189.91000366210935,192.25,75158300,187.7979995727539,177.17179962158204,186.7416241818119,67.03853158056782,4.198708954359887,0.5065074334874753
2024-06-03,192.8999938964844,194.9900054931641,192.52000427246097,194.02999877929688,50080500,188.33049926757812,177.62499969482423,187.43575509585807,69.53316555701952,4.266423593707145,-0.3336664081013009
2024-06-04,194.63999938964844,195.32000732421875,193.02999877929688,194.3500061035156,47471400,188.96249923706054,178.0663998413086,188.09425519182545,69.97314763642748,4.296383811723672,-0.05209812202354214
2024-06-05,195.3999938964844,196.8999938964844,194.8699951171875,195.8699951171875,54156800,189.6359992980957,178.56679962158202,188.83480185138376,72.03867351109513,4.392147962978555,0.14083005767683288
2024-06-06,195.69000244140625,196.5,194.1699981689453,194.47999572753903,41181800,190.22299880981444,179.06219940185548,189.37243936339854,67.46802650289433,4.306240745978613,-0.23958210233987232
2024-06-07,194.6499938964844,196.94000244140625,194.13999938964844,196.88999938964844,53103900,190.83899841308593,179.53379943847656,190.08839746113662,70.9138000757579,4.382111557602997,0.2894992448120286
2024-06-10,196.8999938964844,197.3000030517578,192.1499938964844,193.1199951171875,97010200,191.3424980163574,179.96659942626954,190.37712104742718,60.17614368250204,4.090874826370481,0.826799914883841
2024-06-11,193.6499938964844,207.16000366210935,193.6300048828125,207.1499938964844,172373300,192.3859977722168,180.7089993286133,191.97453750924217,75.21614937911004,4.935280425874453,0.7768574850891967
2024-06-12,207.3699951171875,220.1999969482422,206.8999938964844,213.07000732421875,198134300,193.66799850463866,181.59359954833985,193.98362987257326,78.84641505272933,6.012861035950408,0.14944889956855256
2024-06-13,214.7400054931641,216.75,211.6000061035156,214.2400054931641,97862700,194.8939987182617,182.48539978027344,195.9128085031057,79.4859556098983,6.881929903065924,-0.5060789575555571
2024-06-14,213.8500061035156,215.1699981689453,211.3000030517578,212.4900054931641,70122700,196.0264991760254,183.35879974365236,197.49158916882556,75.79481038138522,7.344796623420621,-0.2834583554306186
2024-06-17,213.3699951171875,218.9499969482422,212.72000122070312,216.6699981689453,93728300,197.3664993286133,184.30059967041015,199.3181043116941,78.37764119172583,7.957186812952642,0.3366327879559685
2024-06-18,217.58999633789065,218.6300048828125,213.0,214.2899932861328,79943300,198.52899932861328,185.21739959716797,200.74399849973588,73.56435264537967,8.156441565518861,-0.14707404273842584
2024-06-20,213.92999267578125,214.2400054931641,208.8500061035156,209.67999267578125,86172500,199.39549865722657,186.0175994873047,201.59504556412116,65.21070041040971,7.851852601427112,0.07792022596014925
2024-06-21,210.38999938964844,211.88999938964844,207.11000061035156,207.4900054931641,241805100,200.22499923706056,186.81179962158203,202.15647031926812,61.63032391252402,7.349034890190012,1.8060587774522032
2024-06-24,207.72000122070312,212.6999969482422,206.58999633789065,208.13999938964844,80727000,201.28799896240236,187.47379974365234,202.7263302307329,62.29207528853812,6.923191069536443,-0.6661484807392399
2024-06-25,209.1499938964844,211.3800048828125,208.61000061035156,209.07000732421875,55549700,202.24249954223632,188.12419982910157,203.33048995392204,63.26821244089071,6.5848446513315935,-0.31188202212394867
2024-06-26,211.5,214.86000061035156,210.63999938964844,213.25,66213200,203.40549926757814,188.93539978027343,204.27520519640566,67.35823242245048,6.578164170733913,0.19196323292475026
2024-06-27,214.69000244140625,215.7400054931641,212.3500061035156,214.1000061035156,49772700,204.59599990844725,189.8297998046875,205.21090052089232,68.13523994806378,6.565772096805517,-0.2482964121957555
2024-06-28,215.77000427246097,216.07000732421875,210.3000030517578,210.6199951171875,82542700,205.5625,190.68219970703126,205.72605238720615,61.66347404059381,6.2036318793276735,0.6583930548272448
2024-07-01,212.08999633789065,217.5099945068359,211.9199981689453,216.75,60402900,206.7875,191.67639984130858,206.77595215985318,67.51648019537762,6.338210367632627,-0.2682223867162087
2024-07-02,216.1499938964844,220.3800048828125,215.1000061035156,220.27000427246097,58046200,208.0995002746582,192.7817999267578,208.06109998010155,70.31878254138452,6.652217098237287,-0.03901633861950338
2024-07-03,220.0,221.5500030517578,219.02999877929688,221.5500030517578,37369800,209.45950012207032,193.89600006103515,209.3457574154974,71.28874544834125,6.924533190384437,-0.35620591873369833
2024-07-05,221.6499938964844,226.4499969482422,221.6499938964844,226.33999633789065,60412400,210.98300018310547,195.0848001098633,210.9642563604872,74.62996160439424,7.4410819214119215,0.6166102039614876
2024-07-08,227.08999633789065,227.8500061035156,223.25,227.82000732421875,59085900,212.65000076293944,196.26080017089845,212.5695659760807,75.57573821008887,7.879050243246951,-0.02195741271659457
2024-07-09,227.92999267578125,229.3999938964844,226.3699951171875,228.67999267578125,48076100,214.2395004272461,197.4366000366211,214.10389232843312,76.13251973096916,8.20100089104011,-0.18633548782366016
2024-07-10,229.3000030517578,233.0800018310547,229.25,232.97999572753903,62627700,216.23250045776368,198.71019989013672,215.9016164616813,78.74196866845097,8.702802913912421,0.3026784618552669
2024-07-11,231.38999938964844,232.38999938964844,225.77000427246097,227.57000732421875,64710600,217.25350112915038,199.7916000366211,217.01289178192297,68.5825651739265,8.565209379272147,0.033258446342433245
2024-07-12,228.9199981689453,232.63999938964844,228.67999267578125,230.5399932861328,53046500,218.1270004272461,200.99579986572266,218.3011871632763,70.80920803322496,8.596720910298984,-0.18025022175655925
2024-07-15,236.47999572753903,237.22999572753903,233.08999633789065,234.3999938964844,62631300,219.1349998474121,202.29779968261718,219.83440685215325,73.44352445140143,8.831361378905939,0.1806867559593941
2024-07-16,235.0,236.27000427246097,232.3300018310547,234.82000732421875,43234300,220.25149993896486,203.53359985351562,221.26160689711188,73.72142180412249,8.94805955362915,-0.3097013793422777
2024-07-17,229.4499969482422,231.4600067138672,226.63999938964844,228.8800048828125,57345900,220.86200027465821,204.44359985351562,221.98716861003575,63.587171802268536,8.463671210253068,0.32639825323874794
2024-07-18,230.27999877929688,230.44000244140625,222.27000427246097,224.17999267578125,66034600,221.35650024414062,205.2929995727539,222.1960089972496,56.91974986157335,7.612782831146745,0.15151388329418491
2024-07-19,224.82000732421875,226.8000030517578,223.27999877929688,224.30999755859375,49151500,222.08800048828124,206.1311996459961,222.39734124118715,57.05388965340663,6.869747791659364,-0.25567051212546155
2024-07-22,227.0099945068359,227.77999877929688,223.08999633789065,223.9600067138672,48201800,222.9115005493164,206.95559967041015,222.54616652429954,56.54345114934864,6.181390610240527,-0.019321892515996475
2024-07-23,224.3699951171875,226.94000244140625,222.67999267578125,225.0099945068359,39960300,223.75500030517577,207.7643994140625,222.7808168083506,57.764267806560646,5.655395940360137,-0.17097909206710127
2024-07-24,224.0,224.8000030517578,217.1300048828125,218.5399932861328,61777600,224.22849960327147,208.47419921875,222.37692885385368,48.68774207517766,4.662717444182817,0.5459743795717249
2024-07-25,218.92999267578125,220.8500061035156,214.6199951171875,217.4900054931641,51391200,224.44049987792968,209.09839935302733,221.91150758140705,47.386437370858815,3.748081790540027,-0.1681256636709746
2024-07-26,218.6999969482422,219.4900054931641,216.0099945068359,217.9600067138672,41601300,224.63349990844728,209.70899963378906,221.53517416545088,48.055700163743445,3.0262666972800787,-0.19049759491897444
2024-07-29,216.9600067138672,219.3000030517578,215.75,218.2400054931641,36311800,225.0145004272461,210.27939971923828,221.22134857761404,48.47618354040624,2.448590766752176,-0.12714746894928763
2024-07-30,219.19000244140625,220.3300018310547,216.1199951171875,218.8000030517578,41643800,225.11700057983398,210.8585998535156,220.9907442418182,49.35911481788744,2.012763666120975,0.14683931944987583
2024-07-31,221.44000244140625,223.82000732421875,220.6300048828125,222.0800018310547,50036300,225.20750045776367,211.50279998779297,221.0944830598407,54.29899956403676,1.9100185335917672,0.20153059999327638
2024-08-01,224.3699951171875,224.47999572753903,217.02000427246097,218.36000061035156,62501000,225.04800033569336,212.04920013427736,220.83405615988937,48.51836198246929,1.511001383279563,0.24911314385755934
2024-08-02,219.1499938964844,225.6000061035156,217.7100067138672,219.86000061035156,105568600,224.7240005493164,212.59940002441405,220.7412889646953,50.79315704165855,1.3008198394933004,0.6890705748708021
2024-08-05,199.08999633789065,213.5,196.0,209.27000427246097,119548600,223.7965003967285,212.9668002319336,219.64878566067296,38.02015378068998,0.276537499435932,0.13242574022957587
2024-08-06,205.3000030517578,209.9900054931641,201.07000732421875,207.22999572753903,69660500,222.7240005493164,213.37380004882812,218.46604376227924,36.13504145455421,-0.6918500583171294,-0.4173039249309486
2024-08-07,206.8999938964844,213.63999938964844,206.38999938964844,209.82000732421875,63516400,221.56600112915038,213.77060028076173,217.6426117205592,40.18969530783499,-1.2360633159860583,-0.08820063019932389
2024-08-08,213.11000061035156,214.1999969482422,208.8300018310547,213.30999755859375,47161100,220.85300064086914,214.2370001220703,217.229981800372,45.235149234761124,-1.3699512534006146,-0.25749727629399655
2024-08-09,212.1000061035156,216.77999877929688,211.97000122070312,216.2400054931641,42201600,220.13800125122071,214.75600036621094,217.13569834254267,49.116064755858,-1.2255044032793592,-0.10516082110044078
2024-08-12,216.07000732421875,219.5099945068359,215.6000061035156,217.52999877929688,38028100,219.29450149536132,215.2808004760742,217.1732507650907,50.77017300368221,-0.9954624847375158,-0.09889435471640884
2024-08-13,219.0099945068359,221.88999938964844,219.0099945068359,221.27000427246097,44155300,218.61700134277345,215.86120056152345,217.56341776579262,55.30643099224388,-0.5055378940066078,0.16112295907499985
2024-08-14,220.57000732421875,223.02999877929688,219.6999969482422,221.72000122070312,41960600,218.25900115966797,216.41500061035157,217.95928285673648,55.83376025716288,-0.08003553338608071,-0.04970411253009266
2024-08-15,224.6000061035156,225.3500061035156,222.7599945068359,224.72000122070312,46414000,218.28600158691407,217.0224005126953,218.6031607961619,59.282894545755966,0.49356358713868076,0.10613289609776788
2024-08-16,223.9199981689453,226.8300018310547,223.6499938964844,226.0500030517578,44340200,218.37300186157228,217.62600067138672,219.31238386812342,60.74646657689665,1.0434369633930487,-0.04468048433662253
2024-08-19,225.72000122070312,225.9900054931641,223.0399932861328,225.88999938964844,40687800,218.46950149536133,218.25420074462892,219.93882344160198,60.46488592512855,1.4495945932429493,-0.08237220400449252
2024-08-20,225.77000427246097,227.1699981689453,225.4499969482422,226.5099945068359,30299000,218.54450149536132,218.84660064697266,220.56464925733854,61.21510387470566,1.8007479639466624,-0.2553296074007442
2024-08-21,226.52000427246097,227.97999572753903,225.0500030517578,226.3999938964844,34765500,218.9375015258789,219.5122006225586,221.1203963658286,60.99395600217779,2.046571804396507,0.14741410607610805
2024-08-22,227.7899932861328,228.33999633789065,223.8999938964844,224.52999877929688,43695300,219.28950119018555,219.85980072021485,221.44512040520655,57.21016257959243,2.066672675122618,0.25685809207403887
2024-08-23,225.66000366210935,228.22000122070312,224.3300018310547,226.83999633789065,38677300,219.7335006713867,220.13520050048828,221.95891811308124,60.47226974842258,2.2431427047232546,-0.11484072657700028
2024-08-26,226.7599945068359,227.27999877929688,223.88999938964844,227.17999267578125,30602200,220.18050003051758,220.3940002441406,222.45616330952885,60.94421364763802,2.382962034587109,-0.20878137822443654
2024-08-27,226.0,228.8500061035156,224.88999938964844,228.02999877929688,35934600,220.64199981689453,220.70480010986327,222.98700478284007,62.160582877654676,2.53315758579123,0.17424891020906985
2024-08-28,227.9199981689453,229.86000061035156,225.67999267578125,226.4900054931641,38052200,220.8625,220.90120025634766,223.32062389810903,58.59970611389833,2.499115802960034,0.05892927707557627
2024-08-29,230.1000061035156,232.9199981689453,228.8800048828125,229.7899932861328,51906300,221.43399963378906,221.21120025634767,223.93675431601605,63.43365060940775,2.7072118277825723,0.3640814460136339
2024-08-30,230.19000244140625,230.3999938964844,227.47999572753903,229.0,52990800,221.8909996032715,221.59760040283203,224.4189681906812,61.57997600067893,2.7763791995869838,0.020893417562030114
2024-09-03,228.5500030517578,229.0,221.1699981689453,222.77000427246097,50190600,222.56599960327148,221.90320037841798,224.26192400799357,49.335903035932205,2.3019507952472793,-0.05284313503476079
2024-09-04,221.66000366210935,221.77999877929688,217.47999572753903,220.8500061035156,43840200,223.24700012207032,222.15740051269532,223.93697944566233,46.28172941599127,1.7508523248630183,-0.1265256840922404
2024-09-05,221.6300048828125,225.47999572753903,221.52000427246097,222.3800048828125,36615400,223.875,222.4236004638672,223.78869615396235,48.99159255456491,1.4211784706328103,-0.16479851825493497
2024-09-06,223.9499969482422,225.2400054931641,219.77000427246097,220.82000732421875,48423000,224.25050048828126,222.57500061035157,223.50596388446297,46.420303908688325,1.022246973662817,0.3224763350939768
2024-09-09,220.82000732421875,221.27000427246097,216.7100067138672,220.91000366210935,67180000,224.4840003967285,222.71120056152344,223.25872957757215,46.59444501923587,0.7052234634050762,0.38735724758895573
2024-09-10,218.9199981689453,221.47999572753903,216.72999572753903,220.11000061035156,51591000,224.61300048828124,222.90100067138673,222.95885062831306,45.18846188055334,0.38498857843723044,-0.23204822863947605
2024-09-11,221.4600067138672,223.08999633789065,217.88999938964844,222.66000366210935,44587100,224.68250045776367,223.0192007446289,222.93038901248414,50.33301339446252,0.33312401367743405,-0.13575817487546282
2024-09-12,222.5,223.5500030517578,219.82000732421875,222.77000427246097,37455600,224.73500061035156,223.06920074462892,222.91511427533908,50.54863530517723,0.29746807557543775,-0.15994536536352444
2024-09-13,223.5800018310547,224.0399932861328,221.91000366210935,222.5,36766600,224.6240005493164,223.08820068359375,222.87557958244963,49.97512765446837,0.2446037595946109,-0.01839511314729969
2024-09-16,216.5399932861328,217.22000122070312,213.9199981689453,216.32000732421875,59357400,224.13750076293945,222.8878009033203,222.25123936738004,39.053413853776924,-0.2925925277415047,0.6144381041488742
2024-09-17,215.75,216.8999938964844,214.5,216.7899932861328,45519300,223.68250045776367,222.6672006225586,221.73112069297554,40.125089511007545,-0.6726466644163338,-0.2331318420281212
2024-09-18,217.5500030517578,222.7100067138672,217.5399932861328,220.69000244140625,59894900,223.3915008544922,222.5074008178711,221.63196657377847,48.25600362093253,-0.6516325464114061,0.3158132923836703
2024-09-19,224.9900054931641,229.82000732421875,224.6300048828125,228.8699951171875,66781300,223.51500091552734,222.42520080566408,222.3213026255317,60.4021406556655,0.024792546348948008,0.11497473073667375
2024-09-20,229.97000122070312,233.08999633789065,227.6199951171875,228.1999969482422,318679900,223.6985008239746,222.43780059814452,222.88117827531366,59.17686018442407,0.5010255423410683,3.7719930579368777
2024-09-23,227.33999633789065,229.4499969482422,225.80999755859375,226.47000122070312,54146000,223.68000106811525,222.35640075683594,223.22297093677932,56.01706019981082,0.7304275120202135,-0.8300928298270459
2024-09-24,228.6499938964844,229.3500061035156,225.72999572753903,227.3699951171875,43556100,223.68950119018555,222.21580078125,223.61792562062772,57.294586422134955,0.9736288245992739,-0.1955804676245706
2024-09-25,224.92999267578125,227.2899932861328,224.02000427246097,226.3699951171875,42308700,223.60650100708008,222.04680053710936,223.88002747744292,55.37013792151839,1.073303598561779,-0.028638927727689167
2024-09-26,227.3000030517578,228.5,225.41000366210935,227.52000427246097,36636700,223.65800094604492,222.01960052490233,224.2266919341113,57.15253246642979,1.2309036122173325,-0.13406226142613697
2024-09-27,228.4600067138672,229.52000427246097,227.3000030517578,227.7899932861328,34026000,223.55800094604493,222.09180053710938,224.56605396763715,57.58085379451244,1.3618895999358926,-0.071259147248524
2024-09-30,230.0399932861328,233.0,229.6499938964844,233.0,54541900,223.75800094604492,222.2656005859375,225.36928692310028,64.87727114038171,1.864606911078738,0.6029477458414154
2024-10-01,229.52000427246097,229.6499938964844,223.7400054931641,226.2100067138672,63285000,223.93000106811525,222.3106005859375,225.44935547460187,52.26076151965029,1.6955727826122313,0.16030061292327558
2024-10-02,225.88999938964844,227.3699951171875,223.02000427246097,226.77999877929688,32880600,224.22650070190429,222.34600067138672,225.57608340838235,53.08554037001569,1.5892853221372718,-0.48043612230386346
2024-10-03,225.13999938964844,226.80999755859375,223.32000732421875,225.6699981689453,34044200,224.39100036621093,222.48860076904296,225.5850276712931,51.2293605173367,1.399353099889396,0.0353886486256334
2024-10-04,227.8999938964844,228.0,224.1300048828125,226.8000030517578,37245100,224.69000015258788,222.67480072021485,225.70073961228974,53.029917702336455,1.3247415990376226,0.09402188919111043
2024-10-07,224.5,225.69000244140625,221.3300018310547,221.69000244140625,39505400,224.72900009155273,222.74940063476564,225.31876464363415,44.94847740230837,0.8435531482677163,0.060687177642159584
2024-10-08,224.3000030517578,225.97999572753903,223.25,225.77000427246097,31855700,225.0120002746582,222.90000061035155,225.36173984637958,51.32647958962802,0.7824107400475953,-0.19363681927027698
2024-10-09,225.22999572753903,229.75,224.8300018310547,229.5399932861328,33591100,225.3559997558594,223.11480041503907,225.7596687454037,56.35784569012148,1.0263306464922834,0.05447690680160844
2024-10-10,227.77999877929688,229.5,227.1699981689453,229.0399932861328,28183500,225.66949920654298,223.25400024414063,226.07208060642552,55.53787743045951,1.1658538706698494,-0.1609831175519706
2024-10-11,229.3000030517578,229.41000366210935,227.33999633789065,227.5500030517578,31759200,225.92199935913087,223.43780029296875,226.2128351250286,53.06039143379102,1.1430212342129948,0.1268721060194795
2024-10-14,228.6999969482422,231.72999572753903,228.6000061035156,231.3000030517578,39882100,226.6709991455078,223.66660034179688,226.6973273085266,58.12357901020139,1.4112518326104748,0.25576525857074484
2024-10-15,233.61000061035156,237.4900054931641,232.3699951171875,233.8500061035156,64751400,227.52399978637695,224.15820037841797,227.37853481281127,61.18928376036026,1.8087404157389244,0.6235704739720325
2024-10-16,231.6000061035156,232.1199951171875,229.83999633789065,231.77999877929688,34082200,228.0784996032715,224.64920043945312,227.79772185723846,57.508751934497454,1.934421879041622,-0.47364535747489633
2024-10-17,233.42999267578125,233.8500061035156,230.52000427246097,232.1499938964844,32993800,228.24249954223632,225.09580017089843,228.21222395621427,57.99509641780662,2.0403608481964,-0.031934558215138686
2024-10-18,236.17999267578125,236.17999267578125,234.0099945068359,235.0,46431500,228.5824996948242,225.52960021972658,228.8586788175272,61.63748333412835,2.327460403818094,0.40727954949111655
2024-10-21,234.4499969482422,236.8500061035156,234.4499969482422,236.47999572753903,36254500,229.082999420166,225.93440002441406,229.5845185232426,63.41178189137182,2.6439345250482518,-0.21918309768153088
2024-10-22,233.88999938964844,236.22000122070312,232.6000061035156,235.86000061035156,38846600,229.50749969482422,226.30100006103515,230.18218348391963,62.11569695623881,2.812295727204514,0.07149733136576142
2024-10-23,234.0800018310547,235.13999938964844,227.7599945068359,230.7599945068359,52287000,229.72699966430665,226.49079986572266,230.23721310514975,52.59302606311547,2.505315604086917,0.3459865213429232
2024-10-24,229.97999572753903,230.82000732421875,228.41000366210935,230.57000732421875,31109500,229.87949981689454,226.66779998779296,230.26890779268012,52.27154084781915,2.221097833753646,-0.4050241933941515
2024-10-25,229.7400054931641,233.22000122070312,229.57000732421875,231.41000366210935,38802300,230.06050033569335,226.8016000366211,230.37758358976862,53.62139939060441,2.0401166921134006,0.2472813770713127
2024-10-28,233.32000732421875,234.72999572753903,232.5500030517578,233.3999938964844,36087100,230.08050003051758,226.94859985351562,230.6654321904082,56.7426523567497,2.033818817022194,-0.0699752334268845
2024-10-29,233.1000061035156,234.3300018310547,232.32000732421875,233.6699981689453,35417200,230.4534996032715,227.10419982910156,230.95158133122126,57.163888610179534,2.027245964346207,-0.018563420169534273
2024-10-30,232.61000061035156,233.47000122070312,229.5500030517578,230.1000061035156,47070900,230.61949996948243,227.17600006103515,230.87047892858263,50.2028291324438,1.7142080835048716,0.32904069209310727
2024-10-31,229.33999633789065,229.8300018310547,225.3699951171875,225.91000366210935,64370100,230.63150024414062,227.16620025634765,230.39805271272803,43.50646467189038,1.115170140699263,0.367513686800125
2024-11-01,220.97000122070312,225.3500061035156,220.27000427246097,222.91000366210935,65276700,230.4370002746582,227.1338003540039,229.6849051840977,39.44913719705226,0.39381368817979023,0.014084178834583128
2024-11-04,220.9900054931641,222.7899932861328,219.7100067138672,222.0099945068359,44944500,230.4529998779297,227.03720031738283,228.95396131007277,38.29530628173739,-0.24763513103167156,-0.311477142686441
2024-11-05,221.8000030517578,223.9499969482422,221.13999938964844,223.4499969482422,28111300,230.33699951171874,226.96260040283204,228.42977422799368,41.25584216019768,-0.6325007048198756,-0.37453303518784276
2024-11-06,222.61000061035156,226.07000732421875,221.19000244140625,222.72000122070312,54561100,229.99599990844726,226.85640045166016,227.88598632253743,40.20278950153381,-0.985058853946839,0.9408956540608224
2024-11-07,224.6300048828125,227.8800048828125,224.57000732421875,227.47999572753903,42137700,229.9180000305176,226.87620025634766,227.8473205515852,49.29174743627424,-0.87033922261557,-0.22769702223745492
2024-11-08,227.1699981689453,228.66000366210935,226.41000366210935,226.9600067138672,38328800,229.88850021362305,226.81960052490234,227.76281447180253,48.42581794011263,-0.8120213789581499,-0.0903917394637106
2024-11-11,225.0,225.6999969482422,221.5,224.22999572753903,42005600,229.5349998474121,226.7242004394531,227.42635554377742,44.05045918287426,-0.974855609999679,0.09592786625200889
2024-11-12,224.5500030517578,225.58999633789065,223.36000061035156,224.22999572753903,40398300,229.0539993286133,226.75340026855469,227.12194032318328,44.05045918287426,-1.09132282110059,-0.038263945759613005
2024-11-13,224.0099945068359,226.6499938964844,222.7599945068359,225.1199951171875,48566200,228.72099914550782,226.83880004882812,226.9312788749932,45.89861987315623,-1.0991382309530024,0.2021842503273652
2024-11-14,225.02000427246097,228.8699951171875,225.0,228.22000122070312,44923900,228.52449951171874,226.95559997558593,227.0540143364894,51.86317635029462,-0.8454416893209498,-0.07499660257545371
2024-11-15,226.3999938964844,226.9199981689453,224.27000427246097,225.0,47923700,228.02449951171874,227.03919982910156,226.8583939234904,46.16937889463263,-0.8939081237186599,0.0667751464142694
2024-11-18,225.25,229.7400054931641,225.1699981689453,228.02000427246097,44633700,227.60149993896485,227.1813998413086,226.9690234805352,51.542650153121706,-0.6807813924810091,-0.06865079282275788
2024-11-19,226.97999572753903,230.16000366210935,226.66000366210935,228.27999877929688,36211800,227.2224998474121,227.3447998046875,227.09387827089347,51.98698426767606,-0.48530326469844454,-0.18868926394181973
2024-11-20,228.05999755859375,229.92999267578125,225.88999938964844,229.0,35169600,227.1345001220703,227.4715997314453,227.27541367366553,53.26502804403527,-0.26918436903267207,-0.028780673703047044
2024-11-21,228.8800048828125,230.16000366210935,225.7100067138672,228.52000427246097,42108300,227.03199996948243,227.58659973144532,227.39394611164604,52.26618698868935,-0.13508307725737723,0.19729254810973118
2024-11-22,228.05999755859375,230.72000122070312,228.05999755859375,229.8699951171875,38168300,226.95499954223632,227.73399963378907,227.62976030265,54.83165463044426,0.07921302302631261,-0.09356825138986846
2024-11-25,231.4600067138672,233.25,229.7400054931641,232.8699951171875,90152800,226.9284996032715,228.06499938964845,228.1288302849869,59.97921167051379,0.4855223548950107,1.361981015659592
2024-11-26,233.3300018310547,235.57000732421875,233.3300018310547,235.05999755859375,45986200,226.9979995727539,228.43039947509766,228.78894145390183,63.269972139417206,0.9730239081818581,-0.4899082446690508
2024-11-27,234.47000122070312,235.69000244140625,233.80999755859375,234.92999267578125,33498400,227.2394989013672,228.71519927978517,229.3738034750332,62.93912219761925,1.333510218160228,-0.27155537965737553
2024-11-29,234.80999755859375,237.80999755859375,233.97000122070312,237.3300018310547,28481400,227.81049880981445,228.8843994140625,230.13153665179718,66.42918485267981,1.7921995364481518,-0.14976834714493825
2024-12-02,237.27000427246097,240.7899932861328,237.16000366210935,239.58999633789065,48137100,228.6444984436035,229.11219940185546,231.03234233618704,69.35567305592012,2.3114320452082495,0.6901240809791653
2024-12-03,239.80999755859375,242.7599945068359,238.8999938964844,242.6499938964844,38861000,229.67649841308594,229.43579925537108,232.13878534192963,72.81161672148147,2.935999405233389,-0.19270167916222625
2024-12-04,242.8699951171875,244.11000061035156,241.25,243.0099945068359,44383900,230.6544982910156,229.74859924316405,233.17413859573023,73.1946225080533,3.4205921216887134,0.14211934844702911
2024-12-05,243.9900054931641,244.5399932861328,242.1300048828125,243.0399932861328,40033900,231.6704978942871,230.08199920654297,234.11374380434,73.22846639467389,3.763670738095499,-0.09800851209560224
2024-12-06,242.91000366210935,244.6300048828125,242.0800018310547,242.83999633789065,36870600,232.4384979248047,230.38839904785155,234.94481547420196,72.57062133947468,3.973619518747057,-0.07901553433465136
2024-12-09,241.8300018310547,247.2400054931641,241.75,246.75,44649200,233.42799758911133,230.76759918212892,236.0691187623732,76.9334216158168,4.404735014881709,0.21097025814605685
2024-12-10,246.88999938964844,248.2100067138672,245.33999633789065,247.77000427246097,36914800,234.60499801635743,231.06299926757814,237.18348881095298,77.92005728995149,4.773675017748928,-0.17322594805730007
2024-12-11,247.9600067138672,250.8000030517578,246.2599945068359,246.4900054931641,45205800,235.71799850463867,231.46859924316405,238.06982373306832,73.66201955129253,4.90622155591754,0.22459826411087147
2024-12-12,246.88999938964844,248.7400054931641,245.67999267578125,247.9600067138672,32777500,236.85999908447266,231.89219940185546,239.01174592171583,75.32939307165498,5.071422256636595,-0.274927111122909
2024-12-13,247.82000732421875,249.2899932861328,246.2400054931641,248.1300048828125,33155300,237.85549926757812,232.34139953613283,239.88015153705837,75.52238130300921,5.156620126726807,0.011526199374571
2024-12-16,247.9900054931641,251.3800048828125,247.6499938964844,251.0399932861328,51694800,239.15749893188476,232.82619934082032,240.94299360839878,78.60732836132782,5.396741520062619,0.5591715351693394
2024-12-17,250.0800018310547,253.8300018310547,249.77999877929688,253.47999572753903,51356400,240.43049850463868,233.46199920654297,242.13699381022167,80.79316653807606,5.718013558371638,-0.006546112955268191
2024-12-18,252.16000366210935,254.27999877929688,247.7400054931641,248.0500030517578,56774100,241.41899871826172,233.9075991821289,242.70013754751082,64.90056115470435,5.471398063726696,0.1054922073977147
2024-12-19,247.5,252.0,247.08999633789065,249.7899932861328,60882300,242.45849838256837,234.3125991821289,243.37536190357005,67.13171618936872,5.35463132093534,0.07236046013939457
2024-12-20,248.0399932861328,255.0,245.69000244140625,254.4900054931641,147495300,243.75699844360352,234.82159942626953,244.4338993882933,72.26100503130057,5.577055714797183,1.422630222577005
2024-12-23,254.77000427246097,255.6499938964844,253.4499969482422,255.27000427246097,40858800,245.0269989013672,235.3759994506836,245.46590937726165,73.01367315571285,5.7499857754044115,-0.7229823594378939
2024-12-24,255.4900054931641,258.2099914550781,255.2899932861328,258.20001220703125,23234700,246.2934997558594,235.91399963378908,246.67868107533494,75.68289255598577,6.053678213391123,-0.4313415959352698
2024-12-26,258.19000244140625,260.1000061035156,257.6300048828125,259.0199890136719,27237100,247.4914993286133,236.41739929199218,247.85404373612892,76.38679565533397,6.288037353501437,0.1722595944858336
2024-12-27,257.8299865722656,258.70001220703125,253.05999755859375,255.58999633789065,42355300,248.52449951171874,236.89359924316406,248.5908011267729,67.57501959271545,6.126375869724939,0.555059092194103
2024-12-30,252.22999572753903,253.5,250.75,252.1999969482422,35557500,249.26799926757812,237.2945993041992,248.93453406215093,60.18531908420922,5.659474461099336,-0.16049467244949278
2024-12-31,252.44000244140625,253.27999877929688,249.42999267578125,250.4199981689453,39480700,249.80949935913085,237.60299926757813,249.07600683422658,56.680397450696574,5.087178874100033,0.11033396611122837
2025-01-02,248.92999267578125,249.1000061035156,241.82000732421875,243.8500061035156,55740700,249.86949996948243,237.75039947509765,248.57829247892076,46.026161198863825,4.056723661127847,0.41184680109521876
2025-01-03,243.36000061035156,244.17999267578125,241.88999938964844,243.36000061035156,40244100,249.8870002746582,237.90039947509766,248.0813123009618,45.34160809848972,3.164067729445634,-0.27801229622161183
2025-01-06,244.30999755859375,247.3300018310547,243.1999969482422,245.0,45045600,249.98500061035156,238.18519958496094,247.78785398658448,48.122650362579705,2.5594618342312856,0.1193094142992388
2025-01-07,242.97999572753903,245.5500030517578,241.3500061035156,242.2100067138672,40856000,249.9535011291504,238.4179995727539,247.25663043680188,44.01930496607498,1.83403653356865,-0.09300797414175854
2025-01-08,241.9199981689453,243.7100067138672,240.0500030517578,242.6999969482422,37628900,249.7510009765625,238.64379943847655,246.82266534265335,44.907785095578205,1.2838702166056635,-0.07898717446641867
2025-01-10,240.0099945068359,240.16000366210935,233.0,236.8500061035156,61710900,249.20500106811522,238.71279968261717,245.87288827225927,37.296908014547355,0.3715312944302127,0.6399868186420543
2025-01-13,233.52999877929688,234.6699981689453,229.72000122070312,234.3999938964844,49630700,248.60050048828126,238.72739959716796,244.7802316650426,34.648441297562954,-0.5429407015038237,-0.19575472080296996
2025-01-14,234.75,236.1199951171875,232.47000122070312,233.27999877929688,39435300,247.86650009155272,238.7909994506836,243.68497139020968,33.47809342100473,-1.3425643463958181,-0.20542527105199004
2025-01-15,234.63999938964844,238.9600067138672,234.42999267578125,237.8699951171875,39832000,247.35349960327147,239.03019927978517,243.13116412611234,42.10842579451356,-1.5875966754521755,0.010059515205919523
2025-01-16,237.3500061035156,238.0099945068359,228.02999877929688,228.2599945068359,71759100,246.21449966430663,239.1371990966797,241.7148622576098,32.57849730637861,-2.5280910369294816,0.8015439847358907
2025-01-17,232.1199951171875,232.2899932861328,228.47999572753903,229.97999572753903,68488300,245.03949966430665,239.29659912109375,240.5972559214126,35.396657322247904,-3.0989273647894606,-0.045580281803980216
2025-01-21,224.0,224.4199981689453,219.3800048828125,222.63999938964844,98070400,243.76899948120118,239.28039916992188,238.88704101362552,29.692783561660193,-4.0963751658244405,0.43192924922943043
2025-01-22,219.7899932861328,224.1199951171875,219.7899932861328,223.8300018310547,64126500,242.47099990844725,239.30259918212892,237.4530372819521,31.6167353134923,-4.736240055459604,-0.3461176868861553
2025-01-23,224.7400054931641,227.02999877929688,222.3000030517578,223.66000366210935,60234800,240.92949981689452,239.2261993408203,236.13941503244328,31.484188937698818,-5.197145563033104,-0.06068785915339214
2025-01-24,224.77999877929688,225.6300048828125,221.41000366210935,222.77999877929688,54697900,239.30499954223632,239.14259918212892,234.86708967500076,30.76517752967743,-5.569226956336024,-0.09192194545345878
2025-01-27,224.02000427246097,232.1499938964844,223.97999572753903,229.86000061035156,94863400,237.88799896240235,239.25519927978516,234.39022404979607,42.20164108088099,-5.232490272756053,0.7343152113700893
2025-01-28,230.8500061035156,240.19000244140625,230.80999755859375,238.2599945068359,75707600,236.84999923706056,239.5357992553711,234.75877361713322,52.27440782165944,-4.238950733790034,-0.2019303545940795
2025-01-29,234.1199951171875,239.86000061035156,234.0099945068359,239.36000061035156,45486100,236.0384994506836,239.8205993652344,235.19698571172543,53.41923696243957,-3.324479659575644,-0.39918713576972453
2025-01-30,238.6699981689453,240.7899932861328,237.2100067138672,237.58999633789065,55658300,235.30799942016603,240.00799926757813,235.42489148564593,51.28735311531758,-2.7113248321728918,0.22363315386458726
2025-01-31,247.19000244140625,247.19000244140625,233.44000244140625,236.0,100959800,234.58699951171874,240.22799926757813,235.47966372510822,49.38087792365253,-2.3268718993993787,0.8139217331467186
2025-02-03,229.9900054931641,231.8300018310547,225.6999969482422,228.0099945068359,73063300,233.79499893188478,240.2277990722656,234.76826665670134,41.110755043333214,-2.6365246335824963,-0.27631294832200537
2025-02-04,227.25,233.1300048828125,226.6499938964844,232.8000030517578,45067300,233.2669990539551,240.31819915771484,234.58081298004006,46.85686843334183,-2.466975243577423,-0.38317458970509133
2025-02-05,228.52999877929688,232.6699981689453,228.27000427246097,232.47000122070312,39620300,232.64049911499023,240.3875991821289,234.37978328867464,46.52009059703263,-2.3323486568076817,-0.12086368608725173
2025-02-06,231.2899932861328,233.8000030517578,230.42999267578125,233.22000122070312,29925300,232.19099884033204,240.48159912109375,234.26932785362973,47.4446122434665,-2.1404634545600913,-0.24469779380771983
2025-02-07,232.6000061035156,234.0,227.2599945068359,227.6300048828125,39707200,231.43749923706054,240.43679931640625,233.63701138021858,41.66343321006527,-2.4116589332626575,0.32687725770501874
2025-02-10,229.57000732421875,230.58999633789065,227.1999969482422,227.6499938964844,33115600,230.97749862670898,240.33239929199217,233.06681923891057,41.690794159839314,-2.5950561655343165,-0.16600515775476488
2025-02-11,228.1999969482422,235.22999572753903,228.1300048828125,232.6199951171875,53718400,230.88849868774415,240.28359924316408,233.02426456065123,48.1965638358839,-2.3127028322946614,0.622147869886096
2025-02-12,231.1999969482422,236.9600067138672,230.67999267578125,236.8699951171875,45243300,231.06799850463867,240.32239929199218,233.3905246136547,53.02337680292602,-1.7260989064539558,-0.15776903258473818
2025-02-13,236.91000366210935,242.33999633789065,235.57000732421875,241.52999877929688,53614100,231.25099868774413,240.40639923095702,234.16571262943015,57.679598918275445,-0.8751001093853858,0.1850174500975834
2025-02-14,241.25,245.5500030517578,240.9900054931641,244.6000061035156,40896200,232.06799926757813,240.50659942626953,235.15945486505734,60.46011333398077,0.04651035987251362,-0.23721185285214152
2025-02-18,244.1499938964844,245.17999267578125,241.83999633789065,244.47000122070312,48822500,232.79249954223633,240.5429995727539,236.04617356559504,60.27949994034447,0.7576690518602334,0.19381507328309233
2025-02-19,244.66000366210935,246.0099945068359,243.16000366210935,244.8699951171875,32204200,233.90399932861328,240.58019958496095,236.88653752288957,60.66881074588819,1.3381186051102247,-0.3403819960059399
2025-02-20,244.94000244140625,246.77999877929688,244.2899932861328,245.8300018310547,32316900,235.00399932861328,240.6359997558594,237.7382960284291,61.6405717454777,1.8542192908982145,0.0034995435377993545
2025-02-21,245.9499969482422,248.69000244140625,245.22000122070312,245.5500030517578,53197400,236.0984992980957,240.6901998901367,238.48226812588896,61.16589465651623,2.2151048909204007,0.646117047117762
2025-02-24,244.92999267578125,248.86000061035156,244.4199981689453,247.1000061035156,51326400,237.31449966430665,240.69720001220702,239.30300507613913,62.87045484041213,2.5962536256544126,-0.035170891810502036
2025-02-25,248.0,250.0,244.91000366210935,247.0399932861328,48013300,238.1734992980957,240.68259979248046,240.03986109613854,62.75560043167541,2.8605001460604456,-0.06454962748215343
2025-02-26,244.3300018310547,244.97999572753903,239.1300048828125,240.36000061035156,44433600,238.27849960327148,240.55999969482423,240.07035057368265,51.48177652336757,2.5020556947941657,-0.07455642499057558
2025-02-27,239.41000366210935,242.4600067138672,237.05999755859375,237.3000030517578,41153600,238.1754997253418,240.34679962158202,239.80650795254695,47.29071163984603,1.948607322947936,-0.07381801159482915
2025-02-28,236.9499969482422,242.08999633789065,230.1999969482422,241.83999633789065,56833400,238.38799972534179,240.2209994506836,240.00017351305587,53.35765635773462,1.8549522815297337,0.38100676490027596
2025-03-03,241.7899932861328,244.02999877929688,236.11000061035156,238.02999877929688,47184000,238.48949966430663,239.9607995605469,239.81253782412645,48.33012305608364,1.4565053380632378,-0.16978396506279758
2025-03-04,237.7100067138672,240.07000732421875,234.67999267578125,235.92999267578125,53798100,238.8854995727539,239.60979949951172,239.44277161952215,45.770229856182986,0.960211601014862,0.14017675483214642
2025-03-05,235.4199981689453,236.5500030517578,229.22999572753903,235.7400054931641,47227600,239.03249969482422,239.36359954833983,239.09012722653566,45.53524490439123,0.5452792215116347,-0.12213256601998956
2025-03-06,234.44000244140625,237.86000061035156,233.16000366210935,235.3300018310547,45170400,239.1754997253418,239.07439971923827,238.73202004601367,44.99833487329743,0.1812688973278398,-0.04355927466142684
2025-03-07,235.11000061035156,241.3699951171875,234.7599945068359,239.07000732421875,46273600,239.46800003051757,238.76599975585938,238.76420931060463,50.70786840807546,0.19235789752369215,0.024423073517170435
2025-03-10,235.5399932861328,236.16000366210935,224.22000122070312,227.47999572753903,72071200,239.46049957275392,238.21019958496095,237.68952230269363,37.66085118324161,-0.7257055818018614,0.5575014695204177
2025-03-11,223.80999755859375,225.83999633789065,217.4499969482422,220.83999633789065,76137400,239.11999969482423,237.4629992675781,236.08480554414098,32.501366223945155,-1.9664024974641734,0.05641920767241282
2025-03-12,220.13999938964844,221.75,214.91000366210935,216.97999572753903,62547500,238.3379997253418,236.62219940185548,234.26529984732176,29.934015421367135,-3.223969616857687,-0.17849177933577975
2025-03-13,215.9499969482422,216.83999633789065,208.4199981689453,209.67999267578125,61368300,236.97849960327147,235.7039993286133,231.92384202146076,25.78560863643294,-4.754839032285076,-0.018852871817418793
2025-03-14,211.25,213.9499969482422,209.5800018310547,213.4900054931641,60107600,235.57649993896484,234.92979949951172,230.16823854257535,31.148715872392813,-5.596119300737115,-0.02054317945910189
2025-03-17,213.30999755859375,215.22000122070312,209.97000122070312,214.0,48073400,234.04649963378907,234.2013995361328,228.62840630042533,31.858560661437167,-6.150785256378015,-0.200210955020663
2025-03-18,214.16000366210935,215.1499938964844,211.4900054931641,212.69000244140625,42432400,232.4574996948242,233.57819946289064,227.11046307575685,30.975166202948344,-6.619759411410371,-0.11734139877770244
2025-03-19,214.22000122070312,218.7599945068359,213.75,215.2400054931641,54385400,230.97600021362305,233.01579956054687,225.97994330598613,34.76701217546183,-6.708331404399104,0.2816951197669706
2025-03-20,213.9900054931641,217.4900054931641,212.22000122070312,214.1000061035156,48862900,229.3895004272461,232.39779968261718,224.84852071527465,33.87118484303102,-6.7922173171183715,-0.10154379668072677
2025-03-21,211.55999755859375,218.83999633789065,211.27999877929688,218.27000427246097,94127800,228.02550048828124,231.91899963378907,224.22199533976857,39.96484849539864,-6.447886285776065,0.926365401971639
2025-03-24,221.0,221.47999572753903,218.5800018310547,220.72999572753903,44299500,226.7069999694824,231.479599609375,223.88942394812767,43.285073593904066,-5.908392441034124,-0.5293685818642314
2025-03-25,220.77000427246097,224.1000061035156,220.0800018310547,223.75,34493600,225.5425003051758,231.21759948730468,223.8761454768774,47.1493724626681,-5.177467949019643,-0.2213546428289258
2025-03-26,223.5099945068359,225.02000427246097,220.47000122070312,221.52999877929688,34466100,224.60100021362305,230.96019958496095,223.6527029342507,44.73633493857014,-4.722897940699511,-0.0007972493448059614
2025-03-27,221.38999938964844,224.9900054931641,220.55999755859375,223.8500061035156,37094800,223.92850036621093,230.77159973144532,223.67149371227592,47.746067878971466,-4.127859339192497,0.07626914562425102
2025-03-28,221.6699981689453,223.80999755859375,217.67999267578125,217.8999938964844,39818600,222.73150024414062,230.37219970703126,223.12182706315292,41.5032137292052,-4.089264721032009,0.07342808156399272
2025-03-31,217.0099945068359,225.6199951171875,216.22999572753903,222.1300048828125,65299300,221.9365005493164,230.24959991455077,223.0273678078824,46.82615823475369,-3.6749886911304657,0.6399195350916407
2025-04-01,219.80999755859375,223.67999267578125,218.8999938964844,223.19000244140625,36412700,221.29950103759765,230.11380004882812,223.04285682059896,48.10062957542403,-3.223975031221414,-0.4423722765787689
2025-04-02,221.32000732421875,225.19000244140625,221.02000427246097,223.88999938964844,35905900,220.70700073242188,230.13880004882813,223.12353706527034,48.97045027032877,-2.7780360820742374,-0.01391822084053096
2025-04-03,205.5399932861328,207.4900054931641,201.25,203.19000244140625,103419000,219.10000076293946,229.72600006103517,221.2251051963309,31.928866190224696,-4.048276991495925,1.8802787285655005
2025-04-04,193.88999938964844,199.8800048828125,187.33999633789065,188.3800048828125,125910900,216.56550064086915,229.0204000854492,218.09700040456724,25.177914408415873,-6.1787700791472275,0.21748324775911576
2025-04-07,177.1999969482422,194.1499938964844,174.6199951171875,181.4600067138672,160466300,214.26450119018554,228.19400024414062,214.60776291021486,22.756734164521276,-8.329569131905032,0.27444327695219406
2025-04-08,186.6999969482422,190.33999633789065,169.2100067138672,172.4199981689453,120859500,211.84350128173827,227.0452001953125,210.58988055390347,20.044923762142744,-10.640884522898176,-0.24682316473926302
2025-04-09,171.9499969482422,200.61000061035156,171.88999938964844,198.8500061035156,184395900,210.9370018005371,226.25700042724608,209.47179727291416,41.85929923201112,-10.222103817096325,0.5257046405123305
2025-04-10,189.07000732421875,194.77999877929688,183.0,190.4199981689453,121880000,209.9740020751953,225.27820037841798,207.6573402153933,38.27256132213619,-10.449987329358635,-0.33903085697675495
2025-04-11,186.1000061035156,199.5399932861328,186.05999755859375,198.1499938964844,87435900,209.20700149536134,224.48940032958984,206.7518786612115,43.08811894075542,-9.892802532160943,-0.2826066622907778
2025-04-14,211.44000244140625,212.94000244140625,201.16000366210935,202.52000427246097,101352900,208.63300170898438,223.81980041503905,206.34884300514003,45.66863655771063,-8.994918429923473,0.1591680305229317
2025-04-15,201.86000061035156,203.5099945068359,199.8000030517578,202.13999938964844,51343900,208.1055015563965,223.3024005126953,205.9480007560456,45.47554061390277,-8.21925556634443,-0.49341459395833764
2025-04-16,198.36000061035156,200.6999969482422,192.3699951171875,194.27000427246097,59732400,207.05700149536133,222.53180053710938,204.8358106147518,41.55662968546839,-8.145681644782115,0.16337870711028968
2025-04-17,197.1999969482422,198.8300018310547,194.4199981689453,196.97999572753903,52164700,206.2010009765625,221.82200042724608,204.0876377683506,43.366466116288244,-7.779028323554343,-0.12669338583415368
2025-04-21,193.27000427246097,193.8000030517578,189.80999755859375,193.16000366210935,46742500,204.94550094604492,221.0208004760742,203.04691071061333,41.41937259413178,-7.707843141788459,-0.10394385475235168
2025-04-22,196.1199951171875,201.58999633789065,195.97000122070312,199.7400054931641,52976400,203.89600143432617,220.46300048828124,202.73196735657055,45.92329822603481,-7.039332176482731,0.13336685029683903
2025-04-23,206.0,208.0,202.8000030517578,204.6000061035156,52929200,202.93850173950196,220.00200073242186,202.90987580866056,49.039772478510436,-6.047657358092891,-0.0008909627683270083
2025-04-24,204.88999938964844,208.8300018310547,202.94000244140625,208.3699951171875,47311000,202.28050155639647,219.51700073242188,203.4298871713774,51.38050729565644,-4.901045116291186,-0.10614556804183706
2025-04-25,206.3699951171875,209.75,206.1999969482422,209.27999877929688,38222300,201.55200119018554,218.96520080566407,203.9870406578459,51.95418002488256,-3.8742569410783574,-0.19210543002684366
2025-04-28,210.0,211.5,207.4600067138672,210.13999938964844,38743100,201.16400146484375,218.3374008178711,204.5730367275414,52.524298967818154,-2.9570381574952194,0.01362555366893159
2025-04-29,208.69000244140625,212.2400054931641,208.3699951171875,211.2100067138672,36827600,200.61800155639648,217.66960083007814,205.20512910719148,53.26732356375444,-2.1193643022431843,-0.04944106176325591
2025-04-30,209.3000030517578,213.5800018310547,206.6699981689453,212.5,52286500,200.08350143432617,217.03020080566407,205.8998787160304,54.19800611407813,-1.3360093751349211,0.4197639813618048
2025-05-01,209.0800018310547,214.55999755859375,208.8999938964844,213.32000732421875,57365700,199.55500183105468,216.39920104980467,206.60655763109597,54.814032714066116,-0.6416308921336622,0.09714170961911783
2025-05-02,206.08999633789065,206.9900054931641,202.16000366210935,205.3500061035156,101010600,199.66300201416016,215.5896011352539,206.4868860570407,48.04961616331537,-0.7260737063382408,0.7608187470910317
2025-05-05,203.1000061035156,204.1000061035156,198.2100067138672,198.88999938964844,69018500,200.18850173950196,214.65640106201172,205.76337304109856,43.37702662144105,-1.2992864330310852,-0.31672022540208655
2025-05-06,198.2100067138672,200.6499938964844,197.02000427246097,198.5099945068359,51216500,201.04100112915037,213.68460083007812,205.0725750854545,43.111443077834906,-1.763891820003039,-0.25793084462861404
2025-05-07,199.1699981689453,199.44000244140625,193.25,196.25,68536700,202.2325012207031,212.66880096435546,204.23232983922074,41.48465221042497,-2.2880820203696715,0.3381761736940243
2025-05-08,197.72000122070312,200.0500030517578,194.67999267578125,197.4900054931641,50478900,202.16450119018555,211.81140106201173,203.59020371102486,42.76089387093903,-2.5737795223946023,-0.2634763564630337
2025-05-09,199.0,200.5399932861328,197.5399932861328,198.52999877929688,36453900,202.57000122070312,211.0360009765625,203.10827943181266,43.86669080692082,-2.6853233484787893,-0.2778388594046225
2025-05-12,210.97000122070312,211.27000427246097,206.75,210.7899932861328,63775800,203.20200119018554,210.41500091552734,203.8398712274622,54.92242333445618,-1.7641079997261784,0.7494918239200743
2025-05-13,210.42999267578125,213.3999938964844,209.0,212.92999267578125,51909300,203.72250061035157,209.91300079345703,204.70559707968306,56.531760304203246,-0.8515420857204106,-0.18606587451666623
2025-05-14,212.42999267578125,213.94000244140625,210.5800018310547,212.3300018310547,49325800,204.23200073242188,209.4410009765625,205.43173086552798,55.92887023337328,-0.17472712548644154,-0.04976950180410833
2025-05-15,210.9499969482422,212.9600067138672,209.5399932861328,211.4499969482422,45029500,205.09100036621095,208.95520080566405,206.0048990638817,55.002356080773225,0.2873323783526871,-0.0871004626382137
2025-05-16,212.36000061035156,212.57000732421875,209.77000427246097,211.2599945068359,54737900,205.80500030517578,208.4738006591797,206.50538434416305,54.79130555294786,0.6309134771645972,0.21560088386502185
2025-05-19,207.91000366210935,209.47999572753903,204.2599945068359,208.77999877929688,46140500,206.58600006103515,207.86800048828124,206.72201429036627,51.98730013980551,0.6950766335564253,-0.15706484903512918
2025-05-20,207.6699981689453,208.47000122070312,205.02999877929688,206.86000061035156,42496600,206.94199981689454,207.4556005859375,206.7351558446506,49.859881283564036,0.5842635644482925,-0.07897400331595883
2025-05-21,205.1699981689453,207.0399932861328,200.7100067138672,202.08999633789065,59211800,206.81649932861328,207.0806005859375,206.29275970114963,44.939624011138925,0.11027277273481673,0.3933302899526079
2025-05-22,200.7100067138672,202.75,199.6999969482422,201.36000061035156,46742400,206.46599960327148,206.76820068359376,205.82297312107363,44.220430481463545,-0.3205774813484936,-0.21058978109093118
2025-05-23,193.6699981689453,197.6999969482422,193.4600067138672,195.27000427246097,78432900,205.7654998779297,206.48000091552734,204.81792846882482,38.66166572838357,-1.140296590774284,0.677981875128363
2025-05-27,198.3000030517578,200.7400054931641,197.42999267578125,200.2100067138672,56288500,205.2690002441406,206.2144009399414,204.3790787778765,44.73088281855006,-1.3754575604883144,-0.2823356015141605
2025-05-28,200.58999633789065,202.72999572753903,199.8999938964844,200.4199981689453,45339700,204.72949981689453,205.94280090332032,204.0020234817878,44.98010094460061,-1.5272743003379219,-0.1945122005382982
2025-05-29,203.5800018310547,203.80999755859375,198.5099945068359,199.9499969482422,51396800,204.10199966430665,205.68800079345704,203.6161161928787,44.49648033010533,-1.6663071790757442,0.13359373793827478
2025-05-30,199.3699951171875,201.9600067138672,196.77999877929688,200.8500061035156,70819900,203.47849960327147,205.40020080566407,203.3526771367489,45.70044372846903,-1.6844512149417028,0.3779048501073996
2025-06-02,200.27999877929688,202.1300048828125,200.1199951171875,201.6999969482422,35423300,203.2959991455078,205.15220062255858,203.1952790235578,46.87254140640573,-1.6116650649446171,-0.4998114936620921
2025-06-03,201.3500061035156,203.77000427246097,200.9600067138672,203.27000427246097,46381600,203.51499938964844,204.8522006225586,203.20239571392952,49.05980073901807,-1.4110295760924885,0.3093528835540449
2025-06-04,202.91000366210935,206.2400054931641,202.1000061035156,202.82000732421875,43604000,203.7305000305176,204.49400085449219,203.16597777205232,48.44417695214731,-1.273653612594103,-0.05988581678941651
2025-06-05,203.5,204.75,200.1499938964844,200.6300048828125,55126100,203.94950027465822,204.03160095214844,202.92445654450566,45.45474577793858,-1.3262093503346932,0.2642441060453169
2025-06-06,203.0,205.6999969482422,202.0500030517578,203.9199981689453,46607700,204.27099990844727,203.67940093994142,203.01927003254752,50.40595838451863,-1.0898223943962364,-0.1545257146796164
2025-06-09,204.38999938964844,206.0,200.02000427246097,201.4499969482422,72862600,204.41699981689453,203.23140075683594,202.86981545308987,46.95956010507377,-1.0892364448777982,0.5633167910023451
2025-06-10,200.6000061035156,204.3500061035156,200.57000732421875,202.6699981689453,54672600,204.01100006103516,202.92680084228516,202.85078523555228,48.82089308345198,-0.9790423819810314,-0.24964796754439178
2025-06-11,203.5,204.5,198.41000366210935,198.77999877929688,60989900,203.30350036621093,202.45980072021484,202.46309128733748,43.57059029748645,-1.1918641657007356,0.1155478246873205
2025-06-12,199.0800018310547,199.67999267578125,197.36000061035156,199.1999969482422,43904600,202.64700012207032,201.98000061035157,202.15232039789984,44.267489209069076,-1.311518254389199,-0.2801332679673192
2025-06-13,199.72999572753903,200.3699951171875,195.6999969482422,196.4499969482422,51447300,201.89700012207032,201.43120056152344,201.6092419741229,40.72134514722588,-1.6096914776705944,0.1717974881903035
2025-06-16,197.3000030517578,198.69000244140625,196.55999755859375,198.4199981689453,43020700,201.2550003051758,201.3358004760742,201.3055044688679,44.17155492521316,-1.6678078204398616,-0.1637909083664254
2025-06-17,197.1999969482422,198.38999938964844,195.2100067138672,195.63999938964844,38856200,200.59800033569337,201.48100036621094,200.76593255656127,40.58197875039327,-1.9161004950840095,-0.09680223706262336
2025-06-18,195.94000244140625,197.57000732421875,195.07000732421875,196.5800018310547,45394700,200.08400039672853,201.7834002685547,200.3672724874654,42.28972251641125,-2.0138099400624583,0.16827430371472252
2025-06-20,198.2400054931641,201.6999969482422,196.86000061035156,201.0,96813500,200.02950057983398,202.3550003051758,200.42753225056396,49.62176927947885,-1.714821076468013,1.1327049192967462
2025-06-23,201.6300048828125,202.3000030517578,198.9600067138672,201.5,55814300,200.0365005493164,202.40800018310546,200.52967203622453,50.38962073028371,-1.4211423818972548,-0.4234863939429935
2025-06-24,202.58999633789065,203.44000244140625,200.1999969482422,200.3000030517578,54064000,200.28800048828126,202.6056002807617,200.50779879960865,48.47981127456103,-1.2705831340802263,-0.031359346977387514
2025-06-25,201.4499969482422,203.6699981689453,200.6199951171875,201.55999755859375,39525700,200.3555000305176,202.6738003540039,200.60800820522627,50.597074295487346,-1.0376316472500093,-0.26890907073098547
2025-06-26,201.42999267578125,202.63999938964844,199.4600067138672,201.0,50799100,200.3845001220703,202.6434002685547,200.6453407571095,49.62103930178909,-0.8879671064332513,0.2852169601044383
2025-06-27,201.88999938964844,203.22000122070312,200.0,201.0800018310547,73188600,200.44100036621094,202.6222003173828,200.68673704986617,49.77011287542503,-0.7542073673452876,0.4407459974684591
2025-06-30,202.0099945068359,207.38999938964844,199.2599945068359,205.1699981689453,91912800,200.65699996948243,202.8402001953125,201.11371429930227,56.80688740342301,-0.31454738107888147,0.2558349251112879
2025-07-01,206.6699981689453,210.19000244140625,206.13999938964844,207.82000732421875,78788900,200.96300048828124,203.0570004272461,201.75240887310383,60.65308231281176,0.24489689839469975,-0.14278642365372396
2025-07-02,208.91000366210935,213.33999633789065,208.13999938964844,212.44000244140625,67941800,201.4215003967285,203.44260040283203,202.77027492722786,66.28902898395879,1.048963714756269,-0.137672946316042
2025-07-03,212.1499938964844,214.6499938964844,211.80999755859375,213.5500030517578,34955800,201.95800018310547,203.71880035400392,203.79691570099263,67.49375782990677,1.755523648460695,-0.48550376940263573
2025-07-07,212.67999267578125,216.22999572753903,208.8000030517578,209.9499969482422,50229000,202.42399978637695,203.82580017089845,204.3829234388259,60.00407395262676,2.0019103045189013,0.43692892166679065
2025-07-08,210.1000061035156,211.42999267578125,208.4499969482422,210.0099945068359,42848900,202.72849960327147,203.85860015869142,204.91883496911257,60.08357384742927,2.1769206202982616,-0.14692906488283664
2025-07-09,209.52999877929688,211.3300018310547,207.22000122070312,211.13999938964844,48749400,203.2129997253418,203.89580017089844,205.51132681868742,61.6304958239286,2.379371592027269,0.13770481856010308
2025-07-10,210.5099945068359,213.47999572753903,210.02999877929688,212.41000366210935,44443600,203.7,203.94120025634766,206.16834366091808,63.34961069125771,2.6121825620736274,-0.08832518964335967
2025-07-11,210.57000732421875,212.1300048828125,209.86000061035156,211.16000366210935,39765800,204.3190002441406,203.9402001953125,206.64373985150772,60.477494444139595,2.665100757271489,-0.10525249979749618
2025-07-14,209.92999267578125,210.91000366210935,207.5399932861328,208.6199951171875,38840100,204.79000015258788,203.86260009765624,206.8319546387153,55.0189115965451,2.4735675988456194,-0.02327879735853422
2025-07-15,209.22000122070312,211.88999938964844,208.9199981689453,209.11000061035156,42296300,205.42300033569336,203.77839996337892,207.04891139791874,55.84685044070111,2.334405960230498,0.08898535276685693
2025-07-16,210.3000030517578,212.3999938964844,208.63999938964844,210.16000366210935,47490500,206.01000061035157,203.87459991455077,207.34520589927024,57.6458798351686,2.282534196666802,0.12280506805559832
2025-07-17,210.57000732421875,211.8000030517578,209.58999633789065,210.02000427246097,48068100,206.7290008544922,204.09720001220703,207.59994860147887,57.310581305560994,2.2047140978723974,0.012162432486497288
2025-07-18,210.8699951171875,211.7899932861328,209.6999969482422,211.17999267578125,48974600,207.45900039672853,204.35059997558594,207.94090517998387,59.416884790627854,2.2111536754593146,0.01885866094145605
2025-07-21,212.1000061035156,215.77999877929688,211.6300048828125,212.47999572753903,51377400,208.03300018310546,204.67519989013672,208.37319951784627,61.69775386004779,2.2947045432193818,0.04906216691917842
2025-07-22,213.13999938964844,214.9499969482422,212.22999572753903,214.3999938964844,46404100,208.6779998779297,205.01339965820313,208.94717993485943,64.84069589629598,2.4871763927681343,-0.09679937092963053
2025-07-23,215.0,215.1499938964844,212.41000366210935,214.1499938964844,46989300,209.37049942016603,205.32579956054687,209.44268602644277,64.10310579806523,2.5896865154315094,0.012610954635474014
2025-07-24,213.8999938964844,215.69000244140625,213.52999877929688,213.7599945068359,46022600,209.98049926757812,205.38519958496093,209.85385826267068,62.901024795130034,2.60937755463533,-0.02057276869414948
2025-07-25,214.6999969482422,215.2400054931641,213.3999938964844,213.8800048828125,40268800,210.62449951171874,205.40419982910157,210.23730079792227,63.13014618246083,2.6046419879397718,-0.1250211852437716
2025-07-28,214.02999877929688,214.8500061035156,213.05999755859375,214.0500030517578,37858000,211.27299957275392,205.43859985351563,210.60041529828757,63.47426844586137,2.584810363829888,-0.059867689129052715
2025-07-29,214.17999267578125,214.80999755859375,210.82000732421875,211.27000427246097,51411700,211.5779998779297,205.435,210.66418567678028,54.513762049861896,2.318049953841694,0.3580141581700036
2025-07-30,211.8999938964844,212.38999938964844,207.72000122070312,209.0500030517578,45512500,211.63949966430664,205.39080017089844,210.5104539982067,48.61212196583624,1.9055389944633134,-0.11474430917475986
2025-07-31,208.4900054931641,209.83999633789065,207.16000366210935,207.57000732421875,80698400,211.39599990844727,205.36660034179687,210.2304114578269,45.10625622588484,1.4425687660359756,0.77310409228234
2025-08-01,210.8699951171875,213.5800018310547,201.5,202.3800048828125,104434500,210.8375,205.2770004272461,209.4827536887779,35.45087467671749,0.6493859847224712,0.29413346485184344
2025-08-04,204.5099945068359,207.8800048828125,201.67999267578125,203.3500061035156,75109300,210.50750045776368,205.3022006225586,208.8986824901815,38.11707568405464,0.09792508836801517,-0.28079992722711367
2025-08-05,203.3999938964844,205.33999633789065,202.16000366210935,202.9199981689453,44155100,210.15300064086915,205.33340057373047,208.3292839833971,37.379969023574155,-0.36954975214172237,-0.4121220674403836
2025-08-06,205.6300048828125,215.3800048828125,205.58999633789065,213.25,108483100,210.2585006713867,205.69300048828126,208.79792360402593,58.26130367791354,0.0924521542341381,1.4568645524526045
2025-08-07,218.8800048828125,220.8500061035156,216.5800018310547,220.02999877929688,90224800,210.6395004272461,206.08940032958984,209.86764504928982,66.22261934738128,0.9942204774727088,-0.16830547799611184
2025-08-08,220.8300018310547,231.0,219.25,229.3500061035156,113854000,211.54900054931642,206.66800048828125,211.72310800683513,73.6601742292319,2.4328803408881754,0.26189251735664687
2025-08-11,227.9199981689453,229.55999755859375,224.7599945068359,227.17999267578125,61806100,212.47700042724608,207.21260040283204,213.19519226102048,69.80602963800538,3.3592038881791666,-0.45714599399230593
2025-08-12,228.0099945068359,230.8000030517578,227.07000732421875,229.6499938964844,55626200,213.50400009155274,207.7886001586914,214.76231622630277,71.62588556624748,4.243711563768898,-0.09998851246074414
2025-08-13,231.07000732421875,235.0,230.42999267578125,233.3300018310547,69878500,214.6625,208.42120025634765,216.53066723627916,74.12787333708751,5.181902409068272,0.2562155962478112
2025-08-14,234.05999755859375,235.1199951171875,230.8500061035156,232.77999877929688,51916300,215.8004997253418,209.01140014648436,218.07822262132845,73.09052415090203,5.81402431041252,-0.25704902080038927
2025-08-15,234.0,234.27999877929688,229.33999633789065,231.58999633789065,56038700,216.82099990844728,209.5867999267578,219.36505821338199,70.78251845037427,6.148090855337443,0.07940473415863614
2025-08-18,231.6999969482422,233.1199951171875,230.11000061035156,230.88999938964844,37476200,217.74150009155272,210.19199981689454,220.4626716587407,69.39437907759293,6.283919977508987,-0.33124430081354495
2025-08-19,231.27999877929688,232.8699951171875,229.3500061035156,230.55999755859375,39402600,218.54950027465821,210.7247998046875,221.424321744441,68.71025713237533,6.292402249354012,0.051403290621781395
2025-08-20,229.97999572753903,230.47000122070312,225.77000427246097,226.0099945068359,42263900,219.1425003051758,211.21599975585937,221.8610524837167,59.9365877666418,5.864376409783517,0.07261703542405828
2025-08-21,226.27000427246097,226.52000427246097,223.77999877929688,224.8999938964844,30621200,219.6995002746582,211.66059967041016,222.15047547540885,57.99114877821524,5.373650972145725,-0.2754762338544242
2025-08-22,226.1699981689453,229.08999633789065,225.41000366210935,227.7599945068359,42477800,220.39349975585938,212.24019958496095,222.68471538316382,61.46204667821154,5.156089484541354,0.38720233041161034
2025-08-25,226.47999572753903,229.3000030517578,226.22999572753903,227.16000366210935,30983100,221.04899978637695,212.7993997192383,223.11093331449197,60.33578531929283,4.8790139555336225,-0.2706048806670779
2025-08-26,226.8699951171875,229.4900054931641,224.69000244140625,229.30999755859375,54575100,221.95099945068358,213.45659973144532,223.7013203853588,62.95538280066851,4.777840174343623,0.7614473696950919
2025-08-27,228.61000061035156,230.8999938964844,228.2599945068359,230.4900054931641,31259500,223.02299957275392,214.09799987792968,224.3478618241974,64.3471368707251,4.738256332871657,-0.42722047233994986
2025-08-28,230.82000732421875,233.41000366210935,229.33999633789065,232.55999755859375,38074700,224.27249908447266,214.8363998413086,225.129969989378,66.7099037583146,4.818373700665802,0.21802012188294762
2025-08-29,232.5099945068359,233.3800048828125,231.3699951171875,232.13999938964844,39418400,225.76049880981446,215.54759979248047,225.7975918370228,65.7576857641162,4.792729349128081,0.03529115134196714
2025-09-02,229.25,230.8500061035156,226.97000122070312,229.72000122070312,44075600,227.07899856567383,216.12199981689454,226.17115463546853,60.40726918778138,4.524971335453301,0.11814787003023963
2025-09-03,237.2100067138672,238.8500061035156,234.36000061035156,238.47000122070312,66427800,228.85649871826172,216.86139984130858,227.34247335787182,69.9331760359027,4.961628489007779,0.5071331984136347
2025-09-04,238.4499969482422,239.8999938964844,236.7400054931641,239.77999877929688,47549400,230.18299865722656,217.65099975585937,228.52699958848373,71.05596233485596,5.351697249441031,-0.28419426806246784
2025-09-05,240.0,241.32000732421875,238.4900054931641,239.69000244140625,54870400,231.16599884033204,218.41359985351562,229.5901427173335,70.86019019047014,5.589139479242874,0.1539661909508847
2025-09-08,239.3000030517578,240.1499938964844,236.33999633789065,237.8800048828125,48999500,231.59249877929688,219.15119995117186,230.37965339976006,66.86977513889715,5.567088549436335,-0.10699575727532518
2025-09-09,237.0,238.77999877929688,233.36000061035156,234.3500061035156,66313900,231.95099945068358,219.81660003662108,230.75778222868917,59.79719585918691,5.2047742311604,0.3533587077419158
2025-09-10,232.19000244140625,232.4199981689453,225.9499969482422,226.7899932861328,83440800,231.80799942016603,220.24899993896486,230.37989756749332,48.0708559949486,4.258518124786491,0.2582701364269029
2025-09-11,226.8800048828125,230.4499969482422,226.6499938964844,230.02999877929688,50208600,231.64299926757812,220.6931997680664,230.34657387337938,52.38080021707647,3.727081236058922,-0.3982727874133517
2025-09-12,229.22000122070312,234.5099945068359,229.02000427246097,234.07000732421875,55824200,231.7074996948242,221.12579986572266,230.70118658298313,57.15580384053231,3.5905193269805693,0.11184538107017516
2025-09-15,237.0,238.19000244140625,235.02999877929688,236.6999969482422,42699500,231.9629997253418,221.58879974365234,231.27250185586493,59.969874505048566,3.6524085211919157,-0.23510771314232892
2025-09-16,237.17999267578125,241.22000122070312,236.32000732421875,238.1499938964844,63421100,232.32599945068358,222.1527996826172,231.9275010978287,61.472369508261515,3.774943589209414,0.48528905490696617
2025-09-17,238.97000122070312,240.1000061035156,237.72999572753903,238.9900054931641,46508000,232.74749984741212,222.73239990234376,232.6001205640511,62.35392303539512,3.8949370195655604,-0.2666793858826163
2025-09-18,239.97000122070312,241.1999969482422,236.6499938964844,237.8800048828125,44249600,233.34100036621095,223.26720001220704,233.10296668964745,60.38763547622743,3.856015162528024,-0.04855938763223533
2025-09-19,241.22999572753903,246.3000030517578,240.2100067138672,245.5,163741300,234.37100067138672,223.92899993896484,234.28363652872864,67.87658797322257,4.389440495706992,2.7004018115417994
2025-09-22,248.3000030517578,256.6400146484375,248.1199951171875,256.0799865722656,105517400,235.7870002746582,224.82739959716798,236.35947939001787,74.95615150670294,5.601331745464307,-0.35558469366006007
2025-09-23,255.8800048828125,257.3399963378906,253.5800018310547,254.42999267578125,60275200,237.1504997253418,225.74359954833983,238.08048065532867,72.2807476066201,6.355362906717431,-0.4287653031632698
2025-09-24,255.22000122070312,255.7400054931641,251.0399932861328,252.30999755859375,42303700,238.3004997253418,226.6075994873047,239.43567274135393,68.87896994016769,6.70458585382994,-0.29815745115735826
2025-09-25,253.2100067138672,257.1700134277344,251.7100067138672,256.8699951171875,55202100,239.61949920654297,227.54179931640624,241.0960843961952,71.93820704800197,7.265548528135469,0.30490004420417116
2025-09-26,254.1000061035156,257.6000061035156,253.77999877929688,255.4600067138672,46076300,240.76449966430664,228.45059936523438,242.46407699787827,69.65804317923994,7.509773217675388,-0.1653161745658227
2025-09-29,254.55999755859375,255.0,253.0099945068359,254.42999267578125,40127700,241.87899932861328,229.31559936523436,243.60368801482142,67.96334073832529,7.533369524474153,-0.12910324830769837
2025-09-30,254.86000061035156,255.9199981689453,253.11000061035156,254.6300048828125,37704300,243.12449951171874,230.15859954833985,244.65381343082058,68.12550811705492,7.4819616842139,-0.06039219790817818
2025-10-01,255.0399932861328,258.7900085449219,254.92999267578125,255.4499969482422,48713900,243.9734992980957,230.979599609375,245.68202138486072,68.82229230545323,7.421832838127273,0.2919985253671331
2025-10-02,256.5799865722656,258.17999267578125,254.1499938964844,257.1300048828125,42630200,244.84099960327148,231.83919982910157,246.7723055275228,70.25688253655048,7.424161778701745,-0.12488632607941474
2025-10-03,254.6699981689453,259.239990234375,253.9499969482422,258.0199890136719,49155600,245.75749893188475,232.72439971923828,247.8435134785846,71.01768579157894,7.412376500089891,0.15306988942111466
2025-10-06,257.989990234375,259.07000732421875,255.0500030517578,256.69000244140625,44664100,246.69799880981446,233.58059967041015,248.68603623694858,68.20978205732456,7.21257569769088,-0.09137310906590501
2025-10-07,256.80999755859375,257.3999938964844,255.42999267578125,256.4800109863281,31955800,247.80449905395508,234.42919982910155,249.4283195464133,67.75427881233585,6.957090557540766,-0.28453052899308395
2025-10-08,256.5199890136719,258.5199890136719,256.1099853515625,258.05999755859375,36496900,249.3679992675781,235.3649996948242,250.2503841190019,69.40954269611748,6.803679868800003,0.1421056584407212
2025-10-09,257.80999755859375,258.0,253.13999938964844,254.0399932861328,38322000,250.56849899291993,236.26479949951172,250.61129927777625,60.85063986203297,6.285267394418781,0.05000698689477745
2025-10-10,254.94000244140625,256.3800048828125,244.0,245.27000427246097,61999100,251.12849884033204,237.01879943847655,250.10260451536527,47.18182487262497,5.107876532836684,0.6178461458170241
2025-10-13,249.3800048828125,249.69000244140625,245.55999755859375,247.66000366210935,38142900,251.6764991760254,237.9243994140625,249.86997586267424,50.44850000017676,4.3178651078900145,-0.3847830049145875
2025-10-14,246.6000061035156,248.8500061035156,244.6999969482422,247.77000427246097,35478000,252.15749969482422,238.8127993774414,249.6699785683682,50.59993701653092,3.658478825263103,-0.06986621363346779
2025-10-15,249.4900054931641,251.82000732421875,247.47000122070312,249.33999633789065,33893600,252.67499923706055,239.74119934082032,249.63855168927512,52.81636527120884,3.2254151067690486,-0.04465866170584587
2025-10-16,248.25,249.0399932861328,245.1300048828125,247.4499969482422,39777000,253.15349884033202,240.42519927978515,249.43011790441483,49.91308174417566,2.6985941212331284,0.1735843935138197
2025-10-17,248.02000427246097,253.3800048828125,247.27000427246097,252.2899932861328,49147000,253.49299850463868,241.07039916992187,249.70248698838796,56.50653590121835,2.641186001442918,0.23556326520350956
2025-10-20,255.88999938964844,264.3800048828125,255.6300048828125,262.239990234375,90483000,253.80099868774414,241.72819885253907,250.8965349165772,66.32176779332632,3.3598410943280896,0.8410686308421673
2025-10-21,261.8800048828125,265.2900085449219,261.8299865722656,262.7699890136719,46695900,254.21799850463867,242.43999877929687,252.02734006868144,66.75217194372414,3.9268802737765895,-0.48392626239183056
2025-10-22,262.6499938964844,262.8500061035156,255.42999267578125,258.45001220703125,45015300,254.52499923706054,243.0159991455078,252.63902312947667,60.01917504273505,3.981777432372894,-0.03599031178326151
2025-10-23,259.94000244140625,260.6199951171875,258.010009765625,259.5799865722656,32754900,254.66049880981444,243.54099884033204,253.30006726688515,61.1237600070947,4.06955205092288,-0.2723607306849005
2025-10-24,261.19000244140625,264.1300048828125,259.17999267578125,262.82000732421875,38253700,255.02849884033202,244.14179901123046,254.20672822472645,64.17967184288351,4.3504078712996375,0.16787717257570622
2025-10-27,264.8800048828125,269.1199951171875,264.6499938964844,268.80999755859375,44888200,255.74749908447265,244.88619903564452,255.59751578033286,69.0270040790385,4.998708286344964,0.17343420375022545
2025-10-28,268.989990234375,269.8900146484375,268.1499938964844,269.0,41534800,256.465998840332,245.64839904785157,256.87394284887256,69.16952257404576,5.4648275152665065,-0.07470560191765319
2025-10-29,269.2799987792969,271.4100036621094,267.1099853515625,269.70001220703125,51086700,257.17849960327146,246.4311993408203,258.0954732639353,69.72228963760115,5.823584836318446,0.2299734198792338
2025-10-30,271.989990234375,274.1400146484375,268.4800109863281,271.3999938964844,69886500,257.8919990539551,247.33899932861328,259.3625704670352,71.07843729053778,6.173907945289102,0.36799793292579097
2025-10-31,276.989990234375,277.32000732421875,269.1600036621094,270.3699951171875,86167100,258.50949935913087,248.24839935302734,260.41089662419256,69.0601245868911,6.295854547469901,0.2329577243101315
2025-11-03,270.4200134277344,270.8500061035156,266.25,269.04998779296875,50194600,259.127498626709,249.07419921875,261.23366721169504,66.45572684881822,6.214349397417777,-0.41747372256928683
2025-11-04,268.3299865722656,271.489990234375,267.6199951171875,270.0400085449219,49274800,259.80549850463865,249.93179931640626,262.0723663862881,67.44728858788993,6.158649303972425,-0.01832468034410073
2025-11-05,268.6099853515625,271.70001220703125,266.92999267578125,270.1400146484375,43683100,260.40949935913085,250.7483996582031,262.8407138398261,67.55163106378342,6.0528032868359105,-0.11347991265312085
2025-11-06,267.8900146484375,273.3999938964844,267.8900146484375,269.7699890136719,51204000,261.1959991455078,251.53399932861328,263.5006448087638,66.69973218049681,5.87137996594322,0.1721695575634512
2025-11-07,269.79998779296875,272.2900085449219,266.7699890136719,268.4700012207031,48227400,262.3559989929199,252.25219940185548,263.9739168479961,63.66216589052932,5.558626144540426,-0.05813217717365826
2025-11-10,268.9599914550781,273.7300109863281,267.4599914550781,269.42999267578125,41312400,263.4444984436035,252.99799926757814,264.493543117309,64.93222141150903,5.326825447327508,-0.14338322198584208
2025-11-11,269.80999755859375,275.9100036621094,269.79998779296875,275.25,46208300,264.8184982299805,253.90859924316408,265.5179675823272,71.44769135380184,5.54878473950771,0.11850921273031823
2025-11-12,275.0,275.7300109863281,271.70001220703125,273.4700012207031,48398000,266.0249984741211,254.60859924316406,266.27530411931536,67.32755856924973,5.517456251106637,0.047387590541093205
2025-11-13,274.1099853515625,276.70001220703125,272.0899963378906,272.95001220703125,49602800,267.29999923706055,255.27199951171875,266.9109906038597,66.12787495779168,5.388553539717634,0.02489359064424157
2025-11-14,271.04998779296875,275.9599914550781,269.6000061035156,272.4100036621094,47431300,268.3059997558594,255.9263995361328,267.4347061332168,64.83582283465833,5.183075764650198,-0.043777770609723654
2025-11-17,268.82000732421875,270.489990234375,265.7300109863281,267.4599914550781,45018300,268.5669998168945,256.51799926757815,267.4371142591084,54.352371437973964,4.568149744710013,-0.05087357926095215
2025-11-18,269.989990234375,270.7099914550781,265.32000732421875,267.44000244140625,45677300,268.8005004882813,257.17979919433594,267.43738932408917,54.31417945038813,4.0327168477151645,0.01463849145791829
2025-11-19,265.5299987792969,272.2099914550781,265.5,268.55999755859375,40424500,269.3059997558594,258.0151992797852,267.544304394042,56.17245599471071,3.6566055919225846,-0.11499804060222474
2025-11-20,270.8299865722656,275.42999267578125,265.9200134277344,266.25,45823600,269.6395004272461,258.7395993041992,267.42103730889517,51.5180092720868,3.1359875026026884,0.13356009350764997
2025-11-21,265.95001220703125,273.3299865722656,265.6700134277344,271.489990234375,59030800,270.07299957275393,259.48799896240234,267.80855663513137,59.67957358643513,3.110363006845148,0.2882182979949197
2025-11-24,270.8999938964844,277.0,270.8999938964844,275.9200134277344,65585800,270.4285003662109,260.2723992919922,268.581076329665,65.03813016327479,3.4082332662564454,0.11104372632591808
2025-11-25,275.2699890136719,280.3800048828125,275.25,276.9700012207031,46914200,270.8270004272461,261.0487994384766,269.3800215573829,66.18520664411265,3.6865268459607705,-0.2846896736793635
2025-11-26,276.9599914550781,279.5299987792969,276.6300048828125,277.54998779296875,33431400,271.219499206543,261.81999908447267,270.15811357981966,66.8325404737569,3.908818159517125,-0.2873927297065707
2025-11-28,277.260009765625,279.0,275.989990234375,278.8500061035156,20135600,271.59199981689454,262.6393991088867,270.9859128677907,68.29751826449917,4.142138248648905,-0.3977039549644945
2025-12-01,278.010009765625,283.4200134277344,276.1400146484375,283.1000061035156,46587700,272.22850036621094,263.391399230957,272.1396360330979,72.56394797265537,4.6167663726279216,1.3136981267009675
2025-12-02,283.0,287.3999938964844,282.6300048828125,286.19000244140625,53669500,273.0855010986328,263.99359954833983,273.47776616722246,75.17934861792757,5.182508726088486,0.1520100799137969
2025-12-03,286.20001220703125,288.6199951171875,283.29998779296875,284.1499938964844,43538700,273.79100036621094,264.5879995727539,274.4941688081045,70.40742199800175,5.403958506827735,-0.18876270507457682
2025-12-04,284.1000061035156,284.7300109863281,278.5899963378906,280.70001220703125,43989100,274.3190002441406,265.15579986572266,275.08520151276423,63.11160533053269,5.240663260022359,0.010344819666181948
2025-12-05,280.5400085449219,281.1400146484375,278.04998779296875,278.7799987792969,47265800,274.7695007324219,265.5939999389648,275.43708696671973,59.42124017866728,4.8998392660390095,0.07448890747935288
2025-12-08,278.1300048828125,279.6700134277344,276.1499938964844,277.8900146484375,38211800,275.2405014038086,266.04260009765625,275.67069912688333,57.73597103911983,4.505977411128413,-0.19155499325093406
2025-12-09,278.1600036621094,280.0299987792969,276.9200134277344,277.17999267578125,32193300,275.6280014038086,266.49760009765623,275.8144413696355,56.362584874654736,4.089406086401027,-0.15750370304460926
2025-12-10,277.75,279.75,276.44000244140625,278.7799987792969,33038300,275.80450134277345,266.98059997558596,276.0968754086509,58.744169725886174,3.844065437548636,0.026247697502275402
2025-12-11,279.1000061035156,279.5899963378906,273.80999755859375,278.0299987792969,33248000,276.0325012207031,267.43220001220703,276.28098239633147,57.169124986291585,3.548210907108114,0.006347178880269366
2025-12-12,277.8999938964844,279.2200012207031,276.82000732421875,278.2799987792969,39532900,276.2990005493164,267.8551998901367,276.4713649089948,57.57743355288217,3.295923615086565,0.18903091915303172
2025-12-15,280.1499938964844,280.1499938964844,272.8399963378906,274.1099853515625,50409100,276.3839996337891,268.1769998168945,276.2464716178108,49.1592412212246,2.7280516044232286,0.2751176867874605
2025-12-16,272.82000732421875,275.5,271.7900085449219,274.6099853515625,37648600,276.74149932861326,268.5353994750977,276.09061578293,50.10128936706821,2.291934768667886,-0.25313881818957296
2025-12-17,275.010009765625,276.1600036621094,271.6400146484375,271.8399963378906,50138700,276.9614990234375,268.8425991821289,275.6857948834024,45.113994114015426,1.7031610897784049,0.33175470004196694
2025-12-18,273.6099853515625,273.6300048828125,266.95001220703125,272.19000244140625,51630700,277.14299926757815,269.12519927978514,275.352862269879,45.84752222900679,1.2503826420426094,0.029757452825861064
2025-12-19,272.1499938964844,274.6000061035156,269.8999938964844,273.6700134277344,144632000,277.51399993896484,269.5177996826172,275.1925909515795,48.95415243454575,0.9994558725886691,1.8012790839558637
2025-12-22,272.8599853515625,273.8800048828125,270.510009765625,270.9700012207031,36571800,277.4880004882813,270.031799621582,274.7904395486389,43.995486774974445,0.5760854256170092,-0.7471389457381492
2025-12-23,270.8399963378906,272.5,269.55999755859375,272.3599853515625,29642000,277.3099990844727,270.5257992553711,274.55896772034595,46.973308017214364,0.3487017818687832,-0.18948479429505793
2025-12-24,272.3399963378906,275.42999267578125,272.20001220703125,273.80999755859375,17910600,277.15199890136716,271.0465991210938,274.4876372287505,49.962265484414594,0.2822488834033834,-0.3957695162269752
2025-12-26,274.1600036621094,275.3699951171875,272.8599853515625,273.3999938964844,21521800,276.94449920654296,271.5277990722656,274.38405214948705,49.11916958523675,0.19426129038151885,0.20162361953256736
2025-12-29,272.69000244140625,274.3599853515625,272.3500061035156,273.760009765625,23715200,276.68999938964845,272.05399932861326,274.32461954150017,49.918326893326224,0.1518305527558823,0.10191526731035516
2025-12-30,272.80999755859375,274.0799865722656,272.2799987792969,273.0799865722656,22139600,276.1889984130859,272.46979919433596,274.20608306823976,48.37283617794816,0.0626099702141687,-0.06643840237484822
2025-12-31,273.05999755859375,273.67999267578125,271.75,271.8599853515625,27293600,275.4724975585938,272.6621990966797,273.98264519046097,45.64261327810887,-0.10532773422880837,0.23279553379464857
2026-01-02,272.260009765625,277.8399963378906,269.0,271.010009765625,37838100,274.8154983520508,272.8269995117187,273.6995370547623,43.7882901696109,-0.30350686297856555,0.38633599085499903
2026-01-05,270.6400146484375,271.510009765625,266.1400146484375,267.260009765625,45647200,274.1434982299805,273.0031994628906,273.0862487415111,36.70343305624174,-0.7544619426203667,0.20638192721093285
2026-01-06,267.0,267.54998779296875,262.1199951171875,262.3599853515625,52352100,273.32249755859374,273.05879943847657,272.06469984723026,29.89658123761859,-1.4900616085029128,0.1468852415920363
2026-01-07,263.20001220703125,263.67999267578125,259.80999755859375,260.3299865722656,48309800,272.44449615478516,273.0089990234375,270.9471081067574,27.611936432794963,-2.2113425985427853,-0.0772137125349317
2026-01-08,257.0199890136719,259.2900085449219,255.6999969482422,259.0400085449219,50419300,271.53749694824216,272.81359924316405,269.8130986246778,26.23970510279628,-2.8541525319685093,0.04366608845410247
2026-01-09,259.0799865722656,260.2099914550781,256.2200012207031,259.3699951171875,39997000,270.5669967651367,272.6209991455078,268.81851733825016,27.23590442051595,-3.298928878238428,-0.20671250890036152
2026-01-12,259.1600036621094,261.29998779296875,256.79998779296875,260.25,45263800,269.67799682617186,272.4319989013672,268.00246806794064,29.952889887460444,-3.5396059238012185,0.1316798759906994
2026-01-13,258.7200012207031,261.80999755859375,258.3900146484375,261.04998779296875,45730800,268.81649627685545,272.22499877929687,267.3403270893719,32.42319609117291,-3.6240164811557634,0.010317295498831314
2026-01-14,259.489990234375,261.82000732421875,256.7099914550781,259.9599914550781,40019400,268.10899658203124,272.0167987060547,266.6374379813439,30.827936430728215,-3.735802050411621,-0.12489175785247575
2026-01-15,260.6499938964844,261.0400085449219,257.04998779296875,258.2099914550781,39388600,267.288996887207,271.79999877929686,265.83482402646143,28.411027973571535,-3.920411233727066,-0.015762355257699978
2026-01-16,257.8999938964844,258.8999938964844,254.92999267578125,255.52999877929688,72142800,266.47349700927737,271.5097985839844,264.85341209816005,25.158104110501654,-4.234159596686311,0.8315654783363715
2026-01-20,252.72999572753903,254.7899932861328,243.4199981689453,246.6999969482422,80267500,265.19899673461913,271.04099822998046,263.1245154172155,17.8901425507091,-5.136108920608194,0.11261969316411347
2026-01-21,248.6999969482422,251.55999755859375,245.17999267578125,247.6499938964844,54641700,263.89799575805665,270.5985983276367,261.65075146286017,20.549504328976738,-5.7084499856945286,-0.31925499112343103
2026-01-22,249.1999969482422,251.0,248.1499938964844,248.3500061035156,39708300,262.7669960021973,270.19619842529295,260.38401380958925,22.540297023516246,-6.035970359367127,-0.2732967678531232
2026-01-23,247.32000732421875,249.41000366210935,244.67999267578125,248.0399932861328,41689000,261.5509963989258,269.7683984375,259.2083928073553,22.274109014349875,-6.248519020931866,0.04988125908185448
2026-01-26,251.47999572753903,256.55999755859375,249.8000030517578,255.41000366210935,55969200,260.63099670410156,269.37159851074216,258.84664146018906,40.3184836425411,-5.755916500473859,0.34254119791791604
2026-01-27,259.1700134277344,261.95001220703125,258.2099914550781,258.2699890136719,49648300,259.87449645996094,269.0675982666016,258.79172217956835,45.596639893114926,-5.076232885170157,-0.11293532871650835
2026-01-28,257.6499938964844,258.8599853515625,254.5099945068359,256.44000244140625,41288000,259.00849609375,268.7373980712891,258.56774887117194,42.97753623863373,-4.631850259170847,-0.16839045848498335
2026-01-29,258.0,259.6499938964844,254.41000366210935,258.2799987792969,67253000,258.26849670410155,268.4547979736328,258.5403441005172,46.31651956354455,-4.084122280118322,0.6288752179810115
2026-01-30,255.1699981689453,261.8999938964844,252.17999267578125,259.4800109863281,92443400,257.64949798583984,268.2951983642578,258.62983618488016,48.437119910698215,-3.5127204990448604,0.37456172958827105
2026-02-02,260.0299987792969,270.489990234375,259.2099914550781,270.010009765625,73913400,257.59949798583983,268.3465985107422,259.7136622401892,62.45300877387094,-2.1850101354787625,-0.20044697620381768
2026-02-03,269.20001220703125,271.8800048828125,267.6099853515625,269.4800109863281,64394700,257.710498046875,268.36499877929685,260.6437906922024,61.54619950606545,-1.1621599226517674,-0.12878179058195127
2026-02-04,272.2900085449219,278.95001220703125,272.2900085449219,276.489990234375,90545700,258.4169982910156,268.5697985839844,262.1529525533617,68.13621572575704,0.21166306071955887,0.40610485024388643
2026-02-05,278.1300048828125,279.5,273.2300109863281,275.9100036621094,52977400,259.1959991455078,268.65819885253904,263.46314789705195,67.11143806462744,1.2393412492119182,-0.4149098190195669
2026-02-06,277.1199951171875,280.9100036621094,276.92999267578125,278.1199951171875,50453400,260.1499984741211,268.70219848632814,264.85903810849345,69.02324859688562,2.20667429075246,-0.04764295718551681
2026-02-09,277.9100036621094,278.20001220703125,271.70001220703125,274.6199951171875,44623400,260.9124984741211,268.6551983642578,265.7886530617024,62.79733209040684,2.6602067387884745,-0.11555217289617747
2026-02-10,274.8900146484375,275.3699951171875,272.94000244140625,273.67999267578125,34376900,261.58399810791013,268.5777984619141,266.5402092154242,61.20068189582044,2.9102367327923844,-0.22962167831227565
2026-02-11,274.70001220703125,280.17999267578125,274.45001220703125,275.5,51931300,262.3064987182617,268.51079833984375,267.39352262347904,63.15406319348583,3.218149856718412,0.5106452297909352
2026-02-12,275.5899963378906,275.7200012207031,260.17999267578125,261.7300109863281,81077200,262.3949996948242,268.0833984375,266.854140562798,44.78339095869056,2.3242575982283142,0.5612395607273455
2026-02-13,262.010009765625,262.2300109863281,255.4499969482422,255.77999877929688,56290700,262.2735000610352,267.47519836425784,265.7994603929408,39.44419571223811,1.1227825461639895,-0.30571480021510367
2026-02-17,258.04998779296875,266.2900085449219,255.5399932861328,263.8800048828125,58469100,262.6910003662109,267.0697985839844,265.6166551062619,48.45383422914253,0.8148150287739213,0.03869911015496341
2026-02-18,263.6000061035156,266.82000732421875,262.45001220703125,264.3500061035156,34203300,263.5735008239746,266.74279846191405,265.4960218679051,48.92865229167913,0.6017372703190631,-0.4150192152778134
2026-02-19,262.6000061035156,264.4800109863281,260.04998779296875,260.5799865722656,30845300,264.22000045776366,266.37879821777346,265.0278280302251,45.32226957744981,0.1271963029932408,-0.09817766121982385
2026-02-20,258.9700012207031,264.75,258.1600036621094,264.5799865722656,42070500,265.0314994812012,266.11259765625,264.9851764628004,49.569473703588756,0.07304373539614062,0.36391930050931576
2026-02-23,263.489990234375,269.42999267578125,263.3800048828125,266.17999267578125,37308200,265.9384994506836,265.89259765625,265.09896848308426,51.20229400787377,0.15741991735524152,-0.1131980841682414
2026-02-24,267.8599853515625,274.8900146484375,267.7099914550781,272.1400146484375,47014600,266.775,265.7597979736328,265.769544308356,56.8117575225968,0.6971760016962776,0.26016800596115597
2026-02-25,271.7799987792969,274.94000244140625,271.04998779296875,274.2300109863281,33714300,267.5730010986328,265.6837982177734,266.5753030395914,58.60861736564333,1.2788401516904173,-0.2828972276697026
2026-02-26,274.95001220703125,276.1099853515625,270.79998779296875,272.95001220703125,32345100,268.39850158691405,265.57719848632814,267.1824181983952,57.043301318306355,1.6178780856542971,-0.040611847198369855
2026-02-27,272.80999755859375,272.80999755859375,262.8900146484375,264.17999267578125,72366500,268.6935012817383,265.3785986328125,266.8964729105272,47.65251286590257,1.1654660418436151,1.237324973489029
2026-03-02,262.4100036621094,266.5299987792969,260.20001220703125,264.7200012207031,41827900,268.955500793457,265.1807989501953,266.6891898924487,48.217791704141696,0.8408081017936979,-0.4219991294314358
2026-03-03,263.4800109863281,265.55999755859375,260.1300048828125,263.75,38568900,268.64250030517576,265.0189990234375,266.40926704554886,47.2311671966049,0.4994855943846801,-0.07791450204289485
2026-03-04,264.6499938964844,266.1499938964844,261.4200134277344,262.5199890136719,39803100,268.294499206543,264.82559875488283,266.03885961394155,45.947283121285935,0.12825499742683633,0.03199987554739692
2026-03-05,260.7900085449219,261.55999755859375,257.25,260.2900085449219,49658600,267.4845001220703,264.55799865722656,265.4913499883206,43.631620784462626,-0.341946960630537,0.24760634221957578
2026-03-06,258.6300048828125,258.7699890136719,254.3699951171875,257.4599914550781,41120000,266.56199951171874,264.28779846191406,264.7264586994404,40.81997375518689,-0.9321983256985504,-0.17194604761310228
2026-03-09,255.69000244140625,261.1499938964844,253.67999267578125,259.8800048828125,38218500,265.65,264.03819885253904,264.26489166928536,44.13518508645217,-1.1909731294431367,-0.07056177042801559
2026-03-10,257.6499938964844,262.4800109863281,256.95001220703125,260.8299865722656,30590800,264.9604995727539,263.7785986328125,263.93775785052156,45.42756889425865,-1.3043625630821225,-0.19958135457958837
2026-03-11,261.0899963378906,262.1300048828125,259.54998779296875,260.80999755859375,26218900,264.3169998168945,263.5267987060547,263.639875917957,45.40376731098786,-1.3799304730001154,-0.14291551708356764
2026-03-12,258.6600036621094,258.95001220703125,254.17999267578125,255.7599945068359,40794000,263.32999954223635,263.1667984008789,262.8894110216597,39.738929569562536,-1.8262596433268072,0.555900514514339
2026-03-13,255.47999572753903,256.3299865722656,249.52000427246097,250.1199951171875,36930000,262.7494987487793,262.70759857177734,261.67327617361474,34.55375964531507,-2.6050501452546655,-0.09471981173702015
2026-03-16,252.11000061035156,253.88999938964844,249.8800048828125,252.82000732421875,32074200,262.6014991760254,262.3267990112305,260.8301077117675,38.67880557369749,-2.9701408736087274,-0.1314865962632007
2026-03-17,252.9600067138672,255.1300048828125,252.17999267578125,254.22999572753903,32361600,262.1189987182617,261.99119873046874,260.20152561803144,40.778041953722656,-3.1098551514148767,0.008960472903455141
2026-03-18,252.6300048828125,254.94000244140625,249.0,249.94000244140625,35757900,261.39849853515625,261.64479858398437,259.2242376964481,36.66529765702626,-3.526099646579439,0.10494845743102932
2026-03-19,249.3999938964844,251.8300018310547,247.3000030517578,248.9600067138672,34864100,260.8174995422363,261.37679901123045,258.24669188858326,35.777592571883446,-3.8902099541436144,-0.024995875037404303
2026-03-20,247.97999572753903,249.1999969482422,246.0,247.9900054931641,88331100,259.9880004882813,261.12999938964845,257.26986461282905,34.877491020778095,-4.208527700420717,1.5335832561287974
2026-03-23,253.97000122070312,254.6000061035156,250.27999877929688,251.4900054931641,40546100,259.2535011291504,260.97899932861327,256.7194018395276,40.67691148089698,-4.1307592372426996,-0.5409759416558834
2026-03-24,250.3500061035156,254.8300018310547,249.5500030517578,251.63999938964844,45152300,258.22850036621094,260.8243994140625,256.23564922525344,40.9197324297654,-4.010790025207143,0.11360402110190626
2026-03-25,254.1000061035156,255.0,251.6000061035156,252.6199951171875,28476700,257.1479995727539,260.67179931640624,255.89130121496143,42.57363160091186,-3.792913746626766,-0.3693189494222886
2026-03-26,252.1199951171875,257.0,250.77000427246097,252.88999938964844,41796700,256.14499893188474,260.5085995483398,255.605462945884,43.046692079636564,-3.5574500679230425,0.4677508278698024
2026-03-27,253.8999938964844,255.4900054931641,248.07000732421875,248.8000030517578,47900000,255.3759994506836,260.28539978027345,254.95732390834817,37.94725077062258,-3.658696750389481,0.14602348989274283
2026-03-30,250.07000732421875,250.8699951171875,245.5099945068359,246.6300048828125,39446200,254.47149963378905,260.0538000488281,254.1642459059162,35.54155673343821,-3.8694317914355736,-0.17648851774530272
2026-03-31,247.91000366210935,255.47999572753903,247.1000061035156,253.7899932861328,49598100,253.9734992980957,260.01899993896484,254.12860279927017,47.39233194831573,-3.4192743379568356,0.2573606583143624
2026-04-01,254.0800018310547,256.17999267578125,253.3300018310547,255.6300048828125,40059400,253.62900009155274,260.1976000976563,254.27159347389326,49.939485805017185,-2.8808392332117876,-0.19231986709168292
2026-04-02,254.1999969482422,256.1300048828125,250.6499938964844,255.9199981689453,31289400,253.4104995727539,260.36300018310544,254.42858439723156,50.34752240310663,-2.4030249233842937,-0.218924896528655
2026-04-06,256.510009765625,262.1600036621094,256.4599914550781,258.8599853515625,29329900,253.48049926757812,260.5731997680664,254.85062258335833,54.40506072847641,-1.7667551911638384,-0.06262504234660937
2026-04-07,256.1600036621094,256.20001220703125,245.6999969482422,253.5,62148000,253.1614990234375,260.6823999023438,254.72199186113372,46.88295351709388,-1.675696480960056,1.118929829286837
2026-04-08,258.45001220703125,259.75,256.5299987792969,258.8999938964844,41032800,253.06499938964845,260.75219970703125,255.1198968168814,53.81158729678482,-1.154489186568469,-0.33975670978953465
2026-04-09,259.0,261.1199951171875,256.07000732421875,260.489990234375,28121600,253.0489990234375,260.7965997314453,255.63133428521414,55.646149960030186,-0.6061420066115204,-0.3146555925990915
2026-04-10,259.9800109863281,262.19000244140625,259.0199890136719,260.4800109863281,31291500,253.2849998474121,260.87739990234377,256.0931130186536,55.63121498726552,-0.17041373433431772,0.11272118229403727
2026-04-13,259.7300109863281,260.17999267578125,256.6600036621094,259.20001220703125,36234700,253.7390007019043,260.89580017089844,256.3890081794515,53.64249029679959,0.07080268729890804,0.15797261237077165
2026-04-14,259.25,261.92999267578125,257.19000244140625,258.8299865722656,48370700,254.03949966430665,260.8827996826172,256.62148231210045,53.05206446584597,0.22946532953966425,0.3349275694293039
2026-04-15,258.1600036621094,266.55999755859375,257.80999755859375,266.42999267578125,49913500,254.64949951171874,260.81119934082034,257.55562615626053,62.24403809113436,0.9574269711250736,0.03189534160142404
2026-04-16,266.79998779296875,267.1600036621094,261.2699890136719,263.3999938964844,43323100,255.32249908447267,260.6895989990234,258.11223260771044,57.4173564027594,1.2751471356014008,-0.1320364230118104
2026-04-17,266.9599914550781,272.29998779296875,266.7200012207031,270.2300109863281,61436200,256.3859992980957,260.5643994140625,259.26630673900735,64.16330293480995,2.0543862672372484,0.41809334973720724
2026-04-20,270.3299865722656,274.2799987792969,270.2900085449219,273.04998779296875,36590200,257.6389984130859,260.5071990966797,260.57903826795604,66.5215233402029,2.8664448618721394,-0.404419544177537
2026-04-21,271.5,272.79998779296875,265.3999938964844,266.1700134277344,50209800,258.3729988098145,260.2681994628906,261.11151209269684,56.71566888648982,2.9211772033266925,0.37221988401265915
2026-04-22,267.82000732421875,273.739990234375,266.8699951171875,273.1700134277344,43249200,259.4494995117187,260.23919982910155,262.25994079127184,62.73466651497016,3.4891734571349957,-0.13863030723085934
2026-04-23,275.04998779296875,275.7699890136719,271.6499938964844,273.42999267578125,33399600,260.48999938964846,260.23419982910156,263.32375525646324,62.94078408540658,3.9151611919328957,-0.22774062872839262
2026-04-24,272.760009765625,273.05999755859375,269.6499938964844,271.05999755859375,38157100,261.3984992980957,260.14539978027346,264.0605402376185,59.69909611335761,4.015235605096507,0.1424418256506066
2026-04-27,266.0899963378906,268.3599853515625,265.07000732421875,267.6099853515625,41466800,262.33899841308596,260.26299926757815,264.3985826294227,55.23901411312469,3.7726691646484483,0.08673877207649427
2026-04-28,272.3399963378906,273.2300109863281,268.6600036621094,270.7099914550781,40018900,263.5429977416992,260.56159912109376,264.99966918424707,58.25679354476697,3.7869247860633664,-0.03491709029874501
2026-04-29,267.54998779296875,271.0400085449219,267.0400085449219,270.1700134277344,30047900,264.3619987487793,260.68739929199216,265.49208292172204,57.52922387207403,3.7118627119301095,-0.24915727318841852
2026-04-30,270.5,276.0,268.1400146484375,271.3500061035156,91848200,265.14799880981445,260.8273992919922,266.04998036760713,58.74184660035045,3.704883434686508,2.0567260940032415
2026-05-01,278.8599853515625,287.2200012207031,278.3699951171875,280.1400146484375,79915400,266.35899963378904,261.2185998535156,267.39188839435286,66.4308567298838,4.358391708980207,-0.129918713703698
2026-05-04,279.6600036621094,280.6300048828125,274.8599853515625,276.8299865722656,46668400,267.2574996948242,261.46359985351563,268.2907548874874,61.763014236317304,4.556683510866321,-0.41602744902734645
2026-05-05,276.92999267578125,284.57000732421875,276.5,284.17999267578125,49311700,268.79149932861327,261.82359985351565,269.8040156292297,67.26369784865541,5.246437591702943,0.05664003908426252
2026-05-06,281.9200134277344,288.0299987792969,281.07000732421875,287.510009765625,58336100,270.2220001220703,262.13099975585936,271.49030078507684,69.41076246368236,5.992697136941899,0.18300727819158547
2026-05-07,289.2699890136719,292.1300048828125,285.7799987792969,287.44000244140625,45224300,271.5695007324219,262.39519958496095,273.00931999044155,69.30784724452892,6.503495944106703,-0.22476305409514863
2026-05-08,290.010009765625,294.760009765625,290.0,293.32000732421875,52692800,273.2115005493164,262.8025994873047,274.943671165087,72.93731219762934,7.298640744427587,0.1651435179759555
2026-05-11,291.9800109863281,293.8800048828125,290.2300109863281,292.67999267578125,42247300,274.88549957275393,263.3725994873047,276.63284464229594,71.94010991521192,7.787386747146343,-0.19823391431087356
2026-05-12,292.55999755859375,295.2699890136719,292.55999755859375,294.79998779296875,45748100,276.6839996337891,263.97419921875,278.3630487518838,73.24498327716171,8.250678676036102,0.08286446707836959
2026-05-13,293.5,300.9200134277344,293.5,298.8699951171875,52684300,278.3059997558594,264.6765991210938,280.3160912628651,75.59172108769937,8.84430480372464,0.1516172256334143
2026-05-14,299.82000732421875,300.45001220703125,295.3800048828125,298.2099914550781,35324900,280.04649963378904,265.39039916992186,282.020272233552,74.45129423785637,9.155956836090411,-0.3294985413111686
2026-05-15,297.8999938964844,303.20001220703125,296.5199890136719,300.2300109863281,54862800,281.54649963378904,266.18919921875,283.75453306714974,75.66155760406181,9.456928427062564,0.5530914454110274
2026-05-18,300.239990234375,300.6600036621094,294.9100036621094,297.8399963378906,34483000,282.78600006103517,266.9967993164062,285.09600575960127,71.35467444894671,9.394304676785737,-0.37146846314807114
2026-05-19,296.9700012207031,300.510009765625,296.3500061035156,298.9700012207031,42243600,284.4259994506836,267.7785992431641,286.4173386606586,72.16153329373176,9.328325721473732,0.2250558246092278
2026-05-20,298.17999267578125,302.79998779296875,298.0799865722656,302.25,38229800,285.8799987792969,268.60699951171875,287.92521116916726,74.41431397539003,9.431979425814518,-0.0950155763239875
2026-05-21,301.05999755859375,305.5400085449219,300.3999938964844,304.989990234375,42965100,287.45799865722654,269.4905993652344,289.5504282229966,76.15056201120997,9.624277367560865,0.12386410601154063
2026-05-22,306.1199951171875,311.3999938964844,305.8399963378906,308.82000732421875,43670200,289.3459991455078,270.551799621582,291.38562623263675,78.3610458694229,9.970788202391702,0.016410994039348203
2026-05-26,309.55999755859375,311.82000732421875,307.6700134277344,308.3299865722656,48000500,291.38199920654296,271.71599945068357,292.99937483641094,77.37295513502431,10.089553859697162,0.09915915200754744
2026-05-27,308.3299865722656,313.260009765625,308.29998779296875,310.8500061035156,50430900,293.38899993896484,272.87659942626954,294.6994349570876,78.84995996187695,10.268650404412881,0.05063280590827168
2026-05-28,310.67999267578125,312.79998779296875,309.57000732421875,312.510009765625,48220400,295.50599975585936,274.0421997070313,296.3956801769483,79.78600357416732,10.4243684976272,-0.04383225363814647
2026-05-29,311.7799987792969,315.0,309.5299987792969,312.05999755859375,70026800,297.54149932861327,275.284599609375,297.8875199275812,78.7682653098836,10.39167522083676,0.45222354024437794
2026-06-01,309.6300048828125,310.94000244140625,305.0199890136719,306.30999755859375,48849900,298.8499984741211,276.43159942626954,298.6896606543443,67.00691356211081,9.788947722259195,-0.3024113625069259
2026-06-02,307.4599914550781,315.45001220703125,306.69000244140625,315.20001220703125,44534700,300.76849975585935,277.7757995605469,300.26207508793357,73.5762284398113,9.914345321001065,-0.08833590242764056
2026-06-03,314.17999267578125,316.94000244140625,308.8500061035156,310.260009765625,50836700,302.07250061035154,278.9511996459961,301.2142593429518,65.74275453854747,9.505533041829096,0.1415076333735268
2026-06-04,313.2300109863281,313.5400085449219,309.6499938964844,311.2300109863281,44869100,303.25850067138674,280.1429998779297,302.16814045184475,66.49703001496388,9.154292372997418,-0.11738763531071061
2026-06-05,312.8599853515625,315.1700134277344,307.1499938964844,307.3399963378906,65310500,304.2535003662109,281.2373999023437,302.6606981552777,60.72281339292541,8.46446683574112,0.45557856074670533
2026-06-08,308.739990234375,317.3999938964844,301.1700134277344,301.5400085449219,77949100,304.6645004272461,282.21040008544924,302.5539658114343,53.29234515524703,7.364866983058619,0.19351559090804704
2026-06-09,300.2799987792969,300.75,287.7799987792969,290.54998779296875,70108800,304.5580001831055,283.04539978027344,301.4107298096757,42.644074000747544,5.542730206777662,-0.10058230306700144
2026-06-10,290.739990234375,294.75,287.3800048828125,291.5799865722656,52793300,304.3970001220703,283.9443994140625,300.47446854897,43.77789437649025,4.134130296566639,-0.24698040759505224
2026-06-11,293.7200012207031,297.0,289.5899963378906,295.6300048828125,42572500,304.23500061035156,284.7811996459961,300.013091056955,48.12065052144339,3.3064921660852065,-0.19360032428357388
2026-06-12,296.0299987792969,297.1400146484375,289.6199951171875,291.1300048828125,38742100,303.8810012817383,285.4911996459961,299.1670828498938,44.0493080314695,2.261402551991921,-0.08997357449057486
2026-06-15,294.1199951171875,297.7799987792969,291.70001220703125,296.4200134277344,45732600,303.6905014038086,286.3011999511719,298.9054571906405,49.462443895592976,1.8388241621748307,0.18043678582214184
2026-06-16,295.25,300.4800109863281,293.9700012207031,299.239990234375,39874400,303.7605010986328,287.10880004882813,298.93731748052,52.12167603385497,1.7117443808003259,-0.12809680621700936
2026-06-17,300.8500061035156,302.07000732421875,294.3599853515625,295.95001220703125,42745100,303.60950164794923,287.9578002929687,298.6528122163782,48.88953665797737,1.3302250014076549,0.07199355977770194
2026-06-18,298.1099853515625,300.57000732421875,295.6199951171875,298.010009765625,85962200,303.39750213623046,288.74000061035156,298.5915929353541,50.94093212487922,1.1804848370259151,1.0110422013283396
2026-06-22,297.5,302.4200134277344,296.760009765625,297.010009765625,40202659,302.99850311279295,289.47040100097655,298.44096596680845,49.894029873260095,0.9699421459914674,-0.5323216599854355
