Date,Open,High,Low,Close,Volume,SMA20,SMA50,EMA20,RSI,MACD,VolumeChange
2015-03-16,41.470001220703125,41.63999938964844,41.279998779296875,41.560001373291016,35273500,43.056000328063966,43.905599975585936,42.67540452125232,36.65314386479403,-0.6265767914031386,-0.39191693516550385
2015-03-17,41.369998931884766,41.83000183105469,41.150001525878906,41.70000076293945,31673400,42.9620002746582,43.804400024414065,42.58250892522252,38.31248761121045,-0.6268317259588372,-0.10206245481735576
2015-03-18,41.43000030517578,42.83000183105469,41.33000183105469,42.5,44194800,42.91050033569336,43.72779998779297,42.574650932344184,46.875970258153586,-0.5560704765607909,0.39532857224042894
2015-03-19,42.2599983215332,42.59000015258789,42.220001220703125,42.290000915527344,33879100,42.85000038146973,43.66059997558594,42.54754140693306,45.1058665677198,-0.5110458294796771,-0.23341433833844705
2015-03-20,42.560001373291016,42.97999954223633,42.4900016784668,42.880001068115234,71904500,42.80100040435791,43.593600006103514,42.57920423180755,50.734590405141354,-0.42288068549765967,1.1223851873278807
2015-03-23,42.880001068115234,43.130001068115234,42.779998779296875,42.86000061035156,26246100,42.736500358581544,43.49900001525879,42.60594674404984,50.54538305863481,-0.35058175524221724,-0.6349866837263314
2015-03-24,42.779998779296875,43.16999816894531,42.75,42.900001525878906,25513300,42.67700042724609,43.41320007324219,42.63395196136689,50.93945983433288,-0.28675110431348827,-0.027920338640788578
2015-03-25,42.91999816894531,42.93000030517578,41.439998626708984,41.459999084472656,43469900,42.550500297546385,43.31040008544922,42.5221469254722,38.917042325070796,-0.3483455058426159,0.7038133052172788
2015-03-26,41.220001220703125,41.61000061035156,40.91999816894531,41.209999084472656,37495600,42.40800018310547,43.20740005493164,42.39718046442462,37.272346213442795,-0.41257649842705746,-0.13743532881373088
2015-03-27,41.119998931884766,41.43000030517578,40.83000183105469,40.970001220703125,34401400,42.26400032043457,43.10760009765625,42.261258631689245,35.712030667287735,-0.4773433279215311,-0.0825216825440852
2015-03-30,41.099998474121094,41.540000915527344,40.90999984741211,40.959999084472656,35049700,42.118000221252444,43.01720008850098,42.13732915100195,35.64505838375486,-0.5234446516074129,0.018845163278238708
2015-03-31,40.779998779296875,41.029998779296875,40.540000915527344,40.65999984741211,34887200,41.9870002746582,42.90560005187988,41.99663112208863,33.60918567985068,-0.5775303041569444,-0.004636273634296417
2015-04-01,40.599998474121094,40.7599983215332,40.310001373291016,40.720001220703125,36865300,41.87000026702881,42.79220008850098,41.87504732195668,34.416002414848705,-0.6085371268986677,0.056699878465454434
2015-04-02,40.65999984741211,40.7400016784668,40.119998931884766,40.290000915527344,37487500,41.7290002822876,42.679600143432616,41.72409052134436,31.464892338294874,-0.6601973442528006,0.016877660021754837
2015-04-06,40.34000015258789,41.779998779296875,40.18000030517578,41.54999923706055,39223700,41.688500213623044,42.568000106811525,41.70751039903161,46.060383810791066,-0.5926355704421056,0.04631410470156716
2015-04-07,41.61000061035156,41.90999984741211,41.310001373291016,41.529998779296875,28809400,41.62250022888183,42.45500007629394,41.690604530485444,45.893309509381396,-0.5345443531705172,-0.2655103929512004
2015-04-08,41.459999084472656,41.689998626708984,41.040000915527344,41.41999816894531,24753400,41.59200019836426,42.34320007324219,41.66483249605305,44.9280599555835,-0.49171459512913174,-0.14078738189618667
2015-04-09,41.25,41.619998931884766,41.25,41.47999954223633,25723900,41.567000198364255,42.31960006713867,41.64722935759431,45.60016719950952,-0.4477684974253009,0.03920673523637164
2015-04-10,41.630001068115234,41.95000076293945,41.40999984741211,41.720001220703125,28022000,41.60200023651123,42.330200119018556,41.65416001122372,48.31718291282418,-0.3890895861565724,0.08933715338653947
2015-04-13,41.400001525878906,42.060001373291016,41.38999938964844,41.7599983215332,30276700,41.621000099182126,42.325200119018554,41.66423985030082,48.77634295127295,-0.3354913589008177,0.0804617800299765
2015-04-14,41.79999923706055,42.029998779296875,41.38999938964844,41.650001525878906,24244400,41.62550010681152,42.35020011901855,41.66288381940349,47.52584227075059,-0.2984498556170152,-0.19923901878342087
2015-04-15,41.7599983215332,42.459999084472656,41.68000030517578,42.2599983215332,27343600,41.65349998474121,42.369800109863284,41.71975186722537,54.493409919660785,-0.21736688381121638,0.12783158172608933
2015-04-16,41.95000076293945,42.34000015258789,41.81999969482422,42.15999984741211,22509700,41.63649997711182,42.3810001373291,41.76168024629077,53.24525882209947,-0.15934030971877178,-0.17678359835573954
2015-04-17,41.66999816894531,41.7400016784668,41.15999984741211,41.619998931884766,42387600,41.60299987792969,42.37660011291504,41.748186787775914,46.98657803410078,-0.1551390462443223,0.8830815159686713
2015-04-20,41.72999954223633,43.16999816894531,41.68000030517578,42.90999984741211,46057700,41.60449981689453,42.38580009460449,41.85883565059841,59.29559729730049,-0.047173435773615324,0.08658428408308083
2015-04-21,43.0,43.150001525878906,42.529998779296875,42.63999938964844,26013800,41.593499755859376,42.390400085449215,41.933232197174604,56.34666375631914,0.016414096434807846,-0.4351910755422004
2015-04-22,42.66999816894531,43.130001068115234,42.54999923706055,42.9900016784668,25064300,41.59799976348877,42.403000106811525,42.033876909678625,59.18066190626456,0.09396674332509036,-0.03649985776780018
2015-04-23,42.88999938964844,43.61000061035156,42.79999923706055,43.34000015258789,46309500,41.69199981689453,42.41780014038086,42.15826959947951,61.84800754134338,0.18157662422798637,0.8476279010385288
2015-04-24,45.65999984741211,48.13999938964844,45.650001525878906,47.869998931884766,130933700,42.02499980926514,42.52760009765625,42.702243821613344,80.03364969349309,0.6095150190191561,1.8273615564840906
2015-04-27,47.22999954223633,48.130001068115234,47.220001220703125,48.029998779296875,59248200,42.37799968719482,42.62640007019043,43.20964905567844,80.3892095187338,0.9506118686460283,-0.5474946480547025
2015-04-28,47.779998779296875,49.209999084472656,47.70000076293945,49.15999984741211,60730800,42.7879997253418,42.732200088500974,43.776349131081645,82.72851835780072,1.2971623418085159,0.02502354501908921
2015-04-29,48.720001220703125,49.310001373291016,48.5,49.060001373291016,47804600,43.207999801635744,42.8418000793457,44.279554106530156,81.79861542560265,1.5459166821989925,-0.21284422401812586
2015-04-30,48.70000076293945,49.540000915527344,48.599998474121094,48.63999938964844,64725500,43.60399971008301,42.94400009155274,44.69483460968428,77.84100139579758,1.6896879680582373,0.3539596607857822
2015-05-01,48.58000183105469,48.880001068115234,48.400001525878906,48.65999984741211,38937300,44.02249965667725,43.04720008850098,45.072469394229785,77.89584609484851,1.7846690636606368,-0.3984241141435756
2015-05-04,48.369998931884766,48.869998931884766,48.18000030517578,48.2400016784668,34039500,44.35699977874756,43.13480010986328,45.37413913558569,73.76690907403692,1.8052422155282954,-0.12578684192278355
2015-05-05,47.81999969482422,48.15999984741211,47.310001373291016,47.599998474121094,50369200,44.66049976348877,43.20380004882813,45.586125739255735,67.86379048926318,1.7497338342742026,0.47972796310169064
2015-05-06,47.56999969482422,47.77000045776367,46.02000045776367,46.279998779296875,52433000,44.90349979400635,43.2476000213623,45.65220888592632,57.62182523891954,1.5810052541116661,0.04097345203020897
2015-05-07,46.27000045776367,47.09000015258789,46.15999984741211,46.70000076293945,32971700,45.164499855041505,43.30180000305176,45.751998588499,59.70560592494493,1.464297775424619,-0.3711651059447295
2015-05-08,47.54999923706055,47.97999954223633,47.52000045776367,47.75,35364900,45.46599979400635,43.375599975585935,45.94228443721338,64.41628361361326,1.4399337608863263,0.07258345793513832
2015-05-11,47.54999923706055,47.90999984741211,47.369998931884766,47.369998931884766,24609400,45.74649982452392,43.44599998474121,46.078257246229704,61.60914128130971,1.3741221684395981,-0.30412923548490167
2015-05-12,46.849998474121094,47.68000030517578,46.41999816894531,47.349998474121094,29928300,46.03149967193603,43.51539993286133,46.19937545840984,61.45733759698953,1.3053053894823563,0.2161328598015393
2015-05-13,48.189998626708984,48.31999969482422,47.56999969482422,47.630001068115234,34184600,46.29999980926514,43.60239997863769,46.33562551647702,62.83786372479786,1.2588502238432255,0.14221656425523665
2015-05-14,48.029998779296875,48.81999969482422,48.029998779296875,48.720001220703125,32980900,46.62799987792969,43.71559997558594,46.56270891687951,67.6895733421136,1.2950594341746466,-0.03521176202149501
2015-05-15,48.869998931884766,48.90999984741211,48.04999923706055,48.29999923706055,28642700,46.96199989318848,43.819399948120115,46.72816513784913,64.21090985942052,1.2751655297941582,-0.13153673793013532
2015-05-18,47.97999954223633,48.220001220703125,47.61000061035156,48.0099983215332,24136500,47.21699981689453,43.93239990234375,46.85024448867619,61.847466145862015,1.2219133603964991,-0.15732455390029576
2015-05-19,47.560001373291016,47.810001373291016,47.18000030517578,47.58000183105469,28574800,47.46399993896485,44.026999969482425,46.91974518795033,58.414217713894615,1.1319649223357047,0.18388333022600634
2015-05-20,47.38999938964844,47.93000030517578,47.27000045776367,47.58000183105469,25047900,47.69349994659424,44.13800003051758,46.982626773007894,58.41421771389461,1.0485926141987747,-0.12342693562159668
2015-05-21,47.279998779296875,47.599998474121094,47.0099983215332,47.41999816894531,22410700,47.89749984741211,44.24680000305176,47.0242811916686,57.04757532260572,0.9585588314822147,-0.10528627150379877
2015-05-22,47.29999923706055,47.349998474121094,46.81999969482422,46.900001525878906,25720600,47.848999977111816,44.36440002441406,47.01244503302196,52.72991296019085,0.8356145819698426,0.14769284315081643
2015-05-26,46.83000183105469,46.880001068115234,46.189998626708984,46.59000015258789,29581900,47.77700004577637,44.468600006103514,46.97221218726634,50.28642603763808,0.7050386121808714,0.15012480268734008
2015-05-27,46.81999969482422,47.77000045776367,46.619998931884766,47.61000061035156,27335600,47.69950008392334,44.589599990844725,47.03295394184588,57.298098371085594,0.6760684317725847,-0.07593494670727707
2015-05-28,47.5,48.02000045776367,47.38999938964844,47.45000076293945,19283700,47.61900005340576,44.70459999084473,47.07267268671194,55.96468569118817,0.6329029928355254,-0.2945572806157538
2015-05-29,47.43000030517578,47.56999969482422,46.59000015258789,46.86000061035156,36519600,47.53000011444092,44.791800003051755,47.05241820324905,51.2302513549679,0.5448058077885349,0.8938066864761431
2015-06-01,47.060001373291016,47.77000045776367,46.619998931884766,47.22999954223633,28837300,47.45850009918213,44.890599975585936,47.06933071172403,53.86602398395392,0.49909076782756046,-0.21036101162115683
2015-06-02,46.93000030517578,47.349998474121094,46.619998931884766,46.91999816894531,21498300,47.392499923706055,44.97139991760254,47.05510856479272,51.36140233492651,0.4328570427200731,-0.2544967802117396
2015-06-03,47.369998931884766,47.7400016784668,46.81999969482422,46.849998474121094,28002200,47.35499992370605,45.05119987487793,47.03557427044304,50.78715589022272,0.3704476580177456,0.30253089779191833
2015-06-04,46.790000915527344,47.15999984741211,46.20000076293945,46.36000061035156,27745500,47.359000015258786,45.12039985656738,46.971233921862904,46.83935641753211,0.27824164203267543,-0.00916713686781756
2015-06-05,46.310001373291016,46.52000045776367,45.84000015258789,46.13999938964844,25438100,47.33099994659424,45.213999862670896,46.89206872831867,45.14266081950006,0.18527966156626263,-0.08316303544718961
2015-06-08,46.29999923706055,46.43000030517578,45.66999816894531,45.72999954223633,22121600,47.22999992370605,45.30439987182617,46.7813954725013,42.083198935531804,0.07762821141791676,-0.1303753031869519
2015-06-09,45.7599983215332,45.939998626708984,45.459999084472656,45.650001525878906,24406100,47.14400005340576,45.397999877929685,46.673643668061075,41.49231019348126,-0.0139803529538014,0.10327010704469841
2015-06-10,45.790000915527344,46.83000183105469,45.689998626708984,46.61000061035156,28417400,47.10700016021728,45.51099990844727,46.66758242446969,50.47835039879506,-0.009013000888764111,0.16435645187063885
2015-06-11,46.65999984741211,46.91999816894531,46.130001068115234,46.439998626708984,27347800,47.04750003814697,45.626599884033205,46.64590777706391,49.041900276977195,-0.01857990037752444,-0.03763891137120212
2015-06-12,46.220001220703125,46.470001220703125,45.900001525878906,45.970001220703125,23931000,46.910000038146975,45.7315998840332,46.58153572407717,45.21136739946666,-0.06335626825804752,-0.12493875192885717
2015-06-15,45.45000076293945,45.650001525878906,45.02000045776367,45.47999954223633,33254500,46.76900005340576,45.835399856567385,46.476627516282804,41.566188117755665,-0.13680391239245893,0.38959926455225435
2015-06-16,45.349998474121094,46.2400016784668,45.29999923706055,45.83000183105469,27070300,46.660000228881835,45.920999908447264,46.415044117689646,44.97859587255014,-0.16486893347644838,-0.18596580913861283
2015-06-17,45.72999954223633,46.06999969482422,45.36000061035156,45.970001220703125,28704100,46.57950019836426,46.00979995727539,46.37265907988141,46.32873485278914,-0.17381030713466572,0.06035396726301512
2015-06-18,46.220001220703125,46.79999923706055,46.16999816894531,46.720001220703125,32658300,46.53650016784668,46.115800018310544,46.40573928376919,52.98462997078764,-0.11900585279698106,0.13775732386662543
2015-06-19,46.790000915527344,46.83000183105469,45.9900016784668,46.099998474121094,63837000,46.47050018310547,46.208199996948245,46.376621111421755,47.71656805426669,-0.12417060650138012,0.9546945186981564
2015-06-22,46.33000183105469,46.720001220703125,46.15999984741211,46.22999954223633,20318100,46.43700008392334,46.298399963378905,46.36265715245172,48.86461716685874,-0.1164315607335169,-0.6817190657455707
2015-06-23,46.130001068115234,46.279998779296875,45.619998931884766,45.90999984741211,25896500,46.403000068664554,46.38139999389649,46.31954693292413,46.176754282978436,-0.1345683915767637,0.274553230863122
2015-06-24,45.66999816894531,46.25,45.54999923706055,45.63999938964844,34890900,46.30450000762939,46.46119995117188,46.25482811927883,43.97862189365034,-0.16878311446271965,0.34732106655339523
2015-06-25,46.029998779296875,46.060001373291016,45.5,45.650001525878906,20616000,46.21450004577637,46.52900001525879,46.19722558657407,44.08480934577867,-0.19286817577705762,-0.4091296011280878
2015-06-26,45.650001525878906,46.279998779296875,45.029998779296875,45.2599983215332,49835300,46.13449993133545,46.59099998474121,46.107965847046366,40.83462442471577,-0.24065167685972,1.4173117966627862
2015-06-29,45.040000915527344,45.22999954223633,44.36000061035156,44.369998931884766,34081700,45.99149990081787,46.64599998474121,45.942445188459544,34.57085891864412,-0.3463435258638512,-0.31611327713488235
2015-06-30,44.709999084472656,44.720001220703125,43.939998626708984,44.150001525878906,35945400,45.85300006866455,46.670800018310544,45.77173626821377,33.2145823590554,-0.4427532459232353,0.05468330511682229
2015-07-01,44.459999084472656,45.22999954223633,44.099998474121094,44.45000076293945,28343900,45.73300018310547,46.70700004577637,45.645856696282884,36.85272699099756,-0.4893107427749257,-0.21147351260522906
2015-07-02,44.47999954223633,44.75,44.060001373291016,44.400001525878906,21752000,45.635000228881836,46.73520004272461,45.527203822911076,36.49588974370304,-0.5241997664239548,-0.23256855972537305
2015-07-06,43.959999084472656,44.47999954223633,43.95000076293945,44.38999938964844,23034000,45.54750022888184,46.75620002746582,45.41889863879083,36.41991773970086,-0.5463585762594008,0.058937109231335105
2015-07-07,44.34000015258789,44.4900016784668,43.31999969482422,44.29999923706055,36435800,45.476000213623045,46.68480003356934,45.31233679100699,35.69978851896565,-0.5646726579464953,0.5818268646348876
2015-07-08,44.439998626708984,44.900001525878906,44.029998779296875,44.2400016784668,39785900,45.40550022125244,46.60900009155274,45.21020963743174,35.20011019252199,-0.5773724114302325,0.09194528458274553
2015-07-09,44.75,45.220001220703125,44.5,44.52000045776367,32424700,45.30100021362305,46.516200103759765,45.144475429844306,39.45886530734372,-0.5584065332022945,-0.18502032126959556
2015-07-10,45.0099983215332,45.13999938964844,44.56999969482422,44.61000061035156,25465800,45.209500312805176,46.427200088500975,45.093573066083096,40.80553562296791,-0.5300041203306307,-0.21461725166308399
2015-07-13,44.97999954223633,45.619998931884766,44.95000076293945,45.540000915527344,28178300,45.18800029754639,46.36520011901855,45.13609000412541,52.550829419324,-0.4275235261256398,0.10651540497451495
2015-07-14,45.45000076293945,45.959999084472656,45.310001373291016,45.619998931884766,22880300,45.19500026702881,46.30440010070801,45.18217656867392,53.40724002562978,-0.3359787911715557,-0.18801702018929456
2015-07-15,45.68000030517578,45.88999938964844,45.43000030517578,45.7599983215332,26629600,45.19150009155273,46.25480003356934,45.23720721180337,54.94000701665671,-0.24925884761823625,0.16386585840220635
2015-07-16,46.0099983215332,46.689998626708984,45.970001220703125,46.65999984741211,26271700,45.226000022888186,46.236000061035156,45.37271127233754,63.29874017340689,-0.106680321714407,-0.013439931504791613
2015-07-17,46.54999923706055,46.779998779296875,46.2599983215332,46.619998931884766,29467100,45.22099990844727,46.242800064086914,45.491500573246796,62.7416612546392,0.003051274512507973,0.12162897718838139
2015-07-20,46.650001525878906,47.130001068115234,46.439998626708984,46.91999816894531,30631900,45.261999893188474,46.24720001220703,45.62754796331332,65.21428212248597,0.11292011354967713,0.03952883045837563
2015-07-21,46.779998779296875,47.33000183105469,46.47999954223633,47.279998779296875,42781900,45.314499855041504,46.23779998779297,45.78492423150223,67.96197127907675,0.2264308468000067,0.3966453272568793
2015-07-22,45.439998626708984,46.93000030517578,45.20000076293945,45.540000915527344,59152400,45.295999908447264,46.20120002746582,45.761598201409385,48.16081283254262,0.17398010056380286,0.38265013942812254
2015-07-23,45.27000045776367,46.22999954223633,45.099998474121094,46.11000061035156,33934000,45.31949996948242,46.17640007019043,45.7947793832134,52.99253601650223,0.17637359297938104,-0.4263292782710423
2015-07-24,45.90999984741211,46.31999969482422,45.79999923706055,45.939998626708984,32333200,45.33399982452393,46.142600021362306,45.80860978735584,51.45221243259647,0.1626774690488233,-0.047173925856073606
2015-07-27,45.939998626708984,46.0099983215332,45.25,45.349998474121094,39701400,45.33849983215332,46.07519996643067,45.764932519428726,46.41030882936562,0.1030274740928192,0.22788341395222256
2015-07-28,45.58000183105469,45.63999938964844,44.790000915527344,45.34000015258789,34328900,45.386999893188474,46.015999984741214,45.72446277020579,46.32745957042264,0.05432145838853586,-0.13532268383482693
2015-07-29,45.400001525878906,46.779998779296875,45.2599983215332,46.290000915527344,40945900,45.4939998626709,45.981600036621096,45.7783235459507,54.61729786239813,0.09132596326053743,0.1927530448106407
2015-07-30,46.2599983215332,47.400001525878906,45.93000030517578,46.880001068115234,39777900,45.615499877929686,45.9676000213623,45.88324521472828,58.86645595965758,0.16634288422697807,-0.02852544455000383
2015-07-31,47.290000915527344,47.369998931884766,46.5,46.70000076293945,31201500,45.730499839782716,45.95,45.961031457415054,57.10963413440415,0.2088621810473228,-0.21560715874895353
2015-08-03,46.97999954223633,47.0,46.45000076293945,46.810001373291016,24125900,45.85149993896484,45.937800064086915,46.041885735117525,57.935821924227334,0.24856980210500979,-0.22677114882297322
2015-08-04,46.75,47.709999084472656,46.68000030517578,47.540000915527344,33403900,46.01350002288818,45.95060005187988,46.18456337134703,63.025944970499644,0.33508063904250207,0.38456596437853086
2015-08-05,47.97999954223633,48.40999984741211,47.540000915527344,47.58000183105469,26959700,46.18050003051758,45.97040008544922,46.31746227227157,63.28809794310342,0.40223215823453984,-0.19291759345465653
2015-08-06,47.709999084472656,47.77000045776367,46.33000183105469,46.619998931884766,27368000,46.28549995422363,45.95060005187988,46.34627528747283,53.48664694690494,0.3736784772320192,0.015144827279235384
2015-08-07,46.38999938964844,46.779998779296875,46.2599983215332,46.7400016784668,19163000,46.39200000762939,45.93640007019043,46.38377303899606,54.43656922225243,0.3566217841256787,-0.2998026892721426
2015-08-10,46.95000076293945,47.4900016784668,46.84000015258789,47.33000183105469,23079900,46.48150005340576,45.94580009460449,46.473890066811165,58.88268522570284,0.38625975145250635,0.204399102436988
2015-08-11,46.81999969482422,46.939998626708984,45.900001525878906,46.40999984741211,29237400,46.52100009918213,45.92940010070801,46.467805284011256,50.59237532330145,0.33168808896554225,0.26679058401466205
2015-08-12,46.189998626708984,46.900001525878906,45.709999084472656,46.7400016784668,30181400,46.57000026702881,45.92580017089844,46.49372875014988,53.14090293657172,0.31147752409304275,0.032287412697435514
2015-08-13,47.060001373291016,47.099998474121094,46.4900016784668,46.72999954223633,22627200,46.57350025177002,45.92340019226074,46.51623073034859,53.05158168413929,0.2912955433216382,-0.2502932269543494
2015-08-14,46.529998779296875,47.099998474121094,46.52000045776367,47.0,21473400,46.59250030517578,45.93620018005371,46.56230399412492,55.23876101092442,0.29370234084859703,-0.05099172677131947
2015-08-17,46.810001373291016,47.45000076293945,46.56999969482422,47.31999969482422,21099700,46.61250038146973,45.959800186157224,46.634465489429616,57.750938064756944,0.31776801438590496,-0.01740292641128094
2015-08-18,46.84000015258789,47.43000030517578,46.70000076293945,47.27000045776367,23574100,46.612000465393066,45.990600204467775,46.694992629270956,57.210652279884464,0.3290130557748512,0.11727180955179461
2015-08-19,46.779998779296875,47.08000183105469,46.29999923706055,46.61000061035156,31485500,46.665500450134275,46.00980018615723,46.68689815127863,50.495139012860825,0.28142427637691014,0.335597117175205
2015-08-20,46.06999969482422,46.470001220703125,45.65999984741211,45.65999984741211,36238200,46.6430004119873,45.99080017089844,46.58909831281515,42.7216629776509,0.16514896924800126,0.15094884947039122
2015-08-21,45.29999923706055,45.47999954223633,43.06999969482422,43.06999969482422,70053100,46.49950046539307,45.92340019226074,46.25394606348269,29.422890702428973,-0.13444165642123806,0.9331285770264528
2015-08-24,40.45000076293945,42.689998626708984,39.720001220703125,41.68000030517578,88753700,46.3160005569458,45.83760017395019,45.81833218173917,24.936488544784496,-0.47851470013494435,0.2669489287411977
2015-08-25,42.56999969482422,43.2400016784668,40.38999938964844,40.470001220703125,70616600,46.07250061035156,45.73740020751953,45.30896732830717,21.817756464516705,-0.83915858214624,-0.20435317062837943
2015-08-26,42.0099983215332,42.84000015258789,41.060001373291016,42.709999084472656,63408000,45.89350051879883,45.67500015258789,45.061446543180075,37.421107767643115,-0.9334619811176736,-0.10208081385963075
2015-08-27,43.22999954223633,43.95000076293945,42.93000030517578,43.900001525878906,50943200,45.74450054168701,45.63360015869141,44.950832732008536,43.83418876781579,-0.9017796974518575,-0.1965808730759525
2015-08-28,43.400001525878906,44.150001525878906,43.38999938964844,43.93000030517578,28246700,45.60600051879883,45.57780014038086,44.8536105961197,43.990016486609335,-0.8642876387104934,-0.4455256049875155
2015-08-31,43.560001373291016,43.93000030517578,43.099998474121094,43.52000045776367,34441700,45.44150047302246,45.52620018005371,44.72660010675246,42.264140775553905,-0.8577706273681116,0.2193176548056941
2015-09-01,42.16999816894531,42.59000015258789,41.65999984741211,41.81999969482422,49688900,45.155500411987305,45.438000183105466,44.44978101990215,35.96371321725073,-0.9785021394298639,0.44269591802959773
2015-09-02,42.36000061035156,43.380001068115234,41.880001068115234,43.36000061035156,37671500,44.94450035095215,45.387000198364255,44.34599240946876,44.09411570832531,-0.9390922580181709,-0.24185280817244903
2015-09-03,43.40999984741211,43.97999954223633,43.279998779296875,43.5,28285200,44.78850040435791,45.34420021057129,44.26542170380507,44.78050138214487,-0.8863456217491006,-0.24916183321609175
2015-09-04,42.810001373291016,43.040000915527344,42.20000076293945,42.61000061035156,37138800,44.58200035095215,45.28340019226074,44.10776255204759,41.308363751994506,-0.9059162070743554,0.31301175172881934
2015-09-08,43.29999923706055,44.0,43.20000076293945,43.88999938964844,32469800,44.410000228881835,45.25600021362305,44.08702320324767,47.60103726832627,-0.8088172905952575,-0.12571757838163866
2015-09-09,44.209999084472656,44.400001525878906,42.90999984741211,43.06999969482422,33469500,44.243000221252444,45.230000228881835,43.990163821493056,44.322556759772375,-0.7889384309398295,0.03078860972349684
2015-09-10,43.119998931884766,43.790000915527344,42.75,43.290000915527344,31366600,44.070500183105466,45.21280021667481,43.923481639972515,45.40891729519888,-0.7468231195190569,-0.06283033806898819
2015-09-11,43.13999938964844,43.59000015258789,42.939998626708984,43.47999954223633,27132500,43.90800018310547,45.19340019226074,43.881245249711924,46.38192431771174,-0.6901594025200879,-0.1349875345112317
2015-09-14,43.43000030517578,43.439998626708984,42.86000061035156,43.040000915527344,23656000,43.71000022888184,45.166200180053714,43.80112674169435,44.407954191849,-0.6729992935829259,-0.12813047083755646
2015-09-15,43.189998626708984,44.290000915527344,43.08000183105469,43.97999954223633,28882200,43.54300022125244,45.15800018310547,43.81816224650787,49.36583463699903,-0.5768996107341948,0.22092492390936758
2015-09-16,43.970001220703125,44.380001068115234,43.84000015258789,44.29999923706055,23372200,43.394500160217284,45.15800018310547,43.86405148370336,50.96893870298519,-0.4695064407016716,-0.1907749409671008
2015-09-17,44.290000915527344,45.0,44.08000183105469,44.25,32768200,43.276500129699706,45.158200149536135,43.900808485255425,50.698844899058805,-0.3840045350490868,0.4020160703742053
2015-09-18,43.5,43.9900016784668,43.33000183105469,43.47999954223633,63143700,43.16750011444092,45.13740013122558,43.86073144306313,46.60307202057375,-0.37406428041298057,0.9269810364926971
2015-09-21,43.619998931884766,44.470001220703125,43.599998474121094,44.11000061035156,26177200,43.21950016021729,45.127400131225585,43.884471363757264,50.15141523066269,-0.3117569953594028,-0.5854344930689839
2015-09-22,43.380001068115234,44.04999923706055,43.310001373291016,43.900001525878906,28085900,43.33050022125244,45.094600143432615,43.885950426816464,48.982951865833854,-0.276140023832518,0.07291459743593665
2015-09-23,43.93000030517578,44.16999816894531,43.5099983215332,43.869998931884766,17145200,43.50050010681152,45.05960014343262,43.88443123682297,48.807987785729274,-0.24748146362343704,-0.38954421969742825
2015-09-24,43.45000076293945,44.130001068115234,43.27000045776367,43.90999984741211,27905600,43.560500144958496,45.022600173950195,43.886866342593365,49.069192084141434,-0.21901691790617406,0.6276042274222522
2015-09-25,44.47999954223633,44.72999954223633,43.7599983215332,43.939998626708984,29384600,43.5625,44.96820014953613,43.891926560128184,49.27821360063565,-0.1918266513415503,0.053000114672323795
2015-09-28,43.83000183105469,44.09000015258789,43.209999084472656,43.290000915527344,27613800,43.53050003051758,44.901600189208985,43.834600308261436,44.97154761712515,-0.22018934650521516,-0.060262858776365835
2015-09-29,43.369998931884766,43.56999969482422,43.04999923706055,43.439998626708984,32763600,43.52649993896485,44.832000198364256,43.79701919573263,46.14131489598071,-0.2279359216359893,0.1864937096669057
2015-09-30,43.880001068115234,44.29999923706055,43.65999984741211,44.2599983215332,34958900,43.64849987030029,44.77160018920898,43.841112445808875,52.1319350544683,-0.16599453422670507,0.06700423640869735
2015-10-01,44.75,44.75,43.75,44.61000061035156,28657900,43.71099987030029,44.75300018310547,43.91433989005104,54.46028483779188,-0.08765287108889197,-0.1802402249498697
2015-10-02,44.27000045776367,45.56999969482422,43.91999816894531,45.56999969482422,41839000,43.814499855041504,44.74220016479492,44.07202177621991,60.18131092659832,0.05130594148230472,0.4599464720024844
2015-10-05,45.75,46.88999938964844,45.70000076293945,46.630001068115234,34369300,44.015499877929685,44.75600021362305,44.31563885163852,65.35649431319997,0.24415063704725526,-0.17853438179688808
2015-10-06,46.33000183105469,47.18000030517578,46.220001220703125,46.75,27017200,44.15849990844727,44.78400024414063,44.54748277053009,65.8968612569903,0.4020300069188991,-0.21391474368113406
2015-10-07,47.099998474121094,47.349998474121094,45.95000076293945,46.79999923706055,27711500,44.34499988555908,44.81320022583008,44.762008148294896,66.13389104185742,0.5251316745106962,0.025698443954221828
2015-10-08,46.560001373291016,47.52000045776367,46.5,47.45000076293945,33772700,44.552999877929686,44.83640022277832,45.01800744492771,69.13707122205368,0.6674464170016066,0.21872507803619445
2015-10-09,47.45000076293945,47.540000915527344,46.91999816894531,47.11000061035156,28600600,44.73449993133545,44.84100021362305,45.21724488925379,65.84774884746255,0.7442178251057001,-0.15314440361593828
2015-10-12,46.97999954223633,47.06999969482422,46.5,47.0,19769100,44.93249988555908,44.847000198364256,45.38703109027724,64.7740142671448,0.78711027193863,-0.30878722823996696
2015-10-13,46.560001373291016,47.130001068115234,46.560001373291016,46.88999938964844,19987800,45.077999877929685,44.848600158691404,45.53017092831259,63.65617027263744,0.8029705702333771,0.01106271909191614
2015-10-14,46.650001525878906,47.099998474121094,46.529998779296875,46.68000030517578,24697800,45.19699993133545,44.83140014648438,45.63967848801385,61.47501773931018,0.7894940043783549,0.23564374268303667
2015-10-15,47.0099983215332,47.029998779296875,46.529998779296875,47.0099983215332,27189400,45.33499984741211,44.820000076293944,45.77018513882522,63.58649600167768,0.7962629868010467,0.10088347950019849
2015-10-16,47.02000045776367,47.540000915527344,46.900001525878906,47.5099983215332,26450300,45.53649978637695,44.83780006408691,45.935881632416454,66.5756639370581,0.8323781384222286,-0.027183387643714085
2015-10-19,47.41999816894531,47.880001068115234,47.02000045776367,47.619998931884766,29387600,45.71199970245361,44.855400009155275,46.09627375617534,67.21333233617042,0.8599626718466737,0.11104978015372224
2015-10-20,47.439998626708984,47.810001373291016,47.02000045776367,47.77000045776367,30802200,45.905499649047854,44.86419998168945,46.255676299183754,68.10687330452859,0.8837402750630403,0.04813594849528369
2015-10-21,47.91999816894531,47.9900016784668,47.11000061035156,47.20000076293945,25144300,46.07199974060059,44.88,46.345611962398586,61.27324006559151,0.8468282760008492,-0.18368493159579513
2015-10-22,47.529998779296875,48.95000076293945,47.09000015258789,48.029998779296875,56637100,46.27799968719482,44.9057999420166,46.50602975448414,66.53822164960145,0.8744688219037045,1.252482670028595
2015-10-23,52.29999923706055,54.06999969482422,52.25,52.869998931884766,135227100,46.72449970245361,45.02859992980957,47.11212205709372,81.94929458831737,1.2722559418698864,1.3876063569638983
2015-10-26,52.529998779296875,54.31999969482422,52.5,54.25,64633300,47.27249965667725,45.17359992980957,47.79191995641813,84.18570914501935,1.6794994294210213,-0.5220388516798777
2015-10-27,53.9900016784668,54.369998931884766,53.58000183105469,53.689998626708984,50999900,47.78499965667724,45.30099990844727,48.353641734541064,79.8616581433524,1.9347527710356331,-0.21093461110603973
2015-10-28,53.540000915527344,53.97999954223633,52.86000061035156,53.97999954223633,47000800,48.2709997177124,45.435199890136715,48.889485335273946,80.42245506743224,2.1358230943821894,-0.07841387924290044
2015-10-29,53.540000915527344,53.83000183105469,53.220001220703125,53.36000061035156,30202100,48.7084997177124,45.57019989013672,49.31524869480515,75.57686109654847,2.2195583549234996,-0.35741306530952666
2015-10-30,53.31999969482422,53.9900016784668,52.619998931884766,52.63999938964844,46619800,49.06199970245361,45.70979988098144,49.63189161812356,70.28102250911465,2.202432796659906,0.5435946507030969
2015-11-02,52.849998474121094,53.36000061035156,52.619998931884766,53.2400016784668,30285000,49.39249973297119,45.9131999206543,49.97552114768006,72.03934140600992,2.2117798176792434,-0.35038331352772856
2015-11-03,52.93000030517578,54.38999938964844,52.900001525878906,54.150001525878906,36596900,49.76249980926514,46.16259994506836,50.373090707508524,74.50323504678614,2.266490094708132,0.20841670794122513
2015-11-04,54.18000030517578,54.880001068115234,54.060001373291016,54.400001525878906,37087800,50.142499923706055,46.441199951171875,50.756606023543796,75.15107181575341,2.3034683448622957,0.013413704439447116
2015-11-05,54.4900016784668,54.70000076293945,54.0,54.380001068115234,31468500,50.488999938964845,46.674599990844726,51.101691265883936,74.98691813372909,2.3045940787527925,-0.15151343568505005
2015-11-06,54.09000015258789,54.97999954223633,53.959999084472656,54.91999816894531,32851200,50.87949981689453,46.89499992370605,51.465339542365975,76.48066388834002,2.3222895754140964,0.04393917727251062
2015-11-09,54.54999923706055,54.869998931884766,53.560001373291016,54.15999984741211,32513100,51.23749980926514,47.09959991455078,51.72197385713228,70.1326801739575,2.2490620833265496,-0.010291861484512
2015-11-10,54.06999969482422,54.130001068115234,53.27000045776367,53.5099983215332,55283700,51.56849975585938,47.299399871826175,51.89226190136094,65.15189689005206,2.1142078058849805,0.7003515506057558
2015-11-11,53.70000076293945,54.20000076293945,53.459999084472656,53.650001525878906,36516300,51.91699981689453,47.535999908447266,52.059665675124556,65.7166629391388,1.9956275557473973,-0.33947438395042295
2015-11-12,53.47999954223633,53.97999954223633,53.189998626708984,53.31999969482422,35361100,52.23249988555908,47.73519989013672,52.179697486524525,63.11997756844038,1.8536556746067845,-0.031635187573768375
2015-11-13,53.06999969482422,53.290000915527344,52.529998779296875,52.84000015258789,36848200,52.498999977111815,47.92199989318848,52.242583454721036,59.44090464179002,1.6830093008326727,0.042054687212784714
2015-11-16,53.08000183105469,53.88999938964844,52.849998474121094,53.77000045776367,32165200,52.80650005340576,48.145199890136716,52.388051740725096,63.83876798652667,1.604320464803358,-0.1270889758522804
2015-11-17,53.16999816894531,53.529998779296875,52.849998474121094,52.970001220703125,31551300,53.06650009155273,48.326799926757815,52.443475500723004,58.01157633044998,1.4605692100883374,-0.019085844328653345
2015-11-18,53.0,53.97999954223633,52.97999954223633,53.849998474121094,29710000,53.398999977111814,48.54239990234375,52.57743006961806,62.108799309528685,1.4014981309109018,-0.058358926573548464
2015-11-19,53.9900016784668,54.65999984741211,53.779998779296875,53.939998626708984,28149200,53.69449996948242,48.75539985656738,52.70719850362672,62.51170401709915,1.3464253815519953,-0.05253450016829353
2015-11-20,54.25,54.29999923706055,53.27000045776367,54.189998626708984,37147600,53.76049995422363,48.96959983825683,52.84841756296789,63.66739560153572,1.30787635705083,0.31966805450954205
2015-11-23,54.25,54.459999084472656,53.75,54.189998626708984,28235900,53.757499885559085,49.19259979248047,52.97618718808609,63.66739560153572,1.2627695560080312,-0.23989975126253105
2015-11-24,53.91999816894531,54.439998626708984,53.58000183105469,54.25,24600000,53.78549995422363,49.39799980163574,53.09750269398265,63.9765123640272,1.2178253678067392,-0.1287686951717495
2015-11-25,54.09000015258789,54.22999954223633,53.689998626708984,53.689998626708984,21005100,53.770999908447266,49.58579978942871,53.153930878051824,58.93659247011939,1.1240618587505224,-0.14613414634146338
2015-11-27,53.79999923706055,54.08000183105469,53.790000915527344,53.93000030517578,9009100,53.799499893188475,49.77939979553223,53.22784225206363,60.37723976902237,1.0569360313192107,-0.5710993996696041
2015-11-30,54.540000915527344,54.959999084472656,54.0,54.349998474121094,56241400,53.88499984741211,49.99679977416992,53.33471427321196,62.83454942823263,1.0258038434604657,5.2427323484032815
2015-12-01,54.40999984741211,55.22999954223633,54.29999923706055,55.220001220703125,39952800,53.98399982452393,50.218999786376955,53.51426541106826,67.35141746155021,1.0591243843986433,-0.2896193906979556
2015-12-02,55.31999969482422,55.959999084472656,55.060001373291016,55.209999084472656,47274900,54.03699970245361,50.445199737548826,53.67576385615439,67.25022490547738,1.0723625365523475,0.1832687571334175
2015-12-03,55.4900016784668,55.77000045776367,53.93000030517578,54.20000076293945,38627800,54.02699966430664,50.65179977416992,53.72569118061011,57.80560757560308,0.9899439858205312,-0.18291101620521677
2015-12-04,54.119998931884766,56.22999954223633,54.099998474121094,55.90999984741211,43963700,54.10349960327149,50.891799774169925,53.9337205774484,66.40748191604717,1.0504998176458926,0.13813626455557904
2015-12-07,55.790000915527344,55.970001220703125,55.290000915527344,55.810001373291016,30709800,54.14799976348877,51.129199829101566,54.112413986576264,65.56570450573447,1.0779952512812159,-0.3014737158155478
2015-12-08,55.470001220703125,56.099998474121094,54.9900016784668,55.790000915527344,32878000,54.22949981689453,51.379199829101566,54.27218417028589,65.3871774301916,1.0856569334100143,0.07060286944232796
2015-12-09,55.369998931884766,55.869998931884766,54.5099983215332,54.97999954223633,36373200,54.302999877929686,51.60999984741211,54.339595158090695,58.44629272448766,1.01467202286765,0.10630816959669076
2015-12-10,55.38999938964844,55.65999984741211,55.0099983215332,55.27000045776367,31775800,54.383999824523926,51.83019989013672,54.428205186630976,60.080133090838004,0.9706278266971253,-0.12639525804713359
2015-12-11,54.709999084472656,55.099998474121094,54.0099983215332,54.060001373291016,39549500,54.420999908447264,52.01919990539551,54.39313815678907,51.05932804988643,0.8285348363298368,0.24464214905682935
2015-12-14,54.33000183105469,55.209999084472656,53.68000030517578,55.13999938964844,46768900,54.535999870300294,52.21059989929199,54.46426779801377,57.23178581146237,0.793920114853151,0.1825408665090582
2015-12-15,55.65999984741211,55.900001525878906,55.09000015258789,55.20000076293945,39843000,54.60749988555908,52.38199989318848,54.53433760419717,57.552093520116095,0.7625392304846201,-0.14808772496252853
2015-12-16,55.540000915527344,56.25,54.7599983215332,56.130001068115234,37503300,54.765499877929685,52.56959991455078,54.68630555314175,62.26894118817676,0.8034512202898583,-0.058722987726827824
2015-12-17,56.36000061035156,56.790000915527344,55.529998779296875,55.70000076293945,41280900,54.85799999237061,52.74759994506836,54.78284795407487,59.004199293575915,0.7920466156470098,0.10072713601203098
2015-12-18,55.77000045776367,56.0,54.029998779296875,54.130001068115234,84684200,54.867500114440915,52.88119995117187,54.72067206017395,48.919270601950245,0.6488430709334807,1.051413607745955
2015-12-21,54.880001068115234,55.349998474121094,54.22999954223633,54.83000183105469,37246300,54.8995002746582,53.03559997558594,54.73108441930545,52.79341763368891,0.5850928552136736,-0.5601741529116411
2015-12-22,54.9900016784668,55.47999954223633,54.5,55.349998474121094,28322200,54.957500267028806,53.20259994506836,54.79002861500218,55.49380569121793,0.569959593852019,-0.2395969532544172
2015-12-23,55.70000076293945,55.880001068115234,55.439998626708984,55.81999969482422,27279800,55.03600025177002,53.38119995117187,54.888121098794755,57.84124578120071,0.5891007588942543,-0.03680505045512006
2015-12-24,55.86000061035156,55.959999084472656,55.43000030517578,55.66999816894531,9558500,55.135000228881836,53.560999908447265,54.96258558166624,56.81135637660408,0.585418065522255,-0.6496125338162303
2015-12-28,55.349998474121094,55.95000076293945,54.97999954223633,55.95000076293945,22458300,55.23600025177002,53.73979995727539,55.05662512273988,58.30380847882902,0.5981977227656969,1.3495632159857718
2015-12-29,56.290000915527344,56.849998474121094,56.060001373291016,56.54999923706055,27731400,55.346000289916994,53.92059997558594,55.19885122886566,61.383298406461336,0.6492563328120653,0.23479515368482917
2015-12-30,56.470001220703125,56.779998779296875,56.290000915527344,56.310001373291016,21704500,55.40050029754639,54.094400024414064,55.30467505214426,59.49063697749455,0.6627154560199102,-0.2173312562654608
2015-12-31,56.040000915527344,56.189998626708984,55.41999816894531,55.47999954223633,27334100,55.41400032043457,54.248600006103516,55.32137262262922,53.36266742928466,0.5994970679530951,0.25937478403096126
2016-01-04,54.31999969482422,54.79999923706055,53.38999938964844,54.79999923706055,53778000,55.444000244140625,54.40059997558594,55.27171801447982,48.916947792155,0.4888900778245784,0.9674326207923436
2016-01-05,54.93000030517578,55.38999938964844,54.540000915527344,55.04999923706055,34079700,55.40100021362305,54.54099998474121,55.25060194043989,50.548131338896006,0.4166038026204788,-0.3662891888876493
2016-01-06,54.31999969482422,54.400001525878906,53.63999938964844,54.04999923706055,39518900,55.31300010681152,54.56459999084473,55.136258825832336,44.435839797762426,0.2754495550660323,0.15960234391734662
2016-01-07,52.70000076293945,53.4900016784668,52.06999969482422,52.16999816894531,56564900,55.13199996948242,54.522999954223636,54.85375781089071,35.69668193298861,0.011747998926537662,0.4313379167942428
2016-01-08,52.369998931884766,53.279998779296875,52.150001525878906,52.33000183105469,48754000,54.99950008392334,54.49580001831055,54.613400098525375,36.83527185035044,-0.18222583980566753,-0.13808740049041013
2016-01-11,52.5099983215332,52.849998474121094,51.459999084472656,52.29999923706055,36943800,54.851000022888186,54.462200012207035,54.393076206957296,36.704033335606326,-0.33451636665459006,-0.2422406366657095
2016-01-12,52.7599983215332,53.099998474121094,52.060001373291016,52.779998779296875,36095500,54.78699989318848,54.45059997558594,54.239449785275355,40.364758393530664,-0.41172959239310103,-0.022961904297879476
2016-01-13,53.79999923706055,54.06999969482422,51.29999923706055,51.63999938964844,66883600,54.611999893188475,54.430599975585935,53.99188308092993,35.16325773226596,-0.5584723320474438,0.8529622806166974
2016-01-14,52.0,53.41999816894531,51.56999969482422,53.11000061035156,52381900,54.507499885559085,54.42799995422363,53.90789427420818,45.00452483884844,-0.5498123032641544,-0.21681996782469848
2016-01-15,51.310001373291016,51.970001220703125,50.34000015258789,50.9900016784668,71820700,54.25049991607666,54.36479995727539,53.62999974128043,36.4191018786526,-0.7058784370656213,0.37109765014251095
2016-01-19,51.47999954223633,51.68000030517578,50.060001373291016,50.560001373291016,43564500,53.99349994659424,54.287999954223636,53.33761894432906,34.962226506118924,-0.8544102934532631,-0.39342696464946736
2016-01-20,49.97999954223633,51.380001068115234,49.099998474121094,50.790000915527344,63273000,53.826499938964844,54.21619995117187,53.09498865587175,36.427126257324915,-0.9426969947357975,0.45239816823330914
2016-01-21,51.0,51.58000183105469,50.29999923706055,50.47999954223633,40191200,53.60899982452393,54.1273999786377,52.84594207362076,35.27389350274488,-1.0258539557782598,-0.36479699081756833
2016-01-22,51.40999984741211,52.33000183105469,51.2599983215332,52.290000915527344,37555800,53.45599994659424,54.09,52.792995296659484,46.01945869102028,-0.9349272036740288,-0.06557156790541208
2016-01-25,51.939998626708984,52.650001525878906,51.650001525878906,51.790000915527344,34707700,53.254500007629396,54.055600051879885,52.69747202226595,43.85359669311279,-0.8929198941487897,-0.07583648863823966
2016-01-26,51.790000915527344,52.439998626708984,51.54999923706055,52.16999816894531,28900800,53.07950000762939,54.02599998474121,52.64723641718779,45.93612808888255,-0.8195192879045123,-0.16730869518867575
2016-01-27,52.0099983215332,52.20000076293945,51.02000045776367,51.220001220703125,36775200,52.84300003051758,53.984000015258786,52.511309255617824,41.765392833937234,-0.8284556716138809,0.27246304600564697
2016-01-28,51.86000061035156,52.209999084472656,51.25,52.060001373291016,62513800,52.6185001373291,53.96840003967285,52.46832755253908,46.399527923747414,-0.759007462386414,0.69989014335748
2016-01-29,54.72999954223633,55.09000015258789,54.0,55.09000015258789,83611700,52.55750007629395,53.994800033569334,52.71801065730563,59.05628750184792,-0.45423751022854475,0.3374918817925001
2016-02-01,54.880001068115234,55.09000015258789,54.5,54.709999084472656,44208500,52.51900005340576,54.02959999084473,52.90772384084535,57.23107731435224,-0.2405946128578904,-0.4712641891027213
2016-02-02,54.16999816894531,54.2599983215332,52.650001525878906,53.0,56313800,52.42900009155274,54.0126000213623,52.91651204647913,49.77584580388133,-0.20687894088316483,0.2738229073594445
2016-02-03,53.25,53.38999938964844,51.2599983215332,52.15999984741211,57559800,52.28450012207031,53.977000045776364,52.8444632656156,46.56681477538306,-0.2451144927802531,0.02212601529287661
2016-02-04,52.099998474121094,52.810001373291016,51.369998931884766,52.0,46987100,52.182000160217285,53.93320007324219,52.76403819269983,45.959028353910604,-0.2850413147976809,-0.18368201418351005
2016-02-05,51.939998626708984,52.0,49.560001373291016,50.15999984741211,62009000,52.08150024414063,53.85260009765625,52.51603454076766,39.56380791150782,-0.4598553178405993,0.3197026417889166
2016-02-08,49.54999923706055,49.56999969482422,48.189998626708984,49.40999984741211,59290500,51.935500144958496,53.755800094604496,52.22022171282904,37.286289306483056,-0.6514063992236174,-0.04384041026302632
2016-02-09,49.02000045776367,50.2400016784668,48.66999816894531,49.279998779296875,46740500,51.78450012207031,53.66760009765625,51.94020048106407,36.889882176383836,-0.8044290536129708,-0.2116696604009074
2016-02-10,49.88999938964844,50.38999938964844,49.52000045776367,49.709999084472656,38237000,51.6310001373291,53.58320007324219,51.72780034805536,39.19267423538957,-0.8808492963414523,-0.18193001786459284
2016-02-11,48.68000030517578,50.11000061035156,48.5099983215332,49.689998626708984,48878600,51.53350009918213,53.490000076293946,51.53372399364142,39.121171371391306,-0.932280015379483,0.27830635248581226
2016-02-12,50.25,50.68000030517578,49.75,50.5,34243300,51.403000068664554,53.39560005187988,51.4352740894851,43.60825894755994,-0.8973349704273232,-0.29942142369053126
2016-02-16,50.900001525878906,51.09000015258789,50.130001068115234,51.09000015258789,37291200,51.407999992370605,53.313200073242186,51.40239085739965,46.6904149227181,-0.8126647951680255,0.0890071926479048
2016-02-17,51.4900016784668,52.77000045776367,51.45000076293945,52.41999816894531,40789000,51.50099983215332,53.2776000213623,51.49930583945162,52.93521756313222,-0.6309699181452686,0.0937969279615567
2016-02-18,52.33000183105469,52.95000076293945,52.099998474121094,52.189998626708984,27176000,51.570999717712404,53.20319999694824,51.56508610490471,51.805041504619695,-0.49977338346943156,-0.3337419402289833
2016-02-19,51.970001220703125,52.279998779296875,51.529998779296875,51.81999969482422,33559100,51.6379997253418,53.12339996337891,51.589363589658944,49.95722890921324,-0.42080423681142776,0.2348800412128349
2016-02-22,52.279998779296875,53.0,52.279998779296875,52.650001525878906,25008300,51.655999755859376,53.06059997558594,51.6903767264418,53.92725405603696,-0.28792736060707114,-0.25479825144297674
2016-02-23,52.34000015258789,52.369998931884766,50.97999954223633,51.18000030517578,28895300,51.6254997253418,52.98459999084473,51.641769448225986,46.83979984612059,-0.29780537707733146,0.15542839777193973
2016-02-24,50.689998626708984,51.5,50.20000076293945,51.36000061035156,33014500,51.58499984741211,52.906399993896486,51.614934320809375,47.74542096582133,-0.2877917715961118,0.14255605582914876
2016-02-25,51.72999954223633,52.099998474121094,50.61000061035156,52.099998474121094,26939500,51.62899971008301,52.867199935913085,51.66113090683906,51.410193407104664,-0.2176355072677154,-0.18401005618743282
2016-02-26,52.599998474121094,52.68000030517578,51.099998474121094,51.29999923706055,35975900,51.590999603271484,52.79039993286133,51.6267374144792,47.529331779131226,-0.22400719934268665,0.33543310009465666
2016-02-29,51.349998474121094,51.650001525878906,50.65999984741211,50.880001068115234,31654000,51.38049964904785,52.70399993896484,51.55561966720644,45.5838273875021,-0.25995060462392416,-0.12013320028129948
2016-03-01,50.970001220703125,52.59000015258789,50.91999816894531,52.58000183105469,33024500,51.273999786376955,52.632999954223635,51.65317987328723,53.8229842644987,-0.1495363957109319,0.04329626587477087
2016-03-02,52.40999984741211,52.959999084472656,52.15999984741211,52.95000076293945,29289900,51.27149982452393,52.577999954223635,51.77668662468268,55.40558473677777,-0.03180983409643545,-0.1130857393753123
2016-03-03,52.970001220703125,52.970001220703125,51.779998779296875,52.349998474121094,24427800,51.280999755859376,52.54239990234375,51.83128775320063,52.27669219255636,0.012925150785214612,-0.1659992010897955
2016-03-04,52.400001525878906,52.45000076293945,51.709999084472656,52.029998779296875,33034200,51.28249969482422,52.4863998413086,51.85021261282884,50.63434987124773,0.0222995917659361,0.35231989782133466
2016-03-07,51.560001373291016,51.79999923706055,50.58000183105469,51.029998779296875,38407800,51.325999641418456,52.39999984741211,51.77209700963532,45.792764780350225,-0.05038196691601371,0.16266778066367582
2016-03-08,50.79999923706055,52.130001068115234,50.599998474121094,51.650001525878906,33835100,51.4379997253418,52.3165998840332,51.760468868325184,49.04588343351279,-0.05729314602021418,-0.11905654580579983
2016-03-09,51.88999938964844,52.849998474121094,51.86000061035156,52.84000015258789,28251600,51.61599979400635,52.259999923706054,51.8632813715883,54.66898145619561,0.03287369123983552,-0.16502093979329158
2016-03-10,52.93000030517578,52.939998626708984,51.15999984741211,52.04999923706055,38387800,51.73299980163574,52.181999893188475,51.881064025442804,50.67116300479908,0.040122579692223326,0.3587832193574878
2016-03-11,53.0,53.06999969482422,52.380001068115234,53.06999969482422,32275700,51.9019998550415,52.11239990234375,51.99429599395532,55.22402600913424,0.12671222876065968,-0.15921985630851465
2016-03-14,52.709999084472656,53.59000015258789,52.630001068115234,53.16999816894531,24083600,52.03549976348877,52.04959983825684,52.10626762966865,55.656136612750444,0.20108619415714912,-0.25381633860768316
2016-03-15,52.75,53.59000015258789,52.7400016784668,53.59000015258789,21104800,52.16049976348877,52.011799850463866,52.24757548899429,57.5108245076113,0.29056924614973667,-0.12368582770017766
2016-03-16,53.45000076293945,54.599998474121094,53.400001525878906,54.349998474121094,31691700,52.256999778747556,52.00279983520508,52.44780624948256,60.712911524106445,0.41799236670897244,0.5016346992153444
2016-03-17,54.209999084472656,55.0,54.0,54.65999984741211,28223900,52.380499839782715,51.99499984741211,52.65849135404728,61.97182526763971,0.5377913044272162,-0.10942297194533579
2016-03-18,54.91999816894531,54.970001220703125,53.45000076293945,53.4900016784668,67625500,52.46399993896485,51.983799896240235,52.737682813515804,54.830561549971705,0.5321890079153633,1.3960366923068745
2016-03-21,53.25,53.93000030517578,52.93000030517578,53.86000061035156,23925700,52.52449989318848,52.01759994506836,52.844570222738255,56.53628114298953,0.5512504965773317,-0.6462029855601807
2016-03-22,53.61000061035156,54.25,53.459999084472656,54.06999969482422,23124100,52.6689998626709,52.05239990234375,52.961277791508344,57.51685700934278,0.5766547181185473,-0.03350372193917006
2016-03-23,54.11000061035156,54.2400016784668,53.7400016784668,53.970001220703125,20129000,52.799499893188475,52.0857999420166,53.057346689526895,56.859025929879245,0.5820096605002334,-0.1295228787282532
2016-03-24,53.84000015258789,54.33000183105469,53.72999954223633,54.209999084472656,19950000,52.90499992370606,52.114399948120116,53.16712310809316,58.09769651970233,0.5987176681882858,-0.008892642456157729
2016-03-28,54.209999084472656,54.290000915527344,53.33000183105469,53.540000915527344,17025100,53.01700000762939,52.152399978637696,53.20263528022975,53.48114683326726,0.5515378468520922,-0.1466115288220552
2016-03-29,53.65999984741211,54.86000061035156,53.45000076293945,54.709999084472656,23924300,53.208499908447266,52.18439994812012,53.346193737776694,59.52897028181749,0.6016214550447003,0.40523697364479494
2016-03-30,54.93000030517578,55.63999938964844,54.900001525878906,55.04999923706055,23008300,53.33199977874756,52.26559989929199,53.50846092818468,61.111213033923086,0.6611271835496808,-0.03828743160719439
2016-03-31,54.95000076293945,55.59000015258789,54.86000061035156,55.22999954223633,26360500,53.445999717712404,52.3589998626709,53.672416986665795,61.95913914604017,0.7145732665969575,0.14569524910575748
2016-04-01,55.04999923706055,55.61000061035156,54.56999969482422,55.56999969482422,24399200,53.60699977874756,52.45459983825683,53.85313914934755,63.57471418684564,0.7754262125914693,-0.07440298932114342
2016-04-04,55.43000030517578,55.65999984741211,55.0,55.43000030517578,18928800,53.7769998550415,52.55359985351563,54.00331640228357,62.39957278110884,0.8030982136967921,-0.22420407226466443
2016-04-05,55.189998626708984,55.29999923706055,54.459999084472656,54.560001373291016,19272300,53.953499984741214,52.5989998626709,54.05633401857,55.5302686120403,0.7462248158517895,0.018146950678331386
2016-04-06,54.36000061035156,55.20000076293945,54.209999084472656,55.119998931884766,21188700,54.126999855041504,52.66559982299805,54.15763543888569,58.68316887989191,0.7378340693271213,0.09943805357948965
2016-04-07,54.869998931884766,54.90999984741211,54.22999954223633,54.459999084472656,19225100,54.207999801635744,52.71139984130859,54.18643197656064,53.838326381643405,0.6702021966800231,-0.09267203745392594
2016-04-08,54.66999816894531,55.279998779296875,54.31999969482422,54.41999816894531,22167200,54.32649974822998,52.77539978027344,54.208676375835374,53.54976748113678,0.6063856741745042,0.1530343145159192
2016-04-11,54.4900016784668,55.150001525878906,54.29999923706055,54.310001373291016,21414200,54.38849983215332,52.82039978027344,54.21832637559305,52.71309359557932,0.5407019229949128,-0.03396910751019522
2016-04-12,54.369998931884766,54.779998779296875,53.7599983215332,54.650001525878906,24944300,54.4625,52.811599807739256,54.259438294667895,55.0508736093451,0.5102009685963225,0.16484855843318913
2016-04-13,55.119998931884766,55.439998626708984,54.88999938964844,55.349998474121094,20818000,54.55049991607666,52.82439979553223,54.363301168901536,59.49119023774785,0.5363301657951354,-0.16542055700099823
2016-04-14,55.220001220703125,55.58000183105469,55.06999969482422,55.36000061035156,20877100,54.601000022888186,52.87159980773926,54.45822492523011,59.55267447599137,0.5514876255699122,0.0028388894226150097
2016-04-15,55.29999923706055,55.91999816894531,55.11000061035156,55.650001525878906,28793800,54.65050010681152,52.941399841308595,54.57172745862523,61.38282214549695,0.5802123451441261,0.3792049662069923
2016-04-18,55.4900016784668,56.59000015258789,55.209999084472656,56.459999084472656,23786000,54.79899997711182,53.03059982299805,54.75156285156309,66.00906528950168,0.6607205506796205,-0.1739193854232508
2016-04-19,56.630001068115234,56.77000045776367,55.68000030517578,56.38999938964844,29596800,54.92549991607666,53.15519981384277,54.90760442661883,65.2812295655635,0.7106831799231088,0.2442949634238627
2016-04-20,56.290000915527344,56.5,55.4900016784668,55.59000015258789,36195700,55.00149993896484,53.278799819946286,54.97259449575874,57.480607392488174,0.6779111334403964,0.22295991458536069
2016-04-21,55.79999923706055,56.22999954223633,55.41999816894531,55.779998779296875,38909100,55.09199981689453,53.40879981994629,55.04949014180999,58.74156149017102,0.6596661312505034,0.07496470575234082
2016-04-22,51.90999984741211,52.43000030517578,50.77000045776367,51.779998779296875,126834100,54.97049980163574,53.45019981384277,54.73811001204684,35.1248014774166,0.3187657320276429,2.259754144917256
2016-04-25,51.779998779296875,52.130001068115234,51.630001068115234,52.11000061035156,33226900,54.898999786376955,53.49859985351563,54.48781387855205,37.36224486700888,0.07437079913628963,-0.738028653177655
2016-04-26,52.2599983215332,52.349998474121094,51.09000015258789,51.439998626708984,33532600,54.73549976348877,53.517399826049804,54.197545759328904,34.74238867497604,-0.1714016945493526,0.009200376803132349
2016-04-27,51.47999954223633,51.5,50.54999923706055,50.939998626708984,43369300,54.52999973297119,53.51439979553223,53.887303175269864,32.88897069606254,-0.40189123581816233,0.29334736942557393
2016-04-28,50.619998931884766,50.77000045776367,49.560001373291016,49.900001525878906,43134800,54.26349983215332,53.463999862670896,53.50756016104215,29.378321143645564,-0.6608569843335275,-0.005407050609532504
2016-04-29,49.349998474121094,50.25,49.349998474121094,49.869998931884766,48411700,53.978499794006346,53.41759986877442,53.16112575826526,29.281217018507633,-0.8586126126418705,0.12233509834286926
2016-05-02,50.0,50.75,49.779998779296875,50.61000061035156,33114500,53.73749980926514,53.39339988708496,52.918161458463956,34.98886327353435,-0.9447331264229462,-0.3159814672899319
2016-05-03,50.34000015258789,50.40999984741211,49.599998474121094,49.779998779296875,26460200,53.49849967956543,53.33599983215332,52.61928882235281,31.88084786933166,-1.067651246233872,-0.20094822509776689
2016-05-04,49.84000015258789,50.060001373291016,49.459999084472656,49.869998931884766,24257600,53.23599967956543,53.3097998046875,52.35745168992728,32.5801900636603,-1.1446081513353192,-0.0832420011942464
2016-05-05,49.869998931884766,50.29999923706055,49.72999954223633,49.939998626708984,25390700,53.009999656677245,53.28139976501465,52.12721806485887,33.15500359978026,-1.186274034077421,0.046711133830222185
2016-05-06,49.91999816894531,50.38999938964844,49.65999984741211,50.38999938964844,24787300,52.8084997177124,53.24719978332519,51.961768667219786,36.88066728417936,-1.1695019550331622,-0.023764606726084714
2016-05-09,50.4900016784668,50.59000015258789,50.0,50.06999969482422,17951600,52.596499633789065,53.222599792480466,51.781600193658306,35.37092719909164,-1.1685608208387848,-0.2757742876392346
2016-05-10,50.33000183105469,51.099998474121094,50.189998626708984,51.02000045776367,22891000,52.4149995803833,53.225399780273435,51.70906688547787,42.85047153264333,-1.0787229959125355,0.27515096147418605
2016-05-11,51.130001068115234,51.779998779296875,51.0,51.04999923706055,24039100,52.19999961853027,53.194799728393555,51.64629853800955,43.074507796700004,-0.9936510310729929,0.05015508278362679
2016-05-12,51.20000076293945,51.810001373291016,50.91999816894531,51.5099983215332,24102800,52.00749950408935,53.16599967956543,51.63331756501181,46.53556457123306,-0.878980464633095,0.002649849619994038
2016-05-13,51.439998626708984,51.900001525878906,51.040000915527344,51.08000183105469,22592300,51.77899951934815,53.140599746704105,51.58062082844446,43.851581240516026,-0.8134236956983258,-0.06266906749423307
2016-05-16,50.79999923706055,51.959999084472656,50.75,51.83000183105469,20032000,51.547499656677246,53.13659980773926,51.60437140012162,49.33992940031159,-0.6929627092599944,-0.11332622176582285
2016-05-17,51.720001220703125,51.72999954223633,50.36000061035156,50.5099983215332,27803500,51.253499603271486,53.12619979858398,51.50014539263701,41.627623499494696,-0.6959868578611932,0.3879542731629393
2016-05-18,50.47999954223633,51.13999938964844,50.29999923706055,50.810001373291016,24907500,51.01449966430664,53.10939979553223,51.434417390794536,43.77853790923711,-0.6664928635155078,-0.10415954825831275
2016-05-19,50.470001220703125,50.619998931884766,49.81999969482422,50.31999969482422,23842400,50.741499710083005,53.05899978637695,51.328282372130694,41.11376858888472,-0.6748781259028149,-0.0427622202147947
2016-05-20,50.47999954223633,51.220001220703125,50.400001525878906,50.619998931884766,23905800,50.6834997177124,53.030399780273434,51.260826806392984,43.38588387660316,-0.6498252940372993,0.0026591282756769363
2016-05-23,50.599998474121094,50.68000030517578,49.97999954223633,50.029998779296875,26118700,50.57949962615967,52.96959976196289,51.14360508952669,40.108204418579945,-0.6698571297446918,0.09256749408093423
2016-05-24,50.70000076293945,51.709999084472656,50.400001525878906,51.59000015258789,34757900,50.58699970245361,52.93799980163574,51.186118905056325,50.711104246739836,-0.5534733344410014,0.3307668452105197
2016-05-25,51.91999816894531,52.4900016784668,51.790000915527344,52.119998931884766,24040200,50.6459997177124,52.90859977722168,51.27505985999237,53.709466376935566,-0.41370295590370887,-0.308352921206402
2016-05-26,51.93000030517578,51.97999954223633,51.36000061035156,51.88999938964844,24335200,50.74549961090088,52.85939979553223,51.33362552948342,52.22473453609948,-0.317829227303271,0.012271112553140062
2016-05-27,51.91999816894531,52.31999969482422,51.77000045776367,52.31999969482422,17721400,50.86799964904785,52.81259979248047,51.427565926182545,54.74359281770027,-0.2047904785304624,-0.271779151188402
2016-05-31,52.2599983215332,53.0,52.08000183105469,53.0,37653100,50.98749961853027,52.802799758911135,51.5773215522604,58.47234136904729,-0.059648523055912506,1.124724908867245
2016-06-01,52.439998626708984,52.95000076293945,52.439998626708984,52.849998474121094,25324800,51.14099960327148,52.782599716186525,51.6985288781519,57.34984099283542,0.042780505784868694,-0.3274179284043014
2016-06-02,52.63999938964844,52.7400016784668,51.84000015258789,52.47999954223633,22840800,51.27149963378906,52.75079971313477,51.77295465568375,54.56720013142869,0.0930280579652134,-0.09808567096285059
2016-06-03,52.380001068115234,52.41999816894531,51.599998474121094,51.790000915527344,23368300,51.36399974822998,52.70719970703125,51.774578109002185,49.72205847001202,0.07629302397627669,0.023094637665931117
2016-06-06,51.9900016784668,52.349998474121094,51.88999938964844,52.130001068115234,18243300,51.45099983215332,52.6655997467041,51.808427914632,51.98447248465011,0.0894346132343884,-0.21931419915013073
2016-06-07,52.2400016784668,52.72999954223633,52.099998474121094,52.099998474121094,20866800,51.552499771118164,52.63679969787598,51.836196539345245,51.76312253025681,0.09631816298142581,0.14380621926953996
2016-06-08,52.02000045776367,52.439998626708984,51.869998931884766,52.040000915527344,21149400,51.603499794006346,52.58339973449707,51.85560647993402,51.292772231154295,0.09582748459932589,0.013543044453390163
2016-06-09,52.0,52.0,51.4900016784668,51.619998931884766,20305700,51.631999778747556,52.514799728393555,51.83316766583409,48.0043753530892,0.06084656711936276,-0.039892384653938184
2016-06-10,51.04999923706055,52.04999923706055,51.040000915527344,51.47999954223633,25833200,51.630499839782715,52.43979972839355,51.799532606443826,46.92446703135785,0.02157841473866995,0.2722142058633783
2016-06-13,49.58000183105469,50.720001220703125,49.060001373291016,50.13999938964844,83217800,51.5834997177124,52.33119972229004,51.64148182389189,38.09164992111663,-0.11632773864055679,2.2213508198751994
2016-06-14,49.900001525878906,50.099998474121094,49.56999969482422,49.83000183105469,42577100,51.483499717712405,52.21919975280762,51.46895991981216,36.38531552993355,-0.2477773479435399,-0.488365469887452
2016-06-15,49.779998779296875,50.119998931884766,49.689998626708984,49.689998626708984,33757600,51.44249973297119,52.12179969787598,51.29953503475471,35.60948924408048,-0.3591096068843527,-0.20714186734183404
2016-06-16,49.52000045776367,50.470001220703125,49.5099983215332,50.38999938964844,31188600,51.42149963378906,52.02719970703125,51.21291259236364,42.240873339223114,-0.38640280180994324,-0.07610138161480673
2016-06-17,50.40999984741211,50.43000030517578,49.81999969482422,50.130001068115234,45710500,51.41199970245361,51.9405997467041,51.109778161482836,40.56962857641768,-0.42412351520090397,0.46561564161264046
2016-06-20,50.63999938964844,50.83000183105469,50.029998779296875,50.06999969482422,35607900,51.38449974060059,51.85359977722168,51.01075164084868,40.17459500288428,-0.45362989860221603,-0.22101267761236476
2016-06-21,50.20000076293945,51.43000030517578,50.15999984741211,51.189998626708984,34097800,51.44249973297119,51.79119972229004,51.02782278235919,49.967777966831285,-0.3822332198220977,-0.04240912831141408
2016-06-22,51.08000183105469,51.459999084472656,50.95000076293945,50.9900016784668,28816800,51.412499809265135,51.7179997253418,51.02422077246467,48.4428192906433,-0.3378938893575949,-0.15487802732141076
2016-06-23,51.279998779296875,52.060001373291016,51.150001525878906,51.90999984741211,29028800,51.4019998550415,51.64919975280762,51.108580684364426,55.21392127160586,-0.22591428774609312,0.00735681963299184
2016-06-24,49.810001373291016,50.939998626708984,49.52000045776367,49.83000183105469,133503000,51.29899997711182,51.53859977722168,50.9868112697635,41.83617846747547,-0.3015322275291723,3.598984456815301
2016-06-27,49.099998474121094,49.150001525878906,48.040000915527344,48.43000030517578,50216300,51.1045000076294,51.394199752807616,50.74330546361229,35.586351591471285,-0.4690218208478072,-0.6238563927402381
2016-06-28,48.91999816894531,49.470001220703125,48.66999816894531,49.439998626708984,38140700,50.926499938964845,51.253799743652344,50.61918100295483,42.2849215447418,-0.5143312165067897,-0.24047171934212597
2016-06-29,49.90999984741211,50.720001220703125,49.79999923706055,50.540000915527344,31304000,50.81100006103516,51.13679977416992,50.61164004224745,48.55927396132585,-0.45621923603179937,-0.17924946317188728
2016-06-30,50.720001220703125,51.29999923706055,50.5,51.16999816894531,28527800,50.745499992370604,51.04839973449707,50.66481700669487,51.79171805958616,-0.3552346358310743,-0.08868515205724503
2016-07-01,51.130001068115234,51.720001220703125,51.06999969482422,51.15999984741211,21400400,50.71399993896485,50.955999755859374,50.71197727723937,51.736154353770026,-0.27286497601457427,-0.24984050645335432
2016-07-05,50.83000183105469,51.279998779296875,50.7400016784668,51.16999816894531,24806400,50.665999794006346,50.94379974365234,50.7555983145447,51.79185189418928,-0.20442318297603634,0.1591559036279695
2016-07-06,50.779998779296875,51.540000915527344,50.38999938964844,51.380001068115234,28167500,50.62999992370605,50.92919975280762,50.81506524345618,53.01823537897887,-0.13171871860492956,0.13549325980392157
2016-07-07,51.41999816894531,51.61000061035156,51.06999969482422,51.380001068115234,19585200,50.596999931335446,50.92799980163574,50.86886865532847,53.018235378978865,-0.07325546340129563,-0.30468802698145026
2016-07-08,51.72999954223633,52.36000061035156,51.54999923706055,52.29999923706055,28391000,50.63099994659424,50.955199813842775,51.00516680596962,58.39567304536157,0.04677406869292611,0.44961501541980686
2016-07-11,52.5,52.83000183105469,52.470001220703125,52.59000015258789,22269200,50.686499977111815,51.008999786376954,51.156103315171364,59.95173490025532,0.1634152387382457,-0.21562466978972206
2016-07-12,52.939998626708984,53.400001525878906,52.790000915527344,53.209999084472656,27317600,50.839999961853025,51.075799789428714,51.3517124360572,63.126953518808946,0.3023970931550011,0.2266987588238465
2016-07-13,53.560001373291016,53.86000061035156,53.18000030517578,53.5099983215332,25356800,51.023999786376955,51.13379974365235,51.5572634727692,64.58990819167963,0.4317714527837282,-0.07177790142618679
2016-07-14,53.84000015258789,53.9900016784668,53.58000183105469,53.7400016784668,24545500,51.22649993896484,51.21299980163574,51.765143301883256,65.7130871053605,0.5465605042962807,-0.03199536219081267
2016-07-15,53.95000076293945,54.0,53.209999084472656,53.70000076293945,32024400,51.39200000762939,51.289599838256834,51.94941544103146,65.32500663197197,0.6270753804045484,0.3046953616752561
2016-07-18,53.70000076293945,54.34000015258789,53.54999923706055,53.959999084472656,31433900,51.583499908447266,51.36999984741211,52.14089959754967,66.70151754505953,0.7037512847096323,-0.018439065212775274
2016-07-19,53.709999084472656,53.900001525878906,52.93000030517578,53.09000015258789,53336500,51.73449993133545,51.4239998626709,52.23129012660093,58.353841577602275,0.6864034170523254,0.6967827727389857
2016-07-20,56.150001525878906,56.84000015258789,55.529998779296875,55.90999984741211,89893300,51.970499992370605,51.540799865722654,52.58164343334485,71.01590810738594,0.8899467622976545,0.6853993044163003
2016-07-21,55.97999954223633,56.22999954223633,55.7599983215332,55.79999923706055,32776700,52.21099987030029,51.636399841308595,52.8881535098892,70.12032828173709,1.0305012232760902,-0.6353821697501372
2016-07-22,56.08000183105469,56.630001068115234,55.779998779296875,56.56999969482422,32157200,52.4439998626709,51.746799850463866,53.23880552750206,72.71429504698352,1.1903031739693901,-0.018900621478062152
2016-07-25,56.470001220703125,56.7400016784668,56.2599983215332,56.72999954223633,25610600,52.78899974822998,51.85119987487793,53.571300195571986,73.2342682648726,1.3147029445458003,-0.2035811575634695
2016-07-26,56.52000045776367,57.290000915527344,56.5099983215332,56.7599983215332,28079000,53.20549964904785,51.9647998046875,53.87498573137782,73.33686315620812,1.3995778475390779,0.09638196684185463
2016-07-27,56.61000061035156,56.79999923706055,56.11000061035156,56.189998626708984,32327500,53.54299964904785,52.051999740600586,54.09546314998079,68.00313049175341,1.404655612433423,0.15130524591331596
2016-07-28,56.0,56.369998931884766,55.720001220703125,56.209999084472656,37550400,53.82649955749512,52.165999755859374,54.2968475246943,68.09082542069038,1.3942219250077699,0.16156213749903325
2016-07-29,56.2599983215332,56.7599983215332,56.04999923706055,56.68000030517578,30558700,54.10199966430664,52.28339973449707,54.52381445616873,70.16050089158472,1.40765178950236,-0.18619508713622224
2016-08-01,56.599998474121094,56.75,56.13999938964844,56.58000183105469,26003400,54.37299976348877,52.40859977722168,54.719641825205485,69.13307238532312,1.3941550610197808,-0.14906720508398585
2016-08-02,56.849998474121094,56.900001525878906,56.310001373291016,56.58000183105469,35122000,54.64349994659424,52.52779983520508,54.8968189686197,69.13307238532312,1.3676928941343434,0.35066952783097594
2016-08-03,56.68000030517578,57.11000061035156,56.4900016784668,56.970001220703125,22075600,54.922999954223634,52.666599884033204,55.09426489738955,71.0505867126625,1.3624852458156056,-0.37145948408404983
2016-08-04,56.79999923706055,57.52000045776367,56.66999816894531,57.38999938964844,26587700,55.223499870300294,52.78259986877441,55.31290627760468,72.99612363855832,1.3763824095180368,0.204393085578648
2016-08-05,57.650001525878906,58.209999084472656,57.45000076293945,57.959999084472656,29335200,55.5064998626709,52.89939987182617,55.56501035444925,75.41129159447073,1.4170552922393327,0.10333725745363465
2016-08-08,58.060001373291016,58.09000015258789,57.779998779296875,58.060001373291016,19473500,55.77999992370606,53.02279991149902,55.802628546719895,75.81989262016678,1.440750123197489,-0.3361729253592953
2016-08-09,58.16999816894531,58.5,58.02000045776367,58.20000076293945,16920700,56.029500007629395,53.14039993286133,56.030949710169374,76.41087754952775,1.4540636871030728,-0.1310909697794439
2016-08-10,58.15999984741211,58.31999969482422,57.81999969482422,58.02000045776367,15756900,56.25500011444092,53.2407999420166,56.220383114702166,73.90966166736632,1.4335650169626177,-0.06877966041594019
2016-08-11,58.029998779296875,58.45000076293945,58.029998779296875,58.29999923706055,18162300,56.48299999237061,53.349799957275394,56.41844179302201,75.26597006959065,1.4235039670020413,0.15265693124916702
2016-08-12,58.029998779296875,58.189998626708984,57.619998931884766,57.939998626708984,21655200,56.694999885559085,53.458999938964844,56.56335196765887,70.21211721681932,1.3706811131644017,0.1923159511735848
2016-08-15,58.0099983215332,58.5,57.959999084472656,58.119998931884766,19283900,56.90299987792969,53.58559989929199,56.71160405948991,71.2515422419196,1.3280343874860918,-0.10950256751265286
2016-08-16,57.61000061035156,57.619998931884766,57.27000045776367,57.439998626708984,20523500,57.120499801635745,53.691799850463866,56.78097497065363,62.39393430370619,1.2252423770689944,0.06428160278781792
2016-08-17,57.540000915527344,57.68000030517578,57.22999954223633,57.560001373291016,18856400,57.202999877929685,53.80099990844727,56.855167961381,63.261906007154714,1.1403173187536595,-0.08122883523765445
2016-08-18,57.41999816894531,57.70000076293945,57.27000045776367,57.599998474121094,14214300,57.292999839782716,53.91219985961914,56.92610420068958,63.56376434684812,1.063976174911815,-0.24618166776266948
2016-08-19,57.43000030517578,57.72999954223633,57.20000076293945,57.619998931884766,17271000,57.34549980163574,54.03219985961914,56.992189413184356,63.724273124605766,0.9936351309267124,0.21504400498089948
2016-08-22,57.599998474121094,57.75,57.2599983215332,57.66999816894531,15221900,57.39249973297119,54.15599983215332,57.05674262801873,64.14944961039089,0.9311896922317899,-0.11864396966012392
2016-08-23,57.900001525878906,58.18000030517578,57.849998474121094,57.88999938964844,18732400,57.44899978637695,54.31099983215332,57.13610041484061,66.03579396995258,0.8892033098091616,0.23062167009374646
2016-08-24,57.79999923706055,58.040000915527344,57.720001220703125,57.95000076293945,18151500,57.53699989318848,54.473399810791015,57.21361473370717,66.55269460904645,0.850961059229931,-0.031010441801370914
2016-08-25,57.880001068115234,58.290000915527344,57.779998779296875,58.16999816894531,18552600,57.63499984741211,54.64299980163574,57.304698870396514,68.44871789643719,0.8288512706884958,0.022097347326667238
2016-08-26,58.279998779296875,58.70000076293945,57.689998626708984,58.029998779296875,20971200,57.70249977111816,54.79579978942871,57.37377505219655,65.8890192409763,0.7909151457830674,0.13036447721613142
2016-08-29,58.18000030517578,58.599998474121094,58.099998474121094,58.099998474121094,16417200,57.778499603271484,54.95519973754883,57.44293918761794,66.5623279685751,0.757763853825665,-0.21715495536736096
2016-08-30,57.97999954223633,58.189998626708984,57.61000061035156,57.88999938964844,16930200,57.84399948120117,55.11159973144531,57.48551634971608,62.57202228372759,0.7064030701538115,0.031247715810247767
2016-08-31,57.650001525878906,57.79999923706055,57.29999923706055,57.459999084472656,20860300,57.86849937438965,55.23699974060059,57.48308613397861,55.266137436392164,0.6238109438424218,0.23213547388690037
2016-09-01,57.0099983215332,57.81999969482422,57.0099983215332,57.59000015258789,26075400,57.87849941253662,55.36899971008301,57.49326842146521,56.90441779249219,0.5623635119228325,0.25000119844872803
2016-09-02,57.66999816894531,58.189998626708984,57.41999816894531,57.66999816894531,18900500,57.863999366760254,55.48419967651367,57.510099825987126,57.92556211794952,0.5141938442089611,-0.27515972909332165
2016-09-06,57.779998779296875,57.79999923706055,57.209999084472656,57.61000061035156,16278400,57.84149932861328,55.63979965209961,57.519614186402784,56.83780798972633,0.46580818711843364,-0.13873177958255067
2016-09-07,57.470001220703125,57.84000015258789,57.40999984741211,57.65999984741211,17493400,57.81449928283691,55.824399642944336,57.532984249356055,57.55316085512104,0.42657938423901953,0.07463878513858857
2016-09-08,57.630001068115234,57.790000915527344,57.18000030517578,57.43000030517578,20146100,57.78499927520752,55.98419967651367,57.52317625467222,53.1863415238472,0.3726357218133387,0.15164004710347911
2016-09-09,56.790000915527344,57.52000045776367,56.209999084472656,56.209999084472656,35113900,57.68049926757813,56.09759963989258,57.398111762272265,37.10437532015126,0.2288035729985225,0.7429626577848814
2016-09-12,56.0,57.209999084472656,55.61000061035156,57.04999923706055,29303000,57.635999298095705,56.215199661254886,57.36495818844258,48.62323667548323,0.18051567857228434,-0.16548717174680116
2016-09-13,56.5,56.650001525878906,56.04999923706055,56.529998779296875,30130200,57.556499290466306,56.32259963989258,57.28543824471441,43.332546040189555,0.09914460592587915,0.028229191550353194
2016-09-14,56.38999938964844,56.630001068115234,56.029998779296875,56.2599983215332,24062500,57.49749927520752,56.42439964294434,57.18777729964954,40.847257249331484,0.012723989917766687,-0.20138266589667508
2016-09-15,56.150001525878906,57.349998474121094,55.97999954223633,57.189998626708984,26847000,57.47899913787842,56.54059959411621,57.18798885460758,51.22421789765087,0.019058585880792123,0.11571948051948056
2016-09-16,57.630001068115234,57.630001068115234,56.75,57.25,44607000,57.46149921417236,56.65799957275391,57.193894677978285,51.81157309390861,0.028590830890635743,0.6615264275338026
2016-09-19,57.27000045776367,57.75,56.849998474121094,56.93000030517578,20937100,57.42699928283692,56.75059959411621,57.168761880568525,48.459968637937756,0.010206251400795452,-0.530631963593158
2016-09-20,57.349998474121094,57.349998474121094,56.75,56.810001373291016,17384000,57.3839994430542,56.834999618530276,57.134594213208764,47.22623389771654,-0.013886496343026522,-0.16970354060495485
2016-09-21,57.5099983215332,57.849998474121094,57.08000183105469,57.7599983215332,33707300,57.377499389648435,56.925999603271485,57.19415650923966,56.638113210966935,0.04317890225128451,0.9389841233317993
2016-09-22,57.91999816894531,58.0,57.630001068115234,57.81999969482422,19822200,57.370999336242676,57.01219963073731,57.25376062215248,57.15781420291499,0.09218262719879533,-0.4119315400521548
2016-09-23,57.869998931884766,57.90999984741211,57.380001068115234,57.43000030517578,19955300,57.333999443054196,57.08599960327148,57.27054535386898,52.73374971976404,0.09841428230311067,0.006714693626338253
2016-09-26,57.08000183105469,57.13999938964844,56.83000183105469,56.900001525878906,21688700,57.2774995803833,57.14999961853027,57.235255465488976,47.36804330523966,0.05989599798448353,0.08686414135593057
2016-09-27,56.93000030517578,58.060001373291016,56.68000030517578,57.95000076293945,28065100,57.26999969482422,57.22979965209961,57.30332644619855,56.75585492116369,0.11279590242361337,0.2939964128785957
2016-09-28,57.880001068115234,58.060001373291016,57.66999816894531,58.029998779296875,20536400,57.27699966430664,57.32859962463379,57.37253333506506,57.37960022269081,0.15933788125288117,-0.2682584419795404
2016-09-29,57.810001373291016,58.16999816894531,57.209999084472656,57.400001525878906,25463500,57.273999786376955,57.358399658203126,57.3751493532378,51.12554074470664,0.14373038711423902,0.2399203365731093
2016-09-30,57.56999969482422,57.77000045776367,57.34000015258789,57.599998474121094,29910800,57.27449970245361,57.394399642944336,57.396563555226685,52.881308647075166,0.14581851279571367,0.17465391639012706
2016-10-03,57.40999984741211,57.54999923706055,57.060001373291016,57.41999816894531,19189500,57.261999702453615,57.411399612426756,57.398795423199886,51.10197504064154,0.13143376056294898,-0.3584424355082445
2016-10-04,57.27000045776367,57.599998474121094,56.970001220703125,57.2400016784668,20085900,57.243499755859375,57.42159965515137,57.383672209415785,49.31503487260618,0.10430714050693268,0.04671304619713901
2016-10-05,57.290000915527344,57.959999084472656,57.2599983215332,57.63999938964844,16726400,57.24249973297119,57.439199676513674,57.4080843218189,53.229084674844515,0.11377405456862988,-0.16725663276228597
2016-10-06,57.7400016784668,57.86000061035156,57.279998779296875,57.7400016784668,16212600,57.25799980163574,57.470199737548825,57.43969549864251,54.18171229132721,0.12787197261879157,-0.03071790702123589
2016-10-07,57.849998474121094,57.97999954223633,57.41999816894531,57.79999923706055,20089000,57.33749980926514,57.50199974060059,57.47401014039661,54.77684859477636,0.14224624958159637,0.2390979855174371
2016-10-10,57.90999984741211,58.38999938964844,57.869998931884766,58.040000915527344,18196500,57.386999893188474,57.529199752807614,57.52791402374239,57.17324229061877,0.17103254064574003,-0.09420578426004278
2016-10-11,57.88999938964844,58.02000045776367,56.88999938964844,57.189998626708984,26497400,57.41999988555908,57.5413996887207,57.4957316049773,47.56074015267834,0.12383036341822873,0.4561811337345094
2016-10-12,57.11000061035156,57.27000045776367,56.400001525878906,57.11000061035156,22177500,57.4625,57.55199966430664,57.45899531977485,46.76385138416322,0.07905582025797742,-0.16303108984277703
2016-10-13,56.70000076293945,57.29999923706055,56.31999969482422,56.91999816894531,25313700,57.44899997711182,57.550999603271485,57.40766225779108,44.842089443006415,0.02791823903439905,0.1414135948596551
2016-10-14,57.119998931884766,57.7400016784668,57.119998931884766,57.41999816894531,27402500,57.45749988555908,57.55159957885742,57.40883710647243,50.59580810981715,0.027421065836044534,0.08251658192994316
2016-10-17,57.36000061035156,57.459999084472656,56.869998931884766,57.220001220703125,23830000,57.471999931335446,57.536799621582034,57.39085273639917,48.42008122568055,0.010764879386840676,-0.1303713164857221
2016-10-18,57.529998779296875,57.95000076293945,57.40999984741211,57.65999984741211,19149500,57.51449985504151,57.528799591064455,57.416485794590876,53.18930366248928,0.03269208952008995,-0.19641208560637846
2016-10-19,57.470001220703125,57.84000015258789,57.400001525878906,57.529998779296875,22878400,57.50299987792969,57.5153995513916,57.427296555039064,51.66918048494816,0.03912851265780404,0.1947257108540692
2016-10-20,57.5,57.52000045776367,56.65999984741211,57.25,49455600,57.47449989318848,57.49999954223633,57.41041116884487,48.456965589269586,0.0213893003840937,1.1616721449052383
2016-10-21,60.279998779296875,60.45000076293945,59.4900016784668,59.65999984741211,80032200,57.58599987030029,57.52719955444336,57.624657709660795,67.30042638812589,0.19949800451723831,0.6182636546720695
2016-10-24,59.939998626708984,61.0,59.93000030517578,61.0,54067000,57.790999794006346,57.58839958190918,57.946118880169294,73.17307590407296,0.4436629785656905,-0.32443441514790294
2016-10-25,60.849998474121094,61.369998931884766,60.79999923706055,60.9900016784668,35137200,57.942999839782715,57.64579963684082,58.236012480007155,73.06763139802902,0.6291067476429859,-0.3501174468714743
2016-10-26,60.810001373291016,61.20000076293945,60.470001220703125,60.630001068115234,29911600,58.07299995422363,57.70959968566895,58.464011393160305,69.20088984264763,0.7385101448391111,-0.14871987523194796
2016-10-27,60.61000061035156,60.83000183105469,60.09000015258789,60.099998474121094,28479900,58.207999801635744,57.760399627685544,58.619819686585146,63.84414872004319,0.773529577938092,-0.047864373687800055
2016-10-28,60.0099983215332,60.52000045776367,59.58000183105469,59.869998931884766,33574700,58.321499824523926,57.80579963684082,58.73888437661368,61.615148363505405,0.7738037620060467,0.17889107756698586
2016-10-31,60.15999984741211,60.41999816894531,59.91999816894531,59.91999816894531,26434700,58.446499824523926,57.85179962158203,58.85137140445479,61.92634485961528,0.7691888452207394,-0.21266012801305745
2016-11-01,59.970001220703125,60.02000045776367,59.25,59.79999923706055,24533000,58.574499702453615,57.894399642944336,58.941716912322,60.65535333265921,0.7472349204640025,-0.07193953402157016
2016-11-02,59.81999969482422,59.93000030517578,59.29999923706055,59.43000030517578,22147000,58.66399974822998,57.92519966125488,58.98822009259379,56.78535042031582,0.6920034700858437,-0.09725675620592666
2016-11-03,59.529998779296875,59.63999938964844,59.11000061035156,59.209999084472656,21600400,58.73749961853027,57.95039962768555,59.00934190134416,54.55641600047182,0.6232949318692533,-0.024680543640222097
2016-11-04,58.650001525878906,59.279998779296875,58.52000045776367,58.709999084472656,28697000,58.78299961090088,57.961199645996096,58.98083306164211,49.77454479468416,0.5224743400258305,0.3285402122182923
2016-11-07,59.779998779296875,60.52000045776367,59.779998779296875,60.41999816894531,31664800,58.90199947357178,58.00899963378906,59.11789640519479,62.031573403698935,0.5739399076844975,0.1034184757988641
2016-11-08,60.54999923706055,60.779998779296875,60.150001525878906,60.470001220703125,22935400,59.065999603271486,58.0563996887207,59.24666829238606,62.32113730548523,0.6117101553329718,-0.27568151385765893
2016-11-09,60.0,60.59000015258789,59.20000076293945,60.16999816894531,49632500,59.21899948120117,58.10199966430664,59.33460447110599,59.39441656456342,0.6103993064235098,1.164012836052565
2016-11-10,60.47999954223633,60.4900016784668,57.630001068115234,58.70000076293945,57822400,59.30799961090088,58.126799697875974,59.274166022709174,47.59886852964852,0.48515142025838287,0.16501082959754187
2016-11-11,58.22999954223633,59.119998931884766,58.0099983215332,59.02000045776367,38767800,59.3879997253418,58.15539970397949,59.24995977842865,49.930005159951385,0.4070209845849817,-0.3295366501563408
2016-11-14,59.02000045776367,59.08000183105469,57.279998779296875,58.119998931884766,41328400,59.43299961090088,58.16439971923828,59.14234445971018,44.001166656086774,0.2693742709863045,0.06604965976918997
2016-11-15,58.33000183105469,59.4900016784668,58.31999969482422,58.869998931884766,35904100,59.49349956512451,58.189599685668945,59.11640679039348,49.39395200047826,0.2182906717738149,-0.13124872968709167
2016-11-16,58.939998626708984,59.65999984741211,58.810001373291016,59.650001525878906,27332500,59.59949970245361,58.22939971923828,59.16722533663018,54.320830178576976,0.23800269502540772,-0.23873596608743852
2016-11-17,60.40999984741211,60.95000076293945,59.970001220703125,60.63999938964844,32132700,59.76899967193604,58.293599700927736,59.30748953215573,59.68561528848425,0.32970849502435584,0.17562242751303403
2016-11-18,60.779998779296875,61.13999938964844,60.29999923706055,60.349998474121094,27686300,59.80349960327148,58.3763996887207,59.40677609805719,57.55328706211818,0.3746664305937202,-0.1383761713145798
2016-11-21,60.5,60.970001220703125,60.41999816894531,60.86000061035156,19652600,59.79649963378906,58.452599716186526,59.54517843256142,60.243286367012416,0.4463041125699476,-0.2901687838389384
2016-11-22,60.97999954223633,61.2599983215332,60.810001373291016,61.119998931884766,23206700,59.80299949645996,58.54439971923828,59.69516133725888,61.58003069371256,0.5180850216756809,0.1808463002350833
2016-11-23,61.0099983215332,61.099998474121094,60.25,60.400001525878906,21848900,59.79149951934814,58.627199783325196,59.76228897427031,55.967968372128865,0.5109838323571907,-0.058508965083359565
2016-11-25,60.29999923706055,60.529998779296875,60.130001068115234,60.529998779296875,8409600,59.81299953460693,58.693999786376956,59.83540419379665,56.73464250205728,0.5099671961853645,-0.615101904443702
2016-11-28,60.34000015258789,61.02000045776367,60.209999084472656,60.61000061035156,20732600,59.849999618530276,58.76119979858399,59.90917528108759,57.22821381032333,0.5097410068336217,1.4653491248097414
2016-11-29,60.650001525878906,61.40999984741211,60.52000045776367,61.09000015258789,22366700,59.9084997177124,58.844399795532226,60.02163479265905,60.16454457520411,0.5420453404049965,0.07881790031158653
2016-11-30,60.86000061035156,61.18000030517578,60.220001220703125,60.2599983215332,34655400,59.93149967193604,58.91339973449707,60.044336081123255,53.3448768405329,0.4949668763052202,0.5494194494494047
2016-12-01,60.11000061035156,60.150001525878906,58.939998626708984,59.20000076293945,34542100,59.91999969482422,58.942199783325194,59.96392319367718,46.150266275927336,0.3678831817944328,-0.0032693317635924535
2016-12-02,59.08000183105469,59.470001220703125,58.79999923706055,59.25,25515700,59.92199974060058,58.97079978942871,59.89593050856507,46.51668368429895,0.2681123268658041,-0.2613159014651686
2016-12-05,59.70000076293945,60.59000015258789,59.560001373291016,60.220001220703125,23552700,59.99749984741211,59.02659980773926,59.926794385911556,53.17365097584311,0.2642678817571209,-0.07693302554897574
2016-12-06,60.43000030517578,60.459999084472656,59.79999923706055,59.95000076293945,19907000,59.973999977111816,59.08759979248047,59.929004517057066,51.26105797165867,0.2367057542662394,-0.15478904754019707
2016-12-07,60.0099983215332,61.380001068115234,59.79999923706055,61.369998931884766,30809000,60.018999862670896,59.155999755859376,60.06624208037399,59.50974082713216,0.32569020057225373,0.5476465564876676
2016-12-08,61.29999923706055,61.58000183105469,60.84000015258789,61.0099983215332,21220800,60.06099987030029,59.2155997467041,60.156123627151054,56.88141596381693,0.3629777927147657,-0.31121425557466975
2016-12-09,61.18000030517578,61.9900016784668,61.130001068115234,61.970001220703125,27349400,60.22449989318848,59.30699974060059,60.32887387415601,61.73484270167686,0.4646366469742773,0.28880155319309364
2016-12-12,61.81999969482422,62.29999923706055,61.720001220703125,62.16999816894531,20198100,60.381999778747556,59.39839973449707,60.50421904508833,62.677365337123284,0.5549430654479295,-0.2614792280635041
2016-12-13,62.5,63.41999816894531,62.2400016784668,62.97999954223633,35718900,60.624999809265134,59.50959976196289,60.740007663864326,66.29804761612739,0.6839873140821453,0.7684287135918726
2016-12-14,63.0,63.45000076293945,62.529998779296875,62.68000030517578,30352700,60.81549987792969,59.61839973449707,60.92476886779875,63.82831147625544,0.7533640675875191,-0.1502341897426852
2016-12-15,62.70000076293945,63.150001525878906,62.29999923706055,62.58000183105469,27669900,60.96199989318848,59.71719978332519,61.082410102394554,62.986040124229966,0.7911566421408978,-0.0883875240093962
2016-12-16,62.95000076293945,62.95000076293945,62.119998931884766,62.29999923706055,42453100,61.04499988555908,59.80839973449707,61.198370972362746,60.575635148465196,0.7894137897243141,0.5342700913266762
2016-12-19,62.560001373291016,63.77000045776367,62.41999816894531,63.619998931884766,34338200,61.208499908447266,59.92479972839355,61.42900220660294,66.98918427060607,0.884351259472524,-0.1911497629148401
2016-12-20,63.689998626708984,63.79999923706055,63.029998779296875,63.540000915527344,26028400,61.34249992370606,60.03479972839355,61.630049702690975,66.2853966068653,0.9422727827912141,-0.24199870697939907
2016-12-21,63.43000030517578,63.70000076293945,63.119998931884766,63.540000915527344,17096300,61.463500022888184,60.16179977416992,61.8119498181992,66.2853966068653,0.9769147422825881,-0.34316746323246916
2016-12-22,63.84000015258789,64.0999984741211,63.40999984741211,63.54999923706055,22176600,61.62099990844727,60.2905997467041,61.97747833428124,66.33666047883543,0.993720534003188,0.29715786456718707
2016-12-23,63.45000076293945,63.540000915527344,62.79999923706055,63.2400016784668,12403800,61.75650005340576,60.41699981689453,62.0977186527751,63.13146110743992,0.9708338643351695,-0.44068071751305427
2016-12-27,63.209999084472656,64.06999969482422,63.209999084472656,63.279998779296875,11763200,61.88999996185303,60.53419982910156,62.21031676006289,63.37733156654998,0.9450297310223377,-0.051645463486995946
2016-12-28,63.400001525878906,63.400001525878906,62.83000183105469,62.9900016784668,14653300,61.98500003814697,60.64959983825683,62.28457246657754,60.24051633753171,0.890909576012767,0.2456899483133841
2016-12-29,62.86000061035156,63.20000076293945,62.72999954223633,62.900001525878906,10250600,62.11700019836426,60.75439987182617,62.343184757939575,59.2602307907656,0.8311754301320136,-0.30045791732920235
2016-12-30,62.959999084472656,62.9900016784668,62.029998779296875,62.13999938964844,25579900,62.26400012969971,60.8465998840332,62.323833770483276,51.621046778233385,0.7142761376756326,1.4954539246483134
2017-01-03,62.790000915527344,62.84000015258789,62.130001068115234,62.58000183105469,20694100,62.430500221252444,60.9531999206543,62.348230728632934,55.220126386897576,0.6496483837815319,-0.19100152854389574
2017-01-04,62.47999954223633,62.75,62.119998931884766,62.29999923706055,21340000,62.53450012207031,61.005999908447265,62.343637253245085,52.5414004546388,0.5692743140156011,0.03121179466611257
2017-01-05,62.189998626708984,62.65999984741211,62.029998779296875,62.29999923706055,24876000,62.65200004577637,61.03199989318848,62.3394812517037,52.5414004546388,0.4998157201646265,0.16569821930646667
2017-01-06,62.29999923706055,63.150001525878906,62.040000915527344,62.84000015258789,19922900,62.72550010681152,61.0689998626709,62.38714971845458,57.18667755418218,0.48277768439564284,-0.19911159350377872
2017-01-09,62.7599983215332,63.08000183105469,62.540000915527344,62.63999938964844,20382700,62.807000160217285,61.10919982910156,62.41123063952066,55.0379526522017,0.44797257916386,0.023078969427141605
2017-01-10,62.72999954223633,63.06999969482422,62.279998779296875,62.619998931884766,18593000,62.83950004577637,61.15959983825684,62.43111333403153,54.81613946384648,0.41400304334397475,-0.08780485411648109
2017-01-11,62.61000061035156,63.22999954223633,62.43000030517578,63.189998626708984,21517300,62.89050006866455,61.22599983215332,62.50338812381033,59.789846451877466,0.4281408123788282,0.15727962136287843
2017-01-12,63.060001373291016,63.400001525878906,61.95000076293945,62.61000061035156,20968200,62.87200012207031,61.27979988098144,62.513541693957116,53.35406954741758,0.38807066644453414,-0.02551900098990112
2017-01-13,62.619998931884766,62.869998931884766,62.349998474121094,62.70000076293945,19422300,62.873000144958496,61.337799911499026,62.53129970052686,54.17829534869099,0.35943371907915633,-0.07372592783357657
2017-01-17,62.68000030517578,62.70000076293945,62.029998779296875,62.529998779296875,20664000,62.870499992370604,61.39979988098145,62.53117580326686,52.2984727007901,0.3193398417464266,0.0639316661775382
2017-01-18,62.66999816894531,62.70000076293945,62.119998931884766,62.5,19670100,62.88050003051758,61.465599899291995,62.52820667914621,51.95589377848758,0.2818949942997051,-0.0480981416957027
2017-01-19,62.2400016784668,62.97999954223633,62.20000076293945,62.29999923706055,18451700,62.81450004577637,61.53739990234375,62.50647263704281,49.622115153800905,0.2333909077260543,-0.061941728816833685
2017-01-20,62.66999816894531,62.81999969482422,62.369998931884766,62.7400016784668,30213500,62.77450008392334,61.58379997253418,62.52871349813081,54.46776394376574,0.22782931490758074,0.6374372009083173
2017-01-23,62.70000076293945,63.119998931884766,62.56999969482422,62.959999084472656,23097600,62.745499992370604,61.63359992980957,62.56978831587765,56.70983024016716,0.23842524676927468,-0.23552054545153656
2017-01-24,63.20000076293945,63.7400016784668,62.939998626708984,63.52000045776367,24672900,62.74400005340576,61.70059997558594,62.660284710342985,61.85837903254343,0.2886822801796356,0.06820189110556951
2017-01-25,63.95000076293945,64.0999984741211,63.45000076293945,63.68000030517578,23672700,62.765999984741214,61.80019996643066,62.75740048127944,63.204862824887826,0.33753114284251495,-0.04053840448427226
2017-01-26,64.12000274658203,64.54000091552734,63.54999923706055,64.2699966430664,43554600,62.81549987792969,61.90519989013672,62.90145725859249,67.72893671988419,0.41902176997032115,0.839866174961031
2017-01-27,65.38999938964844,65.91000366210938,64.88999938964844,65.77999877929688,44818000,62.95499973297119,62.05839988708496,63.17560407008814,75.897058995647,0.59854853690684,0.029007269037024885
2017-01-30,65.69000244140625,65.79000091552734,64.80000305175781,65.12999725341797,31651400,63.06649951934814,62.183599853515624,63.36173675421479,67.926813552932,0.6805303717652649,-0.2937792851086617
2017-01-31,64.86000061035156,65.1500015258789,64.26000213623047,64.6500015258789,25270500,63.19199962615967,62.283599853515625,63.48442863723042,62.69127313313965,0.6987155647222778,-0.20159929734545712
2017-02-01,64.36000061035156,64.62000274658203,63.470001220703125,63.58000183105469,39671500,63.24199962615967,62.34239990234375,63.49353084616607,52.9025157387885,0.6196445514721702,0.5698739637126293
2017-02-02,63.25,63.40999984741211,62.75,63.16999816894531,45827000,63.285499572753906,62.398799896240234,63.46271821024028,49.70017764298404,0.5179260062051299,0.15516176600330223
2017-02-03,63.5,63.70000076293945,63.06999969482422,63.68000030517578,30301800,63.354499626159665,62.45519989013672,63.48341174309128,53.47298789270404,0.47301362968431704,-0.3387784493857333
2017-02-06,63.5,63.650001525878906,63.13999938964844,63.63999938964844,19796400,63.39449958801269,62.505599899291994,63.498324852287205,53.13634241215408,0.4292444453631603,-0.3466922757063937
2017-02-07,63.7400016784668,63.779998779296875,63.22999954223633,63.43000030517578,20277200,63.433999633789064,62.56619987487793,63.491817752562305,51.310039388674774,0.3733086110753945,0.024287244145400066
2017-02-08,63.56999969482422,63.810001373291016,63.220001220703125,63.34000015258789,18096400,63.46999969482422,62.62239990234375,63.477358933517124,50.50880641333445,0.3180505109446301,-0.10754936579014851
2017-02-09,63.52000045776367,64.44000244140625,63.31999969482422,64.05999755859375,22644400,63.513499641418456,62.691399841308595,63.53284832638156,56.37747561184766,0.32856831091165617,0.2513207046705421
2017-02-10,64.25,64.30000305175781,63.97999954223633,64.0,18170700,63.58299961090088,62.749599838256835,63.57733896196427,55.78385691572622,0.3282782542354781,-0.1975631944321775
2017-02-13,64.23999786376953,64.86000061035156,64.12999725341797,64.72000122070312,22920100,63.683999633789064,62.83879989624023,63.68616393898702,61.079993605458256,0.3817459339414455,0.26137683193272676
2017-02-14,64.41000366210938,64.72000122070312,64.0199966430664,64.56999969482422,23108400,63.78599967956543,62.94619987487793,63.77033877287628,59.481512671632665,0.40732025148779627,0.008215496441987602
2017-02-15,64.5,64.56999969482422,64.16000366210938,64.52999877929688,17005200,63.88749961853027,63.051799850463865,63.842687344916335,59.0378043103831,0.419524327512093,-0.2641117515708573
2017-02-16,64.73999786376953,65.23999786376953,64.44000244140625,64.5199966430664,20546300,63.99849948883057,63.137799758911136,63.9071929923592,58.919450617280624,0.42350713031033393,0.20823630418930672
2017-02-17,64.47000122070312,64.69000244140625,64.30000305175781,64.62000274658203,21248800,64.09249954223633,63.23119979858399,63.97507963561851,59.787473944841544,0.4297789626371369,0.03419107089840989
2017-02-21,64.61000061035156,64.94999694824219,64.44999694824219,64.48999786376953,20655900,64.16899948120117,63.29359977722168,64.02411946687099,58.06971319155356,0.4194242655447553,-0.027902752155415822
2017-02-22,64.33000183105469,64.38999938964844,64.05000305175781,64.36000061035156,19292700,64.21099948883057,63.36059982299805,64.05610814720247,56.326990776368454,0.39616169614792796,-0.0659956719387681
2017-02-23,64.41999816894531,64.7300033569336,64.19000244140625,64.62000274658203,20273100,64.25799961090088,63.41359985351563,64.10981239476243,58.978639663751146,0.39416228431241507,0.0508171484551152
2017-02-24,64.52999877929688,64.80000305175781,64.13999938964844,64.62000274658203,21796800,64.27549991607665,63.46259994506836,64.15840195207858,58.978639663751146,0.38810391567419344,0.07515870784438494
2017-02-27,64.54000091552734,64.54000091552734,64.05000305175781,64.2300033569336,15871500,64.1980001449585,63.487600021362304,64.16522113349335,53.34424985167049,0.3478234314908235,-0.27184265580268663
2017-02-28,64.08000183105469,64.19999694824219,63.7599983215332,63.97999954223633,23239800,64.14050025939942,63.513600006103516,64.14758098194505,50.04382372897541,0.29235752354804845,0.4642472356110008
2017-03-01,64.12999725341797,64.98999786376953,64.0199966430664,64.94000244140625,26937500,64.15500030517578,63.560800018310545,64.22304969236993,60.22136500430896,0.3221510460503225,0.1591106636029569
2017-03-02,64.69000244140625,64.75,63.880001068115234,64.01000213623047,24539600,64.17650032043457,63.59500007629394,64.20275944892808,49.665301602814765,0.26763425391072815,-0.08901716937354986
2017-03-03,63.9900016784668,64.27999877929688,63.619998931884766,64.25,18135900,64.23050041198731,63.60760009765625,64.20725854903017,52.00344133985467,0.24101683320280642,-0.2609537237770787
2017-03-06,63.970001220703125,64.55999755859375,63.810001373291016,64.2699966430664,18750300,64.26000022888184,63.62220001220703,64.21323360560505,52.20266507404888,0.2190112718876236,0.03387755777215351
2017-03-07,64.19000244140625,64.77999877929688,64.19000244140625,64.4000015258789,18521000,64.29800033569336,63.639400024414066,64.23102102658352,53.55249973330998,0.20964535242755744,-0.01222913766713063
2017-03-08,64.26000213623047,65.08000183105469,64.25,64.98999786376953,21510900,64.37600021362304,63.66819999694824,64.30330453488695,59.185795623857885,0.24698349544667053,0.16143296798229034
2017-03-09,65.19000244140625,65.19999694824219,64.4800033569336,64.7300033569336,19846800,64.44550037384033,63.698000030517576,64.34394251793901,55.96462762778778,0.2526820970337553,-0.07736077988368684
2017-03-10,65.11000061035156,65.26000213623047,64.75,64.93000030517578,19538200,64.48900051116944,63.731000061035154,64.39975754529489,57.86434717852037,0.27022141782889264,-0.015549106153132985
2017-03-13,65.01000213623047,65.19000244140625,64.56999969482422,64.70999908447266,20100000,64.52450046539306,63.76540000915527,64.42930435854991,55.05090072861681,0.26333364964558825,0.028753928202188472
2017-03-14,64.52999877929688,64.55000305175781,64.1500015258789,64.41000366210938,14280200,64.50900058746338,63.79560005187988,64.42746619698414,51.38218245285327,0.23100503803543404,-0.289542288557214
2017-03-15,64.55000305175781,64.91999816894531,64.25,64.75,24833800,64.51800060272217,63.84780006408691,64.45818370203327,55.03920945941617,0.23016603266792401,0.7390372683855968
2017-03-16,64.75,64.76000213623047,64.30000305175781,64.63999938964844,20674300,64.52350063323975,63.88900001525879,64.47549948180614,53.63356680636838,0.21811074008508058,-0.1674934967665037
2017-03-17,64.91000366210938,65.23999786376953,64.68000030517578,64.87000274658203,49219700,64.54100093841552,63.94040008544922,64.5130712213086,56.154995120875775,0.22452796394124164,1.3807190569934655
2017-03-20,64.91000366210938,65.18000030517578,64.72000122070312,64.93000030517578,14598100,64.55650081634522,63.99300010681152,64.55277875310549,56.81471985310095,0.2317831102241712,-0.7034094072089021
2017-03-21,65.19000244140625,65.5,64.12999725341797,64.20999908447266,26640500,64.54250087738038,64.02040008544923,64.52013307037855,47.565251375731464,0.1773899438629769,0.8249292716175394
2017-03-22,64.12000274658203,65.13999938964844,64.12000274658203,65.02999877929688,20680000,64.57600078582763,64.06820007324218,64.56869170932315,56.29249440951123,0.19816575847922024,-0.22373829320020266
2017-03-23,64.94000244140625,65.23999786376953,64.7699966430664,64.87000274658203,19269200,64.58850078582763,64.11320014953613,64.5973879985859,54.390280364432044,0.19942159058614095,-0.06822050290135395
2017-03-24,65.36000061035156,65.44999694824219,64.76000213623047,64.9800033569336,22617100,64.60650081634522,64.14900024414062,64.63382755652377,55.503561140546076,0.2069078713750372,0.17374359080812907
2017-03-27,64.62999725341797,65.22000122070312,64.3499984741211,65.0999984741211,18614700,64.65000057220459,64.19880020141602,64.67822478677114,56.743920768069906,0.2199875266818765,-0.17696344801057606
2017-03-28,64.95999908447266,65.47000122070312,64.6500015258789,65.29000091552734,20080400,64.71550064086914,64.25060020446777,64.73648917998601,58.70674657395929,0.24288502942268053,0.07873884618070659
2017-03-29,65.12000274658203,65.5,64.94999694824219,65.47000122070312,13618400,64.74200057983398,64.3094002532959,64.80634746957811,60.53382981798989,0.2724157464624426,-0.32180633851915297
2017-03-30,65.41999816894531,65.9800033569336,65.36000061035156,65.70999908447266,15122800,64.82700042724609,64.37360023498535,64.8924095281395,62.89144078913839,0.3115930239143836,0.1104681900957527
2017-03-31,65.6500015258789,66.19000244140625,65.44999694824219,65.86000061035156,21040300,64.90750045776367,64.44480026245117,64.98456105977874,64.32585226241132,0.350702488097383,0.3912965852884387
2017-04-03,65.80999755859375,65.94000244140625,65.19000244140625,65.55000305175781,20400900,64.97150077819825,64.50100028991699,65.03841267806246,59.23030421603118,0.3526180466652278,-0.0303893005327871
2017-04-04,65.38999938964844,65.80999755859375,65.27999877929688,65.7300033569336,12997400,65.03800086975097,64.55640037536621,65.10427845700256,61.15448505735629,0.36445939984020015,-0.3629006563435927
2017-04-05,66.30000305175781,66.3499984741211,65.44000244140625,65.55999755859375,21448600,65.06650085449219,64.59720031738281,65.14768027620173,58.35325561563427,0.3560217137155348,0.6502223521627402
2017-04-06,65.5999984741211,66.05999755859375,65.4800033569336,65.7300033569336,18103500,65.11650085449219,64.63820037841796,65.20313961722381,60.31108257752367,0.35891547956843795,-0.15595889708419197
2017-04-07,65.8499984741211,65.95999908447266,65.44000244140625,65.68000030517578,14108500,65.15400085449218,64.66640045166015,65.24855492083829,59.426193929475666,0.35310362270820406,-0.22067555997459054
2017-04-10,65.61000061035156,65.81999969482422,65.36000061035156,65.52999877929688,17952700,65.1950008392334,64.66140045166016,65.27535909783434,56.736884151550576,0.3325602670044674,0.2724740404720558
2017-04-11,65.5999984741211,65.61000061035156,64.8499984741211,65.4800033569336,18791500,65.24850082397461,64.66840057373047,65.29484902727236,55.83000415348296,0.3086869458856256,0.04672277707531447
2017-04-12,65.41999816894531,65.51000213623047,65.11000061035156,65.2300033569336,17108500,65.27250099182129,64.68000061035156,65.28867324914486,51.405276998708544,0.2665219570217374,-0.08956176994917919
2017-04-13,65.29000091552734,65.86000061035156,64.94999694824219,64.94999694824219,17896500,65.28800086975097,64.70740051269532,65.25641836334461,46.91999796397578,0.20811272850603757,0.04605897653213309
2017-04-17,65.04000091552734,65.48999786376953,65.01000213623047,65.4800033569336,16689300,65.31850090026856,64.75360061645507,65.27771217225785,54.93524026140376,0.2022585709206055,-0.06745453021540526
2017-04-18,65.33000183105469,65.70999908447266,65.16000366210938,65.38999938964844,15155600,65.34150085449218,64.78780059814453,65.28840619296172,53.45895129130717,0.18818723558254646,-0.09189720359751452
2017-04-19,65.6500015258789,65.75,64.88999938964844,65.04000091552734,26992800,65.38300094604492,64.8158006286621,65.26474854749178,48.05123294770141,0.14709799502502108,0.7810446303676528
2017-04-20,65.45999908447266,65.75,65.13999938964844,65.5,22299500,65.40650100708008,64.8572006225586,65.28715344773066,54.557492913563195,0.1499243233208034,-0.17387229187042474
2017-04-21,65.66999816894531,66.69999694824219,65.44999694824219,66.4000015258789,32522600,65.48300094604492,64.91840065002441,65.39313897898288,64.04559304159585,0.22222513731699678,0.4584452566201036
2017-04-24,67.4800033569336,67.66000366210938,67.0999984741211,67.52999877929688,29770000,65.61050071716309,64.98780067443847,65.59664943615564,71.96135638409213,0.36648082505314505,-0.08463652967474922
2017-04-25,67.9000015258789,68.04000091552734,67.5999984741211,67.91999816894531,30242700,65.75150070190429,65.06620063781739,65.81792074404038,74.08220624145042,0.506436305786437,0.015878401074907567
2017-04-26,68.08000183105469,68.30999755859375,67.62000274658203,67.83000183105469,26190800,65.87850074768066,65.12840065002442,66.00954751423222,72.71534451357913,0.6031374867481816,-0.1339794396664319
2017-04-27,68.1500015258789,68.37999725341797,67.58000183105469,68.2699966430664,34971000,66.01850051879883,65.20240058898926,66.224828383645,75.13120991363132,0.7071264598359761,0.3352398552163356
2017-04-28,68.91000366210938,69.13999938964844,67.69000244140625,68.45999908447266,39548800,66.15600051879883,65.28100059509278,66.43770178372382,76.11472453940614,0.7956977707168136,0.13090274799119261
2017-05-01,68.68000030517578,69.55000305175781,68.5,69.41000366210938,31954400,66.33350067138672,65.37880073547363,66.72077815309387,80.30810985769433,0.9318073079908658,-0.19202605388785499
2017-05-02,69.70999908447266,69.70999908447266,69.12999725341797,69.30000305175781,23906100,66.52100067138672,65.47240074157715,66.9664186196333,78.58765637808023,1.0190519701804845,-0.2518682873094159
2017-05-03,69.37999725341797,69.37999725341797,68.70999908447266,69.08000183105469,28928000,66.68850059509278,65.56420082092285,67.1677122588163,75.12139084528258,1.058242967450397,0.21006772330074752
2017-05-04,69.02999877929688,69.08000183105469,68.63999938964844,68.80999755859375,21749400,66.85100059509277,65.6532007598877,67.32412038260462,70.98335505208696,1.0553496134632638,-0.2481540376106195
2017-05-05,68.9000015258789,69.02999877929688,68.48999786376953,69.0,19128800,67.01450042724609,65.74080070495606,67.4837279652137,72.14611388355877,1.0562128543722622,-0.12049068020267228
2017-05-08,68.97000122070312,69.05000305175781,68.41999816894531,68.94000244140625,18566100,67.17750053405761,65.82720069885254,67.62242077247014,71.17619305175745,1.040066438964459,-0.029416377399523186
2017-05-09,68.86000061035156,69.27999877929688,68.68000030517578,69.04000091552734,22858400,67.35300064086914,65.92340065002442,67.75742840514225,71.8553401147594,1.0235405907661317,0.23119017995163227
2017-05-10,68.98999786376953,69.55999755859375,68.91999816894531,69.30999755859375,17977800,67.54450035095215,66.03000061035156,67.9052921340424,73.6599322059077,1.0204669024135882,-0.21351450670213135
2017-05-11,68.36000061035156,68.7300033569336,68.12000274658203,68.45999908447266,28789400,67.7060001373291,66.10040054321288,67.95812136741671,60.506737563897246,0.9386233434905193,0.6013861540344203
2017-05-12,68.61000061035156,68.61000061035156,68.04000091552734,68.37999725341797,18714100,67.87750015258788,66.18780044555665,67.99830002322635,59.431065443624625,0.8574224222730322,-0.34996561234343193
2017-05-15,68.13999938964844,68.4800033569336,67.56999969482422,68.43000030517578,31530300,68.025,66.27140045166016,68.03941433579296,59.91078234914326,0.788021118641467,0.6848419106449148
2017-05-16,68.2300033569336,69.44000244140625,68.16000366210938,69.41000366210938,34956000,68.22600021362305,66.37420059204102,68.169946652585,67.91780757376682,0.8028434862223577,0.1086478720468882
2017-05-17,68.88999938964844,69.0999984741211,67.43000030517578,67.4800033569336,30548800,68.34800033569336,66.43580062866211,68.10423776728486,47.708420181114,0.6513471004529379,-0.12607849868405996
2017-05-18,67.4000015258789,68.12999725341797,67.13999938964844,67.70999908447266,25201300,68.458500289917,66.49020065307617,68.06669122606465,49.63183387501297,0.5435778294634588,-0.17504779238464363
2017-05-19,67.5,68.0999984741211,67.43000030517578,67.69000244140625,26961100,68.52300033569335,66.54940063476562,68.03081610371623,49.46148858378606,0.4513534224953162,0.06982973100594014
2017-05-22,67.88999938964844,68.5,67.5,68.44999694824219,16237600,68.56900024414062,66.61980056762695,68.07073808890918,55.68654717399841,0.434580546669622,-0.39773970646598245
2017-05-23,68.72000122070312,68.75,68.37999725341797,68.68000030517578,15425800,68.60700035095215,66.69920059204101,68.12876306188696,57.39684280706501,0.43483476591576675,-0.0499950731635217
2017-05-24,68.87000274658203,68.87999725341797,68.44999694824219,68.7699966430664,14593900,68.65400009155273,66.78640045166016,68.18983292676118,58.07862624694221,0.437257753636473,-0.0539291317144005
2017-05-25,68.97000122070312,69.87999725341797,68.91000366210938,69.62000274658203,21854100,68.72150039672852,66.8838005065918,68.32603957626793,63.9471184904137,0.5019798661922721,0.49748182459794843
2017-05-26,69.80000305175781,70.22000122070312,69.5199966430664,69.95999908447266,19827900,68.79650039672852,66.99020050048829,68.48165476752553,65.99751816693724,0.5740897207478497,-0.09271486814831087
2017-05-30,69.79000091552734,70.41000366210938,69.7699966430664,70.41000366210938,17072800,68.84650039672852,67.10100051879883,68.66530704320017,68.54719588903833,0.6599415136071798,-0.13895067051982313
2017-05-31,70.52999877929688,70.73999786376953,69.80999755859375,69.83999633789062,30436400,68.87350006103516,67.19920043945312,68.77718221412307,62.18630943162246,0.6742129435324244,0.7827421395436016
2017-06-01,70.23999786376953,70.61000061035156,69.44999694824219,70.0999984741211,21603600,68.92449989318848,67.3170004272461,68.90316471507526,63.83484907487558,0.6984518360388847,-0.2902051490977908
2017-06-02,70.44000244140625,71.86000061035156,70.23999786376953,71.76000213623047,34770300,69.0720001220703,67.45160049438476,69.175244469471,72.17541970921043,0.841904800808635,0.6094678664666999
2017-06-05,71.97000122070312,72.88999938964844,71.80999755859375,72.27999877929688,33316800,69.23600006103516,67.59980041503906,69.47093535612107,74.18392025439563,0.9861835817610682,-0.041802918007609935
2017-06-06,72.30000305175781,72.62000274658203,72.2699966430664,72.5199966430664,31511100,69.41499977111816,67.75060028076172,69.76132214535396,75.07808245370066,1.1071290821041515,-0.05419788214954613
2017-06-07,72.63999938964844,72.7699966430664,71.94999694824219,72.38999938964844,22301800,69.58249969482422,67.89640029907227,70.0116723590963,73.59124448351633,1.1788999458370029,-0.29225574480103833
2017-06-08,72.51000213623047,72.5199966430664,71.5,71.94999694824219,24588300,69.71449966430664,68.02960021972656,70.19627470091972,68.63660713971343,1.1865960124575423,0.1025253566976656
2017-06-09,72.04000091552734,72.08000183105469,68.58999633789062,70.31999969482422,49187400,69.80749969482422,68.12660018920899,70.20805803367253,54.104315598862854,1.0490749616743926,1.0004392332938838
2017-06-12,69.25,69.94000244140625,68.12999725341797,69.77999877929688,47761700,69.87749977111817,68.20800018310547,70.16729048563676,50.3043786494779,0.8862982823387,-0.02898506528094591
2017-06-13,70.0199966430664,70.81999969482422,69.95999908447266,70.6500015258789,25258600,69.98849983215332,68.30380020141601,70.21326296565982,55.702409894510154,0.8180683591410514,-0.47115366496586175
2017-06-14,70.91000366210938,71.0999984741211,69.43000030517578,70.2699966430664,25510700,70.03149948120117,68.3982000732422,70.21866617303188,52.99469518482458,0.7249753704383011,0.009980759028608066
2017-06-15,69.2699966430664,70.20999908447266,68.80000305175781,69.9000015258789,26068700,70.15249938964844,68.48160003662109,70.1883171590173,50.424523011526425,0.6142621605913945,0.02187317478548212
2017-06-16,69.7300033569336,70.02999877929688,69.22000122070312,70.0,48345100,70.26699943542481,68.57040008544922,70.17038219149184,51.11458983142378,0.5284979894379092,0.8545266929306026
2017-06-19,70.5,70.94000244140625,70.3499984741211,70.87000274658203,23798300,70.42599945068359,68.67320007324219,70.23701272054805,56.75455645861847,0.5246829976411505,-0.5077412188618908
2017-06-20,70.81999969482422,70.87000274658203,69.87000274658203,69.91000366210938,21512200,70.49899978637696,68.75780014038087,70.20586900069675,49.91174043917448,0.43913362698614833,-0.09606148338326692
2017-06-21,70.20999908447266,70.62000274658203,69.94000244140625,70.2699966430664,19891100,70.57849960327148,68.85260009765625,70.21197639520814,52.23731751129444,0.395820783763142,-0.07535723914801828
2017-06-22,70.54000091552734,70.58999633789062,69.70999908447266,70.26000213623047,22965700,70.65299987792969,68.94820007324219,70.21655027530551,52.16490306403146,0.35657815922529323,0.15457164259392386
2017-06-23,70.08999633789062,71.25,69.91999816894531,71.20999908447266,27617300,70.73249969482421,69.06779998779297,70.31116444760714,58.10929632225078,0.3975521767921606,0.20254553529829278
2017-06-26,71.4000015258789,71.70999908447266,70.44000244140625,70.52999877929688,19607000,70.76099967956543,69.17940002441406,70.33200581252997,53.02946062950307,0.37087877958076376,-0.2900464563878439
2017-06-27,70.11000061035156,70.18000030517578,69.18000030517578,69.20999908447266,25215100,70.7009994506836,69.25399993896484,70.22514802890547,44.83579351413267,0.24045515904931847,0.28602539909216107
2017-06-28,69.20999908447266,69.83999633789062,68.79000091552734,69.80000305175781,25806200,70.69899978637696,69.34220001220703,70.18465803108188,48.65460638806446,0.18259702458105664,0.02344230242989309
2017-06-29,69.37999725341797,69.48999786376953,68.08999633789062,68.48999786376953,28918700,70.61849975585938,69.41119995117188,70.02326182467118,41.74465972771795,0.030683861217056574,0.12061055095287188
2017-06-30,68.77999877929688,69.37999725341797,68.73999786376953,68.93000030517578,24161100,70.47699966430665,69.47979995727539,69.91914167995733,44.591068447866874,-0.05358618724616804,-0.1645163855913302
2017-07-03,69.33000183105469,69.5999984741211,68.0199966430664,68.16999816894531,16165500,70.27149963378906,69.51519989013671,69.75255658367047,40.87594119766636,-0.1796260117272368,-0.3309286414939717
2017-07-05,68.26000213623047,69.44000244140625,68.22000122070312,69.08000183105469,21176300,70.09949989318848,69.54619995117187,69.68850375008802,46.61162889238399,-0.20373525715837104,0.30996876063221057
2017-07-06,68.2699966430664,68.77999877929688,68.12000274658203,68.56999969482422,21117600,69.90849990844727,69.55919998168946,69.5819795543486,44.03342499028293,-0.26098642889449764,-0.002771966774176793
2017-07-07,68.69999694824219,69.83999633789062,68.69999694824219,69.45999908447266,16878300,69.78400001525878,69.59179992675782,69.57036236674138,49.303352257187946,-0.23187002889933694,-0.20074724400500055
2017-07-10,69.45999908447266,70.25,69.19999694824219,69.9800033569336,15014500,69.76700019836426,69.62600006103516,69.60937579437874,52.13904479035923,-0.16493381880482616,-0.11042581302619336
2017-07-11,70.0,70.68000030517578,69.75,69.98999786376953,17460000,69.77750015258789,69.6566000366211,69.6456255152731,52.19439227404338,-0.1098140488828534,0.16287588664291186
2017-07-12,70.69000244140625,71.27999877929688,70.55000305175781,71.1500015258789,17750900,69.8025001525879,69.69139999389648,69.78889942104507,58.23173255077522,0.02715830286398102,0.016660939289805166
2017-07-13,71.5,72.04000091552734,71.30999755859375,71.7699966430664,20269800,69.87750015258788,69.74079986572265,69.97757534695187,61.06216140906497,0.1836216270809956,0.1419026640902714
2017-07-14,72.23999786376953,73.2699966430664,71.95999908447266,72.77999877929688,25868100,70.0215000152588,69.8147998046875,70.24447281669902,65.19940556575426,0.384684269433734,0.2761892075896162
2017-07-17,72.80000305175781,73.44999694824219,72.72000122070312,73.3499984741211,21803900,70.18899993896484,69.90559982299804,70.54023716502493,67.31039471774298,0.5832981754859929,-0.15711242804844572
2017-07-18,73.08999633789062,73.38999938964844,72.66000366210938,73.30000305175781,26435300,70.31049995422363,69.9915998840332,70.80307201138045,66.92691671310551,0.7282718496633578,0.21241154105458193
2017-07-19,73.5,74.04000091552734,73.44999694824219,73.86000061035156,22416200,70.50799980163575,70.08999984741212,71.09420806842532,69.05362847084976,0.8782279882409938,-0.1520353466766029
2017-07-20,74.18000030517578,74.30000305175781,73.27999877929688,74.22000122070312,42361000,70.70550003051758,70.19359985351562,71.39190265435654,70.37258213063495,1.0144246926447806,0.8897493776822121
2017-07-21,73.44999694824219,74.29000091552734,73.16999816894531,73.79000091552734,46717100,70.88199996948242,70.2831999206543,71.62029296494424,66.71500466593247,1.0752690983300681,0.10283279431552605
2017-07-24,73.52999877929688,73.75,73.12999725341797,73.5999984741211,21394800,71.00149993896484,70.38599990844726,71.8088363467706,65.10481058078055,1.0955285479333696,-0.5420349293941619
2017-07-25,73.80000305175781,74.30999755859375,73.5,74.19000244140625,22018700,71.18450012207032,70.50220001220703,72.03561407006924,67.71090981242715,1.1459825238113268,0.029161291528782662
2017-07-26,74.33999633789062,74.37999725341797,73.80999755859375,74.05000305175781,16252200,71.42650032043457,70.61460006713867,72.22746063975387,66.44287923664875,1.1612843197117115,-0.26189102898899574
2017-07-27,73.76000213623047,74.41999816894531,72.31999969482422,73.16000366210938,36844200,71.59450035095215,70.68960006713867,72.31627426093058,58.892337407078905,1.0890417945937685,1.267028463838742
2017-07-28,72.66999816894531,73.30999755859375,72.54000091552734,73.04000091552734,18306700,71.82200050354004,70.80080001831055,72.38520060898742,57.93631796230266,1.0104579242515968,-0.5031321076315947
2017-07-31,73.30000305175781,73.44000244140625,72.41000366210938,72.69999694824219,23600100,72.01050033569337,70.90059997558593,72.41518121272597,55.202052710688925,0.9102513512456483,0.2891509665860039
2017-08-01,73.0999984741211,73.41999816894531,72.48999786376953,72.58000183105469,22132300,72.23100051879882,70.9983999633789,72.43087841447156,54.22933174175001,0.8117964331178058,-0.06219465171757743
2017-08-02,72.55000305175781,72.55999755859375,71.44000244140625,72.26000213623047,26499200,72.39000053405762,71.07460006713868,72.41460448321051,51.617182311887085,0.6998811064149493,0.1973089105063639
2017-08-03,72.19000244140625,72.44000244140625,71.8499984741211,72.1500015258789,18214400,72.56900062561036,71.14400009155274,72.38940420155988,50.71288283815327,0.595447327614977,-0.31264340055548845
2017-08-04,72.4000015258789,73.04000091552734,72.23999786376953,72.68000030517578,22579000,72.73000068664551,71.22220016479493,72.41708002095187,54.81992698237749,0.5491193713182838,0.2396235945186227
2017-08-07,72.80000305175781,72.9000015258789,72.26000213623047,72.4000015258789,18705700,72.85100059509277,71.27780014038086,72.4154534976116,52.338599947885506,0.4842286838904357,-0.171544355374463
2017-08-08,72.08999633789062,73.12999725341797,71.75,72.79000091552734,22044600,72.99100074768066,71.33440017700195,72.45112468027024,55.36883456248402,0.4589811885398234,0.1784963941472386
2017-08-09,72.25,72.51000213623047,72.05000305175781,72.47000122070312,22213400,73.05700073242187,71.37560012817383,72.45292244602575,52.4236851891958,0.4084427913014821,0.007657204031826348
2017-08-10,71.9000015258789,72.19000244140625,71.3499984741211,71.41000366210938,24734500,73.03900108337402,71.4070002746582,72.35359684755753,44.062771524942995,0.27963435242291723,0.11349455733926361
2017-08-11,71.61000061035156,72.69999694824219,71.27999877929688,72.5,21443700,73.02500114440917,71.45500030517579,72.367540004933,52.45924834037478,0.2624806184048083,-0.13304493723341893
2017-08-14,73.05999755859375,73.72000122070312,72.94999694824219,73.58999633789062,20096600,73.03700103759766,71.49160018920898,72.48396441759563,59.074873136325195,0.33300112590433173,-0.06282031552390677
2017-08-15,73.58999633789062,73.58999633789062,73.04000091552734,73.22000122070312,19181400,73.03300094604492,71.5104002380371,72.55406316074873,56.21521363425599,0.3549420711394049,-0.04554004159907643
2017-08-16,73.33999633789062,74.0999984741211,73.16999816894531,73.6500015258789,18150400,73.02250099182129,71.53300033569336,72.65843824314207,58.71640266443851,0.4023893651565089,-0.05374998696654054
2017-08-17,73.58000183105469,73.87000274658203,72.4000015258789,72.4000015258789,22977500,72.93150100708007,71.53320037841797,72.63382522245034,49.808896475516484,0.33526243750431206,0.26595006170662905
2017-08-18,72.2699966430664,72.83999633789062,71.93000030517578,72.48999786376953,18761500,72.86650085449219,71.54400039672852,72.62012737876645,50.3924012396472,0.2860286557566383,-0.18348384288978348
2017-08-21,72.47000122070312,72.4800033569336,71.69999694824219,72.1500015258789,17734800,72.79400100708008,71.58060043334962,72.57535348801525,48.11653820982425,0.21707337921938574,-0.05472376942142154
2017-08-22,72.3499984741211,73.23999786376953,72.3499984741211,73.16000366210938,14343700,72.74250106811523,71.64820053100586,72.6310344569766,54.66642472749299,0.24114479018757606,-0.19121162911338163
2017-08-23,72.95999908447266,73.1500015258789,72.52999877929688,72.72000122070312,13766500,72.6760009765625,71.68960052490235,72.6395074820934,51.60971786388451,0.22215615912240594,-0.04024066314828112
2017-08-24,72.73999786376953,72.86000061035156,72.06999969482422,72.69000244140625,17098300,72.65250091552734,71.73800064086915,72.64431652583748,51.398700380707396,0.20235426738528872,0.2420223005121127
2017-08-25,72.86000061035156,73.3499984741211,72.4800033569336,72.81999969482422,12794300,72.6415008544922,71.79640060424805,72.66104825621717,52.30870037283345,0.19490408447491347,-0.25172093132065765
2017-08-28,73.05999755859375,73.08999633789062,72.55000305175781,72.83000183105469,14569700,72.64800109863282,71.85300064086914,72.67713907286836,52.382576253834586,0.1876438086236334,0.1387649187528821
2017-08-29,72.25,73.16000366210938,72.05000305175781,73.05000305175781,11478400,72.67150115966797,71.89660064697266,72.71264992800069,54.06795048138516,0.19736712225920883,-0.21217320878261048
2017-08-30,73.01000213623047,74.20999908447266,72.83000183105469,74.01000213623047,16897800,72.75900115966797,71.97860061645508,72.83620728116543,60.61818168319097,0.27931702860104224,0.4721389740730415
2017-08-31,74.02999877929688,74.95999908447266,73.80000305175781,74.7699966430664,27652800,72.89000091552734,72.06860061645507,73.02037769658457,64.88722250156488,0.4009660380625917,0.6364733870681389
2017-09-01,74.70999908447266,74.73999786376953,73.63999938964844,73.94000244140625,21736200,72.95300102233887,72.14220062255859,73.10796100561521,57.55003790610104,0.4254953138551656,-0.2139602499566048
2017-09-05,73.33999633789062,73.88999938964844,72.9800033569336,73.61000061035156,21556000,73.0135009765625,72.19020065307618,73.15577430130439,54.89232618955922,0.4135395255873675,-0.008290317534803693
2017-09-06,73.73999786376953,74.04000091552734,73.3499984741211,73.4000015258789,16535800,73.04400100708008,72.24760070800781,73.17903403697815,53.20838068021437,0.3827076901422828,-0.2328910744108369
2017-09-07,73.68000030517578,74.5999984741211,73.5999984741211,74.33999633789062,17471200,73.13750076293945,72.35020065307617,73.28960187516029,59.23648504473162,0.4291756936418807,0.05656817329672581
2017-09-08,74.33000183105469,74.44000244140625,73.83999633789062,73.9800033569336,14703800,73.26600074768066,72.43380065917968,73.35535439723394,56.247856603445385,0.4319739692003566,-0.15839782041302253
2017-09-11,74.30999755859375,74.94000244140625,74.30999755859375,74.76000213623047,17910400,73.37900085449219,72.55920074462891,73.48913037237647,60.85606109332345,0.49146569490432057,0.21807968008269962
2017-09-12,74.76000213623047,75.23999786376953,74.37000274658203,74.68000030517578,14394900,73.43350105285644,72.6742007446289,73.6025465564526,60.156213316856444,0.5260933602018838,-0.19628260675361797
2017-09-13,74.93000030517578,75.2300033569336,74.55000305175781,75.20999908447266,13380800,73.53300094604492,72.81500076293945,73.75563727340689,63.177375968408356,0.5895070363737744,-0.07044856164335977
2017-09-14,75.0,75.48999786376953,74.5199966430664,74.7699966430664,15733900,73.5890007019043,72.92880065917969,73.85224292766017,59.16636984405774,0.5973721772353144,0.1758564510343179
2017-09-15,74.83000183105469,75.38999938964844,74.06999969482422,75.30999755859375,38578400,73.73450050354003,73.06360061645508,73.9910767020348,62.327485886765864,0.6398036606049686,1.451928638163456
2017-09-18,75.2300033569336,75.97000122070312,75.04000091552734,75.16000366210938,23307000,73.86800079345703,73.17760070800782,74.10240307918477,60.916822278675234,0.6537911653988999,-0.3958536383053729
2017-09-19,75.20999908447266,75.70999908447266,75.01000213623047,75.44000244140625,16093300,74.03250083923339,73.28680068969726,74.22979349463444,62.61771503482256,0.6796355100628517,-0.30950787317115025
2017-09-20,75.3499984741211,75.55000305175781,74.30999755859375,74.94000244140625,21587900,74.12150077819824,73.38580078125,74.29743244194604,57.78182035864897,0.6522527543430101,0.34142158538025136
2017-09-21,75.11000061035156,75.23999786376953,74.11000061035156,74.20999908447266,19186100,74.19600067138671,73.44700073242187,74.28910545552,51.525212375592844,0.5651320625069332,-0.1112567688380991
2017-09-22,73.98999786376953,74.51000213623047,73.8499984741211,74.41000366210938,14111400,74.28200073242188,73.49980087280274,74.30061957043327,53.025952416509,0.5063896399111343,-0.2644987777609832
2017-09-25,74.08999633789062,74.25,72.91999816894531,73.26000213623047,24149200,74.30400085449219,73.5094009399414,74.20151314812824,44.495883274808726,0.36285753877695015,0.7113255949090806
2017-09-26,73.66999816894531,73.80999755859375,72.98999786376953,73.26000213623047,18019600,74.32550086975098,73.50760101318359,74.1118454327094,44.495883274808726,0.24626848473988616,-0.25382207278087887
2017-09-27,73.55000305175781,74.16999816894531,73.16999816894531,73.8499984741211,19565100,74.36550064086914,73.51860092163086,74.08690762712956,49.344429604105144,0.1991825407563823,0.0857677195942197
2017-09-28,73.54000091552734,73.97000122070312,73.30999755859375,73.87000274658203,10883800,74.35850067138672,73.51880096435546,74.06625001945837,49.50548995648483,0.16161773981738747,-0.44371355117019595
2017-09-29,73.94000244140625,74.54000091552734,73.87999725341797,74.48999786376953,17079100,74.34450073242188,73.5242008972168,74.1066069570118,54.35002569284138,0.1798031303124219,0.5692221466767122
2017-10-02,74.70999908447266,75.01000213623047,74.30000305175781,74.61000061035156,15304800,74.37800064086915,73.54060089111329,74.15454920971084,55.2450537335475,0.20157477352945818,-0.10388720717133804
2017-10-03,74.66999816894531,74.87999725341797,74.19000244140625,74.26000213623047,12190400,74.41050071716309,73.55380096435547,74.16459234556984,52.04029387034223,0.18841507414251168,-0.20349171501751084
2017-10-04,74.08999633789062,74.72000122070312,73.70999908447266,74.69000244140625,13317700,74.47500076293946,73.56380096435547,74.21463140231617,55.45890921133029,0.21025960666941046,0.09247440609003799
2017-10-05,75.22000122070312,76.12000274658203,74.95999908447266,75.97000122070312,21195300,74.55650100708007,73.60220092773437,74.38180948025779,63.74371762059188,0.3270863127620913,0.5915135496369492
2017-10-06,75.66999816894531,76.02999877929688,75.54000091552734,76.0,13959800,74.65750083923339,73.65900085449219,74.53592286309038,63.91313171022023,0.4172827935163639,-0.3413728515284049
2017-10-09,75.97000122070312,76.55000305175781,75.86000061035156,76.29000091552734,11386500,74.73400077819824,73.72400085449219,74.70297791570343,65.5871763480454,0.5063281686392287,-0.1843364518116305
2017-10-10,76.33000183105469,76.62999725341797,76.13999938964844,76.29000091552734,13944500,74.81450080871582,73.7958009338379,74.85412296330571,65.5871763480454,0.5703229420985707,0.22465200017564668
2017-10-11,76.36000061035156,76.45999908447266,75.94999694824219,76.41999816894531,15388900,74.87500076293945,73.8726008605957,75.00325393527139,66.39756393013033,0.6243320418952436,0.10358205744200233
2017-10-12,76.48999786376953,77.29000091552734,76.37000274658203,77.12000274658203,16876500,74.99250106811523,73.96980087280274,75.20484906015811,70.43496793704702,0.7153727896169926,0.09666707821871601
2017-10-13,77.58999633789062,77.87000274658203,77.29000091552734,77.48999786376953,15335700,75.10150108337402,74.07660079956055,75.42248227954967,72.32756686182356,0.808063894307196,-0.09129855123988984
2017-10-16,77.41999816894531,77.80999755859375,77.3499984741211,77.6500015258789,12380100,75.2260009765625,74.1760008239746,75.63462696967626,73.12866924322935,0.884240249724968,-0.19272677478041433
2017-10-17,77.47000122070312,77.62000274658203,77.25,77.58999633789062,16824000,75.33350067138672,74.27980072021484,75.82085262379192,72.2835389973574,0.9290590288626106,0.3589550972932367
2017-10-18,77.66999816894531,77.8499984741211,77.37000274658203,77.61000061035156,13300700,75.46700057983398,74.37620071411133,75.99124767013093,72.39806238548927,0.9551816720999682,-0.2094210651450309
2017-10-19,77.56999969482422,77.93000030517578,77.3499984741211,77.91000366210938,15092800,75.65200080871583,74.48500076293945,76.17398633603364,74.12480511494913,0.9886947366329792,0.13473726946702058
2017-10-20,78.31999969482422,78.97000122070312,78.22000122070312,78.80999755859375,22866400,75.87200050354004,74.63300064086914,76.4250350238965,78.47517572041876,1.0754786195435457,0.5150535354606169
2017-10-23,78.98999786376953,79.33999633789062,78.76000213623047,78.83000183105469,20627200,76.15050048828125,74.75960067749024,76.65407948172108,78.56145486220365,1.1328113060140197,-0.0979253402372039
2017-10-24,78.9000015258789,79.19999694824219,78.45999908447266,78.86000061035156,17517200,76.43050041198731,74.86500076293946,76.86416720825731,78.69934230588754,1.1672136119275223,-0.1507717964629227
2017-10-25,78.58000183105469,79.0999984741211,78.01000213623047,78.62999725341797,20410800,76.66950035095215,74.97320068359375,77.03234149827261,74.73068457107382,1.1625175597462203,0.16518621697531577
2017-10-26,79.19999694824219,79.41999816894531,78.75,78.76000213623047,32120700,76.91400032043457,75.07540069580078,77.19688060664956,75.48325227055776,1.1559610131077847,0.5737109765418309
2017-10-27,84.37000274658203,86.19999694824219,83.61000061035156,83.80999755859375,71066700,77.38000030517578,75.30360061645507,77.82670126873948,89.0835655544552,1.5404994103960092,1.2124891425155742
2017-10-30,83.69999694824219,84.33000183105469,83.11000061035156,83.88999938964844,31756700,77.84400024414063,75.53160064697266,78.40415823263558,89.18591125649489,1.8306022961003094,-0.5531423296705771
2017-10-31,84.36000061035156,84.36000061035156,83.11000061035156,83.18000030517578,27086600,78.2900001525879,75.75220062255859,78.85900033478227,81.85161271390339,1.980391213533494,-0.14705873091347654
2017-11-01,83.68000030517578,83.76000213623047,82.87999725341797,83.18000030517578,22307400,78.71450004577636,75.95260055541992,79.2705241414864,81.85161271390339,2.075178642137473,-0.1764414876728715
2017-11-02,83.3499984741211,84.45999908447266,83.12000274658203,84.05000305175781,23992900,79.11850013732911,76.17920059204101,79.7257126091313,83.75063838349672,2.1951954660743382,0.07555788662058327
2017-11-03,84.08000183105469,84.54000091552734,83.4000015258789,84.13999938964844,17633500,79.52550010681152,76.40820053100586,80.14612087394246,83.93787240506877,2.2713884637360877,-0.2650534116342751
2017-11-06,84.19999694824219,84.69999694824219,84.08000183105469,84.47000122070312,19860900,79.93450012207032,76.64120056152343,80.55791900220538,84.6369141550382,2.3315239958488263,0.1263163864235688
2017-11-07,84.7699966430664,84.9000015258789,83.93000030517578,84.2699966430664,17939700,80.33349990844727,76.87000045776367,80.9114502060969,82.29913447003794,2.336113873836794,-0.09673277646028122
2017-11-08,84.13999938964844,84.61000061035156,83.83000183105469,84.55999755859375,18034200,80.7404998779297,77.1002003479004,81.2589309063347,83.03102073213697,2.3362215279282736,0.005267646616164079
2017-11-09,84.11000061035156,84.2699966430664,82.9000015258789,84.08999633789062,21178400,81.08899955749511,77.3018002319336,81.5285561855305,77.44230927666504,2.272189290275165,0.17434651939093504
2017-11-10,83.79000091552734,84.0999984741211,83.2300033569336,83.87000274658203,19397800,81.40799980163574,77.4838003540039,81.75155109610684,74.9010162324671,2.1785783413510984,-0.08407622861028219
2017-11-13,83.66000366210938,83.94000244140625,83.45999908447266,83.93000030517578,14196900,81.72199974060058,77.68360031127929,81.9590224493515,75.14060980128804,2.0851954562260318,-0.26811803400385614
2017-11-14,83.5,84.0999984741211,82.9800033569336,84.05000305175781,18801300,82.04500007629395,77.89240036010742,82.15816345910447,75.64146532628105,1.9978421846305991,0.32432432432432434
2017-11-15,83.47000122070312,83.69000244140625,82.69000244140625,82.9800033569336,19383100,82.31350021362304,78.08400039672851,82.23643392556438,63.37978687119026,1.8212794784130892,0.03094466871971613
2017-11-16,83.0999984741211,83.41999816894531,82.94000244140625,83.19999694824219,20962800,82.57799987792968,78.26120040893555,82.32820183248607,64.64862821085711,1.6797408984506035,0.08149883145626857
2017-11-17,83.12000274658203,83.12000274658203,82.23999786376953,82.4000015258789,22079000,82.75750007629395,78.42960037231445,82.33503989852349,56.924525701579945,1.4858892035513094,0.053246703684622254
2017-11-20,82.4000015258789,82.58999633789062,82.25,82.52999877929688,16315000,82.94249992370605,78.58500030517578,82.3536074109781,57.80671823704534,1.327448035984915,-0.2610625481226505
2017-11-21,82.73999786376953,83.83999633789062,82.73999786376953,83.72000122070312,21237500,83.18549995422363,78.76580032348633,82.48374015476143,64.8944524183361,1.2831145748301367,0.30171621207477783
2017-11-22,83.83000183105469,83.9000015258789,83.04000091552734,83.11000061035156,20553100,83.40950012207031,78.9238003540039,82.54338400767477,59.38732668359412,1.1850969759505716,-0.032226015303119526
2017-11-24,83.01000213623047,83.43000030517578,82.77999877929688,83.26000213623047,7425600,83.6345001220703,79.09360046386719,82.6116333532515,60.27996823277634,1.1067631159190086,-0.6387114352579416
2017-11-27,83.30999755859375,83.9800033569336,83.30000305175781,83.87000274658203,18265200,83.63750038146972,79.26480056762695,82.73147805737823,63.7676093291595,1.081438765826391,1.4597608274078864
2017-11-28,84.06999969482422,85.05999755859375,84.0199966430664,84.87999725341797,21926000,83.6870002746582,79.45920043945313,82.93609893319153,68.67242219352525,1.1298430246657887,0.20042485163042278
2017-11-29,84.70999908447266,84.91999816894531,83.18000030517578,83.33999633789062,27381100,83.69500007629395,79.61720031738281,82.97456535268668,56.18359568565138,1.032041809416242,0.2487959500136825
2017-11-30,83.51000213623047,84.5199966430664,83.33999633789062,84.16999816894531,33054600,83.74449996948242,79.8018002319336,83.08841609709226,60.367079538569634,1.0098667377303059,0.20720496985146686
2017-12-01,83.5999984741211,84.80999755859375,83.22000122070312,84.26000213623047,29532100,83.75499992370605,80.00280029296874,83.19999571986733,60.804107481303014,0.9881644568739887,-0.10656610577650316
2017-12-04,84.41999816894531,84.43000030517578,80.69999694824219,81.08000183105469,39094900,83.60200004577636,80.13620025634765,82.99809153998041,42.83279671962078,0.7062248739454873,0.32381036228375226
2017-12-05,81.33999633789062,82.68000030517578,80.9800033569336,81.58999633789062,26152300,83.45799980163574,80.30280014038085,82.86398723501948,45.60927757561175,0.5179672140887561,-0.33105596893712474
2017-12-06,81.55000305175781,83.13999938964844,81.43000030517578,82.77999877929688,26162100,83.38349990844726,80.49320007324219,82.85598833447447,51.525301128816615,0.4594981059475032,0.00037472803539273514
2017-12-07,82.54000091552734,82.80000305175781,82.0,82.48999786376953,23184500,83.27999992370606,80.66600006103516,82.82113209916925,50.095294018107055,0.38531855381815205,-0.11381349356511905
2017-12-08,83.62999725341797,84.58000183105469,83.33000183105469,84.16000366210938,24489100,83.28350028991699,80.8718000793457,82.94864367659211,57.42340270133054,0.4560294122303219,0.05627035303758987
2017-12-11,84.29000091552734,85.37000274658203,84.12000274658203,85.2300033569336,22857900,83.35150032043457,81.08660018920898,83.16591602710082,61.34043966000724,0.5915888420579734,-0.06660922614550968
2017-12-12,85.30999755859375,86.05000305175781,85.08000183105469,85.58000183105469,23924100,83.43400039672852,81.30600021362305,83.39582896081072,62.55399447295595,0.7189747255615657,0.04664470489415029
2017-12-13,85.73999786376953,86.0,85.16999816894531,85.3499984741211,22062700,83.49900016784667,81.52780014038086,83.58194034303075,61.1945302009941,0.7922371901401988,-0.07780438971580961
2017-12-14,85.43000030517578,85.87000274658203,84.52999877929688,84.69000244140625,19306000,83.58450012207031,81.72780014038086,83.68747006668556,57.34340147504608,0.7879589567571514,-0.12494844239372338
2017-12-15,85.26000213623047,87.08999633789062,84.87999725341797,86.8499984741211,53936700,83.76700019836426,81.94540008544922,83.98866324834609,65.08723469918257,0.9479348510837724,1.7937791360198903
2017-12-18,87.12000274658203,87.5,86.2300033569336,86.37999725341797,22283800,83.96599998474122,82.15300003051757,84.21640934406722,62.431385226169816,1.0249764389920415,-0.5868527366338689
2017-12-19,86.3499984741211,86.3499984741211,85.2699966430664,85.83000183105469,23524800,84.1310001373291,82.34380004882813,84.3700848190184,59.378024246546694,1.0297817355522483,0.05569068112260922
2017-12-20,86.19999694824219,86.30000305175781,84.70999908447266,85.5199966430664,23674900,84.22099990844727,82.5283999633789,84.4796002308325,57.666077841442416,0.9970814060598627,0.006380500578113235
2017-12-21,86.05000305175781,86.0999984741211,85.4000015258789,85.5,17990700,84.34049987792969,82.71,84.5767811612294,57.55081516038927,0.9585035649188285,-0.24009393915074617
2017-12-22,85.4000015258789,85.62999725341797,84.91999816894531,85.51000213623047,14145800,84.45299987792968,82.87779998779297,84.66565934932474,57.596470404105595,0.9181535342663949,-0.21371597547621823
2017-12-26,85.30999755859375,85.52999877929688,85.02999877929688,85.4000015258789,9891200,84.52949981689453,83.03600006103515,84.73559669947275,56.872022769708295,0.8673019967839792,-0.30076771904028055
2017-12-27,85.6500015258789,85.9800033569336,85.22000122070312,85.70999908447266,14678000,84.57099990844726,83.19720001220703,84.8283969266156,58.45782217633125,0.8423064151481441,0.4839453251374959
2017-12-28,85.9000015258789,85.93000030517578,85.55000305175781,85.72000122070312,10594300,84.69000015258788,83.35980010986329,84.9133116212906,58.51083037906235,0.8139219399458852,-0.2782191034200845
2017-12-29,85.62999725341797,86.05000305175781,85.5,85.54000091552734,18717400,84.758500289917,83.5184001159668,84.97299631597981,57.098793910745236,0.7680489285916678,0.7667424936050518
2018-01-02,86.12999725341797,86.30999755859375,85.5,85.94999694824219,22483800,84.84300003051757,83.67919998168945,85.0660439952429,59.49648621307351,0.756062076965577,0.20122452904783783
2018-01-03,86.05999755859375,86.51000213623047,85.97000122070312,86.3499984741211,26061400,85.1064998626709,83.83,85.18832537418368,61.74296309740824,0.7699635305825865,0.15911901013173924
2018-01-04,86.58999633789062,87.66000366210938,86.56999969482422,87.11000061035156,21912000,85.38250007629395,83.99559997558593,85.37134206334252,65.64214216056314,0.8327074207159342,-0.15921631224723154
2018-01-05,87.66000366210938,88.41000366210938,87.43000030517578,88.19000244140625,23407100,85.65300025939942,84.18220001220703,85.6397859088724,70.27803815896095,0.9585301881613333,0.06823201898503095
2018-01-08,88.19999694824219,88.58000183105469,87.5999984741211,88.27999877929688,22113000,85.94250030517578,84.37520004272461,85.89123475367472,70.63362281138016,1.0533650535624162,-0.055286643796113144
2018-01-09,88.6500015258789,88.7300033569336,87.86000061035156,88.22000122070312,19484300,86.14550018310547,84.56440002441406,86.11302203624886,70.03209449632328,1.110875583848511,-0.11887577443133002
2018-01-10,87.86000061035156,88.19000244140625,87.41000366210938,87.81999969482422,18652200,86.275,84.64460006713867,86.27559133706556,65.99675631106584,1.111365187178066,-0.04270617882089678
2018-01-11,88.12999725341797,88.12999725341797,87.23999786376953,88.08000183105469,17808900,86.4,84.72840011596679,86.44743995554072,67.31510376235146,1.1198245603443553,-0.045211824878566564
2018-01-12,88.66999816894531,89.77999877929688,88.44999694824219,89.5999984741211,24271500,86.6125,84.8568000793457,86.74768362397694,73.72798640313712,1.2349440343762979,0.36288597274396506
2018-01-16,90.0999984741211,90.79000091552734,88.01000213623047,88.3499984741211,36599700,86.79549980163574,84.96020004272461,86.90028503827638,62.81333003356463,1.21134881848252,0.5079290525925468
2018-01-17,89.08000183105469,90.27999877929688,88.75,90.13999938964844,25621200,86.9599998474121,85.08199996948242,87.20882926221657,69.72508781057417,1.321850089109418,-0.2999614750940581
2018-01-18,89.80000305175781,90.66999816894533,89.66000366210938,90.0999984741211,24159700,87.14599990844727,85.20119995117187,87.48417871096937,69.41459369915796,1.3901703837851755,-0.05704260534245076
2018-01-19,90.13999938964844,90.61000061035156,89.66000366210938,90.0,36875000,87.35449981689453,85.31179992675781,87.7237807384961,68.59226103336476,1.4198781963928724,0.5263020650090853
2018-01-22,90.0,91.62000274658205,89.73999786376953,91.61000061035156,23601600,87.65900001525878,85.45860000610351,88.09389691676805,73.94427531658924,1.5554056971660657,-0.35995661016949154
2018-01-23,91.9000015258789,92.3000030517578,91.54000091552734,91.9000015258789,23412800,87.97900009155273,85.60540008544922,88.4563830700167,74.77799157176048,1.6669967671339663,-0.00799945766388721
2018-01-24,92.5500030517578,93.43000030517578,91.58000183105467,91.81999969482422,33277500,88.29449996948242,85.76000015258789,88.77672751047456,74.07384150956501,1.7290466415017818,0.42133790063554977
2018-01-25,92.47000122070312,93.23999786376952,91.93000030517578,92.33000183105467,26383200,88.64099998474121,85.92920013427734,89.11513458862504,75.64811697093891,1.7986409113011916,-0.20717601983322065
2018-01-26,93.12000274658205,94.05999755859376,92.58000183105467,94.05999755859376,29172200,89.05849990844726,86.13180007934571,89.58607391909825,80.06916944896753,1.970674361217803,0.10571121016404383
2018-01-29,95.13999938964844,95.4499969482422,93.72000122070312,93.91999816894533,31569900,89.46849975585937,86.32919998168946,89.99882860955988,78.8220539866424,2.071832533217915,0.0821912642858611
2018-01-30,93.3000030517578,93.66000366210938,92.0999984741211,92.73999786376952,38635100,89.82849960327148,86.52439987182618,90.25989234805604,69.05867313547087,2.0333458056459364,0.22379545072996754
2018-01-31,93.75,95.4000015258789,93.51000213623048,95.01000213623048,48756300,90.2814998626709,86.76059997558593,90.7122837564536,75.37723846704515,2.161103316540604,0.2619690385167892
2018-02-01,94.79000091552734,96.06999969482422,93.58000183105467,94.26000213623048,47227900,90.67700004577637,86.99779998779297,91.05016169738474,70.27128651891678,2.176741214631406,-0.03134774377875271
2018-02-02,93.63999938964844,93.97000122070312,91.5,91.77999877929688,47867800,90.91049995422364,87.18279998779298,91.11966999090018,56.61471926938803,1.9663519357775812,0.013549194438033485
2018-02-05,90.55999755859376,93.23999786376952,88.0,88.0,51031500,90.90099983215332,87.26839996337891,90.8225585631954,42.92252674151742,1.4775700974635413,0.06609244627912703
2018-02-06,86.88999938964844,91.4800033569336,85.25,91.33000183105467,67998600,91.05349998474121,87.43279998779298,90.87088649346771,53.57465276419811,1.3434241297806722,0.3324828782222744
2018-02-07,90.48999786376952,91.7699966430664,89.19999694824219,89.61000061035156,41107600,91.12299995422363,87.55979995727539,90.75080212364712,48.53610432401488,1.085806261371559,-0.39546402425932303
2018-02-08,89.70999908447266,89.87999725341797,84.76000213623047,85.01000213623047,55628700,90.98250007629395,87.58259994506835,90.20405926770268,38.19126531514537,0.5046435943248895,0.3532461150736117
2018-02-09,86.30000305175781,88.93000030517578,83.83000183105469,88.18000030517578,63499100,90.9875,87.64860000610352,90.01129174746202,46.632763685991044,0.2964431410922401,0.14148092621254849
2018-02-12,88.73999786376953,89.77999877929688,87.93000030517578,89.12999725341797,35720300,90.96399993896485,87.76440002441406,89.92735893850545,48.88575501506143,0.2057280908000223,-0.43746761765127384
2018-02-13,88.93000030517578,90.0,87.80000305175781,89.83000183105469,26407700,91.03800010681152,87.87760009765626,89.91808683303395,50.54259101014206,0.1881513870400937,-0.26070889662180885
2018-02-14,88.51000213623047,90.98999786376952,88.41000366210938,90.80999755859376,34960900,91.07150001525879,88.00860000610352,90.0030307116587,52.8469763484075,0.2504125872935248,0.3238903804572151
2018-02-15,91.20999908447266,92.72000122070312,90.62000274658205,92.66000366210938,27823900,91.1995002746582,88.24020004272461,90.25607575455876,56.92699867453868,0.4439178597122009,-0.2041423418733499
2018-02-16,92.4499969482422,93.5,91.8000030517578,92.0,30596900,91.2995002746582,88.44840011596679,90.42216377793412,55.09541681611087,0.5378157968552983,0.09966252035120893
2018-02-20,91.4800033569336,93.05999755859376,91.01000213623048,92.72000122070312,30911700,91.35500030517578,88.64720016479492,90.6410054391502,56.73094135145621,0.6626895965892459,0.010288624010929226
2018-02-21,92.9800033569336,93.36000061035156,91.48999786376952,91.48999786376952,26922500,91.33450012207031,88.82720016479492,90.72186186054252,53.16826300902562,0.6548532505674132,-0.12905145947974395
2018-02-22,92.0500030517578,92.7300033569336,91.36000061035156,91.7300033569336,24392800,91.33000030517579,88.9786001586914,90.81787533638929,53.778225052680945,0.6603966854686263,-0.09396229919212551
2018-02-23,93.5999984741211,94.06999969482422,92.36000061035156,94.05999755859376,26329200,91.41650009155273,89.15520004272462,91.12664888136115,59.31789963284444,0.8430824276408231,0.07938408054835855
2018-02-26,94.4000015258789,95.4499969482422,94.25,95.41999816894533,30199800,91.48450012207032,89.35199996948242,91.5355392897025,62.168034958134974,1.0850945828449028,0.14700788478191518
2018-02-27,95.73999786376952,95.83999633789062,94.1999969482422,94.1999969482422,25869100,91.49850006103516,89.52899993896484,91.78929716194438,58.227152246333894,1.1650174608222699,-0.14340161193120482
2018-02-28,94.83999633789062,95.70999908447266,93.62999725341795,93.7699966430664,31167300,91.55,89.71059982299805,91.97793520776553,56.859048170711205,1.1800565293566478,0.20480805285069836
2018-03-01,93.98999786376952,94.56999969482422,91.83999633789062,92.8499984741211,37135600,91.44199981689454,89.83059982299805,92.06098885218034,53.938940402205944,1.1050011703795946,0.1914923653957834
2018-03-02,91.58000183105467,93.1500015258789,90.86000061035156,93.0500030517578,32830400,91.38149986267089,89.96399993896485,92.15518068071152,54.4861833905874,1.049559289392775,-0.11593188207542093
2018-03-05,92.33999633789062,94.2699966430664,92.26000213623048,93.63999938964844,23901600,91.47449989318848,90.12019989013672,92.29659198632456,56.14154791945171,1.041226363557982,-0.27196744480725177
2018-03-06,94.33999633789062,94.48999786376952,92.94000244140624,93.31999969482422,22175800,91.7404998779297,90.27619995117188,92.39405938713405,54.97368947293008,0.9973048492734335,-0.07220437125548085
2018-03-07,93.16000366210938,93.94000244140624,92.43000030517578,93.86000061035156,26716100,91.86699981689453,90.44339996337891,92.53367283696429,56.6138507148726,0.994605105140721,0.20474120437594134
2018-03-08,94.2699966430664,95.0999984741211,93.7699966430664,94.43000030517578,25887800,92.10799980163574,90.62179992675782,92.71427545298442,58.33895423188667,1.0266254510040227,-0.031003776748851797
2018-03-09,95.29000091552734,96.54000091552734,95.0,96.54000091552734,36937300,92.68449974060059,90.84459991455078,93.07863025894089,64.03911456865842,1.2083323182354775,0.426822673228316
2018-03-12,96.5,97.20999908447266,96.04000091552734,96.7699966430664,26073700,93.11399955749512,91.06579986572265,93.43018896219094,64.60756064364801,1.3552723170582652,-0.2941092066826758
2018-03-13,97.0,97.23999786376952,93.97000122070312,94.41000366210938,35387800,93.37799987792968,91.23959991455078,93.52350464789745,55.000299868267454,1.2666900006515363,0.357222028327395
2018-03-14,95.12000274658205,95.41000366210938,93.5,93.8499984741211,32132000,93.57899971008301,91.40579986572266,93.554599298014,52.986807394642064,1.1381799086910576,-0.09200345881914107
2018-03-15,93.52999877929688,94.58000183105467,92.83000183105467,94.18000030517578,27611000,93.74749984741212,91.57039993286133,93.61416129869608,54.054237384329845,1.0508495848894484,-0.14070085895680318
2018-03-16,94.68000030517578,95.37999725341795,93.91999816894533,94.5999984741211,49081300,93.8444995880127,91.73539993286133,93.70805055349845,55.44090306466526,1.0039570246201208,0.7775995074426858
2018-03-19,93.73999786376952,93.9000015258789,92.11000061035156,92.88999938964844,33344100,93.88899955749511,91.85099990844726,93.63014091884607,48.961774256551635,0.8193665501535179,-0.3206353539942911
2018-03-20,93.0500030517578,93.7699966430664,93.0,93.12999725341795,23075200,93.90949935913086,91.9497998046875,93.58250818880529,49.847651958707544,0.6845520017393056,-0.3079675264889441
2018-03-21,92.93000030517578,94.0500030517578,92.20999908447266,92.4800033569336,24457100,93.95899963378906,92.03379989624024,93.47750772862703,47.44571405784372,0.5192755404218588,0.059886804881431166
2018-03-22,91.2699966430664,91.75,89.66000366210938,89.79000091552734,38604700,93.86199951171875,92.06519989013673,93.12631660356992,39.05781664320833,0.1692806760817973,0.5784659669380261
2018-03-23,89.5,90.45999908447266,87.08000183105469,87.18000030517578,44068900,93.51799964904785,92.05239990234375,92.56000076562762,32.96779729360374,-0.3150661258774221,0.1415423510608811
2018-03-26,90.61000061035156,94.0,90.4000015258789,93.77999877929688,56396800,93.43599967956543,92.16639984130859,92.67619105264374,52.94725139448851,-0.16445401408222438,0.2797414957033191
2018-03-27,94.94000244140624,95.13999938964844,88.51000213623047,89.47000122070312,56569000,93.19949989318847,92.16379989624023,92.37083964007797,43.772062568705316,-0.3883964210355515,0.003053364729913799
2018-03-28,89.81999969482422,91.2300033569336,88.87000274658203,89.38999938964844,52501100,92.98050003051758,92.18459991455079,92.08695009241802,43.62095911614014,-0.5658056161852727,-0.07191041029539147
2018-03-29,90.18000030517578,92.29000091552734,88.4000015258789,91.2699966430664,45867500,92.90149993896485,92.20719985961914,92.00914500200358,48.15059338704779,-0.5483822062300874,-0.1263516383466251
2018-04-02,90.47000122070312,90.87999725341795,87.51000213623047,88.5199966430664,48515400,92.67499961853028,92.17559982299805,91.67684515829528,42.74115840225041,-0.74785523596627,0.05772932904562045
2018-04-03,89.58000183105469,90.05000305175781,87.88999938964844,89.70999908447266,37213800,92.47849960327149,92.1697998046875,91.48952648459789,45.589753965577344,-0.8006859877446431,-0.23294871319209987
2018-04-04,87.8499984741211,92.76000213623048,87.7300033569336,92.33000183105467,35560000,92.428999710083,92.18419982910156,91.56957175568901,51.33068166065273,-0.6239499076414461,-0.04444050325416915
2018-04-05,92.44000244140624,93.06999969482422,91.4000015258789,92.37999725341795,29771900,92.35499954223633,92.19379974365235,91.6467551364251,51.43598185640448,-0.4743826897351511,-0.16276996625421825
2018-04-06,91.48999786376952,92.45999908447266,89.4800033569336,90.2300033569336,38026000,92.14499969482422,92.16199981689454,91.51182639552114,46.75150419575404,-0.5233038105852614,0.2772446501566914
2018-04-09,91.04000091552734,93.16999816894533,90.62000274658205,90.7699966430664,31533900,91.85649948120117,92.13079971313476,91.4411759429064,48.03167717238121,-0.5125923603850282,-0.17072792300005257
2018-04-10,92.38999938964844,93.27999877929688,91.63999938964844,92.87999725341795,26812000,91.66199951171875,92.10719970703126,91.5782065439075,52.80615196912375,-0.3300395531586844,-0.14974043806823767
2018-04-11,92.01000213623048,93.29000091552734,91.4800033569336,91.86000061035156,24872100,91.53449935913086,92.06599975585938,91.60504407404503,50.39579137641738,-0.2646199685603392,-0.0723519319707594
2018-04-12,92.43000030517578,94.16000366210938,92.43000030517578,93.58000183105467,26758900,91.52099952697753,92.08279983520508,91.79313528899833,54.19283516706935,-0.07314162149914694,0.07586010027299661
2018-04-13,94.0500030517578,94.18000030517578,92.44000244140624,93.08000183105467,23346100,91.46599960327148,92.04419982910156,91.9156940072894,52.9245691829986,0.037824509349349,-0.12753887491638294
2018-04-16,94.06999969482422,94.66000366210938,93.41999816894533,94.16999816894533,20288100,91.44449958801269,92.04239974975586,92.13038964173282,55.37630525141628,0.2112840119330457,-0.13098547509005787
2018-04-17,95.0,96.54000091552734,94.87999725341795,96.06999969482422,26771000,91.60349960327149,92.12819976806641,92.50559059917009,59.35049224853055,0.49634460990282037,0.31954199752564305
2018-04-18,96.22000122070312,96.72000122070312,95.5199966430664,96.44000244140624,21043300,91.7689998626709,92.29699981689453,92.88029648890686,60.09580239885727,0.7435422250206898,-0.21395166411415334
2018-04-19,96.44000244140624,97.06999969482422,95.33999633789062,96.11000061035156,23552500,91.9504997253418,92.39259979248047,93.18788735761588,59.05578577175521,0.9024172221369327,0.11923985306487106
2018-04-20,95.91000366210938,96.11000061035156,94.0500030517578,95.0,31154400,92.21099967956543,92.50039978027344,93.36046951403341,55.572058261930636,0.9280609207938539,0.3227640377879206
2018-04-23,95.73999786376952,96.29000091552734,94.62999725341795,95.3499984741211,22331800,92.6194995880127,92.70719970703125,93.54994846261319,56.44453133742005,0.9654960510584232,-0.28318953342064046
2018-04-24,96.23999786376952,96.47000122070312,92.41000366210938,93.12000274658205,34524800,92.58649978637695,92.80599975585938,93.50900125156261,49.74196201081973,0.8059313680026747,0.5459927099472501
2018-04-25,93.3000030517578,93.3000030517578,90.27999877929688,92.30999755859376,33729300,92.72849960327149,92.86959976196289,93.39481042366081,47.5339967878135,0.607116101404344,-0.023041407915469492
2018-04-26,93.5500030517578,95.1500015258789,93.0999984741211,94.26000213623048,42529000,92.97199974060058,92.95819976806641,93.47720963438174,52.94868659241494,0.5999863733521238,0.2608918655293766
2018-04-27,97.5999984741211,97.9000015258789,93.91000366210938,95.81999969482422,48272800,93.19949989318847,93.05839981079102,93.70033249728102,56.79059378734651,0.7120072022206472,0.13505607938112818
2018-04-30,96.33000183105467,96.4000015258789,93.1500015258789,93.5199966430664,41523600,93.44949989318847,93.07559967041016,93.6831576540225,50.27284312059315,0.60818273977263,-0.13981372532772074
2018-05-01,93.20999908447266,95.29000091552734,92.79000091552734,95.0,31408900,93.71399993896485,93.13559967041016,93.80857121078226,53.93636282308582,0.6379708761311633,-0.24358918783535144
2018-05-02,94.98999786376952,95.16999816894533,93.19000244140624,93.51000213623048,27471000,93.77299995422364,93.1513996887207,93.78013606082494,49.946843456443084,0.5351786077793861,-0.12537529171667905
2018-05-03,92.95999908447266,94.93000030517578,92.4499969482422,94.06999969482422,31142500,93.85750007629395,93.2029997253418,93.80774212120583,51.401781310210666,0.4932166232003681,0.13365003094172034
2018-05-04,93.31999969482422,95.37000274658205,92.91999816894533,95.16000366210938,22531300,94.10400009155273,93.2715997314453,93.93652893462522,54.19286422202268,0.5416716056275988,-0.27650959299991973
2018-05-07,95.16999816894533,96.70999908447266,95.0999984741211,96.22000122070312,24242000,94.37650032043457,93.3147998046875,94.15400248568025,56.79171241313638,0.6580202249597846,0.0759254903179134
2018-05-08,95.8499984741211,96.16000366210938,95.05999755859376,95.80999755859376,23484600,94.52300033569335,93.32259979248047,94.31171630214821,55.48055119353308,0.7089708998243225,-0.031243296757693217
2018-05-09,96.01000213623048,96.97000122070312,95.0500030517578,96.94000244140624,27327400,94.7770004272461,93.37739990234375,94.56202926779183,58.33559996602257,0.8309529189331499,0.16363063454348814
2018-05-10,97.45999908447266,97.9499969482422,97.0500030517578,97.91000366210938,22388100,94.99350051879883,93.46020004272461,94.88088397201255,60.66740886117984,0.9944323427476291,-0.18074533252340141
2018-05-11,97.8000030517578,97.87000274658205,97.04000091552734,97.6999969482422,16778300,95.2245002746582,93.55720001220703,95.14937092212966,59.88596380563426,1.0944292777610656,-0.2505706156395585
2018-05-14,97.91999816894533,98.69000244140624,97.30999755859376,98.02999877929688,19454100,95.41750030517578,93.65679992675781,95.42371643233606,60.741704711073325,1.1866272586362072,0.15947980427099284
2018-05-15,97.23999786376952,97.8499984741211,96.33999633789062,97.31999969482422,24594000,95.48000030517578,93.73039993286133,95.60431483828732,57.88078000748674,1.1887012225703586,0.2642065168781902
2018-05-16,97.36000061035156,97.4000015258789,96.62000274658205,97.1500015258789,17384700,95.51550025939942,93.80699996948242,95.75152309424843,57.18626391350277,1.1632185629155032,-0.29313247133447184
2018-05-17,96.76000213623048,97.54000091552734,95.83000183105467,96.18000030517578,17246700,95.51900024414063,93.8533999633789,95.79233044767008,53.25930670932748,1.0526184494213737,-0.007938014460991516
2018-05-18,96.01000213623048,96.93000030517578,96.01000213623048,96.36000061035156,17865800,95.58700027465821,93.89199996948243,95.84639427268736,53.89204763275567,0.9683292857072701,0.035896722271506976
2018-05-21,97.0,98.01000213623048,96.8000030517578,97.5999984741211,19422500,95.6995002746582,93.9131999206543,96.01340419663343,58.10005600771702,0.9901728840586657,0.08713295794198972
2018-05-22,97.68000030517578,98.16999816894533,97.1999969482422,97.5,15441200,95.9185001373291,93.92779998779297,96.15498474933501,57.64317221531246,0.9880257066655247,-0.20498391041318054
2018-05-23,96.70999908447266,98.7300033569336,96.31999969482422,98.66000366210938,21251200,96.23600044250489,94.01279998779297,96.39355797912305,61.43201687632843,1.0676197976321617,0.3762660933088102
2018-05-24,98.7300033569336,98.94000244140624,96.80999755859376,98.30999755859376,26649300,96.43850021362304,94.10199996948242,96.57607603431073,59.696871429126475,1.0898925182215038,0.25401389098027405
2018-05-25,98.3000030517578,98.9800033569336,97.86000061035156,98.36000061035156,18363900,96.56550025939941,94.18559997558594,96.74597361298129,59.87125368014454,1.0989110753109514,-0.3109049768661841
2018-05-29,97.83999633789062,98.87999725341795,97.2300033569336,98.01000213623048,28671000,96.79000053405761,94.25380004882813,96.86635728186216,57.9802265862216,1.0655335870572884,0.5612696649404538
2018-05-30,98.30999755859376,99.25,97.91000366210938,98.9499969482422,22158500,96.98750038146973,94.375,97.06479915485075,61.49754592358805,1.1022256415255072,-0.22714589655052142
2018-05-31,99.29000091552734,99.98999786376952,98.61000061035156,98.83999633789062,34140900,97.25400009155274,94.48919998168945,97.23386555323549,60.85557876354292,1.1096370242115938,0.5407586253582146
2018-06-01,99.27999877929688,100.86000061035156,99.16999816894533,100.79000091552734,28655600,97.59000015258789,94.65539993286133,97.572545111549,67.36027146448217,1.2583541476180216,-0.16066653193090985
2018-06-04,101.26000213623048,101.86000061035156,100.8499984741211,101.66999816894533,27281600,97.91549987792969,94.89299987792968,97.96277873606294,69.79923455175754,1.4307294052875363,-0.047948743003112804
2018-06-05,102.0,102.33000183105467,101.52999877929688,102.19000244140624,23514400,98.21399993896485,95.1931999206543,98.36537146990516,71.17015205054234,1.5909584590392996,-0.13808574277168495
2018-06-06,102.4800033569336,102.5999984741211,101.9000015258789,102.48999786376952,21122900,98.54799995422363,95.36739990234375,98.75819303122557,71.96092083215902,1.7222947204972883,-0.10170363692035522
2018-06-07,102.6500015258789,102.69000244140624,100.37999725341795,100.87999725341795,28232200,98.74499969482422,95.59559982299805,98.96026962381532,62.11415047090098,1.6771331134577139,0.33656836892661524
2018-06-08,101.08999633789062,101.9499969482422,100.54000091552734,101.62999725341795,22165100,98.93099937438964,95.84039978027344,99.21452939806319,64.5478113211654,1.6824665197548256,-0.2149000077925206
2018-06-11,101.01000213623048,101.58999633789062,100.66999816894533,101.0500030517578,23490900,99.09849967956544,96.03599990844727,99.38933641270077,61.270042791561906,1.6212043630773394,0.05981475382470647
2018-06-12,101.0999984741211,101.4499969482422,100.75,101.30999755859376,18325200,99.26249961853027,96.29179992675782,99.57225652183344,62.19676783136865,1.5754719860197497,-0.21990217488474262
2018-06-13,101.72000122070312,102.01000213623048,100.55999755859376,100.8499984741211,29492900,99.43899955749512,96.51459991455079,99.69394623157513,59.484783093000935,1.4849925957059469,0.6094176325497129
2018-06-14,101.6500015258789,102.02999877929688,101.0,101.41999816894533,25691800,99.65249938964844,96.69639984130859,99.85833213037229,61.712591003088676,1.4426512530733504,-0.1288818664831196
2018-06-15,101.51000213623048,101.52999877929688,100.06999969482422,100.12999725341795,65738600,99.84999923706054,96.85139984130859,99.88420499923379,54.41946199378893,1.290131310420847,1.558738585852295
2018-06-18,100.01000213623048,101.11000061035156,99.41999816894533,100.86000061035156,23586000,100.07499923706055,97.06399978637695,99.97713791457834,57.4816775511532,1.2141671637627809,-0.6412153590128175
2018-06-19,99.6500015258789,101.0,99.5,100.86000061035156,28653100,100.23799934387208,97.26579986572266,100.06122007608055,57.4816775511532,1.140814431608888,0.21483507165267524
2018-06-20,101.37000274658205,102.5199966430664,101.12000274658205,101.87000274658205,26180800,100.45649948120118,97.44559997558594,100.23348509231879,61.61917224882119,1.150913579032519,-0.08628385759307022
2018-06-21,102.08000183105467,102.45999908447266,100.87999725341795,101.13999938964844,23198200,100.58049926757812,97.63119995117188,100.31981978730256,57.280513618320896,1.087476306187014,-0.11392318034590232
2018-06-22,100.41000366210938,100.7699966430664,99.62999725341795,100.41000366210938,38923100,100.68549957275391,97.76779998779297,100.32840872776036,53.243274070814536,0.9671485693540944,0.677850005603883
2018-06-25,100.0,100.11000061035156,97.3000030517578,98.38999938964844,35433300,100.68699951171875,97.87399993896484,100.14379831460684,44.001387398771186,0.7007131233843751,-0.08965884012321734
2018-06-26,98.81999969482422,100.08000183105467,98.75,99.08000183105467,26897200,100.74049949645996,97.97220001220703,100.04248436379235,47.36243525728993,0.5390249986668891,-0.24090615325132003
2018-06-27,99.58000183105467,100.0199966430664,97.4000015258789,97.54000091552734,31298400,100.66999969482421,98.0016000366211,99.80415260681474,41.39124446151718,0.2833544575650535,0.16363041506179088
2018-06-28,97.37999725341795,99.11000061035156,97.26000213623048,98.62999725341795,26650700,100.65949974060058,98.04539993286133,99.69232828744362,46.52965341741983,0.1667649442535719,-0.14849640876210923
2018-06-29,98.93000030517578,99.91000366210938,98.33000183105467,98.61000061035156,28053200,100.5504997253418,98.09539993286133,99.5892494610539,46.44919692133782,0.07192425495577481,0.05262525937405016
2018-07-02,98.0999984741211,100.05999755859376,98.0,100.01000213623048,19564500,100.46749992370606,98.19559997558594,99.62932114440405,52.62554321883079,0.10848025537711692,-0.3025929305747651
2018-07-03,100.4800033569336,100.62999725341795,98.94000244140624,99.0500030517578,14670300,100.31049995422363,98.26960006713867,99.57414799272345,48.49515393329948,0.059303630673767316,-0.25015717242965574
2018-07-05,99.5,99.91999816894533,99.02999877929688,99.76000213623048,18977400,100.17400016784669,98.40240005493165,99.59184838734318,51.52541566051424,0.07673721485929264,0.2935931780536185
2018-07-06,99.88999938964844,101.43000030517578,99.66999816894533,101.16000366210938,19234600,100.18800048828125,98.57940017700196,99.74119650874948,56.90902757541381,0.20120254111624547,0.013552962998092388
2018-07-09,101.6500015258789,102.25,101.25,101.8499984741211,18212000,100.19900054931641,98.73120010375976,99.94203479116582,59.307715369224375,0.3514675248556358,-0.05316460960976577
2018-07-10,102.0,102.51000213623048,101.86000061035156,102.12000274658205,19293100,100.25250053405762,98.85720016479492,100.14946031072927,60.240408626264276,0.4867299751628167,0.059361959147814725
2018-07-11,101.1500015258789,102.33999633789062,101.0999984741211,101.9800033569336,19644600,100.2860008239746,99.02640029907226,100.3237977437011,59.47915090111432,0.5759900065692705,0.018218948743333074
2018-07-12,102.7699966430664,104.41000366210938,102.7300033569336,104.19000244140624,24335900,100.45300102233887,99.2102003479004,100.69200771491111,66.644833283535,0.8156553141924263,0.23880862934343283
2018-07-13,104.37000274658205,105.5999984741211,104.08999633789062,105.43000030517578,24635200,100.65350112915038,99.4486003112793,101.14324510446014,69.86490208053708,1.0930492701045296,0.012298702739574008
2018-07-16,105.4000015258789,105.81999969482422,104.5199966430664,104.91000366210938,21786900,100.89250144958496,99.665400390625,101.50198401471245,66.94618400257107,1.2564431014137938,-0.11561911411313897
2018-07-17,104.61000061035156,106.5,104.31999969482422,105.9499969482422,25901700,101.14700126647949,99.88120025634765,101.92560429409623,69.67485202354624,1.4531021988955928,0.18886578632113804
2018-07-18,105.94000244140624,106.0500030517578,104.72000122070312,105.12000274658205,29493900,101.36000137329101,100.05920028686523,102.2298327181425,65.05886296261008,1.524409906489396,0.13868587776091923
2018-07-19,104.93000030517578,105.30999755859376,103.88999938964844,104.4000015258789,40171600,101.48650131225585,100.23100036621094,102.43651546173645,61.266954323630365,1.5054695810838439,0.36203079280800443
2018-07-20,108.08000183105467,108.1999969482422,106.08000183105467,106.2699966430664,56004000,101.74300117492676,100.41760025024413,102.80160890757739,66.69617436400608,1.62264734595675,0.3941192285096935
2018-07-23,106.3000030517578,108.13999938964844,106.12999725341795,107.97000122070312,29707000,102.12100105285644,100.61880020141602,103.2938367469227,70.71496876664735,1.831574480230401,-0.46955574601814154
2018-07-24,108.56999969482422,108.81999969482422,107.26000213623048,107.66000366210938,26316600,102.58450126647949,100.81800033569336,103.70966216741667,69.07802248742898,1.9496620368221471,-0.11412798330359852
2018-07-25,107.95999908447266,111.1500015258789,107.5999984741211,110.83000183105467,30702100,103.1720012664795,101.07400039672852,104.38778975442982,75.35945621770281,2.272839753762071,0.16664386736888503
2018-07-26,110.73999786376952,111.0,109.5,109.62000274658205,31372100,103.77600135803223,101.32000045776367,104.88609575368241,69.55168016389831,2.403616217517623,0.021822611482602117
2018-07-27,110.18000030517578,110.18000030517578,106.13999938964844,107.68000030517578,37005300,104.22850151062012,101.5306004333496,105.15218190144368,61.38349397113906,2.3239267425983314,0.17956081996423578
2018-07-30,107.19000244140624,107.52999877929688,104.76000213623048,105.37000274658205,34668300,104.56650161743164,101.71440048217774,105.1729267438378,53.349326632570204,2.050735163641562,-0.06315311590501904
2018-07-31,106.48999786376952,106.72000122070312,105.37999725341795,106.08000183105467,27655200,104.87000160217285,101.9088005065918,105.25931484738227,55.28645893950355,1.8699640795890247,-0.20229143049990916
2018-08-01,106.02999877929688,106.4499969482422,105.41999816894533,106.27999877929688,23628700,105.2315013885498,102.08240051269532,105.35652284089795,55.84268873913612,1.7229783534294114,-0.14559648818305415
2018-08-02,105.4000015258789,108.08999633789062,104.83999633789062,107.56999969482422,26104300,105.62200126647949,102.2838005065918,105.5673301603195,59.354855975095,1.6910895714554925,0.10477089302416132
2018-08-03,107.8000030517578,108.0500030517578,106.81999969482422,108.04000091552734,18659600,105.96600112915038,102.47140045166016,105.80282261319644,60.58492250459337,1.6843267818573082,-0.28519056247438157
2018-08-06,108.12000274658205,108.41999816894533,107.55999755859376,108.12999725341795,20265900,106.28000106811524,102.66780044555664,106.02445829321753,60.82937303982155,1.6670128878231338,0.08608437479903097
2018-08-07,108.55999755859376,109.0999984741211,108.16999816894533,108.87999725341795,16080200,106.61800079345703,102.87820037841797,106.2964143846652,62.894685809363395,1.6942796330918384,-0.20653906315534964
2018-08-08,109.33000183105467,109.75,108.76000213623048,109.48999786376952,15487500,106.99350051879883,103.10780029296875,106.60056519219894,64.53266202162848,1.7449954550473024,-0.03685899429111583
2018-08-09,109.70999908447266,110.16000366210938,109.5999984741211,109.66999816894533,13677200,107.26750030517579,103.32220031738281,106.89289214236527,65.02331871966831,1.779203084000244,-0.11688781275221949
2018-08-10,109.41999816894533,109.69000244140624,108.37999725341795,109.0,18183700,107.446000289917,103.525400390625,107.09356908118762,61.60695620197017,1.7322809668936543,0.32948995408416937
2018-08-13,109.23999786376952,109.58000183105467,108.0999984741211,108.20999908447266,18472500,107.61100006103516,103.6738003540039,107.19989574816715,57.75382138891825,1.6127575147379645,0.01588235617613587
2018-08-14,108.55999755859376,109.75,108.04000091552734,109.55999755859376,16788300,107.79150009155273,103.83160034179687,107.42466734916016,62.114443831728074,1.6084269673693825,-0.09117336581404789
2018-08-15,108.48999786376952,108.98999786376952,106.81999969482422,107.66000366210938,29982800,107.9185001373291,103.94100036621094,107.4470803313458,53.71149185390392,1.4351379716502777,0.7859342518301435
2018-08-16,108.3000030517578,108.86000061035156,107.3000030517578,107.63999938964844,21384300,108.08050003051758,104.04400039672852,107.46545357499367,53.62923045618134,1.2814196088632173,-0.2867810878236856
2018-08-17,107.36000061035156,107.9000015258789,106.69000244140624,107.58000183105467,18061500,108.146000289917,104.17800048828126,107.47636293271377,53.365243259913235,1.141595791648058,-0.1553850254626058
2018-08-20,107.51000213623048,107.9000015258789,106.4800033569336,106.87000274658205,17914200,108.09100036621093,104.28280059814453,107.41861434355837,50.21513945669418,0.9623994746509226,-0.008155468814882494
2018-08-21,106.91999816894533,107.3499984741211,105.8499984741211,105.9800033569336,22881900,108.00700035095215,104.38140060424804,107.28160377340363,46.509014071681925,0.7400388821068447,0.2773051545701175
2018-08-22,105.8499984741211,107.33999633789062,105.77999877929688,107.05999755859376,18000600,107.8185001373291,104.49640060424805,107.26049841961222,51.214382556254456,0.6435446347234688,-0.21332581647503046
2018-08-23,107.1500015258789,108.18000030517578,106.87000274658205,107.55999755859376,18167700,107.71549987792969,104.6306005859375,107.28902214713428,53.26411317418058,0.6004959265487599,0.009283023899203435
2018-08-24,107.66999816894533,108.55999755859376,107.55999755859376,108.4000015258789,17234000,107.75149993896484,104.77020065307617,107.39482970701472,56.56577844195755,0.6269339112488836,-0.05139340698052042
2018-08-27,109.2699966430664,109.63999938964844,108.51000213623048,109.5999984741211,19662300,107.9629997253418,104.95960067749023,107.60484578007247,60.82362749859043,0.7362291383096249,0.14090170593013807
2018-08-28,109.94000244140624,110.5,109.79000091552734,110.26000213623048,19151500,108.17199974060058,105.14760070800781,107.85771781399228,62.97354240173934,0.8661190910946033,-0.02597864949675266
2018-08-29,110.4499969482422,112.02999877929688,110.2699966430664,112.0199966430664,20818000,108.45899963378906,105.37080062866211,108.25412532152315,68.01436764377077,1.0984128427837732,0.08701668276636298
2018-08-30,111.66999816894533,112.61000061035156,111.44000244140624,111.9499969482422,22798700,108.67799949645996,105.57240051269531,108.6061130954964,67.62006058619593,1.2623078253715505,0.09514362570852142
2018-08-31,111.69000244140624,112.77999877929688,111.5199966430664,112.33000183105467,23222700,108.89249954223632,105.79620056152343,108.96076916554956,68.68154099844028,1.4066440807245328,0.018597551614785157
2018-09-04,110.8499984741211,111.95999908447266,110.22000122070312,111.70999908447266,22634600,109.07149963378906,106.0222004699707,109.22260058639938,64.94092161480071,1.4542390009378607,-0.025324359355285986
2018-09-05,111.01000213623048,111.41999816894533,108.0999984741211,108.48999786376952,32872400,109.05199966430663,106.22420043945313,109.15282889852988,49.7778622023074,1.2180897498701313,0.4523075291809884
2018-09-06,108.25,108.98999786376952,107.51000213623048,108.73999786376952,23477600,109.01449966430664,106.41740036010742,109.11351165712412,50.739552853916805,1.0391341856447553,-0.2857959869069493
2018-09-07,108.2300033569336,108.72000122070312,107.2300033569336,108.20999908447266,22498600,108.94149971008301,106.63080032348633,109.02746284068112,48.61423824200013,0.8448057448331667,-0.04169932190683889
2018-09-10,108.83999633789062,109.63999938964844,108.36000061035156,109.37999725341795,20727900,108.9604995727539,106.84580032348633,109.06103754665607,53.26782273830931,0.7762598887874361,-0.07870267483310067
2018-09-11,108.9000015258789,111.58999633789062,108.88999938964844,111.23999786376952,24301800,109.11199951171875,107.09840026855468,109.26855757685735,59.54081214035948,0.8620857210441812,0.17241978203291208
2018-09-12,111.43000030517578,111.8499984741211,110.51000213623048,111.70999908447266,18891100,109.2194995880127,107.33240020751953,109.50107581567785,60.96663354420308,0.9569968183835442,-0.22264605913965219
2018-09-13,112.12000274658205,113.7300033569336,112.12000274658205,112.91000366210938,26055600,109.4819995880127,107.60960021972656,109.82573561057609,64.41478376863606,1.1161782789778982,0.3792526639528666
2018-09-14,113.36000061035156,113.7300033569336,112.44000244140624,113.37000274658205,19122300,109.76849975585938,107.8818002319336,110.16328486162428,65.66683683131217,1.2648682018063084,-0.26609634781006775
2018-09-17,113.69000244140624,113.6999969482422,111.86000061035156,112.13999938964844,20736500,109.99649963378906,108.10140014648438,110.35154338810277,59.625675286882846,1.268828777237772,0.08441453172474023
2018-09-18,112.19000244140624,113.6999969482422,111.72000122070312,113.20999908447266,22170900,110.3134994506836,108.3286001586914,110.62377726394752,62.829269421895034,1.3428283059835735,0.06917271477828946
2018-09-19,113.0500030517578,113.31999969482422,111.04000091552734,111.6999969482422,21728400,110.59949913024903,108.52020004272461,110.72627437673749,56.068032894299286,1.2650462471992796,-0.019958594373706062
2018-09-20,112.27999877929688,113.8000030517578,111.93000030517578,113.56999969482422,23714500,110.92499923706055,108.75199996948243,110.99710535941242,61.58182309714627,1.3388634145776734,0.09140571786233687
2018-09-21,114.0,115.29000091552734,113.51000213623048,114.26000213623048,71229700,111.25999946594239,108.9533999633789,111.30785743339509,63.40682269837,1.4364826046919887,2.0036349069134918
2018-09-24,113.02999877929688,114.9000015258789,112.22000122070312,114.66999816894533,27334500,111.5734992980957,109.1381999206543,111.6280613129713,64.48635340674973,1.5293009402438003,-0.6162485592386322
2018-09-25,114.8000030517578,115.0999984741211,113.75,114.4499969482422,22668000,111.81599922180176,109.32899978637695,111.896817087759,63.40543848848545,1.5670439725403469,-0.1707183229984086
2018-09-26,114.47000122070312,115.05999755859376,113.73999786376952,113.9800033569336,19352000,112.00199928283692,109.48959991455078,112.09521578006135,61.05110098384384,1.5412643071122716,-0.14628551261690492
2018-09-27,114.77999877929688,114.91000366210938,114.1999969482422,114.41000366210938,19091300,112.12149963378906,109.67539993286132,112.31567176882783,62.42575676917147,1.5378043165816422,-0.013471475816453027
2018-09-28,114.19000244140624,114.56999969482422,113.68000030517578,114.37000274658205,21647800,112.24249992370605,109.87479995727539,112.51132233813775,62.205811013390424,1.5143777060488475,0.13390916281238052
2018-10-01,114.75,115.68000030517578,114.7300033569336,115.61000061035156,18883100,112.4064998626709,110.06160003662109,112.80643455453907,66.18337947206138,1.5776828669173142,-0.12771274679182176
2018-10-02,115.3000030517578,115.83999633789062,114.44000244140624,115.1500015258789,20787200,112.57849998474121,110.20520004272461,113.02963140895238,63.51298234218777,1.5726065518344683,0.10083619744639383
2018-10-03,115.41999816894533,116.18000030517578,114.93000030517578,115.16999816894533,16648000,112.9125,110.35539993286133,113.23347586228505,63.58177316758596,1.552303113517496,-0.19912253694581283
2018-10-04,114.61000061035156,114.76000213623048,111.62999725341795,112.79000091552734,34821700,113.1150001525879,110.39459991455078,113.19124015307003,51.20726885223191,1.3288484665461482,1.0916446419990389
2018-10-05,112.62999725341795,113.16999816894533,110.63999938964844,112.12999725341795,29068900,113.31100006103516,110.4447998046875,113.0901694007222,48.39442831188279,1.0859837248869866,-0.16520732761467705
2018-10-08,111.66000366210938,112.02999877929688,109.33999633789062,110.8499984741211,29640600,113.3845001220703,110.5081997680664,112.87681978866496,43.41374792926481,0.7812210335020069,0.019667066865275196
2018-10-09,111.13999938964844,113.08000183105467,110.8000030517578,112.26000213623048,26198600,113.43550033569336,110.64599975585938,112.81807525033787,49.57077384850566,0.6460229659070791,-0.11612450490206006
2018-10-10,111.23999786376952,111.5,105.79000091552734,106.16000366210938,61376300,113.15800056457519,110.64759979248046,112.18397319431611,32.895048027690635,0.046126904005035385,1.3427320543845855
2018-10-11,105.3499984741211,108.93000030517578,104.1999969482422,105.91000366210938,63904300,112.8080005645752,110.64019989013671,111.5864522864869,32.413783623000015,-0.44434581576445,0.04118853694341307
2018-10-12,109.01000213623048,111.23999786376952,107.12000274658205,109.56999969482422,47742100,112.61800041198731,110.68019989013672,111.39440918251903,45.0814725448216,-0.5315900486918963,-0.2529125583098477
2018-10-15,108.91000366210938,109.4800033569336,106.9499969482422,107.5999984741211,32068100,112.39100036621093,110.6713998413086,111.03303673410018,40.66357741091609,-0.7510368807145937,-0.32830562543331776
2018-10-16,109.54000091552734,111.41000366210938,108.9499969482422,111.0,31610200,112.2805004119873,110.72879989624023,111.02989037847159,49.8060912495568,-0.6431841415657971,-0.01427898752966339
2018-10-17,111.68000030517578,111.80999755859376,109.5500030517578,110.70999908447266,26548200,112.23100051879882,110.76539993286133,110.99942454094789,49.11102183548178,-0.5744883746215947,-0.1601381832446489
2018-10-18,110.0999984741211,110.52999877929688,107.83000183105467,108.5,32506200,111.97750053405761,110.74559997558593,110.76138410847666,44.06429339174211,-0.6904162519922323,0.2244219947115058
2018-10-19,108.93000030517578,110.86000061035156,108.20999908447266,108.66000366210938,32785500,111.69750061035157,110.72540008544922,110.56125263739406,44.50890091315378,-0.7606111201685621,0.008592207025121423
2018-10-22,109.31999969482422,110.54000091552734,108.23999786376952,109.62999725341795,26545600,111.4455005645752,110.73800003051758,110.47256164844396,47.24645645620161,-0.7295607603713421,-0.19032499123087954
2018-10-23,107.7699966430664,108.97000122070312,105.11000061035156,108.0999984741211,43770400,111.12800064086915,110.73580001831054,110.2466032508894,43.59331560595813,-0.8189706573359814,0.6488758965704298
2018-10-24,108.41000366210938,108.48999786376952,101.58999633789062,102.31999969482422,63897800,110.54500045776368,110.59100006103516,109.49168862650224,33.16163180544015,-1.340770671171441,0.45984044011478087
2018-10-25,106.5500030517578,109.2699966430664,106.1500015258789,108.3000030517578,61646800,110.2395004272461,110.60380004882812,109.37819476224087,47.23092700822661,-1.2572716031541376,-0.035228129919965934
2018-10-26,105.69000244140624,108.75,104.76000213623048,106.95999908447266,55523100,109.86900024414062,110.5902000427246,109.14789041197723,44.947728898397884,-1.284419127275541,-0.09933524530064819
2018-10-29,108.11000061035156,108.6999969482422,101.62999725341795,103.8499984741211,55162000,109.2810001373291,110.51559997558594,108.64332927503855,40.10236712609525,-1.5391425167744615,-0.006503599402771121
2018-10-30,103.66000366210938,104.37999725341795,100.11000061035156,103.7300033569336,65350900,108.71000022888184,110.45279998779297,108.17539347331427,39.92353922727236,-1.7307442983310324,0.18470867626264464
2018-10-31,105.44000244140624,108.13999938964844,105.38999938964844,106.80999755859376,51062400,108.29200019836426,110.46939987182617,108.04535576715041,46.51617026647679,-1.6154385293516924,-0.2186427424870966
2018-11-01,107.0500030517578,107.31999969482422,105.52999877929688,105.91999816894533,33384200,107.94850006103516,110.4465998840332,107.84294075779755,44.980140156891224,-1.5776867980794123,-0.3462077771510935
2018-11-02,106.4800033569336,107.31999969482422,104.9800033569336,106.16000366210938,37680200,107.65000038146972,110.41860000610352,107.68266103439868,45.50276065153483,-1.5109841567666251,0.12868362878247797
2018-11-05,106.37000274658205,107.73999786376952,105.9000015258789,107.51000213623048,27922100,107.48300056457519,110.40080001831055,107.66621732981123,48.4678772031093,-1.3338128739647033,-0.2589715553526786
2018-11-06,107.37999725341795,108.83999633789062,106.27999877929688,107.72000122070312,24340200,107.25600051879883,110.36320007324218,107.67133960513426,48.933327841813984,-1.1630512539315987,-0.12828189856780114
2018-11-07,109.44000244140624,112.23999786376952,109.4000015258789,111.95999908447266,37901700,107.54600028991699,110.39720001220704,108.07978336507125,57.31617984285453,-0.6777760667225436,0.5571646905119925
2018-11-08,111.8000030517578,112.20999908447266,110.91000366210938,111.75,25644100,107.83800010681152,110.3918000793457,108.42932780649303,56.818692626949286,-0.3066028291608802,-0.32340501877224503
2018-11-09,110.8499984741211,111.4499969482422,108.76000213623048,109.56999969482422,32039200,107.83800010681152,110.34420013427734,108.53796322442933,51.79296130169704,-0.18620669496948494,0.24937899945796493
2018-11-12,109.41999816894533,109.95999908447266,106.0999984741211,106.87000274658205,33621800,107.80150032043457,110.23500015258789,108.37910984558674,46.32737083541989,-0.30514159772809535,0.049395740218232564
2018-11-13,107.5500030517578,108.73999786376952,106.63999938964844,106.94000244140624,35374600,107.59850044250489,110.13960021972656,108.24205199756955,46.485044466776124,-0.38926279548486775,0.05213284238202598
2018-11-14,108.0999984741211,108.26000213623048,104.47000122070312,104.97000122070312,39495100,107.3115005493164,110.06920028686524,107.93042811405846,42.684615611157156,-0.6078847680799129,0.11648188248064995
2018-11-15,104.98999786376952,107.8000030517578,103.91000366210938,107.27999877929688,38505200,107.25050048828125,110.04000030517578,107.86848246312879,48.04813895159079,-0.5879690180818784,-0.025063868682444146
2018-11-16,107.08000183105467,108.87999725341795,106.8000030517578,108.29000091552734,33502100,107.23200035095215,110.04160034179688,107.90862707764293,50.2406854359089,-0.48509503763675355,-0.1299330999449425
2018-11-19,108.2699966430664,108.55999755859376,103.5500030517578,104.62000274658205,44773900,106.98150062561035,109.94640045166015,107.59542476039904,43.11953715495565,-0.6917310033276749,0.33645055086099074
2018-11-20,101.8000030517578,102.97000122070312,99.3499984741211,101.70999908447266,64052500,106.66200065612793,109.75580047607421,107.03490802935843,38.464081342336236,-1.0778793483155766,0.4305767422538578
2018-11-21,103.5999984741211,104.43000030517578,102.23999786376952,103.11000061035156,28130600,106.7015007019043,109.5838005065918,106.66110732278635,41.72393422000693,-1.2564526667024722,-0.5608196401389485
2018-11-23,102.16999816894533,103.80999755859376,102.0,103.06999969482422,13823100,106.44000053405762,109.3870004272461,106.31909707250425,41.65603366360788,-1.3852329445496423,-0.5086098412404997
2018-11-26,104.79000091552734,106.62999725341795,104.58000183105467,106.47000122070312,32336200,106.41550064086914,109.24900039672852,106.33346889614224,49.22037979564591,-1.199117850262354,1.3392871353025009
2018-11-27,106.2699966430664,107.33000183105467,105.36000061035156,107.13999938964844,29124500,106.5800006866455,109.14900039672851,106.41028132409521,50.580121152393325,-0.9861888728819395,-0.09932212195619772
2018-11-28,107.88999938964844,111.33000183105467,107.86000061035156,111.12000274658205,46788500,106.94950065612792,109.1072004699707,106.85882622147491,57.80772453359615,-0.49063241058769336,0.6064996823979811
2018-11-29,110.33000183105467,111.12000274658205,109.02999877929688,110.19000244140624,28123200,107.11850090026856,109.07700057983398,107.17608109956362,55.75577430038963,-0.17097272902545058,-0.39892922406146814
2018-11-30,110.6999969482422,110.97000122070312,109.36000061035156,110.88999938964844,33665600,107.36700096130372,109.02340057373047,107.52978760338122,56.99319082015451,0.13726150999590914,0.19707572395744433
2018-12-03,113.0,113.41999816894533,110.7300033569336,112.08999633789062,34732800,107.66350059509277,108.98000045776367,107.96409319714402,59.10473889750652,0.47291759045651816,0.031700014257877385
2018-12-04,111.94000244140624,112.63999938964844,108.20999908447266,108.5199966430664,45197000,107.71400032043456,108.85700042724609,108.01703638246997,51.07110993772328,0.4457203263817746,0.3012771789202138
2018-12-06,105.81999969482422,109.23999786376952,105.0,109.19000244140624,49107400,107.78750038146973,108.75180053710938,108.128747435702,52.37932773802312,0.47278025067645046,0.08651901674889917
2018-12-07,108.37999725341795,109.4499969482422,104.3000030517578,104.81999969482422,45044900,107.43050041198731,108.56860046386718,107.81362860323745,44.09765575702234,0.13998902923495393,-0.08272683953945836
2018-12-10,104.8000030517578,107.9800033569336,103.88999938964844,107.58999633789062,40801500,107.22250022888184,108.43220031738281,107.79233029225203,49.54341202423959,0.09862824288882166,-0.09420378333618229
2018-12-11,109.8000030517578,110.9499969482422,107.44000244140624,108.58999633789062,42381900,107.17350006103516,108.31660018920898,107.86829848707475,51.38463820855529,0.14487117959325246,0.038733870078305976
2018-12-12,110.88999938964844,111.2699966430664,109.04000091552734,109.08000183105467,36183000,107.28400001525878,108.18600021362305,107.98369880554903,52.30310820620157,0.21853920433383678,-0.14626290940236275
2018-12-13,109.58000183105467,110.87000274658205,108.62999725341795,109.4499969482422,31333400,107.40949974060058,108.0720001220703,108.12334624771029,53.02478044354927,0.3032811224750702,-0.13402979299671114
2018-12-14,108.25,109.26000213623048,105.5,106.02999877929688,47043100,107.46249961853027,107.88920013427735,107.9239798221471,46.08391186878268,0.09339780130262909,0.5013723375056649
2018-12-17,105.41000366210938,105.8000030517578,101.70999908447266,102.88999938964844,56957300,107.24299964904785,107.69120010375977,107.44455311429009,40.8029301127851,-0.3225893423947923,0.2107471658968052
2018-12-18,103.75,104.51000213623048,102.5199966430664,103.97000122070312,49319200,107.02699966430664,107.52800018310546,107.11364341013895,43.21334195324497,-0.558674971675913,-0.13410221341250372
2018-12-19,103.6500015258789,106.87999725341795,101.3499984741211,103.69000244140624,68198200,106.98049964904786,107.38480026245117,106.78758236549774,42.72758865867921,-0.7596117636585831,0.38279209719541285
2018-12-20,103.0500030517578,104.30999755859376,98.77999877929688,101.51000213623048,70334200,106.97049980163574,107.16980026245118,106.28495567699609,39.04736097658487,-1.0822874881187659,0.03132047473393729
2018-12-21,101.62999725341795,103.0,97.45999908447266,98.2300033569336,111242100,106.72649993896485,107.01120025634765,105.51781736079967,34.265227107705826,-1.5844146678748672,0.5816217430496118
2018-12-24,97.68000030517578,97.97000122070312,93.9800033569336,94.12999725341795,43935200,106.27949981689453,106.77560012817383,104.43326306485855,29.41564878154334,-2.2868291597833093,-0.6050488079602956
2018-12-26,95.13999938964844,100.69000244140624,93.95999908447266,100.55999755859376,51634800,105.98399963378907,106.59540008544921,104.06438063569047,43.032803813734276,-2.29815867571142,0.17524900307725932
2018-12-27,99.3000030517578,101.19000244140624,96.4000015258789,101.18000030517578,49498500,105.68599967956543,106.46700012207032,103.78967774707003,44.151612668719444,-2.2313863260620934,-0.04137325989448981
2018-12-28,102.08999633789062,102.41000366210938,99.5199966430664,100.38999938964844,38196300,105.14949951171874,106.25480010986328,103.46589885588702,42.99297611953797,-2.2166629191588214,-0.22833419194521043
2018-12-31,101.29000091552734,102.4000015258789,100.44000244140624,101.56999969482422,33173800,104.71849937438965,106.0720001220703,103.2853370310239,45.30191268581,-2.0857352920364463,-0.13149179370776753
2019-01-02,99.5500030517578,101.75,98.94000244140624,101.12000274658205,35329300,104.22999954223633,105.92440017700196,103.07911471821991,44.5606917301864,-1.9952847960933724,0.06497597501642871
2019-01-03,100.0999984741211,100.19000244140624,97.1999969482422,97.4000015258789,42579100,103.49549980163575,105.69920013427735,102.53824679513981,38.89511179036259,-2.198432968774199,0.2052064433770271
2019-01-04,99.72000122070312,102.51000213623048,98.93000030517578,101.93000030517578,44060600,103.1659999847412,105.5452001953125,102.48031855800038,47.627541439926496,-1.9711738513719723,0.03479406563313936
2019-01-07,101.63999938964844,103.2699966430664,100.9800033569336,102.05999755859376,35656100,102.80949974060059,105.42440017700196,102.44028798662832,47.85782823336397,-1.760288165369687,-0.19074865072196023
2019-01-08,103.04000091552734,103.97000122070312,101.70999908447266,102.8000030517578,31514400,102.70849990844727,105.43400024414062,102.4745465642597,49.22646720901134,-1.515972296079937,-0.11615684272817273
2019-01-09,103.86000061035156,104.87999725341795,103.23999786376952,104.2699966430664,32280800,102.54249992370606,105.35340011596679,102.64554180986033,51.9259212583609,-1.1900162453801073,0.024319041454065493
2019-01-10,103.22000122070312,103.75,102.37999725341795,103.5999984741211,30067600,102.29300003051758,105.28620010375977,102.73644244455184,50.60530256491835,-0.9745232818658423,-0.06856087829297908
2019-01-11,103.19000244140624,103.44000244140624,101.63999938964844,102.8000030517578,28314200,101.97900009155273,105.2652001953125,102.74249583571431,49.00275011106867,-0.8584013836672142,-0.058315262940839996
2019-01-14,101.9000015258789,102.87000274658205,101.26000213623048,102.0500030517578,28437100,101.60900039672852,105.23160018920899,102.67654414200416,47.484556841622236,-0.8174693963757989,0.0043405782257666115
2019-01-15,102.51000213623048,105.0500030517578,101.87999725341795,105.01000213623048,31587600,101.5580005645752,105.19560028076172,102.89877823669238,53.595169994470005,-0.5399590019146103,0.11078837152874232
2019-01-16,105.26000213623048,106.26000213623048,104.95999908447266,105.37999725341795,29853900,101.68250045776367,105.18480026245118,103.13508480971386,54.31081925357333,-0.2868676692487071,-0.05488546138358086
2019-01-17,105.0,106.62999725341795,104.76000213623048,106.12000274658205,28393000,101.79000053405761,105.18400024414062,103.41936270846321,55.779686318376996,-0.026275814636974815,-0.04893498001936092
2019-01-18,107.45999908447266,107.9000015258789,105.91000366210938,107.70999908447266,37427600,101.99100036621094,105.18800018310547,103.82799474427364,58.84147221402529,0.3050283470089141,0.31819814743070474
2019-01-22,106.75,107.0999984741211,104.86000061035156,105.68000030517578,32371300,102.1995002746582,105.14720016479492,104.00437622626431,53.726687050887676,0.3991838035453128,-0.13509549102801144
2019-01-23,106.12000274658205,107.04000091552734,105.33999633789062,106.70999908447266,25874300,102.62350006103516,105.04220016479492,104.26205459371273,55.82488829157175,0.550568365236586,-0.20070247410514874
2019-01-24,106.86000061035156,107.0,105.33999633789062,106.1999969482422,23164800,103.22700004577636,104.93120010375976,104.44662053223935,54.506969795563734,0.6222162888539771,-0.10471780879096249
2019-01-25,107.23999786376952,107.87999725341795,106.1999969482422,107.16999816894533,31225600,103.55750007629395,104.8832000732422,104.70598983097325,56.60533925507262,0.748638932782896,0.34797623981212866
2019-01-28,106.26000213623048,106.4800033569336,104.66000366210938,105.08000183105467,29476700,103.75250015258788,104.84740005493164,104.74161002145719,51.132735019075554,0.6724331603851255,-0.056008531461365085
2019-01-29,104.87999725341795,104.97000122070312,102.16999816894533,102.94000244140624,31490500,103.88000030517578,104.76740005493164,104.57002834716663,46.20673166631352,0.4343525251683644,0.06831836670997782
2019-01-30,104.62000274658205,106.37999725341795,104.33000183105467,106.37999725341795,49471900,104.12050018310546,104.79559997558594,104.74240633823818,53.89566755288584,0.5172877671941336,0.5710103046950668
2019-01-31,103.8000030517578,105.22000122070312,103.18000030517578,104.43000030517578,55636400,104.28600006103515,104.73860000610351,104.71265338270842,49.57032139215626,0.4208151915175762,0.12460608951748364
2019-02-01,103.77999877929688,104.0999984741211,102.3499984741211,102.77999877929688,35535700,104.55499992370605,104.62839996337891,104.52859103952638,46.19223256464197,0.20881159664084237,-0.36128685536806837
2019-02-04,102.87000274658205,105.8000030517578,102.7699966430664,105.73999786376952,31315100,104.74549980163575,104.65079986572266,104.64396311802572,52.45219488083102,0.27645757780200597,-0.11877070101334719
2019-02-05,106.05999755859376,107.2699966430664,105.95999908447266,107.22000122070312,27325400,105.00349998474121,104.76099990844726,104.88930008018548,55.255207490968864,0.444368998036353,-0.12740498992498828
2019-02-06,107.0,107.0,105.52999877929688,106.02999877929688,20609800,105.16499977111816,104.81939987182618,104.99793805152942,52.571619917315786,0.475930525708506,-0.24576401443345752
2019-02-07,105.19000244140624,105.58999633789062,104.29000091552734,105.2699966430664,29760700,105.21499977111816,104.86339981079101,105.02384839358056,50.87229838141687,0.4346075575961237,0.4440072198662772
2019-02-08,104.38999938964844,105.77999877929688,104.26000213623048,105.66999816894533,21461100,105.31849975585938,104.84739974975587,105.08538646742483,51.75618660838529,0.4291881737309353,-0.2788778489753265
2019-02-11,106.1999969482422,106.58000183105467,104.97000122070312,105.25,18914100,105.44099960327148,104.80959976196289,105.1010639467177,50.72424080173208,0.38654705695509506,-0.11867984399681286
2019-02-12,106.13999938964844,107.13999938964844,105.4800033569336,106.88999938964844,25056600,105.68299942016601,104.72499969482422,105.27143875080634,54.53614397917697,0.4795598420519127,0.32475772043078965
2019-02-13,107.5,107.77999877929688,106.70999908447266,106.80999755859376,18394900,105.77299919128419,104.65739959716797,105.41796816107181,54.3154083140538,0.5405861248549968,-0.2658660791966987
2019-02-14,106.30999755859376,107.29000091552734,105.66000366210938,106.9000015258789,21784700,105.84899940490723,104.57759963989258,105.55911419581534,54.5383440766054,0.5894180176054675,0.18427933829485355
2019-02-15,107.91000366210938,108.3000030517578,107.36000061035156,108.22000122070312,26606900,105.95399932861328,104.50019973754883,105.81253200770941,57.791513175247374,0.7262587295457337,0.2213571910561083
2019-02-19,107.79000091552734,108.66000366210938,107.77999877929688,108.16999816894533,18038500,105.97699928283691,104.4931997680664,106.03705259449379,57.62329734747141,0.8212048133524945,-0.32203676489933064
2019-02-20,107.86000061035156,107.94000244140624,106.29000091552734,107.1500015258789,21607700,106.05049934387208,104.45239974975586,106.14304773081618,54.160160532537965,0.8048670577615695,0.1978656761925881
2019-02-21,106.9000015258789,109.4800033569336,106.87000274658205,109.41000366210938,29063200,106.18549957275391,104.54419982910156,106.45418639093934,59.909382533854085,0.9631796184336707,0.34503903700995475
2019-02-22,110.0500030517578,111.1999969482422,109.81999969482422,110.97000122070312,27763200,106.42399978637695,104.61179992675781,106.88426399377398,63.32835882870586,1.200681519720618,-0.044730105425417666
2019-02-25,111.76000213623048,112.18000030517578,111.26000213623048,111.58999633789062,23750600,106.64499969482422,104.67179992675781,107.33242897892795,64.61976567165452,1.422533827573261,-0.14452944905486398
2019-02-26,111.26000213623048,113.23999786376952,111.16999816894533,112.36000061035156,21536700,107.00899963378906,104.73739990234375,107.81124532477781,66.21122216062635,1.6415633688213802,-0.09321448721295467
2019-02-27,111.69000244140624,112.36000061035156,110.87999725341795,112.16999816894533,21487100,107.47049942016602,104.79179992675782,108.22636464326996,65.42913354650437,1.7793035454839838,-0.0023030454990783378
2019-02-28,112.04000091552734,112.87999725341795,111.7300033569336,112.02999877929688,29083900,107.75299949645996,104.91179992675781,108.58861551336776,64.82156467741751,1.8557746323504176,0.35355166588325093
2019-03-01,112.88999938964844,113.0199966430664,111.66999816894533,112.52999877929688,23501200,108.15799942016602,105.10459991455077,108.96398534821815,66.03464362317155,1.9344254880736855,-0.1919515608291873
2019-03-04,113.0199966430664,113.25,110.8000030517578,112.26000213623048,26608000,108.63199958801269,105.27039993286132,109.27789170898123,64.73646465702305,1.952463600226821,0.1321975048082651
2019-03-05,112.25,112.38999938964844,111.2300033569336,111.6999969482422,19538300,108.92999954223633,105.43059982299805,109.50856839843466,62.01334781269084,1.8996729483109505,-0.26569828622970537
2019-03-06,111.87000274658205,112.66000366210938,111.43000030517578,111.75,17687000,109.15649948120117,105.63539978027343,109.72203807477422,62.16638054528698,1.8406529038069976,-0.09475235818878813
2019-03-07,111.4000015258789,111.5500030517578,109.87000274658205,110.38999938964844,25339000,109.37449951171875,105.87859970092774,109.78565343809558,55.605010712398474,1.6649459495515657,0.43263413806750717
2019-03-08,109.16000366210938,110.70999908447266,108.8000030517578,110.51000213623048,22818400,109.63649978637696,106.20619979858398,109.85463902839415,56.045845271785964,1.517882931562525,-0.09947511740794823
2019-03-11,110.98999786376952,112.9499969482422,110.9800033569336,112.83000183105467,26491600,109.99449996948242,106.4515998840332,110.13800691436181,63.576098287562026,1.5704360078640605,0.16097535322371415
2019-03-12,112.81999969482422,113.98999786376952,112.6500015258789,113.62000274658205,26132700,110.41300010681152,106.70039993286133,110.46962556504945,65.72917053075136,1.6567333799046082,-0.013547690588714967
2019-03-13,114.12999725341795,115.0,113.77999877929688,114.5,35513800,110.7935001373291,106.98259994506836,110.85347074933046,67.99841863765042,1.7756643396973004,0.35897936302027733
2019-03-14,114.54000091552734,115.1999969482422,114.33000183105467,114.58999633789062,30763400,111.18250007629395,107.24299987792969,111.20933032919332,68.23010546541857,1.8557875705951403,-0.1337620868507453
2019-03-15,115.33999633789062,117.25,114.58999633789062,115.91000366210938,54681100,111.63300018310547,107.53879989624023,111.65701350375676,71.49040255010489,2.002713334961655,0.7774725810541097
2019-03-18,116.16999816894533,117.61000061035156,116.0500030517578,117.56999969482422,31207600,112.10050010681152,107.94219985961914,112.22015504576318,74.96921675327637,2.2274245052663844,-0.4292799523052755
2019-03-19,118.08999633789062,118.44000244140624,116.98999786376952,117.6500015258789,37588700,112.5745002746582,108.2565998840332,112.73728328196468,75.12674207779247,2.384478422879681,0.20447262846229775
2019-03-20,117.38999938964844,118.75,116.70999908447266,117.5199966430664,28113300,113.09300003051757,108.56579986572265,113.19277979254579,74.30835640194974,2.469982060866542,-0.2520810775578831
2019-03-21,117.13999938964844,120.81999969482422,117.08999633789062,120.22000122070312,29854400,113.63349990844726,108.91419982910156,113.86203897617982,79.34161598844128,2.7242091274669633,0.06193154129895806
2019-03-22,119.5,119.58999633789062,117.04000091552734,117.0500030517578,33624500,113.9375,109.16979995727539,114.16565460242533,63.58998998908489,2.639467412580288,0.12628289297389994
2019-03-25,116.55999755859376,118.01000213623048,116.31999969482422,117.66000366210938,27067100,114.24100036621094,109.45100006103516,114.49844975096667,65.02875982834604,2.591655947753196,-0.19501851328644293
2019-03-26,118.62000274658205,118.70999908447266,116.8499984741211,117.91000366210938,26097700,114.51850051879883,109.75320007324218,114.82335964726597,65.62822900684924,2.544605302116551,-0.03581469754794564
2019-03-27,117.87999725341795,118.20999908447266,115.5199966430664,116.7699966430664,22733400,114.74850044250488,110.04759994506836,115.00875364686601,60.532604847196446,2.387803178778242,-0.12891174318043352
2019-03-28,117.44000244140624,117.58000183105467,116.12999725341795,116.93000030517578,18334800,114.99350051879883,110.28599990844727,115.191729519086,60.99041468156914,2.2505049050059256,-0.19348623611074456
2019-03-29,118.06999969482422,118.31999969482422,116.95999908447266,117.94000244140624,25399800,115.2640007019043,110.53720001220704,115.4534697974022,63.84164542966584,2.1978582238293995,0.3853328097388573
2019-04-01,118.9499969482422,119.11000061035156,118.0999984741211,119.0199966430664,22789100,115.6020004272461,110.79519989013671,115.7931390207988,66.64874029190064,2.217717390289863,-0.10278427389192046
2019-04-02,119.05999755859376,119.4800033569336,118.5199966430664,119.19000244140624,18142300,115.9765007019043,111.02479995727539,116.11664982276142,67.08196116861096,2.2215651497456577,-0.2039044982030883
2019-04-03,119.86000061035156,120.43000030517578,119.1500015258789,119.97000122070312,22860700,116.38750076293945,111.31059997558594,116.48363567018444,69.06727937888388,2.2614849191806314,0.260077277963654
2019-04-04,120.0999984741211,120.2300033569336,118.37999725341795,119.36000061035156,20112800,116.83600082397462,111.56360000610351,116.75757518829559,65.72862289791937,2.218328166553988,-0.1202019185764216
2019-04-05,119.38999938964844,120.2300033569336,119.37000274658205,119.88999938964844,15826200,117.30500068664551,111.83740005493163,117.05590130271014,67.21164720601648,2.2015149078125944,-0.21312795831510278
2019-04-08,119.80999755859376,120.0199966430664,118.63999938964844,119.93000030517578,15116200,117.66000061035156,112.09260009765624,117.32962501723068,67.32656604777725,2.1664445939938872,-0.04486231691751652
2019-04-09,118.62999725341795,119.54000091552734,118.58000183105467,119.27999877929688,17612000,117.9430004119873,112.3766000366211,117.51537489933223,63.435799385941856,2.062427051541661,0.16510763287069508
2019-04-10,119.76000213623048,120.3499984741211,119.54000091552734,120.19000244140624,16477200,118.22750053405761,112.7216000366211,117.77010133191071,66.36626895639186,2.0300212685175296,-0.06443334090392916
2019-04-11,120.54000091552734,120.8499984741211,119.91999816894533,120.33000183105467,14209100,118.51450080871582,113.00060012817383,118.01390137944823,66.80702171628397,1.9926660192424634,-0.13765081445876726
2019-04-12,120.63999938964844,120.9800033569336,120.37000274658205,120.9499969482422,19745100,118.76650047302246,113.33100006103516,118.29352952885718,68.7594939392911,1.990148941332592,0.38960947561773795
2019-04-15,120.94000244140624,121.58000183105467,120.56999969482422,121.0500030517578,15792600,118.94050064086915,113.69640014648438,118.55605081675247,69.07547755521088,1.9734748065972525,-0.20017624625856545
2019-04-16,121.63999938964844,121.6500015258789,120.0999984741211,120.7699966430664,14071800,119.09650039672852,113.99700012207032,118.76690280021094,67.03115529668764,1.9155845908651514,-0.10896242543976298
2019-04-17,121.23999786376952,121.8499984741211,120.54000091552734,121.7699966430664,19300900,119.30900039672852,114.28800003051758,119.05291173762575,70.40036838497454,1.9281710646834114,0.3716013587458604
2019-04-18,122.19000244140624,123.5199966430664,121.3000030517578,123.37000274658205,27991000,119.46650047302246,114.63480010986328,119.46406326228825,74.83213992114534,2.04369461721825,0.45024325290530487
2019-04-22,122.62000274658205,124.0,122.56999969482422,123.76000213623048,15648700,119.8020004272461,115.00460021972657,119.87320029790179,75.78388892122419,2.142025618324695,-0.4409381586938659
2019-04-23,124.0999984741211,125.58000183105467,123.83000183105467,125.44000244140624,24025500,120.19100036621094,115.40000030517578,120.4033719306165,79.39810012042514,2.328672146461159,0.5353032520273249
2019-04-24,125.79000091552734,125.8499984741211,124.5199966430664,125.01000213623048,31257000,120.54600028991699,115.79520034790039,120.84209861686546,76.2608103765542,2.4140655883607707,0.3009926952612849
2019-04-25,130.05999755859375,131.3699951171875,128.8300018310547,129.14999389648438,38033900,121.1650001525879,116.24040023803711,121.63332673873393,83.16004418698277,2.7837143161557947,0.21681223405957062
2019-04-26,129.6999969482422,130.52000427246094,129.02000427246094,129.88999938964844,23654900,121.81300010681153,116.7020002746582,122.4196765150115,84.05222956100091,3.1006336799381415,-0.37805746978353516
2019-04-29,129.89999389648438,130.17999267578125,129.35000610351562,129.77000427246094,16324200,122.40450019836426,117.15940032958984,123.11970773000668,83.28172154753904,3.3040252099641805,-0.3099019653433327
2019-04-30,129.80999755859375,130.6999969482422,129.38999938964844,130.60000610351562,24166500,122.98350067138672,117.60700042724609,123.83211709891229,84.35036376806289,3.4919358116360826,0.48040945344947983
2019-05-01,130.52999877929688,130.64999389648438,127.6999969482422,127.87999725341795,26821700,123.41800041198731,118.00120040893555,124.2176294945795,68.824382795926,3.3823843142300802,0.10987110255932797
2019-05-02,127.9800033569336,128.0,125.5199966430664,126.20999908447266,27350200,123.73000030517578,118.38240036010743,124.40737897933123,61.35702831099794,3.1247884516259745,0.019704194737842906
2019-05-03,127.36000061035156,129.42999267578125,127.25,128.89999389648438,24911100,124.20699996948242,118.77220016479492,124.83524706667914,67.47801718071474,3.1019446872775376,-0.08918033506153522
2019-05-06,126.38999938964844,128.55999755859375,126.11000061035156,128.14999389648438,24239800,124.61999969482422,119.11580001831055,125.1509372409463,64.41444008825755,2.988868294272038,-0.026947826470930636
2019-05-07,126.45999908447266,127.18000030517578,124.22000122070312,125.5199966430664,36017700,124.89949951171874,119.39440002441407,125.18608575543394,54.98678762583922,2.65641415082672,0.48589097269779447
2019-05-08,125.44000244140624,126.37000274658205,124.75,125.51000213623048,28419000,125.21099967956543,119.65740005493164,125.21693493455741,54.95387144954791,2.364874571789187,-0.2109712724577083
2019-05-09,124.29000091552734,125.79000091552734,123.56999969482422,125.5,27235800,125.47649955749512,119.92400009155273,125.24389351221862,54.918440294939934,2.108712342909044,-0.04163411801963479
2019-05-10,124.91000366210938,127.93000030517578,123.81999969482422,127.12999725341795,30915100,125.81649932861328,120.22600006103515,125.4235224399519,59.501018673416944,2.014012800977497,0.13509057931105373
2019-05-13,124.11000061035156,125.5500030517578,123.04000091552734,123.3499984741211,33944900,125.93649940490722,120.44240005493164,125.22604396701563,47.454139786868836,1.6153279261757945,0.09800388806764326
2019-05-14,123.87000274658205,125.87999725341795,123.6999969482422,124.7300033569336,25266300,126.12049942016601,120.6918000793457,125.17880200415067,51.32848780937492,1.3946455456731712,-0.2556672725505157
2019-05-15,124.26000213623048,126.70999908447266,123.6999969482422,126.0199966430664,24722700,126.38299942016602,120.97820007324219,125.2589157792855,54.69152073724229,1.3087582955045178,-0.021514824093753382
2019-05-16,126.75,129.3800048828125,126.45999908447266,128.92999267578125,30112200,126.74099922180176,121.32179992675782,125.60854215038033,61.20382675524534,1.4586895260960233,0.2179980341952943
2019-05-17,128.30999755859375,130.4600067138672,127.91999816894533,128.07000732421875,25770500,126.97599945068359,121.67540008544921,125.84296740503162,58.52655995299991,1.4909309519209017,-0.144184084855972
2019-05-20,126.5199966430664,127.58999633789062,125.76000213623048,126.22000122070312,23706900,127.09899940490723,121.98960006713867,125.87887538747653,53.141239552303425,1.3516218276921705,-0.08007605595545297
2019-05-21,127.43000030517578,127.52999877929688,126.58000183105467,126.9000015258789,15293300,127.17199935913087,122.27100006103515,125.9761254958958,54.78800903651416,1.281318443279801,-0.35490089383259726
2019-05-22,126.62000274658205,128.24000549316406,126.5199966430664,127.66999816894533,15396500,127.3049991607666,122.55199996948242,126.1374467028529,56.64596717299409,1.2730597581497136,0.006748053068990956
2019-05-23,126.1999969482422,126.29000091552734,124.73999786376952,126.18000030517578,23603800,127.15649948120117,122.78559997558594,126.14149942688366,52.17760913650079,1.1332212463863982,0.5330627090572533
2019-05-24,126.91000366210938,127.41999816894533,125.97000122070312,126.23999786376952,14123400,126.97399940490723,123.01860000610351,126.1508802303966,52.34063624457096,1.015533086614795,-0.4016471924012235
2019-05-28,126.9800033569336,128.0,126.0500030517578,126.16000366210938,23128400,126.79349937438965,123.22360000610351,126.15174912865496,52.08568535222263,0.905372932967694,0.6375943469702763
2019-05-29,125.37999725341795,125.38999938964844,124.04000091552734,124.94000244140624,22763100,126.51049919128418,123.37100006103516,126.03634468225032,48.2273713414767,0.7114254453195059,-0.015794434548001557
2019-05-30,125.26000213623048,125.76000213623048,124.77999877929688,125.7300033569336,16829600,126.40299949645996,123.53260009765626,126.00716931793444,50.77043481253785,0.6143848890523884,-0.26066309070381455
2019-05-31,124.2300033569336,124.62000274658205,123.31999969482422,123.68000030517578,26646800,126.27649955749511,123.65580017089843,125.78553417386219,44.64246339254693,0.36782141902706655,0.5833293720587536
2019-06-03,123.8499984741211,124.37000274658205,119.01000213623048,119.83999633789062,37983600,125.82349967956543,123.6482000732422,125.21929247519823,35.9011602515705,-0.1358718887138366,0.4254469579836979
2019-06-04,121.27999877929688,123.27999877929688,120.6500015258789,123.16000366210938,29382600,125.57400016784668,123.77040008544923,125.02316973109453,45.78526658687233,-0.26411111092400574,-0.22643983192746342
2019-06-05,124.9499969482422,125.87000274658205,124.20999908447266,125.83000183105467,24926100,125.5895004272461,123.93380004882812,125.10001088347168,52.17261338276369,-0.14858231586312343,-0.1516713973576198
2019-06-06,126.44000244140624,127.97000122070312,125.5999984741211,127.81999969482422,21459000,125.70500030517579,124.13199996948242,125.35905743693382,56.30465487500244,0.10237121146091965,-0.1390951653086524
2019-06-07,129.19000244140625,132.25,128.25999450683594,131.39999389648438,33885600,126.0,124.42459991455078,125.93438471879578,62.569718832813095,0.5834041824431324,0.5790856983084021
2019-06-10,132.39999389648438,134.0800018310547,132.0,132.60000610351562,26477100,126.27350044250488,124.73800003051758,126.56920580305481,64.41170167889985,1.049360855056264,-0.21863269353353632
2019-06-11,133.8800048828125,134.24000549316406,131.27999877929688,132.10000610351562,23913700,126.71100082397462,125.02120010375977,127.09594868881298,63.0201136069462,1.3625820560488222,-0.09681573888379014
2019-06-12,131.39999389648438,131.97000122070312,130.7100067138672,131.49000549316406,17092500,127.04900093078614,125.27060028076171,127.51443028922738,61.2806543247422,1.5437942639089783,-0.2852423506191012
2019-06-13,131.97999572753906,133.0,131.55999755859375,132.32000732421875,17200800,127.36400146484375,125.53320037841797,127.97210429255989,62.78579567599803,1.734387515690841,0.0063361123299692235
2019-06-14,132.25999450683594,133.7899932861328,131.63999938964844,132.4499969482422,17821700,127.5400016784668,125.78280029296874,128.39857025976772,63.0281965791942,1.874317155719055,0.03609715827170823
2019-06-17,132.6300048828125,133.72999572753906,132.52999877929688,132.85000610351562,14517800,127.77900161743165,126.05260040283203,128.82251653060086,63.80940540565776,1.994498462649375,-0.18538635483708066
2019-06-18,134.19000244140625,135.24000549316406,133.57000732421875,135.16000366210938,25934500,128.22600173950195,126.35800048828125,129.42608673360166,68.01279010676964,2.2502015885635274,0.7863932551764041
2019-06-19,135.0,135.92999267578125,133.80999755859375,135.69000244140625,23744400,128.6655017852783,126.67320053100586,130.02265013434496,68.9051497520952,2.46717457743091,-0.08444735776668144
2019-06-20,137.4499969482422,137.66000366210938,135.72000122070312,136.9499969482422,33042600,129.12950172424317,127.02660049438477,130.6823974499542,70.97800640520293,2.7095640925882094,0.39159549198969024
2019-06-21,136.5800018310547,137.72999572753906,136.4600067138672,136.97000122070312,36727900,129.66900177001952,127.3622004699707,131.2812168566922,71.01104732419577,2.870187967023554,0.11153178018678922
2019-06-24,137.0,138.39999389648438,137.0,137.77999877929688,20628800,130.2460018157959,127.71120040893555,131.90014846836883,72.38212111547018,3.0279393779701422,-0.43833434527974646
2019-06-25,137.25,137.58999633789062,132.72999572753906,133.42999267578125,33327400,130.6095012664795,127.96080032348632,132.04584791669382,56.83542089876757,2.770018322699457,0.6155762817032497
2019-06-26,134.35000610351562,135.74000549316406,133.60000610351562,133.92999267578125,23657700,131.05900077819825,128.2184001159668,132.22529027470213,57.95332211273751,2.5762623013597477,-0.29014264539087953
2019-06-27,134.13999938964844,134.7100067138672,133.50999450683594,134.14999389648438,16557500,131.4800003051758,128.48600006103516,132.40859538153853,58.46306379329696,2.412649991119963,-0.3001221589588168
2019-06-28,134.57000732421875,134.60000610351562,133.16000366210938,133.9600067138672,30043000,131.99400062561034,128.72980026245116,132.5563488417603,57.8112631087947,2.2418134486877648,0.8144647440736825
2019-07-01,136.6300048828125,136.6999969482422,134.97000122070312,135.67999267578125,22613500,132.78600044250487,128.97600006103517,132.85383873071467,61.94746834632392,2.2196262805111076,-0.2472955430549546
2019-07-02,136.1199951171875,136.58999633789062,135.33999633789062,136.5800018310547,15237800,133.45700035095214,129.23240005493165,133.20871140693754,63.93970767209043,2.2487438872832684,-0.3261635748557278
2019-07-03,136.8000030517578,137.74000549316406,136.2899932861328,137.4600067138672,13629300,134.03850059509278,129.47280014038085,133.61359667426416,65.82380979424684,2.3161299358073677,-0.10555985772224341
2019-07-05,135.94000244140625,137.3300018310547,135.72000122070312,137.05999755859375,18141100,134.50050048828126,129.71380004882812,133.9418253299146,64.18223909155614,2.3106210675829857,0.3310368104011212
2019-07-08,136.39999389648438,137.10000610351562,135.3699951171875,136.9600067138672,16779700,134.77850112915038,129.87000030517578,134.2292711760053,63.75422258191277,2.2719966610747804,-0.07504506341952799
2019-07-09,136.0,136.97000122070312,135.8000030517578,136.4600067138672,19953100,134.97150115966798,130.00140045166015,134.44172217961122,61.544050035663716,2.1759576341971183,0.18912137880891788
2019-07-10,137.1300048828125,138.5800018310547,137.02000427246094,137.85000610351562,24204400,135.25900115966797,130.16300048828126,134.76632064855448,65.16001695924089,2.1867992865675205,0.2130646365727631
2019-07-11,138.1999969482422,139.22000122070312,137.8699951171875,138.39999389648438,22327900,135.604500579834,130.31900024414062,135.11238476740496,66.50216602998144,2.214246339156432,-0.07752722645469423
2019-07-12,138.85000610351562,139.1300048828125,138.00999450683594,138.89999389648438,18936800,135.93349990844726,130.53940017700197,135.4731094463649,67.71964848862777,2.250402903559092,-0.15187724774833278
2019-07-15,139.44000244140625,139.5399932861328,138.4600067138672,138.89999389648438,16651500,136.25599975585936,130.7932000732422,135.79947939399534,67.71964848862777,2.2530850790477075,-0.1206803683832538
2019-07-16,138.9600067138672,139.0500030517578,136.52000427246094,137.0800018310547,22726100,136.46749954223634,130.95680023193358,135.9214339118105,58.71145533472258,2.0843257631250083,0.3648079752574842
2019-07-17,137.6999969482422,137.92999267578125,136.22000122070312,136.27000427246094,20211000,136.52299957275392,131.11920043945312,135.95463108901532,55.19258984130719,1.8637387358547528,-0.11067011057770582
2019-07-18,135.5500030517578,136.6199951171875,134.6699981689453,136.4199981689453,30381800,136.55949935913085,131.3372004699707,135.99895176329437,55.72181946768932,1.6816402790422842,0.5032309138587898
2019-07-19,140.22000122070312,140.6699981689453,136.4499969482422,136.6199951171875,48992400,136.54299926757812,131.55940032958983,136.05809874937944,56.46025845341263,1.5357607286467783,0.6125575179877427
2019-07-22,137.41000366210938,139.19000244140625,137.3300018310547,138.42999267578125,25074900,136.61599884033203,131.81800018310548,136.28399340903675,62.54779457147467,1.5483533564737684,-0.4881879638474539
2019-07-23,139.75999450683594,139.99000549316406,138.02999877929688,139.2899932861328,18034600,136.69149856567384,132.06120010375977,136.57027911161734,65.0483089212374,1.6091783602241208,-0.2807708106512887
2019-07-24,138.89999389648438,140.74000549316406,138.85000610351562,140.72000122070312,20738300,137.0559989929199,132.4086001586914,136.96549074105408,68.78079475713886,1.7525697697922737,0.14991738103423424
2019-07-25,140.42999267578125,140.61000061035156,139.32000732421875,140.19000244140625,18356900,137.36899948120117,132.71780014038086,137.2725870934686,65.96895426733559,1.8026620567773364,-0.1148310131495831
2019-07-26,140.3699951171875,141.67999267578125,140.3000030517578,141.33999633789062,19037600,137.72849960327147,133.02420013427735,137.65995940246117,68.93638652666624,1.913102398074642,0.03708142442351381
2019-07-29,141.5,141.50999450683594,139.3699951171875,141.02999877929688,16605900,138.08199920654297,133.26620025634764,137.9809155335884,67.23444450397864,1.9530988442963917,-0.12773143673572296
2019-07-30,140.13999938964844,141.22000122070312,139.8000030517578,140.35000610351562,16846500,138.31549987792968,133.5118002319336,138.2065432069148,63.52933376947271,1.907933124672212,0.01448882626054604
2019-07-31,140.3300018310547,140.49000549316406,135.0800018310547,136.27000427246094,38598800,138.3,133.71280029296875,138.022110927443,46.8477037058352,1.5253338179347224,1.291205888463479
2019-08-01,137.0,140.94000244140625,136.92999267578125,138.05999755859375,40557500,138.32999954223632,133.93600021362306,138.0257191780288,52.71410209373386,1.350985291972222,0.05074510088396522
2019-08-02,138.08999633789062,138.32000732421875,135.25999450683594,136.89999389648438,30791600,138.32199935913087,134.12060012817383,137.91850724645315,48.94409260012889,1.106455695543076,-0.24079146890217595
2019-08-05,133.3000030517578,133.92999267578125,130.77999877929688,132.2100067138672,42749600,138.08449935913086,134.24120025634767,137.37484052906402,37.32213903722276,0.5281334650203462,0.388352667610647
2019-08-06,133.8000030517578,135.67999267578125,133.2100067138672,134.69000244140625,32696700,137.99599914550782,134.4102003479004,137.1191416635728,44.78794542811934,0.26684780438577604,-0.23515775586204313
2019-08-07,133.7899932861328,135.64999389648438,131.8300018310547,135.27999877929688,33414500,137.86749877929688,134.59260025024415,136.94398519840368,46.42296990745993,0.10616105102079132,0.021953285805601075
2019-08-08,136.60000610351562,138.99000549316406,135.92999267578125,138.88999938964844,27496500,137.8919990539551,134.87160018920898,137.12931988328413,55.17069285887711,0.26703431515292664,-0.17710874021757017
2019-08-09,138.61000061035156,139.3800048828125,136.4600067138672,137.7100067138672,23466700,137.8324996948242,135.11120025634764,137.1846233909587,52.172139700966426,0.29590102584768374,-0.14655683450620993
2019-08-12,137.07000732421875,137.86000061035156,135.24000549316406,135.7899932861328,20484300,137.67699966430663,135.3534001159668,137.05180147621337,47.635410430653856,0.16198183884228,-0.12709072856430603
2019-08-13,136.0500030517578,138.8000030517578,135.0,138.60000610351562,25154600,137.75299987792968,135.7286003112793,137.19924953595645,53.947154781257105,0.27937401862820366,0.22799412232783145
2019-08-14,136.36000061035156,136.9199981689453,133.6699981689453,133.97999572753906,32527300,137.63849945068358,135.94500015258788,136.8926539351548,44.45883869743359,-0.000383637100355827,0.2930954974438076
2019-08-15,134.38999938964844,134.5800018310547,132.25,133.67999267578125,28074400,137.5014991760254,136.10199996948242,136.58668619616685,43.91866045220908,-0.2434944810495665,-0.13689731394859084
2019-08-16,134.8800048828125,136.4600067138672,134.72000122070312,136.1300048828125,24449100,137.47699966430665,136.26820007324218,136.54319273775215,49.33284160226124,-0.23574850488137145,-0.12913187815233806
2019-08-19,137.85000610351562,138.5500030517578,136.88999938964844,138.41000366210938,24355700,137.47600021362305,136.4084002685547,136.7209842543576,53.80259004003477,-0.04511288298365912,-0.0038201815199740974
2019-08-20,138.2100067138672,138.7100067138672,137.24000549316406,137.25999450683594,21170800,137.3745002746582,136.50160003662108,136.77231856411746,51.34231669694598,0.013020995096553634,-0.13076610403314215
2019-08-21,138.5500030517578,139.49000549316406,138.0,138.7899932861328,14970300,137.2779998779297,136.63539978027345,136.96447806145224,54.33420690638591,0.18047027803666538,-0.29287981559506493
2019-08-22,138.66000366210938,139.1999969482422,136.2899932861328,137.77999877929688,18697000,137.15749969482422,136.7611996459961,137.04214670124696,52.058589570845214,0.22903673246682388,0.24893956700934528
2019-08-23,137.19000244140625,138.35000610351562,132.8000030517578,133.38999938964844,38508600,136.7599998474121,136.78259948730468,136.6943231477614,43.52560682484463,-0.0857221133215944,1.059613841792801
2019-08-26,134.99000549316406,135.55999755859375,133.89999389648438,135.4499969482422,20312600,136.4809997558594,136.84259948730468,136.57581589066433,47.845630240428555,-0.167020866876868,-0.47251782718665436
2019-08-27,136.38999938964844,136.72000122070312,134.66000366210938,135.74000549316406,23102100,136.2504997253418,136.90039947509766,136.4962149004262,48.443554626744536,-0.20567851503182055,0.13732855469019234
2019-08-28,134.8800048828125,135.75999450683594,133.5500030517578,135.55999755859375,17393300,136.21499938964843,136.90839935302733,136.4070513440612,48.075135962373835,-0.24798153882227325,-0.24711173443106904
2019-08-29,137.25,138.44000244140625,136.91000366210938,138.1199951171875,20168700,136.21799926757814,136.95699920654297,136.5701888462637,53.49220037232688,-0.07408260362700503,0.15956718966498595
2019-08-30,139.14999389648438,139.17999267578125,136.27000427246094,137.86000061035156,23940100,136.2659996032715,136.97519927978516,136.6930280618911,52.88872296374049,0.04226694452628976,0.18699271643685522
2019-09-03,136.61000061035156,137.1999969482422,135.6999969482422,136.0399932861328,18869300,136.45749893188477,136.95659912109375,136.63083427372365,48.743209563552135,-0.012243446112108813,-0.21181198073525176
2019-09-04,137.3000030517578,137.69000244140625,136.47999572753906,137.6300048828125,17995900,136.60449905395507,136.95359924316406,136.72599337935117,52.26349365855099,0.07202704125518267,-0.04628682569040721
2019-09-05,139.11000061035156,140.3800048828125,138.75999450683594,140.0500030517578,26101800,136.84299926757814,137.0859994506836,137.04256572910418,57.09351122048153,0.33027839336759257,0.45043037580782297
2019-09-06,140.02999877929688,140.17999267578125,138.1999969482422,139.10000610351562,20824500,136.85349960327147,137.18939971923828,137.2385124314291,54.75151559200908,0.4530649851244277,-0.2021814587499713
2019-09-09,139.58999633789062,139.75,136.4600067138672,137.52000427246094,25773900,136.84399948120117,137.25679992675782,137.26532117819403,51.00415932145012,0.4180621404609326,0.23767197291651665
2019-09-10,136.8000030517578,136.88999938964844,134.50999450683594,136.0800018310547,28903400,136.85849990844727,137.29919982910155,137.1524336213236,47.79354315272909,0.27100202876951585,0.12142128277055475
2019-09-11,135.91000366210938,136.27000427246094,135.08999633789062,136.1199951171875,24726100,136.73449935913087,137.3079998779297,137.05410614473922,47.89164985164494,0.1558859979475926,-0.14452624950697845
2019-09-12,137.85000610351562,138.4199981689453,136.8699951171875,137.52000427246094,27010000,136.91149978637696,137.32679992675781,137.09847739499844,51.338989212269965,0.17560053891577354,0.0923679836286353
2019-09-13,137.77999877929688,138.05999755859375,136.57000732421875,137.32000732421875,23363100,137.09350051879883,137.32399993896485,137.11957548349562,50.82173577463485,0.173091086094729,-0.13502036282858199
2019-09-16,135.8300018310547,136.6999969482422,135.66000366210938,136.3300018310547,16731400,137.10350036621094,137.30940002441406,137.04437799278696,48.2312369995497,0.09017764541448514,-0.283853598195445
2019-09-17,136.9600067138672,137.52000427246094,136.42999267578125,137.38999938964844,17814200,137.0525001525879,137.31799987792968,137.07729431629758,51.10499589300129,0.10874751684440298,0.06471664056803372
2019-09-18,137.36000061035156,138.6699981689453,136.52999877929688,138.52000427246094,23982100,137.11550064086913,137.35919982910156,137.2146952645036,54.034376705147665,0.21220011312533416,0.34623502599050204
2019-09-19,140.3000030517578,142.3699951171875,140.07000732421875,141.07000732421875,35772100,137.22950134277343,137.4235998535156,137.58186784161933,59.87631800397763,0.49425352900559005,0.49161666409530436
2019-09-20,141.00999450683594,141.64999389648438,138.25,139.44000244140625,39167300,137.3125015258789,137.44440002441405,137.75883304159905,55.059204738606944,0.579574151604703,0.0949119565247778
2019-09-23,139.22999572753906,139.6300048828125,138.44000244140625,139.13999938964844,17139300,137.6000015258789,137.44920013427733,137.89037269379423,54.19500822701383,0.6158840922289812,-0.5624079270207545
2019-09-24,140.36000061035156,140.69000244140625,136.8800048828125,137.3800048828125,29773200,137.6965019226074,137.4188003540039,137.8417662356055,49.305673265235306,0.4969150070761543,0.7371304545693231
2019-09-25,137.5,139.9600067138672,136.02999877929688,139.36000061035156,21382000,137.87750167846679,137.46440032958984,137.98635998558132,54.30069854447408,0.5559911379187668,-0.2818373570862386
2019-09-26,139.44000244140625,140.17999267578125,138.44000244140625,139.5399932861328,17456600,138.07650146484374,137.5298001098633,138.1343250618243,54.737308833975085,0.6102981645624368,-0.18358432326255725
2019-09-27,140.14999389648438,140.36000061035156,136.64999389648438,137.72999572753906,22477700,138.05700149536133,137.55600006103515,138.0958175061781,49.60494735161017,0.5015041703405814,0.28763333066003693
2019-09-30,138.0500030517578,139.22000122070312,137.77999877929688,139.02999877929688,17280900,138.1155014038086,137.60420013427733,138.18478715123703,53.0126801576698,0.5142555103885798,-0.23119803182709975
2019-10-01,139.66000366210938,140.25,137.0,137.07000732421875,21466600,138.1670021057129,137.5770004272461,138.07861764390196,47.768106949614136,0.36203282015910077,0.24221539387416158
2019-10-02,136.25,136.3699951171875,133.5800018310547,134.64999389648438,30521700,138.01800155639648,137.48420043945313,137.7520820489098,42.21489346708686,0.04559479431776481,0.4218227385799336
2019-10-03,134.9499969482422,136.75,133.22000122070312,136.27999877929688,24132900,137.82950134277343,137.395400390625,137.61188364228002,46.70873908004744,-0.0728174551548193,-0.20931992647853825
2019-10-04,136.75,138.25,136.4199981689453,138.1199951171875,22897700,137.78050079345704,137.35400024414062,137.66027521131883,51.311722172267636,-0.017980421888182718,-0.05118323947805692
2019-10-07,137.13999938964844,138.17999267578125,137.02000427246094,137.1199951171875,15303700,137.76050033569337,137.26960021972656,137.6088199642587,48.8425604765023,-0.05458410896545729,-0.3316490302519467
2019-10-08,137.0800018310547,137.75999450683594,135.6199951171875,135.6699981689453,25550500,137.7400001525879,137.16240020751954,137.42417026946697,45.42892479281886,-0.1983094424730325,0.6695635695942812
2019-10-09,137.4600067138672,138.6999969482422,136.97000122070312,138.24000549316406,19749900,137.84600067138672,137.1202001953125,137.5018688622,51.85207761091919,-0.10363999479946528,-0.2270249114498738
2019-10-10,138.49000549316406,139.6699981689453,138.25,139.10000610351562,17654600,137.92500076293945,137.17680023193358,137.65407240899196,53.81124300417426,0.04031634474262091,-0.10609167641355144
2019-10-11,140.1199951171875,141.02999877929688,139.5,139.67999267578125,25446000,138.0430000305176,137.20920013427735,137.84701719630525,55.137064627609675,0.19890994023705844,0.44132407417896746
2019-10-14,139.69000244140625,140.2899932861328,139.52000427246094,139.5500030517578,13304300,138.20400009155273,137.26220031738282,138.00920632539598,54.75768905302396,0.3105278591184515,-0.4771555450758469
2019-10-15,140.05999755859375,141.7899932861328,139.80999755859375,141.57000732421875,19695700,138.41300048828126,137.44940032958985,138.34833023004578,59.42929847573336,0.5555789585053788,0.48040107333719173
2019-10-16,140.7899932861328,140.99000549316406,139.52999877929688,140.41000366210938,20751600,138.50750045776368,137.56380035400392,138.5446800807185,55.86207309113989,0.6487032717769523,0.05361068659656687
2019-10-17,140.9499969482422,141.4199981689453,139.02000427246094,139.69000244140625,21460600,138.43850021362306,137.6520004272461,138.653758400784,53.707203266820805,0.6568352913863009,0.034166040208947646
2019-10-18,139.75999450683594,140.0,136.55999755859375,137.41000366210938,32273500,138.3370002746582,137.62240051269532,138.53530556852928,47.46340393051783,0.4738409848527283,0.5038489138234719
2019-10-21,138.4499969482422,138.5,137.00999450683594,138.42999267578125,20078200,138.30149993896484,137.6368002319336,138.52527576921995,50.24988472359552,0.40643612487173186,-0.37787348753621397
2019-10-22,138.97000122070312,140.00999450683594,136.25999450683594,136.3699951171875,27431000,138.2509994506836,137.6484002685547,138.32001094521686,45.052671157211655,0.18466400910281777,0.3662081262264545
2019-10-23,136.8800048828125,137.4499969482422,135.61000061035156,137.24000549316406,29844600,138.1449996948242,137.62120025634766,138.2171532831166,47.52132808258162,0.07820903091047171,0.08798804272538363
2019-10-24,139.38999938964844,140.4199981689453,138.6699981689453,139.94000244140625,37029300,138.16500015258788,137.740400390625,138.38123415533465,54.3724929661787,0.20929723439834902,0.24073701775195522
2019-10-25,139.33999633789062,141.13999938964844,139.1999969482422,140.72999572753906,25959700,138.31500015258788,137.88140045166017,138.60492573363985,56.17528445950795,0.37263592110286936,-0.2989416489104574
2019-10-28,144.39999389648438,145.6699981689453,143.50999450683594,144.19000244140625,35280100,138.57300033569337,138.04260040283202,139.13683780104617,63.05957073564997,0.7723731950277113,0.3590334248854956
2019-10-29,144.0800018310547,144.5,142.64999389648438,142.8300018310547,20589500,138.86100006103516,138.13100036621094,139.48856770866604,59.12788322789935,0.9682656179888909,-0.41639904648796344
2019-10-30,143.52000427246094,145.0,142.7899932861328,144.61000061035156,18496600,139.3590003967285,138.27800048828124,139.97632322311227,62.4295948994911,1.2527024261446797,-0.10164889871050775
2019-10-31,144.89999389648438,144.92999267578125,142.99000549316406,143.3699951171875,24605100,139.71350021362304,138.36960052490235,140.29953007016707,58.86230915862694,1.3623581490212189,0.33024988376242126
2019-11-01,144.25999450683594,144.4199981689453,142.97000122070312,143.72000122070312,33128400,139.99350051879884,138.48840057373047,140.62528922736098,59.56464579747359,1.460666018233212,0.34640379433532065
2019-11-04,144.8300018310547,145.0,144.16000366210938,144.5500030517578,16912000,140.36500091552733,138.71160064697267,140.99907149635115,61.253998838974425,1.5872530587742233,-0.48950145494500186
2019-11-05,144.97000122070312,145.02000427246094,143.91000366210938,144.4600067138672,18250200,140.80450134277345,138.89180084228516,141.32868437420981,60.956619691376275,1.6611633905484098,0.07912724692526019
2019-11-06,144.3699951171875,144.52000427246094,143.1999969482422,144.05999755859375,16575800,141.09550094604492,139.05820068359375,141.58880943938922,59.57225696448607,1.6682301464687725,-0.09174693975956427
2019-11-07,143.83999633789062,144.8800048828125,143.77000427246094,144.25999450683594,17786700,141.35350036621094,139.2322006225586,141.8432080172413,60.06064852600236,1.6707097813491316,0.07305228103620931
2019-11-08,143.97999572753906,145.99000549316406,143.75999450683594,145.9600067138672,16732700,141.66750106811523,139.3890008544922,142.2352840835866,64.03760317288874,1.7892265969148866,-0.05925776001169414
2019-11-11,145.33999633789062,146.4199981689453,144.72999572753906,146.11000061035156,14362600,141.99550094604493,139.5540008544922,142.60430470518327,64.37466903387727,1.8736569302325279,-0.14164480328936757
2019-11-12,146.27999877929688,147.57000732421875,146.05999755859375,147.07000732421875,18641600,142.27050094604493,139.7746011352539,143.02960971651999,66.53650530611077,1.9950355682088912,0.2979265592580731
2019-11-13,146.74000549316406,147.4600067138672,146.27999877929688,147.30999755859375,16919200,142.61550064086913,139.96820098876952,143.4372657014794,67.07440525504612,2.086541863744941,-0.09239550253197149
2019-11-14,147.02000427246094,148.41000366210938,147.0,148.05999755859375,19729800,143.03400039672852,140.12840087890626,143.87752587834743,68.7642046675831,2.1942856353045954,0.16611896543571802
2019-11-15,148.92999267578125,149.99000549316406,148.27000427246094,149.97000122070312,23485700,143.6620002746582,140.34580078125,144.45776162523845,72.61827744953104,2.406059131534647,0.19036685622763527
2019-11-18,150.07000732421875,150.5500030517578,148.97999572753906,150.33999633789062,21534000,144.25750045776368,140.6022006225586,145.01797445501484,73.30540468188698,2.5740743401340183,-0.08310163205695376
2019-11-19,150.8800048828125,151.3300018310547,150.1999969482422,150.38999938964844,23935700,144.95850067138673,140.88840057373048,145.5295958773609,73.4025454809673,2.6803648542465623,0.11153060276771609
2019-11-20,150.30999755859375,150.83999633789062,148.4600067138672,149.6199951171875,25696800,145.5775001525879,141.15840057373046,145.91915770972534,69.22498716014755,2.6716705873948854,0.07357628980978204
2019-11-21,149.39999389648438,149.8000030517578,148.5,149.47999572753906,18576100,146.05449981689452,141.39760040283204,146.25828513999332,68.4620669870762,2.6232444089220905,-0.27710454219980696
2019-11-22,150.07000732421875,150.3000030517578,148.82000732421875,149.58999633789062,15901800,146.49749984741212,141.64300018310547,146.57559096836448,68.75345511453517,2.5641841250877064,-0.14396455660768404
2019-11-25,150.0,151.35000610351562,149.9199981689453,151.22999572753906,22420900,146.84949951171876,141.94100006103517,147.0188676120954,72.78992437824084,2.6195165135645198,0.40995987875586404
2019-11-26,151.36000061035156,152.4199981689453,151.32000732421875,152.02999877929688,24620100,147.30949935913085,142.23380004882813,147.49611819944792,74.51912963460943,2.6968339672000923,0.09808705270528839
2019-11-27,152.3300018310547,152.5,151.52000427246094,152.32000732421875,15184400,147.69499969482422,142.50980010986328,147.95553621133087,75.13599684299388,2.7498117539202838,-0.3832518958087091
2019-11-29,152.10000610351562,152.3000030517578,151.27999877929688,151.3800048828125,11977300,148.09550018310546,142.71600006103515,148.2816760848053,69.28140052681711,2.6849957310513446,-0.21121018940491554
2019-12-02,151.80999755859375,151.8300018310547,148.32000732421875,149.5500030517578,27418400,148.3870002746582,142.9182000732422,148.40246912927697,59.552647048634284,2.4576326527530625,1.289197064446912
2019-12-03,147.49000549316406,149.42999267578125,146.64999389648438,149.30999755859375,24066000,148.625,143.1216000366211,148.48890040825952,58.39449183990946,2.2323462397854428,-0.12226825781227202
2019-12-04,150.13999938964844,150.17999267578125,149.1999969482422,149.85000610351562,17574700,148.8944999694824,143.37100006103515,148.61852952209344,60.26682487334233,2.0734775524138627,-0.2697290783678218
2019-12-05,150.0500030517578,150.32000732421875,149.47999572753906,149.92999267578125,17869100,149.1879997253418,143.58239990234375,148.7434307748256,60.550016386050565,1.9317591045124516,0.016751352796918306
2019-12-06,150.99000549316406,151.8699951171875,150.27000427246094,151.75,16403500,149.5625,143.8266000366211,149.0297707010327,66.41553168906285,1.9438975531938922,-0.0820186802916767
2019-12-09,151.07000732421875,152.2100067138672,150.91000366210938,151.36000061035156,16687400,149.8324996948242,144.09920013427734,149.25169735906306,64.21233493839173,1.9001439926937849,0.017307281982503753
2019-12-10,151.2899932861328,151.88999938964844,150.75999450683594,151.1300048828125,16476100,150.08349990844727,144.34120025634766,149.43058378989633,62.88742019633043,1.8258628374818215,-0.012662248163284873
2019-12-11,151.5399932861328,151.8699951171875,150.3300018310547,151.6999969482422,18856600,150.31499938964845,144.63380004882814,149.64671837640546,64.8244829266296,1.7923272500140683,0.14448200727113814
2019-12-12,151.64999389648438,153.44000244140625,151.02000427246094,153.24000549316406,24612100,150.61149978637695,145.0056002807617,149.98893619704913,69.46215402015704,1.8684772320770833,0.3052246958624567
2019-12-13,153.0,154.88999938964844,152.8300018310547,154.52999877929688,23845400,150.93499984741212,145.37060028076172,150.42141834773938,72.70810628546559,2.009751158432465,-0.031151344257499325
2019-12-16,155.11000061035156,155.89999389648438,154.82000732421875,155.52999877929688,24144200,151.2129997253418,145.71880035400392,150.90794981741152,74.93250153481043,2.1773047912358834,0.012530718713043232
2019-12-17,155.4499969482422,155.7100067138672,154.4499969482422,154.69000244140625,25425600,151.43050003051758,146.07020050048828,151.26814530541102,69.78714144939687,2.2167581598827724,0.05307278766743151
2019-12-18,154.3000030517578,155.47999572753906,154.17999267578125,154.3699951171875,24129200,151.62949981689454,146.4442004394531,151.56355957319926,67.87498896095254,2.196879067746721,-0.05098798061795984
2019-12-19,154.0,155.77000427246094,153.75,155.7100067138672,24958900,151.93400039672852,146.7936004638672,151.9584593008819,71.4078550209972,2.263164133554767,0.03438572352170821
2019-12-20,157.35000610351562,158.49000549316406,156.2899932861328,157.41000366210938,53477500,152.33050079345702,147.15980041503906,152.4776540019512,75.14262171211254,2.4249181253319136,1.1426224713428876
2019-12-23,158.1199951171875,158.1199951171875,157.27000427246094,157.41000366210938,17718200,152.72150115966798,147.51440063476562,152.94740158863294,75.14262171211254,2.5240140661791486,-0.6686793511289795
2019-12-24,157.47999572753906,157.7100067138672,157.1199951171875,157.3800048828125,8989200,153.02900161743165,147.87100067138672,153.36955428331672,74.94228134884848,2.5704965779966926,-0.49265726766827334
2019-12-26,157.55999755859375,158.72999572753906,157.39999389648438,158.6699981689453,14520600,153.36100158691406,148.21300048828124,153.8743584629004,77.69607819261999,2.680526539391451,0.6153384060873048
2019-12-27,159.4499969482422,159.5500030517578,158.22000122070312,158.9600067138672,18412800,153.6930015563965,148.5840005493164,154.35870591537343,78.27414142241622,2.759319623390894,0.26804677492665596
2019-12-30,158.99000549316406,159.02000427246094,156.72999572753906,157.58999633789062,16348400,154.00350112915038,148.9420004272461,154.66644786037506,69.15571436202669,2.6803182817354525,-0.11211765728189083
2019-12-31,156.77000427246094,157.77000427246094,156.4499969482422,157.6999969482422,18369400,154.4110008239746,149.34780029296874,154.95535729731478,69.46330952712466,2.596652683466658,0.12362066012576145
2020-01-02,158.77999877929688,160.72999572753906,158.3300018310547,160.6199951171875,22622100,154.97650070190429,149.79160034179688,155.49484661349314,76.23764179813838,2.7344455566082218,0.23151001121430204
2020-01-03,158.32000732421875,159.9499969482422,158.05999755859375,158.6199951171875,21116200,155.41500015258788,150.23660034179687,155.79247980432118,65.51679115089914,2.65169700358112,-0.0665676484499671
2020-01-06,157.0800018310547,159.10000610351562,156.50999450683594,159.02999877929688,20813700,155.87000045776367,150.67240020751953,156.10081494479505,66.55511289649054,2.589353591735801,-0.01432549417035267
2020-01-07,159.32000732421875,159.6699981689453,157.32000732421875,157.5800018310547,21634100,156.1615005493164,151.0252001953125,156.24168988634358,59.70781119837022,2.395331463031539,0.039416345964436994
2020-01-08,158.92999267578125,160.8000030517578,157.9499969482422,160.08999633789062,27746500,156.59800033569337,151.41240020751954,156.6081952626814,66.19190270226576,2.4162500811102063,0.2825354417331898
2020-01-09,161.83999633789062,162.22000122070312,161.02999877929688,162.08999633789062,21385000,157.14599990844727,151.7704000854492,157.13027155555847,70.29406973379025,2.5646478578828464,-0.22927216045266974
2020-01-10,162.82000732421875,163.22000122070312,161.17999267578125,161.33999633789062,20725900,157.62799987792968,152.14059997558593,157.5311977253044,67.01046269376906,2.591858106261583,-0.030820668693009146
2020-01-13,161.75999450683594,163.30999755859375,161.25999450683594,163.27999877929688,21626500,158.12999954223633,152.51399993896484,158.0787025875894,70.80892851642032,2.738397861926785,0.04345287780024032
2020-01-14,163.38999938964844,163.60000610351562,161.72000122070312,162.1300048828125,23477400,158.5099998474121,152.88920013427733,158.46454090142015,65.96057401120379,2.7302639937178412,0.08558481492613224
2020-01-15,162.6199951171875,163.94000244140625,162.57000732421875,163.17999267578125,21417900,158.89249954223632,153.27839996337892,158.9136315465974,68.10773731066627,2.7765368953440372,-0.08772266094201231
2020-01-16,164.35000610351562,166.24000549316406,164.02999877929688,166.1699981689453,23865400,159.46649932861328,153.71079986572266,159.6047140820591,73.27711844663587,3.0196681038181623,0.11427357490697032
2020-01-17,167.4199981689453,167.47000122070312,165.42999267578125,167.10000610351562,34371700,160.10299987792968,154.16359985351562,160.3185514174359,74.65329478384334,3.2499320128867737,0.44023146479841113
2020-01-21,166.67999267578125,168.19000244140625,166.42999267578125,166.5,29517200,160.64249954223632,154.61239990234375,160.90726080625154,72.07444638498052,3.345438212442019,-0.14123537677798892
2020-01-22,167.39999389648438,167.49000549316406,165.67999267578125,165.6999969482422,24138800,161.05699920654297,155.04119995117188,161.3637118673935,68.66837114649479,3.3183224477089652,-0.18221240497066116
2020-01-23,166.19000244140625,166.8000030517578,165.27000427246094,166.72000122070312,19680800,161.52249908447266,155.45639984130858,161.8738346629468,70.57755070411662,3.3406301244510814,-0.18468192287934782
2020-01-24,167.50999450683594,167.52999877929688,164.4499969482422,165.0399932861328,24918100,161.90549850463867,155.8349996948242,162.1753735794407,63.693372950061466,3.186020063021772,0.2661121499126051
2020-01-27,161.14999389648438,163.3800048828125,160.1999969482422,162.27999877929688,32078100,162.08599853515625,156.13919952392578,162.1853378841889,54.31943075411603,2.8084084010942547,0.2873413301977277
2020-01-28,163.77999877929688,165.75999450683594,163.07000732421875,165.4600067138672,24899900,162.41099853515624,156.50219970703125,162.49721110606302,61.37320240472089,2.734230000904887,-0.2237726049859562
2020-01-29,167.83999633789062,168.75,165.69000244140625,168.0399932861328,34754500,162.93349838256836,156.90179962158203,163.0250951232125,65.96506365895942,2.85076459910357,0.39576865770545266
2020-01-30,174.0500030517578,174.0500030517578,170.7899932861328,172.77999877929688,51597500,163.6874984741211,157.3579995727539,163.95413356664912,72.4459158468357,3.287699385191388,0.48462788991353634
2020-01-31,172.2100067138672,172.39999389648438,169.5800018310547,170.22999572753906,36142700,164.16799850463866,157.75579956054688,164.55183472482912,65.24778875534194,3.3891415025251774,-0.2995261398323562
2020-02-03,170.42999267578125,174.5,170.39999389648438,174.3800048828125,30107000,164.95599899291992,158.23559967041015,165.48785093035136,70.40198780056042,3.7610511110845835,-0.1669963782451228
2020-02-04,177.13999938964844,180.63999938964844,176.30999755859375,180.1199951171875,36433300,166.01049880981446,158.84559967041017,166.8813884719548,75.75751935313849,4.467463260577432,0.21012721294051206
2020-02-05,184.02999877929688,184.1999969482422,178.41000366210938,179.89999389648438,39186300,167.12649841308593,159.45399963378907,168.12125565524335,75.19591186717761,4.9524588557014795,0.07556274067954316
2020-02-06,180.97000122070312,183.82000732421875,180.05999755859375,183.6300048828125,27751400,168.30349884033203,160.1347998046875,169.5982793912023,78.15302630813646,5.573553615967853,-0.2918086167869893
2020-02-07,182.8500061035156,185.6300048828125,182.47999572753903,183.88999938964844,33529100,169.39349899291992,160.78799987792968,170.95939558153052,78.34680481347849,6.017390341896004,0.20819490187882406
2020-02-10,183.5800018310547,188.83999633789065,183.25,188.6999969482422,35844300,170.7614990234375,161.5213998413086,172.6489766640745,81.5986468651964,6.680254928515069,0.0690504666096019
2020-02-11,190.6499938964844,190.6999969482422,183.5,184.44000244140625,53159900,171.81949920654296,162.16379974365233,173.77193150001085,71.37507001378277,6.783636396933247,0.48307820211302777
2020-02-12,185.5800018310547,185.8500061035156,181.8500061035156,184.7100067138672,47062900,172.9484992980957,162.83039978027344,174.81365294894954,71.6177938014005,6.808865678574762,-0.11469171311458448
2020-02-13,183.0800018310547,186.22999572753903,182.8699951171875,183.7100067138672,35295800,173.975,163.51359985351561,175.66092473608455,69.27487255925803,6.671266219136328,-0.250029216219145
2020-02-14,183.25,185.41000366210935,182.6499938964844,185.3500061035156,23149500,174.93400039672852,164.23440002441407,176.5836943901256,70.9531514850298,6.618260711125032,-0.344128763195621
2020-02-18,185.61000061035156,187.6999969482422,185.5,187.22999572753903,27792200,175.94049987792968,164.98199981689453,177.59762785083163,72.78810744351745,6.651281086979878,0.2005529277090219
2020-02-19,188.05999755859375,188.17999267578125,186.47000122070312,187.27999877929688,29997500,176.97949981689453,165.72899993896485,178.51975841544737,72.8372577216856,6.605342524191826,0.07934960168680427
2020-02-20,186.9499969482422,187.25,181.1000061035156,184.4199981689453,36862400,177.91549987792968,166.38239990234376,179.0816860110186,65.54501375350378,6.26592801720227,0.22884907075589633
2020-02-21,183.1699981689453,183.5,177.25,178.58999633789062,48572600,178.50899963378907,166.92699981689452,179.03485842310167,53.734962056790586,5.463527012186688,0.31767329311168013
2020-02-24,167.77000427246094,174.5500030517578,163.22999572753906,170.88999938964844,68311100,178.80149993896484,167.32219970703125,178.2591575627728,42.77299794550171,4.158358069227091,0.40637108163861924
2020-02-25,174.1999969482422,174.83999633789062,167.64999389648438,168.07000732421875,68073300,179.09100036621095,167.64959991455078,177.28876230195812,39.58781095176953,2.8634444811278854,-0.003481132641693696
2020-02-26,169.7100067138672,173.25999450683594,168.2100067138672,170.1699981689453,56206100,179.32649993896484,167.9881997680664,176.6107847654807,42.9923075399752,1.9837998344058292,-0.1743297298647194
2020-02-27,163.32000732421875,167.02999877929688,157.97999572753906,158.17999267578125,93174900,178.83349990844727,168.06119964599608,174.85547123312838,31.928710040892625,0.31554447544630193,0.6577364378599475
2020-02-28,152.41000366210938,163.7100067138672,152.0,162.00999450683594,97012700,178.2949996948242,168.19079956054688,173.632092497291,37.46469810848446,-0.6895619357962062,0.041189204388735634
2020-03-02,165.30999755859375,172.9199981689453,162.30999755859375,172.7899932861328,71030800,178.4229995727539,168.5527993774414,173.5518925724188,49.83171223968548,-0.6092372905773686,-0.26781957413823143
2020-03-03,173.8000030517578,175.0,162.25999450683594,164.50999450683594,71677000,177.92949905395508,168.7555993652344,172.69075942331568,42.826123816743326,-1.1998747242606385,0.009097461946085295
2020-03-04,168.49000549316406,170.6999969482422,165.6199951171875,170.5500030517578,49814400,177.45099945068358,169.05239929199217,172.4868778641197,48.51246451468757,-1.16712702086474,-0.3050155558965917
2020-03-05,166.0500030517578,170.8699951171875,165.69000244140625,166.27000427246094,47817300,176.7694999694824,169.2295993041992,171.8947946649141,45.09023952717676,-1.4695937995057022,-0.0400908171131239
2020-03-06,162.61000061035156,163.11000061035156,156.0,161.57000732421875,72821100,175.66650009155273,169.3127993774414,170.91148158484788,41.618255591481244,-2.064750219673897,0.5229027987778483
2020-03-09,151.0,157.75,150.0,150.6199951171875,70419300,174.00299987792968,169.17759918212892,168.97895906411833,34.87966357798955,-3.381016192507019,-0.03298219884072062
2020-03-10,158.16000366210938,161.02999877929688,152.5800018310547,160.9199981689453,65354400,172.61399993896484,169.2225991821289,168.21143897886375,44.05558090435856,-3.5520959426775676,-0.07192488422918153
2020-03-11,157.1300048828125,157.6999969482422,151.14999389648438,153.6300048828125,56371600,171.07350006103516,169.1159991455078,166.82273096971602,39.782870742901395,-4.227190984096097,-0.13744751692311463
2020-03-12,145.3000030517578,153.47000122070312,138.5800018310547,139.05999755859375,93226400,168.79099960327147,168.74539916992188,164.17866112103772,32.91249312491591,-5.8702182705116,0.653783110644367
2020-03-13,147.5,161.91000366210938,140.72999572753906,158.8300018310547,92727400,167.54699935913087,168.76799926757812,163.6692649981822,46.43102432492766,-5.51349892878315,-0.0053525610771197885
2020-03-16,140.0,149.35000610351562,135.0,135.4199981689453,87905900,165.05049896240234,168.2639993286133,160.97885863349296,36.9391121798746,-7.038650746015634,-0.05199649725970967
2020-03-17,140.0,147.5,135.0,146.57000732421875,81059800,163.01749954223632,168.02299957275392,159.60658708022876,42.92401728159687,-7.263898297033336,-0.07787986926929824
2020-03-18,138.0,146.0,135.02000427246094,140.39999389648438,81593200,160.6734992980957,167.65039947509766,157.77738772939597,40.62628279021213,-7.849789634122516,0.006580327116523899
2020-03-19,142.77000427246094,150.14999389648438,139.0,142.7100067138672,85922700,158.5879997253418,167.3529995727539,156.34239906125038,41.880674038121256,-8.035090489610582,0.05306201987420511
2020-03-20,146.0,147.10000610351562,135.86000061035156,137.35000610351562,84866200,156.52600021362304,166.8981997680664,154.5335997319423,39.78055116736736,-8.516279636022603,-0.012295935765519461
2020-03-23,137.00999450683594,140.57000732421875,132.52000427246094,135.97999572753906,78975200,154.78050003051757,166.37599975585937,152.76658982676105,39.23893458884864,-8.905516636725054,-0.06941514996547504
2020-03-24,143.75,149.60000610351562,141.27000427246094,148.33999633789062,82516700,153.79399948120118,166.11599975585938,152.34500949448767,46.33751133749942,-8.123004077056777,0.044843191280300676
2020-03-25,148.91000366210938,154.3300018310547,144.44000244140625,146.9199981689453,75638200,152.63149948120116,165.78879974365233,151.82834174919793,45.67727403874503,-7.530630796468358,-0.08335888371687183
2020-03-26,148.39999389648438,156.66000366210938,148.3699951171875,156.11000061035156,64568100,152.5279998779297,165.66839965820313,152.23611878359353,50.58457208958873,-6.247595914112026,-0.1463559418389121
2020-03-27,151.75,154.88999938964844,149.1999969482422,149.6999969482422,57042300,151.9125,165.39879974365235,151.9945833707029,47.37021881591046,-5.6825108036693734,-0.1165560083075079
2020-03-30,152.44000244140625,160.60000610351562,150.00999450683594,160.22999572753906,63420300,151.2845001220703,165.27999969482423,152.77890835706825,52.68878263996826,-4.335022443536275,0.11181176074597277
2020-03-31,159.39999389648438,164.77999877929688,156.55999755859375,157.7100067138672,77927200,150.9445007324219,165.09219970703126,153.24853677200147,51.351356698060485,-3.430920744311379,0.2287422166088775
2020-04-01,153.0,157.75,150.82000732421875,152.11000061035156,57969900,150.02250061035156,164.8043997192383,153.14010475660623,48.41055221715097,-3.1302042788821893,-0.256101848905132
2020-04-02,151.86000061035156,155.47999572753906,150.36000061035156,155.25999450683594,49630700,149.4720001220703,164.59559967041017,153.34199901853287,50.14024997116698,-2.6076468025000565,-0.14385396559248853
2020-04-03,155.10000610351562,157.3800048828125,152.19000244140625,153.8300018310547,41243300,149.08499984741212,164.33779968261717,153.38847547686828,49.331631596077195,-2.2825923914082864,-0.16899620597734866
2020-04-06,160.32000732421875,166.5,157.5800018310547,165.27000427246094,67111700,149.81750030517577,164.34239990234374,154.5200496478771,55.51278244368815,-1.0893148957523238,0.6272146021293155
2020-04-07,169.58999633789062,170.0,163.25999450683594,163.49000549316406,62769000,149.9460006713867,164.3666000366211,155.37433115695205,54.40075471062123,-0.2839912345897062,-0.06470853815355593
2020-04-08,165.6699981689453,166.6699981689453,163.5,165.1300048828125,48318200,150.52100067138673,164.36,156.30344294036732,55.28942676995144,0.4810228812742423,-0.23022192483550796
2020-04-09,166.36000061035156,167.3699951171875,163.3300018310547,165.13999938964844,51385100,151.82500076293945,164.30200012207033,157.14501974506075,55.29514472755066,1.0757084554306289,0.06347297705626453
2020-04-13,164.35000610351562,165.57000732421875,162.3000030517578,165.50999450683594,41905300,152.15900039672852,164.1566000366211,157.94168400808695,55.521920173327686,1.5588866957512266,-0.18448538584142093
2020-04-14,169.0,173.75,168.0,173.6999969482422,52874300,154.07300033569337,164.22600006103517,159.44247571667316,60.32017990081711,2.5730135836843715,0.2617568660766061
2020-04-15,171.1999969482422,173.57000732421875,169.24000549316406,171.8800048828125,40940800,155.33850021362304,164.17600006103515,160.6270023039245,58.802079298265966,3.193050797401895,-0.2256956593278776
2020-04-16,174.3000030517578,177.27999877929688,172.89999389648438,177.0399932861328,50479600,157.17050018310547,164.11440002441407,162.19014430223007,61.74192761557916,4.05406990246081,0.2329900734719399
2020-04-17,179.5,180.0,175.8699951171875,178.60000610351562,52765600,158.9650001525879,164.0884002685547,163.7529882833049,62.61061218056848,4.806902760489521,0.04528562032979666
2020-04-20,176.6300048828125,178.75,174.99000549316406,175.05999755859375,36669600,160.8504997253418,163.9170001220703,164.82984630952288,59.31910765353787,5.059555711082453,-0.3050472277392847
2020-04-21,173.5,173.6699981689453,166.11000061035156,167.82000732421875,56203700,162.44250030517577,163.59560028076172,165.11462354901772,53.16340480444356,4.622295346427848,0.532705565372952
2020-04-22,171.38999938964844,174.0,170.82000732421875,173.52000427246094,34620200,163.7015007019043,163.29200042724608,165.91513599886946,56.95103105901029,4.68173732045932,-0.38402276006739766
2020-04-23,174.11000061035156,175.05999755859375,170.91000366210938,171.4199981689453,32790800,164.9265007019043,163.0316003417969,166.43940858649574,55.18052172174618,4.507433681366393,-0.05284198242644467
2020-04-24,172.05999755859375,174.55999755859375,170.7100067138672,174.5500030517578,34277600,165.8485008239746,162.82840026855467,167.21184615461596,57.31074136217864,4.569191234764503,0.04534198616685159
2020-04-27,176.58999633789062,176.89999389648438,173.3000030517578,174.0500030517578,33194400,167.06600112915038,162.6352001953125,167.863099192439,56.84594072128263,4.525620187030654,-0.031600812192218775
2020-04-28,175.58999633789062,175.6699981689453,169.38999938964844,169.80999755859375,34392700,167.5450012207031,162.32440002441408,168.04851808445372,52.92598854601116,4.101675250610327,0.03609946255994978
2020-04-29,173.22000122070312,177.67999267578125,171.8800048828125,177.42999267578125,51286600,168.53100051879883,162.1283999633789,168.94199185505633,58.468784707372436,4.3306447798502745,0.491205982664926
2020-04-30,180.0,180.3999938964844,176.22999572753906,179.2100067138672,53875900,169.8860008239746,161.96700012207032,169.91989803208594,59.66359326404893,4.60268020574199,0.05048687181446998
2020-05-01,175.8000030517578,178.63999938964844,174.00999450683594,174.57000732421875,39370500,170.85150146484375,161.77000030517578,170.36276558371765,55.20515746844373,4.393218776645426,-0.26923726564196604
2020-05-04,174.49000549316406,179.0,173.8000030517578,178.83999633789062,30372900,172.10200119018555,161.77500030517578,171.17012089363888,58.293797371975195,4.519671552356726,-0.22853659465843712
2020-05-05,180.6199951171875,183.6499938964844,179.89999389648438,180.7599945068359,36839200,172.8765007019043,161.97240020751954,172.08344219013384,59.6413166694282,4.720400258458312,0.21289702333330052
2020-05-06,182.0800018310547,184.1999969482422,181.6300048828125,182.5399932861328,32139300,173.82900009155273,162.26179992675782,173.0793041992766,60.90252443073099,4.965866808214486,-0.12757877478338286
2020-05-07,184.1699981689453,184.5500030517578,182.5800018310547,183.6000061035156,28316000,174.75250015258788,162.53040008544923,174.08127580920413,61.67069330302763,5.18615225789199,-0.11896027604832715
2020-05-08,184.97999572753903,185.0,183.36000061035156,184.67999267578125,30877800,175.72949981689453,163.06040008544923,175.0906774155448,62.47954336946141,5.3857918979295505,0.09047181805339743
2020-05-11,183.1499938964844,187.5099945068359,182.8500061035156,186.7400054931641,30892700,176.79100036621094,163.55500030517578,176.20013723246092,64.0384211348499,5.645159682275221,0.0004825473317400242
2020-05-12,186.8000030517578,187.0399932861328,182.3000030517578,182.5099945068359,32038200,177.23150024414062,163.74940032958983,176.80107602049662,58.64992398811821,5.446598982414173,0.03707995740093928
2020-05-13,182.5500030517578,184.0500030517578,176.5399932861328,179.75,44711500,177.625,164.05420043945313,177.08192592330647,55.375776234149505,5.008791476480127,0.3955684152043497
2020-05-14,177.5399932861328,180.69000244140625,175.67999267578125,180.52999877929688,41873900,177.79950027465821,164.2538003540039,177.41031381435317,56.121288975959494,4.670921777854858,-0.06346465674379076
2020-05-15,179.05999755859375,187.05999755859375,177.0,183.16000366210935,46610400,178.0275001525879,164.59160034179686,177.9579033236633,58.63090746568375,4.562780132514035,0.11311341909877037
2020-05-18,185.75,186.1999969482422,183.9600067138672,184.91000366210935,35264500,178.52000045776364,165.0584002685547,178.620008117801,60.25964737364303,4.56565741741781,-0.2434199234505604
2020-05-19,185.02999877929688,186.6000061035156,183.4900054931641,183.6300048828125,26799100,179.31050033569335,165.71860046386718,179.09715066684973,58.4470775957479,4.413773251772653,-0.24005444568900736
2020-05-20,184.80999755859375,185.8500061035156,183.94000244140625,185.66000366210935,31261300,179.91750030517576,166.21340057373047,179.72218428544588,60.4774869460434,4.40641350037896,0.16650559160568834
2020-05-21,185.3999938964844,186.6699981689453,183.2899932861328,183.42999267578125,29119500,180.51800003051756,166.80940032958983,180.07530889404924,57.172533267695336,4.1725391606297535,-0.06851282576220441
2020-05-22,183.19000244140625,184.4600067138672,182.5399932861328,183.5099945068359,20826900,180.96599960327146,167.69840026855468,180.40242180955275,57.26276424822633,3.9481358876838044,-0.28477824138463914
2020-05-26,186.33999633789065,186.5,181.1000061035156,181.57000732421875,36073600,181.3419998168945,168.15320037841798,180.51362042999713,54.27649669582928,3.5725715437403665,0.7320676624941782
2020-05-27,180.1999969482422,181.9900054931641,176.60000610351562,181.80999755859375,39517100,181.9419998168945,169.08100036621093,180.6370849184349,54.591974216848335,3.2567574292192774,0.09545761997693614
2020-05-28,180.7400054931641,184.1499938964844,180.3800048828125,181.3999938964844,33810200,182.14049987792967,169.77760009765626,180.7097429163444,53.90765581702735,2.9395038287940736,-0.1444159616975942
2020-05-29,182.72999572753903,184.27000427246097,180.41000366210935,183.25,42130400,182.3424995422363,170.63460021972656,180.95167216240682,56.55401720907034,2.8050235309773655,0.24608550082519476
2020-06-01,182.5399932861328,183.0,181.4600067138672,182.8300018310547,22622400,182.7554992675781,171.43700012207032,181.13056070227805,55.77114862777126,2.634191266721018,-0.46303856597611226
2020-06-02,184.25,185.0,181.3500061035156,184.91000366210935,30794600,183.05899963378903,172.3882000732422,181.49050765083342,58.812012508605214,2.6362551229379676,0.3612437230355754
2020-06-03,184.82000732421875,185.94000244140625,183.5800018310547,185.36000061035156,27311000,183.28899993896482,173.37580017089843,181.85903078983515,59.461380399115015,2.643726503333113,-0.11312372948503957
2020-06-04,184.3000030517578,185.83999633789065,182.3000030517578,182.9199981689453,28761800,183.30800018310543,174.06740020751954,181.96007530213134,54.448667095220856,2.424808142182002,0.05312145289443815
2020-06-05,182.6199951171875,187.72999572753903,182.0099945068359,187.1999969482422,39893600,183.48799972534178,174.87300018310546,182.4591154589038,60.70616066405655,2.5670821704869127,0.3870341911841402
2020-06-08,185.94000244140625,188.5500030517578,184.44000244140625,188.36000061035156,33211600,183.6720001220703,175.51800018310547,183.02110452094644,62.220945018822356,2.7418318332816796,-0.1674955381314296
2020-06-09,188.0,190.6999969482422,187.2599945068359,189.8000030517578,29783900,183.825,176.32000030517577,183.66671390483324,64.0725214180281,2.9623700050617856,-0.10320791530670004
2020-06-10,191.1300048828125,198.52000427246097,191.0099945068359,196.83999633789065,43872300,184.5415000915527,177.0522003173828,184.9213122317911,71.4416665042952,3.6629920256629305,0.47302065881231137
2020-06-11,193.1300048828125,195.7599945068359,186.07000732421875,186.27000427246097,52854700,184.86750030517575,177.6234002685547,185.04975909280728,53.64905967604816,3.3269786630721114,0.20473966489105888
2020-06-12,190.5399932861328,191.72000122070312,185.17999267578125,187.7400054931641,43373600,185.22800064086914,178.33600036621092,185.3059730356984,55.31580653845928,3.1430710984422774,-0.17938045244793743
2020-06-15,184.5800018310547,190.82000732421875,184.0099945068359,188.94000244140625,32770200,185.517000579834,179.00960052490234,185.65207107433724,56.68509696938446,3.058891753381914,-0.24446668019255957
2020-06-16,192.88999938964844,195.5800018310547,191.4600067138672,193.57000732421875,42556700,185.95000076293945,179.8044006347656,186.40616024099262,61.577410398427254,3.3274252286343824,0.29864022801203527
2020-06-17,195.02999877929688,196.32000732421875,193.69000244140625,194.2400054931641,25687800,186.48050079345705,180.38380065917968,187.15224074119942,62.24201386003411,3.553342475102653,-0.39638646793571874
2020-06-18,194.0,196.4900054931641,194.0,196.32000732421875,23061600,187.0135009765625,181.04040069580077,188.02536136815365,64.3061760967438,3.8557753074328502,-0.1022353023614323
2020-06-19,198.58999633789065,199.2899932861328,194.3699951171875,195.1499938964844,44441100,187.5995010375977,181.64080047607422,188.70389779942326,62.24483373170429,3.955449243855952,0.9270605682172963
2020-06-22,195.7899932861328,200.7599945068359,195.22999572753903,200.57000732421875,32818900,188.45250167846683,182.34940063476563,189.8340034684514,67.45008297057117,4.4208307581507995,-0.26151917931824364
2020-06-23,202.08999633789065,203.9499969482422,201.42999267578125,201.91000366210935,30917400,189.46950149536136,183.07740081787108,190.98409872499028,68.60259848773767,4.84196036173887,-0.05793917529228587
2020-06-24,201.6000061035156,203.25,196.55999755859375,197.83999633789065,36740600,190.2710014343262,183.56020080566407,191.6370413547903,61.48193171684364,4.792053223452939,0.18834701494951056
2020-06-25,197.8000030517578,200.61000061035156,195.47000122070312,200.33999633789065,27803900,191.2180015563965,184.12940063476563,192.46589421032368,63.95669788248906,4.897772095468781,-0.24323772611225725
2020-06-26,199.72999572753903,199.88999938964844,194.8800048828125,196.3300018310547,54675800,191.87200164794925,184.51520080566405,192.8339044599171,57.56764362021732,4.604899603249635,0.9664795226568934
2020-06-29,195.77999877929688,198.52999877929688,193.5500030517578,198.44000244140625,26701600,192.65250167846682,184.9120007324219,193.36781855339225,59.84094747487112,4.491282746601712,-0.5116376898006065
2020-06-30,197.8800048828125,204.3999938964844,197.7400054931641,203.5099945068359,34310300,193.58250122070314,185.4810006713867,194.33374007276785,64.73049908624985,4.755527792947703,0.2849529616202775
2020-07-01,203.13999938964844,206.3500061035156,201.77000427246097,204.6999969482422,32061200,194.54950103759768,186.21860046386718,195.32100263233684,65.78354156092476,5.003292308425586,-0.06555174393695185
2020-07-02,205.67999267578125,208.02000427246097,205.0,206.2599945068359,29315800,195.7165008544922,186.8734002685547,196.36281138228912,67.16746400744125,5.264836479831075,-0.08562998265816624
2020-07-06,208.8300018310547,211.1300048828125,208.08999633789065,210.6999969482422,31897600,196.89150085449222,187.65900024414063,197.7282576266656,70.78880925904133,5.7639400968583345,0.08806855006515257
2020-07-07,210.4499969482422,214.6699981689453,207.9900054931641,208.25,33600700,197.88600082397463,188.33300018310547,198.7303283288879,66.43443488498612,5.893848415218088,0.053392731741572996
2020-07-08,210.07000732421875,213.2599945068359,208.69000244140625,212.8300018310547,33600000,199.0375007629395,189.10860015869142,200.07315437671332,70.1330324547934,6.29381834444203,-2.0832899314648934e-05
2020-07-09,216.3300018310547,216.3800048828125,211.47000122070312,214.32000732421875,33121700,199.9115013122559,189.99880035400392,201.42999751457097,71.24320504015311,6.654321509591313,-0.014235119047619094
2020-07-10,213.6199951171875,214.0800018310547,211.0800018310547,213.6699981689453,26177600,201.2815010070801,190.7236004638672,202.59571186260663,70.02044697825127,6.809081703409078,-0.20965409384180156
2020-07-13,214.47999572753903,215.8000030517578,206.5,207.07000732421875,38135600,202.2480010986328,191.2808004760742,203.02183523990303,58.95591576198057,6.326241198662387,0.45680276266731856
2020-07-14,206.1300048828125,208.8500061035156,202.02999877929688,208.3500061035156,37591800,203.21850128173827,191.95640045166016,203.5292800840566,60.26723325006892,5.977961603848485,-0.014259641909396992
2020-07-15,209.55999755859375,211.3300018310547,205.02999877929688,208.0399932861328,32179400,203.94200057983397,192.540400390625,203.95887181758766,59.76916455494522,5.612237689672014,-0.14397820801344974
2020-07-16,205.3999938964844,205.6999969482422,202.30999755859375,203.9199981689453,29940700,204.42600021362304,193.0036004638672,203.955169565336,53.44742612792043,4.933084155659287,-0.0695693518213516
2020-07-17,204.47000122070312,205.0399932861328,201.38999938964844,202.8800048828125,31635300,204.75400009155274,193.41040069580077,203.85277292890518,51.95362190132474,4.261803897859124,0.05659854312023427
2020-07-20,205.0,212.3000030517578,203.0099945068359,211.6000061035156,36884800,205.5765007019043,193.97040069580078,204.59060465982046,61.635633754763624,4.382917139150322,0.16593805021605612
2020-07-21,213.66000366210935,213.94000244140625,208.02999877929688,208.75,37990400,205.98550033569336,194.45180084228517,204.98673754936138,57.553470228940604,4.200507742854143,0.029974406801717812
2020-07-22,209.1999969482422,212.3000030517578,208.38999938964844,211.75,49605700,206.47750015258788,194.95200073242188,205.63085778275553,60.51775878625942,4.2490416033872975,0.30574302981805923
2020-07-23,207.19000244140625,210.9199981689453,202.1499938964844,202.5399932861328,67457000,206.7125,195.3526007080078,205.33648973545812,49.165928108400934,3.503943190979271,0.35986388660980495
2020-07-24,200.4199981689453,202.86000061035156,197.5099945068359,201.3000030517578,39827000,206.76050033569337,195.78360076904298,204.95206243224857,47.864151584326606,2.7813290521227714,-0.40959426004714117
2020-07-27,201.47000122070312,203.97000122070312,200.86000061035156,203.8500061035156,30160900,207.1365005493164,196.25000091552735,204.84710468665494,50.751959280386686,2.386901362821334,-0.2427021869585959
2020-07-28,203.61000061035156,204.6999969482422,201.7400054931641,202.02000427246097,23251400,207.31550064086915,196.62720092773438,204.57785702816028,48.66854473438028,1.9046926127395523,-0.22908799140609204
2020-07-29,202.5,204.6499938964844,202.0099945068359,204.05999755859375,19632600,207.34300079345704,197.01020080566406,204.52853707867774,51.0794286361638,1.6679223429055412,-0.15563794008102738
2020-07-30,201.0,204.4600067138672,199.57000732421875,203.8999938964844,25079600,207.30300064086913,197.4156005859375,204.46867582323077,50.877589622046635,1.450647083318529,0.27744669580188064
2020-07-31,204.3999938964844,205.1000061035156,199.0099945068359,205.0099945068359,51044000,207.24050064086913,197.80260040283204,204.52022998357413,52.28616908128713,1.3524326456266351,1.0352796695322093
2020-08-03,211.52000427246097,217.63999938964844,210.44000244140625,216.5399932861328,78983000,207.53250045776366,198.46480041503906,205.66496934572257,63.87420478869163,2.1798436566595285,0.5473513047566805
2020-08-04,214.1699981689453,214.77000427246097,210.30999755859375,213.2899932861328,49280100,207.7845001220703,199.060400390625,206.39116210195212,59.48851933781758,2.5439993643729224,-0.3760670017598724
2020-08-05,214.8999938964844,215.0,211.57000732421875,212.94000244140625,28806400,207.79000015258788,199.68780029296875,207.01486118190013,59.01856181887114,2.772395599447975,-0.41545573162392124
2020-08-06,212.33999633789065,216.3699951171875,211.5500030517578,216.3500061035156,32656800,207.89150009155273,200.3786004638672,207.90392260300638,62.15553401224195,3.191767350977642,0.13366474116862914
2020-08-07,214.8500061035156,215.6999969482422,210.92999267578125,212.47999572753903,27820400,207.8319999694824,201.0002005004883,208.3397390910571,56.838067711212005,3.1752427690386185,-0.14809779280272406
2020-08-10,211.6699981689453,211.8800048828125,206.3500061035156,208.25,36716500,207.8909996032715,201.5002005004883,208.33119251095644,51.63802348194185,2.788675499863473,0.3197689465284468
2020-08-11,207.16000366210935,207.6499938964844,203.13999938964844,203.3800048828125,36446500,207.64249954223632,201.91120056152343,207.85965083208558,46.37728912660946,2.0655399890262345,-0.007353642095515589
2020-08-12,205.2899932861328,210.27999877929688,204.75,209.19000244140625,28013100,207.7,202.39680053710939,207.98635098535422,52.58364955444728,1.9389174995797305,-0.2313912172636604
2020-08-13,209.44000244140625,211.3500061035156,208.1499938964844,208.6999969482422,22588900,207.93899993896486,202.8636004638672,208.05431726753403,52.0366247385665,1.7785271622444156,-0.19363083700126016
2020-08-14,208.7599945068359,209.58999633789065,207.5099945068359,208.8999938964844,17958900,208.23999938964843,203.38320037841797,208.13485789886263,52.25494388031003,1.648551273738974,-0.2049679267250729
2020-08-17,209.6000061035156,211.19000244140625,208.9199981689453,210.27999877929688,20184800,208.1739990234375,203.84480041503906,208.33915703033256,53.817033133993355,1.638017263154353,0.12394411684457296
2020-08-18,210.52999877929688,212.36000061035156,209.2100067138672,211.4900054931641,21336200,208.3109992980957,204.30740051269532,208.6392378363165,55.20103679844459,1.7076220096640213,0.05704292338789574
2020-08-19,211.4900054931641,212.1000061035156,209.25,209.6999969482422,27627600,208.2084991455078,204.705400390625,208.74026251364276,52.685677731244716,1.5999028586488748,0.2948697518770915
2020-08-20,209.5399932861328,215.0,208.91000366210935,214.5800018310547,26981500,208.8104995727539,205.0602005004883,209.29642816292008,58.26864494119801,1.8865631400021243,-0.023386034255599486
2020-08-21,213.86000061035156,216.25,212.8500061035156,213.02000427246097,36249300,209.39649963378906,205.5952005004883,209.65105445906684,55.99405699148625,1.9652109837956004,0.3434872041954673
2020-08-24,214.7899932861328,215.52000427246097,212.42999267578125,213.69000244140625,25460100,209.88849945068358,206.11420043945313,210.0357161716706,56.774501813085166,2.0578812454437525,-0.29763885095712195
2020-08-25,213.1000061035156,216.61000061035156,213.1000061035156,216.47000122070312,23043700,210.6109992980957,206.66480041503905,210.6485052239594,59.948490896274684,2.328800797557051,-0.09490928943719779
2020-08-26,217.8800048828125,222.08999633789065,217.36000061035156,221.1499938964844,39600800,211.46549911499022,207.21640014648438,211.64864700229512,64.653850148381,2.8878534145451056,0.7185087464252702
2020-08-27,222.88999938964844,231.1499938964844,219.3999938964844,226.5800018310547,57602200,212.59949951171876,207.86320007324218,213.07068079551033,69.17834257781625,3.726110617341419,0.4545716248156604
2020-08-28,228.17999267578125,230.63999938964844,226.5800018310547,228.91000366210935,26292900,213.79449996948242,208.515,214.57918773518642,70.89967995224681,4.5262711289344395,-0.5435434757700226
2020-08-31,227.0,228.6999969482422,224.30999755859375,225.52999877929688,28774200,214.24400024414064,209.12260009765626,215.6221221203398,65.21021543650869,4.831966056152652,0.09437148431705888
2020-09-01,225.5099945068359,227.4499969482422,224.42999267578125,227.27000427246097,25725500,214.94300079345703,209.6566000366211,216.73144423006565,66.69202803834953,5.155209345523019,-0.1059525547191581
2020-09-02,227.97000122070312,232.86000061035156,227.3500061035156,231.6499938964844,34080800,215.87850036621094,210.2513998413086,218.1522584840103,70.13982041817188,5.699114692153842,0.32478669024897466
2020-09-03,229.27000427246097,229.30999755859375,214.9600067138672,217.3000030517578,58400300,215.92600021362304,210.64059997558593,218.07109129998625,51.37615313472289,4.9155755693689684,0.7135836013239125
2020-09-04,215.1000061035156,218.36000061035156,205.19000244140625,214.25,59664100,216.0145004272461,210.91880004882813,217.70717784284471,48.41175048119412,4.002368599304759,0.021640299792980544
2020-09-08,206.5,210.02999877929688,202.1999969482422,202.66000366210935,52924300,215.73500061035156,211.04540008544922,216.27411363515563,39.16409892134745,2.3167239023651405,-0.1129624011759165
2020-09-09,207.6000061035156,214.83999633789065,206.6999969482422,211.2899932861328,45679000,216.13050003051757,211.30239990234375,215.79943550667727,47.2449381468475,1.6580929114956007,-0.1368993071235708
2020-09-10,213.3999938964844,214.7400054931641,204.11000061035156,205.3699951171875,35461500,215.93949966430665,211.33959991455077,214.80615546958302,43.02316529808407,0.650925268003931,-0.22368046585958534
2020-09-11,207.1999969482422,208.6300048828125,201.2400054931641,204.02999877929688,33620100,215.70599975585938,211.32619995117187,213.77985483241292,42.10599447748956,-0.25247843710477014,-0.051926737447654525
2020-09-14,204.2400054931641,209.1999969482422,204.02999877929688,205.41000366210935,30375800,215.53150024414063,211.30920013427735,212.98272614952688,43.443188668270764,-0.8473102560156747,-0.09649882064598259
2020-09-15,208.4199981689453,209.77999877929688,206.92999267578125,208.77999877929688,21823900,215.4565002441406,211.27080017089844,212.58246639998117,46.68187637088593,-1.0348591047199136,-0.28153661796561735
2020-09-16,210.6199951171875,210.6499938964844,204.63999938964844,205.0500030517578,26328100,215.1345001220703,211.20680023193358,211.8650889382456,43.69910192265787,-1.467555336474561,0.2063884090377981
2020-09-17,200.0500030517578,204.3300018310547,199.9600067138672,202.91000366210935,34011300,214.79500045776368,211.00840026855468,211.01222367385168,42.03944220389707,-1.960550280340044,0.29182508422559916
2020-09-18,202.8000030517578,203.6499938964844,196.25,200.38999938964844,55225300,214.08550033569335,210.72980010986328,210.00058326583232,40.10771085365582,-2.525483408746169,0.6237338766821616
2020-09-21,197.19000244140625,202.7100067138672,196.3800048828125,202.5399932861328,39839700,213.56149978637694,210.50720001220702,209.2900508868133,42.533886519494025,-2.767804911809236,-0.27859694741359486
2020-09-22,205.05999755859375,208.1000061035156,202.0800018310547,207.4199981689453,33517100,213.2479995727539,210.51419982910156,209.11195062796872,47.71145226885477,-2.536827866157836,-0.15870099423439432
2020-09-23,207.8999938964844,208.1000061035156,200.02999877929688,200.58999633789065,30803800,212.4539993286133,210.35899963378907,208.30033593367557,42.00692182726036,-2.8717966759890885,-0.08095270772232677
2020-09-24,199.8500061035156,205.57000732421875,199.1999969482422,203.19000244140625,31202500,211.55599975585938,210.26199981689453,207.8136375058404,44.71667451775602,-2.8941017047674222,0.0129432083054688
2020-09-25,203.5500030517578,209.0399932861328,202.5399932861328,207.82000732421875,29437300,210.61800003051758,210.34,207.81424415520976,49.26309146285947,-2.509250819799405,-0.05657239003284997
2020-09-28,210.8800048828125,212.57000732421875,208.05999755859375,209.44000244140625,32004900,209.6444999694824,210.47119995117188,207.96907827770468,50.78806560084048,-2.049903640521194,0.0872226732750625
2020-09-29,209.3500061035156,210.07000732421875,206.80999755859375,207.2599945068359,24221900,208.7309997558594,210.38439971923827,207.9015464900029,48.668179018796884,-1.8405592909610107,-0.24318151283084777
2020-09-30,207.72999572753903,211.97999572753903,206.5399932861328,210.3300018310547,33829100,207.88399963378907,210.4159997558594,208.13282795105545,51.72413463362067,-1.410667158849833,0.3966327992436596
2020-10-01,213.4900054931641,213.9900054931641,211.32000732421875,212.4600067138672,27158400,206.92450027465821,210.43019989013672,208.54494021418037,53.78009750260229,-0.8878661853890719,-0.1971882196097443
2020-10-02,208.0,210.9900054931641,205.5399932861328,206.19000244140625,33154800,206.36900024414064,210.5032000732422,208.3206604262971,47.38304276671517,-0.9683174309322169,0.22079356663131855
2020-10-05,207.22000122070312,210.41000366210935,206.97999572753903,210.3800048828125,21331600,206.17550048828124,210.6848001098633,208.51678846977475,51.532050557342004,-0.6860688680868066,-0.3566059816376512
2020-10-06,208.82000732421875,210.17999267578125,204.82000732421875,205.91000366210935,28554300,206.33800048828124,210.72600006103517,208.2685232499971,47.251386680750095,-0.813696799496654,0.3385915730653115
2020-10-07,207.05999755859375,210.11000061035156,206.72000122070312,209.8300018310547,25681100,206.26500091552734,210.88220001220702,208.4172354958121,51.08852429961451,-0.5917108884118818,-0.10062232308268804
2020-10-08,210.5099945068359,211.19000244140625,208.32000732421875,210.5800018310547,19925800,206.5255012512207,211.01260009765625,208.62321324202568,51.81080511771519,-0.35121809894761213,-0.22410644403861202
2020-10-09,211.22999572753903,215.86000061035156,211.22999572753903,215.80999755859375,26458000,207.11450119018554,211.25080017089843,209.30766889122265,56.62136825101118,0.2584122995411633,0.32782623533308586
2020-10-12,218.7899932861328,223.86000061035156,216.80999755859375,221.3999938964844,40461400,207.91400070190429,211.57860015869142,210.45931889172377,61.0921027662788,1.1790237179092173,0.5292690301610099
2020-10-13,222.72000122070312,225.2100067138672,220.42999267578125,222.86000061035156,28950800,208.61800079345704,211.7050003051758,211.64033619825975,62.18822284752304,2.0033320745127696,-0.28448348302332593
2020-10-14,223.0,224.22000122070312,219.1300048828125,220.86000061035156,23421700,209.40850067138672,211.85640045166016,212.51839947560183,59.70678233987562,2.4667835553330804,-0.1909826326042804
2020-10-15,217.1000061035156,220.36000061035156,216.0099945068359,219.66000366210935,22733100,210.24600067138672,211.9908004760742,213.19855225526922,58.206065370604,2.7060488215823,-0.029400086244807166
2020-10-16,220.1499938964844,222.2899932861328,219.32000732421875,219.66000366210935,26057900,211.20950088500976,212.0570004272461,213.81392857973017,58.206065370604,2.8626692003065273,0.1462537005511786
2020-10-19,220.4199981689453,222.3000030517578,213.72000122070312,214.22000122070312,27625800,211.7935012817383,212.09180053710938,213.85260216458474,51.41202454722324,2.518794154689914,0.06016985252073259
2020-10-20,215.8000030517578,217.3699951171875,213.08999633789065,214.6499938964844,22753500,212.15500106811524,212.21980041503906,213.92854423428946,51.8900395813393,2.254973587050415,-0.1763677431965771
2020-10-21,213.1199951171875,216.9199981689453,213.1199951171875,214.8000030517578,22724900,212.8655014038086,212.44820037841797,214.01154031214358,52.06720822799368,2.0345453987273174,-0.0012569494802997516
2020-10-22,213.92999267578125,216.05999755859375,211.6999969482422,214.88999938964844,22351500,213.45050125122071,212.5622003173828,214.09520308142976,52.18098255411367,1.845838743676552,-0.01643131542933085
2020-10-23,215.02999877929688,216.27999877929688,213.16000366210935,216.22999572753903,18879600,213.87100067138672,212.71280029296875,214.2985166667735,53.9342693748077,1.7838507446659264,-0.15533185692235418
2020-10-26,213.8500061035156,216.33999633789065,208.1000061035156,210.0800018310547,37111600,213.90300064086915,212.73640045166016,213.896753349086,45.65976889220199,1.224358061451852,0.9656984258141061
2020-10-27,211.58999633789065,214.6699981689453,210.3300018310547,213.25,36700300,214.20250091552734,212.79580047607422,213.83515779203017,49.92431572596179,1.024933641511069,-0.011082788130934773
2020-10-28,207.6699981689453,208.83999633789065,202.1000061035156,202.67999267578125,51195600,213.82000045776368,212.61960021972655,212.7727611142922,38.948375845004904,0.013817814935890738,0.39496407386315635
2020-10-29,204.07000732421875,207.36000061035156,203.3699951171875,204.72000122070312,31432600,213.43300018310546,212.52000030517578,212.00583160061706,41.61623605825976,-0.6157886930701295,-0.38602926814023075
2020-10-30,203.5,204.2899932861328,199.6199951171875,202.47000122070312,36953700,213.24700012207032,212.27780029296875,211.0976572787205,39.562768985334955,-1.2815397897350067,0.17564884864758246
2020-11-02,204.2899932861328,205.27999877929688,200.1199951171875,202.3300018310547,30842200,212.84449996948243,212.06400024414063,210.2626424741809,39.4323903721391,-1.7997032522251857,-0.1653826274500253
2020-11-03,203.88999938964844,208.1199951171875,203.1199951171875,206.42999267578125,27512000,212.87049942016603,211.91880004882813,209.89762820766666,45.134795962404205,-1.858097541466094,-0.10797543625292616
2020-11-04,214.02000427246097,218.32000732421875,212.4199981689453,216.38999938964844,42311800,213.1984992980957,211.91720001220702,210.5159492726173,55.97782444721659,-1.088142702113089,0.5379398080837452
2020-11-05,222.0399932861328,224.1199951171875,221.1499938964844,223.2899932861328,36080100,213.8339988708496,211.96,211.7325248929521,61.63457890931092,0.07792561906094875,-0.14728042768211236
2020-11-06,222.2599945068359,224.36000061035156,218.02999877929688,223.72000122070312,25231900,214.22949905395507,211.90279998779297,212.87418930511888,61.962612976239974,1.0249264965953842,-0.30066989836502667
2020-11-09,224.44000244140625,228.1199951171875,217.8800048828125,218.38999938964844,44395000,214.0789993286133,211.69239990234374,213.39950455126456,55.615051771435255,1.3300133457864263,0.7594790721269504
2020-11-10,214.5,216.5,209.72000122070312,211.0099945068359,44045100,213.4864990234375,211.40199981689454,213.17193216608086,48.24539864616679,0.9651663185090342,-0.007881518188985193
2020-11-11,212.38999938964844,218.0399932861328,212.1999969482422,216.5500030517578,29440800,213.2709991455078,211.18759979248046,213.493653202812,53.25317879243542,1.1102564651828288,-0.33157604364617177
2020-11-12,217.2100067138672,219.11000061035156,214.4600067138672,215.44000244140625,21593900,213.05999908447265,210.8633999633789,213.67901979696384,52.16408484299249,1.1227315289569333,-0.2665314801228228
2020-11-13,216.36000061035156,217.4199981689453,214.16000366210935,216.5099945068359,18621100,212.902498626709,210.84759979248048,213.94863643599928,53.15855580838719,1.205066270421554,-0.1376685082361222
2020-11-16,214.8699951171875,217.7400054931641,214.52000427246097,217.22999572753903,24953300,213.0529983520508,210.90719970703125,214.26114684471736,53.85375892522642,1.3132765923610634,0.340055098785786
2020-11-17,216.1000061035156,217.67999267578125,214.0800018310547,214.4600067138672,24154100,213.04349899291992,211.1431997680664,214.2800858798745,50.734074440863346,1.1621228595437572,-0.032027827982671675
2020-11-18,213.6499938964844,215.1699981689453,210.92999267578125,211.0800018310547,28372800,212.85749893188478,211.13899993896484,213.97531597046307,47.14521663698655,0.760823985806752,0.17465771856537815
2020-11-19,211.3800048828125,213.02999877929688,209.92999267578125,212.4199981689453,24792700,212.7339988708496,211.28,213.8271904655566,48.69470966423991,0.5446399722455908,-0.1261807082839903
2020-11-20,212.1999969482422,213.2899932861328,210.0,210.38999938964844,22843100,212.44199905395507,211.40720001220703,213.49983893451773,46.47204491882159,0.20712108495609982,-0.07863605012765851
2020-11-23,210.9499969482422,212.2899932861328,208.16000366210935,210.11000061035156,25683500,212.44349899291993,211.50119995117188,213.17699718935904,46.159080923178124,-0.08201322890357687,0.12434389377974098
2020-11-24,209.58999633789065,214.25,208.86000061035156,213.86000061035156,33979700,212.4739990234375,211.60279998779296,213.24204513421546,50.92576076818991,-0.00846303914801183,0.323016722798684
2020-11-25,215.11000061035156,215.2899932861328,212.4600067138672,213.8699951171875,21012900,213.03349914550782,211.77919982910157,213.3018498944985,50.93822775602494,0.050055480882662096,-0.38160431080910073
2020-11-27,214.8500061035156,216.27000427246097,214.0399932861328,215.22999572753903,14512200,213.55899887084962,212.02559967041014,213.48548283097855,52.699146649387885,0.203822968560047,-0.30936710306525994
2020-11-30,214.1000061035156,214.7599945068359,210.83999633789065,214.07000732421875,33064800,214.13899917602538,212.29919982910155,213.54115183033477,51.01720092983225,0.22943861512433728,1.278414024062513
2020-12-01,214.5099945068359,217.32000732421875,213.3500061035156,216.2100067138672,30904500,214.832999420166,212.57260009765625,213.7953284859093,53.93796324190774,0.41760537083612803,-0.06533534151121434
2020-12-02,214.8800048828125,215.47000122070312,212.8000030517578,215.3699951171875,23724500,215.27999954223634,212.7316000366211,213.94529673650723,52.6118145731062,0.4932609595266513,-0.23232862528110798
2020-12-03,214.61000061035156,216.3800048828125,213.6499938964844,214.2400054931641,25120900,215.1724998474121,213.00460021972657,213.97336423714123,50.80232889600981,0.4567724512050688,0.058858985436995415
2020-12-04,214.22000122070312,215.3800048828125,213.17999267578125,214.36000061035156,24666000,214.72600021362305,213.22800018310548,214.01018674887555,50.995074907807314,0.4325514645611577,-0.01810842764391407
2020-12-07,214.3699951171875,215.5399932861328,212.9900054931641,214.2899932861328,24620000,214.25449981689454,213.35739990234376,214.0368349905191,50.86985713885659,0.403060916802076,-0.0018649152679801606
2020-12-08,213.97000122070312,216.9499969482422,212.88999938964844,216.0099945068359,23284100,214.1354995727539,213.48879974365235,214.22475494445405,53.867077376645064,0.5125705745762446,-0.05426076360682375
2020-12-09,215.16000366210935,215.22999572753903,211.2100067138672,211.8000030517578,32440600,214.175,213.57959991455078,213.9938261927687,46.404810520148565,0.2566877051956169,0.39325118857933106
2020-12-10,211.77000427246097,213.0800018310547,210.36000061035156,210.52000427246097,26733300,213.87350006103514,213.5833999633789,213.66298600988225,44.39128071758322,-0.0488237071142521,-0.17593077809904867
2020-12-11,210.0500030517578,213.32000732421875,209.11000061035156,213.2599945068359,30979400,213.76449966430664,213.59939971923828,213.62460586673498,49.44788037871919,-0.06905338516057213,0.15883186886766687
2020-12-14,213.1000061035156,216.2100067138672,212.8800048828125,214.1999969482422,28798400,213.64899978637695,213.759599609375,213.67940501735472,51.090999742565806,-0.009129965111327465,-0.07040162172282227
2020-12-15,215.1699981689453,215.4199981689453,212.2400054931641,214.1300048828125,27000600,213.49400024414064,213.834599609375,213.72231929025546,50.95818441393775,0.032339215919876096,-0.062427079282182385
2020-12-16,214.75,220.11000061035156,214.72000122070312,219.27999877929688,35023300,213.7349998474121,214.10199951171876,214.2516220987356,59.33481144243456,0.4752865008813103,0.2971304341385006
2020-12-17,219.8699951171875,220.88999938964844,217.9199981689453,219.4199981689453,32515800,214.15199966430663,214.29379943847655,214.7438483911365,59.537142846846365,0.8280766441036178,-0.0715951951986249
2020-12-18,218.58999633789065,219.69000244140625,216.02000427246097,218.58999633789065,63354900,214.46049957275392,214.4539993286133,215.1101481955893,57.704050286434025,1.0288314348163965,0.9484342996327939
2020-12-21,217.5500030517578,224.0,217.27999877929688,222.58999633789065,37181900,215.07049942016602,214.58959930419923,215.82251468533227,63.53151614830042,1.4934816960891908,-0.41311721745279373
2020-12-22,222.69000244140625,225.6300048828125,221.8500061035156,223.94000244140625,22612200,215.76199951171876,214.64039947509767,216.5956087573393,65.2706691726414,1.9481969837361817,-0.39184925998940345
2020-12-23,223.11000061035156,223.55999755859375,220.8000030517578,221.02000427246097,18699600,216.11999969482423,214.60359954833984,217.01697975877946,58.74503416285807,2.049319398088045,-0.17303048796667286
2020-12-24,221.4199981689453,223.61000061035156,221.1999969482422,222.75,10550600,216.56399993896486,214.6413995361328,217.56298168651475,61.218877665820074,2.2431976508672733,-0.4357847226678645
2020-12-28,224.4499969482422,226.02999877929688,223.02000427246097,224.9600067138672,17933500,217.05050048828124,214.74739959716797,218.26746026054832,64.1743274740484,2.5458298927450755,0.6997611510245862
2020-12-29,226.30999755859375,227.17999267578125,223.5800018310547,224.1499938964844,17403200,217.55449981689452,214.83719940185546,218.8277015592089,62.30029840593833,2.6893062120006164,-0.02957035715281453
2020-12-30,225.22999572753903,225.6300048828125,221.47000122070312,221.67999267578125,20272300,217.82799911499023,214.98639923095703,219.09934833221578,56.848681226445905,2.574031934985186,0.16486048542796716
2020-12-31,221.6999969482422,223.0,219.67999267578125,222.4199981689453,20942100,218.1804992675781,215.14179931640626,219.4156006976186,58.03352257202073,2.5134154104535753,0.03304015824548778
2021-01-04,222.52999877929688,223.0,214.80999755859375,217.69000244140625,37130100,218.35299911499024,215.1995993041992,219.25125800655076,48.80841711677961,2.0599593242453125,0.7729883822539287
2021-01-05,217.2599945068359,218.52000427246097,215.6999969482422,217.8999938964844,23823000,218.52999877929688,215.25979919433593,219.12256618654445,49.19454248132461,1.6979635970029676,-0.3583911705058699
2021-01-06,212.1699981689453,216.4900054931641,211.94000244140625,212.25,35930700,218.42799911499023,215.18019927978514,218.46803607354022,40.37121110749286,0.944286934663296,0.5082357385719682
2021-01-07,214.0399932861328,219.33999633789065,213.7100067138672,218.2899932861328,27694500,218.54199905395507,215.3443991088867,218.45107961759666,50.576441937744725,0.8248612427249782,-0.22922459067037382
2021-01-08,218.67999267578125,220.5800018310547,217.02999877929688,219.6199951171875,22956200,218.93299865722656,215.47179901123047,218.56240490327198,52.50407198743103,0.8279909892081889,-0.17109173301558067
2021-01-11,218.47000122070312,218.91000366210935,216.72999572753903,217.4900054931641,23031300,219.28149871826173,215.76799926757812,218.46027162611884,49.19489746259743,0.6510935728360892,0.003271447364981972
2021-01-12,216.5,217.1000061035156,213.32000732421875,214.92999267578125,23249300,219.364998626709,215.97219909667967,218.12405458322954,45.48434982229545,0.30086131448737774,0.00946537972237782
2021-01-13,214.02000427246097,216.7599945068359,213.92999267578125,216.33999633789065,20087100,219.4719985961914,216.24959899902345,217.95414427414966,47.81885242486971,0.13551312712331764,-0.13601269715647357
2021-01-14,215.91000366210935,217.4600067138672,212.7400054931641,213.02000427246097,29480800,219.41649856567383,216.46339904785157,217.48422617875073,43.13498779959698,-0.26042015454515877,0.4676483912560798
2021-01-15,213.52000427246097,214.5099945068359,212.02999877929688,212.6499938964844,31746500,219.0849983215332,216.58779907226562,217.02382310424917,42.63377686941335,-0.5971730387844616,0.07685340967680654
2021-01-19,213.75,216.97999572753903,212.6300048828125,216.44000244140625,30480900,218.93599853515624,216.58879913330077,216.96822113635938,49.15128798089388,-0.5518685138638375,-0.0398658119792733
2021-01-20,217.6999969482422,225.7899932861328,217.2899932861328,224.33999633789065,37777300,219.22349853515624,216.60979919433595,217.67029496507664,59.48417079666428,0.12011452747574936,0.23937613390680723
2021-01-21,224.6999969482422,226.3000030517578,222.4199981689453,224.97000122070312,30709400,219.34249877929688,216.63479919433593,218.3655050846601,60.17912185923775,0.6954849405162804,-0.18709383677499447
2021-01-22,227.0800018310547,230.07000732421875,225.8000030517578,225.9499969482422,30172700,219.44299850463867,216.78599914550782,219.0878376430965,61.29137137964637,1.2165242687076727,-0.01747673350830692
2021-01-25,229.1199951171875,229.77999877929688,224.22000122070312,229.52999877929688,33152100,219.86849822998047,217.15639923095702,220.0823291798775,65.12372231105088,1.896466631805481,0.09874489190559688
2021-01-26,231.86000061035156,234.17999267578125,230.0800018310547,232.3300018310547,49169600,220.3474983215332,217.47199920654296,221.2487741942753,67.8082164714572,2.630934918910583,0.48315189686324556
2021-01-27,238.0,240.44000244140625,230.13999938964844,232.8999938964844,69870600,220.74449768066407,217.82119903564453,222.35841416591427,68.34241792691552,3.221860323783204,0.4210121701213758
2021-01-28,235.61000061035156,242.63999938964844,235.08999633789065,238.92999267578125,49111200,221.4834976196289,218.26959899902343,223.93665973828254,73.37589547120342,4.129145255022962,-0.29711209006363193
2021-01-29,235.9900054931641,238.02000427246097,231.3500061035156,231.9600067138672,42503100,221.99749832153321,218.56419921875,224.70078802167154,61.25274926442452,4.236914964815696,-0.1345538288618482
2021-02-01,235.05999755859375,242.5,232.42999267578125,239.6499938964844,33314200,222.85899810791017,219.06799896240236,226.12452191451086,67.61100261550537,4.886512262385537,-0.21619364234608773
2021-02-02,241.3000030517578,242.30999755859375,238.69000244140625,239.5099945068359,25916300,223.94999771118165,219.63659881591798,227.39932882806562,67.39418001988884,5.328601222134864,-0.22206446500291166
2021-02-03,239.57000732421875,245.08999633789065,239.2599945068359,243.0,27158100,225.20499801635742,220.24819885253908,228.8851070349165,69.97881734287512,5.892647412593874,0.047915790448482154
2021-02-04,242.66000366210935,243.2400054931641,240.3699951171875,242.0099945068359,25296100,226.69299774169923,220.8805987548828,230.13509631795645,68.32428315310108,6.188436469338228,-0.06856149730651262
2021-02-05,242.22999572753903,243.27999877929688,240.4199981689453,242.1999969482422,18054800,227.88849792480468,221.52239868164062,231.28413447322177,68.47832005068663,6.36481342969924,-0.2862615185740094
2021-02-08,243.1499938964844,243.67999267578125,240.80999755859375,242.47000122070312,22211900,229.03099822998047,222.09459869384764,232.34945511583905,68.71117405812755,6.452005822888395,0.23024901965128386
2021-02-09,241.8699951171875,244.7599945068359,241.3800048828125,243.77000427246097,23565000,230.34499816894532,222.69259887695313,233.43712646408875,69.86541889113127,6.5504957667193935,0.06091779631638894
2021-02-10,245.0,245.9199981689453,240.88999938964844,242.82000732421875,22186700,231.7394989013672,223.2443991088867,234.3307341650535,67.89433665928995,6.477227495881408,-0.058489284956503296
2021-02-11,244.77999877929688,245.1499938964844,242.1499938964844,244.4900054931641,15751100,233.14699935913086,223.8527990722656,235.29828381534975,69.52215237617548,6.479228248777417,-0.2900656699734525
2021-02-12,243.92999267578125,245.3000030517578,242.72999572753903,244.9900054931641,16561100,234.74549942016603,224.42839904785157,236.22130492752254,70.01238722133547,6.446844471145738,0.051424979842677576
2021-02-16,245.02999877929688,246.1300048828125,242.9199981689453,243.6999969482422,26728500,236.2979995727539,224.99499908447265,236.93356131044823,67.0172696174611,6.2450975879802115,0.613932649401308
2021-02-17,241.32000732421875,244.30999755859375,240.94000244140625,244.1999969482422,21653500,237.6859992980957,225.59419891357422,237.62560279976194,67.59589977004424,6.055750627232527,-0.18987223375797369
2021-02-18,241.8000030517578,243.92999267578125,240.86000061035156,243.7899932861328,16925600,238.65849914550782,226.18279876708985,238.21268760798773,66.56465781133099,5.805683620811976,-0.21834345486872797
2021-02-19,243.75,243.86000061035156,240.17999267578125,240.97000122070312,25262600,239.4584991455078,226.71639892578125,238.4752889044368,59.80642849692896,5.318643908330699,0.49256747175875604
2021-02-22,237.4199981689453,237.92999267578125,232.3999938964844,234.5099945068359,36446900,239.8864990234375,227.08639892578125,238.09764181895102,47.827087640795355,4.361120590513167,0.4427216517698098
2021-02-23,230.3300018310547,234.8300018310547,228.72999572753903,233.27000427246097,30228700,240.0734992980957,227.51579895019532,237.6378668145234,45.92553119569389,3.462308279047704,-0.1706098461048814
2021-02-24,230.0099945068359,235.1999969482422,229.0,234.5500030517578,26339700,240.18449935913085,227.99639892578125,237.34378455140285,48.21439682926822,2.82076225925033,-0.1286525718935978
2021-02-25,232.0800018310547,234.58999633789065,227.8800048828125,228.9900054931641,39542200,239.98899993896484,228.31099914550782,236.5481865458563,40.245547657004785,1.8424484811252455,0.5012395737233151
2021-02-26,231.52999877929688,235.3699951171875,229.5399932861328,232.3800048828125,37819200,239.6615005493164,228.6745993041992,236.15121686366166,46.09551537560176,1.3253940651744074,-0.043573701008037036
2021-03-01,235.8999938964844,237.47000122070312,233.1499938964844,236.94000244140625,25324000,239.91050033569337,229.1307992553711,236.22633929963735,52.7906713246357,1.2689507346714208,-0.33039302788001856
2021-03-02,237.0099945068359,237.3000030517578,233.4499969482422,233.8699951171875,22812500,239.62150039672852,229.42259918212892,236.00192556797546,48.429480455965574,0.965366905881865,-0.09917469594060968
2021-03-03,232.16000366210935,233.5800018310547,227.2599945068359,227.55999755859375,34029500,239.0240005493164,229.58539916992189,235.19793242422483,40.942645296991174,0.21315336690386744,0.4917041095890411
2021-03-04,226.7400054931641,232.4900054931641,224.2599945068359,226.72999572753903,44727800,238.21050033569335,229.74819915771485,234.3914622626357,40.065258780509886,-0.4448277953642332,0.31438310877327025
2021-03-05,229.52000427246097,233.27000427246097,226.4600067138672,231.6000061035156,41872800,237.69000091552735,229.92839935302734,234.12560929510047,47.21312664175349,-0.5667799831560387,-0.06383054833906432
2021-03-08,231.3699951171875,233.3699951171875,227.1300048828125,227.38999938964844,35267400,236.94950103759766,229.9973992919922,233.4841226374384,42.49496376325683,-0.9917085293053276,-0.15774918324067178
2021-03-09,232.8800048828125,235.3800048828125,231.6699981689453,233.77999877929688,33080500,236.51500091552734,230.2525991821289,233.5123013176154,50.569344890129706,-0.8035846921648044,-0.06200910756109046
2021-03-10,237.0,237.0,232.0399932861328,232.4199981689453,29746800,235.94750061035157,230.4459991455078,233.40827244631348,48.99261621801169,-0.7555266383401431,-0.10077538126690955
2021-03-11,234.9600067138672,239.1699981689453,234.30999755859375,237.1300048828125,29907600,235.66300048828126,230.68939910888673,233.76272315455148,54.30627110811008,-0.333537295481392,0.005405623462019449
2021-03-12,234.0099945068359,235.82000732421875,233.22999572753903,235.75,22653700,235.22600021362305,230.92139923095704,233.95198761602276,52.578014377534714,-0.1092037292439727,-0.24254370126656766
2021-03-15,234.9600067138672,235.19000244140625,231.80999755859375,234.80999755859375,26034900,234.71699981689454,231.18399932861328,234.03370284864857,51.37858831149057,-0.007185275475052322,0.14925597143071556
2021-03-16,236.27999877929688,240.05999755859375,235.94000244140625,237.7100067138672,28092200,234.4175003051758,231.48979949951172,234.38382702628843,54.80408502818074,0.30416535767596997,0.079020852778386
2021-03-17,236.1499938964844,238.5500030517578,233.22999572753903,237.0399932861328,29562100,234.05950012207032,231.87679931640625,234.6367952415117,53.8599571622721,0.4911864024317083,0.052324132677397994
2021-03-18,232.55999755859375,234.19000244140625,230.3300018310547,230.72000122070312,34833000,233.40600051879883,232.13319946289062,234.26376723952993,45.838299993973884,0.12795638495612138,0.1782992412582327
2021-03-19,231.02000427246097,232.47000122070312,229.3500061035156,230.3500061035156,46430700,232.87500076293946,232.49519958496094,233.89102808371905,45.41188568234407,-0.18759900999216939,0.33295151149771773
2021-03-22,230.27000427246097,236.8999938964844,230.13999938964844,235.9900054931641,30127000,232.94900131225586,232.84919982910156,234.09093069414237,52.64372186796507,0.017223341401972903,-0.3511405169424541
2021-03-23,237.4900054931641,241.0500030517578,237.07000732421875,237.5800018310547,31638400,233.16450119018555,233.2083999633789,234.42322318337213,54.474788750191124,0.30433773094245,0.05016762372622563
2021-03-24,237.8500061035156,238.0,235.32000732421875,235.4600067138672,25620100,233.21000137329102,233.56779998779297,234.5219644719907,51.60942922966517,0.35670024638011455,-0.19022137655507232
2021-03-25,235.3000030517578,236.94000244140625,231.57000732421875,232.33999633789065,34061900,233.37750091552735,233.91600006103516,234.3141579830288,47.638032752830874,0.14477033251256444,0.329499104218953
2021-03-26,231.5500030517578,236.7100067138672,231.5500030517578,236.47999572753903,25479900,233.58250045776367,234.31880004882814,234.5204282444107,52.82544673662678,0.30733493441150017,-0.2519530619254945
2021-03-29,236.58999633789065,236.8000030517578,231.8800048828125,235.2400054931641,25227500,233.49750061035155,234.7632000732422,234.58895941095867,51.18968486527107,0.33228137094158683,-0.009905847354188979
2021-03-30,233.52999877929688,233.8500061035156,231.1000061035156,231.8500061035156,24792000,233.39650115966796,235.1472003173828,234.3281067150117,46.9127392027838,0.07761231581866923,-0.017262907541373496
2021-03-31,232.91000366210935,239.1000061035156,232.38999938964844,235.77000427246097,43623500,233.80700149536133,235.53380035400392,234.46543029191164,51.91568333184542,0.18990721413317146,0.759579703130042
2021-04-01,238.47000122070312,242.83999633789065,238.0500030517578,242.3500061035156,30338000,234.58800201416017,235.89400054931642,235.21634227396916,58.914832250295866,0.8006237937613321,-0.3045491535525576
2021-04-05,242.7599945068359,249.9600067138672,242.6999969482422,249.07000732421875,36910600,235.4615020751953,236.37600067138672,236.5357389454215,64.58456273076158,1.8060500000359525,0.21664579075746593
2021-04-06,247.61000061035156,249.3999938964844,246.8800048828125,247.86000061035156,22931900,236.48500213623046,236.81420074462892,237.61424005636724,62.90134463720499,2.4766705662384823,-0.3787177667120014
2021-04-07,247.80999755859375,250.92999267578125,247.19000244140625,249.8999938964844,22719800,237.29100189208984,237.22160064697266,238.7843118506641,64.57750827992018,3.136595880917895,-0.009249124581914292
2021-04-08,252.77000427246097,254.13999938964844,252.0,253.25,23625200,238.33250198364257,237.64000061035156,240.16199643631512,67.19843207899044,3.8851236555948105,0.03985070291111725
2021-04-09,252.8699951171875,255.9900054931641,252.44000244140625,255.8500061035156,24326800,239.26850204467775,238.09900085449217,241.6560925950961,69.10882693511968,4.634710021156678,0.029697103093307087
2021-04-12,254.7100067138672,257.6700134277344,254.6199951171875,255.91000366210935,27148700,240.2765022277832,238.43860107421875,243.01360793481166,69.15347254001075,5.173961708009955,0.11599963825903936
2021-04-13,257.260009765625,259.19000244140625,256.8299865722656,258.489990234375,23837500,241.46050186157225,238.9692007446289,244.48754910619866,71.08848477183491,5.74330071392464,-0.12196532430650453
2021-04-14,257.4800109863281,258.8299865722656,255.16000366210935,255.58999633789065,23070900,242.35450134277343,239.28800079345703,245.54492503302646,66.07135892262897,5.892574772811486,-0.03215941269008915
2021-04-15,257.92999267578125,259.92999267578125,257.7300109863281,259.5,25627500,243.4775016784668,239.68780090332032,246.87397979178584,69.22504148872615,6.254284657830567,0.1108149226948234
2021-04-16,259.4700012207031,261.0,257.6000061035156,260.739990234375,24878600,244.9785011291504,240.04260070800783,248.19455221488957,70.17193761238687,6.565318294045454,-0.02922251487659744
2021-04-19,260.19000244140625,261.4800109863281,257.82000732421875,258.739990234375,23209300,246.39800033569335,240.3772006225586,249.19887964531677,66.61191158075155,6.574643014224677,-0.06709782704814582
2021-04-20,257.82000732421875,260.20001220703125,256.8399963378906,258.260009765625,19722900,247.5115005493164,240.69840087890626,250.06184441867944,65.74980212519276,6.468734959715789,-0.15021564631419304
2021-04-21,258.94000244140625,260.67999267578125,257.25,260.5799865722656,24030400,248.66149978637696,241.0606005859375,251.0635722428305,67.91154520266264,6.497110161303084,0.2184009450942812
2021-04-22,260.2099914550781,261.7799987792969,255.63999938964844,257.1700134277344,25606200,249.74700012207032,241.32860076904296,251.64513806996422,61.743026256562864,6.1732796534524255,0.0655752713229909
2021-04-23,257.8800048828125,261.510009765625,257.2699890136719,261.1499938964844,21462600,251.1875,241.69520050048828,252.5503624343947,65.66325233391021,6.166706846763702,-0.16182018417414534
2021-04-26,261.6600036621094,262.44000244140625,260.1700134277344,261.54998779296875,19763300,252.44099960327148,242.03640014648437,253.40746961140178,66.0398925266294,6.12318969541073,-0.07917493686692201
2021-04-27,261.5799865722656,263.19000244140625,260.1199951171875,261.9700012207031,31014200,253.77749938964843,242.37600006103514,254.22294881228763,66.45597287164564,6.052820466273573,0.5692824578891178
2021-04-28,256.0799865722656,256.5400085449219,252.9499969482422,254.55999755859375,46903100,254.91299896240236,242.5932000732422,254.2550486928882,53.90735019666255,5.337598465085904,0.5123104900335975
2021-04-29,255.4600067138672,256.1000061035156,249.0,252.5099945068359,40589000,255.7499984741211,242.75940002441405,254.0888530561213,51.03616728144721,4.552879007432978,-0.13462009973754396
2021-04-30,249.7400054931641,253.0800018310547,249.6000061035156,252.17999267578125,30945100,256.2414978027344,242.92720001220704,253.90705682942226,50.56924364433289,3.859860722094453,-0.2375988568331321
2021-05-03,253.3999938964844,254.3500061035156,251.1199951171875,251.86000061035156,19626600,256.380997467041,243.145,253.71209909427267,50.09068810385544,3.2473842286799197,-0.36576065354450304
2021-05-04,250.97000122070312,251.2100067138672,245.7599945068359,247.7899932861328,32756100,256.37749710083006,243.41059997558594,253.14808901730697,44.342784029834604,2.405843551523702,0.6689645684937788
2021-05-05,249.05999755859375,249.5,245.82000732421875,246.47000122070312,21901300,256.205997467041,243.67459991455078,252.51208065572564,42.63406721668198,1.6138012772898094,-0.3313825516468688
2021-05-06,246.4499969482422,249.86000061035156,244.69000244140625,249.72999572753903,26491100,256.02999725341795,243.97819976806642,252.24712018637453,47.96688999781233,1.2349209800474341,0.20956746859775444
2021-05-07,252.1499938964844,254.3000030517578,251.1699981689453,252.4600067138672,27032900,255.86049728393556,244.44759979248047,252.26739509375477,51.99175340551823,1.1417829229401661,0.02045215185477378
2021-05-10,250.8699951171875,251.72999572753903,247.1199951171875,247.17999267578125,29299900,255.42399673461915,244.74359954833983,251.78288057775728,44.77756899746557,0.6346020384311544,0.08386077705314632
2021-05-11,244.5500030517578,246.6000061035156,242.57000732421875,246.22999572753903,33641600,254.81099700927734,244.9293994140625,251.25403440154602,43.60520381385423,0.15422293317621438,0.14818139311055667
2021-05-12,242.1699981689453,244.3800048828125,238.07000732421875,239.0,36684400,253.98149719238282,245.03199951171874,250.0869835061607,35.901267320314275,-0.8006517849118495,0.09044754113954157
2021-05-13,241.8000030517578,245.6000061035156,241.4199981689453,243.02999877929688,29624300,253.15799713134766,245.34139953613283,249.41488972264986,42.04736064656034,-1.2181673818185743,-0.19245510353174644
2021-05-14,245.5800018310547,249.17999267578125,245.4900054931641,248.1499938964844,23901100,252.52849731445312,245.76979949951172,249.29442345349125,48.768406898751074,-1.1229658329320387,-0.1931927505460045
2021-05-17,246.5500030517578,246.58999633789065,243.52000427246097,245.17999267578125,24970200,251.85049743652343,246.04139923095704,248.90257290323316,45.4738490027853,-1.2725035677017047,0.04473015886298115
2021-05-18,246.27000427246097,246.41000366210935,242.8999938964844,243.0800018310547,20168000,251.09149703979492,246.35519927978515,248.34804232493045,43.24909958329856,-1.542681933636743,-0.192317242152646
2021-05-19,239.30999755859375,243.22999572753903,238.6000061035156,243.1199951171875,25739800,250.218497467041,246.54199920654298,247.85013306705017,43.305986312411875,-1.7335893720580486,0.2762693375644585
2021-05-20,243.9600067138672,247.9499969482422,243.86000061035156,246.47999572753903,21800700,249.68399658203126,246.82319915771484,247.71964379662055,48.02020493455484,-1.5953704859833238,-0.1530353771202574
2021-05-21,247.57000732421875,248.3300018310547,244.7400054931641,245.1699981689453,21863100,248.8849967956543,246.9839990234375,247.4768204035086,46.4002293993172,-1.5733997054310294,0.002862293412596806
2021-05-24,247.7899932861328,251.16000366210935,247.5099945068359,250.77999877929688,21411500,248.34649734497071,247.28459899902344,247.79140882025035,53.616676267221955,-1.0907342337402781,-0.020655808188225877
2021-05-25,251.77000427246097,252.75,250.82000732421875,251.72000122070312,17704300,247.8339973449707,247.62279907226562,248.16556047743634,54.716816864858785,-0.6251615556511467,-0.17314060201293702
2021-05-26,251.42999267578125,252.94000244140625,250.75,251.4900054931641,17771600,247.6804977416992,247.89839904785157,248.48217428845803,54.37697502994129,-0.2716195262322856,0.0038013363985021087
2021-05-27,251.1699981689453,251.47999572753903,249.25,249.30999755859375,24426200,247.5204978942871,248.14379913330077,248.56101459989952,51.13508704954667,-0.16543629538571736,0.3744513718517184
2021-05-28,251.0,252.0800018310547,249.55999755859375,249.67999267578125,18270200,247.3954978942871,248.52299896240234,248.66758394045968,51.66182644196055,-0.050843711495105026,-0.25202446553291136
2021-06-01,251.22999572753903,251.2899932861328,246.9600067138672,247.3999938964844,23213300,247.17249755859376,248.8639987182617,248.5468610791287,48.212890385754015,-0.14236402603759757,0.27055533053825354
2021-06-02,248.1300048828125,249.27000427246097,245.83999633789065,247.3000030517578,19406700,247.147998046875,249.0901986694336,248.42811269556955,48.061352340980996,-0.22042207175661588,-0.16398357837963584
2021-06-03,245.22000122070312,246.33999633789065,243.0,245.7100067138672,25307700,247.1099983215332,249.25279876708984,248.16924545921694,45.606604855292154,-0.4059040425447904,0.3040702437817866
2021-06-04,247.7599945068359,251.6499938964844,247.5099945068359,250.7899932861328,25281100,247.1629981994629,249.55939849853516,248.41884049035178,53.73674682466666,-0.14135789375029617,-0.0010510635103150312
2021-06-07,249.97999572753903,254.08999633789065,249.80999755859375,253.80999755859375,23079200,247.23049774169922,249.98879852294922,248.93228402066055,57.77718802919222,0.30843054534486214,-0.08709668487526256
2021-06-08,255.16000366210935,256.010009765625,252.5099945068359,252.57000732421875,22455000,247.4999984741211,250.31059875488282,249.27873385909467,55.62891915741428,0.558397417160478,-0.027045998128184645
2021-06-09,253.80999755859375,255.52999877929688,253.2100067138672,253.58999633789065,17937600,247.86799850463868,250.67759857177734,249.68933028564666,57.043800429891775,0.8292435495350219,-0.20117568470273883
2021-06-10,254.2899932861328,257.4599914550781,253.6699981689453,257.239990234375,24563600,248.7799980163574,251.18539825439453,250.40844075695412,61.744815262942495,1.323162470635964,0.36939166889661945
2021-06-11,257.989990234375,258.489990234375,256.6099853515625,257.8900146484375,18999700,249.52299880981445,251.62779846191407,251.12097160376206,62.53124024584341,1.7469110091372784,-0.2265099578237718
2021-06-14,257.8999938964844,259.95001220703125,256.79998779296875,259.8900146484375,19150500,250.1099998474121,251.9785986328125,251.9561185603978,64.92071651975608,2.218544069112511,0.007936967425801411
2021-06-15,259.7699890136719,259.989990234375,257.67999267578125,258.3599853515625,18038900,250.76899948120118,252.16439819335938,252.56601063574684,61.68006266199328,2.440720977671589,-0.05804548184120517
2021-06-16,259.3999938964844,260.5799865722656,254.4199981689453,257.3800048828125,27220000,251.48399963378907,252.3547982788086,253.0244862783245,59.627034492212296,2.508801640970944,0.5089611894295107
2021-06-17,256.07000732421875,261.75,256.010009765625,260.8999938964844,27565500,252.3729995727539,252.5747982788086,253.77453462291115,64.23225315869504,2.8143477042935956,0.012692872887582585
2021-06-18,259.6300048828125,262.29998779296875,258.75,259.42999267578125,37202200,253.020499420166,252.69839813232423,254.31314967556546,61.097906649957935,2.9043982524898126,0.34959278808655747
2021-06-21,259.82000732421875,263.5199890136719,257.9200134277344,262.6300048828125,26696100,253.89349975585938,252.83399810791016,255.1052311238747,65.09133349161544,3.1971237497572247,-0.28240534161958164
2021-06-22,262.7200012207031,265.7900085449219,262.3999938964844,265.510009765625,24694100,254.63000030517577,253.02599822998047,256.096162423089,68.25025791201898,3.6197766086411605,-0.0749922273290855
2021-06-23,265.989990234375,266.8299865722656,264.42999267578125,265.2699890136719,19518700,255.30749969482423,253.1615982055664,256.9698601936207,67.70041634739187,3.8905169183387045,-0.20958042609368233
2021-06-24,266.1600036621094,267.8500061035156,265.4700012207031,266.69000244140625,21446900,256.0674995422363,253.38359832763672,257.89558802674316,69.27737370770643,4.17157644389431,0.09878731677826913
2021-06-25,266.2300109863281,267.25,264.760009765625,265.0199890136719,25611100,256.8529991149902,253.49399810791016,258.57410240645066,65.24306107006181,4.211019998810684,0.19416325902578002
2021-06-28,266.19000244140625,268.8999938964844,265.9100036621094,268.7200012207031,19590000,257.8049995422363,253.65359832763673,259.5403784839985,69.48324215235805,4.48909190594361,-0.2350972820378664
2021-06-29,268.8699951171875,271.6499938964844,267.9800109863281,271.3999938964844,19937800,259.0049995422363,253.9067984008789,260.66986566614,72.13490634438946,4.869585358250276,0.017753956100051038
2021-06-30,270.69000244140625,271.3599853515625,269.6000061035156,270.8999938964844,21656500,260.1849990844727,254.1595980834961,261.6441635928395,70.89716448402194,5.072312873781129,0.08620309161492234
2021-07-01,269.6099853515625,271.8399963378906,269.6000061035156,271.6000061035156,16725300,261.47949905395507,254.3799984741211,262.59233907004676,71.6310826890927,5.2291822671507475,-0.22770069032392126
2021-07-02,272.82000732421875,278.0,272.5,277.6499938964844,26458000,262.82249908447267,254.7895980834961,264.0264014344694,77.02396565937828,5.775113926156905,0.5819148236503979
2021-07-06,278.0299987792969,279.3699951171875,274.29998779296875,277.6600036621094,31565600,264.01499938964844,255.1197982788086,265.3248397418637,77.03174531411702,6.137823396127203,0.19304558167661945
2021-07-07,279.3999938964844,280.69000244140625,277.1499938964844,279.92999267578125,23260000,265.38299865722655,255.48739837646485,266.71580668795104,78.78599888413613,6.533132521597679,-0.26312187951440813
2021-07-08,276.8999938964844,278.7300109863281,274.8699951171875,277.4200134277344,24618600,266.5744995117187,255.79639862060546,267.7352549488828,72.21789160298549,6.568169730921511,0.058409286328460874
2021-07-09,275.7200012207031,278.04998779296875,275.32000732421875,277.94000244140625,23916700,267.6095001220703,256.26399871826175,268.7071356624565,72.72518788605456,6.562250203922019,-0.028510963255424793
2021-07-12,279.1600036621094,279.7699890136719,276.5799865722656,277.32000732421875,18931700,268.58099975585935,256.76019897460935,269.5274091540529,71.0591110227019,6.4333706198143545,-0.2084317652518951
2021-07-13,277.5199890136719,282.8500061035156,277.3900146484375,280.9800109863281,26120100,269.63549957275393,257.3361993408203,270.61813313807914,74.73828959912777,6.551047925883324,0.37970177004706396
2021-07-14,282.3500061035156,283.6600036621094,280.54998779296875,282.510009765625,23113700,270.843000793457,257.94919952392576,271.75069281689304,76.10578541995191,6.690640613307039,-0.11509909992687628
2021-07-15,282.0,282.510009765625,279.8299865722656,281.0299987792969,22604200,272.02550048828124,258.61399963378904,272.63443624188386,72.0430912280896,6.605697932313092,-0.022043203814188117
2021-07-16,282.07000732421875,284.1000061035156,279.4599914550781,280.75,26186800,273.018000793457,259.299599609375,273.4073470759902,71.26797511915238,6.441532704897384,0.1584926695038975
2021-07-19,278.92999267578125,280.3699951171875,274.45001220703125,277.010009765625,32935600,273.8970016479492,259.8451998901367,273.75045780833636,61.71641853784797,5.941158645292262,0.25771762872897797
2021-07-20,278.0299987792969,280.9700012207031,276.260009765625,279.32000732421875,26259700,274.7315017700195,260.38239990234376,274.2808910955633,64.84993248841938,5.66569548480237,-0.20269556346324347
2021-07-21,278.8999938964844,281.5199890136719,277.2900085449219,281.3999938964844,24364300,275.5260009765625,261.0667999267578,274.9589008861272,67.43462481079465,5.551235293775278,-0.07217904241099482
2021-07-22,283.8399963378906,286.4200134277344,283.4200134277344,286.1400146484375,23384100,276.56950225830076,261.8650003051758,276.0237688634901,72.41303821856575,5.776417878809923,-0.0402309937080072
2021-07-23,287.3699951171875,289.989990234375,286.5,289.6700134277344,22768100,277.7185028076172,262.87840057373046,277.32341120294194,75.42597588732995,6.168610201287379,-0.02634268584208932
2021-07-26,289.0,289.69000244140625,286.6400146484375,289.04998779296875,23176100,278.92000274658204,263.7988003540039,278.44022802103973,73.89930163232884,6.3561251018649045,0.017919808855372255
2021-07-27,289.42999267578125,289.5799865722656,282.95001220703125,286.5400085449219,33604100,279.81100311279295,264.56660064697263,279.2116356899809,67.90710788403885,6.2303777466114525,0.4499462808669277
2021-07-28,288.989990234375,290.1499938964844,283.8299865722656,286.2200012207031,33566900,280.55200347900393,265.3874008178711,279.8790990738592,67.15940880054467,6.035328633337201,-0.0011070077758368324
2021-07-29,286.239990234375,288.6199951171875,286.0799865722656,286.5,18168300,281.3320037841797,266.25580078125,280.509661066825,67.4966346414364,5.836069787572399,-0.4587435837089514
2021-07-30,285.1700134277344,286.6600036621094,283.9100036621094,284.9100036621094,20944800,281.99750366210935,267.09160095214844,280.9287413139949,63.508529442789374,5.4866100747617,0.15282112250458213
2021-08-02,286.3599853515625,286.7699890136719,283.739990234375,284.82000732421875,16267400,282.3560043334961,267.858401184082,281.29933807687337,63.28061671136339,5.143112186491237,-0.22332034681639357
2021-08-03,285.4200134277344,287.2300109863281,284.0,287.1199951171875,17879000,282.82900390625,268.69740112304686,281.8536863664271,66.58135259293721,4.9988537539635445,0.09906930425267713
2021-08-04,286.2200012207031,287.5899963378906,284.6499938964844,286.510009765625,16191300,283.1580047607422,269.41200134277346,282.29714573777926,64.9147302089109,4.780203971044102,-0.09439565971251185
2021-08-05,286.8800048828125,289.6300048828125,286.1000061035156,289.5199890136719,13900200,283.76300354003905,270.1680010986328,282.98503557357856,69.03381791255921,4.794534206822732,-0.14150191769654075
2021-08-06,288.510009765625,289.5,287.6199951171875,289.4599914550781,16589300,284.33900299072263,270.9274008178711,283.6016980384833,68.86027784992001,4.74633690303699,0.19345764809139432
2021-08-09,289.75,291.54998779296875,287.80999755859375,288.3299865722656,16117600,284.889501953125,271.70780059814456,284.0520112321768,65.51955665684056,4.56434333360113,-0.0284339905842923
2021-08-10,288.79998779296875,289.25,285.20001220703125,286.44000244140625,18616600,285.1625015258789,272.44300079345703,284.27943896638914,60.25427232779561,4.2189725056999805,0.1550478979500669
2021-08-11,287.2099914550781,288.6600036621094,285.8599853515625,286.95001220703125,13955900,285.3845016479492,273.23400115966797,284.53377927502174,61.16130008954569,3.9409879066739677,-0.25035183653298665
2021-08-12,286.6300048828125,289.9700012207031,286.3399963378906,289.80999755859375,14561300,285.82350158691406,274.0842010498047,285.03627625440953,65.86557524403356,3.906429141673698,0.04337950257597156
2021-08-13,289.4800109863281,292.8999938964844,289.29998779296875,292.8500061035156,18249000,286.42850189208986,275.02700103759764,285.7804410019434,70.02205415755725,4.077343279326271,0.2532534869826184
2021-08-16,293.19000244140625,294.82000732421875,290.0199890136719,294.6000061035156,22507600,287.30800170898436,275.9032012939453,286.6203995830455,72.12620568604225,4.304386056355156,0.23336073209490937
2021-08-17,292.3900146484375,293.42999267578125,291.0799865722656,293.0799865722656,20075300,287.9960006713867,276.68860107421875,287.23559834392364,67.682480325722,4.31196062211734,-0.10806572002345871
2021-08-18,292.0400085449219,294.82000732421875,290.2699890136719,290.7300109863281,21813000,288.4625015258789,277.4518011474609,287.56839954796214,61.385678177703035,4.081293518669725,0.08655910496978869
2021-08-19,288.69000244140625,297.4700012207031,288.6400146484375,296.7699890136719,29850500,288.99400024414064,278.3154010009766,288.4447414018393,69.2931223167957,4.335882570643662,0.3684729289873012
2021-08-20,299.7200012207031,305.8399963378906,298.05999755859375,304.3599853515625,40817600,289.728498840332,279.2578009033203,289.96047892086057,75.95628219407948,5.091404953752431,0.36740088105726865
2021-08-23,303.25,305.3999938964844,301.8500061035156,304.6499938964844,22830200,290.5084991455078,280.19300048828126,291.35948034711043,76.16906647471778,5.648451320697575,-0.44067755086041316
2021-08-24,305.0199890136719,305.6499938964844,302.0,302.6199951171875,18175800,291.31249847412107,281.04760009765624,292.43191032521304,71.40542782015885,5.858576619292421,-0.20387031213042373
2021-08-25,304.29998779296875,304.5899963378906,300.4200134277344,302.010009765625,20006100,292.1019989013672,281.9206005859375,293.34411027191896,69.98898775518495,5.9077804961946185,0.10069983164427421
2021-08-26,300.989990234375,302.42999267578125,298.95001220703125,299.0899963378906,17666100,292.7314987182617,282.7548004150391,293.8913375162972,63.49574382403276,5.646069864248091,-0.11696432588060646
2021-08-27,298.989990234375,300.8699951171875,296.8299865722656,299.7200012207031,22605700,293.4719985961914,283.53120056152346,294.4464483452882,64.2660385436287,5.426940045092692,0.27960896858955864
2021-08-30,301.1199951171875,304.2200012207031,301.05999755859375,303.5899963378906,16348100,294.410498046875,284.4144006347656,295.3172624398218,68.64323335949729,5.502129226953514,-0.27681513954445114
2021-08-31,304.4200134277344,304.5,301.5,301.8800048828125,26285300,295.14849853515625,285.19940063476565,295.9422855296304,64.86249545559178,5.361926227984043,0.6078504535695279
2021-09-01,302.8699951171875,305.19000244140625,301.489990234375,301.8299865722656,18983800,295.9144973754883,285.9258001708984,296.50301896226233,64.75015416529854,5.186985936463088,-0.27777883455771857
2021-09-02,302.20001220703125,303.3599853515625,300.17999267578125,301.1499938964844,16285600,296.4959976196289,286.6434002685547,296.9455880036168,63.14885982848342,4.936569073682506,-0.14213171230206811
2021-09-03,300.989990234375,302.6000061035156,300.260009765625,301.1400146484375,14747900,297.0799987792969,287.3324005126953,297.3450572078855,63.12418782427412,4.6833202631278255,-0.09442083804096868
2021-09-07,301.010009765625,301.0899963378906,298.20001220703125,300.17999267578125,17180400,297.67249908447263,288.0356005859375,297.6150510619708,60.66851599870785,4.3549518323887355,0.16493873704052775
2021-09-08,299.7799987792969,300.6099853515625,297.4700012207031,300.2099914550781,15046800,298.3609985351562,288.665400390625,297.8621882422667,60.719938568412125,4.050447103150816,-0.12418802821820218
2021-09-09,300.82000732421875,302.1400146484375,297.0,297.25,19927000,298.87599792480466,289.1824005126953,297.8038846001461,53.3133087813607,3.5295914060134805,0.32433474227078185
2021-09-10,298.4200134277344,299.9200134277344,295.3800048828125,295.7099914550781,19633400,299.1709976196289,289.6786004638672,297.6044662053777,49.9027087584362,2.958440632239615,-0.014733778290761279
2021-09-13,297.54998779296875,298.5400085449219,294.0799865722656,296.989990234375,23652900,299.37799682617185,290.1864001464844,297.54594468432987,52.61600926947572,2.5793515738451447,0.20472765797060122
2021-09-14,299.55999755859375,301.3900146484375,298.1000061035156,299.7900085449219,21853400,299.6374969482422,290.62920043945314,297.7596650520053,57.9776749372594,2.4763134409147938,-0.07607946594286541
2021-09-15,303.260009765625,305.32000732421875,301.82000732421875,304.82000732421875,28356300,300.22449798583983,291.17240051269533,298.43207860173993,65.52458663673757,2.7686189266720476,0.2975692569577275
2021-09-16,303.760009765625,305.30999755859375,300.760009765625,305.2200012207031,19550800,300.9489974975586,291.67820068359373,299.07854742259354,66.04679063229537,2.9979903283191334,-0.31053064045732337
2021-09-17,304.1700134277344,304.5,299.5299987792969,299.8699951171875,41372500,301.1039978027344,292.1272003173828,299.1539233935072,54.2175650481441,2.71675102131411,1.1161538146776602
2021-09-20,296.3299865722656,298.7200012207031,289.5199890136719,294.29998779296875,38278700,300.6009979248047,292.45440002441404,298.69164381250357,45.150732979510984,2.0211156407164594,-0.07477914073357905
2021-09-21,295.69000244140625,297.5400085449219,294.07000732421875,294.79998779296875,22364100,300.1084976196289,292.8039996337891,298.3210099058812,46.02334353749898,1.4929555489010795,-0.4157560209724991
2021-09-22,296.7300109863281,300.2200012207031,294.510009765625,298.5799865722656,26626300,299.9064971923828,293.1559991455078,298.3456743502988,52.21298984485938,1.3636795328767448,0.19058222776682276
2021-09-23,298.8500061035156,300.8999938964844,297.5299987792969,299.55999755859375,18604600,299.78399658203125,293.4969989013672,298.4613241796602,53.69553090795451,1.325031912019142,-0.3012697971554441
2021-09-24,298.2300109863281,299.79998779296875,296.92999267578125,299.3500061035156,14999000,299.7969970703125,293.86339904785154,298.5459605533607,53.31385711784994,1.262900903112893,-0.19380153295421565
2021-09-27,296.1400146484375,296.4700012207031,292.94000244140625,294.1700134277344,23571700,299.5194976806641,294.1317993164063,298.12920368425347,44.8457278335088,0.7866119401967921,0.5715514367624508
2021-09-28,289.79998779296875,290.7799987792969,282.75,283.5199890136719,43186200,298.5159973144531,294.2619989013672,296.73784990610284,33.17765355740367,-0.44508776395269933,0.8321207210341215
2021-09-29,285.1000061035156,286.7699890136719,283.010009765625,284.0,26353700,297.6219970703125,294.3555987548828,295.5247213436169,34.011017674000854,-1.3667309547449804,-0.38976571219509937
2021-09-30,285.7099914550781,287.8299865722656,281.6199951171875,281.9200134277344,32343600,296.6264984130859,294.3659991455078,294.2290348754376,32.140508447246475,-2.2391656489681964,0.22728876780110574
2021-10-01,282.1199951171875,289.9800109863281,281.2900085449219,289.1000061035156,30086300,296.0239990234375,294.4251989746094,293.74055594477835,43.65938148530712,-2.324416598807602,-0.06979124154392213
2021-10-04,287.3999938964844,287.75,280.25,283.1099853515625,31350700,295.12249755859375,294.29399841308594,292.7281206501864,37.882112496145346,-2.8425559887372174,0.04202577252769535
2021-10-05,284.04998779296875,290.3999938964844,284.04998779296875,288.760009765625,24993000,294.55149841308594,294.28819885253904,292.3502053278472,45.2424196726076,-2.7653976544977468,-0.20279292009428818
2021-10-06,285.7799987792969,293.6300048828125,285.510009765625,293.1099853515625,28002600,294.19649810791014,294.4195983886719,292.42256533010584,50.140730614948374,-2.32642486549463,0.12041771696074899
2021-10-07,295.17999267578125,296.6400146484375,293.9200134277344,294.8500061035156,20430500,294.0764984130859,294.59219848632813,292.65375016566867,51.99076245142571,-1.8171832771968184,-0.2704070336325912
2021-10-08,296.2200012207031,296.6400146484375,293.760009765625,294.8500061035156,17685700,294.0334991455078,294.75919860839844,292.86291739784457,51.99076245142571,-1.397496183491171,-0.13434815594332006
2021-10-11,292.9200134277344,297.9700012207031,292.75,294.2300109863281,19298600,293.89550018310547,294.94559875488284,292.993116787224,51.20560990548302,-1.1022139264491102,0.09119797350401737
2021-10-12,295.3399963378906,295.44000244140625,292.3500061035156,292.8800048828125,17974100,293.55,295.1067987060547,292.98234422489907,49.454295879753595,-0.9659993808823515,-0.06863192148653274
2021-10-13,294.9100036621094,297.2799987792969,293.489990234375,296.30999755859375,23416300,293.12449951171874,295.2905987548828,293.29926359001286,53.77965170345391,-0.5746523937704637,0.3027801113824893
2021-10-14,299.2099914550781,303.2699890136719,297.8299865722656,302.75,27262900,293.0009994506836,295.61539855957034,294.19933372429733,60.59738699993303,0.2522396272842684,0.16427018786059278
2021-10-15,302.3399963378906,304.45001220703125,300.5199890136719,304.2099914550781,25384800,293.21799926757814,295.9091986083984,295.1527296986574,61.9670566225714,1.013681530484007,-0.06888848948571136
2021-10-18,303.57000732421875,308.2099914550781,302.69000244140625,307.2900085449219,22729300,293.8675003051758,296.2657989501953,296.30866101734927,64.75079028284104,1.8444002648818127,-0.10460984526173145
2021-10-19,308.3500061035156,309.29998779296875,307.2200012207031,308.2300109863281,17682100,294.53900146484375,296.6637994384766,297.4440276810615,65.5788351062763,2.5492154194665204,-0.22205699251626754
2021-10-20,309.2099914550781,309.70001220703125,306.1099853515625,307.4100036621094,16537100,294.9805023193359,297.0831994628906,298.3931682506851,64.16284088888196,3.0069564472580055,-0.0647547519808167
2021-10-21,307.1700134277344,311.0199890136719,306.3599853515625,310.760009765625,16918100,295.5405029296875,297.5593994140625,299.5709626806794,67.27191403263049,3.598555101822285,0.023039106010122712
2021-10-22,310.3999938964844,311.0899963378906,307.79998779296875,309.1600036621094,17449300,296.0310028076172,297.9463995361328,300.4842046789108,64.3982743087185,3.893413331735246,0.03139832487099614
2021-10-25,309.3599853515625,309.3999938964844,306.4599914550781,308.1300048828125,17554500,296.72900238037107,298.25199951171874,301.21237612690146,62.54603096162503,3.99789308694551,0.0060288951419253944
2021-10-26,311.0,312.3999938964844,308.6000061035156,310.1099853515625,28107300,298.0585021972656,298.5621990966797,302.05976748163107,64.65083584506088,4.1921375697376675,0.6011450055541314
2021-10-27,316.0,326.1000061035156,316.0,323.1700134277344,52588700,300.01700286865236,299.16399963378905,304.07026709554566,74.73601700115393,5.338375372078701,0.8709979258057516
2021-10-28,324.3299865722656,324.8699951171875,321.3599853515625,324.3500061035156,26297900,302.1385025024414,299.83639953613283,306.00167081059044,75.41840976642338,6.269719215603857,-0.49993249500367953
2021-10-29,324.1300048828125,332.0,323.8999938964844,331.6199951171875,34766000,304.264501953125,300.5333996582031,308.44151122074254,79.15425692798732,7.5078969150050625,0.3220067001547653
2021-11-01,331.3599853515625,331.489990234375,326.3699951171875,329.3699951171875,27073200,306.57750244140624,301.0335998535156,310.4347001632611,75.33809155110652,8.212931899835041,-0.22127365817177702
2021-11-02,330.30999755859375,333.45001220703125,330.0,333.1300048828125,26487100,308.79600219726564,301.6032000732422,312.59615775559934,77.30704354982903,8.971658870394549,-0.021648715334722124
2021-11-03,333.8999938964844,334.8999938964844,330.6499938964844,334.0,21500100,310.8405029296875,302.2308001708984,314.63461892173274,77.74969005335504,9.53326327125933,-0.18828033269025302
2021-11-04,332.8900146484375,336.5400085449219,329.510009765625,336.44000244140625,23992200,312.92000274658204,302.9194000244141,316.7113221140826,78.9876287880295,10.059269611749812,0.11591108878563361
2021-11-05,338.510009765625,338.7900085449219,334.4200134277344,336.05999755859375,22570100,314.9805023193359,303.65880004882814,318.5540531087979,78.25737809149378,10.326433510522293,-0.0592734305315894
2021-11-08,337.29998779296875,337.6499938964844,334.44000244140625,336.989990234375,20897000,317.1185012817383,304.4041998291016,320.30985664456716,78.77456152917762,10.492257251383307,-0.07412904683630117
2021-11-09,337.1099853515625,338.7200012207031,334.5299987792969,335.95001220703125,21307400,319.2720016479492,305.05140014648435,321.7993952695637,76.58083684841853,10.419645043308151,0.019639182657797738
2021-11-10,334.57000732421875,334.6300048828125,329.9200134277344,330.79998779296875,25500900,320.99650115966796,305.6297998046875,322.65659455750705,66.67822086491371,9.83318458465385,0.19680955912030562
2021-11-11,331.25,333.7699890136719,330.510009765625,332.42999267578125,16849800,322.48050079345705,306.24179992675784,323.5873943782951,68.08488540267868,9.39167681328695,-0.3392468501111725
2021-11-12,333.9200134277344,337.2300109863281,333.7900085449219,336.7200012207031,23831000,324.10600128173826,306.9532000732422,324.8381188394768,71.49547947468896,9.280961414081162,0.4143194577977187
2021-11-15,337.5400085449219,337.8800048828125,334.0299987792969,336.07000732421875,16723000,325.5450012207031,307.6517999267578,325.90782250469033,70.27018485800458,9.036601272943017,-0.2982669631991943
2021-11-16,335.67999267578125,340.6700134277344,335.510009765625,339.510009765625,20886800,327.10900115966797,308.4384002685547,327.20326891049365,72.91571921225564,9.01658595799887,0.2489864258805239
2021-11-17,338.94000244140625,342.19000244140625,338.0,339.1199951171875,19053400,328.6945007324219,309.2166003417969,328.33819521589305,72.13200798166537,8.867039047463606,-0.0877779267288431
2021-11-18,338.17999267578125,342.45001220703125,337.1199951171875,341.2699890136719,22463500,330.2199996948242,310.0970001220703,329.5697946252053,73.80355376953838,8.820333271151696,0.17897593080500074
2021-11-19,342.6400146484375,345.1000061035156,342.20001220703125,343.1099853515625,21963400,331.91749877929686,311.045,330.85933659914406,75.17586057429477,8.830004142634778,-0.02226278184610586
2021-11-22,344.6199951171875,349.6700134277344,339.54998779296875,339.8299865722656,31031100,333.5024978637695,311.9017999267578,331.7136842156318,68.30655800941656,8.475301884136172,0.4128550224464336
2021-11-23,337.04998779296875,339.45001220703125,333.55999755859375,337.67999267578125,30427600,334.8809982299805,312.659599609375,332.2819040689794,64.16753516935358,7.929307132782242,-0.01944823096828663
2021-11-24,336.2799987792969,338.1600036621094,333.9100036621094,337.9100036621094,21661300,335.61799774169924,313.3213995361328,332.81791355403936,64.41595529047908,7.429519447493703,-0.28810356386964464
2021-11-26,334.3500061035156,337.92999267578125,328.1199951171875,329.67999267578125,24217200,335.8844970703125,313.8105993652344,332.5190639465862,50.83551546499964,6.296755917973769,0.1179938415515227
2021-11-29,334.94000244140625,339.0299987792969,334.739990234375,336.6300048828125,28563500,336.13499755859374,314.54579956054687,332.9105821309887,58.745284710120096,5.8919221501873835,0.17947161521563193
2021-11-30,335.32000732421875,337.7799987792969,328.989990234375,330.5899963378906,42885600,336.1959976196289,315.2715997314453,332.68957396021744,51.05738728848244,5.025776241356027,0.5014126420081573
2021-12-01,335.1300048828125,339.2799987792969,329.3900146484375,330.0799865722656,33337600,336.0434967041016,315.9771997070313,332.44104182803153,50.45693151471897,4.249213553801724,-0.22263883448057153
2021-12-02,330.29998779296875,333.489990234375,327.79998779296875,329.489990234375,30766000,335.8179962158203,316.59539978027345,332.15998929530235,49.72834364033062,3.545306172737469,-0.07713812631983108
2021-12-03,331.989990234375,332.70001220703125,318.0299987792969,323.010009765625,41779300,335.14649658203126,317.06440002441406,331.2885626734283,42.47406839676997,2.436487917442207,0.3579698368328674
2021-12-06,323.95001220703125,327.45001220703125,319.2300109863281,326.19000244140625,30032600,334.6529968261719,317.60119995117185,330.80298550847385,46.59159796148038,1.793664051476128,-0.2811607662167629
2021-12-07,331.6400146484375,335.79998779296875,330.1000061035156,334.9200134277344,31021900,334.5494979858398,318.41619995117185,331.19508340554626,55.91965874766501,1.965997636292684,0.03294087092026654
2021-12-08,335.30999755859375,335.5,330.79998779296875,334.9700012207031,24761000,334.50049743652346,319.4452001953125,331.5545993879421,55.96708219310774,2.0825999254166163,-0.20182193869492193
2021-12-09,334.4100036621094,336.489990234375,332.1199951171875,333.1000061035156,22214200,334.6154983520508,320.4272003173828,331.7017809799015,53.642123144416665,2.0010482630980277,-0.10285529663583859
2021-12-10,334.9800109863281,343.0,334.7900085449219,342.5400085449219,38095700,335.1209991455078,321.63960021972656,332.73399312895106,62.18273646303821,2.6673991695635095,0.7149255881373175
2021-12-13,340.67999267578125,343.7900085449219,339.0799865722656,339.3999938964844,28899400,335.2549987792969,322.6455999755859,333.3688503449066,58.33305750601685,2.908585757721596,-0.24139994802563014
2021-12-14,333.2200012207031,334.6400146484375,324.1099853515625,328.3399963378906,44438700,334.86849822998045,323.5502001953125,332.88991186804793,47.239558401970406,2.1821243248782025,0.5377032049108286
2021-12-15,328.6099853515625,335.19000244140625,324.5,334.6499938964844,35381100,334.62549743652346,324.4679998779297,333.05753872789904,52.7594164511108,2.0914534995482086,-0.20382234403796695
2021-12-16,335.7099914550781,336.760009765625,323.0199890136719,324.8999938964844,35034800,333.9144973754883,325.10380004882813,332.2806296963357,44.93634432937073,1.2188030979415316,-0.009787711518296494
2021-12-17,320.8800048828125,324.9200134277344,317.25,323.79998779296875,47750300,333.04099731445314,325.6827996826172,331.4729495150627,44.14110884255708,0.43346337220924624,0.36293913480311013
2021-12-20,320.04998779296875,322.79998779296875,317.57000732421875,319.9100036621094,28326500,331.8809982299805,326.1839996337891,330.3717165766862,41.35400585878848,-0.49708316263200913,-0.4067785961554168
2021-12-21,323.2900085449219,327.7300109863281,319.79998779296875,327.2900085449219,24740600,331.2539993286133,326.84519958496094,330.07822057366104,48.05510650326051,-0.6317607344612384,-0.1265917074117876
2021-12-22,328.29998779296875,333.6099853515625,325.75,333.20001220703125,24831500,331.0300003051758,327.6515997314453,330.37553406255347,52.71471651085078,-0.2586245144502186,0.0036741226971050978
2021-12-23,332.75,336.3900146484375,332.7300109863281,334.69000244140625,19617800,330.86900024414064,328.41919982910156,330.7864358129204,53.83896573220445,0.1555255856162603,-0.20996315164206758
2021-12-27,335.4599914550781,342.4800109863281,335.42999267578125,342.45001220703125,19947000,331.50750122070315,329.2132000732422,331.8972526123595,59.270353041479645,1.0972619064519336,0.016780678771319835
2021-12-28,343.1499938964844,343.80999755859375,340.32000732421875,341.25,15661500,331.7385009765625,329.9540002441406,332.78799045880146,58.13127579640199,1.7268576295491016,-0.21484433749436005
2021-12-29,341.29998779296875,344.29998779296875,339.67999267578125,341.95001220703125,15042000,332.3065017700195,330.64720031738284,333.66056395863285,58.63073281781911,2.2562927723707844,-0.039555598122785196
2021-12-30,341.9100036621094,343.1300048828125,338.82000732421875,339.32000732421875,15994500,332.7685028076172,331.2690002441406,334.1995585648791,55.93114339611305,2.4355786882333064,0.06332269644994026
2021-12-31,338.510009765625,339.3599853515625,335.8500061035156,336.32000732421875,18000800,333.11000366210936,331.8472003173828,334.4015060657686,52.93694448006908,2.3089727398265723,0.12543686892369244
2022-01-03,335.3500061035156,338.0,329.7799987792969,334.75,28865100,333.69700317382814,332.32700012207033,334.43469596426684,51.38655240611626,2.0582242160394912,0.603545397982312
2022-01-04,334.8299865722656,335.20001220703125,326.1199951171875,329.010009765625,32674300,333.83800354003904,332.7240002441406,333.9180591834438,46.07367623419845,1.3804223144209686,0.13196559166606048
2022-01-05,325.8599853515625,326.07000732421875,315.9800109863281,316.3800048828125,40054300,332.91100311279297,332.8890002441406,332.2477682976694,37.00711681861509,-0.17387212695092558,0.2258655885512466
2022-01-06,313.1499938964844,318.70001220703125,311.489990234375,313.8800048828125,39646100,331.85650329589845,332.96440063476564,330.49845749625445,35.517241098266496,-1.5890729328468751,-0.01019116549284349
2022-01-07,314.1499938964844,316.5,310.0899963378906,314.0400085449219,32720000,330.90350341796875,332.78180053710935,328.9309861675561,35.69567590175596,-2.6669755748723105,-0.17469814180966092
2022-01-10,309.489990234375,314.7200012207031,304.69000244140625,314.2699890136719,44289500,329.49000244140626,332.5802001953125,327.53470072432907,35.96993787418059,-3.4627472875005196,0.353591075794621
2022-01-11,313.3800048828125,316.6099853515625,309.8900146484375,314.9800109863281,29386800,328.2690032958984,332.2474005126953,326.33901598737657,36.86521937424735,-3.990113716527219,-0.33648381670599126
2022-01-12,319.6700134277344,323.4100036621094,317.0799865722656,318.2699890136719,34372200,327.7655029296875,332.025400390625,325.5705372279761,40.982960139377056,-4.095372771657196,0.169647596880232
2022-01-13,320.4700012207031,320.8800048828125,304.0,304.79998779296875,45366000,326.2730026245117,331.45880004882815,323.59238966273733,31.829595449702836,-5.205699789474295,0.3198456892488697
2022-01-14,304.25,310.82000732421875,303.75,310.20001220703125,39846400,325.5380035400391,330.98280029296876,322.3169251431463,37.82484280078879,-5.585518727218016,-0.12166820967244196
2022-01-18,304.07000732421875,309.79998779296875,301.739990234375,302.6499938964844,42333200,324.48050384521486,330.3070001220703,320.44388407203564,33.40182762039764,-6.421725694927318,0.062409653067780235
2022-01-19,306.2900085449219,313.9100036621094,302.70001220703125,303.3299865722656,45933900,323.65150299072263,329.65239990234375,318.81398907205755,34.148700281650534,-6.949447114922975,0.08505617340527061
2022-01-20,309.07000732421875,311.6499938964844,301.1400146484375,301.6000061035156,35380700,322.3670028686523,328.94460021972657,317.1745621226726,33.13072589381605,-7.421712229350703,-0.2297475285137992
2022-01-21,302.69000244140625,304.1099853515625,295.6099853515625,296.0299987792969,57984400,320.5085021972656,328.14619995117187,315.16079418520826,30.027061489358417,-8.151473661340276,0.6388709098463285
2022-01-24,292.20001220703125,297.1099853515625,276.04998779296875,296.3699951171875,85731500,318.5925018310547,327.45760009765627,313.3711942739682,30.455324774132535,-8.603207569291385,0.47852698311959774
2022-01-25,291.5199890136719,294.989990234375,285.1700134277344,288.489990234375,72848600,315.8945007324219,326.5788000488281,311.0015557940069,26.4194197552102,-9.487692273360153,-0.15027032071059065
2022-01-26,307.989990234375,308.5,293.0299987792969,296.7099914550781,90428900,313.6675003051758,325.77859985351563,309.6404544283946,35.95396586032794,-9.416816177479177,0.24132653201296939
2022-01-27,302.6600036621094,307.29998779296875,297.92999267578125,299.8399963378906,53481300,311.56199951171874,325.0539996337891,308.70707746739424,39.18545070684686,-9.004285329057666,-0.4085817697660814
2022-01-28,300.2300109863281,308.4800109863281,294.45001220703125,308.260009765625,49743700,310.0089996337891,324.4289996337891,308.6644995910353,46.94113760294111,-7.906782478320622,-0.06988610972433351
2022-01-31,308.95001220703125,312.3800048828125,306.3699951171875,310.9800109863281,46444500,308.7419998168945,323.8661999511719,308.88502448582506,49.195163153499514,-6.739829634885723,-0.06632397670458767
2022-02-01,310.4100036621094,310.6300048828125,305.1300048828125,308.760009765625,40950400,307.44250030517577,323.21600036621095,308.87311832199646,47.424356501374994,-5.925837280741973,-0.11829387763890231
2022-02-02,309.6300048828125,315.1199951171875,308.8800048828125,313.4599914550781,36636000,306.6649993896484,322.62300048828126,309.30996338228994,51.411907285718804,-4.845635759895288,-0.10535672423224196
2022-02-03,309.489990234375,311.2300109863281,299.9599914550781,301.25,43730000,305.9084991455078,321.8514007568359,308.54234782207186,42.412406437682655,-4.918119519068398,0.19363467627470254
2022-02-04,300.2099914550781,308.79998779296875,299.9700012207031,305.94000244140625,35096500,305.5114990234375,321.21660095214844,308.2945054048656,46.30075574292884,-4.544730594102475,-0.1974273953807455
2022-02-07,306.1700134277344,307.8399963378906,299.8999938964844,300.95001220703125,28533300,304.856999206543,320.4774011230469,307.59502986221474,42.975901242996876,-4.59845951096986,-0.18700440214836234
2022-02-08,301.25,305.55999755859375,299.95001220703125,304.55999755859375,32421200,304.3714996337891,319.9750012207031,307.3059791666318,45.997184178063705,-4.300174679775864,0.13625833675039334
2022-02-09,309.8699951171875,311.92999267578125,307.3900146484375,311.2099914550781,31284700,304.18299865722656,319.46660095214844,307.67778986076956,51.13342479296947,-3.4869870547074697,-0.03505422377950229
2022-02-10,304.0400085449219,309.1199951171875,300.70001220703125,302.3800048828125,45386200,303.3884994506836,318.9024011230469,307.17323891048795,45.011649757613824,-3.5145228920601426,0.4507474899871182
2022-02-11,303.19000244140625,304.2900085449219,294.2200012207031,295.0400085449219,39175600,302.90050048828124,318.2016015625,306.01769316138643,40.65450811217136,-4.081571784267226,-0.136838951046794
2022-02-14,293.7699890136719,296.760009765625,291.3500061035156,295.0,36359500,302.1404998779297,317.5118017578125,304.9683890507782,40.63142042923761,-4.4825187856281445,-0.07188402985531805
2022-02-15,300.010009765625,300.79998779296875,297.0199890136719,300.4700012207031,27058300,302.0315002441406,317.0610015869141,304.53997116219966,45.212545138741106,-4.309214842756546,-0.2558120986262188
2022-02-16,298.3699951171875,300.8699951171875,293.67999267578125,299.5,29982100,301.84000091552736,316.52720153808593,304.05997390865684,44.55596036663944,-4.201706553636768,0.10805556890122436
2022-02-17,296.3599853515625,296.79998779296875,290.0,290.7300109863281,32461600,301.29650115966797,315.6434014892578,302.7904536303398,39.03630452240697,-4.769193980019509,0.08269934394188527
2022-02-18,293.04998779296875,293.8599853515625,286.30999755859375,287.92999267578125,34264000,300.89150085449216,314.70260131835937,301.3751716346676,37.44150536352844,-5.382820131103472,0.055524065357221986
2022-02-22,285.0,291.5400085449219,284.5,287.7200012207031,41736100,300.459001159668,313.7950012207031,300.07467921429003,37.31836926385268,-5.81899013613446,0.21807436376371703
2022-02-23,290.17999267578125,291.70001220703125,280.1000061035156,280.2699890136719,37811200,300.0480010986328,312.54960083007813,298.18851824280256,33.1526467056233,-6.688708462732336,-0.09404089026046991
2022-02-24,272.510009765625,295.1600036621094,271.5199890136719,294.5899963378906,56989700,299.94200134277344,311.65340087890627,297.8458018709062,45.69967910873411,-6.151550345596604,0.5072174382193635
2022-02-25,295.1400146484375,297.6300048828125,291.6499938964844,297.30999755859375,32546700,299.8155014038086,311.0328009033203,297.7947728887812,47.70741888788048,-5.443616676723707,-0.42890206475907044
2022-02-28,294.30999755859375,299.1400146484375,293.0,298.7900085449219,34627500,299.3420013427734,310.31560119628904,297.88955723698507,48.81638058158137,-4.708868718706242,0.06393274894228917
2022-03-01,296.3999938964844,299.9700012207031,292.1499938964844,294.95001220703125,31217800,298.5405014038086,309.7166015625,297.60960056746563,46.08556758564704,-4.385873659251274,-0.09846798065121654
2022-03-02,295.3599853515625,301.4700012207031,293.70001220703125,300.19000244140625,31873000,298.1120010375977,309.24440185546877,297.85535312688853,50.18105209254093,-3.6648284668022484,0.0209880260620543
2022-03-03,302.8900146484375,303.1300048828125,294.04998779296875,295.9200134277344,27314500,297.2350021362305,308.76460205078126,297.6710350603024,47.04492270205863,-3.398768496979187,-0.14302073855614472
2022-03-04,294.2900085449219,295.6600036621094,287.1700134277344,289.8599853515625,32356500,296.6655014038086,308.01600158691406,296.92712556423197,42.94307172231593,-3.635005592259972,0.18459060206117628
2022-03-07,288.5299987792969,289.69000244140625,278.5299987792969,278.9100036621094,43157200,295.3140014648437,306.9302014160156,295.21120919260125,36.714013104627064,-4.65216988325102,0.33380309984083567
2022-03-08,277.79998779296875,283.9599914550781,270.0,275.8500061035156,48159500,294.05900115966796,305.75340148925784,293.3672850888788,35.178345943865295,-5.6401796613996,0.11590881706876255
2022-03-09,283.44000244140625,289.6000061035156,280.7799987792969,288.5,35204500,293.2560012817383,304.67440124511717,292.9037341280332,45.35430027829007,-5.340869522492767,-0.2690019622296743
2022-03-10,283.0199890136719,286.6000061035156,280.5799865722656,285.5899963378906,30628000,291.9750015258789,303.561201171875,292.20718767182916,43.6564802143898,-5.2776397112384075,-0.12999758553593999
2022-03-11,287.9599914550781,289.510009765625,279.42999267578125,280.07000732421875,27209300,290.85950164794923,302.32360107421874,291.0512657339615,40.55514632841386,-5.608297646973142,-0.11162008619563801
2022-03-14,280.3399963378906,285.3999938964844,275.82000732421875,276.44000244140625,30660700,289.92950134277345,301.0660009765625,289.65971684895624,38.61255253069895,-6.093020947423042,0.12684633562789194
2022-03-15,280.3500061035156,287.82000732421875,278.7300109863281,287.1499938964844,34245100,289.53700103759763,300.0826007080078,289.4206956153875,46.721339987969785,-5.548995486146282,0.11690535441134742
2022-03-16,289.1099853515625,294.57000732421875,283.20001220703125,294.3900146484375,37826300,289.2330017089844,299.27540100097656,289.8939640947256,51.395348953793956,-4.4819767828688555,0.10457554511448364
2022-03-17,293.2900085449219,295.6099853515625,289.3699951171875,295.2200012207031,30816600,289.01900177001954,298.59960083007815,290.4012057257711,51.916125765945075,-3.5287070547884696,-0.18531286432984462
2022-03-18,295.3699951171875,301.0,292.7300109863281,300.42999267578125,43390600,289.5040008544922,298.2806005859375,291.3563282924387,55.16366594986797,-2.3260182679410377,0.4080268426757008
2022-03-21,298.8900146484375,300.1400146484375,294.8999938964844,299.1600036621094,28351200,290.0655014038086,297.98620056152345,292.0995354705026,54.20266599879746,-1.4585430626077596,-0.3466050250515088
2022-03-22,299.79998779296875,305.0,298.7699890136719,304.05999755859375,27599700,290.88250122070315,297.7866003417969,293.23862709793985,57.293956651219965,-0.371392969107319,-0.02650681452636927
2022-03-23,300.510009765625,303.2300109863281,297.7200012207031,299.489990234375,25715400,291.84350128173827,297.4910003662109,293.83399501569556,53.656263126699564,0.1200362118354974,-0.06827248122262197
2022-03-24,299.1400146484375,304.20001220703125,298.32000732421875,304.1000061035156,24484500,292.31900177001955,297.27340026855467,294.8117103573927,56.64653910661463,0.8714416940231899,-0.04786625912877107
2022-03-25,305.2300109863281,305.5,299.2900085449219,303.67999267578125,22566500,292.6375015258789,296.9816003417969,295.6563086734297,56.29017149020167,1.4167133887495424,-0.07833527333619228
2022-03-28,304.3299865722656,310.79998779296875,304.3299865722656,310.70001220703125,29578200,293.2330017089844,297.09960083007815,297.0890423432965,60.73624382424574,2.3877772331077836,0.3107127822214344
2022-03-29,313.9100036621094,315.82000732421875,309.04998779296875,315.4100036621094,30393400,294.2560012817383,297.2038006591797,298.8338958022311,63.42440499427717,3.497096916892019,0.027560838725818382
2022-03-30,313.760009765625,315.95001220703125,311.5799865722656,313.8599853515625,28163600,294.9395004272461,297.42800048828127,300.26495194978645,61.921922962958924,4.202720884635028,-0.07336461205393274
2022-03-31,313.8999938964844,315.1400146484375,307.8900146484375,308.30999755859375,33422100,295.5589996337891,297.5276007080078,301.0311467696729,56.73900337383041,4.2649318515514665,0.1867126361686715
2022-04-01,309.3699951171875,310.1300048828125,305.5400085449219,309.4200134277344,27110500,296.53700103759763,297.6840008544922,301.830086451393,57.50510890853594,4.353617700074949,-0.18884510548409583
2022-04-04,310.0899963378906,315.1099853515625,309.7099914550781,314.9700012207031,24289600,298.34000091552736,298.0628009033203,303.081506905613,61.20442775834575,4.816221106760963,-0.10405193559690895
2022-04-05,313.2699890136719,314.8699951171875,309.8699951171875,310.8800048828125,23156700,300.0915008544922,298.35300109863283,303.82422099867966,57.24921239731946,4.797506448500712,-0.04664136091166593
2022-04-06,305.19000244140625,307.0,296.7099914550781,299.5,40110400,300.64150085449216,298.5732012939453,303.41239042737686,47.96193884643454,3.82036487147991,0.7321293621284553
2022-04-07,296.6600036621094,303.6499938964844,296.3500061035156,301.3699951171875,31411200,301.43050079345704,298.6664013671875,303.2178765883112,49.41415231680348,3.160434586906149,-0.2168814073158084
2022-04-08,300.44000244140625,301.1199951171875,296.2799987792969,296.9700012207031,24361900,302.27550048828124,298.60900146484374,302.62284083901517,46.15065326075444,2.256382177484568,-0.22441995211898935
2022-04-11,291.7900085449219,292.6099853515625,285.0,285.260009765625,34569300,302.7165008544922,298.14900146484376,300.96923787964465,38.805304445723955,0.5882348782165536,0.41899030863766784
2022-04-12,289.239990234375,290.739990234375,280.489990234375,282.05999755859375,30966700,302.46200103759764,297.5706011962891,299.1683578490684,37.069002654850124,-0.9806932944570121,-0.10421385448938802
2022-04-13,282.7300109863281,288.5799865722656,281.29998779296875,287.6199951171875,21907200,302.12350006103514,297.14780090332033,298.06851377936545,41.93070453453935,-1.755201963023353,-0.2925561974637272
2022-04-14,288.0899963378906,288.30999755859375,279.32000732421875,279.8299865722656,28221600,301.35399932861327,296.4752008056641,296.3315111882131,37.55327156921854,-2.9634336304349063,0.28823400525854503
2022-04-18,278.9100036621094,282.4599914550781,278.3399963378906,280.5199890136719,20778000,300.35849914550784,296.0606005859375,294.8256519334949,38.1690025049353,-3.8212396294579207,-0.263755421379369
2022-04-19,279.3800048828125,286.1700134277344,278.4100036621094,285.29998779296875,22297700,299.6654983520508,295.6478002929687,293.91844582487334,42.40565614028709,-4.068452522315965,0.07313985946674362
2022-04-20,289.3999938964844,289.70001220703125,285.3699951171875,286.3599853515625,22906700,298.7804977416992,295.3559997558594,293.1985924464628,43.33293254322866,-4.131215496122479,0.027312233997228486
2022-04-21,288.5799865722656,293.29998779296875,280.05999755859375,280.80999755859375,29454600,297.8464981079102,294.88099975585936,292.01872626666574,39.72647175194892,-4.576043456280388,0.2858508645942017
2022-04-22,281.67999267578125,283.20001220703125,273.3800048828125,274.0299987792969,29405800,296.3429977416992,294.13739990234376,290.30551412501154,35.80597653725064,-5.41326135097728,-0.0016567870553325648
2022-04-25,273.2900085449219,281.1099853515625,270.7699890136719,280.7200012207031,35678900,295.1949981689453,293.7041998291016,289.392608134125,41.89891153686961,-5.473836300488244,0.21332866305286702
2022-04-26,277.5,278.3599853515625,270.0,270.2200012207031,46518400,293.1709976196289,293.2077996826172,287.56664557094194,36.10643521404959,-6.296522243261961,0.30380701198747717
2022-04-27,282.1000061035156,290.9700012207031,279.1600036621094,283.2200012207031,63477700,291.5614974975586,292.9721997070312,287.1526794423478,46.05095902266385,-5.83228448055462,0.3645718683359702
2022-04-28,285.19000244140625,290.9800109863281,281.4599914550781,289.6300048828125,33646600,290.3499984741211,292.7553997802734,287.3886151985825,50.16931023250937,-4.890761331820158,-0.46994613856519696
2022-04-29,288.6099853515625,289.8800048828125,276.5,277.5199890136719,37073900,288.810498046875,292.31579956054685,286.44874603811485,43.42482448757077,-5.063406725286484,0.10186170370854697
2022-05-02,277.7099914550781,284.94000244140625,276.2200012207031,284.4700012207031,35151100,287.56299743652346,292.1905993652344,286.2602941507423,47.76491286402048,-4.586550641255769,-0.05186397978092405
2022-05-03,283.9599914550781,284.1300048828125,280.1499938964844,281.7799987792969,25978600,285.90349731445315,292.0675994873047,285.8335993534618,46.284905637582035,-4.375264153181433,-0.2609448921939854
2022-05-04,282.5899963378906,290.8800048828125,276.7300109863281,289.9800109863281,33599300,284.8584976196289,292.1127996826172,286.22849569944907,51.24428037202573,-3.5057337183379786,0.2933452918940975
2022-05-05,285.5400085449219,286.3500061035156,274.3399963378906,277.3500061035156,43260400,283.75099792480466,292.05440002441406,285.38292526174115,44.438693700647896,-3.792048055270868,0.28753872848541495
2022-05-06,274.80999755859375,279.25,271.2699890136719,274.7300109863281,37780300,282.4189987182617,291.65720031738283,284.3683619974161,43.15823523654441,-4.182156641358404,-0.12667705337907187
2022-05-09,270.05999755859375,272.3599853515625,263.32000732421875,264.5799865722656,47726000,280.7994979858398,291.0026000976562,282.48375481406845,38.526772941185364,-5.249825923986293,0.2632509535392784
2022-05-10,271.69000244140625,273.75,265.07000732421875,269.5,39336400,280.0114974975586,290.4167999267578,281.24720673653815,41.78778542270855,-5.634012171992424,-0.17578678288563887
2022-05-11,265.67999267578125,271.3599853515625,259.29998779296875,260.54998779296875,48975900,278.93599700927734,289.7287994384766,279.27604302762677,37.85392136868509,-6.58476861447275,0.2450529280767939
2022-05-12,257.69000244140625,259.8800048828125,250.02000427246097,255.3500061035156,51033800,277.32249755859374,288.8319995117188,276.9973728443781,35.74826347923802,-7.669436519113447,0.042018625487229455
2022-05-13,257.3500061035156,263.0400085449219,255.3500061035156,261.1199951171875,34925100,276.38699798583986,288.1359991455078,275.4852416322647,39.752967742074034,-7.9715625456573775,-0.31564766879989337
2022-05-16,259.9599914550781,265.82000732421875,255.77999877929688,261.5,32550900,275.4359985351563,287.56879943847656,274.1533138577633,40.018125591284935,-8.087113173572504,-0.06797976240583425
2022-05-17,266.1099853515625,268.3299865722656,262.4599914550781,266.82000732421875,28828800,274.5119995117187,287.3269995117187,273.45490371171144,43.75058082730979,-7.661095409766915,-0.11434706874464295
2022-05-18,263.0,263.6000061035156,252.77000427246097,254.0800018310547,31356000,272.8980003356934,286.8915994262695,271.6096749611727,37.70046907145582,-8.25631161239653,0.08766233766233755
2022-05-19,253.8999938964844,257.6700134277344,251.8800048828125,253.13999938964844,32692300,271.5145004272461,286.1843994140625,269.8506582400751,37.29071401409818,-8.703546021607167,0.04261704299017732
2022-05-20,257.239990234375,258.5400085449219,246.44000244140625,252.55999755859375,39199300,270.4410003662109,285.52379943847654,268.2039286513626,37.02332836524863,-9.001025593447707,0.19903769389122217
2022-05-23,255.4900054931641,261.5,253.42999267578125,260.6499938964844,33175400,269.4375,285.13539916992187,267.48450629375515,43.146777629285566,-8.486162010602754,-0.15367366253989234
2022-05-24,257.8900146484375,261.3299865722656,253.5,259.6199951171875,29043900,268.9074996948242,284.7989990234375,266.73550522932015,42.579120399332766,-8.068235607456131,-0.12453504705293683
2022-05-25,258.1400146484375,264.5799865722656,257.1300048828125,262.5199890136719,28547900,267.8724990844727,284.30639892578125,266.3340274944965,44.7818672104678,-7.417516141938449,-0.017077596328316735
2022-05-26,262.2699890136719,267.1099853515625,261.42999267578125,265.8999938964844,25002100,266.6859985351563,283.73659851074217,266.2926909613525,47.31850110084007,-6.5535330812437,-0.1242052830505922
2022-05-27,268.4800109863281,273.3399963378906,267.55999755859375,273.239990234375,26910800,266.4719985961914,283.2969982910156,266.95433851116417,52.42919397219063,-5.2164123647850715,0.07634158730666618
2022-05-31,272.5299987792969,274.7699890136719,268.92999267578125,271.8699951171875,37827700,265.8419982910156,282.7257983398438,267.42249628316637,51.4263911040845,-4.218651728876182,0.40566984259107874
2022-06-01,275.20001220703125,277.69000244140625,270.0400085449219,272.4200134277344,25292200,265.3739990234375,282.19099853515627,267.89845029693475,51.82478152820629,-3.344978525213037,-0.3313841444232666
2022-06-02,264.45001220703125,274.6499938964844,261.6000061035156,274.5799865722656,44008200,264.6039978027344,281.60139831542966,268.5347870850615,53.43980628848074,-2.4500517640874477,0.7399909853630764
2022-06-03,270.30999755859375,273.45001220703125,268.4100036621094,270.0199890136719,28059000,264.2374969482422,281.01199829101563,268.6762348877863,49.6551962511407,-2.0847379899414022,-0.36241427733922316
2022-06-06,272.05999755859375,274.17999267578125,267.2200012207031,268.75,22400300,263.9384963989258,280.3049981689453,268.68326013656855,48.622404569219334,-1.8760754615450992,-0.20167147795716167
2022-06-07,266.6400146484375,273.1300048828125,265.94000244140625,272.5,22860700,264.3344970703125,279.6813983154297,269.04675917118107,51.809709125560765,-1.3920683471429243,0.020553296161212042
2022-06-08,271.7099914550781,273.0,269.6099853515625,270.4100036621094,17372300,264.37999725341797,278.87559814453124,269.1765919798409,49.949838158029415,-1.1637198218202798,-0.24008013752859714
2022-06-09,267.7799987792969,272.7099914550781,264.6300048828125,264.7900085449219,26439700,264.5919982910156,277.8631982421875,268.7588221288962,45.24624941038101,-1.419871216493334,0.5219458563345096
2022-06-10,260.5799865722656,260.5799865722656,252.52999877929688,252.9900054931641,31422800,264.47399826049804,276.6457986450195,267.2570300683503,37.303426983314424,-2.5456895473148506,0.18847036842324227
2022-06-13,245.11000061035156,249.02000427246097,241.52999877929688,242.2599945068359,46135800,263.53099822998047,275.3247985839844,264.8763600148727,31.831373030523025,-4.254685531371365,0.4682268925748183
2022-06-14,243.86000061035156,245.7400054931641,241.5099945068359,244.4900054931641,28651500,262.68049850463865,274.026198425293,262.93480244137663,33.998319351591604,-5.367263439841054,-0.37897467909952787
2022-06-15,248.30999755859375,255.3000030517578,246.4199981689453,251.7599945068359,33111700,261.92749786376953,272.76199829101563,261.87053501903944,40.62476147580572,-5.597833749490576,0.1556707327714082
2022-06-16,245.97999572753903,247.4199981689453,243.02000427246097,244.97000122070312,33169200,261.471997833252,271.44379821777346,260.26096037157885,36.89864749308266,-6.256338912360661,0.0017365462963243594
2022-06-17,244.6999969482422,250.5,244.02999877929688,247.6499938964844,43084800,261.19749755859374,270.40679809570315,259.0599159453794,39.26643661233192,-6.487175861699512,0.29893998046380377
2022-06-21,250.2599945068359,254.75,249.5099945068359,253.7400054931641,29928300,261.2564979553223,269.45419830322265,258.5532578070732,44.374405183444615,-6.108290200486863,-0.30536291221033873
2022-06-22,251.88999938964844,257.1700134277344,250.3699951171875,253.1300048828125,25939900,260.8804985046387,268.5773983764648,258.03675752857214,43.97544775413773,-5.790493332835666,-0.13326517042398
2022-06-23,255.57000732421875,259.3699951171875,253.6300048828125,258.8599853515625,25861400,260.8424980163574,268.0493978881836,258.11516017838073,48.64607501713925,-5.018426195911331,-0.00302622600703939
2022-06-24,261.80999755859375,267.9800109863281,261.7200012207031,267.70001220703125,33923200,261.1014991760254,267.76219818115237,259.0280032287284,54.893752981250216,-3.6511529212932032,0.3117309967751165
2022-06-27,268.2099914550781,268.29998779296875,263.2799987792969,264.8900146484375,24615100,261.05100021362307,267.30759857177736,259.5862900306054,52.699006007972386,-2.7624781903401185,-0.2743874398641638
2022-06-28,263.9800109863281,266.9100036621094,256.32000732421875,256.4800109863281,27295500,260.2130012512207,266.8405990600586,259.29045393115047,46.68316004979864,-2.7056253093304576,0.10889250906963621
2022-06-29,257.5899963378906,261.9700012207031,255.7599945068359,260.260009765625,20069800,259.63250198364256,266.43539947509765,259.3827925820528,49.47494058140155,-2.3287107528196884,-0.2647212910553022
2022-06-30,257.04998779296875,259.5299987792969,252.8999938964844,256.8299865722656,31730900,258.85300064086914,265.8659994506836,259.1396682001683,47.06659009912257,-2.280489394877577,0.5810272150195817
2022-07-01,256.3900146484375,259.7699890136719,254.61000061035156,259.5799865722656,22837700,258.10300064086914,265.33039947509764,259.1816032832252,49.201622968610614,-1.997347426177896,-0.2802693904049365
2022-07-05,256.1600036621094,262.9800109863281,254.7400054931641,262.8500061035156,22941000,257.7445014953613,264.9711996459961,259.5309749803957,51.69653542772252,-1.491894497482349,0.004523222566195306
2022-07-06,263.75,267.989990234375,262.3999938964844,266.2099914550781,23824400,257.61750106811525,264.8147994995117,260.1670717875083,54.186377647870806,-0.810849701969687,0.03850747569853108
2022-07-07,265.1199951171875,269.05999755859375,265.0199890136719,268.3999938964844,20859900,257.41250076293943,264.56839935302736,260.9511596074108,55.78609877446316,-0.09332609532225433,-0.12443125535165633
2022-07-08,264.7900085449219,268.1000061035156,263.2900085449219,267.6600036621094,19658800,257.27500076293944,264.51719940185546,261.5900971364297,55.08616291555063,0.41086925979692523,-0.05757937478127895
2022-07-11,265.6499938964844,266.5299987792969,262.17999267578125,264.510009765625,19455200,257.2610008239746,264.1429995727539,261.8681840534959,52.09006789347827,0.549930275514896,-0.010356685046900127
2022-07-12,265.8800048828125,265.94000244140625,252.0399932861328,253.6699981689453,35868500,257.29500045776365,263.4237994384766,261.08740444544344,43.351807398109266,-0.21211606775187875,0.843645914716888
2022-07-13,250.19000244140625,253.5500030517578,248.11000061035156,252.72000122070312,29497400,257.81800079345703,262.9277996826172,260.29050890023007,42.67614095327365,-0.882526878800661,-0.17762382034375568
2022-07-14,250.57000732421875,255.13999938964844,245.94000244140625,254.0800018310547,25102800,258.29750061035156,262.3199996948242,259.6990320364991,44.021227080747,-1.2892301506906279,-0.1489826221972106
2022-07-15,255.72000122070312,260.3699951171875,254.77000427246097,256.7200012207031,29774100,258.5455009460449,261.81879974365233,259.4153148159471,46.63874759921541,-1.382581991878169,0.18608681103303226
2022-07-18,259.75,260.8399963378906,253.3000030517578,254.25,20975000,259.00950088500974,261.1041995239258,258.9233800715712,44.54030113367403,-1.637002113071162,-0.2955286641745678
2022-07-19,257.5799865722656,259.7200012207031,253.67999267578125,259.5299987792969,25012600,259.6035011291504,260.7477993774414,258.9811532818308,49.74560841037053,-1.3964823383004727,0.19249582836710366
2022-07-20,259.8999938964844,264.8699951171875,258.9100036621094,262.2699890136719,22788300,260.0300003051758,260.4985989379883,259.29437573248237,52.25021851940018,-0.9735518711277109,-0.08892718070092676
2022-07-21,259.7900085449219,264.8900146484375,257.0299987792969,264.8399963378906,22404700,260.61549987792966,260.5037991333008,259.82253007585456,54.538853457763935,-0.4260866545033082,-0.016833199492722106
2022-07-22,265.239990234375,265.3299865722656,259.07000732421875,260.3599853515625,21881300,260.6904998779297,260.32099884033204,259.87371629258865,50.03667239889527,-0.3496850203935651,-0.023361169754560374
2022-07-25,261.0,261.5,256.80999755859375,258.8299865722656,21056000,260.2469985961914,260.28659881591796,259.7743134620817,48.56228122941684,-0.4078923604464535,-0.0377171374644103
2022-07-26,259.8599853515625,259.8800048828125,249.57000732421875,251.8999938964844,39348000,259.5974975585938,260.21759857177733,259.02437826535817,42.459527648354864,-1.0016679843627685,0.8687310030395137
2022-07-27,261.1600036621094,270.04998779296875,258.8500061035156,268.739990234375,45994000,260.2104965209961,260.3699984741211,259.94967464335974,56.69960906624985,-0.1121002555269115,0.1689031208701841
2022-07-28,269.75,277.8399963378906,267.8699951171875,276.4100036621094,33459300,261.0179962158203,260.66819854736326,261.5173250260978,61.38680976039292,1.1979849365771997,-0.2725290255250685
2022-07-29,277.70001220703125,282.0,276.6300048828125,280.739990234375,32152800,262.21349639892577,260.94659820556643,263.34805504593373,63.77106326131367,2.5561647431463257,-0.03904743972527813
2022-08-01,277.82000732421875,281.2799987792969,275.8399963378906,278.010009765625,21539600,263.13499755859374,261.4251983642578,264.7444316859043,61.20503424327858,3.373359428926733,-0.33008633773730434
2022-08-02,276.0,277.8900146484375,272.3800048828125,274.82000732421875,22754200,263.7334976196289,261.8587985229492,265.70401031812474,58.255257221251945,3.7206957038968653,0.056389162287136196
2022-08-03,276.760009765625,283.5,276.6099853515625,282.4700012207031,23518900,264.54649810791017,262.4569985961914,267.30077135646553,62.87599782492085,4.560680096782278,0.03360698244719651
2022-08-04,281.79998779296875,283.79998779296875,280.1700134277344,283.6499938964844,18098700,265.30899810791016,262.91699859619143,268.8578401698007,63.54627528554371,5.260944434611986,-0.2304614586566549
2022-08-05,279.1499938964844,283.6499938964844,278.67999267578125,282.9100036621094,16774600,266.07149810791014,263.38279876708987,270.19614145478243,62.78075322900671,5.690600242595565,-0.07315995071469217
2022-08-08,284.04998779296875,285.9200134277344,279.32000732421875,280.32000732421875,18739200,266.8619979858398,263.7387991333008,271.16031915663353,60.05387052823611,5.755765623690024,0.11711754676713593
2022-08-09,279.6400146484375,283.0799865722656,277.6099853515625,282.29998779296875,23405200,268.293497467041,264.06679901123044,272.22123997914167,61.432991393667415,5.899175510958457,0.24899675546448097
2022-08-10,288.1700134277344,289.80999755859375,286.94000244140625,289.1600036621094,24687800,270.1154975891113,264.3851992797852,273.83445556799575,65.83416554501517,6.49154434654514,0.054799788081281164
2022-08-11,290.8500061035156,291.2099914550781,286.510009765625,287.0199890136719,20065900,271.7624969482422,264.68819915771485,275.09022065806016,63.40340871242727,6.710959851513508,-0.18721392752695665
2022-08-12,288.4800109863281,291.9100036621094,286.94000244140625,291.9100036621094,22619700,273.5219970703125,265.0779989624023,276.6921047536839,66.45158631071212,7.196475049851131,0.12727064323055526
2022-08-15,291.0,294.17999267578125,290.1099853515625,293.4700012207031,18085700,275.48299713134764,265.4557992553711,278.28999965530477,67.38487733558274,7.619297588267216,-0.20044474506735277
2022-08-16,291.989990234375,294.0400085449219,290.4200134277344,292.7099914550781,18102900,277.1419967651367,265.9095993041992,279.66333220766415,66.41549643149384,7.80311164602756,0.0009510276074466972
2022-08-17,289.739990234375,293.3500061035156,289.4700012207031,291.32000732421875,18253400,278.59449768066406,266.3609994506836,280.7734917425741,64.58553214935333,7.7473192347338795,0.008313585116196842
2022-08-18,290.19000244140625,291.9100036621094,289.0799865722656,290.1700134277344,17186200,279.8609985351562,266.71439971923826,281.66839856973223,63.03797804556418,7.523581288448213,-0.058465820066398555
2022-08-19,288.8999938964844,289.25,285.55999755859375,286.1499938964844,20570000,281.15049896240237,267.0291995239258,282.09521717228006,57.822162328562044,6.941863888854641,0.19689052844724264
2022-08-22,282.0799865722656,282.4599914550781,277.2200012207031,277.75,25061100,282.09649963378905,267.28839935302733,281.68138696539626,48.74613769867471,5.736907850264288,0.21833252309188134
2022-08-23,276.44000244140625,278.8599853515625,275.3999938964844,276.44000244140625,17527400,283.32350006103513,267.7573992919922,281.182207486921,47.494100581341584,4.622974876890964,-0.3006133010921308
2022-08-24,275.4100036621094,277.2300109863281,275.1099853515625,275.7900085449219,18137000,283.6760009765625,268.4279995727539,280.6686647305402,46.85108700839647,3.6457005284955244,0.034779830436916015
2022-08-25,277.3299865722656,279.0199890136719,274.5199890136719,278.8500061035156,16583400,283.7980010986328,269.1151995849609,280.495459147014,50.264901662789654,3.082585667293017,-0.08565914980426748
2022-08-26,279.0799865722656,280.3399963378906,267.9800109863281,268.0899963378906,27549300,283.1655014038086,269.44179962158205,279.31398649852605,40.43080980507558,1.7479212714600862,0.6612576431853541
2022-08-29,265.8500061035156,267.3999938964844,263.8500061035156,265.2300109863281,20338500,282.52650146484376,269.84699981689454,277.9726554973643,38.28667118927635,0.4541777279168855,-0.261741677646982
2022-08-30,266.6700134277344,267.04998779296875,260.6600036621094,262.9700012207031,22767100,281.93400115966796,270.1533999633789,276.54383128053945,36.63338273746607,-0.7449005023496511,0.11940900263047904
2022-08-31,265.3900146484375,267.1099853515625,261.3299865722656,261.4700012207031,24791800,280.88400115966795,270.30799987792966,275.1082284176979,35.53654630373731,-1.7955184833008957,0.08893095739026924
2022-09-01,258.8699951171875,260.8900146484375,255.41000366210935,260.3999938964844,23263400,279.721501159668,270.4533996582031,273.7074441775823,34.73755101776145,-2.683547189587273,-0.061649416339273455
2022-09-02,261.70001220703125,264.739990234375,254.47000122070312,256.05999755859375,22855400,278.3790008544922,270.39739990234375,272.0267349757739,31.631060396900537,-3.6949249757164466,-0.017538279013385782
2022-09-06,256.20001220703125,257.8299865722656,251.94000244140625,253.25,21328200,277.02550048828124,270.1083996582031,270.23847450189066,29.77446979149947,-4.669366921366816,-0.06682009503224617
2022-09-07,254.6999969482422,258.8299865722656,253.22000122070312,258.0899963378906,24126700,275.8150009155273,269.9723992919922,269.0814765815097,36.66954172940408,-4.993509855576065,0.13121126020948792
2022-09-08,257.510009765625,260.42999267578125,254.7899932861328,258.5199890136719,20319900,274.28300018310546,270.01319885253906,268.075620622668,37.25892316403765,-5.156260489659701,-0.15778370021594335
2022-09-09,260.5,265.2300109863281,260.2900085449219,264.4599914550781,22084700,273.1550003051758,270.0971984863281,267.73127498765945,44.889053236470716,-4.751164518306382,0.08685082111624576
2022-09-12,265.7799987792969,267.45001220703125,265.1600036621094,266.6499938964844,18747700,271.89199981689455,270.2935986328125,267.628295836119,47.427573612308336,-4.204936260315662,-0.15110008286279641
2022-09-13,258.8399963378906,260.3999938964844,251.58999633789065,251.9900054931641,33353300,269.8180000305176,270.1417990112305,266.13893485107565,35.60468412550138,-4.8985179107551176,0.7790608981368381
2022-09-14,253.52999877929688,254.22999572753903,249.86000061035156,252.22000122070312,23913000,267.79350051879885,269.9291989135742,264.8133221243735,35.87476418687223,-5.367751534278568,-0.283039459363841
2022-09-15,249.77000427246097,251.3999938964844,244.02000427246097,245.3800048828125,31530900,265.4965003967285,269.5125991821289,262.96253000612955,31.62651167573992,-6.219854490953139,0.3185673064860117
2022-09-16,244.2599945068359,245.3000030517578,242.05999755859375,244.7400054931641,39791800,263.225,269.0393994140625,261.2270514810852,31.25357988060594,-6.867629072240447,0.2619937902184841
2022-09-19,242.47000122070312,245.13999938964844,240.8500061035156,244.52000427246097,26826900,261.1435005187988,268.5765994262695,259.6359041278829,31.117743397759384,-7.314431145587292,-0.3258183846923235
2022-09-20,242.07000732421875,243.5099945068359,239.63999938964844,242.4499969482422,26660300,259.3785003662109,268.13539916992187,257.9991510631552,29.805123281830703,-7.746263198767224,-0.006210184553563813
2022-09-21,244.27000427246097,247.66000366210935,238.8999938964844,238.9499969482422,28625600,257.5040000915527,267.8409991455078,256.1849459093539,27.67911930048507,-8.27551893047493,0.0737163497785096
2022-09-22,237.8699951171875,243.86000061035156,237.57000732421875,240.97999572753903,31061200,255.76349945068358,267.6061990356445,254.73685541584774,30.76385830451649,-8.433932846934766,0.0850846794477671
2022-09-23,239.5399932861328,241.1300048828125,235.1999969482422,237.9199981689453,34176000,253.71699905395508,267.28299896240236,253.1352499637618,28.771672619115648,-8.706035488756243,0.10027944831493962
2022-09-26,237.0500030517578,241.4499969482422,236.8999938964844,237.4499969482422,27694200,252.18499908447265,266.8975988769531,251.64141634323613,28.466750105597526,-8.85750021447015,-0.18965941011235954
2022-09-27,239.97999572753903,241.8000030517578,234.5,236.41000366210935,27018700,250.7439987182617,266.5407989501953,250.19080561170026,27.76554224868967,-8.958191413117333,-0.024391388810653503
2022-09-28,236.80999755859375,242.3300018310547,234.72999572753903,241.07000732421875,29029700,249.6489990234375,266.1715991210938,249.32215815574963,35.43944901712247,-8.563254693563039,0.07442993186200675
2022-09-29,238.88999938964844,239.9499969482422,234.41000366210935,237.5,27484200,248.45049896240235,265.6761993408203,248.19623833139252,32.58357910335204,-8.441031298766575,-0.053238579799309016
2022-09-30,238.2899932861328,240.5399932861328,232.72999572753903,232.8999938964844,35694800,247.07549896240235,265.0373992919922,246.73945314711557,29.30648320665715,-8.616030193736208,0.29873891181114964
2022-10-03,235.41000366210935,241.61000061035156,234.66000366210935,240.7400054931641,28880400,246.30949935913085,264.6449996948242,246.16807718007257,40.32291489296399,-8.029535181299394,-0.19090735905510048
2022-10-04,245.08999633789065,250.36000061035156,244.97999572753903,248.8800048828125,34888400,246.09099960327148,264.44600006103514,246.42635600890495,49.178220900253656,-6.8291811868393495,0.20803035969030903
2022-10-05,245.9900054931641,250.5800018310547,244.1000061035156,249.1999969482422,20347100,245.64649963378906,264.3920001220703,246.69051228884183,49.49548845918182,-5.78538104138093,-0.4167946939383864
2022-10-06,247.92999267578125,250.33999633789065,246.0800018310547,246.7899932861328,20239900,245.05999984741212,263.9530001831055,246.6999866695362,47.1101319337737,-5.093909640732704,-0.005268564070555537
2022-10-07,240.8999938964844,241.32000732421875,233.1699981689453,234.2400054931641,37769600,243.54900054931642,263.1096002197266,245.513321795596,37.086705176826776,-5.495246918402017,0.8660961763645076
2022-10-10,233.0500030517578,234.55999755859375,226.72999572753903,229.25,29743600,241.6790008544922,262.0798004150391,243.96443400553923,33.990028695914845,-6.145124176219838,-0.21249894094721677
2022-10-11,227.6199951171875,229.05999755859375,224.11000061035156,225.41000366210935,30474000,240.35000076293946,261.0278002929688,242.19734540140306,31.79021681364469,-6.890581859000349,0.02455654325636436
2022-10-12,225.3999938964844,227.86000061035156,223.9600067138672,225.75,21903900,239.0265007019043,260.04640014648436,240.63093155365038,32.20856410132916,-7.368982536686104,-0.2812266194132703
2022-10-13,219.8500061035156,236.1000061035156,219.1300048828125,234.2400054931641,42551800,238.46950073242186,259.0818002319336,240.02227192884217,41.806601250339305,-6.982555478020146,0.9426586133063062
2022-10-14,235.5399932861328,237.2400054931641,228.33999633789065,228.55999755859375,30198600,237.66050033569337,257.9800003051758,238.93062675072326,37.936757286002404,-7.053331999737338,-0.2903096931269653
2022-10-17,235.82000732421875,238.9600067138672,235.13999938964844,237.52999877929688,28142300,237.31100006103514,257.07240020751954,238.79723361058743,46.378225964181986,-6.31284818575898,-0.06809256058227864
2022-10-18,243.2400054931641,243.92999267578125,235.3699951171875,238.5,26329600,237.11350021362304,256.23600006103516,238.76892564767434,47.21433707079466,-5.583376744828001,-0.06441193505861287
2022-10-19,237.0399932861328,239.61000061035156,234.2899932861328,236.47999572753903,19985700,236.9900001525879,255.31960021972657,238.55093232194716,45.61906811317904,-5.109365253071843,-0.24094175376762272
2022-10-20,235.77000427246097,241.30999755859375,234.8699951171875,236.1499938964844,21811000,236.74850006103514,254.25940002441405,238.32227151952213,45.34949213429559,-4.706087275933072,0.09133030116533325
2022-10-21,234.7400054931641,243.0,234.5,242.1199951171875,26299700,236.95849990844727,253.36140014648439,238.68395948120454,50.99167776003028,-3.8602587089912674,0.20579982577598455
2022-10-24,243.7599945068359,247.83999633789065,241.3000030517578,247.25,24911200,237.44850006103516,252.4682000732422,239.49977286394696,55.26556595811518,-2.744349798838215,-0.05279527903360115
2022-10-25,247.2599945068359,251.0399932861328,245.8300018310547,250.66000366210935,34775500,238.16100006103517,251.6120001220703,240.56265198758146,57.89412518661471,-1.5667644654293724,0.3959785156877227
2022-10-26,231.1699981689453,238.3000030517578,230.05999755859375,231.32000732421875,82543200,237.67350006103516,250.38420043945314,239.68240011488024,42.60396423645341,-2.16909173868234,1.3736021049301952
2022-10-27,231.0399932861328,233.69000244140625,225.77999877929688,226.75,40424600,237.13600006103516,249.09280029296875,238.4507429610821,39.92094627418698,-2.980840565656564,-0.5102612934802624
2022-10-28,226.2400054931641,236.6000061035156,226.0500030517578,235.8699951171875,40647700,237.2845001220703,248.00679992675782,238.20495745213978,47.08290707118529,-2.85533544279059,0.005518916699237542
2022-10-31,233.7599945068359,234.9199981689453,231.1499938964844,232.1300048828125,28357300,236.85400009155273,246.92640014648438,237.62639054077528,44.728128224759246,-3.0228125824008316,-0.30236397139321536
2022-11-01,234.6000061035156,235.7400054931641,227.3300018310547,228.1699981689453,30592300,235.81849975585936,245.9348001098633,236.72578174345813,42.314942496065434,-3.435476830410778,0.07881568414482332
2022-11-02,229.4600067138672,231.3000030517578,220.0399932861328,220.1000061035156,38407000,234.36350021362304,244.80800018310546,235.14237453965407,37.8350627950586,-4.363398593126249,0.2554466319956328
2022-11-03,220.08999633789065,220.41000366210935,213.97999572753903,214.25,36633900,232.73650054931642,243.57720001220704,233.15262458349653,34.94673119774295,-5.50734463663818,-0.046166063478011776
2022-11-04,217.5500030517578,221.58999633789065,213.42999267578125,221.38999938964844,36789100,232.09400024414063,242.4279998779297,232.03237456503481,40.879001003359825,-5.771264296208187,0.004236513174955547
2022-11-07,221.9900054931641,228.41000366210935,221.27999877929688,227.8699951171875,33498000,232.025,241.62359985351563,231.63595747476364,45.71711319445039,-5.395346828475482,-0.08945856245464012
2022-11-08,228.6999969482422,231.6499938964844,225.83999633789065,228.8699951171875,28192500,232.1979995727539,240.8963995361328,231.37253248832783,46.44546365408223,-4.959567082206547,-0.15838259000537347
2022-11-09,227.3699951171875,228.6300048828125,224.3300018310547,224.5099945068359,27852900,232.1359992980957,240.12719940185548,230.71895744247146,43.69276765472041,-4.909431237582794,-0.01204575685022613
2022-11-10,235.42999267578125,243.3300018310547,235.0,242.97999572753903,46268000,232.57299880981446,239.7573992919922,231.88667537438266,55.67697684469104,-3.340812672336199,0.6611555708741279
2022-11-11,242.9900054931641,247.9900054931641,241.92999267578125,247.11000061035156,34620200,233.50049896240233,239.49159942626954,233.33651587304635,57.83788312772525,-1.7443069946982916,-0.251746347367511
2022-11-14,241.9900054931641,243.91000366210935,239.2100067138672,241.5500030517578,31123300,233.70149917602538,239.2013995361328,234.11875274720936,54.0196122170123,-0.9171378844743856,-0.1010075042894033
2022-11-15,245.66000366210935,247.0,240.02999877929688,241.97000122070312,31390100,233.87499923706054,238.97579956054688,234.8664906970659,54.26522916822051,-0.22511507655431728,0.008572355759190131
2022-11-16,242.7899932861328,243.8000030517578,240.4199981689453,241.72999572753903,24093300,234.1374992370605,238.64859954833983,235.52015784282526,54.08742559457138,0.30048771169538213,-0.23245545570100123
2022-11-17,237.77999877929688,243.25,237.6300048828125,241.67999267578125,23123500,234.41399917602536,238.31179962158203,236.10680877929727,54.047692168823616,0.7048715591958512,-0.040251854249936714
2022-11-18,243.5099945068359,243.7400054931641,239.02999877929688,241.22000122070312,27613500,234.36899948120112,237.84699981689454,236.59377948800258,53.657188114938656,0.9769693115709401,0.1941747572815533
2022-11-21,241.42999267578125,244.6699981689453,241.19000244140625,242.0500030517578,26394700,234.108999633789,237.355,237.11341982740785,54.2988255920556,1.2452287301646834,-0.04413783113332248
2022-11-22,243.58999633789065,245.30999755859375,240.7100067138672,245.02999877929688,19665700,233.82749938964838,237.21579986572266,237.86737972758775,56.62106758942669,1.6789333044202692,-0.2549375442797228
2022-11-23,245.11000061035156,248.27999877929688,244.27000427246097,247.5800018310547,19508500,234.64049911499018,237.1229998779297,238.79239135648936,58.56148020853168,2.203016239325734,-0.007993613245396824
2022-11-25,247.30999755859375,248.6999969482422,246.72999572753903,247.4900054931641,9200800,235.67749938964843,237.1651998901367,239.6207355599822,58.46208662161784,2.5813377341427213,-0.5283696850090986
2022-11-28,246.0800018310547,246.6499938964844,240.8000030517578,241.7599945068359,24778200,235.97199935913082,237.10559967041016,239.8244745073016,52.3677613825977,2.391231615968678,1.6930484305712548
2022-11-29,241.3999938964844,242.7899932861328,238.2100067138672,240.3300018310547,17956300,236.38199920654293,237.02179962158203,239.87261996670665,50.94058296925275,2.100964083536752,-0.27531862685747954
2022-11-30,240.57000732421875,255.3300018310547,239.86000061035156,255.13999938964844,47594200,237.73049926757807,237.27559967041014,241.32665610222492,62.37666790861428,3.0310281971769086,1.6505571860572612
2022-12-01,253.8699951171875,256.1199951171875,250.9199981689453,254.69000244140625,26041500,239.4599990844726,237.59039978027343,242.5993557535755,61.90447841156693,3.689272082964834,-0.4528429934739947
2022-12-02,249.82000732421875,256.05999755859375,249.69000244140625,255.02000427246097,21528500,241.4984992980957,237.8711999511719,243.78227466013604,62.13087552236681,4.189272172792016,-0.17330030912197836
2022-12-05,252.0099945068359,253.82000732421875,248.05999755859375,250.1999969482422,23435300,242.9389991760254,238.1167999267578,244.39348630662235,56.81946210781958,4.148767132715619,0.08857096407088272
2022-12-06,250.82000732421875,251.86000061035156,243.77999877929688,245.1199951171875,22463700,243.8014991760254,238.27019989013672,244.46267762191428,51.79392683491706,3.6645107058740223,-0.041458824935033944
2022-12-07,244.8300018310547,246.16000366210935,242.2100067138672,244.3699951171875,20481500,244.57649917602538,238.4293997192383,244.4538507167022,51.07566740634984,3.1835176568571057,-0.08824013853461365
2022-12-08,244.83999633789065,248.7400054931641,243.05999755859375,247.3999938964844,22611800,245.72099914550782,238.5559994506836,244.73443578144335,53.859545650177786,3.0121011517666147,0.10401093669897232
2022-12-09,244.6999969482422,248.30999755859375,244.16000366210935,245.4199981689453,20609700,245.84299926757814,238.7143994140625,244.79972743739592,51.78585963008073,2.685526154963071,-0.08854226554276967
2022-12-12,247.4499969482422,252.5399932861328,247.1699981689453,252.5099945068359,30665100,246.11299896240234,239.10659942626953,245.5340385868664,58.01890786874057,2.9646420202625166,0.4878964759312363
2022-12-13,261.69000244140625,263.9200134277344,253.07000732421875,256.9200134277344,42196900,246.88149948120116,239.43019958496095,246.61841714313954,61.3646327786977,3.5013338284148006,0.37605616808684794
2022-12-14,257.1300048828125,262.5899963378906,254.30999755859375,257.2200012207031,35410900,247.64399948120118,239.59699951171876,247.62809181719322,61.58888729539219,3.9058482732334596,-0.160817500811671
2022-12-15,253.72000122070312,254.1999969482422,247.33999633789065,249.0099945068359,35560400,248.00799942016602,239.59319946289062,247.7597015971592,52.59185540451274,3.523335142874231,0.004221863889367405
2022-12-16,248.5500030517578,249.83999633789065,243.5099945068359,244.69000244140625,86102000,248.15849990844725,239.5511996459961,247.4673492966113,48.57117432757396,2.8388786492778877,1.4212888493942701
2022-12-19,244.86000061035156,245.2100067138672,238.7100067138672,240.4499969482422,29696400,248.11999969482423,239.67539947509766,246.79903002533806,44.93972725332389,1.932037611828605,-0.6551020882209473
2022-12-20,239.3999938964844,242.91000366210935,238.4199981689453,241.8000030517578,25150800,248.1074996948242,239.9263995361328,246.3229322183304,46.31598600071904,1.3072248914655518,-0.15306905887582334
2022-12-21,241.69000244140625,245.6199951171875,240.11000061035156,244.42999267578125,23690600,248.07749938964844,240.30679931640626,246.14265226189715,48.990914968605686,1.0126018481805374,-0.058057795378278265
2022-12-22,241.2599945068359,241.9900054931641,233.8699951171875,238.19000244140625,28651700,247.607999420166,240.55559936523437,245.385257040898,43.458027451096555,0.2724552075577549,0.20941217191628758
2022-12-23,236.11000061035156,238.8699951171875,233.94000244140625,238.72999572753903,21207000,247.16999893188478,240.6453991699219,244.75142263010193,44.04693793087674,-0.26746027674363404,-0.25983449498633593
2022-12-27,238.6999969482422,238.92999267578125,235.8300018310547,236.9600067138672,16688600,246.92999954223632,240.81339935302734,244.00938301903196,42.484940776231895,-0.8286187082499339,-0.21306172490215491
2022-12-28,236.88999938964844,239.72000122070312,234.1699981689453,234.52999877929688,17457100,246.63999938964844,240.75339935302733,243.10658452000956,40.36839436389514,-1.4526765885895543,0.04604939899092786
2022-12-29,235.6499938964844,241.9199981689453,235.6499938964844,241.0099945068359,19770700,245.93349914550782,240.80359924316406,242.90690928065968,47.83199990258529,-1.4081333702646077,0.13253060359395308
2022-12-30,238.2100067138672,239.9600067138672,236.66000366210935,239.82000732421875,21938500,245.18999938964845,240.87039947509766,242.6129186181415,46.67662256102376,-1.4521154859137937,0.10964710404790923
2023-01-03,243.0800018310547,245.75,237.3999938964844,239.5800018310547,25740000,244.41799926757812,240.93899963378905,242.3240694003237,46.43301220503963,-1.4891718211515865,0.1732798504911457
2023-01-04,232.27999877929688,232.8699951171875,225.9600067138672,229.1000061035156,50623400,243.3629997253418,240.67859985351564,241.0646348006277,37.28282901364632,-2.3372449985785977,0.9667210567210567
2023-01-05,227.1999969482422,227.5500030517578,221.7599945068359,222.30999755859375,39585600,242.2224998474121,240.1797998046875,239.27847887281493,32.776166957497765,-3.5167076283675556,-0.21803750834594282
2023-01-06,223.0,225.7599945068359,219.3500061035156,224.92999267578125,43613600,241.2504997253418,239.66519958496093,237.91195637785933,35.99130730324556,-4.191709136621796,0.10175417323471159
2023-01-09,226.4499969482422,231.2400054931641,226.41000366210935,227.1199951171875,27369800,240.2364997863769,239.58119934082032,236.88415054350963,38.63333861436642,-4.498086657602016,-0.37244804372947893
2023-01-10,227.7599945068359,231.30999755859375,227.3300018310547,228.8500061035156,27033900,239.40800018310543,239.62319946289062,236.11899393017686,40.715105054123946,-4.548859204673164,-0.012272650877975022
2023-01-11,231.2899932861328,235.9499969482422,231.11000061035156,235.77000427246097,28669300,238.5710006713867,239.6211996459961,236.0857568199182,48.27387690950654,-3.9847767684777295,0.060494416269942564
2023-01-12,235.2599945068359,239.8999938964844,233.55999755859375,238.5099945068359,27269500,237.6504997253418,239.74879943847657,236.31663659962464,50.941061355238055,-3.27884655881914,-0.04882574740227352
2023-01-13,237.0,239.3699951171875,234.9199981689453,239.22999572753903,21333300,236.7509994506836,239.96999938964845,236.59409937371174,51.64662919473541,-2.6309655671636563,-0.21768642622710355
2023-01-17,237.97000122070312,240.91000366210935,237.08999633789065,240.3500061035156,29831300,236.31800003051757,240.37499938964845,236.9518047765502,52.784207775943116,-2.004038428983449,0.39834437241308196
2023-01-18,241.57000732421875,242.3800048828125,235.52000427246097,235.80999755859375,30028700,235.87399978637694,240.8061993408203,236.84306123198292,47.868112798490806,-1.8521840772521614,0.006617210781963978
2023-01-19,233.77999877929688,235.52000427246097,230.67999267578125,231.92999267578125,28623000,235.4479995727539,241.01699920654298,236.3751499409161,44.08886426089371,-2.021618418231185,-0.04681188329831132
2023-01-20,234.86000061035156,240.7400054931641,234.5099945068359,240.22000122070312,35389800,235.36899948120117,241.2639993286133,236.74132625327675,52.684365474032504,-1.4700165117881454,0.23641127764385295
2023-01-23,241.1000061035156,245.1699981689453,239.6499938964844,242.5800018310547,31934000,235.27649993896483,241.53819946289062,237.29739059401751,54.81406336625061,-0.8328352940991977,-0.09764960525349109
2023-01-24,242.5,243.9499969482422,240.44000244140625,242.0399932861328,40234400,235.46899948120117,241.88879943847655,237.74906704088565,54.21276764722631,-0.3672058445748405,0.2599235924093444
2023-01-25,234.47999572753903,243.3000030517578,230.8999938964844,240.61000061035156,66526600,235.5629997253418,241.84139953613283,238.0215369046443,52.568253818206585,-0.11228525461578442,0.6534756327918398
2023-01-26,243.6499938964844,248.30999755859375,242.0,248.0,33454500,236.11499938964843,241.85919952392578,238.9718667232496,59.41921716629236,0.6782340791943398,-0.497125961645417
2023-01-27,248.9900054931641,249.8300018310547,246.8300018310547,248.16000366210935,26498900,236.79649963378907,241.9913995361328,239.8469273840934,59.55542841484253,1.3026214952059547,-0.20791223901119427
2023-01-30,244.5099945068359,245.6000061035156,242.1999969482422,242.7100067138672,25867400,236.88150024414062,242.0061996459961,240.1196016059766,53.026571898198256,1.3422116344412416,-0.02383117789795053
2023-01-31,243.4499969482422,247.9499969482422,242.9499969482422,247.80999755859375,26541100,237.28099975585937,242.1277996826172,240.85202026813062,57.69979063100954,1.764770567216999,0.02604436472161864
2023-02-01,248.0,255.17999267578125,245.47000122070312,252.75,31259900,237.93949966430665,242.34919982910156,241.98516119497532,61.67689503632642,2.469798181472953,0.17779217892250143
2023-02-02,258.82000732421875,264.69000244140625,257.25,264.6000061035156,39940400,239.71449966430663,242.81679992675782,244.13895594816964,69.16600720806697,3.9393240278915584,0.27768802843259266
2023-02-03,259.5400085449219,264.20001220703125,257.1000061035156,258.3500061035156,29077300,241.51650009155273,243.14279998779296,245.49238929629783,62.25573524372807,4.54719386166235,-0.27198275430391283
2023-02-06,257.44000244140625,258.29998779296875,254.77999877929688,256.7699890136719,22518000,243.10849990844727,243.37759979248048,246.5664464122382,60.60721896070833,4.845584033527587,-0.22558146733018536
2023-02-07,260.5299987792969,268.7699890136719,260.0799865722656,267.55999755859375,50841400,245.13050003051757,243.77719970703126,248.56583223570064,67.02819791601723,5.8848865987316685,1.2578115285549338
2023-02-08,273.20001220703125,276.760009765625,266.2099914550781,266.7300109863281,54686000,247.0245002746582,244.16199981689454,250.2957540214747,66.13519839446622,6.565881000477418,0.075619475466844
2023-02-09,273.79998779296875,273.9800109863281,262.79998779296875,263.6199951171875,42375100,248.41699981689453,244.59919982910156,251.56472936392353,62.76108003043732,6.776506334216009,-0.22511977471382072
2023-02-10,261.5299987792969,264.0899963378906,260.6600036621094,263.1000061035156,25818500,249.64650039672853,245.05459991455078,252.6633271486466,62.189781730493806,6.822820434097537,-0.39071530214677963
2023-02-13,267.6400146484375,274.6000061035156,267.1499938964844,271.32000732421875,44630900,251.2510009765625,245.3782000732422,254.44015383203444,67.26290140026269,7.43708006347282,0.7286403160524431
2023-02-14,272.6700134277344,274.9700012207031,269.2799987792969,272.1700134277344,37047900,252.84200134277344,245.72780029296874,256.1287118887678,67.74484902817306,7.90139131339518,-0.16990470727679696
2023-02-15,268.32000732421875,270.7300109863281,266.17999267578125,269.32000732421875,28922400,254.5175018310547,246.0138003540039,257.38502573976314,64.3254414845282,7.947772674012356,-0.21932417222028777
2023-02-16,264.0199890136719,266.739990234375,261.8999938964844,262.1499938964844,29603600,256.0285018920898,246.25280029296874,257.83883223087946,56.58705304910138,7.321571555770532,0.02355267889248469
2023-02-17,259.3900146484375,260.0899963378906,256.0,258.05999755859375,30000100,256.9205017089844,246.51160034179688,257.85989559542367,52.69294618619597,6.421253917022597,0.0133936413138942
2023-02-21,254.47999572753903,255.4900054931641,251.58999633789065,252.6699981689453,28397400,257.4250015258789,246.67760040283204,257.3656196500448,48.004556223002034,5.2127287055299405,-0.05342315525614916
2023-02-22,254.08999633789065,254.33999633789065,250.33999633789065,251.5099945068359,22491100,257.89850158691405,246.75980041503905,256.8079410649773,47.03461773632368,4.113938248203283,-0.20798735095466492
2023-02-23,255.55999755859375,256.8399963378906,250.47999572753903,254.77000427246097,29219100,258.6065017700195,246.94680053710937,256.6138518466424,50.08687223549953,3.466237805695755,0.2991405489282428
2023-02-24,249.9600067138672,251.0,248.1000061035156,249.22000122070312,24990900,258.66750183105466,246.88100067138672,255.90967559655292,45.30065788116493,2.4765436223294444,-0.14470671581260208
2023-02-27,252.4600067138672,252.82000732421875,249.38999938964844,250.16000366210935,21190000,258.7675018310547,246.7458004760742,255.36208779327256,46.237715700104665,1.7479054270141035,-0.15209136125549705
2023-02-28,249.07000732421875,251.4900054931641,248.72999572753903,249.4199981689453,22491000,259.1030014038086,246.58980041503906,254.7961744957176,45.575790160598494,1.098084118671153,0.06139688532326559
2023-03-01,250.7599945068359,250.92999267578125,245.7899932861328,246.27000427246097,27565300,259.02600173950196,246.53500061035157,253.98415828397887,42.76905233688958,0.325169516475853,0.2256146903205727
2023-03-02,246.5500030517578,251.3999938964844,245.61000061035156,251.11000061035156,24808200,258.94400177001955,246.66340057373046,253.71042898172865,48.06172644981257,0.10200058140841861,-0.1000206781714692
2023-03-03,252.19000244140625,255.6199951171875,251.38999938964844,255.2899932861328,30760100,258.4785011291504,246.96020050048827,253.8608636773862,52.17523350067619,0.25943743454996593,0.23991664046565253
2023-03-06,256.42999267578125,260.1199951171875,255.97999572753903,256.8699951171875,24109800,258.404500579834,247.26160034179688,254.14744762403393,53.66893485301127,0.5058688765592478,-0.21619890702565991
2023-03-07,256.29998779296875,257.69000244140625,253.38999938964844,254.1499938964844,21473200,258.2735008239746,247.45600036621093,254.14769012617208,50.73139407130433,0.47619690182031604,-0.10935802039004883
2023-03-08,254.0399932861328,254.5399932861328,250.80999755859375,253.6999969482422,17340200,257.580500793457,247.76620025634764,254.10505268065495,50.24144805639452,0.4116256903921851,-0.19247247732056705
2023-03-09,255.82000732421875,259.55999755859375,251.5800018310547,252.32000732421875,26653400,256.86000061035156,248.03800048828126,253.93504836099436,48.68852829634627,0.2462601764977137,0.5370872308277874
2023-03-10,251.0800018310547,252.7899932861328,247.6000061035156,248.58999633789065,28333900,256.1085006713867,248.27060028076173,253.42599578736542,44.669535075044045,-0.18365681679048862,0.06305011743342304
2023-03-13,247.3999938964844,257.9100036621094,245.72999572753903,253.9199981689453,33339700,255.6495002746582,248.6584002685547,253.47304363323016,50.90577691468086,-0.0932080835071929,0.1766717606824335
2023-03-14,256.75,261.07000732421875,255.86000061035156,260.7900085449219,33620300,255.12300033569335,249.0540005493164,254.16989743434365,57.547445165491204,0.5267535247956232,0.008416392469038358
2023-03-15,259.9800109863281,266.4800109863281,259.2099914550781,265.44000244140625,46028000,254.78649978637696,249.56640045166014,255.2432407683496,61.35798275733896,1.3774152264641373,0.36905381570063334
2023-03-16,265.2099914550781,276.55999755859375,263.2799987792969,276.20001220703125,54768800,255.13050003051757,250.29880065917968,257.23912376250973,68.42147171658762,2.886539387405662,0.18990179890501424
2023-03-17,278.260009765625,283.3299865722656,276.32000732421875,279.42999267578125,69527400,255.99449996948243,251.305400390625,259.352539849488,70.1834049292973,4.293668845623074,0.269470939659076
2023-03-20,276.9800109863281,277.4800109863281,269.8500061035156,272.2300109863281,43466600,256.70300064086916,252.3038006591797,260.5789656720442,61.893344664974855,4.772832487567825,-0.37482776574415266
2023-03-21,274.8800048828125,275.0,269.5199890136719,273.7799987792969,34558700,257.75850067138674,253.28080078125,261.83620692035396,62.90906148725384,5.217500093800481,-0.20493666401328836
2023-03-22,273.3999938964844,281.0400085449219,272.17999267578125,272.2900085449219,34873300,258.797501373291,254.1842010498047,262.8318070750747,61.21977476587078,5.387568084616078,0.009103351688576344
2023-03-23,277.94000244140625,281.05999755859375,275.20001220703125,277.6600036621094,36610900,259.94200134277344,255.16040100097655,264.2440162738399,64.8800916733453,5.887791128539391,0.04982608471237304
2023-03-24,277.239990234375,280.6300048828125,275.2799987792969,280.57000732421875,28172000,261.5095016479492,256.05640106201173,265.79887256435217,66.7135865155202,6.444743479262456,-0.2305023913643205
2023-03-27,280.5,281.4599914550781,275.5199890136719,276.3800048828125,26840200,262.82050170898435,256.81380126953127,266.8065994518246,61.71739231629221,6.4734125794688,-0.047273888967769406
2023-03-28,275.7900085449219,276.1400146484375,272.04998779296875,275.2300109863281,21878600,264.1110023498535,257.533801574707,267.6088291217773,60.380827498061,6.3303656368400425,-0.18485704279401793
2023-03-29,278.9599914550781,281.1400146484375,278.4100036621094,280.510009765625,25087000,265.82300262451173,258.3370016479492,268.83751299261996,64.2128857890319,6.567347386270399,0.14664558061301913
2023-03-30,284.2300109863281,284.4599914550781,281.4800109863281,284.04998779296875,25053400,267.4700019836426,259.3018014526367,270.2863201164627,66.5489656481618,6.960566692007944,-0.0013393390999322241
2023-03-31,283.7300109863281,289.2699890136719,283.0,288.29998779296875,32766000,269.12050170898436,260.4292013549805,272.0019075142252,69.15244866201684,7.528353137334989,0.3078464400041512
2023-04-03,286.5199890136719,288.2699890136719,283.95001220703125,287.2300109863281,24883300,270.6385025024414,261.369401550293,273.4522030829969,67.72337728087379,7.802052594114684,-0.24057559665506922
2023-04-04,287.2300109863281,290.45001220703125,285.6700134277344,287.17999267578125,25824300,272.2900024414063,262.2614013671875,274.75961161564305,67.65299348013151,7.9235871455182405,0.03781652755060616
2023-04-05,285.8500061035156,287.1499938964844,282.9200134277344,284.3399963378906,22064800,273.8220024108887,263.10740142822266,275.6720292082381,63.610613482171644,7.701956819572217,-0.14557993827519045
2023-04-06,283.2099914550781,292.0799865722656,282.0299987792969,291.6000061035156,29770300,275.7860023498535,264.12720153808596,277.18897938874073,68.75094485825596,8.019689316791755,0.34922138428628413
2023-04-10,289.2099914550781,289.6000061035156,284.7099914550781,289.3900146484375,23103000,277.82600326538085,264.9550018310547,278.3509827468071,65.70814315454751,8.00093694848988,-0.22395810589748844
2023-04-11,285.75,285.9800109863281,281.6400146484375,282.8299865722656,27276600,279.27150268554686,265.6484014892578,278.7775545397079,57.563994542563215,7.371759070399264,0.18065186339436434
2023-04-12,284.7900085449219,287.010009765625,281.9599914550781,283.489990234375,27403400,280.40650177001953,266.464001159668,279.2263579392,58.12632665715856,6.847454653825309,0.0046486732217358995
2023-04-13,283.5899963378906,289.8999938964844,283.1700134277344,289.8399963378906,24222700,281.6265014648437,267.3046011352539,280.2371806438372,63.18150931192533,6.865194362444413,-0.11606953881635129
2023-04-14,287.0,288.4800109863281,283.69000244140625,286.1400146484375,20987900,282.1235015869141,267.97240142822267,280.79935531094196,58.7322992584661,6.505701926876895,-0.13354415486300042
2023-04-17,289.92999267578125,291.6000061035156,286.1600036621094,288.79998779296875,23836200,282.5920013427734,268.4564010620117,281.5613203092302,60.865888217258586,6.362100845846385,0.13571152902386618
2023-04-18,291.57000732421875,291.760009765625,287.010009765625,288.3699951171875,20161800,283.3990005493164,269.05680084228516,282.2097655290357,60.322948597988706,6.142788892602368,-0.1541520880006041
2023-04-19,285.989990234375,289.04998779296875,284.5400085449219,288.45001220703125,17150300,284.13250122070315,269.69040130615235,282.8040747364638,60.39375094621208,5.907343125659679,-0.14936662401174494
2023-04-20,285.25,289.0299987792969,285.0799865722656,286.1099853515625,23244400,284.82350006103513,270.0614010620117,283.1189233664732,57.1802593741911,5.468888110374735,0.3553348921010129
2023-04-21,285.010009765625,286.2699890136719,283.05999755859375,285.760009765625,21676400,285.22850036621094,270.44200103759766,283.37045540448764,56.694381886402596,5.035127432166462,-0.06745710794858117
2023-04-24,282.0899963378906,284.95001220703125,278.7200012207031,281.7699890136719,26611000,285.2884994506836,270.80500091552733,283.21803003393376,51.33833327763727,4.319613821651842,0.22764850251886837
2023-04-25,279.510009765625,281.6000061035156,275.3699951171875,275.4200134277344,45772200,285.24049987792966,271.05140106201173,282.4753617857243,44.18425615634673,3.2032491077362693,0.7200481004096051
2023-04-26,296.70001220703125,299.57000732421875,292.7300109863281,295.3699951171875,64599200,286.2474990844727,271.5324008178711,283.7034221030065,62.06839971103849,3.883551656303098,0.4113195345646483
2023-04-27,295.9700012207031,305.20001220703125,295.25,304.8299865722656,46462600,287.4634979248047,272.1856002807617,285.7154758619836,67.40215669235933,5.126938422607509,-0.28075579883342205
2023-04-28,304.010009765625,308.92999267578125,303.30999755859375,307.260009765625,36469600,288.6239990234375,272.9444003295898,287.76733623375895,68.62269673519512,6.236523198839279,-0.21507621183489511
2023-05-01,306.9700012207031,308.6000061035156,305.1499938964844,305.55999755859375,21294100,289.48699951171875,273.812600402832,289.4618754075527,66.74001980910772,6.899171001892,-0.41611369469366266
2023-05-02,307.760009765625,309.17999267578125,303.9100036621094,305.4100036621094,26404400,290.3959991455078,274.75960052490234,290.98074476512954,66.56649166654809,7.327751152120925,0.2399866629723726
2023-05-03,306.6199951171875,308.6099853515625,304.0899963378906,304.3999938964844,22360800,291.25699920654296,275.7942004394531,292.25876849192525,65.33462512512531,7.499455605872981,-0.15314114314280958
2023-05-04,306.239990234375,307.760009765625,303.3999938964844,305.4100036621094,22519900,292.3104995727539,276.8722006225586,293.51126707956183,66.01198348491604,7.629088585348256,0.007115130049014429
2023-05-05,305.7200012207031,311.9700012207031,304.2699890136719,310.6499938964844,28197100,293.2629989624023,277.98980041503904,295.1435267764116,69.35731386794824,8.061716624028634,0.2520970341786597
2023-05-08,310.1300048828125,310.20001220703125,306.0899963378906,308.6499938964844,21318600,294.2259979248047,279.1784002685547,296.4298569783233,66.66041053670014,8.149254641524294,-0.24394352610729475
2023-05-09,308.0,310.0400085449219,306.30999755859375,307.0,21340800,295.4344985961914,280.3152001953125,297.43653726610205,64.43439646652223,7.993346114868075,0.0010413441783232447
2023-05-10,308.6199951171875,313.0,307.6700134277344,312.30999755859375,30078000,296.87549896240233,281.5730001831055,298.8530572939584,68.12354853387883,8.20369284521189,0.409412955465587
2023-05-11,310.1000061035156,311.1199951171875,306.260009765625,310.1099853515625,31680200,297.8889984130859,282.8497998046875,299.9251456803969,65.11012380376492,8.09950548813731,0.05326816942615875
2023-05-12,310.54998779296875,310.6499938964844,306.6000061035156,308.9700012207031,19774700,299.0304977416992,284.0069998168945,300.7865604937594,63.541640473346995,7.834636255054363,-0.3758025517515672
2023-05-15,309.1000061035156,309.8999938964844,307.5899963378906,309.4599914550781,16336500,300.06349792480466,285.09039978027346,301.6126015376945,63.94369587076047,7.576921561163942,-0.17386863011828246
2023-05-16,309.8299865722656,313.7099914550781,309.8299865722656,311.739990234375,26730300,301.23199768066405,286.1877996826172,302.57711474690217,65.83186923626964,7.470541899499551,0.6362317509870534
2023-05-17,312.2900085449219,314.42999267578125,310.739990234375,314.0,24315000,302.5094970703125,287.3847998046875,303.6650085805305,67.64078767328556,7.482347309419197,-0.09035813290535455
2023-05-18,314.5299987792969,319.0400085449219,313.7200012207031,318.5199890136719,27276000,304.12999725341797,288.6811996459961,305.0797686217821,70.95294952599568,7.766896571165773,0.12177668106107342
2023-05-19,316.739990234375,318.75,316.3699951171875,318.3399963378906,27546700,305.7589965820313,290.00159942626954,306.3426474518877,70.64286218738516,7.886963995022654,0.009924475729579108
2023-05-22,318.6000061035156,322.5899963378906,318.010009765625,321.17999267578125,24115700,307.72949676513673,291.45339935302735,307.7557279494013,72.67225016532097,8.117706396850224,-0.12455212421088546
2023-05-23,320.0299987792969,322.7200012207031,315.25,315.260009765625,30797200,309.72149658203125,292.6801995849609,308.47042145570833,62.90983497544454,7.733728657336883,0.27706017241879777
2023-05-24,314.7300109863281,316.5,312.6099853515625,313.8500061035156,23384900,310.64549713134767,293.7413995361328,308.9827628507376,60.8143749287765,7.232278812509037,-0.2406809709973634
2023-05-25,323.239990234375,326.8999938964844,320.0,325.9200134277344,43301700,311.6999984741211,294.95099975585936,310.5958343342611,70.02018099720954,7.719835457809381,0.8516948971344758
2023-05-26,324.0199890136719,333.3999938964844,323.8800048828125,332.8900146484375,36630600,312.9814987182617,296.0847998046875,312.7190896022779,73.84184234354649,8.569860443011805,-0.1540609260144521
2023-05-30,335.2300109863281,335.739990234375,330.5199890136719,331.2099914550781,29503100,314.2639984130859,297.12039978027343,314.4801278739732,71.47671312725858,9.00415326279682,-0.19457775739409133
2023-05-31,332.2900085449219,335.94000244140625,327.3299865722656,328.3900146484375,45950600,315.41299896240236,298.2435998535156,315.80487899535075,67.5648120446557,9.016844322066788,0.5574837898390339
2023-06-01,325.92999267578125,333.5299987792969,324.7200012207031,332.5799865722656,26773900,316.8219985961914,299.419599609375,317.40250828839027,70.17656013140618,9.258274173571522,-0.41733296191997493
2023-06-02,334.25,337.5,332.54998779296875,335.3999938964844,25873800,318.32149810791014,300.6817993164062,319.1165545367802,71.82116548517119,9.56687906686966,-0.03361856136013053
2023-06-05,335.2200012207031,338.55999755859375,334.6600036621094,335.94000244140625,21307100,319.58599853515625,301.8473992919922,320.7187876705541,72.13801359507552,9.742716869283697,-0.17649900671721974
2023-06-06,335.3299865722656,335.3699951171875,332.1700134277344,333.67999267578125,20396200,320.8374984741211,302.90959899902344,321.9531881472424,68.65851346156003,9.58916773751514,-0.04275100788000241
2023-06-07,331.6499938964844,334.489990234375,322.5,323.3800048828125,40717100,321.65649871826173,303.84959899902344,322.08907545539194,55.51591454557855,8.537935998513547,0.9963081358292232
2023-06-08,323.94000244140625,326.6400146484375,323.3500061035156,325.260009765625,23277700,322.30399932861326,304.8501989746094,322.39106919922364,57.129000170299534,7.766994871730844,-0.4283065346009416
2023-06-09,324.989990234375,329.989990234375,324.4100036621094,326.7900085449219,22529000,323.13800048828125,305.77579895019534,322.8100158035758,58.449521953898206,7.1965195910133275,-0.03216383061900441
2023-06-12,328.5799865722656,332.1000061035156,325.1600036621094,331.8500061035156,24260300,324.28200073242186,306.73179931640624,323.6709672607129,62.55718112324766,7.071200933119428,0.07684761862488343
2023-06-13,334.4700012207031,336.9800109863281,330.3900146484375,334.2900085449219,22951300,325.52350158691405,307.6515997314453,324.6823045258757,64.38557176467955,7.087077382424525,-0.053956463852466774
2023-06-14,334.3399963378906,339.0400085449219,332.80999755859375,337.3399963378906,26003800,326.80350189208986,308.65379943847654,325.8877989841628,66.58226772620895,7.262055650892648,0.13299900223516747
2023-06-15,337.4800109863281,349.8399963378906,337.20001220703125,348.1000061035156,38899100,328.5085021972656,309.87219970703126,328.00324728124406,72.92660121157024,8.174736775287727,0.49590059914320217
2023-06-16,351.32000732421875,351.4700012207031,341.95001220703125,342.3299865722656,46552000,329.6990020751953,311.03199951171877,329.3676986422937,65.7211155905465,8.336354482502827,0.19673719957531155
2023-06-20,339.30999755859375,342.0799865722656,335.8599853515625,338.04998779296875,26375400,330.6845016479492,311.9609991455078,330.1945833233104,60.913375369008456,8.026552447556412,-0.4334206908403506
2023-06-21,336.3699951171875,337.7300109863281,332.07000732421875,333.55999755859375,25117800,331.30350189208986,312.84439880371093,330.51509896476597,56.263421542538744,7.334183513188975,-0.04768079346663934
2023-06-22,334.1199951171875,340.1199951171875,333.3399963378906,339.7099914550781,23556800,332.5260009765625,313.9819989013672,331.39080301146237,60.68986097715672,7.198746584692572,-0.06214716256997033
2023-06-23,334.3599853515625,337.9599914550781,333.45001220703125,335.0199890136719,23146900,333.5845001220703,315.0125988769531,331.73643977357756,56.03257040944548,6.63646678402398,-0.017400495822862183
2023-06-26,333.7200012207031,336.1099853515625,328.489990234375,328.6000061035156,21520600,333.7184997558594,315.7877990722656,331.4377318050002,50.33802747454575,5.608169536718208,-0.07025994841641858
2023-06-27,331.8599853515625,336.1499938964844,329.29998779296875,334.57000732421875,24354100,333.80249938964846,316.75639892578124,331.7360437592115,54.92550957923015,5.214852194905461,0.13166454466882893
2023-06-28,334.6600036621094,337.9800109863281,333.80999755859375,335.8500061035156,20259500,334.0345001220703,317.6973992919922,332.12784969676426,55.866825499980834,4.949377232062659,-0.1681277485105177
2023-06-29,334.7099914550781,336.1099853515625,332.6199951171875,335.04998779296875,16997000,334.36749877929685,318.6309991455078,332.40614856306945,55.09241462903778,4.621161743728408,-0.16103556356277304
2023-06-30,337.75,342.7300109863281,337.20001220703125,340.5400085449219,26832800,334.7654998779297,319.6727990722656,333.18080189467446,59.265337095898765,4.749300418337668,0.5786785903394718
2023-07-03,339.19000244140625,340.8999938964844,336.57000732421875,337.989990234375,12508700,334.8949996948242,320.71039916992186,333.6388198317888,56.632984526541684,4.592150621041071,-0.5338280015503414
2023-07-05,335.0899963378906,341.6499938964844,334.7300109863281,338.1499938964844,18172400,335.0054992675781,321.75819885253907,334.06845545699787,56.76275402574548,4.429459184569055,0.45278086451829536
2023-07-06,337.29998779296875,342.989990234375,335.5,341.2699890136719,28161200,335.38499908447267,322.94819885253906,334.7543157957287,59.31905951880942,4.500404715945649,0.549668728401312
2023-07-07,339.32000732421875,341.7900085449219,337.0,337.2200012207031,21214800,336.0769989013672,324.18419860839845,334.9891429790596,54.79065027892441,4.18162620899875,-0.24666562504438727
2023-07-10,334.6000061035156,335.2300109863281,327.5899963378906,331.8299865722656,32791400,336.4054977416992,324.9133984375,334.6882709403173,49.387025373935145,3.4542444300738566,0.5456850877689161
2023-07-11,331.05999755859375,332.8599853515625,327.0,332.4700012207031,26698200,336.68949737548826,325.46619873046876,334.47700715749687,50.01737636601243,2.896049111645368,-0.18581701299731024
2023-07-12,336.6000061035156,341.6499938964844,335.6700134277344,337.20001220703125,29995300,336.9569976806641,326.0649987792969,334.73634097173823,54.52502415074333,2.803036002251588,0.12349521690600862
2023-07-13,339.55999755859375,343.739990234375,339.0199890136719,342.6600036621094,20567200,337.37549743652346,326.8069989013672,335.49097551367834,59.10929264264711,3.133773927180073,-0.31431924334812456
2023-07-14,347.5899963378906,351.42999267578125,344.30999755859375,345.239990234375,28352700,337.77049713134767,327.6035986328125,336.4194531061256,61.10458327361684,3.56299745330557,0.3785396164767203
2023-07-17,345.67999267578125,346.989990234375,342.20001220703125,345.7300109863281,20363900,337.6519973754883,328.43019897460937,337.30617290424016,61.4889524754915,3.897769706655879,-0.28176505235832916
2023-07-18,345.8299865722656,366.7799987792969,342.1700134277344,359.489990234375,64738600,338.50999755859374,329.51179870605466,339.41891741187203,70.34965087603186,5.213298794376783,2.1790865207548653
2023-07-19,361.75,362.4599914550781,352.44000244140625,355.0799865722656,39732900,339.3614974975586,330.4003985595703,340.9104478081,65.1740234056744,5.832778000663609,-0.38625642198008603
2023-07-20,353.57000732421875,357.9700012207031,345.3699951171875,346.8699951171875,33778400,340.0269973754883,331.16479858398435,341.47802374229883,56.79657690640145,5.596726459307547,-0.14986321159542848
2023-07-21,349.1499938964844,350.29998779296875,339.8299865722656,343.7699890136719,69405400,340.229997253418,331.9001983642578,341.69630614909624,53.97535550685831,5.100711500308762,1.054727281339554
2023-07-24,345.8500061035156,346.9200134277344,342.30999755859375,345.1099853515625,26678100,340.7344970703125,332.5561981201172,342.021418454093,55.01552335548268,4.760862320066678,-0.6156192457647387
2023-07-25,347.1099853515625,351.8900146484375,345.07000732421875,350.9800109863281,41637700,341.85349731445314,333.3735986328125,342.8746177428773,59.34962064314368,4.9086080292592555,0.5607445807609988
2023-07-26,341.44000244140625,344.6700134277344,333.1099853515625,337.7699890136719,58383700,342.0134963989258,333.94959838867186,342.3884626258101,48.114868151829896,3.914633734890458,0.4021835980373556
2023-07-27,340.4800109863281,341.3299865722656,329.04998779296875,330.7200012207031,39635300,341.75699615478516,334.3747985839844,341.2771805872285,43.393775653237,2.5288755465881536,-0.3211238753282166
2023-07-28,333.6700134277344,340.010009765625,333.1700134277344,338.3699951171875,28484900,341.9229965209961,334.90739868164064,341.00030578055794,49.21670466192579,2.0246043931182953,-0.28132498050979804
2023-07-31,336.9200134277344,337.70001220703125,333.3599853515625,335.9200134277344,25446000,341.6919967651367,335.34579895019533,340.51646841362236,47.53040311644835,1.4110076065616681,-0.10668459429381882
2023-08-01,335.19000244140625,338.5400085449219,333.70001220703125,336.3399963378906,18311900,341.6094970703125,335.7021990966797,340.1187091683146,47.86019923261093,0.947692434923681,-0.2803623359270613
2023-08-02,333.6300048828125,333.6300048828125,326.3599853515625,327.5,27761300,341.0769973754883,335.88539916992187,338.9169273427608,41.89163021147423,-0.13128858901103513,0.5160250984332593
2023-08-03,326.0,329.8800048828125,325.95001220703125,326.6600036621094,18253700,340.3464981079102,335.99499938964846,337.74960127793685,41.363761723331585,-1.0421561807117428,-0.34247675721237836
2023-08-04,331.8800048828125,335.1400146484375,327.239990234375,327.7799987792969,23741500,339.87449798583987,336.2453991699219,336.8001153256854,42.40584000382124,-1.6545781172176817,0.3006404181070139
2023-08-07,328.3699951171875,331.1099853515625,327.5199890136719,330.1099853515625,17741500,339.7884979248047,336.57059875488284,336.16296009005464,44.61119355001511,-1.929672407949397,-0.25272202683065514
2023-08-08,326.9599914550781,328.75,323.0,326.04998779296875,22327600,339.46749725341795,336.5731982421875,335.19981987128455,41.62055017294191,-2.4470860032771498,0.2584956176197053
2023-08-09,326.4700012207031,327.1099853515625,321.04998779296875,322.2300109863281,22373300,338.7189971923828,336.3599981689453,333.96459997747917,38.97322798017153,-3.1293074998240513,0.0020467941023665226
2023-08-10,326.0199890136719,328.260009765625,321.17999267578125,322.92999267578125,20113700,337.7324966430664,336.19439819335935,332.9136849963651,39.729734585865465,-3.572310902235529,-0.10099538288942622
2023-08-11,320.260009765625,322.4100036621094,319.2099914550781,321.010009765625,24355500,336.52099761962893,336.04679809570314,331.7800016410565,38.326323653363396,-4.031844274140269,0.21089108418640024
2023-08-14,321.3900146484375,324.05999755859375,320.0799865722656,324.0400085449219,18836100,335.4364974975586,335.87599853515627,331.04285944142464,41.81916542432438,-4.104221295100217,-0.22661821765104395
2023-08-15,323.0,325.0899963378906,320.8999938964844,321.8599853515625,16966300,333.554997253418,335.60519836425783,330.1683000042949,40.061215341300176,-4.288060169737378,-0.09926683336784159
2023-08-16,320.79998779296875,324.4200134277344,319.79998779296875,320.3999938964844,20698900,331.8209976196289,335.29439819335937,329.2379851368844,38.882367476036194,-4.499693248336996,0.22000082516518038
2023-08-17,320.5400085449219,321.8699951171875,316.2099914550781,316.8800048828125,21257200,330.32149810791014,334.9583984375,328.0610346364966,36.12250655557069,-4.895020929261079,0.02697244781123631
2023-08-18,314.489990234375,318.3800048828125,311.54998779296875,316.4800109863281,24755000,328.95699920654295,334.8203985595703,326.9580800031472,35.81144021257839,-5.180875224527824,0.16454660068118088
2023-08-21,317.92999267578125,322.7699890136719,317.0400085449219,321.8800048828125,24040000,327.79550018310545,334.75279846191404,326.47445380121053,42.95357681116783,-4.9150250854927435,-0.028883053928499325
2023-08-22,325.5,326.0799865722656,321.4599914550781,322.4599914550781,16084600,326.36949920654297,334.6661981201172,326.0921240539598,43.67843753525332,-4.60445952252968,-0.33092346089850244
2023-08-23,323.82000732421875,329.20001220703125,323.4599914550781,327.0,21166400,325.83099975585935,334.5691979980469,326.1785884297732,49.127623053960214,-3.946500527763874,0.3159419569028761
2023-08-24,332.8500061035156,332.9800109863281,319.9599914550781,319.9700012207031,23281400,325.2934997558594,334.2827978515625,325.5872944098617,42.30255804852315,-3.9468288472757536,0.09992251870889701
2023-08-25,321.4700012207031,325.3599853515625,318.79998779296875,322.9800109863281,21684100,324.5240005493164,333.99559814453124,325.3389817028585,45.77607429761097,-3.6619932320027146,-0.06860841701959508
2023-08-28,325.6600036621094,326.1499938964844,321.7200012207031,323.70001220703125,14808500,323.9130004882812,333.5075982666016,325.1828893699226,46.60415046971496,-3.3396633137469394,-0.31708025696247477
2023-08-29,321.8800048828125,328.9800109863281,321.8800048828125,328.4100036621094,19284600,323.51650085449216,333.22919860839846,325.4902335882261,51.79073447521533,-2.6733409732411815,0.3022655907080394
2023-08-30,328.6700134277344,329.80999755859375,326.45001220703125,328.7900085449219,15222100,323.5810012817383,333.0439990234375,325.80449786981615,52.19420167310405,-2.0905143514440283,-0.21066031963328247
2023-08-31,329.20001220703125,330.9100036621094,326.7799987792969,327.760009765625,26411000,323.63600158691406,332.9279992675781,325.9907370979884,50.94954312145527,-1.6922254267156518,0.7350431280835101
2023-09-01,331.30999755859375,331.989990234375,326.7799987792969,328.6600036621094,14942000,323.6800018310547,332.7069995117188,326.244952961238,52.02606012071416,-1.2890966942121054,-0.43425088031502024
2023-09-05,329.0,334.8500061035156,328.6600036621094,333.54998779296875,18553900,323.852001953125,332.6775994873047,326.94067056426,57.48571603760073,-0.5684803298833572,0.2417280149912997
2023-09-06,333.3800048828125,334.4599914550781,330.17999267578125,332.8800048828125,17535800,324.19350280761716,332.7631994628906,327.5063214517412,56.53636091993213,-0.05086238109254282,-0.054872560485935584
2023-09-07,331.2900085449219,333.0799865722656,329.0299987792969,329.9100036621094,18381000,324.57750244140624,332.6699993896484,327.7352435670144,52.404771394726595,0.11833520085087912,0.04819854241038324
2023-09-08,330.0899963378906,336.1600036621094,329.4599914550781,334.2699890136719,19530100,325.1445022583008,332.6383990478516,328.35760027621984,57.33405465280733,0.5973539588986796,0.06251564115118868
2023-09-11,337.239990234375,338.4200134277344,335.42999267578125,337.94000244140625,16583300,325.99100189208986,332.6961993408203,329.2702100062376,60.99588402382335,1.2586107070585513,-0.15088504411139725
2023-09-12,335.82000732421875,336.7900085449219,331.4800109863281,331.7699890136719,17565500,326.3775009155273,332.5207989501953,329.50828419742186,52.79251542694677,1.2701514105889373,0.059228259755296
2023-09-13,331.30999755859375,336.8500061035156,331.1700134277344,336.05999755859375,16544400,327.0875015258789,332.48219909667966,330.1322568984859,57.111568953705465,1.6069415162479572,-0.05813099541715294
2023-09-14,339.1499938964844,340.8599853515625,336.57000732421875,338.70001220703125,20267000,328.00250244140625,332.49319946289063,330.94823359453784,59.56337168945941,2.063095143448834,0.22500664877541654
2023-09-15,336.9200134277344,337.3999938964844,329.6499938964844,330.2200012207031,37679800,328.6695022583008,332.27219970703123,330.8788781303631,49.7293169387593,1.7205012952700827,0.859170079439483
2023-09-18,327.79998779296875,330.3999938964844,326.3599853515625,329.05999755859375,16834200,329.2985015869141,332.10899963378904,330.7056514092422,48.54851534621626,1.3399445546168067,-0.553230112686373
2023-09-19,326.1700134277344,329.3900146484375,324.510009765625,328.6499938964844,16505900,329.63700103759766,332.04539978027344,330.5098745032653,48.11365893202177,0.9938106958213666,-0.01950196623540179
2023-09-20,329.510009765625,329.5899963378906,320.510009765625,320.7699890136719,21436500,329.55250091552733,331.8113995361328,329.58226636139926,40.588782311021326,0.08269334348301527,0.2987174283135121
2023-09-21,319.260009765625,325.3500061035156,315.0,319.5299987792969,35560400,329.1790008544922,331.45799926757815,328.62490754405616,39.54080244581156,-0.7310040121565748,0.6588715508595153
2023-09-22,321.32000732421875,321.45001220703125,316.1499938964844,317.010009765625,21447900,329.03100128173827,330.94499938964844,327.5187268032532,37.42592813693775,-1.561210419948793,-0.396859990326318
2023-09-25,316.5899963378906,317.6700134277344,315.0,317.5400085449219,17836000,328.75900115966795,330.39099975585935,326.5683726834121,38.17489882925567,-2.151586359101941,-0.16840343343637376
2023-09-26,315.1300048828125,315.8800048828125,310.0199890136719,312.1400146484375,26297600,328.1810012817383,329.71919982910157,325.1942433467479,33.74329454898573,-3.020380851786456,0.4744113029827315
2023-09-27,312.29998779296875,314.29998779296875,309.69000244140625,312.7900085449219,19410100,327.4000015258789,328.7852001953125,324.0128876513359,34.72555567070226,-3.6147886380529144,-0.26190602944755415
2023-09-28,310.989990234375,315.4800109863281,309.45001220703125,313.6400146484375,19683600,326.6425018310547,327.95640075683593,323.02499498439323,36.060501949791984,-3.9714918168922964,0.014090602315289358
2023-09-29,317.75,319.4700012207031,314.9800109863281,315.75,24147300,326.04200134277346,327.33400085449216,322.3321383192129,39.37497589522549,-4.037383033614617,0.22677254160824245
2023-10-02,316.2799987792969,321.8900146484375,315.17999267578125,321.79998779296875,20570000,325.6990005493164,326.8946008300781,322.28145731671344,47.74012182085862,-3.560377034358339,-0.14814492717612326
2023-10-03,320.8299865722656,321.3900146484375,311.2099914550781,313.3900146484375,21033500,324.69100189208984,326.2602014160156,321.4346532530681,39.56713192371201,-3.816961336677309,0.022532814778803978
2023-10-04,314.0299987792969,320.0400085449219,314.0,318.9599914550781,20720100,323.9950012207031,325.61980102539064,321.1989711770691,46.143404378677545,-3.5301621549253923,-0.014900040411724103
2023-10-05,319.0899963378906,319.9800109863281,314.8999938964844,319.3599853515625,16965600,323.4675003051758,325.25160095214846,321.023829669878,46.59286385691029,-3.233323828136065,-0.18120086293019821
2023-10-06,316.54998779296875,329.19000244140625,316.29998779296875,327.260009765625,25673600,323.11700134277345,325.1824011230469,321.61775158375866,54.643826416425256,-2.3337098145367463,0.513273918989013
2023-10-09,324.75,330.29998779296875,323.17999267578125,329.82000732421875,19891200,322.71100158691405,325.0114013671875,322.3989187971358,56.91063283420346,-1.3980727073043226,-0.2252274710208152
2023-10-10,330.9599914550781,331.1000061035156,327.6700134277344,328.3900146484375,20557100,322.54200286865233,324.86080139160157,322.96949935440267,55.24957070059031,-0.7631647289674106,0.03347711550836552
2023-10-11,331.2099914550781,332.82000732421875,329.1400146484375,332.4200134277344,20063200,322.36000366210936,324.78240173339844,323.8695483137676,58.891102274924364,0.06444871484694659,-0.02402576238866372
2023-10-12,330.57000732421875,333.6300048828125,328.7200012207031,331.1600036621094,19313100,321.9830032348633,324.8556018066406,324.56387739456204,57.32055525692659,0.6116157483285747,-0.03738685753020454
2023-10-13,332.3800048828125,333.8299865722656,326.3599853515625,327.7300109863281,21072400,321.8585037231445,324.877001953125,324.8654139271112,53.16409484485698,0.7597202391896758,0.09109361003671079
2023-10-16,331.04998779296875,336.1400146484375,330.6000061035156,332.6400146484375,22158000,322.0375045776367,324.9742022705078,325.60585209104704,57.87326484676894,1.2587799445147994,0.05151762495017187
2023-10-17,329.5899963378906,333.4599914550781,327.4100036621094,332.05999755859375,18338500,322.2080047607422,325.0132025146484,326.22053261176575,57.14234929942675,1.5891668979926408,-0.17237566567379725
2023-10-18,332.489990234375,335.5899963378906,328.29998779296875,330.1099853515625,23153600,322.67500457763674,325.09440246582034,326.59095668222255,54.64367120405199,1.6743503818033219,0.2625678217956757
2023-10-19,332.1499938964844,336.8800048828125,330.9100036621094,331.32000732421875,25052100,323.26450500488284,325.2762023925781,327.0413424576508,55.93139330003611,1.8185346318178972,0.0819958883283809
2023-10-20,331.7200012207031,331.9200134277344,325.45001220703125,326.6700134277344,25027700,323.7475051879883,325.3510028076172,327.00597778813494,50.05058260474338,1.5398357746246916,-0.0009739702460073163
2023-10-23,325.4700012207031,332.7300109863281,324.3900146484375,329.32000732421875,24374700,324.3365051269531,325.51720275878904,327.22636155347624,53.078412239231504,1.5153295076016775,-0.026091091071093198
2023-10-24,331.29998779296875,331.8399963378906,327.6000061035156,330.5299987792969,31153600,325.2560043334961,325.6470025634766,327.54099367022104,54.43653754315339,1.5753842633864679,0.2781121408673748
2023-10-25,345.0199890136719,346.20001220703125,337.6199951171875,340.6700134277344,55053800,326.6500045776367,326.023203125,328.7913765042699,63.873530404402246,2.4133726706329526,0.7671729751938781
2023-10-26,340.5400085449219,341.6300048828125,326.94000244140625,327.8900146484375,37828500,327.36250457763674,326.1730035400391,328.70553251800015,49.85751795387271,2.022926389977499,-0.31288121800856616
2023-10-27,330.42999267578125,336.7200012207031,328.3999938964844,329.80999755859375,29856500,328.0655044555664,326.43160339355467,328.81071966472336,51.5766514637241,1.8471289220123026,-0.21074057919293654
2023-10-30,333.4100036621094,339.45001220703125,331.8299865722656,337.30999755859375,22828100,328.8410049438477,326.848203125,329.6201747022348,57.68036662560136,2.2866365591106046,-0.23540602548858702
2023-10-31,338.8500061035156,339.0,334.69000244140625,338.1099853515625,20265300,330.0770034790039,327.172802734375,330.42872809740885,58.28437776262971,2.668738303181044,-0.11226514690228273
2023-11-01,339.7900085449219,347.4200134277344,339.6499938964844,346.07000732421875,28158800,331.43250427246096,327.64500305175784,331.9183737380574,63.81801879777545,3.5726803021582896,0.38950817407094895
2023-11-02,347.239990234375,348.8299865722656,344.7699890136719,348.32000732421875,24348100,332.88050537109376,328.0714031982422,333.4804340795966,65.22233719248297,4.419669842073176,-0.13532892026648868
2023-11-03,349.6300048828125,354.3900146484375,347.3299865722656,352.79998779296875,23637700,334.1575042724609,328.7280029296875,335.32039157610825,67.89431852385357,5.390276386897369,-0.029176814617978386
2023-11-06,353.45001220703125,357.5400085449219,353.3500061035156,356.5299987792969,23828300,335.49300384521484,329.39900268554686,337.3403541668881,69.96351089454785,6.386846192869598,0.008063390262165848
2023-11-07,359.3999938964844,362.4599914550781,357.6300048828125,360.5299987792969,25833900,337.1000030517578,330.1356024169922,339.5488917490223,72.04428147378454,7.413938249481873,0.08416882446502694
2023-11-08,361.6799926757813,363.8699951171875,360.5499877929687,363.2000122070313,26767800,338.63900299072264,330.83140258789064,341.8013794116898,73.37038682143026,8.347143202607185,0.036150174770359866
2023-11-09,362.2999877929687,364.7900085449219,360.3599853515625,360.69000244140625,24847300,340.1155029296875,331.46940246582034,343.6002958907104,70.00833971153381,8.78293384608736,-0.07174665082673959
2023-11-10,361.489990234375,370.1000061035156,361.0700073242187,369.6700134277344,28042100,342.21250305175784,332.3076025390625,346.08312613233176,74.50882177728315,9.740629000474485,0.1285773504565888
2023-11-13,368.2200012207031,368.4700012207031,365.8999938964844,366.6799926757813,19986500,343.914501953125,333.06800231933596,348.04473246980314,70.70441390527981,10.141435468850204,-0.28726807193469817
2023-11-14,371.010009765625,371.9500122070313,367.3500061035156,370.2699890136719,27683900,345.8250015258789,333.80240234375,350.1614235692192,72.51876020713681,10.626267190755811,0.38512996272483924
2023-11-15,371.2799987792969,373.1300048828125,367.1099853515625,369.6700134277344,26860100,347.8030029296875,334.53820251464845,352.0193845081254,71.71933378930976,10.837162741624127,-0.02975736800089579
2023-11-16,370.9599914550781,376.3500061035156,370.1799926757813,376.1700134277344,27182300,350.0455032348633,335.4634027099609,354.319444405231,74.94215560398926,11.39741238698673,0.011995487730872112
2023-11-17,373.6099853515625,374.3699951171875,367.0,369.8500061035156,40157000,352.20450286865236,336.1750030517578,355.79854551935335,66.95292228858358,11.202309246954371,0.47732163944920036
2023-11-20,371.2200012207031,378.8699951171875,371.0,377.44000244140625,52465100,354.6105026245117,336.96500305175783,357.859636654787,70.9572152827724,11.527258810955004,0.3064994895036979
2023-11-21,375.6700134277344,376.2200012207031,371.1199951171875,373.0700073242187,28423100,356.7375030517578,337.79100341796874,359.30824338520904,65.99869384723948,11.301880553334229,-0.4582474826122508
2023-11-22,378.0,379.7900085449219,374.9700012207031,377.8500061035156,23345300,358.59650268554685,338.6268035888672,361.0741255488573,68.58469343455809,11.377816230716746,-0.1786504638832499
2023-11-24,377.3299865722656,377.9700012207031,375.1400146484375,377.4299926757813,10176600,361.07350158691406,339.4014031982422,362.6318271799929,68.09461488831202,11.274142926958234,-0.5640835628584768
2023-11-27,376.7799987792969,380.6400146484375,376.2000122070313,378.6099853515625,22179200,363.5135009765625,340.36920288085935,364.1535565296662,68.76978663566449,11.15856761265752,1.1794312442269521
2023-11-28,378.3500061035156,383.0,378.1600036621094,382.7000122070313,20453100,365.7830017089844,341.44200317382814,365.9198856417962,71.05611510172106,11.26712393764268,-0.07782516952820662
2023-11-29,383.760009765625,384.2999877929687,377.44000244140625,378.8500061035156,28963400,367.820002746582,342.44600341796877,367.1513256857695,66.14709942537303,10.91665192260541,0.41608851469948327
2023-11-30,378.489990234375,380.0899963378906,375.4700012207031,378.9100036621094,30554400,369.4620025634766,343.6088037109375,368.27119977875424,66.18630451407383,10.52244542635168,0.05493139617586329
2023-12-01,376.760009765625,378.1600036621094,371.30999755859375,374.510009765625,33040500,370.77150268554686,344.7084039306641,368.86537215845624,60.639938966820125,9.74268361074843,0.0813663498546855
2023-12-04,369.1000061035156,369.5199890136719,362.8999938964844,369.1400146484375,32063300,371.5885040283203,345.7510040283203,368.8915285860735,54.62366390585669,8.592355699024438,-0.02957582361041755
2023-12-05,366.4500122070313,373.0799865722656,365.6199951171875,372.5199890136719,23065000,372.38800354003905,346.8506036376953,369.2370962458448,57.48294160409239,7.862810638358781,-0.28064173057670294
2023-12-06,373.5400085449219,374.1799926757813,368.0299987792969,368.7999877929687,21182100,372.80150299072267,347.98380310058593,369.19546686938037,53.48810960956296,6.904872836603317,-0.08163451116410148
2023-12-07,368.2300109863281,371.4500122070313,366.3200073242187,370.9500122070313,23118900,373.18900299072266,349.1470031738281,369.3625664253471,55.41660099495713,6.247175676388451,0.09143569334485258
2023-12-08,369.2000122070313,374.4599914550781,368.2300109863281,374.2300109863281,20154400,373.8660034179687,350.35880310058593,369.826132574012,58.259897783339696,5.922345317572649,-0.1282284191721924
2023-12-11,368.4800109863281,371.6000061035156,366.1000061035156,371.2999877929687,27708800,373.94750213623047,351.4698028564453,369.96649973772213,54.89213713579208,5.366623439057889,0.3748263406501806
2023-12-12,370.8500061035156,374.4200134277344,370.4599914550781,374.3800048828125,24838300,374.332502746582,352.5214031982422,370.38683356106407,57.66266048387699,5.115770072014641,-0.1035952477191362
2023-12-13,376.0199890136719,377.6400146484375,370.7699890136719,374.3699951171875,30955500,374.5375030517578,353.7410028076172,370.76618228069486,57.650267771857386,4.860134659870937,0.24628094515325127
2023-12-14,373.30999755859375,373.760009765625,364.1300048828125,365.9299926757813,43277500,374.35050201416016,354.68040283203123,370.3055927945126,48.23672967825667,3.9311878070550392,0.3980552728917317
2023-12-15,366.8500061035156,372.3999938964844,366.2799987792969,370.7300109863281,78502300,374.07850189208983,355.7078033447266,370.3460135746855,52.94284167467731,3.5414880262650286,0.8139287158454163
2023-12-18,369.4500122070313,373.0,368.6799926757813,372.6499938964844,21802900,374.21850128173827,356.61560302734375,370.5654402719997,54.71630244145475,3.3489698771541043,-0.7222641884377909
2023-12-19,371.489990234375,373.260009765625,369.8399963378906,373.260009765625,20603700,374.0095016479492,357.4844030761719,370.82206593805927,55.29280568724595,3.208633905136537,-0.055001857551059685
2023-12-20,375.0,376.0299987792969,370.5299987792969,370.6199951171875,26316700,373.88700103759766,358.32900268554687,370.8028210979762,52.19577766382015,2.8515189818270414,0.2772802943160695
2023-12-21,372.55999755859375,374.4100036621094,370.0400085449219,373.5400085449219,17708000,373.67150115966797,359.15140258789063,371.0635056167329,55.18567684538333,2.7721676887761646,-0.3271192816728541
2023-12-22,373.6799926757813,375.1799926757813,372.7099914550781,374.5799865722656,17107500,373.5290008544922,360.0198022460938,371.3984085648789,56.235547471941,2.7613674278688336,-0.03391122656426471
2023-12-26,375.0,376.94000244140625,373.5,374.6600036621094,12673100,373.33150177001954,360.9584020996094,371.70903666937704,56.320336859079376,2.727820239990308,-0.2592079497296508
2023-12-27,373.69000244140625,375.05999755859375,372.80999755859375,374.0700073242187,14905400,372.9000015258789,361.787001953125,371.9338910174572,55.467028222532186,2.623385325211075,0.17614474753611975
2023-12-28,375.3699951171875,376.4599914550781,374.1600036621094,375.2799987792969,14327000,372.721501159668,362.6514019775391,372.2525679471562,56.90896267038798,2.608190504347988,-0.03880472848766214
2023-12-29,376.0,377.1600036621094,373.4800109863281,376.0400085449219,18730800,372.57800140380857,363.57000244140625,372.6132765755148,57.83251829524927,2.627190321108003,0.3073776785091087
2024-01-02,373.8599853515625,375.8999938964844,366.7699890136719,370.8699951171875,25258600,372.39600067138673,364.36100219726563,372.44724976995985,49.984365120621476,2.199714003011195,0.3485062036859077
2024-01-03,369.010009765625,373.260009765625,368.510009765625,370.6000061035156,23083500,372.4690002441406,365.23960205078123,372.2713218017271,49.60577722016498,1.8181911087904723,-0.0861132445978795
2024-01-04,370.6700134277344,373.1000061035156,367.1700134277344,367.94000244140625,20901500,372.24000091552733,366.012001953125,371.85881519598223,45.91586412857922,1.2863630094032033,-0.09452639331123958
2024-01-05,368.9700012207031,372.05999755859375,366.5,367.75,21004600,372.18750152587893,366.75640197753904,371.4674994630315,45.65462974736845,0.8398722751340415,0.004932660335382533
2024-01-08,369.2999877929687,375.2000122070313,369.010009765625,374.69000244140625,23134000,372.37450103759767,367.4368017578125,371.77440450859103,55.59279355536777,1.0341048316435035,0.10137779343572362
2024-01-09,372.010009765625,375.989990234375,371.19000244140625,375.7900085449219,20830000,372.45250091552737,368.39480163574217,372.1568429882416,56.937006190581705,1.262246440224601,-0.09959367165211375
2024-01-10,376.3699951171875,384.1700134277344,376.3200073242187,382.7699890136719,25514200,373.0260009765625,369.45400146484377,373.1676188001873,64.31789668436309,1.9834128496943322,0.22487758041286598
2024-01-11,386.0,390.6799926757813,380.3800048828125,384.6300048828125,27850800,373.5385009765625,370.4004016113281,374.25927461758016,65.99071644917127,2.6742036062223633,0.09158037485008341
2024-01-12,385.489990234375,388.6799926757813,384.6499938964844,388.4700012207031,21661200,374.2435012817383,371.40760192871096,375.6126771512109,69.20093822070663,3.491270674829991,-0.22224137188159765
2024-01-16,393.6600036621094,394.0299987792969,387.6199951171875,390.2699890136719,27202300,375.4605010986328,372.2916015625,377.0086116143024,70.60175824960717,4.2352251459721515,0.2558076191531402
2024-01-17,387.9800109863281,390.1099853515625,384.80999755859375,389.4700012207031,22234100,376.3975006103516,373.1146014404297,378.1954106244358,69.09755670491577,4.7060140940550355,-0.18263896802843882
2024-01-18,391.7200012207031,393.989990234375,390.1199951171875,393.8699951171875,23392100,377.45850067138673,373.9360015869141,379.6882281951741,72.56032104647775,5.37223270786734,0.05208216208436589
2024-01-19,395.760009765625,398.6700134277344,393.5,398.6700134277344,29331100,378.7290008544922,374.7788018798828,381.4960172649417,75.75240491157186,6.215884276705594,0.25388913351088616
2024-01-22,400.0199890136719,400.6199951171875,393.5899963378906,396.510009765625,27016900,380.02350158691405,375.4984020996094,382.92592131262586,71.70972284513054,6.633720578086354,-0.07889918891551972
2024-01-23,395.75,399.3800048828125,393.9299926757813,398.8999938964844,20525900,381.2915008544922,376.21240173339845,384.4472615587076,73.4011790671852,7.0761412511103,-0.2402570243070078
2024-01-24,401.5400085449219,405.6300048828125,400.4500122070313,402.55999755859375,24867000,382.6905014038086,377.0498016357422,386.17228403488724,75.78852820182516,7.634093452296099,0.21149377128408497
2024-01-25,404.3200073242187,407.010009765625,402.5299987792969,404.8699951171875,21021200,384.2010009765625,377.75380126953127,387.95301842367775,77.18063269118976,8.168510583799048,-0.15465476334097394
2024-01-26,404.3699951171875,406.1700134277344,402.4299926757813,403.9299926757813,17803300,385.6940002441406,378.49880126953127,389.4746350191162,75.28369223879969,8.419139075163002,-0.15307879664338853
2024-01-29,406.05999755859375,409.9800109863281,404.3299865722656,409.7200012207031,24510200,387.41600036621094,379.28780151367187,391.40276513355303,78.74843631500279,8.981436847477084,0.3767222930580285
2024-01-30,412.260009765625,413.0499877929687,406.4500122070313,408.5899963378906,33477600,389.0434997558594,380.066201171875,393.0396442958709,76.49469189164563,9.229488138866543,0.3658640076376365
2024-01-31,406.9599914550781,415.3200073242187,397.2099914550781,397.5799865722656,47871100,390.3789993286133,380.4944006347656,393.47205784600374,58.82851172593376,8.440359589405432,0.4299442014959256
2024-02-01,401.8299865722656,408.0,401.7999877929687,403.7799987792969,30657700,392.03799896240236,381.1730004882813,394.4537665063174,63.886424832822875,8.220497915153146,-0.3595781170685445
2024-02-02,403.80999755859375,412.6499938964844,403.55999755859375,411.2200012207031,28256700,394.2019989013672,381.8486004638672,396.0505507648303,68.83428197308308,8.548065198000359,-0.07831637728857677
2024-02-05,409.8999938964844,411.1600036621094,403.989990234375,405.6499938964844,25352300,396.0969985961914,382.5002001953125,396.96478344403545,61.98705048683885,8.262961314561267,-0.1027862418470663
2024-02-06,405.8800048828125,407.9700012207031,402.9100036621094,405.489990234375,18382600,397.63699798583986,383.05299987792966,397.77670790025826,61.796883276442074,7.932660699908638,-0.27491391313608626
2024-02-07,407.44000244140625,414.2999877929687,407.3999938964844,414.0499877929687,22340500,399.5499969482422,383.78539978027345,399.3265440805164,67.53510210987352,8.266326283417186,0.21530686627571716
2024-02-08,414.0499877929687,415.55999755859375,412.5299987792969,414.1099853515625,21225300,401.1169967651367,384.49539978027343,400.73449086823507,67.571867981347,8.438328169376803,-0.04991830979611023
2024-02-09,415.25,420.8200073242187,415.0899963378906,420.5499877929687,22032800,402.91299591064455,385.25239929199216,402.621681051543,71.32559262200904,8.990656586245052,0.038044220811955576
2024-02-12,420.55999755859375,420.739990234375,414.75,415.260009765625,21202900,404.25249633789065,385.98059936523435,403.8253314052651,64.70037987383947,8.898942351282585,-0.037666569841327435
2024-02-13,404.94000244140625,410.0700073242187,403.3900146484375,406.3200073242187,27824900,405.054997253418,386.52879943847654,404.06291958802257,55.34426552555917,8.012511432823374,0.3123157681260582
2024-02-14,408.0700073242187,409.8399963378906,404.5700073242187,409.489990234375,20401200,406.0559967041016,387.22839904785155,404.57978345910374,57.68109529265601,7.479579732472359,-0.2668005994630709
2024-02-15,408.1400146484375,409.1300048828125,404.2900085449219,406.55999755859375,21825500,406.69049682617185,387.9767987060547,404.7683752781028,54.82531200056362,6.74307166566814,0.06981452071446781
2024-02-16,407.9599914550781,408.2900085449219,403.44000244140625,404.05999755859375,22296500,406.95999603271486,388.60759887695315,404.7009107333876,52.43964590937023,5.8897611100161384,0.021580261620581354
2024-02-20,403.239990234375,404.489990234375,398.010009765625,402.7900085449219,24307900,407.2739959716797,389.2873992919922,404.51892004877186,51.22033187470941,5.052783504240722,0.09021146816764958
2024-02-21,400.1700134277344,402.2900085449219,397.2200012207031,402.1799926757813,18518900,407.43799591064453,389.9119989013672,404.296165060868,50.61159210755875,4.290788005832951,-0.23815302843931396
2024-02-22,410.19000244140625,412.8299865722656,408.5700073242187,411.6499938964844,27009900,407.8924957275391,390.6603985595703,404.9965297118791,58.798122486665,4.400326809520152,0.458504554806171
2024-02-23,415.6700134277344,415.8599853515625,408.9700012207031,410.3399963378906,16295900,408.1659957885742,391.4411987304687,405.50543129530877,57.38118879294461,4.331500405347128,-0.3966693693793757
2024-02-26,411.4599914550781,412.1600036621094,407.3599853515625,407.5400085449219,16193500,408.34649658203125,392.1043988037109,405.6992005571767,54.36554428493094,4.004853906851167,-0.006283789173963994
2024-02-27,407.989990234375,408.3200073242187,403.8500061035156,407.4800109863281,14835800,408.2344970703125,392.76659912109375,405.8688015504292,54.29969211442363,3.6985087947302873,-0.0838422823972581
2024-02-28,408.1799926757813,409.2999877929687,405.3200073242187,407.7200012207031,13183100,408.1909973144531,393.6023992919922,406.0451062809315,54.53691138452977,3.4354910897455397,-0.1113994526752855
2024-02-29,408.6400146484375,414.2000122070313,405.9200134277344,413.6400146484375,31947300,408.9939987182617,394.4605993652344,406.76843088736064,60.04628039752908,3.662523975063948,1.4233526257101894
2024-03-01,411.2699890136719,415.8699951171875,410.8800048828125,415.5,17823400,409.5799987792969,395.3175994873047,407.6000088980882,61.61997234972276,3.9470354776452723,-0.4420999583689389
2024-03-04,413.44000244140625,417.3500061035156,412.3200073242187,414.9200134277344,17596000,409.76499938964844,396.1507995605469,408.29715218662596,60.81557538179934,4.078696153644842,-0.01275850847761928
2024-03-05,413.9599914550781,414.25,400.6400146484375,402.6499938964844,26919200,409.61499938964846,396.7913995361328,407.7593275875649,46.874467910801116,3.1565632602269034,0.529847692657422
2024-03-06,402.9700012207031,405.1600036621094,398.3900146484375,402.0899963378906,22344100,409.4449996948242,397.3623992919922,407.21939127807207,46.352217804919206,2.35345006828544,-0.169956759487652
2024-03-07,406.1199951171875,409.7799987792969,402.239990234375,409.1400146484375,18718500,409.19950103759766,398.0535998535156,407.4023077895354,53.392453826576954,2.2598050102747607,-0.16226207365702805
2024-03-08,407.9599914550781,410.4200134277344,404.3299865722656,406.2200012207031,18002200,408.8050018310547,398.6847998046875,407.28970716393235,50.43995699213104,1.927748067338598,-0.038266955151320836
2024-03-11,403.760009765625,405.6799926757813,401.260009765625,404.5199890136719,16120800,408.00350189208984,399.2937994384766,407.02592448295513,48.74977281871669,1.5100073454762537,-0.10450944884514113
2024-03-12,407.6199951171875,415.5700073242187,406.7900085449219,415.2799987792969,22457000,408.00450134277344,400.09379943847654,407.81202679689244,58.27902966263814,2.0238579025801755,0.3930450101731924
2024-03-13,418.1000061035156,418.1799926757813,411.4500122070313,415.1000061035156,17115900,408.4435012817383,400.87499938964845,408.5061200641899,58.08447119865861,2.3890250725841042,-0.2378367546867346
2024-03-14,420.239990234375,427.8200073242187,417.989990234375,425.2200012207031,34157300,409.23000183105466,401.9619995117188,410.09791826957206,65.13251497404825,3.455192408031337,0.9956473220806386
2024-03-15,419.2900085449219,422.6000061035156,412.7900085449219,416.4200134277344,45079900,409.7230026245117,402.87839965820314,410.7000225703494,56.271762381365484,3.549139956215754,0.3197735183987025
2024-03-18,414.25,420.7300109863281,413.7799987792969,417.3200073242187,20106000,410.386003112793,403.8659997558594,411.33049730881316,56.91729457757941,3.6540939306528344,-0.5539919121382257
2024-03-19,417.8299865722656,421.6700134277344,415.5499877929687,421.4100036621094,19837900,411.31700286865237,404.93919982910154,412.2904502948414,59.8201928676835,4.020948246061778,-0.013334328061275214
2024-03-20,422.0,425.9599914550781,420.6600036621094,425.2300109863281,17860100,412.46950378417966,405.95,413.5227894083163,62.370449262342035,4.567276875210837,-0.0996980527172735
2024-03-21,429.8299865722656,430.8200073242187,427.1600036621094,429.3699951171875,21296200,413.35550384521486,407.0215997314453,415.0320470948755,64.96575164790022,5.273518530992135,0.19238974025901312
2024-03-22,429.7000122070313,429.8599853515625,426.0700073242187,428.739990234375,17648500,414.27550354003904,407.94099975585937,416.33756548911356,64.23965892942385,5.716487888533777,-0.17128407884974783
2024-03-25,425.239990234375,427.4100036621094,421.6099853515625,422.8599853515625,18060500,415.04150238037107,408.7055993652344,416.95874833315634,57.75193167686953,5.529338273294684,0.023344760177918866
2024-03-26,425.6099853515625,425.989990234375,421.3500061035156,421.6499938964844,16725600,415.75000152587893,409.36919921875,417.40553362490186,56.48768325430321,5.223175145015148,-0.07391268237313475
2024-03-27,424.44000244140625,424.4500122070313,419.010009765625,421.4299926757813,16705000,416.4355010986328,409.9923992919922,417.78881543927133,56.24658750427906,4.906230429811046,-0.001231644903620821
2024-03-28,420.9599914550781,421.8699951171875,419.1199951171875,420.7200012207031,21871200,416.7895004272461,410.6173992919922,418.0679759898839,55.4244398558894,4.545362967866481,0.309260700389105
2024-04-01,423.9500122070313,427.8900146484375,422.2200012207031,424.5700073242187,16316000,417.24300079345704,411.2313995361328,418.68721706934434,58.93010337501173,4.517956036220312,-0.2539961227550386
2024-04-02,420.1099853515625,422.3800048828125,417.8399963378906,421.44000244140625,17912000,417.5690002441406,411.6867993164062,418.9493871047788,55.13381050209583,4.195309691302043,0.09781809266977204
2024-04-03,419.7300109863281,423.260009765625,419.0899963378906,420.4500122070313,16502300,418.459001159668,412.16559936523436,419.0923037811838,53.94999374218353,3.815740716429616,-0.07870142920946854
2024-04-04,424.989990234375,428.6700134277344,417.5700073242187,417.8800048828125,19370900,419.2485015869141,412.5451995849609,418.97684674324364,50.894871241243415,3.2698585624872862,0.17383031456221243
2024-04-05,420.010009765625,426.510009765625,418.3200073242187,425.5199890136719,16554800,420.06750030517577,413.0043994140625,419.6000031499511,58.43101874480537,3.4143671923447414,-0.14537786060534097
2024-04-08,425.1700134277344,427.2799987792969,423.2999877929687,424.5899963378906,14272400,420.98600006103516,413.39879943847654,420.0752405964215,57.27866145995514,3.414488586987318,-0.13786937927368492
2024-04-09,426.44000244140625,427.739990234375,421.6199951171875,426.2799987792969,12496900,422.0740005493164,413.8457995605469,420.66616994717157,58.866237784417635,3.510487155472049,-0.1244009416776436
2024-04-10,422.19000244140625,424.0299987792969,419.7000122070313,423.260009765625,16216600,422.47300109863284,414.1165997314453,420.9132023108338,54.93742971296899,3.304783352989375,0.29764981715465444
2024-04-11,425.8200073242187,429.3699951171875,422.3599853515625,427.9299926757813,17966400,423.11450042724607,414.50339965820314,421.58146805987644,59.44491633308045,3.4784923056665775,0.10790177965788139
2024-04-12,424.0499877929687,425.1799926757813,419.7699890136719,421.8999938964844,19253800,422.94850006103513,414.9897998046875,421.6118038538391,52.18618602069164,3.0939225818581804,0.07165598005165208
2024-04-15,426.6000061035156,426.8200073242187,413.4299926757813,413.6400146484375,20273500,422.8095001220703,415.1870001220703,420.852585834277,44.2206115733126,2.098447415704186,0.05296097393761223
2024-04-16,414.5700073242187,418.3999938964844,413.7300109863281,414.5799865722656,16765600,422.67249908447263,415.25419982910154,420.25519542837117,45.24486402849739,1.3695863145987914,-0.1730288307396355
2024-04-17,417.25,418.8800048828125,410.3299865722656,411.8399963378906,15855500,422.1939987182617,415.3779998779297,419.45374789594445,42.77892706932731,0.5643587515649529,-0.054283771532185
2024-04-18,410.6300048828125,411.8900146484375,403.9500122070313,404.2699890136719,21029900,421.14599761962893,415.3535998535156,418.0076756214423,36.80983211892981,-0.6768242111663199,0.3263473242723345
2024-04-19,404.0299987792969,405.4800109863281,397.7699890136719,399.1199951171875,30565800,419.6334976196289,415.055,416.20884890675137,33.395814647192424,-2.0523736328415794,0.45344485708443694
2024-04-22,400.0799865722656,402.8500061035156,395.75,400.9599914550781,20286900,418.24449768066404,414.7920001220703,414.75657676849676,35.69074907550184,-2.9599140857429234,-0.33628761557034337
2024-04-23,404.239990234375,408.2000122070313,403.05999755859375,407.5700073242187,15734500,417.47999877929686,414.5324005126953,414.07214158332744,43.2550101539051,-3.109924125255702,-0.22440096811242727
2024-04-24,409.55999755859375,412.4700012207031,406.7799987792969,409.05999755859375,15065300,416.85049896240236,414.4084002685547,413.5947945333528,44.830295806880336,-3.073153007883832,-0.04253074454224792
2024-04-25,394.0299987792969,399.8900146484375,388.0299987792969,399.0400085449219,40586500,415.7309997558594,414.26280029296873,412.2086244392165,37.325973979815124,-3.8086374041060935,1.6940386185472578
2024-04-26,412.1700134277344,413.0,405.760009765625,406.3200073242187,29694700,415.01100006103513,414.19940063476565,411.6478037615977,44.58407749809793,-3.7607276990473792,-0.268360169021719
2024-04-29,405.25,406.3200073242187,399.19000244140625,402.25,19582100,413.8949996948242,414.11320068359373,410.7527748319217,41.678101267694885,-4.005007258565286,-0.3405523544605603
2024-04-30,401.489990234375,402.1600036621094,389.1700134277344,389.3299865722656,28781400,412.2894989013672,413.8186004638672,408.71250928338304,34.08344367636555,-5.181409611299557,0.4697810755741212
2024-05-01,392.6099853515625,401.7200012207031,390.30999755859375,394.94000244140625,23562500,411.0139984130859,413.6616003417969,407.4008419650995,39.259120568831655,-5.596522329877246,-0.1813289138123927
2024-05-02,397.6600036621094,399.9299926757813,394.6499938964844,397.8399963378906,17709400,410.01199798583986,413.5748004150391,406.4902852386987,41.802968556978485,-5.626636515597454,-0.24840742705570296
2024-05-03,402.2799987792969,407.1499938964844,401.8599853515625,406.6600036621094,17446700,409.0689987182617,413.4750006103516,406.50644889807114,48.823034002298726,-4.882518709137514,-0.014833930003275042
2024-05-06,408.760009765625,413.9299926757813,406.3699951171875,413.5400085449219,16996600,408.5164993286133,413.5390008544922,407.17631172158076,53.53173653886282,-3.695046890528431,-0.02579857508869876
2024-05-07,414.6600036621094,414.6700134277344,409.0899963378906,409.3399963378906,20018200,407.669499206543,413.57500061035154,407.3823769231341,50.47837271521384,-3.057626389437985,0.17777673181695164
2024-05-08,408.1700134277344,412.2300109863281,406.7099914550781,410.5400085449219,11792300,407.0334991455078,413.6362005615234,407.6831037442567,51.332506688570206,-2.4276506482570994,-0.41092106183373134
2024-05-09,410.5700073242187,412.7200012207031,409.1000061035156,412.3200073242187,14689700,406.2529998779297,413.72820068359374,408.124713609015,52.637430244864525,-1.7644201717953365,0.24570270430704788
2024-05-10,412.94000244140625,415.3800048828125,411.7999877929687,414.739990234375,13402300,405.8949996948242,413.7502001953125,408.75473995428734,54.42653361577161,-1.031640732483254,-0.08763963865837965
2024-05-13,418.010009765625,418.3500061035156,410.8200073242187,413.7200012207031,15440200,405.8989990234375,413.71460021972655,409.2276219796603,53.509056277545284,-0.5271358425745802,0.15205599038970918
2024-05-14,412.0199890136719,417.489990234375,411.5499877929687,416.55999755859375,15109300,405.9979995727539,413.7473999023438,409.92594346336824,55.745946624505876,0.10069118180183523,-0.021431069545731263
2024-05-15,417.8999938964844,423.80999755859375,417.2699890136719,423.0799865722656,22239500,406.5599990844727,414.1559997558594,411.17870947373945,60.4506229290416,1.1115440574688478,0.47190803015361404
2024-05-16,421.7999877929687,425.4200134277344,420.3500061035156,420.989990234375,17530100,407.3959991455078,414.53399963378905,412.1131171652286,58.31065170908699,1.7241322828751322,-0.2117583578767508
2024-05-17,422.5400085449219,422.9200134277344,418.0299987792969,420.2099914550781,15352200,408.4504989624023,414.7553991699219,412.8842480499761,57.49265306551173,2.1222099667353405,-0.1242377396592147
2024-05-20,420.2099914550781,426.7699890136719,419.989990234375,425.3399963378906,16272100,409.669499206543,415.13779907226564,414.07050979168224,61.33447424870047,2.819140621759175,0.059919750915178316
2024-05-21,426.8299865722656,432.9700012207031,424.8500061035156,429.0400085449219,21453300,410.7429992675781,415.6281994628906,415.4961763396098,63.87078102643434,3.6281996230167124,0.31841003926967026
2024-05-22,430.0899963378906,432.4100036621094,427.1300048828125,430.5199890136719,18073700,411.81599884033204,415.9329992675781,416.92701564190145,64.86360570759385,4.338791873668413,-0.15753287373038183
2024-05-23,432.9700012207031,433.6000061035156,425.4200134277344,427.0,17211700,413.21399841308596,416.17099914550784,417.8863474855299,60.59835251983488,4.565281927946842,-0.047693610052175206
2024-05-24,427.19000244140625,431.05999755859375,424.4100036621094,430.1600036621094,11855300,414.40599822998047,416.2697991943359,419.0552671213946,62.953519204176104,4.942785460009077,-0.3112069115775896
2024-05-28,429.6300048828125,430.8200073242187,426.6000061035156,430.3200073242187,15718000,415.8094985961914,416.5477990722656,420.12809952166356,63.07387528036055,5.19498612102376,0.32582051909272636
2024-05-29,425.69000244140625,430.94000244140625,425.69000244140625,429.1700134277344,15517100,417.80149993896487,416.78479919433596,420.9892341793846,61.52671576990914,5.24163970562023,-0.012781524366967778
2024-05-30,424.2999877929687,424.2999877929687,414.239990234375,414.6700134277344,28394500,418.7880004882812,416.6499993896484,420.3874036316084,46.15396084071111,4.061762716849728,0.8298844500583227
2024-05-31,416.75,416.75,404.510009765625,415.1300048828125,47995300,419.65250091552736,416.4479992675781,419.88669898886593,46.60970044728047,3.1277642495076066,0.6903026994664461
2024-06-03,415.5299987792969,416.4299926757813,408.9200134277344,413.5199890136719,17484700,419.9955001831055,416.1309991455078,419.28034565789505,45.168694977663755,2.2319207171627227,-0.63569974560009
2024-06-04,412.4299926757813,416.44000244140625,409.6799926757813,416.0700073242187,14348900,420.1220001220703,415.8775994873047,418.9745991499259,47.91530660975925,1.708034273948499,-0.17934537052394384
2024-06-05,417.80999755859375,424.0799865722656,416.2999877929687,424.010009765625,16988000,420.85550079345705,415.9005999755859,419.4541620657068,55.40577999148544,1.9115076624946141,0.1839235063314959
2024-06-06,424.010009765625,425.30999755859375,420.5799865722656,424.5199890136719,14861300,421.5544998168945,415.9579998779297,419.93662177503677,55.845013496662574,2.0898226771541886,-0.12518836825994817
2024-06-07,426.2000122070313,426.2799987792969,423.0,423.8500061035156,13621700,422.13099975585936,416.0064001464844,420.3093250444157,55.07749827284594,2.1522665997706554,-0.08341127626789047
2024-06-10,424.7000122070313,428.0799865722656,423.8900146484375,427.8699951171875,13982900,422.7875,416.14940002441404,421.02938886087014,58.741547947626174,2.4973455305491825,0.026516514091486476
2024-06-11,425.4800109863281,432.8200073242187,425.25,432.6799926757813,14551100,423.7354995727539,416.3115997314453,422.138970176576,62.66540793532087,3.1229502470236525,0.04063534746011199
2024-06-12,435.3200073242187,443.3999938964844,433.25,441.05999755859375,22366200,424.9604995727539,416.70399963378907,423.9409727843872,68.31854803637825,4.2459976338074625,0.5370796709527115
2024-06-13,440.8500061035156,443.3900146484375,439.3699951171875,441.5799865722656,15960600,425.88549957275393,417.12659912109376,425.62087885942327,68.63590329726988,5.118971232705292,-0.28639643748155696
2024-06-14,438.2799987792969,443.1400146484375,436.7200012207031,442.5700073242187,13582000,426.9645004272461,417.6203991699219,427.23508157035616,69.26712030810125,5.823565066952483,-0.14902948510707614
2024-06-17,442.5899963378906,450.94000244140625,440.7200012207031,448.3699951171875,20790000,428.37250061035155,418.0773992919922,429.2479304795782,72.72972485338575,6.771908948300904,0.530702400235606
2024-06-18,449.7099914550781,450.1400146484375,444.8900146484375,446.3399963378906,17112500,429.42250061035156,418.5123992919922,430.875746275608,69.76692312326335,7.275803437637933,-0.17688792688792687
2024-06-20,446.2999877929687,446.5299987792969,441.2699890136719,445.7000122070313,19877400,430.25550079345703,418.9007995605469,432.2875811262197,68.81515133804311,7.536624563430166,0.1615719503287072
2024-06-21,447.3800048828125,450.5799865722656,446.510009765625,449.7799987792969,34187100,431.21850128173827,419.4311993408203,433.95352566460804,71.4858106913921,7.980553154206746,0.7198979745842011
2024-06-24,449.7999877929687,452.75,446.4100036621094,447.6700134277344,15913700,432.252001953125,419.82599975585936,435.25985783252486,68.23145600219345,8.069096060198149,-0.5345115555282548
2024-06-25,448.25,451.4200134277344,446.75,450.9500122070313,16413400,433.29150238037107,420.4070001220703,436.7541582491445,70.48114974779882,8.308164096457858,0.0314006170783665
2024-06-26,449.0,453.6000061035156,448.19000244140625,452.1600036621094,16507000,434.3835021972656,421.1773999023437,438.22138162180784,71.28888575267847,8.497311715625301,0.005702657584656379
2024-06-27,452.1799926757813,456.1700134277344,451.7699890136719,452.8500061035156,14806300,435.5675018310547,421.94280029296874,439.61458395339906,71.76338512468767,8.6037117633972,-0.10302901799236686
2024-06-28,453.0700073242187,455.3800048828125,446.4100036621094,446.9500122070313,28362300,437.1815017700195,422.6450006103516,440.3131961680307,62.28461488180098,8.118370843118328,0.9155562159351087
2024-07-01,448.6600036621094,457.3699951171875,445.6600036621094,456.7300109863281,17662800,439.2615020751953,423.6942010498047,441.87670234120185,69.4806903215623,8.425771781497644,-0.3772437355221544
2024-07-02,453.2000122070313,459.5899963378906,453.1099853515625,459.2799987792969,13979800,441.54950256347655,424.89740112304685,443.53415914482997,71.03261431262342,8.774010610931953,-0.20851733586973753
2024-07-03,458.19000244140625,461.0199890136719,457.8800048828125,460.7699890136719,9932800,443.78450164794924,426.0936010742187,445.17566675138636,71.93077925765027,9.06571819558502,-0.2894891200160231
2024-07-05,459.6099853515625,468.3500061035156,458.9700012207031,467.55999755859375,16000300,445.96200103759764,427.29340087890625,447.3075077806442,75.63787311621138,9.732604099445552,0.6108549452319587
2024-07-08,466.5499877929687,467.7000122070313,464.4599914550781,466.239990234375,12962300,448.0480010986328,428.4370007324219,449.11060134766615,73.60276238821945,10.03888045866421,-0.1898714399105017
2024-07-09,467.0,467.3299865722656,458.0,459.5400085449219,17207200,449.83250122070314,429.6470007324219,450.10387822359525,64.16576054551987,9.629965899250465,0.32748046257222874
2024-07-10,461.2200012207031,466.4599914550781,458.8599853515625,466.25,18196100,451.7515014648437,430.8456005859375,451.6416041070624,68.51907857719917,9.735118016932574,0.057470128783299934
2024-07-11,462.9800109863281,464.7799987792969,451.5499877929687,454.7000122070313,23111200,452.8525024414063,431.8946008300781,451.9328810689642,55.92485704242868,8.785194091267954,0.27011832205802344
2024-07-12,454.3299865722656,456.3599853515625,450.6499938964844,453.5499877929687,16324300,453.477001953125,433.1790008544922,452.0868912331551,54.84392458535866,7.849095688086777,-0.29366281283533524
2024-07-15,453.2999877929687,457.260009765625,451.4299926757813,453.9599914550781,14429400,454.09600219726565,434.3594006347656,452.2652817304811,55.176556755386144,7.058943719174806,-0.11607848422290701
2024-07-16,454.2200012207031,454.2999877929687,446.6600036621094,449.5199890136719,17175700,454.4435012817383,435.39300048828125,452.0038252812612,50.8114968821828,6.005246754254927,0.1903266941106352
2024-07-17,442.5899963378906,444.8500061035156,439.1799926757813,443.5199890136719,21778000,454.2010009765625,436.1302001953125,451.1958408748241,45.56553848915321,4.6326323600384285,0.26795414451812727
2024-07-18,444.3399963378906,444.6499938964844,434.3999938964844,440.3699951171875,20794800,453.90250091552736,436.6667999267578,450.1648079455254,43.05247138893005,3.2531471265590994,-0.045146478097162324
2024-07-19,433.1000061035156,441.1400146484375,432.0,437.1099853515625,20940400,453.4729995727539,437.2221997070312,448.92149150800515,40.55930126379276,1.8752231916572555,0.007001750437609422
2024-07-22,441.7900085449219,444.6000061035156,438.9100036621094,442.94000244140625,15808800,453.13099975585936,437.8701995849609,448.3518258826148,46.523503786618384,1.2393556806914034,-0.24505740100475637
2024-07-23,443.8999938964844,448.3900146484375,443.1000061035156,444.8500061035156,13107100,452.98999938964846,438.5207995605469,448.01831923698626,48.351906375545695,0.8794101373885042,-0.17089848691867815
2024-07-24,440.4500122070313,441.4800109863281,427.5899963378906,428.8999938964844,26805800,451.8874984741211,438.8039996337891,446.1975263474147,36.98092083498812,-0.684985893251735,1.0451358424060242
2024-07-25,428.7999877929687,429.7999877929687,417.510009765625,418.3999938964844,29943800,450.19949798583986,438.89759948730466,443.5501423044689,31.696381304282795,-2.7404530295852396,0.11706421744547812
2024-07-26,418.2000122070313,428.9200134277344,417.2699890136719,425.2699890136719,23583800,448.8204971313477,439.07179931640627,441.809175324393,37.94466012673136,-3.771597722155434,-0.21239789205110904
2024-07-29,431.5799865722656,432.1499938964844,424.7000122070313,426.7300109863281,15125800,447.8094970703125,439.1447998046875,440.3730644350535,39.21723914215894,-4.4200244581491575,-0.35863601285628266
2024-07-30,427.7200012207031,429.0499877929687,417.3599853515625,422.9200134277344,32687600,446.11899719238284,439.1834002685547,438.7108691010231,37.0802689543047,-5.181611883238361,1.161049332927845
2024-07-31,420.5,421.7799987792969,412.2099914550781,418.3500061035156,42891400,444.07249755859374,439.1462005615234,436.77173929173665,34.64189678653189,-6.083806468550904,0.31216118650497426
2024-08-01,420.7900085449219,427.4599914550781,413.0899963378906,417.1099853515625,30296400,441.8894973754883,438.9816003417969,434.89919129743436,33.988782084214975,-6.820241984623351,-0.2936486102109047
2024-08-02,412.489990234375,415.0,404.3399963378906,408.489990234375,29437900,438.93599700927734,438.57059997558594,432.3840292914287,29.784932510791805,-8.007132760300522,-0.02833670006997535
2024-08-05,389.1700134277344,401.0400085449219,385.5799865722656,395.1499938964844,40709200,435.3814971923828,437.8632000732422,428.8379306823864,24.694592400953525,-9.909942816514047,0.3828839693048758
2024-08-06,400.0,405.6700134277344,398.5,399.6099853515625,24946500,432.38499603271487,437.3153997802734,426.05431684135556,29.05980649400287,-10.932031800703442,-0.3872024014227742
2024-08-07,408.6400146484375,410.0799865722656,397.4700012207031,398.4299926757813,20650900,428.9939956665039,436.68079956054686,423.4234288255866,28.58764802936237,-11.702362679253724,-0.172192491932736
2024-08-08,402.44000244140625,405.8599853515625,399.94000244140625,402.69000244140625,20203000,426.3934951782227,436.1281994628906,421.448816788998,32.830732157931166,-11.832708170555122,-0.021689127350381865
2024-08-09,404.0299987792969,408.0499877929687,402.260009765625,406.0199890136719,19276700,424.0169952392578,435.6651989746094,419.9794046199193,36.03035520275536,-11.534345074835016,-0.045849626293124834
2024-08-12,407.05999755859375,408.760009765625,404.239990234375,406.80999755859375,16762900,421.6594955444336,435.50799865722655,418.72517537598355,36.799525544610134,-11.106118662070969,-0.1304061379800484
2024-08-13,409.5899963378906,414.9500122070313,409.5700073242187,414.010009765625,19414300,419.8839965820313,435.4855987548828,418.2761119845208,43.470782822232536,-10.069688234847945,0.15817072224973017
2024-08-14,414.7999877929687,417.7200012207031,412.4500122070313,416.8599853515625,18267000,418.5509963989258,435.5523986816406,418.14124278138195,45.9048806275213,-8.91556733219278,-0.059095615087847664
2024-08-15,419.7999877929687,421.1099853515625,417.6600036621094,421.0299987792969,20752100,417.58399658203126,435.6515985107422,418.416362400231,49.34199610602367,-7.577089003031801,0.1360431378989435
2024-08-16,420.6000061035156,421.3399963378906,417.2999877929687,418.4700012207031,22775600,416.6519973754883,435.5407983398438,418.42147085932356,47.35284006603247,-6.646291382260358,0.09750820398899385
2024-08-19,418.9599914550781,421.75,416.4599914550781,421.5299987792969,15234000,415.5814971923828,435.48099853515623,418.71752113741627,49.950134956411766,-5.597190405389142,-0.3311262930504575
2024-08-20,421.7000122070313,425.8599853515625,421.6400146484375,424.7999877929687,16387600,414.5789962768555,435.4999981689453,419.2968036760403,52.63904727196047,-4.450605725491812,0.07572535118813173
2024-08-21,424.0799865722656,426.3999938964844,421.7200012207031,424.1400146484375,16067300,414.34099731445315,435.42539855957034,419.7580618638877,52.03146590774392,-3.5542126718540317,-0.01954526593277839
2024-08-22,424.3599853515625,426.7900085449219,414.6099853515625,415.5499877929687,19361900,414.19849700927733,435.0827984619141,419.35729290475257,44.78563633440307,-3.496650881299388,0.20505000840215848
2024-08-23,416.9800109863281,419.260009765625,412.0899963378906,416.7900085449219,18493800,413.77449798583984,434.59739868164064,419.1127896323877,45.9556514025222,-3.3127857047113594,-0.044835475857224805
2024-08-26,416.3699951171875,417.2799987792969,411.3399963378906,413.489990234375,13152800,413.1124969482422,434.0355987548828,418.57728492781507,43.324504663683456,-3.3942285717049003,-0.28879948955866286
2024-08-27,412.8599853515625,414.3599853515625,410.25,413.8399963378906,13492900,412.65849609375,433.46099853515625,418.1261145859175,43.692730756827146,-3.3914357034370255,0.025857612067392566
2024-08-28,414.8800048828125,415.0,407.30999755859375,410.6000061035156,14882700,412.27099609375,432.7055987548828,417.4093423494983,41.03491115609648,-3.609059478294853,0.10300231973852925
2024-08-29,414.94000244140625,422.0499877929687,410.6000061035156,413.1199951171875,17045200,412.0714965820313,432.04119873046875,417.0008330892782,43.89360912986609,-3.537408788237599,0.14530293562324048
2024-08-30,415.6000061035156,417.489990234375,412.1300048828125,417.1400146484375,24308300,412.5039978027344,431.4699987792969,417.0140884758648,48.20736462520275,-3.120274538113108,0.42610822988289954
2024-09-03,417.9100036621094,419.8800048828125,407.0299987792969,409.44000244140625,20313600,413.21849822998047,430.66319885253904,416.2927469487735,41.608447971752206,-3.3721472585124843,-0.1643348156802409
2024-09-04,405.9100036621094,411.239990234375,404.3699951171875,408.8999938964844,15135800,413.68299865722656,429.8877984619141,415.5886752295079,41.1826850737546,-3.5741320115996587,-0.25489327347195967
2024-09-05,407.6199951171875,413.1000061035156,406.1300048828125,408.3900146484375,14195500,414.1809997558594,429.0365985107422,414.9030885075012,40.758513859273556,-3.732333430397091,-0.062124235256808324
2024-09-06,409.05999755859375,410.6499938964844,400.7999877929687,401.7000122070313,19609500,414.1315002441406,428.02739868164065,413.6456526693612,35.581188692774916,-4.347422105061128,0.3813884681765347
2024-09-09,407.239990234375,408.6499938964844,402.1499938964844,405.7200012207031,15295100,414.1165008544922,427.08479858398437,412.89082872187,40.47419371737004,-4.459103030216511,-0.22001580866416792
2024-09-10,408.2000122070313,416.3299865722656,407.7000122070313,414.2000122070313,19594300,414.4860015869141,426.4297985839844,413.0155128633139,49.233959238560104,-3.8193182287341187,0.2810834842531269
2024-09-11,415.5,423.989990234375,409.5799865722656,423.0400085449219,19266900,414.93750152587893,425.75599853515627,413.97022673775274,56.43172790423261,-2.569352443026048,-0.016708940865455824
2024-09-12,423.30999755859375,427.3699951171875,419.75,427.0,17395700,415.44450225830076,425.1103985595703,415.21115752463345,59.22098272863121,-1.2448573957781264,-0.09711993107349914
2024-09-13,425.8299865722656,431.8299865722656,425.4599914550781,430.5899963378906,15874600,415.9225021362305,424.50679870605467,416.67580884018173,61.61986427173117,0.09342028239058209,-0.08744114924952717
2024-09-16,430.6000061035156,433.5299987792969,428.2200012207031,431.3399963378906,13834700,416.56600189208984,423.78239868164064,418.0723981256778,62.12119036688544,1.200692876028313,-0.1285008756126138
2024-09-17,440.2300109863281,441.8500061035156,432.2699890136719,435.1499938964844,18874200,417.2470016479492,423.1605987548828,419.6988358181356,64.64747543447285,2.3584624583270966,0.36426521717131566
2024-09-18,435.0,436.0299987792969,430.4100036621094,430.80999755859375,18898000,417.5475021362305,422.58599853515625,420.75704169817925,59.75832086733863,2.8924592897741945,0.0012609805978531785
2024-09-19,441.2300109863281,441.5,436.8999938964844,438.69000244140625,21706600,418.2750015258789,422.03479858398435,422.46494272134373,64.9425514514201,3.9064747547531056,0.14861890147105505
2024-09-20,437.2200012207031,439.239990234375,434.2200012207031,435.2699890136719,55167100,419.26100158691406,421.64619812011716,423.6844709396607,61.25421762916589,4.3835915008318125,1.5414896851648807
2024-09-23,434.2799987792969,436.4599914550781,430.3900146484375,433.510009765625,15128900,420.09700164794924,421.24539855957033,424.62023654213345,59.38507433207502,4.5670482536039,-0.725762274979109
2024-09-24,433.0,433.3500061035156,426.1000061035156,429.1700134277344,17015800,420.88100280761716,420.7495989990234,425.0535486264764,54.933530905674125,4.312525508694989,0.12472155939955987
2024-09-25,429.8299865722656,433.1199951171875,428.5700073242187,432.1099853515625,13396400,421.7945022583008,420.4013989257812,425.72559021934177,57.27022784855085,4.298495186707669,-0.2127081888597656
2024-09-26,435.0899963378906,435.2999877929687,429.1300048828125,431.30999755859375,14492000,422.8300018310547,420.1571990966797,426.2574385373658,56.41308429608338,4.174700379025467,0.08178316562658616
2024-09-27,431.5199890136719,431.8500061035156,427.4700012207031,428.0199890136719,14896100,423.5750015258789,419.9101989746094,426.4253004874902,52.906138409259206,3.7676843878957698,0.027884349986199375
2024-09-30,428.2099914550781,430.4200134277344,425.3699951171875,430.2999877929687,16807300,424.23300018310545,419.7739990234375,426.7943183261072,54.99418471332488,3.587740885639562,0.1283020387886762
2024-10-01,428.4500122070313,428.4800109863281,418.80999755859375,420.69000244140625,19092900,424.79550018310545,419.3289990234375,426.2129549085166,45.780574149691475,2.6392650551359225,0.1359885287940359
2024-10-02,422.5799865722656,422.8200073242187,416.7099914550781,417.1300048828125,16582300,425.2070007324219,418.77459899902345,425.34791204892576,42.912387441554664,1.5820917068462563,-0.13149390611169598
2024-10-03,417.6300048828125,419.5499877929687,414.2900085449219,416.5400085449219,13686400,425.61450042724607,418.5273992919922,424.5090640961635,42.43785716200405,0.6887272194731509,-0.1746380176453206
2024-10-04,418.239990234375,419.75,414.9700012207031,416.05999755859375,19169700,426.3324996948242,418.48059936523435,423.7043910925854,42.03063282374289,-0.05734244013569878,0.40063859013327097
2024-10-07,416.0,417.1099853515625,409.0,409.5400085449219,20919800,426.5235000610352,418.1659997558594,422.3554022785222,36.857156393661114,-1.1613295598356785,0.09129511677282376
2024-10-08,410.8999938964844,415.6600036621094,408.1700134277344,414.7099914550781,19229300,426.5489990234375,417.92559936523435,421.6272679143847,42.86283592119141,-1.6006219193620836,-0.0808086119370166
2024-10-09,415.8599853515625,420.3800048828125,414.2999877929687,417.4599914550781,14974300,426.26999816894534,417.81639892578124,421.23038444206975,45.815031416505136,-1.7071829199099966,-0.22127690555558444
2024-10-10,415.2300109863281,417.3500061035156,413.1499938964844,415.8399963378906,13848400,425.71199798583984,417.7661987304688,420.71701414643366,44.360936250127935,-1.9004461870105729,-0.0751888235176269
2024-10-11,416.1400146484375,417.1300048828125,413.25,416.3200073242187,14144900,424.9984985351563,417.7503991699219,420.298251591937,44.91877742722006,-1.991914295521724,0.02141041564368451
2024-10-14,417.7699890136719,424.0400085449219,417.5199890136719,419.1400146484375,16653100,424.3884994506836,417.9633996582031,420.1879433116037,48.20432666908558,-1.8159196162634998,0.17732186158968966
2024-10-15,422.1799926757813,422.4800109863281,415.260009765625,418.739990234375,18900200,423.5679992675781,418.4351995849609,420.0500430185343,47.76904347551018,-1.689248585872292,0.1349358377719463
2024-10-16,415.1700134277344,416.3599853515625,410.4800109863281,416.1199951171875,15508900,422.8334991455078,418.7653997802734,419.6757527422156,44.908719552613206,-1.7797566644482572,-0.17943196368292402
2024-10-17,422.3599853515625,422.5,415.5899963378906,416.7200012207031,14820000,421.73499908447263,419.1311999511719,419.3942525973096,45.71044346498767,-1.7825216902378997,-0.04441965581053464
2024-10-18,417.1400146484375,419.6499938964844,416.260009765625,418.1600036621094,17145300,420.8794998168945,419.44059997558594,419.2767050796715,47.67839881332464,-1.6495023938613258,0.15690283400809713
2024-10-21,416.1199951171875,418.9599914550781,413.75,418.7799987792969,14206100,420.14299926757815,419.69580017089845,419.22939971773104,48.54326887499841,-1.4770289483905685,-0.17142890471441152
2024-10-22,418.489990234375,430.5799865722656,418.0400085449219,427.510009765625,25482200,420.0599990844727,420.10980041503905,420.0180292461019,58.85626313267576,-0.6286568090309288,0.7937505719374072
2024-10-23,430.8599853515625,431.0799865722656,422.5299987792969,424.6000061035156,19654400,419.6845001220703,420.32160034179685,420.454407994427,54.90600177100893,-0.188950646578121,-0.22870081861063807
2024-10-24,425.3299865722656,425.9800109863281,422.3999938964844,424.7300109863281,13581600,419.35550079345705,420.4790008544922,420.86160827937,55.051146935779585,0.16807252715290133,-0.30897915988277436
2024-10-25,426.760009765625,432.5199890136719,426.5700073242187,428.1499938964844,16899100,419.3620010375977,420.62140075683595,421.5557402429047,58.80737737389264,0.7186953310041986,0.24426429875714195
2024-10-28,431.6600036621094,431.94000244140625,426.2999877929687,426.5899963378906,14882400,419.17650146484374,420.7838006591797,422.0351932043319,56.48849723647236,1.0174604537804726,-0.11933771620973899
2024-10-29,428.0,433.1700134277344,425.7999877929687,431.9500122070313,17644100,419.739501953125,420.99220092773436,422.9794616807795,62.02873490734074,1.6675203149892468,0.1855681879266784
2024-10-30,437.44000244140625,438.5,432.1000061035156,432.5299987792969,29749100,420.5095016479492,421.14680114746096,423.88903664254303,62.583896506541414,2.2040901286527514,0.6860650302367364
2024-10-31,415.3599853515625,416.1600036621094,406.2999877929687,406.3500061035156,53971000,420.00000152587893,420.7910009765625,422.21865278168326,36.58329358825987,0.510929283413418,0.8142061440514168
2024-11-01,409.010009765625,415.5,407.5,410.3699951171875,24230400,419.7155014038086,420.68740112304687,421.09020919458845,40.65999081370898,-0.5007609080158772,-0.551047784921532
2024-11-04,409.7999877929687,410.4200134277344,405.5700073242187,408.4599914550781,19672300,419.66150054931643,420.52080078125,419.8873313146351,39.36516638783868,-1.4400539608649865,-0.18811493000528257
2024-11-05,408.3699951171875,414.8999938964844,408.0799865722656,411.4599914550781,17626000,419.4990005493164,420.4802008056641,419.08472751848683,42.464384279148106,-1.9202402106942031,-0.10401935716718436
2024-11-06,412.4200134277344,420.4500122070313,410.5199890136719,420.1799926757813,26681800,419.63500061035154,420.60700073242185,419.1890384858482,50.40017236365171,-1.5789587966787053,0.5137751049585839
2024-11-07,421.2799987792969,426.8500061035156,419.8800048828125,425.4299926757813,19901800,420.11450042724607,420.9036004638672,419.7834150753656,54.47174117966522,-0.8747758222030484,-0.25410579496135943
2024-11-08,425.3200073242187,426.5,421.7799987792969,422.5400085449219,16891400,420.4255004882813,421.09200073242187,420.0459477867519,51.94397093654787,-0.5436366039535301,-0.15126269985629437
2024-11-11,422.5199890136719,424.80999755859375,416.0,418.010009765625,24503300,420.36900024414064,421.1094006347656,419.85204892759697,48.170550000225205,-0.6393691805515118,0.4506376025669867
2024-11-12,418.25,424.44000244140625,417.2000122070313,423.0299987792969,19401200,420.58350067138673,421.3812005615234,420.15471081823506,52.30539057764874,-0.30663211348439745,-0.2082209335069154
2024-11-13,421.6400146484375,429.3299865722656,418.2099914550781,425.2000122070313,21502200,421.0375015258789,421.7072009277344,420.63521571240614,54.013276940482704,0.13066018815084135,0.10829227058120106
2024-11-14,425.0,428.1700134277344,420.0,426.8900146484375,30246900,421.54600219726564,422.0772009277344,421.23091084917104,55.35412811569394,0.6065941213601604,0.4066886179088651
2024-11-15,419.8200073242187,422.7999877929687,413.6400146484375,415.0,28247600,421.3880020141602,422.34320068359375,420.6374907682976,45.33818244291676,0.02407288201789015,-0.06609933579970184
2024-11-18,414.8699951171875,418.3999938964844,412.1000061035156,415.760009765625,24727000,421.23700256347655,422.5440008544922,420.17296876804306,46.010650266264875,-0.37196517755387504,-0.12463359719055778
2024-11-19,413.1099853515625,417.94000244140625,411.5499877929687,417.7900085449219,18133500,420.7510025024414,422.61580078125,419.9460201753649,47.85589488099244,-0.5160752626014755,-0.2666518380717434
2024-11-20,416.8699951171875,417.2900085449219,410.5799865722656,415.489990234375,19191700,420.2955017089844,422.46480041503906,419.52163637146106,45.94006198223114,-0.8065780689632902,0.05835608128601755
2024-11-21,419.5,419.7799987792969,410.2900085449219,412.8699951171875,20780200,419.70250091552737,422.1822003173828,418.8881467281969,43.78952794671954,-1.2339906694045908,0.08277015584862202
2024-11-22,411.3699951171875,417.3999938964844,411.05999755859375,417.0,24814600,419.14500122070314,421.910400390625,418.7083232302734,47.92759166957843,-1.2253364407008576,0.19414635085321597
2024-11-25,418.3800048828125,421.0799865722656,414.8500061035156,418.7900085449219,27691100,418.7550018310547,421.65940063476563,418.71610278404944,49.65742626692926,-1.061799409606465,0.11591966020004363
2024-11-26,419.5899963378906,429.0400085449219,418.8500061035156,427.989990234375,23458900,418.5570007324219,421.5162005615234,419.59933016027094,57.47630460499892,-0.18767015463760117,-0.15283610979701057
2024-11-27,425.1099853515625,427.2300109863281,422.0199890136719,422.989990234375,18332400,418.08000030517576,421.35980041503905,419.92225016732846,52.68692138807852,0.10046724061879786,-0.21853113317333717
2024-11-29,420.0899963378906,424.8800048828125,417.7999877929687,423.4599914550781,16271900,418.9354995727539,421.0552001953125,420.2591779090189,53.08268654025438,0.36256396116789347,-0.11239663110121967
2024-12-02,421.5700073242187,433.0,421.30999755859375,430.9800109863281,20207200,419.96600036621095,420.96940063476563,421.2802096306674,58.99310101709796,1.1636662095477277,0.24184637319550872
2024-12-03,429.8399963378906,432.4700012207031,427.739990234375,431.2000122070313,18302000,421.1030014038086,420.92320068359373,422.22495273317827,59.15521193092376,1.7955992227840625,-0.09428322578090975
2024-12-04,433.0299987792969,439.6700134277344,432.6300048828125,437.4200134277344,26009400,422.40100250244143,421.08820068359375,423.67210137075506,63.543366804259364,2.7664231997884485,0.4211233744945908
2024-12-05,437.9200134277344,444.6600036621094,436.1700134277344,442.6199951171875,21697800,423.5230026245117,421.29840087890625,425.4766626799391,66.75865506362805,3.910327439622449,-0.1657708366975017
2024-12-06,442.2999877929687,446.1000061035156,441.7699890136719,443.5700073242187,18821000,424.4300033569336,421.54360107421877,427.1998383603467,67.32562842473595,4.837771023647349,-0.1325848703555199
2024-12-09,442.6000061035156,448.3299865722656,440.5,446.0199890136719,19144400,425.60400238037107,421.9036010742187,428.9922336606634,68.80340766520551,5.704709453325222,0.017182933956750412
2024-12-10,444.3900146484375,449.6199951171875,441.6000061035156,443.3299865722656,18469500,426.8700012207031,422.16420104980466,430.3577339379588,65.31070810709122,6.104336695458414,-0.035253128852301474
2024-12-11,444.0499877929687,450.3500061035156,444.0499877929687,448.989990234375,19200200,428.16800079345705,422.7302008056641,432.1322345376175,68.88928234964148,6.799380135184549,0.039562521995722744
2024-12-12,449.1099853515625,456.1600036621094,449.1099853515625,449.55999755859375,20834800,429.38600006103513,423.37880065917966,433.7920214919962,69.23350624095457,7.311914694905511,0.08513452984864744
2024-12-13,448.44000244140625,451.4299926757813,445.5799865722656,447.2699890136719,20177800,430.4049987792969,423.9934002685547,435.0756374464415,66.07063987172629,7.447467703127245,-0.03153378002188645
2024-12-16,447.2699890136719,452.1799926757813,445.2799987792969,451.5899963378906,23598800,432.23449859619143,424.7040002441406,436.64843353134137,68.95219833941991,7.8134147445135795,0.16954276482074349
2024-12-17,451.010009765625,455.2900085449219,449.5700073242187,454.4599914550781,22733500,434.16949768066405,425.60239990234373,438.34477238122105,70.73066597209413,8.240029105437884,-0.03666711866705086
2024-12-18,451.3200073242187,452.6499938964844,437.0199890136719,437.3900146484375,24444500,435.14949798583984,426.0560003662109,438.2538430733369,51.74518797826885,7.118660108989161,0.07526337783447334
2024-12-19,441.6199951171875,443.1799926757813,436.3200073242187,437.0299987792969,22963700,436.22649841308595,426.4474005126953,438.1372864739045,51.431630274001165,6.130251109572384,-0.06057804414080881
2024-12-20,433.1099853515625,443.739990234375,428.6300048828125,436.6000061035156,64263700,437.41299896240236,426.8626007080078,437.9908788195818,51.033862092483595,5.2516947728208265,1.7984906613481275
2024-12-23,436.739990234375,437.6499938964844,432.8299865722656,435.25,19152500,438.3254989624023,427.24120056152344,437.7298427415264,49.73337210380139,4.395825990494927,-0.7019701635604548
2024-12-24,434.6499938964844,439.6000061035156,434.19000244140625,439.3299865722656,7164500,439.35249786376954,427.645,437.88223739207297,53.58311932544898,4.000647656938895,-0.625923508680329
2024-12-26,439.0799865722656,440.94000244140625,436.6300048828125,438.1099853515625,8194200,439.8584976196289,428.03239990234374,437.9039276739291,52.293427969325435,3.548121541453611,0.1437225207620909
2024-12-27,434.6000061035156,435.2200012207031,426.3500061035156,430.5299987792969,18117700,440.235498046875,428.32059997558594,437.2016487315832,45.03991756741193,2.548472561545566,1.2110395157550462
2024-12-30,426.05999755859375,427.5499877929687,421.8999938964844,424.8299865722656,13158700,440.3039978027344,428.4827996826172,436.02339519260056,40.491531105758256,1.2815275429763915,-0.2737102391583921
2024-12-31,426.1000061035156,426.7300109863281,420.6600036621094,421.5,13246500,439.82999725341796,428.549599609375,434.64021469806715,38.07259901620292,0.008662544965432062,0.00667239164963096
2025-01-02,425.5299987792969,426.0700073242187,414.8500061035156,418.5799865722656,16896500,439.19899597167966,428.54559936523435,433.1106691622765,36.03947007280155,-1.2216306191639887,0.27554448344845817
2025-01-03,421.0799865722656,424.0299987792969,419.5400085449219,423.3500061035156,16662900,438.49549560546876,428.4623992919922,432.1810822042993,41.53221037399723,-1.7910994248163092,-0.013825348444944208
2025-01-06,428.0,434.3200073242187,425.4800109863281,427.8500061035156,20573600,437.75699615478516,428.5273992919922,431.7685987661294,46.22403991342754,-1.8578786950587869,0.23469504107928385
2025-01-07,429.0,430.6499938964844,420.7999877929687,422.3699951171875,18139100,436.6969955444336,428.4801989746094,430.8734936567064,41.822642188096985,-2.3261781029038957,-0.11833125947816614
2025-01-08,423.4599914550781,426.9700012207031,421.5400085449219,424.55999755859375,15054600,435.6239959716797,428.40839904785156,430.272208314029,44.11288870163325,-2.491869146739816,-0.1700470254863803
2025-01-10,424.6300048828125,424.7099914550781,415.0199890136719,418.9500122070313,20201100,434.40499725341795,428.2555993652344,429.19390392288636,39.79152667877961,-3.0408068969155124,0.3418556454505599
2025-01-13,415.239990234375,418.5,412.2900085449219,417.19000244140625,17604800,432.8149978637695,427.96039916992186,428.05067521036443,38.51672524852012,-3.5766329001866666,-0.12852270420917677
2025-01-14,417.80999755859375,419.739990234375,410.7200012207031,415.6700134277344,16935900,431.12049865722656,427.6231994628906,426.87156456439965,37.40227667348234,-4.076932933467617,-0.03799531945832957
2025-01-15,419.1300048828125,428.1499938964844,418.2699890136719,426.30999755859375,19637800,430.07249908447267,428.0223992919922,426.8180819924181,48.6112099645328,-3.5736714569842434,0.15953684185664763
2025-01-16,428.7000122070313,429.489990234375,424.3900146484375,424.5799865722656,15300000,428.7219985961914,428.30659912109377,426.6049300476417,47.13337199186235,-3.2766592511617887,-0.22089032376335438
2025-01-17,434.0899963378906,434.4800109863281,428.1700134277344,429.0299987792969,26197500,427.4504989624023,428.71799926757814,426.835888974466,51.23970127876127,-2.651629805570053,0.7122549019607842
2025-01-21,430.2000122070313,430.8999938964844,425.6000061035156,428.5,26085700,427.0059982299805,429.05879943847657,426.9943757388026,50.73425869193077,-2.173995472408592,-0.004267582784616808
2025-01-22,437.55999755859375,447.2699890136719,436.0,446.2000122070313,27803800,427.46449890136716,429.5791998291016,428.823483973872,63.63538475341188,-0.363038876095402,0.06586367243355551
2025-01-23,442.0,446.75,441.5,446.7099914550781,18389300,427.9699981689453,430.0047998046875,430.526960876844,63.92848126302305,1.1006210624681785,-0.33860479502801777
2025-01-24,445.1600036621094,446.6499938964844,441.3999938964844,444.05999755859375,15549500,428.410498046875,430.4351995849609,431.8158215132011,61.16953111031488,2.0234249648999594,-0.15442675903922387
2025-01-27,424.010009765625,435.2000122070313,423.5,434.55999755859375,35647800,428.17199859619143,430.7661993408203,432.0771716127623,52.43336967505602,1.9655257435584872,1.2925367375156758
2025-01-28,434.6000061035156,448.3800048828125,431.3800048828125,447.2000122070313,23491700,428.62649993896486,431.249599609375,433.5174421455498,60.513877314291626,2.906084208838024,-0.3410056160548477
2025-01-29,446.69000244140625,446.8800048828125,440.3999938964844,442.3299865722656,23581400,429.2164993286133,431.5921990966797,434.3567320909513,56.529334611917875,3.221379147137384,0.003818369892344853
2025-01-30,418.7699890136719,422.8599853515625,413.1600036621094,414.989990234375,54586300,428.72449951171876,431.35419860839846,432.5122804855631,40.43341441111115,1.2507258536411996,1.3148031923465102
2025-01-31,418.9800109863281,420.69000244140625,414.9100036621094,415.05999755859375,34161900,428.4024993896484,431.3553985595703,430.8501583020422,40.48014846831919,-0.30190193566903645,-0.37416714450329114
2025-02-03,411.6000061035156,415.4100036621094,408.6600036621094,410.9200134277344,25679100,428.0195007324219,431.2585986328125,428.95204926639383,38.55378733259,-1.845162875787878,-0.24831171568326116
2025-02-04,412.69000244140625,413.9200134277344,409.739990234375,412.3699951171875,20532100,427.47050018310546,431.1501983642578,427.37280601408844,39.63724804320738,-2.917574897795987,-0.2004353735138693
2025-02-05,412.3500061035156,413.8299865722656,410.3999938964844,413.2900085449219,16316700,426.7425003051758,431.10619873046875,426.03158720750116,40.35587262345369,-3.6511436456149795,-0.20530778634430968
2025-02-06,414.0,418.2000122070313,414.0,415.8200073242187,16309800,426.41500091552734,431.1651989746094,425.0590557900457,42.38712286453287,-3.9824452560065993,-0.0004228796263950896
2025-02-07,416.4800109863281,418.6499938964844,408.1000061035156,409.75,22886800,425.6745010375977,431.0201989746094,423.601050476708,38.95899455976557,-4.680845161738205,0.4032544850335382
2025-02-10,413.7099914550781,415.4599914550781,410.9200134277344,412.2200012207031,20817900,425.33800048828124,430.888798828125,422.51714102375513,41.04834722249656,-4.9776444758394405,-0.09039708478249475
2025-02-11,409.6400146484375,412.489990234375,409.2999877929687,411.44000244140625,18140600,425.0505004882813,430.55779907226565,421.4621754444838,40.57602217156115,-5.215676382662252,-0.12860567108113685
2025-02-12,407.2099914550781,410.75,404.3699951171875,409.0400085449219,19121700,424.7190002441406,430.27879943847654,420.2791119302398,39.085753105590825,-5.534183214420636,0.05408310640221381
2025-02-13,407.0,411.0,406.3599853515625,410.5400085449219,23891700,423.93050079345704,430.02039978027346,419.35157827449524,40.55526933376224,-5.60099986933767,0.24945480788842
2025-02-14,407.7900085449219,408.9100036621094,405.8800048828125,408.4299926757813,22758500,423.1230010986328,429.5693994140625,418.3114272650939,39.125409237629384,-5.757840396291442,-0.04743069768999275
2025-02-18,408.0,410.6000061035156,406.5,409.6400146484375,21423100,422.1535018920898,429.1381994628906,417.48557844446,40.422647280944865,-5.7185787669260435,-0.05867697783245818
2025-02-19,407.8800048828125,415.489990234375,407.6499938964844,414.7699890136719,24114200,421.4670013427734,428.68519897460936,417.226950879623,45.705251448206695,-5.213420518009343,0.1256167408078197
2025-02-20,415.2900085449219,419.30999755859375,412.5400085449219,416.1300048828125,23508700,419.9635009765625,428.15539916992185,417.1224798323077,47.04579456846054,-4.649737769120293,-0.025109686408837928
2025-02-21,417.3399963378906,418.0499877929687,407.8900146484375,408.2099914550781,27524800,418.0385009765625,427.44819885253906,416.2736714154287,40.73785221574246,-4.786913464150473,0.17083462718057563
2025-02-24,408.510009765625,409.3699951171875,399.3200073242187,404.0,26443700,416.03550109863284,426.6077990722656,415.104750328245,37.83390910678603,-5.1756753530931405,-0.03927730628378767
2025-02-25,401.1000061035156,401.9200134277344,396.7000122070313,397.8999938964844,29387400,414.20250091552737,425.69919921875,413.4662020966488,34.04686123726317,-5.907888996811948,0.11131952033943815
2025-02-26,398.010009765625,403.6000061035156,394.25,399.7300109863281,19619000,411.82900085449216,424.71399963378906,412.15799341947536,36.112917729273185,-6.268250015386855,-0.332400960956056
2025-02-27,401.2699890136719,405.739990234375,392.1700134277344,392.5299987792969,21127400,409.33900146484376,423.57339965820313,410.28866059660123,31.88130784466945,-7.053511046279823,0.0768846526326521
2025-02-28,392.6600036621094,397.6300048828125,386.5700073242187,396.989990234375,32845700,408.4390014648437,422.5677996826172,409.0221205621035,36.819959785934685,-7.232579361289083,0.5546494126111117
2025-03-03,398.8200073242187,398.8200073242187,386.1600036621094,388.489990234375,23007700,407.1105010986328,421.30579956054686,407.06667957851033,32.050716818098664,-7.968515170925571,-0.2995217029930859
2025-03-04,383.3999938964844,392.5799865722656,381.0,388.6099853515625,29342900,405.99499969482423,419.9887994384766,405.30889917594385,32.18426130591186,-8.444721506210726,0.2753512954358759
2025-03-05,389.3399963378906,401.6700134277344,388.80999755859375,401.0199890136719,23433100,405.42749938964846,419.26139892578124,404.9004315414418,44.36289642507071,-7.73160969321782,-0.20140476912643268
2025-03-06,394.2799987792969,402.1499938964844,392.6799926757813,396.8900146484375,23304600,404.60749969482424,418.4585992431641,404.137534694489,41.68027825713767,-7.414250989174093,-0.005483696139221839
2025-03-07,392.3200073242187,394.7999877929687,385.5400085449219,393.30999755859375,22034100,403.481999206543,417.5927990722656,403.10634068154656,39.453160431459125,-7.366700649991515,-0.05451713395638624
2025-03-10,385.8399963378906,386.3999938964844,377.2200012207031,380.1600036621094,32840100,402.00249938964845,416.4909991455078,400.920975251124,32.56911566758504,-8.294497468300335,0.49042166460168546
2025-03-11,379.0,386.0,376.9100036621094,380.4500122070313,30380200,400.4139999389648,415.31339965820314,398.97135972311514,32.84740375854338,-8.903745034978101,-0.07490537483137993
2025-03-12,382.9500122070313,385.2200012207031,378.9500122070313,383.2699890136719,24253600,399.0054992675781,414.2165997314453,397.47599108412055,35.629315325100706,-9.054653154951154,-0.20166424184172582
2025-03-13,383.1600036621094,385.3200073242187,377.4500122070313,378.7699890136719,20473000,397.49199829101565,413.1813995361328,395.69446707741116,33.26136676329976,-9.428673440913485,-0.15587789029257515
2025-03-14,379.7799987792969,390.2300109863281,379.510009765625,388.55999755859375,19952800,396.3929977416992,412.45599975585935,395.01499378990474,42.25319475216812,-8.833290664896879,-0.02540907536755732
2025-03-17,386.7000122070313,392.7099914550781,385.5700073242187,388.7000122070313,22474300,395.40649871826173,411.8,394.41356697248824,42.37277885419115,-8.254989137203438,0.12637324084840218
2025-03-18,387.0700073242187,387.3699951171875,381.1000061035156,383.5199890136719,19486900,394.1004974365234,411.09880004882814,393.37608335736286,39.14320802715641,-8.12105116782891,-0.1329251634088715
2025-03-19,385.5299987792969,389.6799926757813,384.0,387.8200073242187,19185500,392.7529983520508,410.38820007324216,392.8469332589682,43.02527805537203,-7.580545016989561,-0.015466800773853207
2025-03-20,385.739990234375,391.7900085449219,383.2799987792969,386.8399963378906,18470500,391.2884979248047,409.5679998779297,392.2748440283894,42.36202938175125,-7.148861074164472,-0.03726772823225877
2025-03-21,383.2200012207031,391.739990234375,382.7999877929687,391.260009765625,39675900,390.44099884033204,408.94580017089845,392.17819314622136,46.37698940545038,-6.376584992825144,1.1480685417287027
2025-03-24,395.3999938964844,395.3999938964844,389.80999755859375,393.0799865722656,21004500,389.89499816894534,408.3161999511719,392.26407823441605,47.98370463592207,-5.553674414689681,-0.4705980204607835
2025-03-25,393.9200134277344,396.3599853515625,392.6400146484375,395.1600036621094,15775000,389.75799865722655,407.84039978027346,392.5398806561011,49.83376113712936,-4.679726878616577,-0.24897045871122858
2025-03-26,395.0,395.30999755859375,388.5700073242187,389.9700012207031,16108400,389.26999816894534,407.2959997558594,392.29513023368224,45.486520938413136,-4.355697216009219,0.021134706814579962
2025-03-27,390.1300048828125,392.239990234375,387.3999938964844,390.5799865722656,13766800,389.17249755859376,406.79419921875,392.13178321830924,46.08185596135161,-4.00353044699267,-0.14536515110128878
2025-03-28,388.0799865722656,389.1300048828125,376.9299926757813,378.7999877929687,21632000,388.26299743652345,405.8439990234375,390.86208841589587,37.55264930413414,-4.62170703546218,0.5713165005665806
2025-03-31,372.5400085449219,377.0700073242187,367.239990234375,375.3900146484375,35184700,387.6079986572266,404.8601995849609,389.3885575808998,35.50409483176925,-5.325385046100735,0.6265116494082841
2025-04-01,374.6499938964844,382.8500061035156,373.2300109863281,382.19000244140625,19689500,387.28699951171876,403.92339965820315,388.70298090094803,42.267552305014156,-5.273562409457043,-0.4403959675654475
2025-04-02,377.9700012207031,385.0799865722656,376.6199951171875,382.1400146484375,16092600,386.343000793457,402.9961999511719,388.07793649594703,42.232491342384336,-5.176850681503481,-0.18268112445719797
2025-04-03,374.7900085449219,377.4800109863281,369.3500061035156,373.1099853515625,30198000,385.1539993286133,401.5343994140625,386.65241733933897,36.36432812057103,-5.762428152726443,0.8765146713396219
2025-04-04,364.1300048828125,374.5899963378906,359.4800109863281,359.8399963378906,49209900,383.4804992675781,399.79699951171875,384.09885343443915,29.809314977631473,-7.2141198460547,0.6295748062785615
2025-04-07,350.8800048828125,371.0,344.7900085449219,357.8599853515625,50425000,382.3654983520508,398.0729992675781,381.5999136170223,28.970181711585724,-8.42722253522345,0.024692185921938448
2025-04-08,368.260009765625,373.6499938964844,350.25,354.55999755859375,35868900,381.0709976196289,396.47299926757813,379.02468351621957,27.57685459821016,-9.544869280476007,-0.2886683192860684
2025-04-09,353.5400085449219,393.2300109863281,353.1000061035156,390.489990234375,50199700,381.43199768066404,395.338798828125,380.11661748937723,53.69180483770606,-7.445534758825488,0.39953274284965534
2025-04-10,382.05999755859375,383.8999938964844,367.7999877929687,381.3500061035156,38024400,381.5609985351563,394.11919921875,380.23408307167614,48.86476755125743,-6.445023143939068,-0.2425373059998367
2025-04-11,380.6400146484375,390.0499877929687,378.8900146484375,388.4500122070313,23839200,381.5554992675781,393.5883996582031,381.01655251313855,52.4415942771706,-5.021316712121518,-0.37305519613721716
2025-04-14,393.2200012207031,394.6499938964844,384.2099914550781,387.80999755859375,19251200,381.51099853515626,393.0433996582031,381.6635472793724,52.087898092196006,-3.8997095171299065,-0.19245612268868084
2025-04-15,388.510009765625,391.8900146484375,384.1600036621094,385.7300109863281,17199900,381.6214996337891,392.539599609375,382.05082953717766,50.886701502608155,-3.1424411619510693,-0.10655439660904253
2025-04-16,380.6700134277344,381.6099853515625,368.0,371.6099853515625,21967800,380.8109985351563,391.7243994140625,381.05646342426195,43.54531149106536,-3.6397122601033516,0.2772051000296514
2025-04-17,373.75,374.3200073242187,366.8900146484375,367.7799987792969,21120200,379.8579986572266,390.81419921875,379.7920382199796,41.78441132836866,-4.29335991530246,-0.03858374529993902
2025-04-21,362.8200073242187,364.4800109863281,355.6700134277344,359.1199951171875,20807300,378.25099792480466,389.68019897460937,377.8232722101899,38.03877693386983,-5.447376348515036,-0.014815200613630508
2025-04-22,363.3800048828125,367.7699890136719,359.8599853515625,366.8200073242187,19485000,376.93799896240233,388.82159912109375,376.77534222104975,42.936845847036466,-5.675195926698905,-0.0635498118448814
2025-04-23,376.05999755859375,380.3900146484375,373.0199890136719,374.3900146484375,20545500,375.8994995117188,388.06499938964845,376.54816816651527,47.343851133499214,-5.185137223609502,0.054426481909160884
2025-04-24,375.7000122070313,388.4500122070313,375.19000244140625,387.2999877929687,22232300,375.76599884033203,387.5821990966797,377.5721509880823,53.88486414295708,-3.712242806826339,0.08210070331702801
2025-04-25,387.0,392.1600036621094,384.6000061035156,391.8500061035156,18973200,375.82949981689455,387.23839904785154,378.93194671336164,55.96122867962131,-2.152996514695303,-0.14659302006540031
2025-04-28,391.9599914550781,392.739990234375,386.6400146484375,391.1600036621094,16579400,376.44750061035154,386.8507989501953,380.09652356562333,55.552732777225444,-0.9618721613180128,-0.12616743617312842
2025-04-29,391.2999877929687,395.1000061035156,390.3800048828125,394.0400085449219,14974000,377.38000030517577,386.5629992675781,381.4244745160327,56.964788026942614,0.21205041002895086,-0.0968310071534555
2025-04-30,390.2999877929687,396.6600036621094,384.44000244140625,395.260009765625,36461100,378.0335006713867,386.27539916992185,382.7421445398034,57.579587152346846,1.2266958221656523,1.434960598370509
2025-05-01,431.1099853515625,436.989990234375,424.8999938964844,425.3999938964844,58938100,380.1964996337891,386.4879992675781,386.8047968594873,69.26238571421895,4.411995710236852,0.6164652190965165
2025-05-02,431.739990234375,439.44000244140625,429.989990234375,435.2799987792969,30757400,383.3050003051758,386.8709991455078,391.421482756612,71.98600195353045,7.645470419915966,-0.4781406255037064
2025-05-05,432.8699951171875,439.5,432.1099853515625,436.1700134277344,20136100,387.12150115966796,387.4301995849609,395.6832475824332,72.22476013118153,10.162690002931242,-0.3453250274730634
2025-05-06,432.2000122070313,437.7300109863281,431.1700134277344,433.30999755859375,15104200,390.89400177001954,388.01639953613284,399.26674758016276,70.15556587108678,11.790907042764672,-0.24989446814427818
2025-05-07,433.8399963378906,438.1199951171875,431.1099853515625,433.3500061035156,23295300,394.8335021972656,388.72539978027345,402.5127722014345,70.16844125242368,12.935397917525222,0.5423061135313356
2025-05-08,437.9299926757813,443.6700134277344,435.6600036621094,438.1700134277344,23491300,397.2175033569336,389.49419982910155,405.90869993727256,71.74968793107986,14.069168868998645,0.008413714354397639
2025-05-09,440.0,440.739990234375,435.8800048828125,438.7300109863281,15324200,400.08650360107424,390.4182000732422,409.0345390848017,71.93581061266487,14.84179071463916,-0.3476648801896872
2025-05-12,445.94000244140625,449.3699951171875,439.7799987792969,449.260009765625,22821900,403.1270034790039,391.4636004638672,412.86553629249914,75.23925251422531,16.117983906983625,0.48927187063598754
2025-05-13,447.7799987792969,450.6700134277344,445.3599853515625,449.1400146484375,23618800,406.1935043334961,392.6766009521484,416.32024851687424,75.13072204764003,16.9245973798769,0.034918214522016155
2025-05-14,448.1400146484375,453.8999938964844,448.1400146484375,452.94000244140625,19902800,409.55400390625,393.9632012939453,419.8078441287344,76.2967741673433,17.666819527253722,-0.1573322946127661
2025-05-15,450.7699890136719,456.19000244140625,450.4299926757813,453.1300048828125,21992300,413.6300048828125,395.0054016113281,422.9813832481704,76.35646790955678,18.0621582189317,0.10498522820909617
2025-05-16,452.0499877929687,454.3599853515625,448.7300109863281,454.2699890136719,23849800,417.9545043945312,396.1530010986328,425.96125046393246,76.73503946495272,18.256998854258768,0.08446137966470091
2025-05-19,450.8800048828125,459.5899963378906,450.7999877929687,458.8699951171875,21336500,422.94200439453124,397.4642010498047,429.0954166213853,78.2484935479831,18.568546860516165,-0.10538033861919183
2025-05-20,455.5899963378906,458.3399963378906,454.3200073242187,458.1700134277344,15441800,427.509504699707,399.0244012451172,431.8644258410376,77.42311998769011,18.54519081200914,-0.2762730532186628
2025-05-21,454.5700073242187,457.7799987792969,451.80999755859375,452.5700073242187,19216900,431.4185043334961,400.46680114746096,433.83638598229294,70.97318459732966,17.868826574157538,0.24447279462238858
2025-05-22,454.9500122070313,460.25,453.8999938964844,454.8599853515625,18025600,434.79650421142577,401.89860107421873,435.838633541271,72.0004057000545,17.31795453159293,-0.061992308853144884
2025-05-23,449.9800109863281,453.69000244140625,448.9100036621094,450.1799926757813,16883500,437.71300354003904,403.3268011474609,437.2044772683672,66.79775187735763,16.31567127018684,-0.06335988815906268
2025-05-27,456.4800109863281,460.9500122070313,456.1199951171875,460.69000244140625,20974300,441.1895034790039,404.7694012451172,439.4411939515138,71.73690348500415,16.18287836839221,0.24229573251991599
2025-05-28,461.2200012207031,462.5199890136719,456.9299926757813,457.3599853515625,17086300,444.3555023193359,406.1426007080078,441.1477455134232,68.27151116662469,15.628775690378745,-0.1853697143647225
2025-05-29,461.5499877929687,461.7200012207031,455.30999755859375,458.6799926757813,13974800,447.52650146484376,407.64580078125,442.8174833384097,68.91258630745342,15.12184368429024,-0.18210496128477205
2025-05-30,459.7200012207031,461.6799926757813,455.5400085449219,460.3599853515625,34770500,449.27450103759764,409.0966003417969,444.48819781585286,69.75030138336096,14.686362540445089,1.4880856971119445
2025-06-02,457.1400146484375,462.1099853515625,456.8900146484375,461.9700012207031,16626500,450.60900115966797,410.5992004394531,446.1531314734576,70.5688168894601,14.306241969552673,-0.5218216591650968
2025-06-03,461.4700012207031,464.1400146484375,460.8599853515625,462.9700012207031,15743800,451.9490005493164,412.0334002685547,447.7547381160524,71.09202924653614,13.925164690710403,-0.053089946771719854
2025-06-04,464.0,465.69000244140625,463.0199890136719,463.8699951171875,14162700,453.4770004272461,413.44920043945314,449.2895244971129,71.58168719601133,13.539702920502691,-0.1004268346904813
2025-06-05,464.9599914550781,469.6499938964844,464.0299987792969,467.6799926757813,20131700,455.19349975585936,414.89960021972655,451.04099765698606,73.61890663008515,13.387335778484157,0.4214591850424001
2025-06-06,470.0899963378906,473.3399963378906,468.7799987792969,470.3800048828125,15285600,456.80399932861326,416.50780029296874,452.88280786896956,74.98734435410879,13.330783170586244,-0.24071985972371934
2025-06-09,469.7000122070313,473.4299926757813,468.6199951171875,472.75,16469900,458.5049987792969,418.1512005615234,454.77492140525817,76.15649057875983,13.323617254423823,0.07747814936934105
2025-06-10,471.19000244140625,472.7999877929687,466.9599914550781,470.9200134277344,15375900,459.58799896240237,419.99360107421876,456.31254921692255,73.3071744084,13.020185003752033,-0.06642420415424499
2025-06-11,470.0199890136719,475.4700012207031,469.6600036621094,472.6199951171875,16399200,460.76199798583986,421.9382006835938,457.8656393026621,74.2702284840861,12.769686081686359,0.06655220182233235
2025-06-12,475.0199890136719,480.4200134277344,473.5199890136719,478.8699951171875,18950600,462.0584976196289,423.8718005371094,459.8660541421407,77.48628547863738,12.926478252926188,0.15558076003707488
2025-06-13,476.4100036621094,479.1799926757813,472.760009765625,474.9599914550781,16814500,463.1499969482422,425.7282000732422,461.30357198146805,71.46789159826766,12.590101704607605,-0.11271938619357702
2025-06-16,475.2099914550781,480.69000244140625,475.0,479.1400146484375,15626100,464.3934982299805,427.8488006591797,463.00228080689374,73.80985388403494,12.516531025998006,-0.07067709417467072
2025-06-17,475.3999938964844,478.739990234375,474.0799865722656,478.0400085449219,15414100,465.3519989013672,430.2128009033203,464.4344453533726,72.13192088143423,12.228501876083271,-0.013567044880040457
2025-06-18,478.0,481.0,474.4599914550781,480.239990234375,17526500,466.4554977416992,432.66040100097655,465.9397353420395,73.43273651607399,12.038978980282138,0.13704335640744514
2025-06-20,482.2300109863281,483.4599914550781,476.8699951171875,477.3999938964844,37576200,467.6969970703125,435.11720092773436,467.0311885377009,68.95791002046954,11.526743624933488,1.1439648532222635
2025-06-23,478.2099914550781,487.75,472.510009765625,486.0,24864000,469.2539978027344,437.0274011230469,468.8377420103008,74.10407375935763,11.68010109979906,-0.3383045651236687
2025-06-24,488.9500122070313,491.8500061035156,486.7999877929687,490.1099853515625,22305600,471.25049743652346,439.2026007080078,470.86366994756384,76.13985852125586,11.995008481658317,-0.10289575289575292
2025-06-25,492.0400085449219,494.55999755859375,489.3900146484375,492.2699890136719,17495100,472.8294967651367,441.2790002441406,472.90236700147886,77.15626274933757,12.2773435204723,-0.21566333118140735
2025-06-26,492.9800109863281,498.0400085449219,492.80999755859375,497.4500122070313,21578900,474.83399810791013,443.4718005371094,475.24023797343625,79.42035081687547,12.771854662939575,0.23342535910054818
2025-06-27,497.5499877929687,499.2999877929687,493.0299987792969,495.94000244140625,34539200,476.6969985961914,445.6760003662109,477.2116441132429,77.0238150206836,12.893287346954537,0.6006005866842146
2025-06-30,497.0400085449219,500.760009765625,495.3299865722656,497.4100036621094,28369000,478.54949951171875,448.1920007324219,479.13529740361116,77.7283886450553,12.958759919307738,-0.17864339648862737
2025-07-01,496.4700012207031,498.0499877929687,490.9800109863281,492.0499877929687,19945400,480.05349884033205,450.6774005126953,480.3652679168833,69.37462515638575,12.434798305017068,-0.2969297472593324
2025-07-02,489.989990234375,493.5,488.7000122070313,491.0899963378906,16319600,481.4594985961914,453.3168005371094,481.3866706236459,67.96573064887238,11.805999450623347,-0.1817862765349404
2025-07-03,493.80999755859375,500.1300048828125,493.44000244140625,498.8399963378906,13984800,483.20799865722654,455.9572003173828,483.0488921202406,72.77298287763081,11.797043089481576,-0.14306723204000094
2025-07-07,497.3800048828125,498.75,495.2300109863281,497.7200012207031,13981600,484.70999908447266,458.4238000488281,484.44614060599895,71.11215346602772,11.566242420099343,-0.00022881986156397804
2025-07-08,497.239990234375,498.2000122070313,494.1099853515625,496.6199951171875,11846600,486.0219985961914,460.6102001953125,485.60555532135027,69.43603989052647,11.16585687976044,-0.15270069233850203
2025-07-09,500.2999877929687,506.7799987792969,499.739990234375,503.510009765625,18659500,487.5599990844727,462.84340026855466,487.3107414589002,73.62879354082415,11.274549070769012,0.575093275707798
2025-07-10,503.0499877929687,504.44000244140625,497.75,501.4800109863281,16492100,489.08799896240237,465.04980041503904,488.66019569960764,70.55769046343725,11.069284656022546,-0.11615530962780352
2025-07-11,498.4700012207031,505.0299987792969,497.7999877929687,503.3200073242187,16459500,490.6229995727539,467.235400390625,490.0563682352849,71.70953192473337,10.929099598420123,-0.0019767039976715806
2025-07-14,501.5199890136719,503.9700012207031,501.0299987792969,503.0199890136719,12058800,491.83049926757815,469.3905999755859,491.2909987856074,71.2202716614278,10.670786772409713,-0.26736535131686867
2025-07-15,503.0199890136719,508.2999877929687,502.7900085449219,505.8200073242187,14927200,493.37350006103514,470.99900024414063,492.67471388452276,73.06716940239096,10.570163805038817,0.23786778120542684
2025-07-16,505.1799926757813,506.7200012207031,501.8900146484375,505.6199951171875,15154400,494.69749908447267,472.40580017089843,493.9075978114432,72.70823089567396,10.35491504992757,0.015220537006270352
2025-07-17,505.6799926757813,513.3699951171875,505.6199951171875,511.7000122070313,17503100,496.3804992675781,473.91640014648436,495.6021134681659,76.48916271230206,10.553283741267592,0.1549846909148498
2025-07-18,514.47998046875,514.6400146484375,507.4299926757813,510.0499877929687,21209700,497.8709991455078,475.4511999511719,496.9781014990995,73.51270435772089,10.456809586166969,0.21176820106152627
2025-07-21,506.7099914550781,512.0900268554688,505.5499877929687,510.05999755859375,14066800,499.5039993286133,476.98539978027344,498.2239963619085,73.51943637698452,10.262857000526424,-0.3367751547640938
2025-07-22,510.9700012207031,511.2000122070313,505.2699890136719,505.2699890136719,13868600,500.4674987792969,478.3273992919922,498.89504328112406,65.00507537448388,9.611835267446395,-0.01408991383967928
2025-07-23,506.75,506.7900085449219,500.7000122070313,505.8699951171875,16396600,501.2554992675781,479.6701989746094,499.5593244083682,65.5433781891775,9.040102655570763,0.18228227795163177
2025-07-24,508.7699890136719,513.6699829101562,507.2999877929687,510.8800048828125,16107000,502.18600006103514,480.9025988769531,500.6374844535534,69.73032068052328,8.88880178534123,-0.017662198260614992
2025-07-25,512.469970703125,518.2899780273438,510.3599853515625,513.7100219726562,19125700,502.9990005493164,482.1939990234375,501.8824880268013,71.81383039446449,8.894720680102296,0.18741540944930768
2025-07-28,514.0800170898438,515.0,510.1199951171875,512.5,14308000,503.8270004272461,483.38519897460935,502.8936796432964,69.60768671883949,8.701467683249007,-0.2518966626058131
2025-07-29,515.530029296875,517.6199951171875,511.55999755859375,512.5700073242188,16469200,504.5850006103516,484.5739990234375,503.8152346605271,69.66574897167169,8.456481245102225,0.15104836455129989
2025-07-30,515.1699829101562,515.9500122070312,509.44000244140625,513.239990234375,26380400,505.6445007324219,485.7533990478516,504.712830429465,70.25148289461768,8.221616077049816,0.6018021518956598
2025-07-31,555.22998046875,555.4500122070312,531.9000244140625,533.5,51617300,507.76500091552737,487.2459991455078,507.4544656266588,81.73617646140455,9.560094390197605,0.9566534245121379
2025-08-01,535.0,535.7999877929688,520.8599853515625,524.1099853515625,28977600,509.02850036621095,488.5647985839844,509.04070560045915,68.53078960892461,9.750751793042696,-0.4386068236812076
2025-08-04,528.27001953125,538.25,528.1300048828125,535.6400146484375,25349000,510.9245010375977,490.22619873046875,511.573973128838,74.07042344618166,10.70878198940369,-0.12522086025067636
2025-08-05,537.1799926757812,537.2999877929688,527.239990234375,527.75,19171600,512.4810012817383,491.6839990234375,513.1145471165677,65.56494069465242,10.707935168564404,-0.2436940313227346
2025-08-06,530.9000244140625,531.7000122070312,524.030029296875,524.9400024414062,21355700,513.5525009155274,493.17919921875,514.2407809570285,62.799141389631316,10.361084604331722,0.1139237205032444
2025-08-07,526.7999877929688,528.0900268554688,517.5499877929688,520.8400268554688,16079100,514.5205017089844,494.38219970703125,514.8692805664037,58.89532127813009,9.644196969039513,-0.24708157541078024
2025-08-08,522.5999755859375,524.6599731445312,519.4099731445312,522.0399780273438,15531000,515.4565002441407,495.67579956054686,515.5522041341123,59.68521279531531,9.068350089355647,-0.034087728790790583
2025-08-11,522.2999877929688,527.5900268554688,519.719970703125,521.77001953125,20194400,516.3940017700195,496.93760009765623,516.1443770290779,59.408618160394674,8.492309832486399,0.3002639881527267
2025-08-12,523.75,530.97998046875,522.7000122070312,529.239990234375,18667000,517.5650009155273,498.3152001953125,517.3915782867252,64.33398094302137,8.540112880117476,-0.07563482945767142
2025-08-13,532.1099853515625,532.7000122070312,519.3699951171875,520.5800170898438,19619200,518.3130020141601,499.48740051269533,517.6952391251175,55.870157183617266,7.7894181180980695,0.05100980339636796
2025-08-14,522.5599975585938,525.9500122070312,520.1400146484375,522.47998046875,20269100,518.8520004272461,500.67760009765624,518.150928776892,57.20054361441541,7.264062683857787,0.0331257135866907
2025-08-15,522.77001953125,526.0999755859375,519.0800170898438,520.1699829101562,25213300,519.3580001831054,501.8035998535156,518.3432196467267,55.02842526167284,6.585404772769152,0.24392794944028107
2025-08-18,521.5900268554688,522.8200073242188,514.02001953125,517.0999755859375,23760600,519.7099990844727,502.79199951171876,518.224815450461,52.19182346687547,5.7337445171606305,-0.05761641673243878
2025-08-19,515.0,515.1599731445312,508.5499877929687,509.7699890136719,21481000,519.9349990844727,503.5797991943359,517.4195938850526,46.083709028558836,4.416419239712127,-0.09594033820694758
2025-08-20,509.8699951171875,511.0,504.44000244140625,505.7200012207031,27723000,519.9274993896485,504.23919921875,516.3053469646384,43.08350402537407,3.010921272588803,0.290582375122201
2025-08-21,503.69000244140625,507.6300048828125,502.7200012207031,504.239990234375,18443300,519.5954986572266,504.9055987548828,515.1562653712799,42.007228552725174,1.7573716040233194,-0.33472928615229236
2025-08-22,504.25,510.7300109863281,502.4100036621094,507.2300109863281,24324200,519.2714981079101,505.5977990722656,514.4013840012846,44.99670462736186,0.9937389424367211,0.3188637608237137
2025-08-25,506.6300048828125,508.19000244140625,504.1199951171875,504.260009765625,21638600,518.8594985961914,506.10559936523435,513.4355388359836,42.64513511261538,0.14720340999872406,-0.11040856431043977
2025-08-26,504.3599853515625,504.9800109863281,498.510009765625,502.0400085449219,30835700,518.3329986572265,506.64719970703123,512.3502502368349,40.92353789057448,-0.694808325728161,0.4250321185289252
2025-08-27,502.0,507.2900085449219,499.8999938964844,506.739990234375,17277900,518.0079986572266,507.19919921875,511.8159397604101,45.902794682669565,-0.9716587722161876,-0.4396786841226241
2025-08-28,507.0899963378906,511.0899963378906,505.5,509.6400146484375,18015600,516.8149993896484,507.8311993408203,511.6087087973651,48.77191235671549,-0.9461503793432371,0.0426961609917873
2025-08-29,508.6600036621094,509.6000061035156,504.489990234375,506.69000244140625,20961600,515.9440002441406,508.3601995849609,511.1402605729881,46.09383442515067,-1.15071143985449,0.1635249450476255
2025-09-02,500.4700012207031,506.0,496.80999755859375,505.1199951171875,18128000,514.4179992675781,508.914599609375,510.56690195814997,44.68745784942762,-1.4231093058353963,-0.13518052057094876
2025-09-03,503.7900085449219,507.7900085449219,502.3200073242187,505.3500061035156,16345100,513.297999572754,509.3015997314453,510.0700547338991,44.95244718055487,-1.6019602126850714,-0.09835061782877319
2025-09-04,504.2999877929687,508.1499938964844,503.1499938964844,507.9700012207031,15509500,512.4494995117187,509.65880004882814,509.87004963740424,48.00792081349398,-1.5148271507239883,-0.0511223547118097
2025-09-05,509.0700073242187,511.9700012207031,492.3699951171875,495.0,31994800,511.1574981689453,509.71340026855466,508.4538544338419,37.045622060318905,-2.4639414912866755,1.0629162771204745
2025-09-08,498.1099853515625,501.2000122070313,495.0299987792969,498.2000122070313,16771000,509.9654998779297,509.7284002685547,507.4772980312885,40.64667957273909,-2.9241988585023933,-0.47582107092402515
2025-09-09,501.4299926757813,502.25,497.7000122070313,498.4100036621094,14410500,508.79749908447263,509.7778002929688,506.61374618660477,40.88564317726044,-3.2347237012605206,-0.1407489118120565
2025-09-10,502.9800109863281,503.2300109863281,496.7200012207031,500.3699951171875,21611800,507.35399932861327,509.8370001220703,506.0191032276127,43.18490137718092,-3.284796852859529,0.4997258943131744
2025-09-11,502.25,503.1700134277344,497.8800048828125,501.010009765625,18881600,506.37549896240233,510.0162005615234,505.54204670742337,43.951519423678164,-3.2355390725804796,-0.1263291350095781
2025-09-12,506.6499938964844,512.5499877929688,503.8500061035156,509.8999938964844,23624900,505.7464996337891,510.3924005126953,505.95708929685776,53.36450908026593,-2.450902031181272,0.2512128209473774
2025-09-15,508.7900085449219,515.469970703125,507.0,515.3599853515625,17143800,505.50599975585936,510.72280029296877,506.85260320682966,58.02691700667741,-1.3726725290396757,-0.2743334363320057
2025-09-16,516.8800048828125,517.22998046875,508.6000061035156,509.0400085449219,19711900,505.1030014038086,510.94920043945314,507.0609275247432,51.59672347659408,-1.0164205272757272,0.14979759446563778
2025-09-17,510.6199951171875,511.2900085449219,505.9299926757813,510.0199890136719,15816600,505.1155014038086,511.21720031738283,507.34274290464117,52.47613652618785,-0.6475474910386652,-0.19761159502635461
2025-09-18,511.489990234375,513.0700073242188,507.6600036621094,508.4500122070313,18913700,505.252001953125,511.3160003662109,507.44819712391643,50.881226400508865,-0.4764052564420922,0.19581325948686823
2025-09-19,510.55999755859375,519.2999877929688,510.30999755859375,517.9299926757812,52474100,505.93650207519534,511.645,508.44646336695115,58.98700498642885,0.4193474178166525,1.7743963370466909
2025-09-22,515.5900268554688,517.739990234375,512.5399780273438,514.4500122070312,20009300,506.2975021362305,511.86760009765624,509.01822992314925,55.37447945019393,0.8387637785713764,-0.6186823594878235
2025-09-23,513.7999877929688,514.5900268554688,507.30999755859375,509.2300109863281,19799600,506.54600219726564,511.9918005371094,509.03839954821393,50.389398285262246,0.741397425048774,-0.010480126741065354
2025-09-24,510.3800048828125,512.47998046875,506.9200134277344,510.1499938964844,13533700,506.9515014648438,512.0784002685547,509.14426567662065,51.22283564607593,0.7300532215315343,-0.3164659892119033
2025-09-25,508.2999877929687,510.010009765625,505.0400085449219,507.0299987792969,15786500,506.9660018920898,512.1066003417968,508.9429069244946,48.26168958307971,0.4639571185839486,0.1664585442266342
2025-09-26,510.05999755859375,513.9400024414062,506.6199951171875,511.4599914550781,16213100,507.0570007324219,512.1017999267578,509.18262926074067,52.463684363414814,0.6035797343587319,0.027023089348493956
2025-09-29,511.5,516.8499755859375,508.8800048828125,514.5999755859375,17617800,507.45249938964844,512.1927996826172,509.6985670059975,55.23863773646911,0.9565753356826576,0.08663981595129866
2025-09-30,513.239990234375,518.1599731445312,509.6600036621094,517.9500122070312,19728200,508.0940002441406,512.350599975586,510.4844189299055,58.05213695084599,1.4894770861441202,0.11978794174073948
2025-10-01,514.7999877929688,520.510009765625,511.69000244140625,519.7100219726562,22632300,508.81200103759767,512.6394006347656,511.3630477911198,59.49268313518076,2.030418244177838,0.1472055230583631
2025-10-02,517.6400146484375,521.5999755859375,510.6799926757813,515.739990234375,21222900,509.20050048828125,512.8368005371094,511.7798994523822,54.911825340647304,2.11439618380939,-0.06227382988030383
2025-10-03,517.0999755859375,520.489990234375,515.0,517.3499755859375,15112300,510.3179992675781,512.9661999511719,512.3103828936731,56.37870484042296,2.284527062747202,-0.287924835908382
2025-10-06,518.6099853515625,531.030029296875,518.2000122070312,528.5700073242188,21388600,511.8364990234375,513.2633996582031,513.8589185537251,64.93938322469722,3.2868312568463125,0.41531070717230345
2025-10-07,528.2899780273438,529.7999877929688,521.4400024414062,523.97998046875,14615200,513.1149978637695,513.4929992675782,514.8228292122989,59.771533810431286,3.6684995656689807,-0.3166827188315271
2025-10-08,523.280029296875,526.9500122070312,523.0900268554688,524.8499755859375,13363400,514.338996887207,513.7385986328125,515.7777955335978,60.414552391614215,3.9951224999847454,-0.08565055558596535
2025-10-09,522.3400268554688,524.3300170898438,517.4000244140625,522.4000244140625,18343600,515.4084976196289,513.9217993164062,516.408483998404,57.62137227079958,4.010057497490038,0.37267461873475316
2025-10-10,519.6400146484375,523.5800170898438,509.6300048828125,510.9599914550781,24133800,515.4614974975586,513.4709991455078,515.8895799466587,46.75184482899189,3.0634648236224393,0.31565232560675116
2025-10-13,516.4099731445312,516.4099731445312,511.6799926757813,514.0499877929688,14284200,515.3959976196289,513.269799194336,515.7143806939264,49.521640130947134,2.5334165411519507,-0.40812470477090224
2025-10-14,510.2300109863281,515.280029296875,506.0,513.5700073242188,14684300,515.6224975585938,512.8283990478516,515.5101546587161,49.094445533086116,2.050976663747292,0.02800996905671993
2025-10-15,514.9600219726562,517.1900024414062,510.0,513.4299926757812,14694700,515.7929977416992,512.5419989013672,515.3120439936747,48.96176037431342,1.6384544896802709,0.00070823941216136
2025-10-16,512.5800170898438,516.8499755859375,508.1300048828125,511.6099853515625,15559600,515.9509963989258,512.2753985595704,514.9594669801402,47.17690203615524,1.1513957406624513,0.05885795558943019
2025-10-17,509.0400085449219,515.47998046875,507.30999755859375,513.5800170898438,19867800,515.7334976196289,512.1301983642578,514.8280908001119,49.33008851802198,0.9138292156748093,0.27688372451733967
2025-10-20,514.6099853515625,518.7000122070312,513.4299926757812,516.7899780273438,14665600,515.8504959106446,512.0251983642578,515.0149372027054,52.712419312815854,0.9733528481981466,-0.26184076747299656
2025-10-21,517.5,518.6900024414062,513.0399780273438,517.6599731445312,15586200,516.2719940185547,511.94299743652346,515.2668453876412,53.61614071133596,1.0782971525638914,0.06277274710888059
2025-10-22,521.1500244140625,525.22998046875,517.7100219726562,520.5399780273438,18962700,516.7914932250976,511.7689971923828,515.7690484961843,56.57477087899198,1.3779741662649485,0.2166339454132502
2025-10-23,522.4600219726562,523.9500122070312,518.6099853515625,520.5599975585938,14023500,517.4679931640625,511.76859680175784,516.2253293592709,56.595496328512006,1.5986574397056756,-0.2604692369757471
2025-10-24,522.7899780273438,525.3499755859375,520.7100219726562,523.6099853515625,15532400,518.0754928588867,511.79119689941405,516.9286299299653,59.747478895336386,1.9966429913880575,0.10759796056619253
2025-10-27,531.780029296875,534.5800170898438,529.010009765625,531.52001953125,18734700,518.9214950561524,512.018197631836,518.3182860824686,66.53491672597394,2.916701144602712,0.2061690401998404
2025-10-28,550.0,553.719970703125,540.77001953125,542.0700073242188,29986700,520.1274948120117,512.5175982666016,520.5803547721591,73.05978944630631,4.445900135368447,0.6005967536176187
2025-10-29,544.9400024414062,546.27001953125,536.72998046875,541.5499877929688,36023000,521.2194931030274,513.1531982421875,522.5774626789029,72.31138016143912,5.551841944610942,0.20129924266424792
2025-10-30,530.47998046875,534.969970703125,522.1199951171875,525.760009765625,41023100,521.7204940795898,513.553998413086,522.8805624014478,54.16700154645395,5.0954523292194835,0.13880298698054028
2025-10-31,528.8800048828125,529.3200073242188,515.0999755859375,517.8099975585938,34006400,521.7434951782227,513.8253985595703,522.3976514640332,47.68001778394267,4.045625276950545,-0.1710426564545342
2025-11-03,519.8099975585938,524.9600219726562,514.5900268554688,517.030029296875,22374700,521.1664962768555,514.0213989257812,521.8864493528753,47.08424935534815,3.11478752250639,-0.3420444386938929
2025-11-04,511.760009765625,515.5499877929688,507.8399963378906,514.3300170898438,20958700,520.6839981079102,514.2227990722656,521.1667891373485,44.98860729885866,2.1346169402868327,-0.06328576472533709
2025-11-05,513.2999877929688,514.8300170898438,506.5799865722656,507.1600036621094,23024300,519.7994995117188,514.3251989746094,519.8328095682781,39.90878121086688,0.7703840233408528,0.09855573103293613
2025-11-06,505.6600036621094,505.7000122070313,495.80999755859375,497.1000061035156,27406500,518.5344985961914,514.1323992919922,517.6677806668721,34.092244434478616,-1.1097456629672706,0.19032934768918053
2025-11-07,496.9500122070313,499.3800048828125,493.25,496.8200073242187,24019800,517.8274993896484,513.8759991455078,515.6822784437622,33.94395799384948,-2.592471152719895,-0.12357287504789005
2025-11-10,500.0400085449219,506.8500061035156,498.7999877929687,506.0,26101500,517.425,513.8621990966797,514.7601566872135,42.73790704129184,-2.9922997286436157,0.08666600054954654
2025-11-11,504.7999877929687,509.6000061035156,502.3500061035156,508.6799926757813,17980000,517.1804992675782,513.9333990478516,514.1810934480294,45.03832786426844,-3.057666864092596,-0.3111507001513323
2025-11-12,509.3599853515625,511.6700134277344,499.1199951171875,511.1400146484375,26574900,517.0660003662109,514.04919921875,513.8914668956874,47.13763844941103,-2.8777941562797764,0.4780255839822025
2025-11-13,510.30999755859375,513.5,501.2900085449219,503.2900085449219,25273100,516.6500015258789,513.9555993652343,512.8818041956144,41.66826177677988,-3.3302841837008827,-0.04898607332482907
2025-11-14,498.2300109863281,511.6000061035156,497.44000244140625,510.1799926757813,28505700,516.4800003051757,514.25919921875,512.6244888127732,47.43343693081875,-3.0972188422248905,0.12790674669905955
2025-11-17,508.4500122070313,512.1199951171875,504.9100036621094,507.489990234375,19092800,516.0150009155274,514.4449987792968,512.1354889481638,45.540967065647,-3.093908939331925,-0.33021115075230567
2025-11-18,495.3699951171875,502.9800109863281,486.7799987792969,493.7900085449219,33815100,514.8215026855469,514.3525988769532,510.38830033833125,37.36465666004502,-4.148933521245908,0.7710917204391183
2025-11-19,490.1000061035156,495.19000244140625,482.8299865722656,487.1199951171875,23245300,513.150503540039,514.0875988769532,508.1722712696509,34.14998214116525,-5.460319281695831,-0.3125763342412118
2025-11-20,492.7099914550781,493.5700073242187,475.5,478.4299926757813,26802500,511.04400329589845,513.6359985351562,505.33967330832996,30.47165820120003,-7.118751975018654,0.15302878431338818
2025-11-21,478.5,478.9200134277344,468.2699890136719,472.1199951171875,31769200,508.46950378417966,512.8803985595703,502.17589443298306,28.104489700957544,-8.840330078734723,0.18530734073314048
2025-11-24,475.0,476.8999938964844,468.0199890136719,474.0,34421000,505.5935028076172,512.053198852539,499.4924759155561,29.852954675864567,-9.938428430553017,0.08347078302255007
2025-11-25,474.0700073242187,479.1499938964844,464.8900146484375,476.989990234375,28019800,502.339501953125,511.4121984863281,497.3493820411579,32.65797997108692,-10.446985713929962,-0.1859678684523982
2025-11-26,486.30999755859375,488.30999755859375,481.2000122070313,485.5,25709100,499.53700256347656,510.9217987060547,496.2208694658095,40.010671886627996,-10.047512883831587,-0.08246668427326387
2025-11-28,487.6000061035156,492.6300048828125,486.6499938964844,492.010009765625,14386700,497.84950256347656,510.5929986572266,495.8198352086491,44.9613455791114,-9.100717005626734,-0.44040437043692704
2025-12-01,488.44000244140625,489.8599853515625,484.6499938964844,486.739990234375,23964000,496.29600219726564,509.9691986083984,494.95508806824205,41.94367355255138,-8.675613906897865,0.6657051304329693
2025-12-02,486.7200012207031,493.5,486.3200073242187,490.0,19562700,494.9445007324219,509.48019836425783,494.48317491888565,44.42839131977128,-7.983630769531715,-0.18366299449173762
2025-12-03,476.3200073242187,484.239990234375,475.2000122070313,477.7300109863281,34615100,493.11450042724607,508.85019836425784,492.8876354967373,37.86052761927199,-8.32929973400178,0.7694438906694883
2025-12-04,479.760009765625,481.3200073242187,476.489990234375,480.8399963378906,22318200,491.79850006103516,508.2639984130859,491.74024129113286,40.270709152327115,-8.257112202518897,-0.3552466986950782
2025-12-05,482.5199890136719,483.3999938964844,478.8800048828125,483.1600036621094,22608700,491.1014999389648,507.7865985107422,490.9230758026544,42.07563421881331,-7.921385065635718,0.013016282675126112
2025-12-08,484.8900146484375,492.2999877929687,484.3800048828125,491.0199890136719,21965900,490.8114990234375,507.37779846191404,490.93230563227513,47.827759895517715,-6.94107141107969,-0.02843153299393597
2025-12-09,489.1000061035156,492.1199951171875,488.5,492.0199890136719,14696100,490.1124984741211,506.92619873046874,491.03589452574147,48.52808604563272,-6.0141467938511255,-0.3309584401276524
2025-12-10,484.0299987792969,484.25,475.0799865722656,478.55999755859375,35756200,488.6064987182617,506.1383984375,489.8477138622036,40.62367470867143,-6.293118029830964,1.4330400582467457
2025-12-11,476.6300048828125,486.0299987792969,475.8599853515625,483.4700012207031,24669200,487.222998046875,505.4135980224609,489.2403126582512,44.19455012272347,-6.048287588908124,-0.3100720993841627
2025-12-12,479.8200073242187,482.4500122070313,476.3399963378906,478.5299987792969,21248100,485.98499755859376,504.66939819335937,488.22028276501743,41.490936358647225,-6.181616781927914,-0.1386790005350802
2025-12-15,480.1000061035156,480.7200012207031,472.5199890136719,474.8200073242187,23727700,484.2169982910156,503.818798828125,486.94406605636993,39.53485673146066,-6.511584934904931,0.11669749295231102
2025-12-16,471.9100036621094,477.8900146484375,470.8800048828125,476.3900146484375,20705600,482.66199951171876,502.7751989746094,485.9389183032335,40.80665901205452,-6.570658146446021,-0.12736590567143047
2025-12-17,476.9100036621094,480.0,475.0,476.1199951171875,24527200,481.778498840332,501.8179992675781,485.0037827617053,40.648302796548066,-6.5636013016113,0.18456842593308087
2025-12-18,478.19000244140625,489.6000061035156,477.8900146484375,483.9800109863281,28573500,481.6214996337891,501.00059997558594,484.90628068785986,47.085432410745234,-5.856263746420666,0.16497194950911642
2025-12-19,487.3599853515625,487.8500061035156,482.489990234375,485.9200134277344,70836100,481.9960006713867,500.27099975585935,485.002826663086,48.56813790456751,-5.080585823279648,1.479083766426934
2025-12-22,486.1199951171875,488.7300109863281,482.69000244140625,484.9200134277344,16963000,482.63600158691406,499.7502001953125,484.99493968829063,47.824245407496576,-4.494734620553459,-0.7605317062910013
2025-12-23,484.9800109863281,487.8299865722656,484.739990234375,486.8500061035156,14683600,483.2785018920898,499.2062005615234,485.1716126802168,49.43399280557489,-3.8305528138474756,-0.13437481577551136
2025-12-24,485.6799926757813,489.1600036621094,484.8299865722656,488.0199890136719,5855900,483.8300018310547,498.6952001953125,485.44288661673636,50.432372334257785,-3.173197458907566,-0.6011945299517829
2025-12-26,486.7099914550781,488.1199951171875,485.9599914550781,487.7099914550781,8842200,483.9405014038086,498.18080017089846,485.6588013632451,50.149838810787585,-2.6467428127438097,0.5099643094998207
2025-12-29,484.8599853515625,488.3500061035156,484.1799926757813,487.1000061035156,10893400,483.69500122070315,497.6906005859375,485.79605895755657,49.56146874189033,-2.252775835244506,0.23197846689737855
2025-12-30,485.9299926757813,489.6799926757813,485.5,487.4800109863281,13944500,483.7320022583008,497.16860046386716,485.9564353412491,49.95537503899268,-1.8881258099680167,0.28008702517120465
2025-12-31,487.8399963378906,488.1400146484375,483.2999877929687,483.6199951171875,15601600,483.41300201416016,496.50520080566406,485.7339172246718,46.023541500543345,-1.8888357363072146,0.11883538312596365
2026-01-02,484.3900146484375,484.6600036621094,470.1600036621094,472.94000244140625,25571600,483.1735015869141,495.61080139160157,484.5154491500751,37.28052224705957,-2.7198319805235087,0.6390370218439134
2026-01-05,474.05999755859375,476.0700073242187,469.5,472.8500061035156,25250300,482.7740020751953,494.657001953125,483.4044545742123,37.216363790943134,-3.3470813728263806,-0.012564720236512339
2026-01-06,473.7999877929687,478.739990234375,469.75,478.510009765625,23037700,482.54150238037107,493.8160021972656,482.9383169733945,43.77046261629628,-3.348862440783421,-0.08762668166318821
2026-01-07,479.760009765625,489.7000122070313,477.9500122070313,483.4700012207031,25564200,482.1640029907227,493.0132025146484,482.98895356837625,48.81327450457779,-2.916425355834349,0.10966806582254307
2026-01-08,481.239990234375,482.6600036621094,475.8599853515625,478.1099853515625,18162600,481.4685028076172,491.9450018310547,482.5242899286797,44.20008598751927,-2.9719653688018752,-0.2895298894547844
2026-01-09,474.05999755859375,479.8200073242187,472.2000122070313,479.2799987792969,18491000,481.50450286865237,490.68920166015624,482.21530981921467,45.412814031497135,-2.8882766682728516,0.018081111735104072
2026-01-12,476.6700134277344,480.989990234375,475.6799926757813,477.1799926757813,23519900,481.19000244140625,489.4018017578125,481.73575580555433,43.5819708329531,-2.957315618642781,0.27196473960305023
2026-01-13,474.6799926757813,475.7799987792969,465.9500122070313,470.6700134277344,28545800,480.7970031738281,488.3000018310547,480.6818755790953,38.412049368083856,-3.497018945772311,0.21368713302352482
2026-01-14,466.4599914550781,468.2000122070313,457.1700134277344,459.3800048828125,28184300,480.02500305175784,487.13140197753904,478.6531259889731,31.445273925751792,-4.780638827354494,-0.012663859481955364
2026-01-15,464.1199951171875,464.25,455.8999938964844,456.6600036621094,23225800,479.0385025024414,485.92400146484374,476.55854291022416,30.03205670491174,-5.948823859563561,-0.17593128089042476
2026-01-16,457.8299865722656,463.19000244140625,456.4800109863281,459.8599853515625,34246700,478.22550201416016,484.8346008300781,474.96820409511355,33.8013977689135,-6.541006483821548,0.4745111040308623
2026-01-20,451.2200012207031,456.7999877929687,449.2799987792969,454.5199890136719,26130000,476.7525009155273,483.78180053710935,473.02075503973816,30.81776344718851,-7.3564084587406455,-0.2370067772953306
2026-01-21,452.6000061035156,452.69000244140625,438.6799926757813,444.1099853515625,37980500,474.66199951171876,482.7220001220703,470.2673484027691,25.999687241619057,-8.741850087820012,0.4535208572522005
2026-01-22,447.6199951171875,452.8399963378906,444.7000122070313,451.1400146484375,25349400,472.9729995727539,481.8084002685547,468.4456975690232,33.55458360066282,-9.166887772529549,-0.3325680283303274
2026-01-23,451.8699951171875,471.1000061035156,450.5299987792969,465.9500122070313,38000200,471.92799987792966,481.0074005126953,468.2080132488335,46.050425337314174,-8.214004241373914,0.4990571768957057
2026-01-26,465.30999755859375,474.25,462.0,470.2799987792969,29291200,471.04100036621094,480.2394006347656,468.4053452041157,49.06635685536813,-7.028424150044202,-0.2291830042999774
2026-01-27,473.7000122070313,482.8699951171875,473.1600036621094,480.5799865722656,29213900,470.6845001220703,479.62820007324217,469.5648348582252,55.44675314419511,-5.197803409534345,-0.002639017862020032
2026-01-28,483.2099914550781,483.739990234375,478.0,481.6300048828125,36875400,470.41100006103517,479.195,470.71389867009066,56.051167953030344,-3.620560019295965,0.2622552962801954
2026-01-29,439.989990234375,442.5,421.0199890136719,433.5,128855300,467.7119995117188,477.66140014648437,467.16971784436777,33.57025034496613,-6.182998664099443,2.4943431122103084
2026-01-30,439.1700134277344,439.6000061035156,426.4500122070313,430.2900085449219,58566800,465.04550018310545,476.1174005126953,463.65736457775387,32.63026176119044,-8.376213460130032,-0.5454839653471762
2026-02-02,430.239990234375,430.739990234375,422.25,423.3699951171875,42219900,462.5669998168945,474.7090002441406,459.8204722481761,30.638560922604867,-10.551112579914786,-0.27911547156409433
2026-02-03,422.010009765625,422.0499877929687,408.55999755859375,411.2099914550781,61424100,459.48499908447263,473.19080017089846,455.1909026488334,27.465997082233628,-13.104881554730184,0.45486133316279753
2026-02-04,411.0,419.7999877929687,409.239990234375,414.19000244140625,45012400,456.26899871826174,471.90600036621095,451.2860550100308,29.395490451898254,-14.718632649425729,-0.26718665800557106
2026-02-05,407.44000244140625,408.2999877929687,392.3200073242187,393.6700134277344,66289200,451.7789993286133,470.33700073242187,445.798812954574,24.552242046777394,-17.452156047791505,0.47268752610391807
2026-02-06,399.1700134277344,401.7900085449219,392.9200134277344,401.1400146484375,53515300,447.93050079345704,468.87980102539063,441.54559406827525,29.12993933299032,-18.79902293149445,-0.1926995649366714
2026-02-09,404.8500061035156,414.8900146484375,400.8699951171875,413.6000061035156,45480500,444.646501159668,467.61200134277345,438.8841095002029,36.09489041751084,-18.646067206566045,-0.15014024026773654
2026-02-10,419.6199951171875,423.6799926757813,412.7000122070313,413.2699890136719,44857900,441.4510009765625,466.1674011230469,436.4446694538666,35.99399100464153,-18.340065455381023,-0.013689383362100238
2026-02-11,416.1799926757813,416.4599914550781,401.010009765625,404.3699951171875,42491000,438.13600006103513,464.41460083007814,433.3899385646591,33.291212327638334,-18.6012879217746,-0.05276439601497174
2026-02-12,405.0,406.2000122070313,398.010009765625,401.8399963378906,40802400,435.2589996337891,462.71660095214844,430.3851821621097,32.54312041533507,-18.795792173602138,-0.039740180273469705
2026-02-13,404.4500122070313,405.5400085449219,398.0499877929687,401.3200073242187,34091600,432.4919998168945,460.9430010986328,427.61707027278675,32.38206016714122,-18.77546508796388,-0.16447071740877983
2026-02-17,399.2200012207031,400.5199890136719,394.5299987792969,396.8599853515625,32078800,429.34199981689454,459.3256005859375,424.68782408981303,30.966436185058782,-18.90135912309779,-0.05904093677034816
2026-02-18,398.1300048828125,402.55999755859375,396.3200073242187,399.6000061035156,23223400,426.5960006713867,457.70080078125,422.29850809111804,32.906975053567464,-18.56601679294039,-0.276051473247129
2026-02-19,400.69000244140625,404.4299926757813,396.6700134277344,398.4599914550781,28234000,424.3135009765625,456.00680053710937,420.0281731734,32.49766215153639,-18.18264699861328,0.21575652143958246
2026-02-20,396.1099853515625,400.1199951171875,395.1600036621094,397.2300109863281,34015200,421.61800079345704,454.1310009765625,417.8569196317741,32.03468411890512,-17.77319449630727,0.20476021817666634
2026-02-23,395.0,395.3599853515625,383.1000061035156,384.4700012207031,43238300,417.54400024414065,451.9800012207031,414.67721311643396,27.636016169830526,-18.267747366159483,0.2711464286554246
2026-02-24,384.1400146484375,389.3599853515625,381.7099914550781,389.0,33884700,413.4800003051758,450.18880126953127,412.2317642482021,31.245409363576627,-18.085670682183434,-0.21632672884919157
2026-02-25,390.5299987792969,401.4700012207031,390.1600036621094,400.6000061035156,43625500,409.48100128173826,448.5314013671875,411.123977758232,39.55899240214612,-16.811556888107702,0.2874689756733866
2026-02-26,404.7099914550781,407.489990234375,398.739990234375,401.7200012207031,34405900,405.4855010986328,446.9952014160156,410.228360945134,40.309464599556435,-15.5323905513427,-0.211335113637666
2026-02-27,390.8800048828125,396.8200073242187,389.8800048828125,392.739990234375,51367200,403.44750061035154,445.3536010742188,408.5628018298236,36.406234971079776,-15.06954155647503,0.49297649531039744
2026-03-02,392.8599853515625,401.19000244140625,390.6300048828125,398.5499877929687,35474900,401.8604995727539,443.7968005371094,407.6092004929803,40.425626571467085,-14.07170232156011,-0.3093861452444361
2026-03-03,393.1400146484375,406.7000122070313,392.6700134277344,403.9299926757813,38199200,400.8884994506836,442.3530004882812,407.25879974848516,43.95787913080764,-12.700383986498593,0.07679514248102182
2026-03-04,401.2699890136719,411.0299987792969,400.30999755859375,405.2000122070313,35808000,400.58800048828124,440.7774005126953,407.06272474453715,44.79006797758061,-11.379943459538708,-0.06259816959517472
2026-03-05,404.4200134277344,411.6099853515625,404.3999938964844,410.6799926757813,39001300,400.4125,439.27260009765627,407.4072264522747,48.35375360451226,-9.778574878692211,0.08917839588918675
2026-03-06,409.2000122070313,413.0499877929687,408.510009765625,408.9599914550781,31123900,401.1769989013672,437.75339965820314,407.5551088334941,47.32129366462521,-8.549712699011707,-0.20197788278852247
2026-03-09,404.9200134277344,410.2099914550781,403.5,409.4100036621094,30131900,401.59049835205076,436.204599609375,407.7317654838384,47.63632471450272,-7.453597906974494,-0.03187261236541694
2026-03-10,410.0299987792969,410.2000122070313,402.9299926757813,405.760009765625,31706400,401.19849853515626,434.55940002441406,407.54397922496094,45.27151699812058,-6.801044829092518,0.05225359170845523
2026-03-11,405.5700073242187,409.010009765625,401.5899963378906,404.8800048828125,25512100,400.7789993286133,432.9028002929688,407.29026738285154,44.69541656312278,-6.282480330473845,-0.19536434284560844
2026-03-12,404.6300048828125,406.1199951171875,401.7099914550781,401.8599853515625,27263900,400.653498840332,431.1979998779297,406.7730976655859,42.687775664147885,-6.045515625154678,0.06866545678325187
2026-03-13,401.0,404.7999877929687,394.25,395.5499877929687,26848000,400.33899841308596,429.3593994140625,405.70423005866996,38.769316603465576,-6.294326380645373,-0.015254604073518419
2026-03-16,398.0700073242187,400.6300048828125,394.7900085449219,399.9500122070313,27733700,400.27049865722654,427.68599975585937,405.15620931089484,42.71789985217509,-6.066534268518865,0.03298942193087018
2026-03-17,400.2699890136719,404.3999938964844,397.75,399.4100036621094,26228300,400.3979995727539,426.21539978027346,404.60895163005813,42.35688387413703,-5.86200797606574,-0.05428053234873098
2026-03-18,397.1300048828125,398.0,391.0,391.7900085449219,25908500,400.0074996948242,424.59419982910157,403.3880999076642,37.53623023336253,-6.242825927496995,-0.012192936637143825
2026-03-19,390.1000061035156,392.489990234375,387.05999755859375,389.0199890136719,25138800,399.5354995727539,422.8043994140625,402.0197083939506,35.93514606666156,-6.691014473960308,-0.029708396858173947
2026-03-20,386.7900085449219,387.0,380.1199951171875,381.8699951171875,50853200,398.7674987792969,420.7723992919922,400.10068808187793,32.12599952835578,-7.53627835282964,1.022896876541442
2026-03-23,383.8999938964844,387.2099914550781,381.6799926757813,383.0,29680100,398.6939987182617,418.8701995849609,398.4720511216991,33.32883340918269,-8.022495778923599,-0.41635727938458145
2026-03-24,382.3599853515625,382.4700012207031,371.8500061035156,372.739990234375,42733600,397.8809982299805,416.7393994140625,396.0213786562397,28.40648992353853,-9.130473221936882,0.4398064696547519
2026-03-25,376.9200134277344,377.05999755859375,369.6300048828125,371.0400085449219,31181200,396.40299835205076,414.6165997314453,393.6422005503999,27.677110178427185,-10.030106815229146,-0.27033528651927285
2026-03-26,370.8200073242187,374.7200012207031,365.19000244140625,365.9700012207031,36836600,394.6154983520508,412.52259948730466,391.00675299519065,25.568526444656413,-11.025089766717997,0.1813721088348108
2026-03-27,361.8999938964844,362.4500122070313,356.510009765625,356.7699890136719,37883400,392.81699829101564,410.47039916992185,387.7461088064746,22.255187487153975,-12.412896873240584,0.028417389227018752
2026-03-30,361.8999938964844,365.3599853515625,356.2799987792969,358.9599914550781,44797000,390.8374984741211,408.51639892578123,385.0045738206273,24.754839867485515,-13.184051569654741,0.18249681918729577
2026-03-31,364.5499877929687,372.8999938964844,363.0700073242187,370.1700134277344,45244400,389.1494995117188,406.7225994873047,383.5917585451137,36.08326029807166,-12.743740230625974,0.009987275933656337
2026-04-01,373.489990234375,373.989990234375,368.2000122070313,369.3699951171875,29417200,387.3579986572266,405.019599609375,382.2373048853112,35.67051858942452,-12.317358274899163,-0.34981566779535145
2026-04-02,367.2099914550781,373.6400146484375,364.1499938964844,373.4599914550781,24099100,385.4969985961914,403.6065997314453,381.401370272908,39.48176076444183,-11.516662068672929,-0.18078199148797303
2026-04-06,373.489990234375,373.7300109863281,369.5,372.8800048828125,16146600,383.6929992675781,402.0413995361328,380.5898116643275,39.12774627939013,-10.804358704104686,-0.3299915764489131
2026-04-07,370.3399963378906,372.4500122070313,366.55999755859375,372.2900085449219,21443300,381.8369995117188,400.16819946289064,379.7993542243841,38.74713628319779,-10.170224907490024,0.3280381009004991
2026-04-08,384.9800109863281,385.0,371.4100036621094,374.3299865722656,33064800,380.26549835205077,398.24919921875,379.27846206703947,40.888203834315085,-9.394763145482557,0.5419641566363387
2026-04-09,372.5,373.5,367.0499877929687,373.0700073242187,30435300,378.6749984741211,396.09899963378905,378.6871806629613,39.95914598763634,-8.780655971155852,-0.07952565870653994
2026-04-10,372.9800109863281,375.6400146484375,370.0299987792969,370.8699951171875,28111100,377.12549896240233,393.88379943847656,377.94268680145905,38.3218124941994,-8.374952965379237,-0.07636527321892672
2026-04-13,373.6099853515625,384.5400085449219,371.0199890136719,384.3699951171875,35745800,376.5664993286133,392.9011993408203,378.554811402957,51.46425318452725,-6.88473034871231,0.2715902259249905
2026-04-14,387.9200134277344,394.69000244140625,386.5199890136719,393.1099853515625,37504500,376.22449798583983,392.1575988769531,379.9410184456813,57.74214382084523,-4.941511352869668,0.049200185756088866
2026-04-15,398.0,414.3699951171875,396.7300109863281,411.2200012207031,45063400,376.8149978637695,391.91459899902344,382.9199691861596,67.20719831731563,-1.9180591773593392,0.20154648108893602
2026-04-16,419.8599853515625,420.8200073242187,412.1400146484375,420.260009765625,41642400,378.2384979248047,392.09559936523436,386.4761635270611,70.7313387765193,1.193740891679397,-0.07591526604739096
2026-04-17,424.8200073242187,431.5799865722656,420.69000244140625,422.7900085449219,48568200,379.9269989013672,392.26759948730466,389.93462495733354,71.64960775482234,3.81998026842939,0.16631606247478525
2026-04-20,421.1499938964844,423.3299865722656,416.2999877929687,418.0700073242187,27582200,381.73699951171875,392.7555993652344,392.61418518275116,67.40106220716147,5.457518369149739,-0.4320934273866439
2026-04-21,420.239990234375,427.1799926757813,417.2000122070313,424.1600036621094,32048500,383.79499969482424,393.2159991455078,395.61854884745196,69.88250840360358,7.164107547732158,0.1619268948814816
2026-04-22,426.19000244140625,433.7000122070313,423.6700134277344,432.9200134277344,29378200,386.8040008544922,393.6023992919922,399.17106928366934,73.0592594759273,9.118340788064756,-0.08332059222740529
2026-04-23,419.8900146484375,423.6600036621094,411.4100036621094,415.75,38308000,389.0395004272461,393.65199951171877,400.750015066177,59.75503358682716,9.17583481075036,0.3039600792424315
2026-04-24,416.9700012207031,424.9500122070313,415.7999877929687,424.6199951171875,27457400,391.9720001220703,394.05699951171874,403.0233464996066,63.457181872020776,9.823890025214098,-0.2832463193066722
2026-04-27,422.3800048828125,427.1099853515625,417.0700073242187,424.8200073242187,30867300,395.37450103759767,394.5165997314453,405.09921895909343,63.53863223078356,10.235627819155866,0.12418874328960494
2026-04-28,424.5700073242187,429.9200134277344,421.8999938964844,429.25,30438100,398.8890014648438,395.07519958496096,407.3992933439417,65.37922994387634,10.79495880770071,-0.013904682301335125
2026-04-29,424.5799865722656,426.8200073242187,420.2900085449219,424.4599914550781,38288300,401.60350036621094,395.62719970703125,409.0241217354785,61.749476189841026,10.7280526748267,0.25790703099076495
2026-04-30,410.80999755859375,414.4200134277344,398.010009765625,407.7799987792969,70909400,403.5240005493164,395.7907995605469,408.9056338348898,51.10863635150358,9.222778623084423,0.8519861158630704
2026-05-01,412.7999877929687,417.1099853515625,410.44000244140625,414.44000244140625,31372400,405.5730010986328,396.11039978027344,409.43271655931994,54.48146443720894,8.469612309174408,-0.5575706464869256
2026-05-04,411.5400085449219,420.7799987792969,410.7999877929687,413.6199951171875,28066500,407.61000061035156,396.4381994628906,409.8315049934026,53.987626740303845,7.71759125321978,-0.10537606303629943
2026-05-05,415.3200073242187,416.7799987792969,408.7999877929687,411.3800048828125,25700900,409.5645004272461,396.9763995361328,409.97898117334637,52.58541421571109,6.861762529678799,-0.08428553613738798
2026-05-06,408.0,418.4200134277344,405.1099853515625,413.9599914550781,30285900,411.5460006713867,397.47559936523436,410.3581250097018,54.065261360969416,6.31885562065014,0.1783984218451493
2026-05-07,420.1099853515625,427.9800109863281,418.760009765625,420.7699890136719,34942400,413.9309997558594,397.8789990234375,411.34973110531797,57.80847262958702,6.364739122573667,0.15375141567528128
2026-05-08,417.3900146484375,418.6300048828125,414.0,415.1199951171875,33383800,416.14349975585935,398.14699890136717,411.7088038683532,53.885117423385395,5.877443331796201,-0.04460483538623561
2026-05-11,407.8699951171875,412.69000244140625,405.5,412.6600036621094,35657900,417.5580001831055,398.5453991699219,411.7993943249014,52.2232353188824,5.232440834550687,0.06811986652208546
2026-05-12,414.4800109863281,415.5,406.6400146484375,407.7699890136719,38594200,418.29100036621094,398.72979919433595,411.41564143811763,48.98886320255342,4.277381403676088,0.08234640850975516
2026-05-13,403.2000122070313,406.30999755859375,401.0299987792969,405.2099914550781,29667100,417.99049987792966,398.7553991699219,410.82462715401863,47.33601864381596,3.2761540511238536,-0.23130677666592392
2026-05-14,404.4800109863281,411.8399963378906,400.8800048828125,409.4299926757813,27077500,417.4489990234375,398.8399987792969,410.69180482275794,50.31208837865663,2.7910198517600975,-0.08728861263824239
2026-05-15,414.2699890136719,428.1700134277344,412.9100036621094,421.9200134277344,50771200,417.40549926757814,399.06479919433593,411.76115802323187,57.895922690314215,3.375477392565301,0.8750327762902779
2026-05-18,416.6199951171875,425.1199951171875,415.6099853515625,423.5400085449219,32564100,417.67899932861326,399.3563995361328,412.8829533110119,58.774815535357696,3.9241491231420014,-0.35861078721795037
2026-05-19,429.8999938964844,432.7000122070313,416.489990234375,417.4200134277344,33018700,417.34199981689454,399.5165997314453,413.31505427450924,54.17409851959366,3.821095750306597,0.013960158579540138
2026-05-20,414.1700134277344,422.1000061035156,411.2999877929687,421.05999755859375,27864000,416.7489990234375,399.8225994873047,414.0526679206125,56.362021205291924,3.987179782024782,-0.15611456538264679
2026-05-21,424.75,426.3399963378906,415.7099914550781,419.0899963378906,31393500,416.915998840332,400.10679931640624,414.5324134841628,54.836075749335265,3.9147135581351336,0.12666881998277346
2026-05-22,419.5400085449219,424.3999938964844,416.3299865722656,418.5700073242187,22390300,416.6134994506836,400.44099975585937,414.9169462308348,54.417280600536515,3.771845301197743,-0.2867854810709223
2026-05-26,416.4299926757813,419.7699890136719,413.0199890136719,416.0299987792969,30398000,416.1739990234375,400.85059997558596,415.02295123545025,52.31548153419656,3.4143057253562006,0.3576414786760338
2026-05-27,411.010009765625,415.94000244140625,409.5799865722656,412.6700134277344,28901500,415.3449996948242,401.105,414.7988619204297,49.58707107058525,2.8272396395966553,-0.049230212513981186
2026-05-28,412.9800109863281,429.489990234375,412.6700134277344,426.989990234375,47250500,415.47149963378905,401.65659973144534,415.9599217598531,59.32373465814619,3.4774026551057204,0.6348805425323945
2026-05-29,432.5499877929687,450.3299865722656,432.3599853515625,450.239990234375,79654400,417.594499206543,402.8255993652344,419.22469018599804,69.59243012118951,5.801861967483376,0.685789568364356
2026-06-01,464.8399963378906,466.3200073242187,458.2699890136719,460.5199890136719,53628900,419.89849853515625,404.2555993652344,423.15757578863366,72.85539579723729,8.376958345985543,-0.326730224570143
2026-06-02,446.8800048828125,453.5,440.4299926757813,441.30999755859375,37036800,421.2829986572266,405.4443994140625,424.8863778619632,59.9165292835531,8.766599115107908,-0.3093872893160218
2026-06-03,438.4500122070313,440.3900146484375,424.25,427.3399963378906,39037000,422.0809982299805,406.3311993408203,425.12005581205153,52.600457060062396,7.857552906756155,0.054005745636772184
2026-06-04,435.80999755859375,436.1499938964844,426.4100036621094,428.0499877929687,26899500,422.785498046875,407.43739929199216,425.39909695309126,52.915126167207866,7.112429948973897,-0.3109229705151523
2026-06-05,428.3399963378906,429.4700012207031,414.3999938964844,416.6700134277344,34782200,422.58049926757815,408.3499993896484,424.567755664962,47.474901093288366,5.539786600220111,0.293042621610067
2026-06-08,414.1400146484375,417.1600036621094,408.55999755859375,411.739990234375,32086700,422.4114990234375,409.26539916992186,423.3460637191918,45.30196748134123,3.8512489457407924,-0.07749653558429315
2026-06-09,409.0299987792969,411.9800109863281,398.4800109863281,403.4100036621094,35317300,421.9489990234375,410.1981994628906,421.447391332803,41.819098940693806,1.819931353751599,0.10068346074853451
2026-06-10,398.5499877929687,405.0400085449219,397.1600036621094,397.3599853515625,32576000,421.42849884033205,410.9661993408203,419.15335266792295,39.44700891251132,-0.27491928985904224,-0.0776191837994411
2026-06-11,395.2099914550781,396.8500061035156,384.0,390.3399963378906,47224100,420.6849990844727,411.3695989990234,416.40922349363416,36.83608402193622,-2.473050179364236,0.4496592583497052
2026-06-12,391.4299926757813,391.739990234375,382.2699890136719,390.739990234375,34865800,419.75049896240233,411.7969989013672,413.96453461179993,37.09158388193581,-4.135141247156014,-0.2616947702550181
2026-06-15,396.7999877929687,401.75,392.8500061035156,399.760009765625,32266400,418.6424987792969,412.3229992675781,412.611722721688,42.7185514045036,-4.67067951433296,-0.0745544344314486
2026-06-16,395.7900085449219,396.8399963378906,390.69000244140625,393.8299865722656,31506800,417.15699768066406,412.7419989013672,410.82298594555255,40.174368588995705,-5.510083944049143,-0.023541516872040313
2026-06-17,390.25,390.3699951171875,377.3200073242187,378.9100036621094,41987800,415.2314971923828,412.87439880371096,407.7836542995103,34.59215961131292,-7.29514207476177,0.3326583467695863
2026-06-18,377.8200073242187,381.3699951171875,373.2799987792969,379.3999938964844,59714200,413.1484970092773,412.9757989501953,405.0804485468412,34.91202083998046,-8.571468829988078,0.4221797760301802
2026-06-22,375.55999755859375,381.6300048828125,367.0700073242187,367.3399963378906,44081827,410.56099700927734,412.86119873046874,401.4861197650364,30.905952100080697,-10.43581046533825,-0.26178652648783707
