Date,Open,High,Low,Close,Volume,SMA20,SMA50,EMA20,RSI,MACD,VolumeChange,TargetReturn
2015-03-16,0.5720000267028809,0.577750027179718,0.5682500004768372,0.5742499828338623,236956000,0.5616749972105026,0.5268950009346008,0.5582198755322995,63.989598888967,0.012340966337944792,-0.34048451381621425,0.012189863815967839
2015-03-17,0.5730000138282776,0.5814999938011169,0.5690000057220459,0.581250011920929,299900000,0.5627624988555908,0.5284550011157989,0.5604132218550261,66.92109117486649,0.01269794677451952,0.26563581424399474,-0.016344131626741726
2015-03-18,0.581250011920929,0.5842499732971191,0.5665000081062317,0.5717499852180481,413844000,0.5636999994516373,0.5299950009584427,0.5614929136038853,59.8054912240106,0.012075089467623035,0.3799399799933312,0.015303929486478476
2015-03-19,0.5737500190734863,0.5824999809265137,0.5695000290870667,0.5805000066757202,310756000,0.5650000005960465,0.5320100009441375,0.5633031129440601,63.64025258475229,0.012147495403656672,-0.24909869419394748,0.010766518803339996
2015-03-20,0.5852500200271606,0.5902500152587891,0.5797500014305115,0.5867499709129333,462084000,0.5664124995470047,0.5341750001907348,0.5655361470363337,66.12618238102696,0.01256436335076938,0.4869672669232452,-0.0323817549944733
2015-03-23,0.5692499876022339,0.5767499804496765,0.5674999952316284,0.5677499771118164,426012000,0.5670999974012375,0.5356000000238419,0.5657469879959035,54.03192849669667,0.011232116643138723,-0.07806372867270883,-0.013650330321553293
2015-03-24,0.5659999847412109,0.5699999928474426,0.5575000047683716,0.5600000023841858,330480000,0.5672124981880188,0.5368300002813339,0.5651996560328828,50.01377282637902,0.009442100678624055,-0.22424720430410416,-0.06071424884151455
2015-03-25,0.5597500205039978,0.5597500205039978,0.5242499709129333,0.5260000228881836,542552000,0.5658374994993209,0.5375050008296967,0.5614663576381496,37.01024255403091,0.0052198151548517036,0.6417090292907286,-0.003327094865207388
2015-03-26,0.515250027179718,0.5264999866485596,0.5115000009536743,0.5242499709129333,311920000,0.5642999976873397,0.5381600004434586,0.5579219398547957,36.484423738717,0.0017126663372910578,-0.42508736489774257,0.019551802607141983
2015-03-27,0.5272499918937683,0.5364999771118164,0.518750011920929,0.534500002861023,318288000,0.5634499967098237,0.53898000061512,0.5556912791887221,41.708156341317775,-0.0002369510291814203,0.02041549115157726,0.004209571045056205
2015-03-30,0.5370000004768372,0.5394999980926514,0.5299999713897705,0.5367500185966492,253252000,0.5620374977588654,0.539915000796318,0.5538873496085247,42.8198647562658,-0.0015822402914767997,-0.20433066907957576,-0.025151437990461257
2015-03-31,0.5352500081062317,0.5357499718666077,0.5227500200271606,0.5232499837875366,357276000,0.5604749977588653,0.5404000002145767,0.5509695052446211,38.12207429955824,-0.0036951364755807292,0.4107529259393805,0.0038223295124846816
2015-04-01,0.5252500176429749,0.5270000100135803,0.5162500143051147,0.5252500176429749,330768000,0.5586999982595444,0.5408950001001358,0.5485200302349404,39.18654851232662,-0.00514888279117609,-0.07419474020085315,0.0023797600449284536
2015-04-02,0.528249979019165,0.5297499895095825,0.5220000147819519,0.5264999866485596,192204000,0.5564499974250794,0.5412749999761581,0.5464228832267137,39.88260760884555,-0.006129468470571053,-0.4189159773617762,0.028964914656108925
2015-04-06,0.5242499709129333,0.5435000061988831,0.518750011920929,0.5417500138282776,515864000,0.5553499966859817,0.5417849999666214,0.5459778480459103,47.74147035226118,-0.005611355726751199,1.6839399804374517,0.008767906285547555
2015-04-07,0.5417500138282776,0.5525000095367432,0.5387499928474426,0.546500027179718,413964000,0.5544124990701675,0.5423600000143051,0.5460275793919872,49.936738638061186,-0.004762561421059575,-0.1975326830327373,0.007319210068898167
2015-04-08,0.546999990940094,0.5525000095367432,0.5417500138282776,0.5504999756813049,366432000,0.5531874984502793,0.5430599993467331,0.5464535218957317,51.77393875115768,-0.0037241932222166207,-0.1148215786880018,0.023160817669654263
2015-04-09,0.5462499856948853,0.5649999976158142,0.5460000038146973,0.5632500052452087,379432000,0.5527499973773956,0.5445099991559982,0.5480531869766343,57.169448339532266,-0.0018511195602223252,0.03547725089511844,0.010208611492748975
2015-04-10,0.5637500286102295,0.5692499876022339,0.5617499947547913,0.5690000057220459,258728000,0.552862498164177,0.5462349992990494,0.5500481220952449,59.37677421430557,9.61731709480107e-05,-0.3181176073710177,-0.009226673214448082
2015-04-13,0.5677499771118164,0.5709999799728394,0.5612499713897705,0.5637500286102295,236724000,0.552674999833107,0.5476199996471405,0.5513530655728625,56.51302142078856,0.0012019322856408055,-0.08504684456262945,-0.008425743876501931
2015-04-14,0.5615000128746033,0.5637500286102295,0.5534999966621399,0.5590000152587891,220276000,0.5519125014543533,0.549200000166893,0.5520813464953317,53.97645974799556,0.0016756520963462362,-0.06948175934843959,0.01207511166007568
2015-04-15,0.5605000257492065,0.5699999928474426,0.5577499866485596,0.565750002861023,243560000,0.551137501001358,0.5507050001621246,0.5533831232920642,56.93459650384983,0.0025661648952669536,0.10570375347291572,-0.006186451124191531
2015-04-16,0.5625,0.5672500133514404,0.5582500100135803,0.562250018119812,155284000,0.5506625026464462,0.5518950009346009,0.5542275894661354,54.96195460489279,0.0029554150017291336,-0.3624404664148464,-0.01289463892148725
2015-04-17,0.5504999756813049,0.5605000257492065,0.5502499938011169,0.5550000071525574,293636000,0.5493875026702881,0.5529150009155274,0.5543011530553185,51.018668215529246,0.0026483546375896116,0.8909610777671879,-0.004954917946958311
2015-04-20,0.5575000047683716,0.5609999895095825,0.5512499809265137,0.5522500276565552,231624000,0.5476625055074692,0.5537150013446808,0.5541058077792458,49.56603553606298,0.002158228014863761,-0.21118663924042014,-0.0013580900093230401
2015-04-21,0.5590000152587891,0.5590000152587891,0.5487499833106995,0.5515000224113464,230456000,0.5468500077724456,0.5545450019836425,0.5538576377442077,49.15496756947583,0.0016898010058185031,-0.005042655337961555,0.011332663614202872
2015-04-22,0.5547500252723694,0.5584999918937683,0.5462499856948853,0.5577499866485596,207420000,0.5467375069856644,0.5555100011825561,0.5542283376398602,52.67704743005274,0.0018021154420897467,-0.09995834345818722,-0.004034093750761422
2015-04-23,0.5475000143051147,0.5607500076293945,0.5412499904632568,0.5554999709129333,259380000,0.5482125043869018,0.5561450004577637,0.5543494455706292,51.29934570310989,0.001690085720177259,0.25050621926525896,-0.008550772269149482
2015-04-24,0.5552499890327454,0.5554999709129333,0.5444999933242798,0.5507500171661377,240960000,0.549537506699562,0.5567550003528595,0.5540066428654394,48.42029246857409,0.001204139220698841,-0.07101549849641453,0.007716731464281802
2015-04-27,0.5525000095367432,0.5647500157356262,0.5477499961853027,0.5550000071525574,248456000,0.5505625069141388,0.5567050004005432,0.554101248988022,51.066519987111306,0.0011487200622384286,0.031108897742363917,0.004954917946958311
2015-04-28,0.5540000200271606,0.5597500205039978,0.5487499833106995,0.5577499866485596,234484000,0.5516125053167343,0.5567050004005432,0.5544487478128352,52.75550482616124,0.0013115812504507218,-0.056235309270051825,-0.007619883618388346
2015-04-29,0.5537499785423279,0.559249997138977,0.5512499809265137,0.5534999966621399,195156000,0.5531250059604644,0.5565850007534027,0.5543583905603879,49.8895310973908,0.0010852017123789137,-0.16772146500400875,0.0027100460694909397
2015-04-30,0.5507500171661377,0.5577499866485596,0.5494999885559082,0.5550000071525574,218844000,0.5546125054359436,0.5566250014305115,0.5544194969024994,50.90332019948825,0.0010151308118445668,0.12137981922154584,0.02477480452630149
2015-05-01,0.559499979019165,0.5705000162124634,0.5569999814033508,0.5687500238418579,256968000,0.5567250072956085,0.5569100022315979,0.5557843089919621,59.07641342564501,0.0020455309440556846,0.17420628392827764,-0.0061539238666105224
2015-05-04,0.5682500004768372,0.5720000267028809,0.5634999871253967,0.5652499794960022,200720000,0.5579000055789948,0.5570450019836426,0.5566858014209183,56.49817115734218,0.0025503077842206068,-0.2188910681485633,-0.025652300496840717
2015-05-05,0.5632500052452087,0.5640000104904175,0.5482500195503235,0.5507500171661377,292928000,0.5581125050783158,0.5569800019264222,0.5561204886347487,47.29029203652382,0.0017600327263067594,0.459386209645277,0.0031774712956160853
2015-05-06,0.5537499785423279,0.5590000152587891,0.5452499985694885,0.5525000095367432,316484000,0.5582125067710877,0.5568750023841857,0.5557756811016054,48.38366011328586,0.0012604145341283957,0.08041566528293642,0.01764707405388821
2015-05-07,0.5502499938011169,0.5640000104904175,0.5485000014305115,0.562250018119812,534564000,0.5581625074148178,0.5570500028133393,0.5563922846271488,54.096769697405655,0.001632390543645168,0.6890711694746021,-0.07381063692424142
2015-05-08,0.5252500176429749,0.5460000038146973,0.5122500061988831,0.5207499861717224,1146552000,0.5557500064373017,0.5563650023937226,0.5529977800123463,35.88849736404089,-0.001405321861209452,1.1448357914113183,-0.00960152734402497
2015-05-11,0.5134999752044678,0.5210000276565552,0.5095000267028809,0.515749990940094,544144000,0.5533500045537949,0.5556500017642975,0.5494503715292747,34.38675827294374,-0.004168140922109154,-0.5254083547889672,0.009694610410975623
2015-05-12,0.5120000243186951,0.5249999761581421,0.5117499828338623,0.5207499861717224,388800000,0.5514375030994415,0.5547650015354156,0.5467170014952221,37.21601758480538,-0.005886382550523428,-0.2854832544326502,0.0057609621901087765
2015-05-13,0.5245000123977661,0.5285000205039978,0.518750011920929,0.5237500071525574,308524000,0.5493375033140182,0.554150002002716,0.5445296687006825,38.91791926310397,-0.006926184060917828,-0.2064711934156379,0.016229078485460506
2015-05-14,0.5252500176429749,0.5350000262260437,0.5239999890327454,0.5322499871253967,293052000,0.5478375017642975,0.5535800015926361,0.5433601752173219,43.58413835450079,-0.006983851410989894,-0.05014844874304758,0.0004697820401710119
2015-05-15,0.534500002861023,0.5370000004768372,0.5292500257492065,0.5325000286102295,215824000,0.5467125028371811,0.5528000020980834,0.542325875540456,43.720339769820924,-0.006929498003726442,-0.26353002197562203,-0.0014084604787086624
2015-05-18,0.53125,0.5350000262260437,0.5287500023841858,0.5317500233650208,324972000,0.5456875026226043,0.5521600019931793,0.5413186515237478,43.38202022931013,-0.006867774265417292,0.5057268885758766,-0.010813352560757784
2015-05-19,0.5299999713897705,0.5317500233650208,0.5249999761581421,0.5260000228881836,253808000,0.5444125026464463,0.5513750028610229,0.5398597345108369,40.77679708692318,-0.007199839474120395,-0.21898502024789823,0.0
2015-05-20,0.5262500047683716,0.5325000286102295,0.5254999995231628,0.5260000228881836,196824000,0.5428250044584274,0.5503950035572052,0.5385397619753461,40.77679708692318,-0.007377955070977493,-0.22451616970308264,-0.0071293271157155
2015-05-21,0.5262500047683716,0.5285000205039978,0.5217499732971191,0.5222499966621399,239692000,0.5411625057458878,0.5494000029563904,0.5369883557550408,39.005088798687424,-0.007732572458957532,0.21779864244197866,-0.001436103877457643
2015-05-22,0.5235000252723694,0.5254999995231628,0.5202500224113464,0.5214999914169312,212592000,0.5397000044584275,0.5484950029850006,0.5355132734371256,38.643454405202704,-0.00798211558922679,-0.11306176259533063,-0.00623202859925768
2015-05-26,0.5189999938011169,0.5224999785423279,0.5142499804496765,0.5182499885559082,259732000,0.537862503528595,0.5475100028514862,0.5338691510674859,37.04082455159901,-0.00834592179599547,0.22173929404681259,0.05354561673240717
2015-05-27,0.5217499732971191,0.5485000014305115,0.5199999809265137,0.5460000038146973,432332000,0.5372750043869019,0.546945003271103,0.5350244703767442,54.42192970121768,-0.006322168498079095,0.6645311320900005,0.013736250540371775
2015-05-28,0.5460000038146973,0.5552499890327454,0.5450000166893005,0.5534999966621399,327656000,0.5372750043869019,0.5463900029659271,0.5367840443086866,57.81186196163953,-0.004066269265464384,-0.24211948224975255,-0.00045163844931435273
2015-05-29,0.5534999966621399,0.5569999814033508,0.5525000095367432,0.5532500147819519,335168000,0.5371875047683716,0.5460200035572051,0.5383522319728071,57.6579308154833,-0.0022724291703487554,0.022926483873330517,0.01129681711744081
2015-06-01,0.5567499995231628,0.5649999976158142,0.5532500147819519,0.559499979019165,372660000,0.536725002527237,0.5456000030040741,0.5403663031200793,60.490404081511336,-0.0003425296219722318,0.11186032079434782,-0.019660371762546165
2015-06-02,0.5559999942779541,0.5590000152587891,0.5479999780654907,0.5485000014305115,224304000,0.5358875036239624,0.5448350036144256,0.5411409410544061,53.68372414692224,0.000295912320503966,-0.3981001449042022,-0.010938892144716382
2015-06-03,0.550000011920929,0.5542500019073486,0.5414999723434448,0.5425000190734863,250788000,0.5354750037193299,0.5443300044536591,0.5412703770562233,50.35531276758387,0.00031411283019699976,0.11807190241814669,0.0179723654198584
2015-06-04,0.5392500162124634,0.5540000200271606,0.5392500162124634,0.5522500276565552,323712000,0.5354625046253204,0.5441750049591064,0.5423160580657787,55.21457937440516,0.0011025713178628438,0.29077946313220737,0.007695771432469263
2015-06-05,0.5504999756813049,0.5590000152587891,0.5447499752044678,0.5565000176429749,313320000,0.5351750046014786,0.5447850048542022,0.5436669113588449,57.181977038903504,0.0020467750741488544,-0.03210260972716483,-0.022911103611291617
2015-06-08,0.5547500252723694,0.5584999918937683,0.5375000238418579,0.543749988079071,342812000,0.536325004696846,0.545175005197525,0.5436748234274379,50.07500705027424,0.0017461144043277033,0.0941274096770075,0.005057543284482918
2015-06-09,0.5442500114440918,0.5504999756813049,0.5432500243186951,0.546500027179718,256888000,0.5378625065088272,0.5454150056838989,0.5439438904514645,51.47586932120011,0.0017100316493419143,-0.25064466821464826,-0.017840819941739052
2015-06-10,0.5400000214576721,0.5435000061988831,0.5337499976158142,0.5367500185966492,529460000,0.5386625081300735,0.5454150056838989,0.5432587597986249,46.49469601867238,0.000884495681979014,1.0610538444769704,0.010712622780844472
2015-06-11,0.5367500185966492,0.5462499856948853,0.5367500185966492,0.5425000190734863,283052000,0.53960000872612,0.5458000063896179,0.5431864987771832,49.59261258394841,0.0006863180170180172,-0.4653949306840932,-0.02718894616794336
2015-06-12,0.5389999747276306,0.5422499775886536,0.5264999866485596,0.5277500152587891,323728000,0.5393750101327897,0.5458500063419343,0.541716357489717,42.75412803584458,-0.0006534091531924524,0.1437050435962297,-0.001894812120292165
2015-06-15,0.5249999761581421,0.5292500257492065,0.5210000276565552,0.5267500281333923,306548000,0.5390875101089477,0.5458550071716308,0.5402909927891146,42.32798301773856,-0.0017753777420989048,-0.05306924331537588,0.012339716697186582
2015-06-16,0.5257499814033508,0.5339999794960022,0.5205000042915344,0.5332499742507935,256892000,0.5391625076532364,0.5456850063800812,0.5396204195949889,46.08941682183754,-0.0021156665161549126,-0.16198442005819647,0.011720626617261596
2015-06-17,0.5329999923706055,0.5425000190734863,0.5317500233650208,0.5394999980926514,233544000,0.5398375064134597,0.5455450057983399,0.5396089508804806,49.5000560279374,-0.0018595869697980438,-0.09088644255173384,0.01668211931358429
2015-06-18,0.5440000295639038,0.5519999861717224,0.5425000190734863,0.5485000014305115,299404000,0.5409625053405762,0.545505006313324,0.5404557175995311,54.01188887980783,-0.0009198139880676193,0.28200253485424587,-0.0031905056810235437
2015-06-19,0.5485000014305115,0.5529999732971191,0.5417500138282776,0.546750009059906,355656000,0.5421875059604645,0.5451750063896179,0.5410551739290906,53.01996193952999,-0.0003126429352152682,0.18787992144393528,-0.004115255049551709
2015-06-22,0.5477499961853027,0.5507500171661377,0.5362499952316284,0.5444999933242798,514236000,0.5433375060558319,0.5446850061416626,0.5413832519667277,51.705166040748914,-1.2864671176227027e-05,0.4458802888184088,-0.025711659763328506
2015-06-23,0.5454999804496765,0.5497499704360962,0.5262500047683716,0.5304999947547913,414064000,0.5439500063657761,0.5440200054645539,0.5403467512798765,44.33768449031865,-0.0008946580576441043,-0.19479771933509127,-0.009896281175729438
2015-06-24,0.5297499895095825,0.5325000286102295,0.5227500200271606,0.5252500176429749,253368000,0.54291250705719,0.5433450055122375,0.5389089671239812,41.92514833913451,-0.0019941278815156505,-0.388094594072414,0.007615436405278889
2015-06-25,0.5252500176429749,0.5325000286102295,0.5252500176429749,0.5292500257492065,350460000,0.5417000085115433,0.5426150059700012,0.5379890679454312,44.407181934393684,-0.0025137217933792755,0.3832054560954816,-0.020311865451291322
2015-06-26,0.5249999761581421,0.5254999995231628,0.5162500143051147,0.5184999704360962,421296000,0.5399625062942505,0.5417400050163269,0.5361329634207327,39.51887336939018,-0.0037497189083538496,0.20212292415682254,-0.02989382900489781
2015-06-29,0.512499988079071,0.5177500247955322,0.5022500157356262,0.503000020980835,391724000,0.537137508392334,0.5407000052928924,0.5329774450931234,33.75008580904982,-0.005911824081379247,-0.07019292848733427,-0.0004971003467260106
2015-06-30,0.5059999823570251,0.5082499980926514,0.4992499947547912,0.5027499794960022,315916000,0.5348500072956085,0.5397100043296814,0.5300986388457786,33.66471264573494,-0.007558356240444097,-0.1935240118042295,0.014420708628417338
2015-07-01,0.515250027179718,0.5224999785423279,0.5055000185966492,0.5099999904632568,302892000,0.533225005865097,0.5388800036907196,0.528184481856967,38.520794683519874,-0.008183890746706002,-0.04122614872307828,0.000980437988962622
2015-07-02,0.5097500085830688,0.5137500166893005,0.5072500109672546,0.5105000138282776,145764000,0.5311375051736832,0.537935004234314,0.5265002468066156,38.8532635640512,-0.00854083026811514,-0.5187591616813914,-0.012242945489831658
2015-07-06,0.5062500238418579,0.5132499933242798,0.5005000233650208,0.5042499899864197,214776000,0.5285250037908554,0.5369100046157836,0.5243811747285017,36.21687290668032,-0.00922172974072788,0.4734502346258336,-0.018839855407462323
2015-07-07,0.5012500286102295,0.503250002861023,0.4790000021457672,0.4947499930858612,594252000,0.5260750040411949,0.5357900041341782,0.5215591574292026,32.59630193820104,-0.01040794156187097,1.766845457593027,-0.007074249196813207
2015-07-08,0.492000013589859,0.4950000047683716,0.4872500002384186,0.4912500083446502,332492000,0.5233125030994416,0.53451500415802,0.5186725718021024,31.352735686201214,-0.011497901839138236,-0.4404865276010851,-0.012213765002397837
2015-07-09,0.4990000128746032,0.5012500286102295,0.4822500050067901,0.4852499961853027,357588000,0.5207375019788743,0.5330650043487549,0.5154894693624071,29.28979123128029,-0.012699462549547569,0.07547850775357001,0.017516764228712935
2015-07-10,0.4914999902248382,0.4982500076293945,0.4902499914169311,0.4937500059604645,216708000,0.5183000013232231,0.5318700045347213,0.5134190442765079,35.74041871818578,-0.01281806959074372,-0.39397295211248695,0.006582284196029323
2015-07-13,0.4987500011920929,0.4997499883174896,0.4937500059604645,0.4970000088214874,212472000,0.516762501001358,0.5307100045681,0.5118553266141249,38.06685921752052,-0.012505660980650646,-0.019547040256935655,0.000502981641349984
2015-07-14,0.4977500140666961,0.4982500076293945,0.4907500147819519,0.4972499907016754,249216000,0.5152874991297722,0.5292800039052963,0.5104643422415107,38.252035845681675,-0.01209844017055528,0.17293572800180734,-0.007038682366332611
2015-07-15,0.4959999918937683,0.4992499947547912,0.4892500042915344,0.4937500059604645,265732000,0.5133125007152557,0.5278500044345855,0.5088725006909349,36.601938890563304,-0.011920719627237508,0.06627182845403179,0.022278495712781305
2015-07-16,0.496749997138977,0.5047500133514404,0.4950000047683716,0.5047500133514404,282848000,0.5115750014781952,0.5269300043582916,0.5084798828490783,44.679049845872015,-0.010768137761514862,0.06441075971279342,-0.0059435778137288476
2015-07-17,0.503000020980835,0.5034999847412109,0.4952499866485595,0.5017499923706055,220372000,0.5092375010251999,0.5259150040149688,0.5078389408987476,43.067492880107885,-0.009981721873604799,-0.22088188709129997,-0.0184354466541094
2015-07-20,0.5017499923706055,0.5037500262260437,0.4912500083446502,0.4925000071525574,188412000,0.5065250009298324,0.5245200037956238,0.506378090065777,38.4610631739603,-0.009989722812167923,-0.14502749895631029,0.004568499290613969
2015-07-21,0.4914999902248382,0.5017499923706055,0.4914999902248382,0.4947499930858612,149720000,0.5040375009179116,0.5240000039339066,0.505270652258166,40.13827356041691,-0.009702662301409204,-0.20535846973653482,-0.019201610981952767
2015-07-22,0.4912500083446502,0.4912500083446502,0.4792500138282776,0.4852499961853027,356472000,0.5017750009894371,0.5233900040388108,0.5033639231083695,35.712527548334165,-0.010125020203264834,1.380924392198771,0.012364785587873156
2015-07-23,0.4862500131130218,0.4984999895095825,0.4852499961853027,0.4912500083446502,169916000,0.5000750005245209,0.5228000044822693,0.5022102169403962,40.197506805031075,-0.00986190909709822,-0.5233398415583832,-0.011704835377433782
2015-07-24,0.4947499930858612,0.4952499866485595,0.4835000038146972,0.4855000078678131,188844000,0.4978874996304512,0.5220350044965744,0.5006187684572931,37.49766251727616,-0.010002070985323908,0.11139621930836419,-0.005664282705991899
2015-07-27,0.481249988079071,0.4882499873638153,0.4772500097751617,0.4827499985694885,192420000,0.4961000010371208,0.5210450047254562,0.49891698084893077,36.243871520573464,-0.010217274676702526,0.01893626485352984,0.021750417109045694
2015-07-28,0.4839999973773956,0.4964999854564667,0.4790000021457672,0.4932500123977661,198308000,0.49561250060796735,0.520260004401207,0.4983772695678675,43.95001114493562,-0.00943183743804299,0.030599729757821326,0.012164180853961322
2015-07-29,0.492249995470047,0.503250002861023,0.4902499914169311,0.4992499947547912,232680000,0.4954375013709068,0.5196100038290024,0.4984603862523364,47.83041646973625,-0.008230349983968266,0.17332634084353638,0.0025038129661744007
2015-07-30,0.4979999959468841,0.5055000185966492,0.4979999959468841,0.5005000233650208,190180000,0.49496250301599504,0.5191000038385392,0.4986546374059254,48.62837356404889,-0.007095503115327695,-0.18265428915248405,-0.00349654763482707
2015-07-31,0.5024999976158142,0.5027499794960022,0.4957500100135803,0.4987500011920929,218340000,0.4943750023841858,0.5185550034046174,0.4986637196712747,47.532251700995964,-0.006265120549813485,0.1480702492375645,0.017042626074877894
2015-08-03,0.5027499794960022,0.5077499747276306,0.4962500035762787,0.5072500109672546,397132000,0.49452500343322753,0.5182550036907196,0.4994814616994633,53.06597515997508,-0.004865075075681791,0.8188696528350279,0.003942778132187295
2015-08-04,0.5055000185966492,0.5107499957084656,0.5034999847412109,0.5092499852180481,260100000,0.4952500030398369,0.518010003566742,0.5004117972726618,54.287629743436504,-0.0035531887944535434,-0.3450540374485058,0.010309350748853233
2015-08-05,0.5217499732971191,0.5222499966621399,0.5134999752044678,0.5145000219345093,234628000,0.4964125037193298,0.5179350042343139,0.5017535329547426,57.420778173887975,-0.002066059134691378,-0.09793156478277587,-0.006316817730741792
2015-08-06,0.5132499933242798,0.5170000195503235,0.5027499794960022,0.5112500190734863,655676000,0.497712504863739,0.5172400045394897,0.5026579602041468,54.911677836319114,-0.0011366437134243679,1.7945343266788276,0.12371638706211427
2015-08-07,0.5615000128746033,0.5842499732971191,0.546999990940094,0.5745000243186951,1405248000,0.5017500057816505,0.5176600050926209,0.5095000615483894,76.46527052748188,0.004650068430643861,1.143204875578792,0.034812846092098663
2015-08-10,0.5705000162124634,0.5987499952316284,0.5669999718666077,0.5945000052452087,662304000,0.5066250056028366,0.518485004901886,0.5175952942814198,79.76000028251475,0.010726265102548704,-0.528692444322995,-0.005046292606166699
2015-08-11,0.5857499837875366,0.5972499847412109,0.5857499837875366,0.5914999842643738,435008000,0.5113375052809715,0.5191250050067902,0.5246338361845583,77.99614432747705,0.01512526349827581,-0.3431898342754989,0.002535943415591104
2015-08-12,0.5820000171661377,0.5972499847412109,0.5820000171661377,0.5929999947547913,384048000,0.5163000047206878,0.5200150048732758,0.5311448989055328,78.25507916639597,0.01851906349418342,-0.11714727085478893,-0.008431695237528533
2015-08-13,0.59375,0.5950000286102295,0.5864999890327454,0.5879999995231628,276884000,0.520462504029274,0.5209250044822693,0.5365596703929262,75.08335544874524,0.020568120127836598,-0.27903803691205264,0.0008503798731738855
2015-08-14,0.5874999761581421,0.5920000076293945,0.5839999914169312,0.5885000228881836,214652000,0.5248000055551529,0.5216500043869019,0.5415063706305697,75.19164490571025,0.021978999751665285,-0.22475838257176295,-0.006372176856747914
2015-08-17,0.5874999761581421,0.5874999761581421,0.5774999856948853,0.5847499966621399,273880000,0.529412505030632,0.5222150039672852,0.545624811205005,72.6418105456774,0.02253476944744026,0.27592568436352805,-0.013253484004906184
2015-08-18,0.5805000066757202,0.5845000147819519,0.5724999904632568,0.5770000219345093,287084000,0.5335250064730644,0.5228800046443939,0.5486129265125768,67.54404220541616,0.022095163453635824,0.04821089528260547,-0.003899507192534565
2015-08-19,0.5762500166893005,0.5827500224113464,0.5684999823570251,0.5747500061988831,249248000,0.5380000069737434,0.5234450042247772,0.5511021721969869,66.09385368549613,0.021319457633954153,-0.13179417870727728,-0.0361026288785149
2015-08-20,0.5682500004768372,0.5709999799728394,0.5512499809265137,0.5540000200271606,426932000,0.5411375075578689,0.5237900042533874,0.5513781577046225,54.477462574909765,0.018813484574818795,0.7128803440749776,-0.031137185572061476
2015-08-21,0.550000011920929,0.559249997138977,0.5362499952316284,0.5367500185966492,382664000,0.5437000080943107,0.5236750042438507,0.5499850015991012,47.070871058411775,0.015259648194146935,-0.10368864362474584,-0.03539821731314153
2015-08-24,0.5067499876022339,0.5457500219345093,0.5,0.5177500247955322,682284000,0.545450009405613,0.5234750044345856,0.5469150038082852,40.53399903740414,0.010785735305563926,0.7829845504149855,-0.02076290718230467
2015-08-25,0.5404999852180481,0.5425000190734863,0.5070000290870667,0.5070000290870667,622684000,0.546137510240078,0.5230800044536591,0.5431135776443596,37.371718929349505,0.006300069022317278,-0.08735365331738687,0.07544372246150945
2015-08-26,0.5235000252723694,0.5457500219345093,0.5195000171661377,0.5452499985694885,614976000,0.5484375104308128,0.523320004940033,0.5433170463038958,51.78519632965349,0.005765142075097041,-0.012378670401038128,0.03759744033987711
2015-08-27,0.5509999990463257,0.5659999847412109,0.5477499961853027,0.565750002861023,463764000,0.5517000094056129,0.5238450050354004,0.5454535183569555,57.43873479627739,0.006915668118906204,-0.2458827661567281,0.004418908710864533
2015-08-28,0.565750002861023,0.5717499852180481,0.5617499947547913,0.5682500004768372,320944000,0.5551750093698502,0.524240005016327,0.5476246118921824,58.08422224746888,0.00793769638903341,-0.3079583581304284,-0.010998722105786733
2015-08-31,0.565500020980835,0.5695000290870667,0.5597500205039978,0.5619999766349792,219352000,0.5579125076532364,0.5245450043678284,0.5489936942486392,55.80557234802972,0.008149395309708263,-0.31654120344982306,-0.04092527199923214
2015-09-01,0.5457500219345093,0.5550000071525574,0.5350000262260437,0.5389999747276306,353408000,0.5594000071287155,0.5244350039958954,0.5480419114371146,48.29680410545236,0.006387627698713816,0.611145556001313,0.030148450959253312
2015-09-02,0.5537499785423279,0.5554999709129333,0.5444999933242798,0.5552499890327454,344044000,0.5614375054836274,0.5249300038814545,0.5487283950176508,53.09843755100177,0.006230829398784721,-0.026496287576964872,0.0027015047637020642
2015-09-03,0.5634999871253967,0.5662500262260437,0.5557500123977661,0.5567499995231628,262556000,0.5637125045061111,0.5255600035190582,0.5494923573515091,53.527472958658755,0.006156634081565526,-0.23685342572461665,-0.023349818509610883
2015-09-04,0.547249972820282,0.5559999942779541,0.5435000061988831,0.543749988079071,287972000,0.5621750026941299,0.5258500027656555,0.5489454650398484,49.31694896077844,0.004991304825166298,0.09680220600557599,0.042758591811050586
2015-09-08,0.5569999814033508,0.5692499876022339,0.5547500252723694,0.5669999718666077,238448000,0.5608000010251999,0.5268200027942658,0.5506649418804922,55.98533068617773,0.005876116167732093,-0.17197505313016548,-0.019841199342225394
2015-09-09,0.5687500238418579,0.5734999775886536,0.5544999837875366,0.5557500123977661,289392000,0.5590125024318695,0.5278750026226043,0.5511492343107087,52.393250431827425,0.005604947476584243,0.21364825873985094,0.015744420436944132
2015-09-10,0.5525000095367432,0.5715000033378601,0.550000011920929,0.5644999742507935,357076000,0.5575875014066696,0.5291100025177002,0.5524207333526215,54.82123553796563,0.006026621983458158,0.2338834522032398,0.00310018078844542
2015-09-11,0.5582500100135803,0.5699999928474426,0.5559999942779541,0.5662500262260437,301584000,0.5565000027418137,0.5302350032329559,0.5537378088643761,55.31213948240436,0.006427919581075026,-0.15540669213276725,0.0017659815966128353
2015-09-14,0.5690000057220459,0.5707499980926514,0.5642499923706055,0.5672500133514404,192460000,0.5554375022649765,0.5313700032234192,0.5550246854821917,55.608954377673264,0.006748844938714416,-0.3618361716801952,0.011018006328967616
2015-09-15,0.5674999952316284,0.5764999985694885,0.565750002861023,0.5734999775886536,327976000,0.5548750013113022,0.5327550029754639,0.5567842371113786,57.508568117516994,0.00742194491660042,0.7041255325781981,0.0069747310593632145
2015-09-16,0.5724999904632568,0.5807499885559082,0.5682500004768372,0.5774999856948853,173508000,0.554899999499321,0.5344100028276444,0.558757165547903,58.725917875641926,0.008183810846021156,-0.47097348586481935,0.009090972894387173
2015-09-17,0.5874999761581421,0.5927500128746033,0.5814999938011169,0.5827500224113464,268712000,0.5553000003099442,0.5362400031089782,0.5610421995348976,60.33225847074218,0.009106257898065517,0.5487009244530512,-0.0008580409194181032
2015-09-18,0.5747500061988831,0.5872499942779541,0.5712500214576721,0.5822499990463257,326412000,0.5567124992609024,0.5381800031661987,0.5630619899645575,60.09237945784307,0.00968530990233707,0.21472803596415502,0.010304821583259065
2015-09-21,0.5830000042915344,0.5895000100135803,0.5799999833106995,0.5882499814033508,281840000,0.5592874974012375,0.5400700026750564,0.5654608462920616,62.04259896738602,0.010507240294251874,-0.1365513522787153,-0.027199274672498684
2015-09-22,0.5755000114440918,0.5795000195503235,0.5692499876022339,0.5722500085830688,228356000,0.5620124965906144,0.5415750026702881,0.5661074331769195,54.40710350621605,0.009755111113715298,-0.1897672438262844,0.004805556058987818
2015-09-23,0.5727499723434448,0.578499972820282,0.5705000162124634,0.574999988079071,161632000,0.5654124945402146,0.543130002617836,0.5669543431676006,55.422550714541444,0.009274038341024804,-0.292192891800522,0.019130499863220296
2015-09-24,0.5715000033378601,0.5920000076293945,0.5625,0.5860000252723694,382440000,0.5674499958753586,0.5449750030040741,0.5687682176537691,59.32499869936689,0.009668938271390481,1.3661156206691745,0.007252542326161688
2015-09-25,0.5932499766349792,0.6017500162124634,0.5845000147819519,0.5902500152587891,369692000,0.5686749964952469,0.5466850030422211,0.5708141031399614,60.75451796524205,0.010207176013227404,-0.033333333333333326,-0.013130087474673707
2015-09-28,0.5902500152587891,0.593999981880188,0.5787500143051147,0.5824999809265137,395584000,0.5693874955177307,0.5483000028133392,0.5719270438815378,56.8320774011906,0.009894314798550852,0.07003667918158896,0.0175966219462979
2015-09-29,0.5887500047683716,0.59375,0.5805000066757202,0.5927500128746033,380736000,0.5709249973297119,0.5503050029277802,0.5739101837856393,60.467373093523065,0.010354106255292317,-0.03753437955023464,0.03964566032442423
2015-09-30,0.5982499718666077,0.6169999837875366,0.5947499871253967,0.6162499785423279,556380000,0.5747874975204468,0.5527350026369094,0.5779425451910382,67.27226504766976,0.012470987350104323,0.46132753403933435,-0.019472560051742152
2015-10-01,0.6162499785423279,0.6179999709129333,0.5867499709129333,0.6042500138282776,489296000,0.5772374987602233,0.555115002989769,0.5804480183945848,61.454983405467715,0.01303013076799453,-0.12057227075020671,0.026065354703607834
2015-10-02,0.6010000109672546,0.6200000047683716,0.5947499871253967,0.6200000047683716,386144000,0.5803999990224838,0.5576900029182434,0.5842148742397074,65.65311819413685,0.014576124110360578,-0.21081717406232625,0.025000014420478466
2015-10-05,0.6240000128746033,0.6432499885559082,0.6207500100135803,0.6355000138282776,482024000,0.5849875003099442,0.5606900030374526,0.5890991732481426,69.20753919101723,0.016857730738242593,0.24830115190188118,0.01298190072877111
2015-10-06,0.6287500262260437,0.6464999914169312,0.6262500286102295,0.643750011920929,453216000,0.5888250023126602,0.5639100033044815,0.5943040150265032,70.93181241359508,0.019111322892968574,-0.0597646590211276,0.010485417440369663
2015-10-07,0.6452500224113464,0.6570000052452087,0.6347500085830688,0.6504999995231628,310152000,0.5935625016689301,0.5670550030469894,0.5996560135499946,72.298588571719,0.021197625468012182,-0.3156640542257996,0.005764836631502828
2015-10-08,0.6477500200271606,0.656000018119812,0.6367499828338623,0.6542500257492065,460068000,0.5980500042438507,0.5701550036668778,0.6048554432832529,73.05655263552435,0.022889772022411603,0.4833629962083108,-0.0038211654832590444
2015-10-09,0.6507499814033508,0.6570000052452087,0.6395000219345093,0.6517500281333923,423248000,0.6023250043392181,0.5731800037622452,0.6093215942213615,71.64905664118606,0.02375524575781729,-0.08003164749558755,0.010740267250113882
2015-10-12,0.6524999737739563,0.6625000238418579,0.6477500200271606,0.6587499976158142,227588000,0.6069000035524368,0.5763800036907196,0.6140290612113093,73.20564078913443,0.024721010543324762,-0.46228216081351836,0.001897576644787351
2015-10-13,0.6535000205039978,0.6639999747276306,0.6512500047683716,0.6600000262260437,298444000,0.6112250059843063,0.5794350039958954,0.6184072483555697,73.48560039676734,0.025295660329443415,0.3113345167583528,0.03636361830162351
2015-10-14,0.6607499718666077,0.6947500109672546,0.6600000262260437,0.6840000152587891,612148000,0.6165500074625015,0.5829300045967102,0.6246541785368287,78.19605526375034,0.02737214392711218,1.0511318706356971,0.0025584683210034217
2015-10-15,0.6852499842643738,0.6997500061988831,0.6782500147819519,0.6857500076293945,526048000,0.621700006723404,0.5863550043106079,0.6304728289265968,78.49604690168822,0.028826685807532115,-0.1406522605644387,0.015676260428531097
2015-10-16,0.6880000233650208,0.703000009059906,0.6862499713897705,0.6965000033378601,448396000,0.6274125069379807,0.5900600039958954,0.636761131251479,80.29002436507695,0.03049532442212588,-0.14761390595535007,-0.0017947287928771552
2015-10-19,0.6987500190734863,0.7020000219345093,0.687250018119812,0.6952499747276306,294712000,0.6327625066041946,0.5924750030040741,0.6423314972968268,79.45990023170182,0.03135541992138047,-0.34274168369030944,-0.0014383130697537688
2015-10-20,0.6922500133514404,0.6974999904632568,0.6869999766349792,0.6942499876022339,264824000,0.6388625055551529,0.5944700026512146,0.6472761154211513,78.75838454224295,0.031592186141033984,-0.10141426205923065,-0.012963634855715117
2015-10-21,0.6984999775886536,0.702750027179718,0.6840000152587891,0.6852499842643738,386280000,0.644375005364418,0.5963450026512146,0.650892674358601,72.55024853416583,0.030699712842972682,0.45862912726943184,0.03611819751374908
2015-10-22,0.6932500004768372,0.7122499942779541,0.6922500133514404,0.7099999785423279,306884000,0.6505750030279159,0.5986850023269653,0.6565219414237178,77.7454302379062,0.031624985867029554,-0.20554002278140204,0.0066901598521066
2015-10-23,0.7162500023841858,0.7195000052452087,0.7055000066757202,0.7147499918937683,381776000,0.6568000018596649,0.6012200021743774,0.6620674700399131,78.58319375485198,0.03236843461913175,0.24404009332516519,-0.004547048475526237
2015-10-26,0.7152500152587891,0.7170000076293945,0.7049999833106995,0.7114999890327454,247436000,0.6632500022649765,0.6036800014972686,0.6667753289916114,76.46227965485622,0.03232277817537943,-0.35188173169607306,-0.0007026897654006383
2015-10-27,0.7080000042915344,0.715499997138977,0.7074999809265137,0.7110000252723694,208268000,0.6691625028848648,0.6062050020694733,0.6709872048278741,76.12191646620622,0.03187877355992652,-0.15829547842674474,0.008087201508374704
2015-10-28,0.715499997138977,0.7167500257492065,0.7049999833106995,0.7167500257492065,217036000,0.6741875052452088,0.6090000021457672,0.6753455687251438,77.36959228541764,0.031626305325915705,0.042099602435323735,-0.03453094243942031
2015-10-29,0.7052500247955322,0.7124999761581421,0.690750002861023,0.6919999718666077,327168000,0.6785750031471253,0.6113450014591217,0.6769317023576642,62.283737913046835,0.02909372556987755,0.5074365543043551,0.02492774874539539
2015-10-30,0.6995000243186951,0.7142500281333923,0.6942499876022339,0.7092499732971191,301160000,0.6830375015735626,0.6144500005245209,0.6800096329233266,67.09886885850767,0.02815402672333711,-0.07949432707355242,0.0116320033884517
2015-11-02,0.7114999890327454,0.7182499766349792,0.7072499990463257,0.7174999713897705,190088000,0.6871374994516373,0.6180649995803833,0.6835801413487023,69.12880464169444,0.027755071329896297,-0.3688139195112232,-0.006968634747042031
2015-11-03,0.7132499814033508,0.7172499895095825,0.7045000195503235,0.7124999761581421,376768000,0.690574997663498,0.6219599986076355,0.6863344113305536,66.45280996443272,0.026727342312798275,0.98207146163882,-0.016491204529183522
2015-11-04,0.7105000019073486,0.715749979019165,0.6974999904632568,0.7007499933242798,442264000,0.6930874973535538,0.6258349978923797,0.6877073239013847,60.52351984855313,0.024680235850401466,0.17383641922880932,-0.011416362880736101
2015-11-05,0.7042499780654907,0.706250011920929,0.690750002861023,0.6927499771118164,478800000,0.6950124949216843,0.6287849974632264,0.6881875765880925,56.80705568502994,0.022156943330430834,0.08261129099361475,0.1385781579320513
2015-11-06,0.7612500190734863,0.7985000014305115,0.7455000281333923,0.7887499928474426,1172272000,0.7018624931573868,0.6332449972629547,0.6977649495651734,75.91754114871534,0.02758562488109717,1.4483542188805347,-0.004437381645577895
2015-11-09,0.781000018119812,0.7875000238418579,0.7742499709129333,0.7852500081062317,492568000,0.7081874936819077,0.6375849974155426,0.7060968599024171,74.62125468121883,0.03124529825475797,-0.5798176532408861,-0.019102178338158003
2015-11-10,0.7749999761581421,0.7792500257492065,0.7537500262260437,0.7702500224113464,552260000,0.7136999934911727,0.6417499983310699,0.7122066849032676,69.17012177012361,0.03255991188803686,0.12118529827353797,-0.009737088775360411
2015-11-11,0.7707499861717224,0.7762500047683716,0.7599999904632568,0.7627500295639038,619896000,0.7176374942064285,0.6462249994277954,0.7170203367757091,66.55228894638418,0.03262053667969256,0.12247129975011761,-0.003605426409775802
2015-11-12,0.7609999775886536,0.7680000066757202,0.7567499876022339,0.7599999904632568,291080000,0.7213499933481217,0.6503199994564056,0.7211136371269041,65.57233265614835,0.03207691438957416,-0.530437363686812,-0.019736823530408253
2015-11-13,0.7607499957084656,0.7639999985694885,0.7412499785423279,0.7450000047683716,292940000,0.7237749934196472,0.6540849995613098,0.7233885292832344,60.35228923395193,0.030088870552543834,0.006389995877422061,0.02013420885755418
2015-11-16,0.7547500133514404,0.7605000138282776,0.7487499713897705,0.7599999904632568,344280000,0.7270124942064286,0.6584099996089935,0.7268753351099032,63.48293566613091,0.0293849732934649,0.17525773195876293,0.0
2015-11-17,0.7620000243186951,0.7664999961853027,0.7567499876022339,0.7599999904632568,257048000,0.7302999943494797,0.6622699999809265,0.730030064191175,63.48293566613091,0.02849861534639775,-0.25337515975368885,0.02072367254964518
2015-11-18,0.7602499723434448,0.7767500281333923,0.7519999742507935,0.7757499814033508,350216000,0.7348249942064286,0.6666699993610382,0.7343843420209061,66.68624125982231,0.028735814347803923,0.36245370514456443,0.0029004393033382828
2015-11-19,0.7785000205039978,0.7857499718666077,0.7722499966621399,0.777999997138977,254072000,0.7382249951362609,0.6709399998188019,0.7385382139369129,67.12984399092483,0.028773668788239837,-0.2745277200356352,0.008676076641460593
2015-11-20,0.7837499976158142,0.7892500162124634,0.7789999842643738,0.7847499847412109,239744000,0.7417249947786331,0.6753099989891053,0.7429393349658936,68.4856005483488,0.02901388231766855,-0.056393463270254074,-0.01497289972899729
2015-11-23,0.7912499904632568,0.7912499904632568,0.7702500224113464,0.7730000019073486,242552000,0.7447999954223633,0.6794249987602234,0.7458022556269845,63.57026773194031,0.027934120699361076,0.011712493326214712,0.008085412453345679
2015-11-24,0.7730000019073486,0.7860000133514404,0.7695000171661377,0.7792500257492065,195428000,0.7482124954462052,0.6835399997234345,0.7489877575433866,65.00887004181588,0.02726839346215315,-0.19428411227283227,-0.001283345135702772
2015-11-25,0.7777500152587891,0.7870000004768372,0.7754999995231628,0.778249979019165,138300000,0.7512874931097031,0.6875549995899201,0.751774635779175,64.56949491626992,0.02635628556323022,-0.2923224921710298,0.008352079533928044
2015-11-27,0.7797499895095825,0.7872499823570251,0.7757499814033508,0.7847499847412109,86996000,0.7559249937534332,0.6915949988365173,0.7549151452041308,66.16995044562286,0.025859833556849954,-0.37096167751265363,0.010512899972049048
2015-11-30,0.7854999899864197,0.796500027179718,0.7847499847412109,0.7929999828338623,327244000,0.7601124942302704,0.6958099985122681,0.7585422725974386,68.1372663095622,0.02583429598024678,2.7615982344015815,0.03247167914931768
2015-12-01,0.800000011920929,0.8195000290870667,0.7992500066757202,0.8187500238418579,409496000,0.7651749968528747,0.7004199993610382,0.7642763441445262,73.34710833161229,0.0275740143014348,0.2513476182909389,-0.007633616683796404
2015-12-02,0.8199999928474426,0.828499972820282,0.8107500076293945,0.8125,294240000,0.7701749980449677,0.7052249991893769,0.7688690732736189,70.34077519858536,0.02812423029445177,-0.28145818274171175,-0.0021538367638221155
2015-12-03,0.8190000057220459,0.8274999856948853,0.8067499995231628,0.8107500076293945,246656000,0.7756749987602234,0.7099399995803833,0.7728577336884547,69.48202717226553,0.028095206620733615,-0.16171832517672646,0.04070304293563478
2015-12-04,0.8107500076293945,0.8452500104904175,0.8107500076293945,0.84375,458756000,0.7832249999046326,0.7150949990749359,0.779609378099078,75.5450337236928,0.0303847720042707,0.8599020498183705,-0.01896293074996383
2015-12-07,0.843500018119812,0.843500018119812,0.8252500295639038,0.827750027179718,333588000,0.7851750016212463,0.7198449993133544,0.7841942018210437,68.44494429784619,0.030555974720759993,-0.2728422080583143,0.013591010690959486
2015-12-08,0.8174999952316284,0.8424999713897705,0.812250018119812,0.8389999866485596,314488000,0.7878625005483627,0.7249749994277954,0.7894138003760452,70.54140319400173,0.031239324331241658,-0.05725625622024777,-0.025327782925989927
2015-12-09,0.8387500047683716,0.84375,0.809249997138977,0.8177499771118164,372676000,0.7902374982833862,0.7294749987125396,0.7921124838746901,62.14290203778962,0.029723551050696573,0.18502454783648337,0.008254414424710749
2015-12-10,0.8202499747276306,0.8289999961853027,0.8174999952316284,0.8245000243186951,236596000,0.7933249980211258,0.733639999628067,0.795197011536024,63.62439725757115,0.028735714769898557,-0.36514291234208807,-0.014857496467638728
2015-12-11,0.8162500262260437,0.8220000267028809,0.8105000257492065,0.812250018119812,227320000,0.7959374994039535,0.7377999997138978,0.7968211074011466,59.103928560945434,0.02665708796115851,-0.03920607279920196,0.0024622643350910313
2015-12-14,0.8130000233650208,0.8187500238418579,0.8044999837875366,0.8142499923706055,275892000,0.7993999987840652,0.7416849994659424,0.7984810012077618,59.60849986458877,0.024884291820913673,0.21367235614992075,0.012281228808050569
2015-12-15,0.8234999775886536,0.8299999833106995,0.8190000057220459,0.8242499828338623,307296000,0.8026124984025955,0.7454599988460541,0.8009351899340571,62.1247636822212,0.024009487339774704,0.11382714975425157,0.00606611505703389
2015-12-16,0.8259999752044678,0.8320000171661377,0.8187500238418579,0.8292499780654907,236356000,0.8060749977827072,0.7491699981689454,0.803631836422765,63.35403305927366,0.02344934684066724,-0.2308523378111007,-0.015073847946588486
2015-12-17,0.8305000066757202,0.8389999866485596,0.8162500262260437,0.8167499899864197,254160000,0.8081249982118607,0.7524949979782104,0.8048811843812084,58.26296410709464,0.02174611125425352,0.07532704902773779,-0.016222826430031662
2015-12-18,0.8109999895095825,0.8192499876022339,0.8025000095367432,0.8034999966621399,395896000,0.8093999981880188,0.7554799973964691,0.804749642693678,53.367412812110004,0.01910686896262781,0.5576644633301857,0.023646538743056354
2015-12-21,0.812250018119812,0.8232499957084656,0.8050000071525574,0.8224999904632568,284216000,0.8112874984741211,0.7588949966430664,0.8064401520050665,58.72335524895243,0.01833701346514549,-0.2820942873886071,0.000911860491069811
2015-12-22,0.824999988079071,0.8314999938011169,0.8182500004768372,0.8232499957084656,130012000,0.8137999981641769,0.7621849966049195,0.8080410895006283,58.923909106974044,0.01758471098992509,-0.5425591803417119,0.003947771488569628
2015-12-23,0.8245000243186951,0.8297500014305115,0.8230000138282776,0.8264999985694885,122524000,0.816162496805191,0.7655149960517883,0.8097990808405197,59.834624322761215,0.017054164139393202,-0.057594683567670724,0.003327258924091808
2015-12-24,0.8240000009536743,0.831250011920929,0.8227499723434448,0.8292499780654907,52448000,0.8187124967575073,0.7684199953079224,0.8116515472428979,60.63003050198641,0.016663515664846806,-0.5719369266429435,-0.0009044380645729821
2015-12-28,0.8205000162124634,0.828499972820282,0.8090000152587891,0.828499972820282,142024000,0.8208999961614609,0.7712749946117401,0.8132561592026487,60.27941935800179,0.01610772495252355,1.7079011592434412,0.016294550696431917
2015-12-29,0.8289999961853027,0.8445000052452087,0.8267499804496765,0.8420000076293945,203660000,0.8233499974012375,0.7741849946975708,0.8159936685766245,64.28316241870975,0.016565638425332985,0.433982988790627,-0.00861046425363659
2015-12-30,0.8412500023841858,0.8485000133514404,0.8345000147819519,0.8347499966621399,180344000,0.8241499960422516,0.776974995136261,0.8177799855371497,60.74213629271198,0.016157271884700952,-0.11448492585682024,-0.012878102128123245
2015-12-31,0.8335000276565552,0.8372499942779541,0.8240000009536743,0.8240000009536743,148528000,0.8247249960899353,0.7795699954032898,0.8183723679577711,55.831211743958676,0.014795648619602253,-0.17641840039036505,-0.017900490045662656
2016-01-04,0.8072500228881836,0.8144999742507935,0.8009999990463257,0.809249997138977,358076000,0.8246499955654144,0.7820499956607818,0.8175035707369336,49.87310680630376,0.012383599903955322,1.4108316277065605,0.016064271226508553
2016-01-05,0.8245000243186951,0.8360000252723694,0.8125,0.8222500085830688,490272000,0.8235749959945678,0.7842949962615967,0.8179556124365656,54.483483359405334,0.01138973245100905,0.369184195533909,-0.041349929025348627
2016-01-06,0.8087499737739563,0.8125,0.7789999842643738,0.7882500290870667,449344000,0.8215999960899353,0.7857649970054627,0.8151265092604228,43.27345349840222,0.007769014772227467,-0.08348019058808176,-0.039644781283665845
2016-01-07,0.7684999704360962,0.7737500071525574,0.746999979019165,0.7570000290870667,645304000,0.8174999982118607,0.786674997806549,0.8095906540058175,35.951668050981894,0.0023508568783419115,0.43610240706452075,-0.021466332471231312
2016-01-08,0.7667499780654907,0.7674999833106995,0.7392500042915344,0.7407500147819519,398472000,0.8136500000953675,0.7872699975967408,0.8030344026511637,32.8400409738162,-0.003217226451786681,-0.38250498989623494,0.0016874370309026038
2016-01-11,0.7415000200271606,0.7472500205039978,0.7287499904632568,0.7419999837875366,409372000,0.8095249980688095,0.7877749967575073,0.7972216008546278,33.318127455711064,-0.007443308724783382,0.027354494167720622,0.016846345488129116
2016-01-12,0.7552499771118164,0.765500009059906,0.7492499947547913,0.7544999718666077,469356000,0.8066374957561493,0.7890249967575074,0.7931528742843401,38.06621483489934,-0.009672367767407208,0.1465268753114526,-0.030483688747930327
2016-01-13,0.7602499723434448,0.765250027179718,0.7307500243186951,0.7315000295639038,481672000,0.8024999976158143,0.789469997882843,0.7872811747871558,33.359363300925025,-0.013143308366061368,0.026240209989858432,-0.020164050879793855
2016-01-14,0.7164999842643738,0.7250000238418579,0.6955000162124634,0.7167500257492065,600236000,0.7971249997615815,0.7894549989700317,0.7805639224978272,30.73472085521442,-0.01688956346001358,0.24615090767161063,-0.05441232358730552
2016-01-15,0.6880000233650208,0.6962500214576721,0.6660000085830688,0.6777499914169312,841452000,0.7895500004291535,0.7887599992752076,0.7707721195377419,25.1094108834926,-0.022743303797052028,0.40186859835131505,0.008115114225454452
2016-01-19,0.6917499899864197,0.7112500071525574,0.6804999709129333,0.6832500100135803,457140000,0.7828750014305115,0.7884099996089935,0.7624366805354408,27.134857748012863,-0.026631636722383112,-0.4567248042669101,0.005488425271043013
2016-01-20,0.6702499985694885,0.6957499980926514,0.6612499952316284,0.6869999766349792,481180000,0.7770500004291534,0.7882949995994568,0.7552522325449207,28.553658884775615,-0.029075414335423932,0.05258782867392919,0.011644856600503194
2016-01-21,0.6945000290870667,0.7057499885559082,0.6802499890327454,0.6949999928474426,481456000,0.7706750005483627,0.7864199995994567,0.7495139240023038,31.612969713541105,-0.030020533230852853,0.000573589924768303,0.023381315787555323
2016-01-22,0.7082499861717224,0.7160000205039978,0.7067499756813049,0.7112500071525574,257996000,0.7650750011205674,0.7849399995803833,0.745869741445185,37.470026314942686,-0.0291225992216686,-0.4641337941577216,-0.00105448891060309
2016-01-25,0.7110000252723694,0.7192500233650208,0.7089999914169312,0.7105000019073486,270728000,0.7592750012874603,0.7837449991703034,0.742501194822534,37.311193565167905,-0.028147037675952058,0.049349602319415764,0.00985217377006382
2016-01-26,0.7120000123977661,0.7204999923706055,0.7047500014305115,0.7174999713897705,227944000,0.7536875009536743,0.7828399980068207,0.7401201259241755,39.872976289838654,-0.02650354274351996,-0.1580331550486097,-0.01184666245543566
2016-01-27,0.7164999842643738,0.71875,0.6955000162124634,0.7089999914169312,231700000,0.7477125018835068,0.7818199980258942,0.7371563035901523,37.850292602842345,-0.025591930669008778,0.016477731372617876,-0.010930853062695176
2016-01-28,0.7147499918937683,0.7172499895095825,0.6875,0.7012500166893005,276776000,0.7406750023365021,0.7809449982643127,0.7337366572186426,36.05442246935802,-0.02520429035335936,0.19454466983167884,0.04420671340804009
2016-01-29,0.7072499990463257,0.7337499856948853,0.7045000195503235,0.7322499752044678,310504000,0.7355500012636185,0.780389997959137,0.7335950684553878,46.9060780962587,-0.022140424009650883,0.12186027690262158,0.00034147011717268277
2016-02-01,0.7315000295639038,0.7362499833106995,0.7252500057220459,0.7325000166893005,289884000,0.7309750020503998,0.7798399984836578,0.7334907778109986,46.9842275995666,-0.019467700071947758,-0.06640816221369128,-0.04232084288533344
2016-02-02,0.7250000238418579,0.7287499904632568,0.6965000033378601,0.7014999985694885,341908000,0.7255875021219254,0.7783549988269806,0.7304440369308548,39.267261507622855,-0.019624767377356855,0.17946488940403738,0.00498928688289119
2016-02-03,0.7070000171661377,0.7112500071525574,0.6887500286102295,0.7049999833106995,326772000,0.7197250008583069,0.776894998550415,0.7280207937289352,40.45636252004457,-0.019244980672867396,-0.0442692186202136,0.00035466878120842205
2016-02-04,0.7059999704360962,0.7212499976158142,0.6982499957084656,0.7052500247955322,348140000,0.7155750006437301,0.7753049993515014,0.7258521490686112,40.54592129408506,-0.018708164638675417,0.06539115958527653,-0.06309826496188514
2016-02-05,0.7005000114440918,0.7082499861717224,0.6587499976158142,0.6607499718666077,600428000,0.7107624977827072,0.7730599987506866,0.7196519417160394,31.473049978337684,-0.021624245590391555,0.7246739817314873,-0.04578124034497176
2016-02-08,0.6507499814033508,0.6539999842643738,0.6212499737739563,0.6305000185966492,608852000,0.7052499979734421,0.7700849986076355,0.7111612823713356,27.043064119111904,-0.026075595934890727,0.014029991939083386,0.010705769077149017
2016-02-09,0.6230000257492065,0.6637499928474426,0.6200000047683716,0.6372500061988831,425372000,0.7000124990940094,0.7672649991512298,0.7041221132120544,29.430030959638543,-0.02872750279567471,-0.3013540236379284,-0.0023538806996093358
2016-02-10,0.6412500143051147,0.6597499847412109,0.6322500109672546,0.6357499957084656,335800000,0.6940750002861023,0.7642849993705749,0.6976104829736174,29.201387234019563,-0.030597487608394314,-0.21057333345871376,-0.005112076890226667
2016-02-11,0.6194999814033508,0.6389999985694885,0.6194999814033508,0.6324999928474426,340144000,0.6891249984502792,0.7610749995708466,0.6914094839139817,28.681458368191187,-0.03197314559464204,0.012936271590232362,0.016996040837993255
2016-02-12,0.6424999833106995,0.6445000171661377,0.6187499761581421,0.6432499885559082,340816000,0.6854499965906143,0.7575649988651275,0.6868228653084509,32.93495319698489,-0.03182902446644409,0.0019756338491931924,0.048970046545830856
2016-02-16,0.6524999737739563,0.6757500171661377,0.6504999995231628,0.6747499704360962,485352000,0.6852999955415726,0.7548099982738495,0.6856730657967981,43.55765933300571,-0.028840566059704864,0.42408807098258294,0.02482406580812418
2016-02-17,0.6832500100135803,0.6980000138282776,0.6804999709129333,0.6915000081062317,771468000,0.6857124954462052,0.7524249982833863,0.6862280126834108,48.251485386720944,-0.024834328507408854,0.5895020521188745,0.0860447987298134
2016-02-18,0.7482500076293945,0.7745000123977661,0.7475000023841858,0.7509999871253967,1068660000,0.688912495970726,0.7505699980258942,0.6923967721540761,60.74102958616978,-0.016666089038896992,0.3852291993964754,0.013315566757242976
2016-02-19,0.746999979019165,0.7677500247955322,0.7412499785423279,0.7609999775886536,525628000,0.6922124952077866,0.7492349970340729,0.698930410766893,62.38421397006277,-0.009278824244117634,-0.5081429079407856,0.035479646266395486
2016-02-22,0.7720000147819519,0.796750009059906,0.7705000042915344,0.7879999876022339,449668000,0.6960499942302704,0.7482149970531463,0.707413227608354,66.46542643136314,-0.0012314926318071073,-0.14451284939158493,0.0025381140696766205
2016-02-23,0.7817500233650208,0.7975000143051147,0.777999997138977,0.7900000214576721,369380000,0.7000249952077866,0.7476599979400634,0.7152786365463843,66.7531843104174,0.00524697777236649,-0.17854950763674537,0.006961973218502096
2016-02-24,0.7867500185966492,0.796750009059906,0.7649999856948853,0.7954999804496765,336852000,0.7039249956607818,0.7470799970626831,0.7229187645371741,67.57711906933956,0.010701650996965961,-0.08806107531539331,0.0021998647562709445
2016-02-25,0.7985000014305115,0.8012499809265137,0.7829999923706055,0.797249972820282,349616000,0.7083374947309494,0.7467799961566925,0.7299979272308034,67.85013208309392,0.014992899769484258,0.03789201192214975,-0.006585107921979031
2016-02-26,0.8009999990463257,0.8029999732971191,0.7839999794960022,0.7919999957084656,361964000,0.7128749936819077,0.7463349962234497,0.7359028861334379,66.05320046242475,0.017765328414024784,0.035318749713971975,-0.010101030626025631
2016-02-29,0.7902500033378601,0.8004999756813049,0.7835000157356262,0.7839999794960022,323344000,0.7154624938964844,0.7455299961566925,0.7404835616917773,63.302035273323405,0.01909682730189821,-0.10669569349438068,0.04432403731463734
2016-03-01,0.7860000133514404,0.8187500238418579,0.7847499847412109,0.8187500238418579,348700000,0.7197749942541123,0.7453199970722199,0.7479375104679754,69.28622299360532,0.02269448008435282,0.07841803157009264,0.005801470056156128
2016-03-02,0.8142499923706055,0.8264999985694885,0.812749981880188,0.8234999775886536,233812000,0.7258749932050705,0.7454549968242645,0.75513393590804,70.00619157356212,0.02563344105229559,-0.32947519357613997,-0.008803827030862757
2016-03-03,0.8224999904632568,0.8259999752044678,0.8052499890327454,0.8162500262260437,302004000,0.7314374953508377,0.7457099974155426,0.7609545159383261,67.40885826976316,0.027065583114466496,0.29165312302191504,-0.0030627841169856037
2016-03-04,0.8224999904632568,0.8232499957084656,0.8075000047683716,0.8137500286102295,175304000,0.7368624955415726,0.745534998178482,0.7659826600023169,66.49273354491825,0.027679762035823452,-0.41953086714083254,-0.00645165779647038
2016-03-07,0.809249997138977,0.8147500157356262,0.7979999780654907,0.8084999918937683,239968000,0.7442499965429306,0.7452399981021881,0.7700319297062647,64.50996567256311,0.027426711116076974,0.36886779537260983,-0.018243666001959986
2016-03-08,0.8002499938011169,0.8050000071525574,0.7912499904632568,0.793749988079071,274940000,0.7524124950170517,0.7445849978923798,0.7722907924084367,59.17140657956881,0.025739258255090824,0.14573609814641952,-0.0006298756130830601
2016-03-09,0.8007500171661377,0.8019999861717224,0.7829999923706055,0.7932500243186951,222788000,0.7602124959230423,0.7438649988174438,0.7742869097332232,58.99319732445842,0.024083971773375512,-0.18968502218665895,-0.0015758317956600307
2016-03-10,0.7979999780654907,0.8025000095367432,0.7760000228881836,0.7919999957084656,286084000,0.7680249959230423,0.7431349992752075,0.7759738703022939,58.51865082176888,0.022412916301433605,0.28410865935328644,0.01704542333032676
2016-03-11,0.8037499785423279,0.8057500123977661,0.7942500114440918,0.8054999709129333,277400000,0.7766749948263169,0.7424049985408783,0.7787858798842596,62.067488545766814,0.021925188055665346,-0.030354720991037643,0.002482971977232283
2016-03-14,0.8017500042915344,0.8107500076293945,0.7979999780654907,0.8075000047683716,190312000,0.78488749563694,0.7418599987030029,0.7815205584446513,62.57828284235849,0.021452751953509597,-0.31394376351838504,-0.004953570380942694
2016-03-15,0.8032500147819519,0.8084999918937683,0.7892500162124634,0.8034999966621399,226216000,0.7913249969482422,0.7414499986171722,0.7836138382748883,60.81448154382446,0.020519044936753494,0.1886586237336585,0.029869308192215227
2016-03-16,0.7975000143051147,0.8302500247955322,0.793749988079071,0.8274999856948853,363644000,0.7981249958276748,0.7418149983882905,0.787793471362507,66.85152644292165,0.021468201869978443,0.6075078685857764,-0.008459177768497141
2016-03-17,0.8245000243186951,0.828499972820282,0.809249997138977,0.8205000162124634,353680000,0.8015999972820282,0.7417799985408783,0.7909083803958362,63.765806872957405,0.021408789344762202,-0.027400424591083605,0.030164526250960177
2016-03-18,0.8302500247955322,0.856249988079071,0.824999988079071,0.8452500104904175,545512000,0.8058124989271164,0.7429199981689453,0.7960837737381773,69.1822023378345,0.023092624780571946,0.5423885998642841,0.002957701963663627
2016-03-21,0.8377500176429749,0.8479999899864197,0.8287500143051147,0.8477500081062317,337780000,0.8087999999523163,0.7447349977493286,0.8010043674875158,69.6753050450433,0.02434813526196289,-0.38080188886770594,-0.0017694019181059258
2016-03-22,0.8450000286102295,0.8522499799728394,0.8357499837875366,0.8462499976158142,242012000,0.8116124987602233,0.7468449974060059,0.8053134751187824,68.96230925032555,0.024934666736615152,-0.28352181893540174,0.01713444251150484
2016-03-23,0.8500000238418579,0.8669999837875366,0.8462499976158142,0.8607500195503235,429008000,0.8148750007152558,0.7492199981212616,0.8105931460170244,71.9504001565463,0.026266741103421976,0.7726724294663074,0.0014521858579076544
2016-03-24,0.8529999852180481,0.8634999990463257,0.8502500057220459,0.8619999885559082,244956000,0.8181125015020371,0.7513699984550476,0.8154890357826323,72.19887478306212,0.0271107656578794,-0.429017640696677,0.010150837092620917
2016-03-28,0.8604999780654907,0.8744999766349792,0.859499990940094,0.8707500100135803,265388000,0.8220500022172927,0.7541549980640412,0.8207519857093892,73.93922728612456,0.028161091272292715,0.08341089828377335,0.0160780917697264
2016-03-29,0.8669999837875366,0.8867499828338623,0.8650000095367432,0.8847500085830688,261812000,0.8270875036716461,0.7575149977207184,0.8268470355068825,76.47656958831836,0.029779880841581008,-0.013474610758587469,0.0104549139624898
2016-03-30,0.8880000114440918,0.90625,0.887499988079071,0.8939999938011169,376700000,0.830850002169609,0.761839997768402,0.8332425553444287,78.00062200542433,0.03144668196492362,0.43881869433028275,-0.0036353499816085665
2016-03-31,0.8980000019073486,0.8999999761581421,0.8837500214576721,0.890749990940094,379884000,0.8342125028371811,0.7659899973869324,0.8387194539725873,76.13421434845202,0.03213495404740485,0.00845234934961514,0.014594455881354135
2016-04-01,0.8852499723434448,0.9042500257492064,0.8784999847412109,0.9037500023841858,348292000,0.8385875016450882,0.7703249979019166,0.8449128395355967,78.36431174827523,0.03334502620389279,-0.08316222846974342,-0.009681904768562831
2016-04-04,0.9112499952316284,0.9160000085830688,0.8914999961853027,0.8949999809265137,393940000,0.8426499992609024,0.7743249976634979,0.8496830434775888,73.39319506758389,0.03321508072641077,0.13106244185912974,-0.0013966134438245857
2016-04-05,0.8870000243186951,0.9020000100135804,0.8834999799728394,0.893750011920929,339568000,0.8469125002622604,0.7779749977588654,0.8538798976150498,72.68386486003571,0.03263503952592772,-0.13802101842920245,0.0013985667008811218
2016-04-06,0.8824999928474426,0.8955000042915344,0.8657500147819519,0.8949999809265137,453376000,0.8519749999046325,0.7816649973392487,0.8577960960256654,72.96524906594794,0.03190839463681039,0.335155256090091,-0.010335179234833515
2016-04-07,0.8892499804496765,0.8972499966621399,0.8820000290870667,0.8857499957084656,378104000,0.856599998474121,0.7850299978256225,0.8604583721859321,67.42972986159731,0.030237566975386265,-0.1660255505364201,0.0064916742926292995
2016-04-08,0.8930000066757202,0.8987500071525574,0.8827499747276306,0.8914999961853027,255936000,0.8615749984979629,0.78867999792099,0.8634147173287293,69.00393174085926,0.029042615803187677,-0.3231068700674946,0.0061693983400825094
2016-04-11,0.8967499732971191,0.9117500185966492,0.8939999938011169,0.8970000147819519,387524000,0.8661500006914139,0.792594997882843,0.8666133170861791,70.47395853859432,0.02821417843891072,0.5141441610402602,-0.0011148128304544246
2016-04-12,0.8999999761581421,0.9012500047683716,0.8784999847412109,0.8960000276565552,292764000,0.870575001835823,0.7958699989318848,0.8694120514262149,69.82555115804107,0.02716381767411613,-0.2445267905987758,0.025111582419451033
2016-04-13,0.8999999761581421,0.918749988079071,0.8999999761581421,0.9185000061988832,350716000,0.8763250023126602,0.7995899987220764,0.8740870947378976,75.32634272965748,0.0278261963583617,0.1979478351163395,0.0027218264550263505
2016-04-14,0.9160000085830688,0.925000011920929,0.9122499823570251,0.9210000038146972,416564000,0.8810000032186508,0.8039799988269806,0.87855499084045,75.85307491011244,0.028227476375389804,0.18775305375289397,0.007871890268432121
2016-04-15,0.9207500219345092,0.9365000128746032,0.9177500009536744,0.928250014781952,436972000,0.8863875031471252,0.8084449994564057,0.8832878502634501,77.36235981821034,0.028798537361897858,0.048991271449285057,-0.004309192612478882
2016-04-18,0.9265000224113464,0.9265000224113464,0.91525000333786,0.9242500066757202,307320000,0.8903375029563904,0.8128249990940094,0.8871890080169996,74.59217000744458,0.028598672390010682,-0.2967055097351775,-0.017852308429673364
2016-04-19,0.9277499914169312,0.9294999837875366,0.9020000100135804,0.9077500104904176,309152000,0.8933375030755997,0.8177649998664855,0.8891471987287537,64.35520634603961,0.0267999332161718,0.0059612130678119435,0.00385567028450921
2016-04-20,0.90625,0.9167500138282776,0.9052500128746032,0.9112499952316284,200172000,0.8965875029563903,0.8233799993991852,0.8912522269671227,65.43872082377187,0.0253644533503129,-0.3525126798468068,-0.00109737956722036
2016-04-21,0.9114999771118164,0.9157500267028807,0.90625,0.9102500081062316,178280000,0.8990625023841858,0.8288399994373321,0.8930615394565616,64.83234305302197,0.023870964985573284,-0.10936594528705312,-0.0038450807031493676
2016-04-22,0.9132500290870668,0.9194999933242798,0.9037500023841858,0.9067500233650208,223540000,0.9013000041246414,0.8342599999904633,0.8943652045907006,62.644345788566476,0.022149618167910723,0.2538703163562934,0.004962748001822946
2016-04-25,0.9070000052452089,0.9162499904632568,0.9045000076293944,0.9112499952316284,191972000,0.9033250033855438,0.8398350000381469,0.8959732798898365,64.31199851062578,0.020907539434965372,-0.14121857385702785,0.0008230510278555318
2016-04-26,0.9167500138282776,0.9272500276565552,0.9079999923706056,0.9120000004768372,214536000,0.9046875029802323,0.8452100002765656,0.8974996342314556,64.59568888727634,0.019755967747119185,0.11753797428791701,0.02275217780797514
2016-04-27,0.9097499847412108,0.9332500100135804,0.9079999923706056,0.9327499866485596,352396000,0.9066250026226044,0.8503700006008148,0.9008568106521322,71.37525873779525,0.020283869535330123,0.6425961144050416,-0.02975075385259136
2016-04-28,0.9269999861717224,0.9325000047683716,0.9027500152587892,0.9049999713897704,381224000,0.9073375016450882,0.8546399998664856,0.9012513973890501,55.94599809698029,0.018252636163166636,0.08180569586487918,-0.01850826364090197
2016-04-29,0.9012500047683716,0.903249979019165,0.8784999847412109,0.8882499933242798,321904000,0.9065625011920929,0.8573849999904632,0.9000131684305006,49.05313172518877,0.015117026169345071,-0.15560405430927748,0.01322823858392381
2016-05-02,0.8967499732971191,0.9054999947547911,0.8924999833106995,0.8999999761581421,256076000,0.9068125009536743,0.860164999961853,0.9000119120236093,53.39129179007163,0.013425398438205005,-0.20449575028579947,-0.011944439992492464
2016-05-03,0.8897500038146973,0.8934999704360962,0.8815000057220459,0.8892499804496765,224024000,0.9065874993801117,0.8621899998188018,0.8989869661594252,49.25866261111148,0.011089503567397685,-0.12516596635373878,-0.02277195755063345
2016-05-04,0.8784999847412109,0.8792499899864197,0.8600000143051147,0.8690000176429749,525764000,0.9052875012159347,0.8637699997425079,0.8961310663007156,42.57371271269499,0.007517628745946747,1.3469092597221728,0.006041400466315454
2016-05-05,0.8762500286102295,0.8845000267028809,0.8677499890327454,0.8742499947547913,246884000,0.9047125011682511,0.8653450000286103,0.8940471547249133,44.67020126005228,0.005052281931838598,-0.5304281008209006,0.010294542055312701
2016-05-06,0.8727499842643738,0.8855000138282776,0.8709999918937683,0.8832499980926514,183240000,0.9043000012636184,0.8670650005340577,0.8930188540932693,48.163889182344505,0.003781115526861445,-0.2577890831321592,-0.0014151927634123778
2016-05-09,0.8855000138282776,0.8892499804496765,0.874750018119812,0.8820000290870667,333336000,0.9035500019788743,0.8688650012016297,0.8919694421879166,47.71327433589401,0.0026423851689340028,0.8191224623444662,0.019274330368531722
2016-05-10,0.887499988079071,0.9004999995231628,0.8790000081062317,0.8989999890327454,269676000,0.9037000000476837,0.8711650013923645,0.8926390180779004,54.01466799268391,0.0030762270190001217,-0.19097847217222264,0.002780865012583608
2016-05-11,0.9017500281333924,0.9114999771118164,0.8967499732971191,0.9014999866485596,328176000,0.9028499990701675,0.8728200006484985,0.8934829198465346,54.87591933561696,0.003580504893458847,0.21692697904151648,-0.013588470749094524
2016-05-12,0.9079999923706056,0.9120000004768372,0.8732500076293945,0.8892499804496765,670540000,0.9012624979019165,0.874135000705719,0.8930797827611195,49.94028476503565,0.002957582449964802,1.0432328994198237,0.1520945008957954
2016-05-13,0.9797499775886536,1.024999976158142,0.975000023841858,1.024500012397766,2110256000,0.9060749977827072,0.8783000004291535,0.9055959951074668,75.80974554438771,0.013225009494938433,2.1470993527604616,0.029526552370810574
2016-05-16,1.0167499780654907,1.0700000524520874,1.0134999752044678,1.0547499656677246,973032000,0.9125999957323074,0.8831199991703034,0.9198011351608247,78.4874514706646,0.023531679269715777,-0.5389033368463352,0.0021332784200154523
2016-05-17,1.0499999523162842,1.0644999742507937,1.0364999771118164,1.0570000410079956,628392000,0.9200624972581863,0.8880900001525879,0.93286769762246,78.6765279036608,0.031518031350947884,-0.35419184569469453,0.025543944523585223
2016-05-18,1.0499999523162842,1.096250057220459,1.0499999523162842,1.0839999914169312,541072000,0.9286999970674514,0.8938950002193451,0.9472612494124096,80.85139745110976,0.039569807158313264,-0.13895784796751076,0.004381931170711113
2016-05-19,1.0797499418258667,1.096500039100647,1.0782500505447388,1.0887500047683716,398880000,0.9376249969005584,0.8998049998283386,0.9607363689701203,81.21440593154556,0.04580615898803564,-0.26279681816837686,0.01791046344958342
2016-05-20,1.0954999923706057,1.1127500534057615,1.09375,1.1082500219345093,391084000,0.9476999968290329,0.9061300003528595,0.9747852883000621,82.66710494066032,0.05172573903895683,-0.019544725230645765,0.0015790591797605058
2016-05-23,1.1130000352859497,1.1172499656677246,1.1032500267028809,1.1100000143051147,413636000,0.9576374977827072,0.9122200012207031,0.9876628812529242,82.79568509270935,0.05591372007663331,0.057665360894334716,0.021621557764686036
2016-05-24,1.1104999780654907,1.1375000476837158,1.1074999570846558,1.133999943733215,415788000,0.9687374949455261,0.91875,1.0015997443462852,84.49450363861203,0.060472232694984696,0.005202641936388419,-0.0041886193808031765
2016-05-25,1.1375000476837158,1.1422499418258667,1.1202499866485596,1.1292500495910645,458076000,0.9785624980926514,0.9252650010585785,1.0137569162743594,82.75289152189319,0.06297566575278102,0.10170567693151322,0.010626490313988334
2016-05-26,1.131250023841858,1.149500012397766,1.128000020980835,1.1412500143051147,309964000,0.9903750002384186,0.9315400016307831,1.0258991160868123,83.66873953050546,0.0651766356669583,-0.3233349924466682,0.00547647208194223
2016-05-27,1.1425000429153442,1.149250030517578,1.1387499570846558,1.1475000381469729,277416000,1.0033375024795532,0.9380800020694733,1.037480156283018,84.14109262145784,0.06665686601255083,-0.10500574260236673,0.017864874950238366
2016-05-31,1.152500033378601,1.1705000400543213,1.1517499685287476,1.1679999828338623,412524000,1.0167375028133392,0.9445350015163422,1.049910615954527,85.61113327348016,0.06869229146047284,0.48702309888398654,0.0019264343949832485
2016-06-01,1.162500023841858,1.18149995803833,1.159000039100647,1.1702500581741333,387132000,1.030787506699562,0.9509850025177002,1.0613715152135372,85.76708102351799,0.0696836730612258,-0.061552782383570426,0.007049773708640986
2016-06-02,1.1764999628067017,1.1885000467300415,1.1649999618530271,1.178500056266785,329208000,1.0462625086307527,0.9576300036907196,1.0725266143614656,86.35118342535088,0.07032440011124397,-0.14962338427203126,-0.01400094578430573
2016-06-03,1.1670000553131104,1.1684999465942385,1.1414999961853027,1.1619999408721924,461076000,1.0606500059366226,0.9636550021171569,1.0810478835529633,79.33831331532681,0.06870872805215966,0.40056134723336,-0.005163444972188944
2016-06-06,1.1649999618530271,1.1740000247955322,1.149999976158142,1.156000018119812,322512000,1.0742875069379807,0.9695350027084351,1.0881861820831393,76.89287364129132,0.06618125635551175,-0.3005231241704187,0.0019463288025212417
2016-06-07,1.162999987602234,1.1694999933242798,1.1577500104904177,1.1582499742507937,193400000,1.088100004196167,0.9752850019931794,1.0948589241943445,77.17696657495945,0.0636263248161022,-0.40033239073274796,-0.003237614249743464
2016-06-08,1.1584999561309814,1.162750005722046,1.1449999809265137,1.1545000076293943,234616000,1.1008750051259995,0.9806800019741059,1.1005390273786348,75.51063790572087,0.06060036886738063,0.21311271975180968,0.02598525005761716
2016-06-09,1.1505000591278076,1.1862499713897705,1.1480000019073486,1.184499979019165,472168000,1.1150250047445298,0.9864900016784668,1.1085353084872567,79.35158111216815,0.05993216327634254,1.0125140655368772,-0.02490503009871073
2016-06-10,1.1705000400543213,1.180999994277954,1.153499960899353,1.1549999713897705,400024000,1.1283125042915345,0.9917750012874603,1.1129605144779722,68.04921204022432,0.05637237579980736,-0.1527930736517511,0.01277056638966762
2016-06-13,1.15625,1.1924999952316284,1.15625,1.1697499752044678,475588000,1.1355750024318696,0.9970950007438659,1.1183690345471622,70.32513394228616,0.05411758676153133,0.18889866608003514,0.001923552372700578
2016-06-14,1.1670000553131104,1.1775000095367432,1.1540000438690186,1.1720000505447388,298344000,1.1414375066757203,1.0026350021362305,1.1234767503564551,70.66837678529214,0.05191378270727376,-0.3726839196951983,0.01023887730079259
2016-06-15,1.1817500591278076,1.194249987602234,1.1687500476837158,1.184000015258789,301036000,1.1477875053882598,1.0084400022029876,1.1292408708233441,72.4955640456682,0.050552807682326284,0.009023141072051155,0.004011835549176248
2016-06-16,1.1752500534057615,1.190750002861023,1.1637500524520874,1.1887500286102295,246456000,1.153025007247925,1.014315003156662,1.1349084096601902,73.20705113052131,0.049289334779905936,-0.18130721907014447,-0.01745534828766828
2016-06-17,1.190250039100647,1.190500020980835,1.163249969482422,1.1679999828338623,471000000,1.1569875061511994,1.01996000289917,1.1380599880576827,65.26466000870326,0.04608245822998147,0.9110916350180154,0.017979475997597225
2016-06-20,1.186750054359436,1.2042499780654907,1.1859999895095823,1.1890000104904177,293768000,1.1610250055789948,1.0259100031852721,1.1429114187655622,68.93763798687698,0.04472000777480889,-0.3762887473460722,-0.006097520015680869
2016-06-21,1.194000005722046,1.1972500085830688,1.1799999475479126,1.1817500591278076,212508000,1.1646125078201295,1.0316050040721894,1.1466103368952998,66.32994581885359,0.04256458742032243,-0.27661283734103104,-0.0008462421662832933
2016-06-22,1.184249997138977,1.1920000314712524,1.1787500381469729,1.180750012397766,202620000,1.1669500112533568,1.0373000037670135,1.1498617345622013,65.95931125268828,0.04031102543853815,-0.046530012987746394,0.026677943298277634
2016-06-23,1.1920000314712524,1.2135000228881836,1.191249966621399,1.212249994277954,297880000,1.1711000084877015,1.043175003528595,1.1558034735827492,71.38342327786783,0.04059884836133154,0.47014115092290987,-0.05691895735016604
2016-06-24,1.162500023841858,1.184000015258789,1.1325000524520874,1.1432499885559082,1017684000,1.171200007200241,1.047620003223419,1.1546079035801928,51.88186231793801,0.034857411751945566,2.4164227205586144,-0.010715020089098583
2016-06-27,1.1337499618530271,1.1425000429153442,1.1142499446868896,1.13100004196167,449088000,1.170375007390976,1.0516750037670135,1.1523595358070002,49.30645720196188,0.028984696027650303,-0.5587156720553728,0.014588855502325568
2016-06-28,1.152500033378601,1.153749942779541,1.131749987602234,1.1475000381469729,381920000,1.1693500101566314,1.0561400043964386,1.1518967265060451,52.711480197868305,0.02536949456011972,-0.14956534131395183,0.016339827183415263
2016-06-29,1.1575000286102295,1.1752500534057615,1.1545000076293943,1.1662499904632568,318932000,1.1691500067710876,1.0613100039958954,1.1532637040257796,56.30331920050357,0.02374368340070232,-0.16492459153749472,0.0077170958337411544
2016-06-30,1.1682499647140503,1.1825000047683716,1.158750057220459,1.1752500534057615,430940000,1.1689875066280364,1.066590005159378,1.1553576420619684,57.9541930794983,0.022917270181179727,0.3511971203892992,-0.007445293056537015
2016-07-01,1.1687500476837158,1.184000015258789,1.162500023841858,1.1664999723434448,218488000,1.1692125082015992,1.0717150044441224,1.15641881637449,55.748965219819134,0.021310617799873866,-0.4929967048777092,0.014787879506333524
2016-07-05,1.159999966621399,1.1857500076293943,1.1507500410079956,1.183750033378601,371084000,1.1706000089645385,1.0772550046443938,1.1590217894225006,59.05658734733348,0.021185061768323576,0.6984182197649298,0.006335740681157078
2016-07-06,1.1755000352859497,1.1982500553131104,1.1694999933242798,1.191249966621399,273104000,1.172250008583069,1.0828550040721894,1.1620911396319193,60.441072835381966,0.021443551725727206,-0.2640372530208793,0.026023100934670907
2016-07-07,1.1992499828338623,1.2265000343322754,1.193750023841858,1.222249984741211,395400000,1.1756375074386596,1.089060003757477,1.167820553451852,65.61647394476141,0.023874637306176894,0.44780010545433235,0.04009001874187553
2016-07-08,1.2352499961853027,1.277250051498413,1.2304999828338623,1.2712500095367432,481932000,1.1799750089645387,1.0958300042152405,1.1776709778408891,71.87899716546855,0.02941609223402275,0.2188467374810319,0.02300886963994247
2016-07-11,1.2894999980926514,1.309999942779541,1.287999987602234,1.3005000352859497,448776000,1.1872500121593474,1.103740005493164,1.1893689833118473,74.82651788733257,0.035755797240288656,-0.06879808769701945,0.014994245780124177
2016-07-12,1.315000057220459,1.3320000171661377,1.2984999418258667,1.3200000524520874,436760000,1.1947625160217286,1.1123750066757203,1.2018100375156797,76.58830091004648,0.041870886039188315,-0.02677505035919925,-0.0003788507195407532
2016-07-13,1.3224999904632568,1.3300000429153442,1.3174999952316284,1.319499969482422,324604000,1.2021375119686126,1.120765006542206,1.2130186024648932,76.44055186054709,0.046144856273917734,-0.2567909149189487,0.010231129607197307
2016-07-14,1.3265000581741333,1.3450000286102295,1.315500020980835,1.3329999446868896,316892000,1.2095875084400176,1.12964000582695,1.2244453969622262,77.69168797503832,0.05004446224309156,-0.023758179196806006,-0.01162786954121145
2016-07-15,1.315999984741211,1.3235000371932983,1.2960000038146973,1.3174999952316284,428616000,1.2160250067710876,1.1386100053787231,1.2333077396545502,72.90454865193864,0.05129293861859896,0.35256175605569084,0.005123330266917517
2016-07-18,1.3337500095367432,1.3357499837875366,1.319249987602234,1.3242499828338623,252992000,1.2238375067710876,1.1476100051403046,1.2419689056716277,73.66554610489733,0.05222501526148404,-0.40974671967448717,0.010383293541390492
2016-07-19,1.3235000371932983,1.343250036239624,1.3209999799728394,1.3380000591278076,382652000,1.2312875092029572,1.1567050063610076,1.2511147298103114,75.19392715464343,0.05345699005344384,0.5125063243106502,0.013079165121608616
2016-07-20,1.3424999713897705,1.3627500534057615,1.337000012397766,1.3554999828338623,296460000,1.2399750053882599,1.1661750054359437,1.261056182479221,77.02177303073994,0.05520902131083627,-0.22524905135736906,-0.01844336147159231
2016-07-21,1.3524999618530271,1.3567500114440918,1.3259999752044678,1.3305000066757202,361308000,1.2474625051021575,1.174805005788803,1.2676698800217447,69.17941660871128,0.053958232644487625,0.21874114551710178,0.027245392746896503
2016-07-22,1.3352500200271606,1.3667500019073486,1.3255000114440918,1.3667500019073486,315768000,1.2551875054836272,1.1841100060939789,1.277106082106088,73.40751453823742,0.05525509889138713,-0.1260420472284035,0.018474452535645038
2016-07-25,1.375,1.3952499628067017,1.36899995803833,1.3919999599456787,312528000,1.2676250040531158,1.1941650056838988,1.288048356186049,75.88871539456677,0.05765571612046139,-0.010260697727445423,0.01706183005790386
2016-07-26,1.4042500257492063,1.4229999780654907,1.402250051498413,1.4157500267028809,514508000,1.2818625032901765,1.2019900059700013,1.3002104200447948,77.97076584358533,0.060774088606829535,0.6462780934828238,-0.010065364496236667
2016-07-27,1.4279999732971191,1.430500030517578,1.3930000066757202,1.4014999866485596,446676000,1.2945625007152557,1.208925006389618,1.3098570454356295,73.85018516897952,0.06138792039544194,-0.13183857199499327,0.0021405786724327846
2016-07-28,1.4047499895095823,1.4149999618530271,1.40024995803833,1.4045000076293943,221916000,1.3064750015735627,1.215875005722046,1.3188706608826548,74.15979551010919,0.061408583209544565,-0.5031835155683314,0.01637593576533313
2016-07-29,1.409749984741211,1.431249976158142,1.3845000267028809,1.4275000095367432,409588000,1.3190874993801116,1.222745006084442,1.329216313135425,76.46084506096771,0.0625597170968546,0.8456893599379947,-0.006479891251065368
2016-08-01,1.433500051498413,1.4387500286102295,1.409000039100647,1.4182499647140503,301120000,1.331674998998642,1.2293350052833558,1.3376957085238657,73.62139197415136,0.062010776058642136,-0.26482221158823016,-0.01216283606913021
2016-08-02,1.4249999523162842,1.4257500171661377,1.3875000476837158,1.4010000228881836,282748000,1.3425374984741212,1.2351900053024292,1.3437246908442768,68.51176450541666,0.05949795480261022,-0.061012221041445325,0.0026766356603393116
2016-08-03,1.399250030517578,1.4075000286102295,1.3914999961853027,1.4047499895095823,299828000,1.3532124996185302,1.2410850048065185,1.3495366240504965,69.01521657324298,0.057150323465800845,0.0604071470001557,0.018508647860720442
2016-08-04,1.4114999771118164,1.437250018119812,1.408750057220459,1.430750012397766,272712000,1.363637501001358,1.2470200061798096,1.3572712324645222,72.3197545863268,0.05673380132729178,-0.09043851808370129,0.016949173725281468
2016-08-05,1.4472500085830688,1.4557499885559082,1.440250039100647,1.4550000429153442,371588000,1.3728250026702882,1.253535006046295,1.3665787382217434,74.99805520483106,0.05769540264094708,0.3625656370090058,0.009278333200195815
2016-08-08,1.475000023841858,1.4785000085830688,1.4529999494552612,1.468500018119812,305064000,1.3812250018119812,1.2600800061225892,1.3762855267834642,76.36887136126296,0.058868217616492746,-0.1790262333552214,0.0025536033878979314
2016-08-09,1.475749969482422,1.4865000247955322,1.468500018119812,1.472249984741211,372344000,1.3888374984264373,1.266575005054474,1.3854249989699163,76.75020374519339,0.059415369505975146,0.22054388587312834,-0.006452726643804825
2016-08-10,1.4852499961853027,1.4874999523162842,1.4579999446868896,1.46274995803833,375740000,1.3959999978542328,1.2724700045585633,1.3927892807859557,73.51374640265024,0.058409114645300075,0.009120598156543425,0.02033839710341181
2016-08-11,1.4704999923706057,1.4987499713897705,1.4674999713897705,1.4924999475479126,681064000,1.403974997997284,1.2789150023460387,1.4022855347632848,76.81144334659186,0.05932832593020443,0.812593814871986,0.055946419156490214
2016-08-12,1.5475000143051147,1.5844999551773071,1.5157500505447388,1.5759999752044678,1425744000,1.416899996995926,1.2868650007247924,1.4188297671862546,83.15195397445638,0.06603337030060752,1.0934067870273574,-0.000951783321077065
2016-08-15,1.5777499675750732,1.587499976158142,1.5532499551773071,1.5744999647140503,573304000,1.4294124960899353,1.2951150012016297,1.43365550028414,82.71440764809306,0.07041443419498572,-0.597891346553098,-0.006033602862173843
2016-08-16,1.5722500085830688,1.5747499465942385,1.5602500438690186,1.565000057220459,287652000,1.440762495994568,1.3032950019836427,1.4461645057066466,79.8487171143391,0.07228662058915525,-0.4982557247114968,-0.02316301157541202
2016-08-17,1.565000057220459,1.56850004196167,1.5164999961853027,1.528749942779541,595212000,1.4494249939918518,1.3107050013542176,1.4540297854278745,69.89733441653655,0.07003790711819868,1.0692086270910686,0.015535612524060199
2016-08-18,1.5264999866485596,1.5549999475479126,1.5204999446868896,1.5525000095367432,331684000,1.460524994134903,1.3186650013923644,1.4634079020096715,72.33042413394551,0.06937253400200438,-0.4427464500043682,0.0025764563459039686
2016-08-19,1.5517499446868896,1.5682499408721924,1.5449999570846558,1.55649995803833,291560000,1.4700124919414521,1.3261050009727477,1.472273812107639,72.73019346625361,0.06837974430138627,-0.1209705623424705,0.004176039766964022
2016-08-22,1.5612499713897705,1.565250039100647,1.5427500009536743,1.562999963760376,244748000,1.478562492132187,1.33426500082016,1.4809143979793282,73.40268797635844,0.06734118024253077,-0.16055700370421178,0.006238009474812518
2016-08-23,1.5759999752044678,1.5829999446868896,1.5682499408721924,1.5727499723434448,339764000,1.486412489414215,1.3423250007629395,1.489660643156863,74.42164358368358,0.06653784805783158,0.3882197198751369,-0.015418872003821974
2016-08-24,1.5782500505447388,1.5789999961853027,1.5412499904632568,1.5484999418258667,298448000,1.4937624871730804,1.349854998588562,1.4952643858872443,67.49560386985576,0.06321571530137637,-0.12160205318986117,-0.006619291397168965
2016-08-25,1.5490000247955322,1.5497499704360962,1.5190000534057615,1.538249969482422,406032000,1.5004499852657318,1.3569399976730347,1.499358250991547,64.75252971834149,0.05907483611377762,0.3604782072588859,0.008126148501027771
2016-08-26,1.5422500371932983,1.559499979019165,1.5299999713897705,1.5507500171661377,300024000,1.5066124856472016,1.3641799974441529,1.5042527049129366,66.53852692766051,0.056154494843404956,-0.26108287031564015,-0.0006448793931784075
2016-08-29,1.5570000410079956,1.563249945640564,1.5472500324249268,1.5497499704360962,274652000,1.5131874859333039,1.3718149971961975,1.508585777819904,66.24930749248729,0.05314676510788585,-0.08456656800789275,-0.00580735209221057
2016-08-30,1.5477499961853027,1.555999994277954,1.5364999771118164,1.5407500267028809,285544000,1.5201749861240388,1.3788499975204467,1.511649039618283,63.571253964254794,0.04946667632660562,0.03965745743704763,-0.004705546289954744
2016-08-31,1.5437500476837158,1.5479999780654907,1.5290000438690186,1.5334999561309814,388544000,1.5266124844551086,1.3858849954605104,1.513730079286159,61.417399008304024,0.04544133987027621,0.36071498613173447,0.02950770099028835
2016-09-01,1.534749984741211,1.5844999551773071,1.5334999561309814,1.5787500143051147,428492000,1.5340124845504761,1.3938449954986571,1.519922454049869,68.5739942134253,0.045379427459746324,0.10281461044309004,-0.009817937307429334
2016-09-02,1.5820000171661377,1.5837500095367432,1.5455000400543213,1.563249945640564,323148000,1.539424979686737,1.4008649945259095,1.5240488818204114,64.18232557382687,0.04357730339894261,-0.2458482305387265,0.00943547374227046
2016-09-06,1.568750023841858,1.5779999494552612,1.5607500076293943,1.5779999494552612,306812000,1.5448999762535096,1.4095599937438965,1.5291870787380162,66.38831581083238,0.04284541387328655,-0.05055268793246437,-0.014733830502062253
2016-09-07,1.5729999542236328,1.5807499885559082,1.5457500219345093,1.5547499656677246,397988000,1.5490249752998353,1.4180349922180175,1.5316216393979885,60.1044351742591,0.03992902976758983,0.2971722096919287,0.007235902442136243
2016-09-08,1.5532499551773071,1.56850004196167,1.5355000495910645,1.565999984741211,315808000,1.5541874766349792,1.4264049911499024,1.5348957675259145,61.97971849743609,0.038086519186167234,-0.20648863784837734,-0.049808397327763126
2016-09-09,1.5487500429153442,1.5575000047683716,1.475000023841858,1.4880000352859497,697760000,1.553962481021881,1.4328399920463561,1.5304295073125844,45.87799268118641,0.029986704167981326,1.2094437126355255,0.02066526633141191
2016-09-12,1.468250036239624,1.5217499732971191,1.4329999685287476,1.5187499523162842,598260000,1.5510999798774718,1.4397099900245667,1.5293171687415081,51.25440440295367,0.02575195126250085,-0.14259917450126114,-0.014485567649733544
2016-09-13,1.5149999856948853,1.5325000286102295,1.4882500171661377,1.496749997138977,471768000,1.5472124814987183,1.4463149905204773,1.526215533350791,47.61036810762177,0.020385673202609755,-0.2114331561528432,0.008852509336634052
2016-09-14,1.500249981880188,1.5149999856948853,1.4877500534057615,1.5099999904632568,319048000,1.5444624781608582,1.4528399896621704,1.5246711959329307,49.91975397292272,0.017005988455599308,-0.3237184378762442,0.03791392268195956
2016-09-15,1.5125000476837158,1.569000005722046,1.508999943733215,1.5672500133514404,515212000,1.5463874816894532,1.4603599905967712,1.5287263214013602,58.44357014326239,0.018731240255083215,0.6148416539204131,0.002392704794674028
2016-09-16,1.5727499723434448,1.5812499523162842,1.5529999732971191,1.5709999799728394,902444000,1.547312480211258,1.4673349905014037,1.5327523841224535,58.93658398983801,0.02016861446943352,0.751597400681661,0.013208176983379534
2016-09-19,1.587499976158142,1.631500005722046,1.5802500247955322,1.5917500257492063,417128000,1.5490749835968018,1.473744990825653,1.5383712071345252,61.64793637223221,0.02272019490478061,-0.5377796295393398,-0.009109484341100715
2016-09-20,1.6100000143051147,1.6100000143051147,1.56850004196167,1.5772500038146973,331112000,1.5497874855995177,1.4792799901962281,1.542073949675494,58.729684064313986,0.023303679878954542,-0.20621008419477949,0.02805516648411465
2016-09-21,1.5820000171661377,1.624500036239624,1.5817500352859497,1.621500015258789,336212000,1.552224987745285,1.485309989452362,1.549638336873903,64.28583689799754,0.027025172667605846,0.015402643214380562,0.0024668198975924946
2016-09-22,1.63100004196167,1.6360000371932983,1.6162500381469729,1.625499963760376,308732000,1.5560749888420105,1.491429989337921,1.5568632537202338,64.74784307336665,0.029951977181147615,-0.08173414393299461,-0.001076587148336255
2016-09-23,1.627500057220459,1.63224995136261,1.6165000200271606,1.6237499713897705,276132000,1.560349988937378,1.4972449898719788,1.5632334173078088,64.35559568901053,0.03176412403619744,-0.10559320057525623,-0.009391820073148803
2016-09-26,1.6052500009536743,1.6150000095367432,1.5882500410079956,1.6085000038146973,230040000,1.563237488269806,1.5030649900436401,1.5675445207846554,60.89362016567198,0.03160539126380946,-0.16692016861501024,0.03419331514919221
2016-09-27,1.6022499799728394,1.6660000085830688,1.6015000343322754,1.66349995136261,402752000,1.5689249873161315,1.509849989414215,1.5766831332206512,67.65226459491528,0.03550831278483413,0.750791166753608,0.0036068783511264495
2016-09-28,1.6660000085830688,1.6707500219345093,1.6482499837875366,1.6694999933242798,319788000,1.5753624856472015,1.5164799880981445,1.5855228341829015,68.295993236018,0.038640139970216536,-0.20599276974416014,0.009284186593135587
2016-09-29,1.6667499542236328,1.690250039100647,1.6512500047683716,1.684999942779541,336684000,1.5829374849796296,1.5230699872970581,1.5949968445254386,69.95914513183386,0.04188997045695886,0.052835003189613206,0.016617280296210686
2016-09-30,1.694249987602234,1.7297500371932983,1.684249997138977,1.7130000591278076,429932000,1.5896499872207641,1.5307199883460998,1.6062352459161404,72.74104331064652,0.046192382877978,0.27695999809910776,-0.0010216646348430996
2016-10-03,1.7130000591278076,1.7377500534057615,1.7082500457763672,1.7112499475479126,242596000,1.5970499873161317,1.537609987258911,1.6162366460715474,72.29043379390035,0.04889719985812424,-0.4357340230548087,-0.0021913611315356562
2016-10-04,1.7137500047683716,1.7424999475479126,1.69474995136261,1.7074999809265137,281624000,1.6035249888896943,1.543919987678528,1.6249283922482107,71.2716454524748,0.05015998277752187,0.16087651898629818,-0.0010248857336185141
2016-10-05,1.722000002861023,1.7395000457763672,1.7005000114440918,1.7057499885559082,305440000,1.6110749900341035,1.5497199869155884,1.632625687134658,70.77040254768444,0.05043811834831202,0.08456665625088777,-0.013044078679040158
2016-10-06,1.6852500438690186,1.6957499980926514,1.656499981880188,1.683500051498413,360212000,1.6169499933719635,1.5553599882125855,1.6374708646931109,64.554094063643,0.04830631370718419,0.1793216343635411,-0.007276546141251709
2016-10-07,1.69474995136261,1.6992499828338623,1.6664999723434448,1.6712499856948853,286260000,1.6261124908924103,1.5606949877738954,1.640687923836137,61.358511617764016,0.045108383867760615,-0.20530132255449574,0.003739730079494497
2016-10-10,1.6799999475479126,1.6890000104904177,1.6617499589920044,1.6775000095367432,287876000,1.6340499937534332,1.5656949877738953,1.6441938367600042,62.381694809929215,0.04258740502519509,0.005645217634318467,-0.014456053877624114
2016-10-11,1.6720000505447388,1.6744999885559082,1.6404999494552612,1.653249979019165,388540000,1.6418749928474425,1.5703949880599977,1.645056326498972,56.167305714638346,0.03819247722947283,0.3496783337270213,0.004536550761994874
2016-10-12,1.6464999914169312,1.6694999933242798,1.6327500343322754,1.6607500314712524,419920000,1.6494124948978424,1.5755899882316589,1.6465509650677606,57.574973240024505,0.034912210608153416,0.08076388531425338,-0.016257756499517304
2016-10-13,1.6412500143051147,1.6449999809265137,1.5924999713897705,1.6337499618530271,390116000,1.6527374923229217,1.5801699876785278,1.6453318219044526,51.20027690424589,0.0297904894896186,-0.07097542389026479,0.009793440121510068
2016-10-14,1.653749942779541,1.6649999618530271,1.6399999856948853,1.649749994277954,330636000,1.6566749930381774,1.5845499873161315,1.6457526002257385,54.42084640007151,0.0267146081287708,-0.1524674712136903,-0.005758464455724236
2016-10-17,1.649500012397766,1.6649999618530271,1.6380000114440918,1.6402499675750732,195328000,1.6590999901294707,1.5882549858093262,1.6452285399732942,52.217318615951754,0.023242452703047478,-0.4092355339406477,0.015241564793384234
2016-10-18,1.662999987602234,1.6747499704360962,1.65625,1.665249943733215,269372000,1.6634999871253968,1.5921899843215943,1.647135340331382,57.13596642854099,0.022251531847041317,0.3790751965923984,-0.0021017774264951053
2016-10-19,1.6540000438690186,1.6694999933242798,1.6454999446868896,1.6617499589920044,199060000,1.6655124843120575,1.5959799838066102,1.6485272087752507,56.26277869312949,0.02094238958053496,-0.26102193249483985,0.018955909527625603
2016-10-20,1.681249976158142,1.6987500190734863,1.6575000286102295,1.6932499408721924,312084000,1.6688999831676483,1.6005899834632873,1.652786516594007,61.90550636489338,0.022190867674648507,0.5677886064503166,-0.002805193744583396
2016-10-21,1.687250018119812,1.691499948501587,1.6725000143051147,1.6885000467300415,279508000,1.672137486934662,1.60450998544693,1.6561878051783911,60.635164034682575,0.0225372237122623,-0.10438215352276947,0.04693513525153089
2016-10-24,1.7000000476837158,1.7697499990463257,1.6997499465942385,1.7677500247955322,339836000,1.6800999879837035,1.6083449864387511,1.6668127784752618,71.23957753346215,0.02887368639410992,0.21583639824262635,0.016404991799156273
2016-10-25,1.7647500038146973,1.8075000047683716,1.756250023841858,1.7967499494552612,397460000,1.6867624878883363,1.6127899861335755,1.6791877471400236,73.99976100064929,0.03582249090238343,0.1695641427041279,0.004035102699792875
2016-10-26,1.781749963760376,1.8237500190734863,1.7799999713897705,1.8040000200271609,333792000,1.6934874892234801,1.6175699853897094,1.691074630272132,74.65465490135425,0.041436830652180845,-0.16018718864791426,-0.020510010903949483
2016-10-27,1.8177499771118164,1.8212499618530271,1.7597500085830688,1.7669999599456787,388664000,1.697587490081787,1.6223349857330323,1.698305614050565,65.5766996078799,0.042411743547634106,0.16438979963570133,-0.0016977373172309713
2016-10-28,1.7755000591278076,1.8025000095367432,1.7607500553131104,1.7640000581741333,290856000,1.7001374900341033,1.62656498670578,1.704562227776619,64.88775675941626,0.042452931075998235,-0.251651812362349,0.008503392970639307
2016-10-31,1.7697499990463257,1.7907500267028809,1.7687499523162842,1.7790000438690186,252388000,1.7035249948501587,1.631014988422394,1.7116515435949429,66.76777291608809,0.04319798647614892,-0.13225788706438923,-0.029651484045053203
2016-11-01,1.7855000495910645,1.7952500581741333,1.7072499990463257,1.7262500524520874,473224000,1.7044624984264374,1.634279990196228,1.7130418777718137,55.511336542519466,0.03908145807006003,0.8749861324627162,-0.004199895931415557
2016-11-02,1.7395000457763672,1.7630000114440918,1.715999960899353,1.718999981880188,295848000,1.7051249980926513,1.637204990386963,1.7136093162583255,54.15983699929058,0.03483253180234547,-0.37482460737409773,-0.0116346603474878
2016-11-03,1.7269999980926514,1.7285000085830688,1.6660000085830688,1.6990000009536743,309664000,1.7058999955654144,1.640214991569519,1.7122179528959778,50.506784055343694,0.029511208962535562,0.04669965658040609,-0.00573867485438246
2016-11-04,1.687749981880188,1.718250036239624,1.6644999980926514,1.6892499923706057,328780000,1.7067999958992004,1.6432349920272826,1.7100305280840375,48.77945275971799,0.02422799284537369,0.061731425028418,0.054758012021631344
2016-11-07,1.7387499809265137,1.7929999828338623,1.7374999523162842,1.781749963760376,487580000,1.712012493610382,1.6478549909591675,1.716860950529403,62.042533794149385,0.02719153357275994,0.48299774925482075,-0.001543381477361575
2016-11-08,1.78849995136261,1.7942500114440918,1.7625000476837158,1.7790000438690186,429884000,1.7182999968528747,1.652439992427826,1.7227789594188903,61.53241969189086,0.028984154110600846,-0.11833135075269696,-0.016863456919211216
2016-11-09,1.7307499647140503,1.7725000381469729,1.718000054359436,1.7489999532699585,456532000,1.7227124929428101,1.6566049909591676,1.7252761969285157,56.11213833716524,0.027665155519974505,0.06198881558746083,-0.031303583265032665
2016-11-10,1.78725004196167,1.787500023841858,1.6690000295639038,1.694249987602234,869280000,1.7257374942302703,1.6598199915885925,1.7223213198498222,47.83127263634356,0.021948961009437662,0.904094346069936,0.2980669906607602
2016-11-11,1.9877500534057615,2.219249963760376,1.962499976158142,2.1992499828338623,2175344000,1.7532124936580658,1.6722299909591676,1.7677430972768735,78.84413684109775,0.05750523033151822,1.502466408982146,-0.04922128160516495
2016-11-14,2.2022500038146973,2.204750061035156,2.0905001163482666,2.0910000801086426,1348796000,1.7757499992847443,1.682784993648529,1.7985294765941848,69.32991782359497,0.07607205616040691,-0.3799619738303459,0.03048781739258337
2016-11-15,2.107249975204468,2.1862499713897705,2.098249912261963,2.154750108718872,626092000,1.8002250075340271,1.6943199968338012,1.8324552510822503,71.51028389726295,0.09483726892219924,-0.53581416314995,0.0631163295612357
2016-11-16,2.183500051498413,2.313999891281128,2.158750057220459,2.290750026702881,987984000,1.831675010919571,1.7090399980545044,1.8761023725699293,75.51013490818254,0.11930758840184708,0.5780172881940673,0.008294249998594936
2016-11-17,2.3077499866485596,2.3697500228881836,2.266249895095825,2.3097500801086426,832988000,1.8625000178813935,1.723914999961853,1.917402154240283,76.01673453592954,0.13863553426696695,-0.15688108309446303,0.010498984598557732
2016-11-18,2.3097500801086426,2.3582499027252197,2.2950000762939453,2.3340001106262207,576060000,1.8947750210762024,1.7408350014686584,1.9570781500865628,76.67979478529145,0.15413309503714445,-0.30844141812367043,-0.004070276886290278
2016-11-21,2.352250099182129,2.358750104904175,2.309999942779541,2.32450008392334,436436000,1.9226125240325929,1.7569500041007995,1.992070715213875,75.79572487650015,0.16376071920799795,-0.24237753011839047,0.007205789740360177
2016-11-22,2.3324999809265137,2.3434998989105225,2.309499979019165,2.341249942779541,330368000,1.9498375236988068,1.7738400030136108,2.0253258797439386,76.31424300539919,0.1707736816528025,-0.2430321971606375,0.0034170360351424667
2016-11-23,2.3429999351501465,2.3812499046325684,2.319250106811523,2.349250078201294,443236000,1.9771000266075134,1.7906250047683716,2.056175803406544,76.57239214415799,0.17496021651752924,0.3416432584269662,0.0020219275059372493
2016-11-25,2.3605000972747803,2.377500057220459,2.335249900817871,2.3540000915527344,195564000,2.0064500331878663,1.8063600063323975,2.0845400213252288,76.73452740152423,0.1766253350234268,-0.5587813264265538,-0.0005310231782552541
2016-11-28,2.346750020980835,2.368499994277954,2.3399999141693115,2.352750062942505,278736000,2.0358875334262847,1.8219950079917908,2.1100838348125883,76.58431728928127,0.17581737333665126,0.42529299871141935,-0.00913828925769159
2016-11-29,2.3499999046325684,2.361000061035156,2.3132500648498535,2.331249952316284,444568000,2.0635000288486482,1.8367850065231324,2.131147274574845,73.90462223819145,0.17146562959094158,0.5949428850238219,-0.01126000475967867
2016-11-30,2.3399999141693115,2.3540000915527344,2.302500009536743,2.305000066757202,440500000,2.0924375295639037,1.8513400077819824,2.147704683354117,70.65409170474408,0.16400811151661632,-0.009150456173183885,-0.04945773480014369
2016-12-01,2.302500009536743,2.3042500019073486,2.1192500591278076,2.190999984741211,1035524000,2.116037529706955,1.8627300071716308,2.151828045390983,58.59981109242384,0.14720226475606468,1.3507922814982973,0.009242392586498827
2016-12-02,2.15625,2.2200000286102295,2.128000020980835,2.211250066757202,478292000,2.1416500329971315,1.8744450092315674,2.157487285521099,59.90828457202572,0.13397316326965925,-0.5381159683406662,0.03877890875725296
2016-12-05,2.2497498989105225,2.3152499198913574,2.2249999046325684,2.296999931335449,602284000,2.1720375299453734,1.887910008430481,2.1707742041700846,64.95877164026385,0.12892216796011757,0.25923912588962383,0.016434482738577394
2016-12-06,2.3052499294281006,2.343250036239624,2.289249897003174,2.334749937057495,498796000,2.1996875286102293,1.9024350070953369,2.1863909406355524,66.93361907936804,0.1265070334252254,-0.17182591601304364,0.017989102235952247
2016-12-07,2.321000099182129,2.382499933242798,2.302500009536743,2.3767499923706055,480804000,2.2295750260353087,1.9167000079154968,2.204520374134129,69.0252252305586,0.1265235901715811,-0.0360708586275752,-0.016724560559472697
2016-12-08,2.3797500133514404,2.4154999256134033,2.3262500762939453,2.336999893188477,381544000,2.2589750230312347,1.9300500059127808,2.2171374711869243,64.84461029191564,0.12192374962303898,-0.2064458698346936,-0.017757747124898474
2016-12-09,2.3550000190734863,2.356750011444092,2.267750024795532,2.2955000400543213,382312000,2.289037525653839,1.9422600078582763,2.224600572983819,60.710436606066565,0.11361991191051057,0.0020128740066676087,-0.024286704698004005
2016-12-12,2.2462499141693115,2.2487499713897705,2.188499927520752,2.2397499084472656,601332000,2.291062521934509,1.9527950048446656,2.2260433668374806,55.58364269999264,0.10137193839602388,0.5728828809977191,0.017635896732789792
2016-12-13,2.2522499561309814,2.3072500228881836,2.2512500286102295,2.279249906539917,387796000,2.300475013256073,1.9641550040245057,2.231110656332951,58.27234281708211,0.09377170898441767,-0.35510500023281644,0.057913881019474436
2016-12-14,2.313499927520752,2.4277501106262207,2.289249897003174,2.411250114440918,983980000,2.3133000135421753,1.9782300066947938,2.2482667952003763,65.73667781178061,0.0972784209419637,1.5373650063435416,0.023431811449153787
2016-12-15,2.422499895095825,2.498500108718872,2.4149999618530273,2.467750072479248,746548000,2.3221500158309936,1.9934700083732606,2.2691699644650307,68.34670060094217,0.10342437800643811,-0.24129758734933637,0.01722217316390889
2016-12-16,2.4957499504089355,2.5174999237060547,2.4432499408721924,2.5102500915527344,1089528000,2.3321750164031982,2.010005009174347,2.2921299765686216,70.18643218335826,0.11045127605419403,0.4594212294453941,0.012150157967440015
2016-12-19,2.492500066757202,2.5612499713897705,2.4749999046325684,2.540750026702881,744656000,2.342512512207031,2.027395009994507,2.3158080765814084,71.46805810734017,0.11713101976678697,-0.31653339794846946,0.03483224321875917
2016-12-20,2.614500045776367,2.653249979019165,2.6029999256134033,2.6292500495910645,848056000,2.3577500104904177,2.0464300107955933,2.3456596930585185,74.84690088918926,0.12808944165500646,0.13885606239659665,0.006275552295936642
2016-12-21,2.6410000324249268,2.648750066757202,2.592750072479248,2.645750045776367,576136000,2.3729750156402587,2.066280012130737,2.3742397266506945,75.43108241832863,0.13653163010466152,-0.3206392030714953,0.012094893431425204
2016-12-22,2.6705000400543213,2.721750020980835,2.663249969482422,2.6777501106262207,718612000,2.3894000172615053,2.0866200137138367,2.4031454775055066,76.56772138267937,0.1441426760278306,0.24729577738589503,0.024927572930573117
2016-12-23,2.6594998836517334,2.746000051498413,2.656749963760376,2.744499921798706,647692000,2.408925008773804,2.1088350129127504,2.4356554245810496,78.77366954991822,0.15378786587851367,-0.09869025287637834,0.06868288260536394
2016-12-27,2.801500082015991,2.934000015258789,2.7804999351501465,2.933000087738037,1194272000,2.4379375100135805,2.1345000147819517,2.4830215829769533,83.49819853387284,0.17462912055579283,0.8438887619424047,-0.06878623730622292
2016-12-28,2.990000009536743,2.9982500076293945,2.717250108718872,2.731250047683716,2295764000,2.457937514781952,2.1563200163841247,2.506662389139502,66.45041662188734,0.17287364315552978,0.9223125050239811,0.019954183478904333
2016-12-29,2.622499942779541,2.78725004196167,2.569999933242798,2.785749912261963,2175368000,2.4819750070571898,2.1787300157546996,2.533242153246403,68.33140473786992,0.1738757666612174,-0.052442672678899016,-0.042089192985927594
2016-12-30,2.783750057220459,2.7980000972747803,2.6575000286102295,2.6684999465942383,1212932000,2.505850005149841,2.1988650155067444,2.546123847850959,60.47575351955087,0.16332614232709464,-0.4424244541613189,-0.04431324547688184
2017-01-03,2.609999895095825,2.659250020980835,2.484499931335449,2.5502500534057617,1501996000,2.5228000044822694,2.216005017757416,2.5465168198085593,53.76276153482435,0.14376646064484566,0.2383183888297118,0.02333103726032868
2017-01-04,2.5850000381469727,2.637500047683716,2.538249969482422,2.6097500324249268,1199220000,2.538437509536743,2.2344300174713134,2.5525390305339277,56.38613518613868,0.13154999656318989,-0.20158242764960754,-0.025385605903845986
2017-01-05,2.6132500171661377,2.6454999446868896,2.526249885559082,2.5434999465942383,984296000,2.5488750100135804,2.249945015907288,2.5516781653968144,52.794352533533534,0.11519464040373872,-0.17921982622037658,0.013367469637836218
2017-01-06,2.5712499618530273,2.606250047683716,2.5299999713897705,2.577500104904175,822856000,2.558912515640259,2.2655600190162657,2.5541373977308486,54.399755527850886,0.1037801188288503,-0.16401570259352882,0.04054308928860986
2017-01-09,2.5875000953674316,2.700000047683716,2.5875000953674316,2.681999921798706,916248000,2.5761625170707703,2.2831200170516968,2.5663147809754063,59.01346829365526,0.10199060590758835,0.1134973798574721,-0.007550277474964048
2017-01-10,2.6952500343322754,2.729749917984009,2.640749931335449,2.661750078201294,880920000,2.5944750189781187,2.301015019416809,2.5754038569016813,57.79321204050467,0.09781090762352873,-0.03855724650967862,-0.012303983746602642
2017-01-11,2.6500000953674316,2.6549999713897705,2.603749990463257,2.628999948501587,525664000,2.613937520980835,2.318315017223358,2.5805082465778626,55.78417943127791,0.0908090150588503,-0.4032783907732824,-0.016356022699190384
2017-01-12,2.60575008392334,2.617500066757202,2.5404999256134033,2.5859999656677246,625616000,2.6292750239372253,2.3344550156593322,2.5810312674435636,53.170680576577794,0.08085814316463358,0.19014427466975103,-9.66212970671564e-05
2017-01-13,2.5899999141693115,2.625,2.576499938964844,2.585750102996826,457820000,2.638000023365021,2.351645016670227,2.581480680353398,53.1550967553598,0.07212048362516521,-0.2682092529602823,-0.02243066244909603
2017-01-17,2.575000047683716,2.5799999237060547,2.5142500400543213,2.527750015258789,580612000,2.6410000205039976,2.3678200173377992,2.5763634741539114,49.526401725581756,0.05982606549263103,0.2682102136210738,0.018198003575123238
2017-01-18,2.50600004196167,2.580749988555908,2.477750062942505,2.5737500190734863,654424000,2.6441750168800353,2.3853150177001954,2.5761145736700612,52.30721689435709,0.05318142406355442,0.1271279270838357,0.021466703844062438
2017-01-19,2.5767500400543213,2.6614999771118164,2.57450008392334,2.628999948501587,644872000,2.6485875129699705,2.404110016822815,2.5811512760349684,55.479871600260225,0.051776854077048906,-0.01459604170996176,-0.01093569545177329
2017-01-20,2.6519999504089355,2.6700000762939453,2.578000068664551,2.600250005722046,492024000,2.6471375107765196,2.4204800176620482,2.582970202671833,53.48598665546486,0.04779291515846085,-0.23702068007294474,0.010383597865405297
2017-01-23,2.5950000286102295,2.6475000381469727,2.5924999713897705,2.6272499561309814,369904000,2.6462125062942503,2.437445015907288,2.587187322048895,55.11736124803974,0.04628078908496969,-0.248199274832122,0.021315061457046314
2017-01-24,2.637500047683716,2.689500093460083,2.622499942779541,2.6832499504089355,428052000,2.646487498283386,2.456130015850067,2.59633614379747,58.3779988842197,0.04903589453577517,0.15719754314632994,0.0042858922483949785
2017-01-25,2.726249933242798,2.7325000762939453,2.658250093460083,2.6947500705718994,522760000,2.644000005722046,2.4761400175094606,2.605708898728368,59.03614758266913,0.051553027827488496,0.22125349256632365,0.017255762633751292
2017-01-26,2.697499990463257,2.7487499713897705,2.6675000190734863,2.7412500381469727,458800000,2.6344125032424928,2.4869800186157227,2.618617578672997,61.67501754756976,0.05664704103550333,-0.1223506006580457,0.019334235315851014
2017-01-27,2.7482500076293945,2.7972500324249268,2.721250057220459,2.794250011444092,471996000,2.6375625014305113,2.5010450172424314,2.635344477032149,64.48340008842783,0.06422044479727385,0.02876198779424577,-0.015657170083039715
2017-01-30,2.7730000019073486,2.77524995803833,2.6977500915527344,2.750499963760376,496004000,2.635800004005432,2.5129600143432618,2.646311666244361,60.539714941624,0.0659321340284813,0.05086483783760887,-0.007634942273751341
2017-01-31,2.723750114440918,2.7512500286102295,2.7049999237060547,2.7295000553131104,362756000,2.638850009441376,2.5217350149154663,2.6542343699651942,58.68447086806722,0.06484663136735502,-0.268642994814558,0.04368934116549341
2017-02-01,2.7644999027252197,2.8529999256134033,2.746500015258789,2.848750114440918,590004000,2.6537750124931336,2.5325150156021117,2.672759678962882,65.20526007118511,0.07276999859897737,0.6264486321384071,0.012637042031300267
2017-02-02,2.8324999809265137,2.8935000896453857,2.801500082015991,2.8847498893737793,483240000,2.6675250053405763,2.543530011177063,2.692949222811539,66.90348411420541,0.08102025413293878,-0.1809547053918279,-0.008752910653135108
2017-02-03,2.8862500190734863,2.8975000381469727,2.8475000858306885,2.859499931335449,372744000,2.683325004577637,2.5542300081253053,2.7088111950519114,64.52471102255069,0.08454658014500271,-0.228656568164887,0.025616386456390285
2017-02-06,2.8499999046325684,2.9332499504089355,2.8499999046325684,2.9327499866485596,506768000,2.701087498664856,2.5660600090026855,2.730138699013497,68.07134878985588,0.09218918664501574,0.35956044899448414,0.015514462624315646
2017-02-07,2.9674999713897705,3.0230000019073486,2.947499990463257,2.978250026702881,746224000,2.7159000039100647,2.578640007972717,2.7537683492696288,70.07280205739352,0.10075602756366075,0.47251602311116714,-0.004364983237651027
2017-02-08,2.9600000381469727,2.982749938964844,2.9094998836517334,2.965250015258789,449580000,2.7310750007629396,2.5908650064468386,2.7739094603162155,68.74683052285472,0.10528268517602068,-0.3975267480006004,-0.018801157177362034
2017-02-09,2.9714999198913574,2.9765000343322754,2.890000104904175,2.9094998836517334,842568000,2.745099997520447,2.602000002861023,2.7868228339672174,63.221756276546984,0.10318210516946014,0.8741225143467235,-0.02371533598993127
2017-02-10,2.9982500076293945,3.0174999237060547,2.815000057220459,2.8405001163482666,1651092000,2.7578250050544737,2.6121850061416625,2.791934956098746,57.10468436557011,0.09485623221510409,0.9595949525735608,-0.04611865396790863
2017-02-13,2.834749937057495,2.8494999408721924,2.7049999237060547,2.7095000743865967,1180724000,2.7640125036239622,2.6202750062942504,2.784084014983303,47.67356663764112,0.07680198387825188,-0.28488297441935395,0.003690714223553115
2017-02-14,2.6997499465942383,2.7537500858306885,2.657249927520752,2.7195000648498535,850632000,2.7736000061035155,2.6308450078964234,2.7779331625896413,48.374486950028995,0.06257940127091244,-0.27956745183463705,0.0020223716313897185
2017-02-15,2.7225000858306885,2.744999885559082,2.694000005722046,2.7249999046325684,373020000,2.7811625003814697,2.6411200046539305,2.772891899927063,48.78085074590207,0.05116193030741911,-0.5614789944417797,-0.016054976438993975
2017-02-16,2.7347500324249268,2.736000061035156,2.6414999961853027,2.6812500953674316,647176000,2.783775007724762,2.64880500793457,2.764164109016622,45.699288959681994,0.038143563083447685,0.7349632727467696,-0.0001865555845830516
2017-02-17,2.6675000190734863,2.6852500438690186,2.6197500228881836,2.680749893188477,563740000,2.7878000020980833,2.65572500705719,2.7562198979853703,45.66377105132859,0.027469400975365765,-0.12892319863530166,0.035810947822281815
2017-02-21,2.705749988555908,2.780750036239624,2.7054998874664307,2.776750087738037,551952000,2.7952750086784364,2.663725008964539,2.758175154152291,53.18418498047411,0.026451547025974964,-0.020910348742328,-0.002791044958096546
2017-02-22,2.7855000495910645,2.7950000762939453,2.7497498989105225,2.7690000534057617,433772000,2.7995625138282776,2.6723650121688842,2.759206096938336,52.55183669279571,0.024734404617171357,-0.21411282140475985,-0.09272304148052682
2017-02-23,2.637500047683716,2.659749984741211,2.492000102996826,2.5122499465942383,1592888000,2.7904375076293944,2.6767000102996827,2.7356864635722316,36.899327194731086,0.0026257015641446557,2.6721780105677637,0.009652714114076495
2017-02-24,2.4267499446868896,2.549999952316284,2.3924999237060547,2.5364999771118164,1029904000,2.7802000045776367,2.6826350116729736,2.716716322004573,38.75479950374812,-0.012791379037982775,-0.3534360231227808,0.029075505515068732
2017-02-27,2.555000066757202,2.625499963760376,2.5390000343322754,2.6102499961853027,715400000,2.7710000038146974,2.6892550134658815,2.7065766719265474,44.13495888149658,-0.018841325235634088,-0.30537215119079064,-0.028062467357594163
2017-02-28,2.619999885559082,2.630000114440918,2.5195000171661377,2.5369999408721924,625360000,2.760325002670288,2.691770009994507,2.690426507064228,40.34413193460102,-0.029209904871470904,-0.12585965893206597,0.012908998999995208
2017-03-01,2.594749927520752,2.609250068664551,2.527750015258789,2.5697500705718994,504804000,2.7523375034332274,2.6938100099563598,2.6789335131125775,42.71329433639739,-0.03438801355744614,-0.19277855954969936,-0.03687135454314604
2017-03-02,2.5567500591278076,2.571000099182129,2.472249984741211,2.4749999046325684,754332000,2.73364999294281,2.6931050062179565,2.65951126468591,38.0101058923763,-0.045611467918456494,0.49430670121472886,-0.005757495832250415
2017-03-03,2.464250087738037,2.469249963760376,2.4054999351501465,2.460750102996826,864692000,2.7124500036239625,2.6915050077438356,2.6405816302393306,37.3441199473729,-0.05502172012188922,0.14630162846067774,-0.007721244584170693
2017-03-06,2.424000024795532,2.452500104904175,2.3792500495910645,2.4417500495910645,883568000,2.6915625095367433,2.6877550077438355,2.62164528922521,36.42763024357031,-0.06328307046609893,0.02182973821892653,0.01095519556718673
2017-03-07,2.4417500495910645,2.4882500171661377,2.4287500381469727,2.4684998989105225,603400000,2.668350005149841,2.6842100048065185,2.6070600139571445,38.7082788690132,-0.06690057269358762,-0.31708708328051716,-0.0018229339462192955
2017-03-08,2.5174999237060547,2.5325000286102295,2.461750030517578,2.4639999866485596,638712000,2.6426375031471254,2.6799350023269652,2.593435249451565,38.4583319360986,-0.0693313657566077,0.05852171030825315,-0.00020290737138193272
2017-03-09,2.4477500915527344,2.4862499237060547,2.434999942779541,2.4635000228881836,478060000,2.617550003528595,2.6743150043487547,2.581060465969338,38.42864139281289,-0.07048561537083708,-0.2515249439496988,0.005885895104729969
2017-03-10,2.4902501106262207,2.5022499561309814,2.4595000743865967,2.4779999256134033,499740000,2.5959750056266784,2.665215001106262,2.57124517641163,39.878314539902185,-0.06942999971876773,0.04534995607245951,0.027542446061162355
2017-03-13,2.4885001182556152,2.5562500953674316,2.4877500534057617,2.546250104904175,774136000,2.581262505054474,2.6615150022506713,2.56886469341092,46.28865079045477,-0.06236726660385106,0.5490775203105616,-0.0006872821987262432
2017-03-14,2.5592501163482666,2.5687499046325684,2.5117499828338623,2.5445001125335693,522016000,2.5730125069618226,2.6566900062561034,2.5665442571368864,46.15276799946847,-0.05626264869319453,-0.32567920882118906,0.007565303684539017
2017-03-15,2.5562500953674316,2.5747499465942383,2.507999897003174,2.5637500286102295,615036000,2.5652250051498413,2.6545950078964236,2.5662781401343477,47.96237703054658,-0.04930305276627189,0.178193771838411,0.012286635716967321
2017-03-16,2.57450008392334,2.595750093460083,2.5602500438690186,2.595249891281128,523100000,2.558737504482269,2.6554950046539307,2.569037354529279,50.87186238717353,-0.04077571018577597,-0.14948068080567645,0.021770618947610565
2017-03-17,2.61299991607666,2.6530001163482666,2.595249891281128,2.651750087738037,1119688000,2.5572625041007995,2.6563350057601927,2.576914757692018,55.660535083611926,-0.029122925139699607,1.1404855668132288,0.03186568612131039
2017-03-20,2.6695001125335693,2.7402501106262207,2.653249979019165,2.7362499237060547,748568000,2.5600375056266786,2.660190005302429,2.5920895354076405,61.67692283411335,-0.012920637403704305,-0.3314494752109516,-0.032343545127747925
2017-03-21,2.71875,2.749000072479248,2.6397500038146973,2.647749900817871,913484000,2.55358749628067,2.6615950012207032,2.597390522589567,53.49049908397093,-0.007139124480215919,0.2203086426350045,0.020394728074494474
2017-03-22,2.6364998817443848,2.7065000534057617,2.632499933242798,2.7017500400543213,616764000,2.5502249956130982,2.6619900035858155,2.607329524252877,57.22156242255633,0.0017796118459973975,-0.324822328579373,-0.009068245116621916
2017-03-23,2.6937499046325684,2.7139999866485596,2.6675000190734863,2.6772499084472656,533940000,2.5584749937057496,2.6623000001907347,2.6139886084618666,55.06326580871043,0.0067925188469288855,-0.1342879934626534,0.003548427314501478
2017-03-24,2.724250078201294,2.732249975204468,2.6605000495910645,2.6867499351501465,439500000,2.565987491607666,2.6634549999237063,2.6209182586226554,55.76006397611257,0.01140043935276669,-0.17687380604562308,0.0072578459614061385
2017-03-27,2.6394999027252197,2.710249900817871,2.5894999504089355,2.706249952316284,506644000,2.570787489414215,2.665859999656677,2.6290450865934774,57.22621277522203,0.016436270869422565,0.152773606370876,-0.0051731876994071365
2017-03-28,2.7074999809265137,2.722249984741211,2.6817500591278076,2.6922500133514404,432444000,2.5785499930381777,2.6679899978637693,2.635064603427569,55.79650786306736,0.01907761073434333,-0.14645392030696114,-0.0032500554590526223
2017-03-29,2.6997499465942383,2.712249994277954,2.6812500953674316,2.683500051498413,349992000,2.5842374920845033,2.671104998588562,2.6396775032438398,54.87376464698978,0.0202316252301582,-0.19066514970724535,0.01919129592289578
2017-03-30,2.6907498836517334,2.75,2.684999942779541,2.734999895095825,525532000,2.597237491607666,2.674329996109009,2.648755826277362,59.15525049789071,0.025013457441428688,0.5015543212416285,-0.004296154765830667
2017-03-31,2.725250005722046,2.7472500801086426,2.7100000381469727,2.723249912261963,440808000,2.610362482070923,2.6762149953842163,2.655850501133038,57.80763312095043,0.027537532965603795,-0.16121568239422146,-0.00504905473913903
2017-04-03,2.723750114440918,2.7412500381469727,2.685499906539917,2.7095000743865967,445232000,2.6237499833106996,2.6783999967575074,2.6609599843000438,56.19434857223556,0.028104413811118167,0.010036115496996345,-0.0701236582410772
2017-04-04,2.5850000381469727,2.6105000972747803,2.508500099182129,2.5195000171661377,1271280000,2.6262999892234804,2.6762449979782104,2.647487606477767,39.70477664600452,0.01307157328433517,1.8553203723002838,-0.007441933791837634
2017-04-05,2.500499963760376,2.5592501163482666,2.487499952316284,2.5007500648498535,747048000,2.628137493133545,2.672595000267029,2.633512602513204,38.50402285623278,-0.00035097971526187877,-0.41236548989994337,0.007297805891291237
2017-04-06,2.50600004196167,2.53125,2.460249900817871,2.5190000534057617,635120000,2.630912494659424,2.669079999923706,2.622606645455352,40.39354343413179,-0.009407385631110543,-0.1498270526124158,-0.004267588362523439
2017-04-07,2.5255000591278076,2.54325008392334,2.493000030517578,2.5082499980926514,429068000,2.632424998283386,2.66441999912262,2.611715536182714,39.621278718233285,-0.017253207947637517,-0.3244300289709031,-0.025515754541929957
2017-04-10,2.509000062942505,2.515749931335449,2.440000057220459,2.444250106811523,756332000,2.6273249983787537,2.6574200010299682,2.595766447671172,35.294945405967425,-0.028309006412384097,0.7627322475691498,0.0035798144505113445
2017-04-11,2.413749933242798,2.4725000858306885,2.408750057220459,2.453000068664551,618148000,2.622749996185303,2.651470003128052,2.5821696496705413,36.31874443255314,-0.03595034436187383,-0.18270283420508449,-0.008255230920974108
2017-04-12,2.453000068664551,2.4674999713897705,2.427500009536743,2.4327499866485596,414092000,2.616199994087219,2.6455350017547605,2.5679392055732095,34.94085202984107,-0.04314284822258596,-0.3301086471201071,-0.01870313032742165
2017-04-13,2.408250093460083,2.4302499294281006,2.3872499465942383,2.3872499465942383,506892000,2.6057999968528747,2.636304998397827,2.5507307047180694,32.00290750212437,-0.05191597725485542,0.22410478830791236,0.03916646326141643
2017-04-17,2.40024995803833,2.4809999465942383,2.3949999809265137,2.48075008392334,497292000,2.59724999666214,2.6282250022888185,2.54406588369,42.67064476888938,-0.050739175914797485,-0.018938945574205168,0.0006046120045902711
2017-04-18,2.466249942779541,2.4885001182556152,2.440000057220459,2.482249975204468,370116000,2.5845499992370606,2.6206800031661985,2.5381786543104257,42.82560340067162,-0.04911930688902366,-0.2557370719818537,0.003927939526539754
2017-04-19,2.5,2.524499893188477,2.4852499961853027,2.492000102996826,380828000,2.5767625093460085,2.611865005493164,2.533780697042464,43.887383176750355,-0.04651262658181565,0.028942277556225582,0.01585072089088179
2017-04-20,2.506750106811523,2.536250114440918,2.4852499961853027,2.5315001010894775,404016000,2.5682500123977663,2.602930006980896,2.533563497427894,48.09300481220772,-0.0407893002644264,0.06088838005608821,0.004147720246629247
2017-04-21,2.5209999084472656,2.544749975204468,2.509000062942505,2.5420000553131104,341896000,2.5614875197410583,2.5944650077819826,2.534366979131248,49.18331733630049,-0.035002774177242735,-0.15375628687972753,0.01249015069610814
2017-04-24,2.5739998817443848,2.586999893188477,2.5527501106262207,2.5737500190734863,371820000,2.5558375239372255,2.5877500104904176,2.5381177448400325,52.436717207094475,-0.027537518462214194,0.0875236914149331,0.017387071344472347
2017-04-25,2.5885000228881836,2.6332499980926514,2.5667500495910645,2.618499994277954,388440000,2.551450026035309,2.5833100080490112,2.5457731971674535,56.64941535510838,-0.017805054926012698,0.04469904792641599,-0.0068741216367252805
2017-04-26,2.6322500705718994,2.6347498893737793,2.5985000133514404,2.600500106811523,327004000,2.546862530708313,2.5811300086975097,2.5509852838002223,54.55629099781809,-0.011412887281854633,-0.15816084852229428,0.015573898846349514
2017-04-27,2.6080000400543213,2.649499893188477,2.589750051498413,2.6410000324249268,319700000,2.544737529754639,2.579560008049011,2.559558117002575,58.2905400943263,-0.003043954038418395,-0.02233611821262127,-0.012684572404273045
2017-04-28,2.634000062942505,2.6410000324249268,2.601749897003174,2.6075000762939453,348248000,2.5383625388145448,2.5772100114822387,2.5641240178874676,54.31476238473669,0.0008752302534080769,0.08929621520175157,0.02243521049593989
2017-05-01,2.618499994277954,2.671250104904175,2.6112499237060547,2.6659998893737793,307732000,2.5355000376701353,2.576905007362366,2.573826481838545,59.50852966298422,0.008602493858747007,-0.11634237669706649,-0.029632407900759036
2017-05-02,2.6387500762939453,2.640000104904175,2.563999891281128,2.586999893188477,629972000,2.5293750286102297,2.5750300073623658,2.5750810924433005,51.06561433133797,0.008256589650327939,1.0471449183055386,0.007441111437972655
2017-05-03,2.5799999237060547,2.615999937057495,2.565000057220459,2.606250047683716,336904000,2.5337125301361083,2.5716200065612793,2.5780495643709593,52.82209626224028,0.009427114749900767,-0.4652079774974126,-0.0038369267262533956
2017-05-04,2.612499952316284,2.6237499713897705,2.588249921798706,2.596250057220459,209788000,2.5384875297546388,2.568165006637573,2.57978294464234,51.78227023753338,0.009439041275290272,-0.3773062949682996,9.62398326014637e-05
2017-05-05,2.5845000743865967,2.603749990463257,2.5687499046325684,2.5964999198913574,228428000,2.5423625230789186,2.5698500061035157,2.5813750375231987,51.80779773835836,0.009360750062088474,0.08885160257021374,-0.010494825311211492
2017-05-08,2.6085000038146973,2.609999895095825,2.5577499866485596,2.569250106811523,365240000,2.545412528514862,2.5705050086975096,2.580220282217325,48.77498551174538,0.0070189613153246455,0.5989283275255222,0.0016541056712302228
2017-05-09,2.575000047683716,2.6232500076293945,2.566499948501587,2.573499917984009,847672000,2.5518750190734862,2.5697700071334837,2.5795802475284377,49.273725451325014,0.0054432546549492145,1.3208629941955974,0.17825918949168343
2017-05-10,2.857249975204468,3.0455000400543213,2.850500106811523,3.032249927520752,2129096000,2.5808375120162963,2.579675006866455,2.6226916456229437,76.20534894861643,0.040742137608811735,1.5116979208939307,0.04295489495429298
2017-05-11,3.0012500286102295,3.2607500553131104,2.9977500438690186,3.1624999046325684,1939792000,2.617325007915497,2.5915300035476685,2.6741019560048125,79.52860140002356,0.07832397128689639,-0.08891285315457831,0.010988137798931673
2017-05-12,3.165750026702881,3.240000009536743,3.1445000171661377,3.1972498893737793,962620000,2.657825005054474,2.605975003242493,2.723925568706619,80.31838195841121,0.10964792555777825,-0.5037509176241577,0.0501994073483261
2017-05-15,3.239000082015991,3.3602499961853027,3.234499931335449,3.357749938964844,1087540000,2.701674997806549,2.623914999961853,2.7842897944454976,83.48712396323579,0.14574335892191304,0.12977083376617982,0.01861365531563915
2017-05-16,3.4094998836517334,3.436000108718872,3.3340001106262207,3.420249938964844,1120700000,2.748574995994568,2.6434849977493284,2.844857427256864,84.53151557668471,0.17734811886336432,0.03049083252110263,-0.06644247198856133
2017-05-17,3.3524999618530273,3.371500015258789,3.1887500286102295,3.193000078201294,1271368000,2.783624994754791,2.657975001335144,2.8780138702039526,67.75225862927334,0.181960427715405,0.13444097439100555,0.04188849313413497
2017-05-18,3.237499952316284,3.335750102996826,3.1762499809265137,3.3267500400543213,1156032000,2.8233874917030333,2.6752300024032594,2.92075064828494,71.35606517915556,0.19416994952547428,-0.09071802971287624,0.022018502872525488
2017-05-19,3.4257500171661377,3.4554998874664307,3.380500078201294,3.4000000953674316,1018372000,2.8662874937057494,2.6939600038528444,2.966393452768987,73.12728585856466,0.2073663604896745,-0.11907974865747661,0.02132352600873145
2017-05-22,3.444250106811523,3.486999988555908,3.4332499504089355,3.4725000858306885,836608000,2.9112249970436097,2.71385000705719,3.014594084489149,74.788958467259,0.22112575452434013,-0.1784848758606874,-0.013462942407204368
2017-05-23,3.492500066757202,3.4947500228881836,3.392750024795532,3.4257500171661377,681248000,2.951587498188019,2.7314400053024293,3.0537517923631476,71.70973618790426,0.2256566047204318,-0.18570226438188497,0.011238435489740607
2017-05-24,3.5239999294281006,3.526750087738037,3.4519999027252197,3.464250087738037,815996000,2.9947749972343445,2.7498350048065188,3.092846868113137,72.70635493137004,0.229706061589539,0.19779581004274505,-0.0022371463191145453
2017-05-25,3.5,3.5007500648498535,3.4110000133514404,3.4565000534057617,608228000,3.0355499982833862,2.767690005302429,3.127480504807673,72.15530984583403,0.22964274373011628,-0.2546188951906627,0.025893229864339038
2017-05-26,3.4482500553131104,3.631999969482422,3.4277501106262207,3.5460000038146973,779140000,3.0824749946594237,2.786705007553101,3.167339504713104,74.55381821571149,0.2341157215796561,0.2809998881998199,0.021362129851122187
2017-05-30,3.5924999713897705,3.657249927520752,3.5762500762939453,3.6217501163482666,989652000,3.1302625060081484,2.8061050081253054,3.2106167058212147,76.40624513170837,0.24099494999345872,0.27018507585286344,-0.0035894280462395434
2017-05-31,3.667249917984009,3.674999952316284,3.5512499809265137,3.608750104904175,887316000,3.181350016593933,2.8235550117492676,3.2485341724005443,75.3918941643177,0.2426012397182089,-0.10340604576154044,6.923800862778675e-05
2017-06-01,3.6247498989105225,3.6257500648498535,3.562999963760376,3.6089999675750737,503340000,3.231487512588501,2.8427800130844116,3.282864248131452,75.39865438042385,0.24111497439119667,-0.4327387311848315,-0.00498750003550857
2017-06-02,3.6059999465942383,3.632499933242798,3.5850000381469727,3.5910000801086426,487456000,3.28122501373291,2.860565013885498,3.3122105178435652,73.82524978675724,0.235766884044891,-0.03155719791790834,0.030423232472516798
2017-06-05,3.57450008392334,3.713249921798706,3.5627501010894775,3.7002499103546143,817376000,3.336412513256073,2.881025013923645,3.349166650463665,76.96694485452453,0.23760506884681032,0.6768200617081337,-0.004526683132760605
2017-06-06,3.695499897003174,3.7422499656677246,3.6700000762939458,3.683500051498413,758728000,3.3921250104904175,2.90096001625061,3.3810079267526887,75.47126657388998,0.23500132097549065,-0.07175155619935014,0.01208086697240254
2017-06-07,3.708250045776367,3.746999979019165,3.692500114440918,3.7279999256134033,612612000,3.449850010871887,2.921395015716553,3.4140547837870425,76.76320687167279,0.23383311734786938,-0.19258021319893293,0.07255906343961656
2017-06-08,3.8364999294281006,4.0,3.794749975204468,3.998500108718872,1161744000,3.4981625199317934,2.9475200176239014,3.46971624330436,82.7209385006302,0.25183145541044993,0.8963781316722492,-0.06464926651332589
2017-06-09,4.118500232696533,4.212500095367432,3.5687499046325684,3.740000009536743,3692928000,3.527037525177002,2.968650016784668,3.4954575543741107,65.45074596482284,0.24244175275651347,2.1787794901458497,0.002473242136314611
2017-06-12,3.6470000743865967,3.7925000190734863,3.5527501106262207,3.7492499351501465,1697532000,3.5546375274658204,2.9889350175857543,3.5196282573051616,65.72648772785446,0.23306016493975168,-0.5403289747322451,0.009535280735854903
2017-06-13,3.859999895095825,3.869250059127808,3.641249895095825,3.785000085830689,1672504000,3.5760000348091125,3.010170021057129,3.5449017647837833,66.82841864586459,0.22590582565111017,-0.014743757407813196,0.002113579081047143
2017-06-14,3.788000106811523,3.8515000343322754,3.712500095367432,3.7929999828338623,1184640000,3.5946375370025634,3.0318400192260744,3.5685301665028386,67.08345448243143,0.21836431713005,-0.2916967612633512,0.004284242970721909
2017-06-15,3.674000024795532,3.839999914169311,3.662499904632568,3.8092501163482666,963824000,3.625450038909912,3.057635021209717,3.591455876011927,67.6279107291903,0.21126355253344498,-0.18639924365207994,-0.004922278706350249
2017-06-16,3.819000005722046,3.867500066757202,3.75600004196167,3.7904999256134033,924960000,3.648637533187866,3.0834300184249877,3.6104124521644483,66.26592536544146,0.20179697186456647,-0.04032271452049341,0.0375940284714749
2017-06-19,3.835249900817871,3.9382500648498535,3.8315000534057617,3.933000087738037,778176000,3.6752875328063963,3.111710019111633,3.641135084123838,71.03952982105267,0.20344798886767146,-0.15869226777374157,-0.0014620338577410383
2017-06-20,3.975749969482422,4.043499946594238,3.92300009727478,3.9272499084472656,1095444000,3.6980250239372254,3.1400900173187254,3.6683841150117833,70.6053536616885,0.20196432134699238,0.40770725388601026,0.015150545650579534
2017-06-21,3.955250024795532,3.990499973297119,3.8924999237060542,3.98674988746643,682652000,3.72607501745224,3.170940012931824,3.6987046647693687,72.47965686961079,0.2032467531389064,-0.37682620015263213,-0.00689782779094457
2017-06-22,3.994999885559082,4.008500099182129,3.934999942779541,3.959249973297119,469132000,3.750825011730194,3.201065011024475,3.7235185036767735,70.25010392775536,0.19974157973001772,-0.3127801573861938,-0.028667015369710936
2017-06-23,3.9670000076293945,3.9830000400543217,3.83049988746643,3.845750093460083,1088588000,3.77028751373291,3.2293250131607056,3.7351596074656603,61.80039654780313,0.18566498245992769,1.3204300708542585,-0.010921160837916596
2017-06-26,3.878999948501587,3.9149999618530273,3.708250045776367,3.8037500381469727,1063960000,3.783175015449524,3.2576550149917605,3.7416920294353093,58.973619070405974,0.16917003736624814,-0.02262380257728358,-0.036608620087496095
2017-06-27,3.78600001335144,3.794749975204468,3.658750057220459,3.6644999980926514,999492000,3.7853125095367433,3.2813300132751464,3.734340407402675,50.69438159129044,0.14321051835841958,-0.06059250347757439,0.03527085541229043
2017-06-28,3.7330000400543217,3.798500061035156,3.643749952316284,3.793750047683716,994948000,3.79456250667572,3.3075600147247313,3.7399984683818217,56.76199962802038,0.13155038043238942,-0.004546309525238823,-0.03341021173706291
2017-06-29,3.765000104904175,3.76799988746643,3.6019999980926514,3.6670000553131104,1064424000,3.797462511062622,3.331060013771057,3.733046238565754,50.23344964541749,0.1108046845983015,0.06982877497115436,-0.01445322402445224
2017-06-30,3.684499979019165,3.6982500553131104,3.5875000953674316,3.614000082015991,731060000,3.7986125111579896,3.3527100133895873,3.7217085093705387,47.75982301393604,0.08906028475474947,-0.31318722614296557,-0.03617879809726937
2017-07-03,3.6262500286102295,3.641249895095825,3.4644999504089355,3.4832499027252197,709072000,3.7877625107765196,3.3715350103378294,3.6989981658805084,42.234475751740135,0.06057892829851763,-0.030076874675129317,0.02669925390537275
2017-07-05,3.547499895095825,3.6054999828338623,3.528249979019165,3.5762500762939453,820188000,3.7824000120162964,3.391585011482239,3.687307871634169,46.93683862116065,0.0449929343420119,0.1567062301148543,0.003005890713792501
2017-07-06,3.546750068664551,3.634500026702881,3.49399995803833,3.586999893188477,746284000,3.77535001039505,3.4109550094604493,3.6777547308298173,47.469147682132125,0.033126480774033684,-0.09010617078035765,0.022860334432083743
2017-07-07,3.6445000171661377,3.6875,3.621249914169311,3.6689999103546143,654972000,3.758875000476837,3.432325005531311,3.6769209384036077,51.468519977424975,0.02999320392606153,-0.1223555643695966,0.04728810718842106
2017-07-10,3.743499994277954,3.849999904632568,3.7170000076293945,3.8424999713897705,958492000,3.7639999985694885,3.4563550043106077,3.6926903701165754,58.643089474342695,0.04103701520836278,0.4634091228327317,0.014183501210831333
2017-07-11,3.846250057220459,3.904750108718872,3.8037500381469727,3.8970000743865967,757956000,3.771387505531311,3.482145004272461,3.712148437189911,60.61283191239558,0.053569502176198824,-0.2092203169144865,0.04253266233524294
2017-07-12,3.9574999809265137,4.074999809265137,3.9140000343322754,4.062749862670898,1145208000,3.7852749943733217,3.5100800037384032,3.7455390491404814,65.92781282402515,0.07600012889816643,0.510916200940424,-0.011568502350413207
2017-07-13,4.074999809265137,4.15749979019165,3.96875,4.015749931335449,1369132000,3.796412491798401,3.5386550045013427,3.7712734188733354,63.31861340594839,0.08895860113621712,0.1955312921320842,0.026894174268711147
2017-07-14,4.032249927520752,4.125249862670898,4.02524995803833,4.12375020980835,941948000,3.812137496471405,3.5690050077438356,3.8048426370576225,66.59065558711734,0.10671288392299916,-0.3120108214547611,-0.004243807130118635
2017-07-17,4.158249855041504,4.1875,4.043749809265137,4.106249809265137,930792000,3.8279249906539916,3.599205002784729,3.8335480820297665,65.5699840026127,0.11801078994995917,-0.011843541257054557,0.0104110467134959
2017-07-18,4.04449987411499,4.163750171661377,4.03249979019165,4.14900016784668,776640000,3.8387249946594237,3.6302550077438354,3.8635911378218535,66.90448331905179,0.12892785843399723,-0.16561379986076374,-0.005181998013121124
2017-07-19,4.158249855041504,4.184999942779541,4.115250110626221,4.127500057220459,687044000,3.8487375020980834,3.661420006752014,3.8887253206217207,65.52886052538602,0.13429674533382752,-0.1153636176349403,0.014536630393155264
2017-07-20,4.148250102996826,4.187749862670898,4.097750186920166,4.1875,699596000,3.858775007724762,3.693700008392334,3.9171800519910804,67.53497063835576,0.14175901118552314,0.0182695722544699,0.003582057668201959
2017-07-21,4.166749954223633,4.232500076293945,4.152249813079834,4.202499866485596,648332000,3.870937502384186,3.717105007171631,3.9443533676572247,68.03579367083272,0.14718659900908726,-0.07327657676716282,-0.011600220167721874
2017-07-24,4.209750175476074,4.2195000648498535,4.14300012588501,4.153749942779541,652524000,3.886337494850159,3.7369300079345704,3.9642958986212546,64.55050032845426,0.14587275966912738,0.006465823065959997,-0.004814921745898454
2017-07-25,4.130499839782715,4.148250102996826,4.0894999504089355,4.133749961853027,496556000,3.9028374910354615,3.7556600093841555,3.9804343808338043,63.12186293373735,0.14158559065742438,-0.23902262598770319,0.011551254097598575
2017-07-26,4.191999912261963,4.2482500076293945,4.146249771118164,4.18149995803833,640404000,3.9286874890327455,3.772135009765625,3.9995834834247117,65.10742671933752,0.1404223030572549,0.2896913943241044,-0.0330025141286458
2017-07-27,4.20674991607666,4.218500137329102,3.938999891281128,4.043499946594238,782856000,3.9411749839782715,3.784600009918213,4.003766003726572,55.76302208748914,0.1269020933059437,0.22244083422339656,0.016384282994218992
2017-07-28,4.00724983215332,4.134500026702881,3.98200011253357,4.109749794006348,513348000,3.9633124709129333,3.802935004234314,4.013859698038932,58.81872636837184,0.1201480467894327,-0.3442625463686808,-0.011436202613597997
2017-07-31,4.123499870300293,4.159999847412109,4.015500068664551,4.062749862670898,559672000,3.9857499599456787,3.8176550006866456,4.0185159041943574,55.87021220751293,0.10973792412108319,0.09023898018498167,0.012183863203275415
2017-08-01,4.053249835968018,4.113999843597412,4.025000095367432,4.112249851226807,431384000,4.017199957370758,3.831899995803833,4.027442946768876,58.24429562338624,0.10427998750935874,-0.2292199716977087,-0.0006079536290123867
2017-08-02,4.143750190734863,4.147749900817871,4.031750202178955,4.109749794006348,478444000,4.0438749432563785,3.844644989967346,4.035281694124826,58.0743624687532,0.09861601565626943,0.10909074050034318,0.01271376310076728
2017-08-03,4.109250068664551,4.165750026702881,4.0920000076293945,4.1620001792907715,442420000,4.072624957561493,3.859369993209839,4.047350121283488,60.65785376272908,0.09722272353586803,-0.07529407830383494,0.004384908161877615
2017-08-04,4.184999942779541,4.2517499923706055,4.1620001792907715,4.18025016784668,589096000,4.0981874704360965,3.8736899948120116,4.06000726857522,61.549087785316566,0.09647900117778097,0.3315311242710546,0.030739783405691133
2017-08-07,4.209750175476074,4.3092498779296875,4.199999809265137,4.308750152587891,717412000,4.1214999794960026,3.890734996795654,4.083697067052618,67.18574273957888,0.10504754795717997,0.21781848798837533,-0.011894396080434666
2017-08-08,4.347249984741211,4.363999843597412,4.217750072479248,4.257500171661377,755336000,4.139524984359741,3.904965000152588,4.100249743682023,63.20605667320459,0.1064753562379872,0.05286223258044198,0.010628288230270618
2017-08-09,4.210750102996826,4.30525016784668,4.1917500495910645,4.302750110626221,530784000,4.151524996757507,3.918585000038147,4.119535492914804,65.16788290208879,0.10999029681714934,-0.29728756473940077,-0.042821421926097364
2017-08-10,4.303999900817871,4.316500186920166,4.108250141143799,4.118500232696533,1328088000,4.156662511825561,3.928780002593994,4.11943689670354,52.81852528422701,0.09679272100509717,1.502125158256466,-0.053296173574504745
2017-08-11,3.928499937057495,3.974999904632568,3.8227500915527344,3.8989999294281006,1497196000,4.145424997806549,3.934580001831055,4.098442899820165,42.488626880654756,0.06783969330181794,0.1273319237881827,0.07976407138958043
2017-08-14,3.9917500019073486,4.213749885559082,3.9800000190734863,4.210000038146973,1279020000,4.1506125092506405,3.946960000991821,4.109067389184624,55.706460119201246,0.0691917208018733,-0.14572307166196008,-0.008432315740949438
2017-08-15,4.215250015258789,4.2417497634887695,4.139750003814697,4.174499988555908,764532000,4.151887500286103,3.956445002555847,4.115299065315222,54.17584730054947,0.06663057918010118,-0.40225172397616926,-0.010959430175882034
2017-08-16,4.1897501945495605,4.213500022888184,4.0960001945495605,4.128749847412109,596632000,4.151949989795685,3.965349998474121,4.116580092181592,52.18581371628494,0.06021507999282427,-0.2196114747322545,-0.022282775907835617
2017-08-17,4.120250225067139,4.137499809265137,4.0345001220703125,4.036749839782715,525444000,4.144412481784821,3.9715249967575073,4.108977211000747,48.34038383775569,0.04716344805523054,-0.11931642955791844,0.00018580909881051464
2017-08-18,4.091750144958496,4.109000205993652,3.990999937057495,4.037499904632568,601204000,4.1361624836921695,3.9723049926757814,4.102169848489492,48.37378475229259,0.03646016953881048,0.14418282443038644,-0.014551062676658575
2017-08-21,4.062250137329102,4.073750019073486,3.9342501163482666,3.978749990463257,623672000,4.127412486076355,3.9770799922943114,4.090415576296517,45.87201079578896,0.02297230667011707,0.03737167417382459,0.021363443275433547
2017-08-22,4.012249946594238,4.06974983215332,3.9927499294281006,4.06374979019165,450456000,4.1239124774932865,3.9833699893951415,4.087875977619864,49.908444869751406,0.01892371087759237,-0.27773573288523457,0.019993896014703073
2017-08-23,4.03000020980835,4.15625,4.021249771118164,4.144999980926514,579520000,4.122087478637695,3.990569987297058,4.093316358887163,53.479614234313765,0.0220175759890493,0.2865185500914629,-0.0036791811975457555
2017-08-24,4.177499771118164,4.182000160217285,4.103000164031982,4.129749774932861,469700000,4.126399970054626,3.997304983139038,4.096786208034373,52.719889220613794,0.022974091185266943,-0.18950165654334616,-0.008353931137078437
2017-08-25,4.154250144958496,4.1645002365112305,4.088749885559082,4.095250129699707,357200000,4.125674986839295,4.003024983406067,4.096639914859643,50.95633056577424,0.020709576221421777,-0.23951458377687884,0.007081327033024458
2017-08-28,4.114500045776367,4.127500057220459,4.0582499504089355,4.1242499351501465,389496000,4.128749990463257,4.009699983596802,4.099269440601596,52.397806910535145,0.02101275181307205,0.09041433370660701,-0.0016366871352760765
2017-08-29,4.0647501945495605,4.139500141143799,4.05649995803833,4.117499828338623,324096000,4.129012489318848,4.013389978408814,4.101005668005122,52.01458533862303,0.020472350929108707,-0.1679092981699427,0.005950302622239686
2017-08-30,4.137499809265137,4.153250217437744,4.106750011444092,4.142000198364258,384400000,4.130625009536743,4.017684984207153,4.104909908991706,53.34826437730703,0.021770102250793677,0.18606832543443907,0.02269431631317171
2017-08-31,4.162499904632568,4.239999771118164,4.15500020980835,4.236000061035156,612684000,4.134325003623962,4.022669987678528,4.117394685376796,58.15375590989508,0.030037331194512795,0.5938709677419354,0.006019787616102417
2017-09-01,4.24875020980835,4.297500133514404,4.239999771118164,4.261499881744385,445432000,4.1383874893188475,4.028714985847473,4.131118989792757,59.376244109160865,0.03820637283155914,-0.2729824836294077,-0.0266924754389414
2017-09-05,4.209499835968018,4.2144999504089355,4.089000225067139,4.147749900817871,695364000,4.130337476730347,4.034754981994629,4.132702886080863,52.06881258524501,0.035097146315658634,0.5611002352772141,-0.0006027502333171082
2017-09-06,4.181000232696533,4.195000171661377,4.110000133514404,4.145249843597412,397672000,4.124724960327148,4.0415849781036375,4.133897834415772,51.917578473622655,0.03206174039170406,-0.42810959439947993,0.004643964450912832
2017-09-07,4.16225004196167,4.197249889373779,4.12375020980835,4.1645002365112305,352868000,4.117812466621399,4.05158498287201,4.136812348901054,53.04840698687421,0.030853841277551197,-0.11266571445814644,-0.017349108442232804
2017-09-08,4.152750015258789,4.167749881744385,4.067749977111816,4.092249870300293,498856000,4.116499948501587,4.05755497932434,4.132568303320029,48.443401162675045,0.023792308868980427,0.41371844429078286,0.032439376514057795
2017-09-11,4.138500213623047,4.235750198364258,4.132999897003174,4.224999904632568,567444000,4.132799947261811,4.06871497631073,4.141371312968842,56.000941787311014,0.02857837813812747,0.13749057844347878,0.0036095162929899744
2017-09-12,4.25,4.25,4.17425012588501,4.240250110626221,411488000,4.134312450885773,4.081239976882935,4.150788341317164,56.78465995928189,0.03321900863466709,-0.2748394555233644,0.004480880351408256
2017-09-13,4.214749813079834,4.28849983215332,4.182000160217285,4.259250164031982,580960000,4.138549959659576,4.09675998210907,4.161118038718575,57.79335789706532,0.03799193982375826,0.4118516214324597,-0.005693497583767666
2017-09-14,4.219749927520752,4.314000129699707,4.195000171661377,4.235000133514404,513712000,4.143862473964691,4.109934983253479,4.16815442869913,55.99685073685977,0.03936398387849582,-0.11575323602313414,0.06322308806039202
2017-09-15,4.321499824523926,4.502749919891357,4.316249847412109,4.502749919891357,1364792000,4.167162477970123,4.128249983787537,4.200020665955533,67.87194339888438,0.061349312078193385,1.6567259476126703,0.04130806143121996
2017-09-18,4.628499984741211,4.78000020980835,4.621500015258789,4.68874979019165,1684460000,4.199724972248077,4.148644981384277,4.246566296835163,73.26878982459927,0.09271274334603419,0.2342247023722297,-0.0010663050551809052
2017-09-19,4.637750148773193,4.746250152587891,4.615499973297119,4.683750152587891,874280000,4.234974980354309,4.16546998500824,4.288202854525899,72.91423898446882,0.11582984526160889,-0.48097313085499216,-0.008059833020718886
2017-09-20,4.6875,4.735499858856201,4.605249881744385,4.645999908447266,724920000,4.26408748626709,4.180449981689453,4.322278764423172,70.15380935200994,0.12961012107300274,-0.17083771789358104,-0.02733531156782747
2017-09-21,4.540999889373779,4.567500114440918,4.440249919891357,4.519000053405762,1075600000,4.282787489891052,4.189574985504151,4.341014125278656,61.692032708276095,0.1287985524766473,0.483749931026872,-0.009736700210931062
2017-09-22,4.507500171661377,4.557750225067139,4.465000152587891,4.474999904632568,491232000,4.300049996376037,4.198759984970093,4.353774675693314,59.0352425470849,0.12318493498504068,-0.5432949051692079,-0.04469269576030488
2017-09-25,4.443749904632568,4.445000171661377,4.254000186920166,4.275000095367432,874580000,4.309037494659424,4.201784982681274,4.346272334709897,48.75687475108946,0.10142858396066501,0.7803807569539443,0.005613962684007551
2017-09-26,4.411250114440918,4.4670000076293945,4.258749961853027,4.298999786376953,1125620000,4.317774987220764,4.205639982223511,4.341770187249617,49.88445132350503,0.08514163376328732,0.28704063664844837,0.021923751305506778
2017-09-27,4.390500068664551,4.406750202178955,4.318749904632568,4.393249988555908,713720000,4.331562495231628,4.210524978637696,4.346673025469264,54.15122399435007,0.07892946231508002,-0.36593166432721524,-0.0002844796437502992
2017-09-28,4.4004998207092285,4.4045000076293945,4.343999862670898,4.392000198364258,435244000,4.344062495231628,4.215814981460571,4.350989899078311,54.08546622117032,0.0730631970077189,-0.39017541893179397,0.01758879788836713
2017-09-29,4.4770002365112305,4.493249893188477,4.431250095367432,4.469250202178955,619092000,4.3557250022888185,4.22144998550415,4.362252785087896,57.51928022791397,0.07379688464092826,0.4224021468417716,0.0012865027003433483
2017-10-02,4.519999980926514,4.549499988555908,4.425000190734863,4.474999904632568,503480000,4.3664000034332275,4.22689998626709,4.372990605996912,57.77241649002574,0.07398938671861988,-0.18674445801270245,0.0020670758053886328
2017-10-03,4.481249809265137,4.514500141143799,4.439499855041504,4.484250068664551,390332000,4.383225011825561,4.23350998878479,4.383586745298592,58.203922421376916,0.07403492836359504,-0.22473186621117025,0.008362581046631096
2017-10-04,4.490499973297119,4.544250011444092,4.453499794006348,4.521749973297119,427848000,4.402050018310547,4.241269989013672,4.3967451479651185,59.98891447493047,0.07621835163603308,0.09611305247840307,-0.0005528959440975063
2017-10-05,4.546500205993652,4.550000190734863,4.488999843597412,4.51924991607666,437364000,4.419787502288818,4.248024988174438,4.408412268737647,59.80553673254901,0.07686099092721133,0.02224154372580922,0.0029318746165941127
2017-10-06,4.491250038146973,4.546000003814697,4.474999904632568,4.53249979019165,318800000,4.441799998283386,4.257804985046387,4.420230127923742,60.494786328620314,0.07754554453571494,-0.27108769811872946,0.02255931691456414
2017-10-09,4.56974983215332,4.66825008392334,4.550749778747559,4.634749889373779,563492000,4.462287497520447,4.268304986953735,4.440660581395174,65.4224511472215,0.08535486886988952,0.7675407779171894,0.019094886455704993
2017-10-10,4.785749912261963,4.823750019073486,4.68149995803833,4.723249912261963,974876000,4.486437487602234,4.281514987945557,4.467573851001535,69.02390415229662,0.09756041119834435,0.730061828739361,0.010638872458412217
2017-10-11,4.739999771118164,4.775000095367432,4.69350004196167,4.773499965667725,529508000,4.512149977684021,4.294739990234375,4.496709671445934,70.87860371994488,0.11001990974789688,-0.45684579372145795,0.00047139301681042037
2017-10-12,4.7769999504089355,4.827250003814697,4.7482500076293945,4.775750160217285,528292000,4.539187479019165,4.308059997558594,4.523284956090825,70.9624483226357,0.11870733968955793,-0.002296471441413539,0.018635763020302384
2017-10-13,4.838749885559082,4.875,4.791250228881836,4.864749908447266,628728000,4.557287478446961,4.3221149921417235,4.555805427743819,74.13448005269477,0.13126063548909706,0.19011455785815423,0.017164275660352946
2017-10-16,4.894999980926514,4.951250076293945,4.830999851226807,4.948249816894531,576640000,4.570262479782104,4.337474985122681,4.593181083853411,76.70553934045836,0.14626095241057957,-0.08284663638330092,-0.0009093947210585636
2017-10-17,4.927249908447266,4.972499847412109,4.908750057220459,4.943749904632568,478596000,4.583262467384339,4.350174980163574,4.626568590594283,76.26557028642665,0.15598757862263213,-0.170026359600444,-0.0008596813497952072
2017-10-18,4.952750205993652,4.953499794006348,4.833000183105469,4.939499855041504,567316000,4.59793746471405,4.363814973831177,4.656371568160685,75.82321397619641,0.16149148319606166,0.18537555683708185,0.001113537155843652
2017-10-19,4.861000061035156,4.949999809265137,4.81125020980835,4.945000171661377,570772000,4.619237470626831,4.37665997505188,4.683860006589322,76.01708993532655,0.16440207205721702,0.006091842994027985,-0.0045500581124172735
2017-10-20,4.962250232696533,4.989749908447266,4.91349983215332,4.922500133514404,451620000,4.641612482070923,4.392739973068237,4.706587637725044,73.42327265878156,0.16301404522095986,-0.20875586048369577,-0.001422035407325478
2017-10-23,4.944499969482422,4.971250057220459,4.894999980926514,4.915500164031982,428696000,4.67363748550415,4.413069977760315,4.726484068801896,72.59337847108192,0.15951044776693557,-0.0507594880651876,0.010477030185910707
2017-10-24,4.924749851226807,4.96875,4.898499965667725,4.9670000076293945,407244000,4.707037496566772,4.4282099771499634,4.749390348690229,74.84601074794482,0.15905593075782765,-0.0500401216713009,-0.025266801285722708
2017-10-25,4.927000045776367,4.980500221252441,4.779250144958496,4.8414998054504395,828160000,4.729449987411499,4.441549973487854,4.758162677905487,61.56598716327638,0.1468758123488625,1.0335720108829105,0.0104823417585566
2017-10-26,4.869500160217285,4.9039998054504395,4.845250129699707,4.892250061035156,322744000,4.754462480545044,4.456819977760315,4.770932904870217,64.3227538090322,0.1397076395412018,-0.6102878670788254,0.03152948909685498
2017-10-27,4.945000171661377,5.046750068664551,4.918749809265137,5.046500205993652,572192000,4.783324980735779,4.4770149850845335,4.797177409739116,71.10633387450108,0.14480429475079237,0.7728974047542325,0.009808775693126458
2017-10-30,5.046500205993652,5.152249813079834,5.0304999351501465,5.0960001945495605,504056000,4.814374995231629,4.498184990882874,4.8256367225782055,72.88787321812245,0.1510959263268603,-0.11907891057547115,0.014570200467161912
2017-10-31,5.1282501220703125,5.197249889373779,5.122499942779541,5.170249938964844,411908000,4.848674988746643,4.522014989852905,4.858457028900743,75.34368709198115,0.16022643294150196,-0.18281302077546935,0.0018857675139262921
2017-11-01,5.233749866485596,5.2492499351501465,5.114999771118164,5.179999828338623,502576000,4.881587481498718,4.544339990615844,4.889080152656732,75.65551987796249,0.16633179046208912,0.2201171135302058,-0.00608105477119318
2017-11-02,5.150000095367432,5.195250034332275,5.091249942779541,5.148499965667725,342308000,4.913049983978271,4.5644099903106685,4.913786801514921,72.46672958228123,0.16670686169151416,-0.3188930629397345,0.013353385469752446
2017-11-03,5.179999828338623,5.217249870300293,5.133500099182129,5.217249870300293,353640000,4.947287487983703,4.586159992218017,4.942688046161147,74.94852908725288,0.17058525049788908,0.03310468934409938,0.004504282189262292
2017-11-06,5.179999828338623,5.249499797821045,5.167500019073486,5.240749835968018,389944000,4.977587485313416,4.609069986343384,4.9710748832856115,75.75306521136612,0.17355452388380854,0.1026580703540323,0.01144873246338774
2017-11-07,5.263750076293945,5.322500228881836,5.251500129699707,5.300749778747559,427700000,5.006462478637696,4.632599983215332,5.002472492377225,77.72044049059382,0.17868936856591677,0.09682415936647315,-0.013535761956259888
2017-11-08,5.296249866485596,5.300000190734863,5.181000232696533,5.229000091552734,522988000,5.0292374849319454,4.654829988479614,5.024046549441559,70.36757211582636,0.17495242717520743,0.22279167640869768,-0.01835918777370945
2017-11-09,5.131750106811523,5.158249855041504,5.009250164031982,5.132999897003174,978564000,5.047099971771241,4.674649982452393,5.034423058733141,61.925862875773035,0.16237272905972677,0.8711022050219126,0.05269826388724385
2017-11-10,5.327000141143799,5.466750144958496,5.290750026702881,5.403500080108643,1253256000,5.074037480354309,4.6979999828338626,5.069573251245094,72.08703704497272,0.17224480093709804,0.280709284216464,-0.016239466408329503
2017-11-13,5.403500080108643,5.4292497634887695,5.300250053405762,5.3157501220703125,582376000,5.0924124956130985,4.719084987640381,5.093018667514163,65.9392104946765,0.17101642981873688,-0.53530962548753,0.007289600514391184
2017-11-14,5.324999809265137,5.369999885559082,5.280749797821045,5.354499816894531,529292000,5.112949991226197,4.743219985961914,5.117921634121817,67.26678571305007,0.17119626935792187,-0.09115073423355358,-0.019609678338617178
2017-11-15,5.298749923706055,5.300000190734863,5.195000171661377,5.249499797821045,501948000,5.1284499883651735,4.765304985046387,5.130452887807458,60.397250277264206,0.16101014474762732,-0.051661464749136576,0.007762649447056904
2017-11-16,5.32450008392334,5.355000019073486,5.28125,5.290249824523926,441768000,5.1457124710083,4.787819976806641,5.145671643685216,62.01840008878943,0.15444540372443427,-0.1198928972722274,-0.0011814006596807163
2017-11-17,5.3480000495910645,5.383749961853027,5.268750190734863,5.283999919891357,515664000,5.163787460327148,4.811654977798462,5.158845765228659,61.6018933373304,0.14704345863614954,0.1672733199326344,0.012869098722709893
2017-11-20,5.299749851226807,5.364250183105469,5.262499809265137,5.3520002365112305,396100000,5.185612463951111,4.834194984436035,5.177241429160332,64.40304464752683,0.1449930316604613,-0.2318641596078066,0.009202101433380275
2017-11-21,5.392250061035156,5.413000106811523,5.360000133514404,5.401249885559082,399176000,5.207324957847595,4.857414979934692,5.1985755678649745,66.3194309884079,0.14566297647067206,0.007765715728351497,-0.005183962698068956
2017-11-22,5.425000190734863,5.425000190734863,5.340250015258789,5.3732500076293945,356640000,5.233912467956543,4.879694976806641,5.215211228794919,64.203192927841,0.14229427657008564,-0.10655951259594765,0.009444894370353096
2017-11-24,5.389750003814697,5.425000190734863,5.364999771118164,5.423999786376953,180752000,5.260499954223633,4.9034749698638915,5.235095853326541,66.30208204959347,0.1420818099774639,-0.4931807985643787,-0.012997769133443375
2017-11-27,5.432750225067139,5.434000015258789,5.350249767303467,5.353499889373779,422896000,5.275849938392639,4.92048996925354,5.246372428188183,60.955263667828696,0.1346722582140174,1.339647694078074,-0.016017578176667657
2017-11-28,5.358749866485596,5.368249893188477,5.205999851226807,5.267749786376953,512752000,5.284437417984009,4.932069969177246,5.248408367063304,55.13155842048328,0.12049186319488658,0.2124777723128144,-0.06781828129152609
2017-11-29,5.250249862670898,5.252999782562256,4.780749797821045,4.9105000495910645,1396788000,5.27144992351532,4.93660496711731,5.216226622542138,38.589773974993285,0.07951018594974357,1.7241005398321216,0.021840899236895476
2017-11-30,4.980000019073486,5.066999912261963,4.916250228881836,5.017749786376953,823768000,5.263337421417236,4.944039964675904,5.197324066716882,44.020069259764426,0.05505146983518916,-0.4102412105487734,-0.015096383307244408
2017-12-01,4.982749938964844,5.0032501220703125,4.8117499351501465,4.941999912261963,811548000,5.253012418746948,4.952499961853027,5.173007480578318,41.245894353533906,0.029218565886291792,-0.014834273727554415,-0.055746625981450436
2017-12-04,5.00124979019165,5.007500171661377,4.612500190734863,4.666500091552734,1240844000,5.22547492980957,4.956329965591431,5.1247686816235,33.08046822816212,-0.013331057559151205,0.5289841143099361,0.005785910185196539
2017-12-05,4.559999942779541,4.817500114440918,4.514500141143799,4.69350004196167,981488000,5.198112440109253,4.964699964523316,5.083695477846183,34.45007735611168,-0.04436189404294044,-0.20901579892395816,0.008096326083261548
2017-12-06,4.642499923706055,4.753499984741211,4.620999813079834,4.731500148773193,467032000,5.169649958610535,4.97334997177124,5.050153065553517,36.42229627515639,-0.06513690676700712,-0.5241592357726228,0.014424537738059545
2017-12-07,4.798999786376953,4.840000152587891,4.752999782562256,4.799749851226807,542600000,5.148187446594238,4.981479969024658,5.026305140379545,39.918709983792944,-0.07522690449734615,0.1618047585604412,-0.002604262649634083
2017-12-08,4.850249767303467,4.869500160217285,4.778749942779541,4.78725004196167,466876000,5.130899953842163,4.9893849658966065,5.003537988149271,39.49036232087639,-0.08327202249528831,-0.13955768521931444,0.01655435963476998
2017-12-11,4.801499843597412,4.869500160217285,4.7855000495910645,4.866499900817871,372748000,5.104049944877625,4.9973299598693846,4.990486741736757,43.620999684369146,-0.08230428264195311,-0.2016124195717921,-0.01962395855685841
2017-12-12,4.822500228881836,4.8460001945495605,4.747250080108643,4.770999908447266,455016000,5.076812434196472,5.003249959945679,4.969583233804425,40.07112084889201,-0.08822637436885383,0.22070675094165493,-0.02441834061065541
2017-12-13,4.8125,4.81374979019165,4.646999835968018,4.6545000076293945,554280000,5.041812443733216,5.006654958724976,4.939575307502041,36.200832071651824,-0.10115420043814893,0.21815496597921835,0.0015575963350385209
2017-12-14,4.6479997634887695,4.733500003814697,4.614999771118164,4.661749839782715,438164000,5.012424945831299,5.009454956054688,4.91311573914782,36.611141870248325,-0.10955175048661214,-0.20948978855452116,0.027296658748958463
2017-12-15,4.706250190734863,4.809500217437744,4.640500068664551,4.789000034332275,670036000,4.9873624563217165,5.014849958419799,4.901295195832054,43.48182881258452,-0.10473156192249,0.5291899836590865,0.033096720278403595
2017-12-18,4.829999923706055,4.950500011444092,4.800000190734863,4.947500228881836,477704000,4.97053747177124,5.0231499671936035,4.905695675170128,50.65608475605455,-0.08711764867402483,-0.28704726313213025,-0.009045014967722535
2017-12-19,4.938000202178955,4.9432501792907715,4.874000072479248,4.902750015258789,373100000,4.9480749607086185,5.028509969711304,4.905415136130953,48.77363294358556,-0.07589459808548238,-0.21897241806641765,0.0035184459704184438
2017-12-20,4.942500114440918,4.951749801635742,4.863749980926514,4.920000076293945,288820000,4.924012470245361,5.032444972991943,4.906804178051238,49.55187991939206,-0.06486064078298792,-0.22589118198874292,-0.004623963509164771
2017-12-21,4.923500061035156,4.948750019073486,4.888750076293945,4.897250175476074,300904000,4.9002124786376955,5.03491997718811,4.90589427304408,48.505266415538046,-0.05729145674191205,0.041839207811093404,-0.003165055512616114
2017-12-22,4.860000133514404,4.891250133514404,4.78125,4.881750106811523,466276000,4.873099994659424,5.0370399761199955,4.903594828640979,47.76502227100043,-0.051944762965113966,0.5495839204530348,0.011112769458042238
2017-12-26,4.82574987411499,4.943749904632568,4.795499801635742,4.935999870300293,355080000,4.852224993705749,5.038464975357056,4.906681023084723,50.606255887097745,-0.04283617829797581,-0.23847678199178168,-0.0013675257270849117
2017-12-27,4.922500133514404,4.9992499351501465,4.907750129699707,4.9292497634887695,329488000,4.835299992561341,5.038084974288941,4.908830426932727,50.240076995234126,-0.03575013127252813,-0.07207389883969806,0.0011665424895616744
2017-12-28,4.953249931335449,4.984499931335449,4.928750038146973,4.934999942779541,240248000,4.8365249872207645,5.03790997505188,4.911322761775281,50.568210709487545,-0.02933227236304159,-0.27084446171028986,-0.01975680821531976
2017-12-29,4.96150016784668,4.96150016784668,4.837500095367432,4.837500095367432,279964000,4.827512502670288,5.035869979858399,4.904292031641201,45.13348916758315,-0.0317475300210992,0.16531251040591388,0.030232510229450588
2018-01-02,4.894499778747559,4.987500190734863,4.862500190734863,4.983749866485596,355616000,4.82960000038147,5.036644973754883,4.911859444483524,53.24980724152232,-0.0216113822848385,0.27022045691588925,0.06581391070010652
2018-01-03,5.102499961853027,5.34250020980835,5.09375,5.3117499351501465,914704000,4.8618624925613405,5.044429969787598,4.949944253118441,65.5561045084112,0.012741575205811984,1.5721677314856475,0.005271309506571497
2018-01-04,5.394000053405762,5.451250076293945,5.317249774932861,5.339749813079834,583268000,4.894174981117248,5.052914962768555,4.987068592162383,66.36994347432807,0.04174469085007626,-0.36234235337333165,0.008474257668619617
2018-01-05,5.354750156402588,5.422749996185303,5.2769999504089355,5.385000228881836,580124000,4.926849985122681,5.0612749671936035,5.024966843278522,67.69826492912304,0.06760192640913143,-0.005390318001330385,0.03064066013740702
2018-01-08,5.510000228881836,5.625,5.4644999504089355,5.550000190734863,881216000,4.9643625020980835,5.075444974899292,5.074970019226745,72.03563523045737,0.10025244209285944,0.5190131764933015,-0.00027029363029776803
2018-01-09,5.555500030517578,5.5954999923706055,5.466000080108643,5.548500061035156,497000000,5.002425003051758,5.088569974899292,5.120068118446594,71.94105353539638,0.12457118401041534,-0.43600660904931365,0.007839947033563286
2018-01-10,5.454999923706055,5.5954999923706055,5.400000095367432,5.5920000076293945,582664000,5.038700008392334,5.0994799709320064,5.1650140126544795,73.04621091066646,0.14567479596461652,0.17236217303822943,0.0017883098834392374
2018-01-11,5.625,5.656750202178955,5.580249786376953,5.6020002365112305,406032000,5.080250024795532,5.109599971771241,5.206631748259884,73.30650488079124,0.1613465922957804,-0.30314555215355676,-0.004908988116183471
2018-01-12,5.590000152587891,5.624750137329102,5.5335001945495605,5.57450008392334,359916000,5.1262500286102295,5.11768497467041,5.24166682784688,71.26828772251969,0.16959261323431551,-0.11357725499468019,-0.012871138748191492
2018-01-16,5.601250171661377,5.687749862670898,5.417250156402588,5.502749919891357,702348000,5.168300032615662,5.124139976501465,5.2665318842320685,66.10402507053456,0.1683968317877751,0.9514219984663088,0.02094409382654557
2018-01-17,5.517499923706055,5.627999782562256,5.422500133514404,5.618000030517578,538408000,5.209750032424926,5.133529977798462,5.300005041021165,69.87954418508093,0.174734654786592,-0.23341705251527733,-0.0012459895771444092
2018-01-18,5.598499774932861,5.665999889373779,5.566999912261963,5.611000061035156,408632000,5.242925024032592,5.141404981613159,5.329623614355831,69.3741090351057,0.17715050538494115,-0.24103653734714192,0.02526285106296188
2018-01-19,5.702250003814697,5.777249813079834,5.675000190734863,5.752749919891357,609380000,5.285425019264221,5.151644983291626,5.369921357740167,73.54670492485987,0.18833213769542478,0.491268427338045,0.015557768311720004
2018-01-22,5.760749816894531,5.843999862670898,5.702499866485596,5.842249870300293,550944000,5.331537508964539,5.162474985122681,5.414905025603036,75.78957846743597,0.20208603782662582,-0.09589418753487156,0.022337339127394308
2018-01-23,5.896249771118164,5.9957499504089355,5.877500057220459,5.972750186920166,475228000,5.385312509536743,5.17734998703003,5.468033136204667,78.63416029636056,0.22096919238540114,-0.1374295754196434,-0.013017488353006782
2018-01-24,5.97599983215332,6.012249946594238,5.838749885559082,5.894999980926514,579972000,5.4359750032424925,5.192589988708496,5.508696645225795,73.12179971237187,0.227043223628419,0.22040788842408277,0.002332498106604611
2018-01-25,5.949999809265137,5.993750095367432,5.893750190734863,5.908750057220459,409884000,5.484612512588501,5.202694988250732,5.546796970177668,73.47592332236297,0.2303115650345351,-0.29326933024352897,0.029532470804492773
2018-01-26,5.953000068664551,6.083499908447266,5.940000057220459,6.083250045776367,516356000,5.542312526702881,5.218044986724854,5.597887739282306,77.52320996701567,0.24416782516590008,0.25976129831854866,0.014465922006662748
2018-01-29,6.06850004196167,6.202750205993652,6.015250205993652,6.171249866485596,455116000,5.604125022888184,5.234379987716675,5.65249365615881,79.24330689869976,0.25926125882778184,-0.1186003454980672,-0.016730812872057587
2018-01-30,6.027750015258789,6.1605000495910645,5.960249900817871,6.067999839782715,570832000,5.665650010108948,5.250749988555908,5.692065673646801,72.25635503722296,0.25989558496460674,0.25425605779625404,0.012689542382479047
2018-01-31,6.14424991607666,6.231750011444092,6.111249923706055,6.144999980926514,478576000,5.723712515830994,5.26784499168396,5.735202274340107,74.09103870335184,0.2635732524853891,-0.16161672786388992,-0.021562273730292056
2018-02-01,5.9629998207092285,6.172500133514404,5.951499938964844,6.012499809265137,519224000,5.758750009536743,5.282414989471436,5.761611563380586,66.002539863796,0.2528811178750052,0.0849353080806392,-0.029022868040179787
2018-02-02,5.925000190734863,5.949250221252441,5.779250144958496,5.8379998207092285,718464000,5.783662509918213,5.292134981155396,5.7688866355071236,57.153278231076236,0.22770202622565705,0.38372648413786736,-0.08487489313432066
2018-02-05,5.675000190734863,5.830749988555908,5.125,5.34250020980835,1165204000,5.781537508964538,5.290959987640381,5.728278404488193,40.5343720776328,0.16585288829489375,0.6217987261713878,0.0555919362979498
2018-02-06,5.110000133514404,5.642499923706055,5.099999904632568,5.639500141143799,1114800000,5.786012506484985,5.296284990310669,5.719823331788726,49.93201824376965,0.1391978273070107,-0.04325766131939124,0.014274252510529184
2018-02-07,5.739500045776367,5.8742499351501465,5.667500019073486,5.71999979019165,802932000,5.79458749294281,5.302204990386963,5.71984013735091,52.139769727791844,0.12314955691511376,-0.2797524219590958,-0.04930062908328303
2018-02-08,5.8470001220703125,5.880499839782715,5.437749862670898,5.438000202178955,1144000000,5.786887502670288,5.303894996643066,5.692998238763105,44.703270052854094,0.08667701831173069,0.4247781879411956,0.06693634241711886
2018-02-09,5.956250190734863,5.972249984741211,5.438000202178955,5.802000045776367,1674604000,5.796887493133545,5.314580001831055,5.7033793632405585,53.85250873283012,0.08615091982611833,0.4638146853146854,-0.017450908456142323
2018-02-12,5.883999824523926,5.88700008392334,5.6257500648498535,5.70074987411499,1093172000,5.803199982643127,5.3303849983215335,5.7031289357047905,51.30941802409011,0.07668002076809444,-0.3472056677280121,0.02017282822344059
2018-02-13,5.664000034332275,5.862500190734863,5.631249904632568,5.8157501220703125,625524000,5.818849992752075,5.3463450050354,5.7138547629776975,53.96830901416451,0.07755976327157121,-0.42778995437131573,0.03778531107910196
2018-02-14,5.775000095367432,6.0647501945495605,5.763750076293945,6.0355000495910645,744988000,5.839724993705749,5.368215007781982,5.744487647417066,58.61855441477572,0.0948950570207181,0.1909822804560657,0.021042142986993893
2018-02-15,6.119750022888184,6.209249973297119,6.038000106811523,6.162499904632568,698900000,5.86729998588562,5.398135004043579,5.784298338580447,61.066498930504686,0.1175264572887933,-0.061864083716784646,-0.010791028172352203
2018-02-16,6.135000228881836,6.25,6.086750030517578,6.0960001945495605,637656000,5.884462499618531,5.426185007095337,5.813984229625125,59.09521386860406,0.12861345832082094,-0.08762913149234508,0.021489507509989448
2018-02-20,6.118750095367432,6.296750068664551,6.114999771118164,6.2270002365112305,686240000,5.9037000179290775,5.456095008850098,5.8533190874238015,61.71695184576735,0.1462843205015929,0.07619155155757973,-0.030391916174680293
2018-02-21,6.292250156402588,6.29925012588501,6.033999919891357,6.037749767303467,892292000,5.906949996948242,5.48085500717163,5.870883914079008,56.12080310003041,0.14336505178332715,0.30026229890417344,0.002650038749560795
2018-02-22,6.0682501792907715,6.140749931335449,5.987500190734863,6.053750038146973,534364000,5.914887499809265,5.506185007095337,5.888299735418815,56.480095283920456,0.14072046055529697,-0.4011332613090782,0.015610169606338683
2018-02-23,6.114250183105469,6.148250102996826,6.063000202178955,6.148250102996826,415300000,5.926862502098084,5.531820011138916,5.913056913283387,58.63445069009907,0.14458330211047254,-0.22281441115045175,0.0026430501756074523
2018-02-26,6.195000171661377,6.19950008392334,6.101500034332275,6.1645002365112305,469312000,5.930925011634827,5.559690017700195,5.937003896447943,59.010214174679305,0.14725837891285032,0.13005538165181796,-0.0021088508306147933
2018-02-27,6.137499809265137,6.222750186920166,6.1282501220703125,6.151500225067139,455436000,5.929937529563904,5.58963002204895,5.9574321182212,58.551978561982494,0.14663904069224643,-0.029566684849311353,-0.01650004561792365
2018-02-28,6.162499904632568,6.202499866485596,6.038249969482422,6.050000190734863,523116000,5.929037547111511,5.6173950290679935,5.9662481251272625,54.96324550956991,0.1363858351801701,0.14860485337127494,-0.04045454796232908
2018-03-01,6.047749996185303,6.102250099182129,5.703000068664551,5.80525016784668,1040120000,5.912050056457519,5.637720031738281,5.950914986338636,47.4163410398594,0.10727422407643594,0.9883161669687028,0.018646856065945093
2018-03-02,5.696499824523926,5.920000076293945,5.546249866485596,5.91349983215332,913428000,5.907100057601928,5.657040023803711,5.947351638320987,50.644260200472516,0.09187878433499197,-0.12180517632580856,-0.0037625262992210303
2018-03-05,5.862750053405762,5.931250095367432,5.73799991607666,5.891250133514404,620776000,5.909762573242188,5.676810026168823,5.942008637863217,49.9653334889107,0.07699487371354863,-0.320388689639468,0.02762567597963779
2018-03-06,5.977499961853027,6.073500156402588,5.934000015258789,6.053999900817871,636808000,5.945337557792664,5.699490022659302,5.952674472430327,54.74442830103819,0.0774391431401753,0.025825740685851306,-0.0013214233786315514
2018-03-07,5.949999809265137,6.098750114440918,5.948750019073486,6.046000003814697,581208000,5.965662550926209,5.722465019226075,5.961562618276457,54.469022602594805,0.07626655169764707,-0.08731046092385775,-0.002729076443085037
2018-03-08,6.073750019073486,6.073750019073486,5.984749794006348,6.0295000076293945,411912000,5.9811375617980955,5.745420017242432,5.96803284583388,53.86709990049583,0.07316248119430124,-0.2912829830284511,0.017207103201021007
2018-03-09,6.077499866485596,6.146249771118164,6.06125020980835,6.1332502365112305,505524000,6.015900063514709,5.769365024566651,5.983767835422199,57.0789232611206,0.0781731281900111,0.22726213365961656,0.018057264461150902
2018-03-12,6.175000190734863,6.324999809265137,6.166749954223633,6.24399995803833,605060000,6.038000059127808,5.795660028457641,6.008551847099926,60.25954480064419,0.09004272253137557,0.19689668541948557,-0.008207876564851037
2018-03-13,6.28725004196167,6.362500190734863,6.151000022888184,6.192749977111816,619772000,6.062600064277649,5.8208150291442875,6.026094526148677,58.113426684979295,0.09422781679863323,0.02431494397249856,0.004158113973994886
2018-03-14,6.236249923706055,6.263750076293945,6.1554999351501465,6.218500137329102,505496000,6.082737565040588,5.848435029983521,6.044418870070622,58.90535150520392,0.09848705936953106,-0.18438393473729053,0.0024121357488685806
2018-03-15,6.232250213623047,6.315499782562256,6.190999984741211,6.233500003814697,401952000,6.09263756275177,5.873430032730102,6.062426597093867,59.387039598019896,0.10189828367470355,-0.20483643787487937,0.00457208311401323
2018-03-16,6.25,6.28125,6.211999893188477,6.26200008392334,399456000,6.097612571716309,5.892435035705566,6.081433595839531,60.3382912682361,0.1056831719717568,-0.00620969668020066,-0.037847330785632995
2018-03-19,6.204500198364258,6.233749866485596,5.925000190734863,6.025000095367432,713772000,6.094062566757202,5.9061400413513185,6.076058976746951,49.8763480376652,0.08853819167043842,0.7868601297764961,0.035601650956630294
2018-03-20,6.0279998779296875,6.278749942779541,6.0279998779296875,6.239500045776367,554696000,6.094687557220459,5.923230037689209,6.09162479284499,57.122570285706715,0.09120763971005541,-0.22286668572037005,-0.004086837169989255
2018-03-21,6.232999801635742,6.300000190734863,6.1832499504089355,6.214000225067139,438688000,6.103500080108643,5.936510038375855,6.103279595913766,56.08454775367589,0.09022551057101325,-0.2091379782799948,-0.026995550773371676
2018-03-22,6.150000095367432,6.197000026702881,6.008500099182129,6.046249866485596,551196000,6.103125071525573,5.946465034484863,6.0978481931110835,49.68779221596785,0.07504603024108825,0.2564647311984827,-0.03671691546584931
2018-03-23,6.059999942779541,6.0625,5.813000202178955,5.824250221252441,735620000,6.086925077438354,5.951110038757324,6.07179124341026,42.74030639157643,0.04458867617207929,0.3345887851145508,0.0494054610245762
2018-03-26,5.949999809265137,6.113249778747559,5.897500038146973,6.111999988555908,611424000,6.084300065040589,5.961310033798218,6.075620647709846,52.09097536294539,0.04317234116020252,-0.1688317337755907,-0.07755235242135679
2018-03-27,6.193749904632568,6.25,5.496250152587891,5.638000011444092,1409000000,6.058625054359436,5.962580032348633,6.0339424918750115,40.39013633177222,0.003758720499126511,1.3044564819176219,-0.0184905913465812
2018-03-28,5.603250026702881,5.734749794006348,5.425000190734863,5.533750057220459,945904000,6.032812547683716,5.963200035095215,5.986305117146006,38.349808513573336,-0.03547996691413324,-0.3286699787083037,0.046261583793008515
2018-03-29,5.602749824523926,5.887499809265137,5.517499923706055,5.789750099182129,916628000,6.032037544250488,5.966635036468506,5.967585591625637,45.61508184770835,-0.04539654240149282,-0.030950286709856445,-0.045511500342695174
2018-04-02,5.718500137329102,5.866250038146973,5.4375,5.526249885559082,922092000,6.012675046920776,5.964940032958984,5.925553619619299,40.34483357131831,-0.07366855969739916,0.00596097871764778,0.019452626739673698
2018-04-03,5.695000171661377,5.758749961853027,5.533750057220459,5.633749961853027,667432000,5.999800038337708,5.962560033798217,5.89776279507013,43.226734048419274,-0.08640396819128604,-0.27617634682873293,0.003949443199775198
2018-04-04,5.375249862670898,5.666500091552734,5.349999904632568,5.656000137329102,789168000,5.979900050163269,5.958835039138794,5.874737780047175,43.83156304951353,-0.09362224895972915,0.1823946109865875,-0.021481614623185683
2018-04-05,5.715000152587891,5.728250026702881,5.462250232696533,5.5345001220703125,701240000,5.9543250560760494,5.9500700378417966,5.842334193573188,41.24743936220937,-0.10790298583360158,-0.11141860795166558,-0.032207120584270034
2018-04-06,5.430749893188477,5.539999961853027,5.326749801635742,5.356249809265137,662988000,5.920662546157837,5.93929503440857,5.7960404426867065,37.732775898182894,-0.13208133186073923,-0.05454908447892304,0.0054142886012212375
2018-04-09,5.420000076293945,5.54925012588501,5.364999771118164,5.385250091552734,499524000,5.8832625389099125,5.9288250350952145,5.756917552102519,38.64871588500751,-0.14720586726235485,-0.2465564987601585,0.058028874181755334
2018-04-10,5.618000030517578,5.724999904632568,5.5602498054504395,5.697750091552734,761676000,5.855950045585632,5.921115036010742,5.7512825558596825,47.5944727187147,-0.13244923981618673,0.5248036130396136,-0.007327445667638125
2018-04-11,5.682750225067139,5.7245001792907715,5.623000144958496,5.656000137329102,460244000,5.829112553596497,5.910810041427612,5.742208039809151,46.61650657194942,-0.12270886719880991,-0.39574832343411104,0.036951843832125
2018-04-12,5.75,5.882999897003174,5.705249786376953,5.864999771118164,593920000,5.8114375352859495,5.906750040054321,5.75390249041001,51.940315078668476,-0.09700679402311785,0.29044593737235025,-0.013213958995742693
2018-04-13,5.9292497634887695,5.937749862670898,5.738749980926514,5.787499904632568,503036000,5.789137530326843,5.899600038528442,5.757102244145491,49.95101691465153,-0.08194667710627712,-0.1530239762931035,-4.3172816417402696e-05
2018-04-16,5.794250011444092,5.821000099182129,5.691999912261963,5.78725004196167,350792000,5.765400028228759,5.895095043182373,5.759973462985127,49.944375402136274,-0.06923350700436615,-0.3026503073338688,0.026135018266432764
2018-04-17,5.840000152587891,5.960000038146973,5.783750057220459,5.938499927520752,447224000,5.761075019836426,5.897105045318604,5.776975983417091,53.93695569158114,-0.04641854232716547,0.2748979452210998,-0.004925510703964538
2018-04-18,5.887499809265137,5.981249809265137,5.819250106811523,5.909249782562256,391364000,5.74456250667572,5.908440036773682,5.789573488097583,53.05560311066426,-0.030347928661351276,-0.12490385131388293,-0.03101069630694782
2018-04-19,5.793749809265137,5.827499866485596,5.670000076293945,5.72599983215332,471996000,5.720162487030029,5.910170030593872,5.783518854198129,47.7872397302576,-0.03202937634997127,0.2060281477090382,-0.0014407544386828702
2018-04-20,5.717249870300293,5.802499771118164,5.68625020980835,5.717750072479248,386200000,5.703737497329712,5.910125036239624,5.777255160701093,47.558283349434575,-0.0336398432441154,-0.181772726887516,-0.02111843800066233
2018-04-23,5.735750198364258,5.787499904632568,5.5707502365112305,5.5970001220703125,427508000,5.692374992370605,5.913305034637451,5.760088014164828,44.21880841343907,-0.044150719695293716,0.10696012428793367,-0.011970682651545099
2018-04-24,5.623000144958496,5.71999979019165,5.464000225067139,5.53000020980835,414596000,5.6632750034332275,5.907865037918091,5.738174889940401,42.4381507792641,-0.05722731709879181,-0.03020294357064668,-0.02052443290224554
2018-04-25,5.5,5.5395002365112305,5.257500171661377,5.416500091552734,588492000,5.65220000743866,5.902180042266846,5.707539194855862,39.53380219942935,-0.07587449182450179,0.4194348232978611,0.03950886081654874
2018-04-26,5.579999923706055,5.638750076293945,5.51324987411499,5.630499839782715,375824000,5.6570374965667725,5.898475036621094,5.700202113420324,46.91110494056201,-0.0725482300918312,-0.36137789468675874,0.004928517191798722
2018-04-27,5.737500190734863,5.757500171661377,5.615499973297119,5.658249855041504,400848000,5.650462484359741,5.890930032730102,5.696206660241389,47.800482327119134,-0.06690174768699375,0.06658435863595735,-0.006318192582130267
2018-04-30,5.674749851226807,5.724999904632568,5.603000164031982,5.622499942779541,327844000,5.655274987220764,5.880130033493042,5.68918697286407,46.71472533836189,-0.06456729723473398,-0.18212389733764422,0.009960023702347769
2018-05-01,5.614250183105469,5.681250095367432,5.554999828338623,5.678500175476074,253788000,5.657512497901917,5.871780033111572,5.688169182636641,48.68114778854891,-0.057535247152644686,-0.2258879223045107,-0.003654141962693088
2018-05-02,5.675000190734863,5.71999979019165,5.631249904632568,5.657750129699707,268248000,5.657599997520447,5.860395030975342,5.6852721299759805,47.9746747937209,-0.053025408179861344,0.0569766892051633,0.02951700111637751
2018-05-03,5.690000057220459,5.851250171661377,5.64424991607666,5.824749946594238,443144000,5.672112488746643,5.856135034561158,5.698555731558672,53.787364170398774,-0.0355658576861817,0.6519936774924697,0.026052635585973295
2018-05-04,5.795750141143799,5.979750156402588,5.778250217437744,5.976500034332275,400660000,5.703125,5.854590034484863,5.725026617537111,58.34204451241309,-0.009375993660051485,-0.09586951419854495,0.0402409389969976
2018-05-07,6.082250118255615,6.274750232696533,6.072249889373779,6.2170000076293945,687616000,5.744712495803833,5.855965032577514,5.771881226117329,64.34054417716513,0.030435162562584495,0.716208256376978,0.006916554801298421
2018-05-08,6.217249870300293,6.262750148773193,6.167749881744385,6.260000228881836,506616000,5.772825002670288,5.857875032424927,5.818368750190139,65.3025605316312,0.0647096169957555,-0.2632283134772897,0.021485550311193362
2018-05-09,6.280250072479248,6.396749973297119,6.252749919891357,6.394499778747559,596760000,5.809749984741211,5.862735023498535,5.8732383719575125,68.19300852884193,0.10155469932447136,0.17793358283196747,0.017006856999853395
2018-05-10,6.447999954223633,6.512499809265137,6.429999828338623,6.5032501220703125,994080000,5.841662502288818,5.871800022125244,5.933239491015875,70.3441667459261,0.13793985162115519,0.6657952945907903,-0.021527750078015565
2018-05-11,6.319499969482422,6.494750022888184,6.263500213623047,6.363249778747559,1214456000,5.8704499959945675,5.882960014343261,5.974192851752226,64.31388436724306,0.15370665464698519,0.22168839530017714,0.0032609195769227367
2018-05-14,6.401750087738037,6.462250232696533,6.360000133514404,6.383999824523926,523140000,5.90028748512268,5.892370014190674,6.0132220872542925,64.79558950430348,0.16596319451950325,-0.5692392313924918,-0.03837717611111501
2018-05-15,6.31974983215332,6.322500228881836,6.037499904632568,6.138999938964844,963528000,5.910312485694885,5.897325010299682,6.0252009302743454,55.303419824457215,0.15413042782779396,0.8418167221011583,0.001832549142423237
2018-05-16,6.099999904632568,6.2129998207092285,6.062749862670898,6.15024995803833,553828000,5.922362494468689,5.899250011444092,6.037110361489963,55.624883285721246,0.14400070698029133,-0.4252081932232379,0.006910291348067752
2018-05-17,6.1519999504089355,6.287499904632568,6.135749816894531,6.192749977111816,519784000,5.945700001716614,5.902185010910034,6.051933182025377,56.88639759982291,0.13781359721696695,-0.061470348194746394,-0.007145454217857699
2018-05-18,6.245250225067139,6.3092498779296875,6.143499851226807,6.148499965667725,483716000,5.967237496376038,5.904565010070801,6.061130018562744,55.12911095289486,0.12786570578045264,-0.0693903621504317,-0.006912258162283464
2018-05-21,6.247000217437744,6.2507500648498535,6.012249946594238,6.105999946594238,640624000,5.992687487602234,5.904020004272461,6.065403345041934,53.42217904769689,0.11522429979121895,0.3243804215696813,-0.006305246067811461
2018-05-22,6.119500160217285,6.144999980926514,6.006249904632568,6.067500114440918,518264000,6.019562482833862,5.900490007400513,6.065603037365646,51.85583474586843,0.10093575521430331,-0.19100127375808584,0.019942284433064797
2018-05-23,6.006999969482422,6.1897501945495605,6.006249904632568,6.188499927520752,442956000,6.0581624746322635,5.9004050064086915,6.077307503094704,56.202220534896306,0.0982431682818996,-0.1453081827022521,0.0006059380231117892
2018-05-24,6.184750080108643,6.235000133514404,6.13100004196167,6.192249774932861,437372000,6.086249971389771,5.899879999160767,6.088254386126909,56.33378655098173,0.09531314448703032,-0.012606218224834986,0.00641933071612246
2018-05-25,6.204999923706055,6.248499870300293,6.169000148773193,6.23199987411499,292112000,6.114937472343445,5.899849996566773,6.1019444326019645,57.781568089421555,0.0951023002008835,-0.33212002597331336,-0.0027679816084088
2018-05-29,6.213749885559082,6.2835001945495605,6.167500019073486,6.214749813079834,352684000,6.1445499658584595,5.8989049911499025,6.112687802171285,56.89989803188574,0.0924772486667571,0.20735882127403182,0.017699849040245064
2018-05-30,6.24875020980835,6.333499908447266,6.223750114440918,6.324749946594238,390996000,6.176862454414367,5.904899988174439,6.1328841968782335,60.98783405826955,0.09814165200536529,0.10862982159667012,-0.0031621773343439917
2018-05-31,6.292500019073486,6.380000114440918,6.281750202178955,6.304749965667725,493868000,6.209212446212769,5.9062049865722654,6.149252365334376,59.87585005959801,0.099865711390418,0.2631024358305456,0.02153135614159986
2018-06-01,6.349999904632568,6.446750164031982,6.341249942779541,6.440499782562256,421968000,6.239999938011169,5.910734977722168,6.1769902145941735,64.59452544822736,0.11090744460516078,-0.1455854600824512,0.02806464965886948
2018-06-04,6.474999904632568,6.643499851226807,6.442500114440918,6.621250152587891,642024000,6.2722374439239506,5.922234983444214,6.21930068487929,69.7034758752722,0.13271330562040617,0.5214992606074393,0.0008306346469277033
2018-06-05,6.624499797821045,6.664750099182129,6.579249858856201,6.6267499923706055,391712000,6.29272494316101,5.9382849788665775,6.258105380830844,69.84605663032903,0.1487240009783175,-0.38987950606207866,0.0003017851954285803
2018-06-06,6.535749912261963,6.631999969482422,6.51924991607666,6.628749847412109,371356000,6.311162424087525,5.948619976043701,6.293404853838584,69.90152504560953,0.15973266525374363,-0.051966751082427876,-0.008485705423358752
2018-06-07,6.625,6.63700008392334,6.481249809265137,6.572500228881836,369448000,6.320062446594238,5.967309980392456,6.319985365747465,66.21221215632285,0.1620502227918621,-0.005137926948803884,-0.002358321510045466
2018-06-08,6.499000072479248,6.599999904632568,6.480000019073486,6.557000160217285,360456000,6.322749948501587,5.987774982452392,6.3425582033160195,65.19116383277692,0.16078277410014596,-0.024339013880167126,-0.006329127731996144
2018-06-11,6.544250011444092,6.586249828338623,6.502500057220459,6.515500068664551,265372000,6.330362462997437,6.002289981842041,6.359028857158737,62.41590443009271,0.1546469278035678,-0.26378809064074393,0.007520495105603823
2018-06-12,6.542250156402588,6.576749801635742,6.491499900817871,6.564499855041504,319160000,6.339387464523315,6.02305498123169,6.378597523623762,64.34589085028875,0.15198609753513814,0.20268905536379123,-0.0006854920193968745
2018-06-13,6.565999984741211,6.641749858856201,6.550749778747559,6.559999942779541,338208000,6.3604374647140505,6.041579980850219,6.395873944495741,64.02075453426977,0.1478103987964099,0.0596816643689686,0.017187508291042503
2018-06-14,6.605500221252441,6.730000019073486,6.5904998779296875,6.672749996185303,430016000,6.386562466621399,6.061914978027343,6.422243092275699,68.33776957180041,0.15184869722098338,0.27145425300406845,-0.006181893358123411
2018-06-15,6.614999771118164,6.686999797821045,6.583749771118164,6.631499767303467,432260000,6.4084999561309814,6.0838549709320064,6.442172299421201,65.25297589158181,0.14999152021010698,0.005218410477749735,-0.0006408162411252308
2018-06-18,6.586999893188477,6.644999980926514,6.559500217437744,6.6272501945495605,356268000,6.432437467575073,6.109274978637695,6.459798765623902,64.92781396130106,0.14648816466611603,-0.17580160088835428,-0.018559755758075183
2018-06-19,6.5229997634887695,6.591000080108643,6.375500202178955,6.5042500495910645,594932000,6.452349972724915,6.131654977798462,6.4640322212398225,56.19869105382605,0.13226201226697132,0.6699001874992982,0.008225418006406117
2018-06-20,6.545750141143799,6.611249923706055,6.506999969482422,6.557750225067139,369780000,6.476862478256225,6.14885498046875,6.4729577454138525,58.793693562321025,0.12387672723704934,-0.3784499741146887,-0.019823889288126558
2018-06-21,6.590000152587891,6.608500003814697,6.420000076293945,6.427750110626221,359516000,6.488824987411499,6.164289979934693,6.468652256386459,50.902180320482955,0.10552497938371008,-0.02775704472929852,-0.023958660439055906
2018-06-22,6.448750019073486,6.462250232696533,6.2582502365112305,6.273749828338623,434160000,6.492899990081787,6.172464981079101,6.450090120381903,43.460270019764316,0.07765934268497521,0.2076235828168982,-0.0471408124963375
2018-06-25,6.166250228881836,6.170000076293945,5.888500213623047,5.978000164031982,665816000,6.480200004577637,6.17627498626709,6.405129172158101,33.37019817530788,0.03134971857250157,0.533572876358946,0.012002289264982422
2018-06-26,6.09250020980835,6.141250133514404,5.9977498054504395,6.049749851226807,478884000,6.4719500064849855,6.181524982452393,6.371283522545596,37.1806436840629,0.00043360955892612907,-0.28075624496857987,-0.025910116814170454
2018-06-27,6.09375,6.160749912261963,5.887499809265137,5.89300012588501,453892000,6.450362515449524,6.180614986419678,6.325732722863636,32.77131420736552,-0.03629760618620015,-0.052188003775444525,0.021805528931990788
2018-06-28,5.882999897003174,6.0335001945495605,5.875249862670898,6.021500110626221,338012000,6.436200022697449,6.182859992980957,6.2967581883648345,39.142904468816695,-0.054411265252897856,-0.2553030236267658,-0.01644108200498242
2018-06-29,6.087250232696533,6.099999904632568,5.921249866485596,5.922500133514404,392300000,6.4103000402450565,6.1867899990081785,6.261114564093365,36.28933207726536,-0.0758802411544961,0.16060968249647933,0.022541172844669926
2018-07-02,5.852250099182129,6.059750080108643,5.831500053405762,6.056000232696533,357572000,6.382037544250489,6.193555002212524,6.241579865865095,42.388571326454326,-0.08118635121495821,-0.08852408870762174,-0.02229197881350227
2018-07-03,6.091000080108643,6.0970001220703125,5.912499904632568,5.921000003814697,222732000,6.346750044822693,6.2000349998474125,6.211048450431724,38.38654337411503,-0.09518760839575169,-0.3770988779882094,0.02486913956784428
2018-07-05,5.976749897003174,6.073249816894531,5.9375,6.0682501792907715,306216000,6.318725061416626,6.210799999237061,6.197448615084967,44.53742497314643,-0.09332604252055354,0.374818167124616,0.018951059649884885
2018-07-06,6.043499946594238,6.1917500495910645,6.021999835968018,6.1832499504089355,296352000,6.299262547492981,6.226134996414185,6.196096361306297,48.83351354746159,-0.08163023517847279,-0.032212555842934365,0.007762885091363103
2018-07-09,6.2582502365112305,6.26800012588501,6.151750087738037,6.231249809265137,303880000,6.282975029945374,6.238149995803833,6.199444308730948,50.555075222113665,-0.0677075456976759,0.025402224381816163,0.016048206143338652
2018-07-10,6.243750095367432,6.353499889373779,6.203000068664551,6.331250190734863,360016000,6.273762536048889,6.2516100025177,6.2119972498741785,54.0256318819679,-0.04805062127840998,0.18473081479531395,-0.022586396300414067
2018-07-11,6.237500190734863,6.272500038146973,6.177499771118164,6.1882500648498535,367508000,6.254950046539307,6.262925004959106,6.209735613205195,48.755510992287626,-0.04350972904014405,0.020810186213946036,0.014947639801533415
2018-07-12,6.234000205993652,6.329249858856201,6.223999977111816,6.280749797821045,345508000,6.240987539291382,6.274969997406006,6.216498868882895,52.01616290738248,-0.0320773164906365,-0.05986264244587869,-0.007602594868827357
2018-07-13,6.299499988555908,6.299499988555908,6.190499782562256,6.232999801635742,246988000,6.219000029563904,6.286474990844726,6.218070386287928,50.23904519832039,-0.026563861151922552,-0.285145351193026,-0.004492199393675485
2018-07-16,6.204999923706055,6.258500099182129,6.192500114440918,6.204999923706055,197036000,6.197675037384033,6.294079990386963,6.2168255803277495,49.178042232122856,-0.024175088842170567,-0.2022446434644598,0.022119250327446115
2018-07-17,6.155250072479248,6.357500076293945,6.129499912261963,6.342249870300293,362136000,6.18342502117157,6.301394987106323,6.228770750801325,54.27561911242179,-0.011079330308868762,0.8379179439290283,-0.007844196025731652
2018-07-18,6.334750175476074,6.348750114440918,6.241000175476074,6.292500019073486,277640000,6.172837519645691,6.302904987335205,6.234840204922484,52.23058041213569,-0.004661509558033572,-0.23332670598891025,0.0013110464281392196
2018-07-19,6.273499965667725,6.334750175476074,6.2582502365112305,6.300749778747559,235752000,6.159987497329712,6.30371997833252,6.241117307191538,52.549858015968894,0.001077920685800926,-0.15087163232963552,-0.0045232082327112235
2018-07-20,6.298250198364258,6.337500095367432,6.261250019073486,6.272250175476074,222352000,6.152212500572205,6.30127498626709,6.244082342266256,51.27487241540258,0.0032888686707286396,-0.056839390545997515,-0.005899027981287929
2018-07-23,6.245500087738037,6.247250080108643,6.081999778747559,6.235249996185303,301584000,6.150287508964539,6.295914983749389,6.243241166449022,49.592585072397206,0.0020320316366273516,0.35633589983449676,-0.0028066113975800584
2018-07-24,6.283750057220459,6.371250152587891,6.199999809265137,6.217750072479248,354620000,6.162275004386902,6.293004989624023,6.240813443213805,48.77744610127533,-0.00037183210893854124,0.1758581357101172,0.012705559931552942
2018-07-25,6.227250099182129,6.309500217437744,6.168749809265137,6.296750068664551,319112000,6.174625015258789,6.291259994506836,6.246140740875781,52.56767082000659,0.004051030260273869,-0.1001297163160566,0.01179175663725057
2018-07-26,6.276500225067139,6.408249855041504,6.259500026702881,6.370999813079834,325124000,6.19852499961853,6.295899991989136,6.25803208108569,55.87261762456955,0.013393126767738295,0.01883978039058376,-0.011065750913763274
2018-07-27,6.4079999923706055,6.414999961853027,6.245999813079834,6.30049991607666,295420000,6.212474989891052,6.298904991149902,6.262076636799116,52.156602135116856,0.014935881515296678,-0.0913620649352247,-0.03130702198256791
2018-07-30,6.3147501945495605,6.3207502365112305,6.067999839782715,6.103250026702881,340340000,6.221512484550476,6.297114992141724,6.246950292980427,43.4494563978988,0.000239349113734022,0.15205470178051583,0.002990208245780695
2018-07-31,6.092750072479248,6.197000026702881,6.053500175476074,6.121500015258789,283988000,6.224787473678589,6.296574993133545,6.235002647483128,44.37472789308229,-0.00982191620626427,-0.16557560086971856,0.006575157138543959
2018-08-01,6.153250217437744,6.209000110626221,6.097249984741211,6.161749839782715,283556000,6.236824965476989,6.2976899909973145,6.228026189606898,46.45554071142059,-0.014381931053855546,-0.001521191036240932,0.016837786599511566
2018-08-02,6.089749813079834,6.269499778747559,6.030250072479248,6.265500068664551,269668000,6.2466874599456785,6.3016499900817875,6.231595130469532,51.49261634822887,-0.009514324074313407,-0.048977979658339055,0.005905307165928979
2018-08-03,6.290249824523926,6.326499938964844,6.273250102996826,6.302499771118164,214288000,6.25264995098114,6.303929986953736,6.238347953388449,53.18403744643161,-0.002640703321115545,-0.20536363231825805,0.007655723937566674
2018-08-06,6.289750099182129,6.354249954223633,6.24275016784668,6.350749969482422,207508000,6.258624958992004,6.307099990844726,6.249052907302161,55.369585540281975,0.006623724241885398,-0.03163966251026651,0.011494698196972509
2018-08-07,6.400000095367432,6.442500114440918,6.373000144958496,6.423749923706055,258132000,6.263249945640564,6.310934991836548,6.265690718388246,58.524355670891886,0.01963005302000287,0.2439616785858858,0.005720932511257031
2018-08-08,6.425000190734863,6.50600004196167,6.389750003814697,6.4604997634887695,262100000,6.27686243057251,6.315849990844726,6.284243960778772,60.055144215187426,0.03252810349242008,0.015371980227170567,-0.007584519490871785
2018-08-09,6.478499889373779,6.481249809265137,6.403749942779541,6.411499977111816,204280000,6.283399939537048,6.317584991455078,6.296363581381919,57.03262650408631,0.03835390818584017,-0.22060282334986647,-0.006511729606593539
2018-08-10,6.328750133514404,6.402500152587891,6.317500114440918,6.369750022888184,256396000,6.290237450599671,6.318884992599488,6.3033527662872775,54.515056214172276,0.039150722828818374,0.2551204229488937,0.005219962309671251
2018-08-13,6.378499984741211,6.525000095367432,6.3767499923706055,6.4029998779296875,375208000,6.300137448310852,6.318134994506836,6.312842967396079,56.17428280912373,0.04198125581077239,0.4633925646265933,0.020732474912243493
2018-08-14,6.509500026702881,6.550000190734863,6.42549991607666,6.535749912261963,466220000,6.309812450408936,6.316424989700318,6.334072200240449,62.11613551181846,0.054310237315324805,0.2425641244323149,-0.00898897242694522
2018-08-15,6.5567498207092285,6.591000080108643,6.397500038146973,6.4770002365112305,591136000,6.319037461280823,6.31342999458313,6.347684394171,58.34597967912075,0.058664191855125836,0.26793359358242896,-0.006330147400615493
2018-08-16,6.547500133514404,6.550000190734863,6.375249862670898,6.435999870300293,801260000,6.32579996585846,6.309574995040894,6.3560953918975995,55.80055451889416,0.0581361875164319,0.3554579656796406,-0.0490210983406274
2018-08-17,6.323500156402588,6.324250221252441,6.093249797821045,6.120500087738037,1143188000,6.318212461471558,6.300534992218018,6.333657743882403,40.98368609003411,0.031891914425407286,0.426737887826673,0.012335595190228067
2018-08-20,6.079500198364258,6.329999923706055,5.9679999351501465,6.196000099182129,854388000,6.316249966621399,6.293314990997314,6.320547492006186,44.76355115262029,0.016989514319143417,-0.25262686452272065,0.022111052571064972
2018-08-21,6.212500095367432,6.337500095367432,6.192500114440918,6.333000183105469,673988000,6.32201247215271,6.289664993286133,6.32173346258707,50.90788063746586,0.01604901364493916,-0.21114528762108087,0.03750192752737992
2018-08-22,6.300000190734863,6.575500011444092,6.296500205993652,6.570499897003174,749856000,6.335699963569641,6.289784994125366,6.3454255039600325,59.349754522634235,0.03407510552285853,0.112565802358499,0.015295656097241834
2018-08-23,6.531499862670898,6.736999988555908,6.517499923706055,6.671000003814697,720684000,6.3506999731063845,6.292004995346069,6.3764325991842865,62.30377218505554,0.055826894226730595,-0.03890346946613754,0.02016189875970159
2018-08-24,6.679500102996826,6.820250034332275,6.675000190734863,6.805500030517578,531512000,6.37594997882843,6.294659996032715,6.417296164073171,65.87757311579998,0.08296203686017378,-0.2624895238412397,0.013518478762301564
2018-08-27,6.8354997634887695,6.972499847412109,6.803750038146973,6.897500038146973,505776000,6.415662479400635,6.299980001449585,6.463029866365915,68.10500858001586,0.11061535962478697,-0.04842035551408064,-0.005509257934231522
2018-08-28,6.891499996185303,6.9145002365112305,6.738249778747559,6.859499931335449,475384000,6.452562475204468,6.304624996185303,6.500788920172537,66.18326669896365,0.12798914689272678,-0.060089842143557615,0.014979269974433825
2018-08-29,6.8480000495910645,6.987500190734863,6.827000141143799,6.962250232696533,420108000,6.4925874948501585,6.313784999847412,6.544737616603394,68.75091905314615,0.14833912794464332,-0.11627652592430537,-0.0024417677900200243
2018-08-30,6.930749893188477,7.043000221252441,6.9079999923706055,6.945250034332275,346608000,6.526574993133545,6.321534996032715,6.582881656387097,67.83321523081916,0.16123622972042462,-0.17495501156845383,0.01033082519380896
2018-08-31,6.925000190734863,7.03000020980835,6.914999961853027,7.017000198364258,306592000,6.562300014495849,6.333319997787475,6.624226279432541,69.67315999393294,0.17522700653624756,-0.11545030697502656,0.010759585194495463
2018-09-04,7.003749847412109,7.130499839782715,6.974999904632568,7.09250020980835,391720000,6.599387526512146,6.34969500541687,6.66882379661119,71.5192679046294,0.19021434533579384,0.2776589082559231,-0.01861127140144941
2018-09-05,7.074749946594238,7.110499858856201,6.878749847412109,6.9604997634887695,393156000,6.626225018501282,6.369344997406006,6.696602460123341,64.16497355187119,0.18925892736309802,0.003665883794547131,-0.020472656928104013
2018-09-06,6.943999767303467,6.946499824523926,6.784749984741211,6.817999839782715,322796000,6.644100022315979,6.384709997177124,6.708164115328995,57.31329132000993,0.1749860683439719,-0.17896204051318054,-0.0031533637861962285
2018-09-07,6.724999904632568,6.923250198364258,6.679749965667725,6.796500205993652,295420000,6.663350033760071,6.402779998779297,6.716577076344677,56.33586224583238,0.1600944152108399,-0.08480898152393457,0.010556857944556535
2018-09-10,6.819250106811523,6.898250102996826,6.775000095367432,6.868249893188477,220140000,6.688275027275085,6.419714994430542,6.731022106520277,58.85756300696589,0.152326349595457,-0.254823640918015,-0.0070250387329311974
2018-09-11,6.821499824523926,6.909999847412109,6.80049991607666,6.820000171661377,243112000,6.70912504196167,6.437664995193481,6.739496207962286,56.49471406189664,0.14065536485080976,0.10435177614245483,-0.016862206020635304
2018-09-12,6.779749870300293,6.799499988555908,6.547999858856201,6.704999923706055,419092000,6.717587542533875,6.4506449890136714,6.736210847556931,51.21710344497326,0.1207347118396136,0.7238638981210306,0.011707721362674737
2018-09-13,6.771500110626221,6.875,6.754000186920166,6.7835001945495605,305536000,6.732912540435791,6.467894992828369,6.740714594889562,54.35189957126939,0.11001359833015645,-0.2709572122588835,0.01875871070434192
2018-09-14,6.874750137329102,6.977499961853027,6.837500095367432,6.910749912261963,386936000,6.756650042533875,6.484744987487793,6.756908434639315,58.95616170730072,0.11051112393564289,0.2664170506912442,-0.009043881024996182
2018-09-17,6.885000228881836,6.934500217437744,6.828750133514404,6.848249912261963,205528000,6.793037533760071,6.498044986724853,6.765607622984329,55.970083619642594,0.10465578218568972,-0.468832054913474,-0.010623165404999826
2018-09-18,6.852250099182129,6.955999851226807,6.768750190734863,6.7754998207092285,299520000,6.822012519836425,6.508929986953735,6.766549737053367,52.628653173156145,0.09307217912740917,0.45731968393600875,0.003542198875619992
2018-09-19,6.756750106811523,6.817500114440918,6.706250190734863,6.799499988555908,224860000,6.845337510108948,6.518294982910156,6.769687856244086,53.6125340876657,0.08485059833587094,-0.24926549145299148,-0.020957412154701555
2018-09-20,6.676249980926514,6.718999862670898,6.602499961853027,6.6570000648498535,430584000,6.849662518501281,6.527669982910156,6.758955685635111,47.327273023340915,0.06607471521682307,0.9148981588543983,-0.010627945894848992
2018-09-21,6.669000148773193,6.715000152587891,6.552750110626221,6.586249828338623,435128000,6.845425009727478,6.533779983520508,6.742507508749731,44.535613965737646,0.04496738376121101,0.010553109265555527,0.008540534725148846
2018-09-24,6.554999828338623,6.645999908447266,6.4670000076293945,6.642499923706055,293912000,6.8372750043869015,6.541969985961914,6.73298297684081,47.202148406274155,0.03240503898898783,-0.3245389862293394,0.010199469761381136
2018-09-25,6.709249973297119,6.735499858856201,6.6227498054504395,6.710249900817871,280388000,6.827912497520447,6.5520749855041505,6.730817921981482,50.30133875304147,0.02759801446139143,-0.04601377282996266,-0.005551215306769684
2018-09-26,6.715250015258789,6.75600004196167,6.6570000648498535,6.672999858856201,268548000,6.8185874938964846,6.558689985275269,6.725311439779075,48.611770519101725,0.020545806547256795,-0.04222719945218767,0.0017983042375482295
2018-09-27,6.708499908447266,6.730000019073486,6.653250217437744,6.684999942779541,214428000,6.804724979400635,6.56653998374939,6.721472249588643,49.20370067527591,0.015743703832947098,-0.20152821841905355,0.050934911121048095
2018-09-28,6.8182501792907715,7.047999858856201,6.789999961853027,7.0254998207092285,709396000,6.808737468719483,6.581034984588623,6.750427256362032,62.42835619078717,0.038964340642817064,2.308317943552148,0.029677658615807293
2018-10-01,7.104000091552734,7.301499843597412,7.065000057220459,7.234000205993652,622060000,6.819587469100952,6.600269985198975,6.7964818229936155,67.9336057074093,0.0733456185576511,-0.12311318360971868,-0.009953003131410754
2018-10-02,7.206250190734863,7.318999767303467,7.139500141143799,7.1620001792907715,383964000,6.823062467575073,6.618804988861084,6.831293095021916,64.42310593639864,0.09370307783021037,-0.3827540751695978,0.0008726479302025465
2018-10-03,7.232999801635742,7.240499973297119,7.0632500648498535,7.16825008392334,320552000,6.833449983596802,6.637814989089966,6.863384236822052,64.59414087505132,0.1090833807314775,-0.1651508995635007,-0.025947737330962534
2018-10-04,7.131750106811523,7.15625,6.9045000076293945,6.982250213623047,391220000,6.841662502288818,6.6515249919891355,6.874704806041194,55.970340603144905,0.1050527636560199,0.22045721131048945,-0.03376421513859333
2018-10-05,6.957250118255615,7.019999980926514,6.688499927520752,6.746500015258789,426636000,6.8391624927520756,6.659034996032715,6.86249482596668,47.34285712892269,0.08189140666293149,0.09052706916824294,-0.015156021485342973
2018-10-08,6.662499904632568,6.7789998054504395,6.501999855041504,6.64424991607666,408612000,6.827962493896484,6.665909996032715,6.841709596453344,44.16318098860064,0.05465510587418265,-0.0422467864877788,-0.0008653651693174725
2018-10-09,6.623499870300293,6.718999862670898,6.570000171661377,6.638500213623047,273500000,6.818887495994568,6.676614999771118,6.822356321898078,43.984288415666136,0.032234607842547724,-0.3306608714379411,-0.07475335341098915
2018-10-10,6.531499862670898,6.577750205993652,6.139999866485596,6.142250061035156,684940000,6.790750002861023,6.677030000686646,6.75758429705399,31.953574955454002,-0.025285562136171613,1.5043510054844607,-0.042980981943342066
2018-10-11,6.0542497634887695,6.189000129699707,5.856500148773193,5.8782501220703125,725436000,6.74548749923706,6.671360006332398,6.673838185150783,27.624663817200442,-0.09112289201257884,0.05912342686950689,0.04852629679911327
2018-10-12,6.137750148773193,6.238500118255615,5.991250038146973,6.16349983215332,608236000,6.708124995231628,6.6693200016021725,6.625234532484358,37.48025114278424,-0.11891144547593324,-0.16155801476629228,-0.04526645786456788
2018-10-15,6.150000095367432,6.150000095367432,5.883500099182129,5.884500026702881,449760000,6.659937500953674,6.660960006713867,6.554688389076598,32.7786446202191,-0.1615843827213208,-0.26055018117967366,0.04439629839204304
2018-10-16,5.9982500076293945,6.1570000648498535,5.948500156402588,6.145750045776367,408712000,6.628450012207031,6.656860008239746,6.515741880190862,40.32709928709827,-0.1723357208339662,-0.09126645321949489,-0.0112679666917328
2018-10-17,6.208499908447266,6.247000217437744,6.0269999504089355,6.076499938964844,329668000,6.592300009727478,6.649915008544922,6.473909314359813,39.07455350005508,-0.18431941909141525,-0.1933977960030535,-0.014523189517602286
2018-10-18,6.146500110626221,6.1852498054504395,5.927249908447266,5.988249778747559,524020000,6.558862495422363,6.640470008850098,6.427656025253884,37.47705019708839,-0.19864774909288752,0.5895385660725336,-0.04325133955552795
2018-10-19,6.044000148773193,6.06374979019165,5.692500114440918,5.729249954223633,613608000,6.516012501716614,6.626825008392334,6.361141161346241,33.18855668444462,-0.22827081131711324,0.1709629403457884,0.008945321173975299
2018-10-22,5.7820000648498535,5.882999897003174,5.676750183105469,5.7804999351501465,368844000,6.4729125022888185,6.615040006637574,6.305841996946613,34.77895544524769,-0.24479006886825605,-0.3988931043923808,-0.04394078590650659
2018-10-23,5.510749816894531,5.604750156402588,5.417749881744385,5.526500225067139,626436000,6.413725018501282,6.597510013580322,6.23161897105333,30.858358548017975,-0.27520496184094956,0.6983765494355336,-0.09793724904358628
2018-10-24,5.487750053405762,5.534749984741211,4.971250057220459,4.985249996185303,884288000,6.329337525367737,6.566500015258789,6.112917163923042,24.516185219453263,-0.33907471149570245,0.41161746770619834,0.04227473108832887
2018-10-25,4.886750221252441,5.243750095367432,4.8420000076293945,5.196000099182129,951720000,6.254887533187866,6.540880012512207,6.025591729185812,30.505410713128498,-0.368439040342321,0.07625569950061517,-0.045948802226561516
2018-10-26,4.957749843597412,5.120999813079834,4.828000068664551,4.957250118255615,664784000,6.151475048065185,6.511305017471313,5.923844909097221,27.813092790344996,-0.4062921279132423,-0.30149203547261805,-0.06389632195974897
2018-10-29,5.09975004196167,5.103250026702881,4.40024995803833,4.640500068664551,758016000,6.0218000411987305,6.481705017089844,5.801621590960776,24.698647749879797,-0.4565868058588265,0.1402440491949264,0.09363209442331219
2018-10-30,4.663750171661377,5.085000038146973,4.640500068664551,5.074999809265137,807192000,5.917450022697449,6.459285011291504,5.7324195165135725,35.38695877481702,-0.45612725165593204,0.06487462006079037,0.03857147662426715
2018-10-31,5.241250038146973,5.3147501945495605,5.100249767303467,5.270750045776367,745772000,5.8225750207901,6.438040008544922,5.688450995490982,39.54990456885733,-0.4349537672264896,-0.07609094242757608,0.03453022029817713
2018-11-01,5.307499885559082,5.462250232696533,5.179749965667725,5.452750205993652,566528000,5.7461000204086305,6.4156850147247315,5.666003301253141,43.21328069151877,-0.3988895855367849,-0.24034691567932287,-0.014625658249940578
2018-11-02,5.4432501792907715,5.550000190734863,5.255249977111816,5.373000144958496,452960000,5.677425026893616,6.389725017547607,5.6380982387488885,42.01184585593331,-0.3724502505002274,-0.20046317216448262,-0.014656640869123334
2018-11-05,5.359749794006348,5.3832502365112305,5.131999969482422,5.294250011444092,379332000,5.609925031661987,6.3595000171661376,5.6053507885293845,40.80540608960731,-0.3537732864015064,-0.16254856941010243,-0.00335265360317043
2018-11-06,5.286250114440918,5.371250152587891,5.238999843597412,5.276500225067139,299012000,5.5418250322341915,6.327080020904541,5.574031687247266,40.522943213653086,-0.3365246702926763,-0.21174063880716631,0.012934653566274578
2018-11-07,5.34375,5.4352498054504395,5.2795000076293945,5.344749927520752,483812000,5.501950025558472,6.296785020828247,5.552195329178074,42.18028445791665,-0.3137313375866926,0.6180353965727128,-0.03648434397653334
2018-11-08,5.284999847412109,5.285749912261963,5.095749855041504,5.149750232696533,511352000,5.465525031089783,6.260535020828247,5.513867224751261,38.8493641900664,-0.30785355869947306,0.05692293700859019,-0.0015535459932671033
2018-11-09,5.059999942779541,5.232999801635742,5.026000022888184,5.141749858856201,413240000,5.414437532424927,6.2244650173187255,5.478427475618398,38.71428544614525,-0.300378365077667,-0.19186783272579355,-0.0784265574308374
2018-11-12,5.049499988555908,5.071750164031982,4.7164998054504395,4.738500118255615,617116000,5.357137537002563,6.178895015716552,5.407958203488609,32.567643297337995,-0.323266687101909,0.4933597909205305,0.05154580871871841
2018-11-13,4.837250232696533,5.105249881744385,4.830999851226807,4.982749938964844,644712000,5.298987531661988,6.136700010299682,5.367462178295869,38.895870767813,-0.3180308661002007,0.0447176867882213,-0.010636691374508307
2018-11-14,5.15749979019165,5.171999931335449,4.8207502365112305,4.929749965667725,526580000,5.241650032997131,6.096085014343262,5.325775300902713,38.06118665285987,-0.31453236186216316,-0.18323220290610376,0.026370529001729953
2018-11-15,4.923749923706055,5.132500171661377,4.887499809265137,5.059750080108643,840708000,5.195225048065185,6.06092001914978,5.3004395655889915,41.383867132566884,-0.29783657463351787,0.5965437350450074,-0.18755864750616455
2018-11-16,4.083000183105469,4.266499996185303,4.040249824523926,4.110750198364258,1963520000,5.114300060272217,6.007205018997192,5.187135816329493,29.10813930010032,-0.3570653749253445,1.3355552700818834,-0.11999029564076379
2018-11-19,4.044750213623047,4.045499801635742,3.6157500743865967,3.617500066757202,1697820000,5.00615006685257,5.942190022468567,5.037646697322608,24.963330990546794,-0.4387481734026899,-0.135318204041721,0.030269503611538864
2018-11-20,3.3515000343322754,3.8564999103546143,3.332750082015991,3.7269999980926514,1692032000,4.916175055503845,5.880330018997192,4.91282320215785,27.433669608160315,-0.4890096514946176,-0.003409077522941173,-0.02931313891077573
2018-11-21,3.865499973297119,3.882499933242798,3.590250015258789,3.6177499294281006,1025496000,4.847800052165985,5.818585019111634,4.789482890469302,26.496404518070534,-0.5315306480527635,-0.3939263560027233,0.002004027562249311
2018-11-23,3.582750082015991,3.7397499084472656,3.5697500705718994,3.625,411968000,4.769250047206879,5.755415015220642,4.678579758043655,26.675437570436856,-0.5582091366147743,-0.5982743959995944,0.05551726242591607
2018-11-26,3.7472500801086426,3.836750030517578,3.6640000343322754,3.8262500762939458,814832000,4.712700045108795,5.693725018501282,4.59740550263892,31.651994551850308,-0.5566955915203691,0.9779011962094144,0.004442981929227218
2018-11-27,3.799999952316284,3.9252500534057617,3.7637500762939458,3.843250036239624,738060000,4.672837543487549,5.633625020980835,4.525581172505654,32.07139484128159,-0.5478095341257196,-0.09421819467080328,0.041241125255036384
2018-11-28,3.961999893188477,4.006999969482422,3.828249931335449,4.0017499923706055,804524000,4.619175052642822,5.578150024414063,4.4756924886832685,36.01374764135988,-0.5219608085083429,0.09005229927106195,-0.016930087397009488
2018-11-29,4.0,4.037499904632568,3.9035000801086426,3.934000015258789,549172000,4.552337551116944,5.52084002494812,4.424102729309508,35.076648436277296,-0.5011652432101066,-0.31739513053681434,0.03857399266635605
2018-11-30,3.943749904632568,4.096499919891357,3.89299988746643,4.085750102996826,729564000,4.483987545967102,5.46941502571106,4.391878669660682,38.91094035187515,-0.46705571646788346,0.3284799662036666,0.04044540668376118
2018-12-03,4.315000057220459,4.367000102996826,4.183499813079834,4.250999927520752,890804000,4.4278875350952145,5.422710027694702,4.378461646599736,42.867896149351914,-0.42182683382784614,0.22100871205267802,-0.0760408897685057
2018-12-04,4.205999851226807,4.210999965667725,3.912499904632568,3.9277501106262207,812112000,4.359562540054322,5.368415031433106,4.335536738411783,37.72081734741753,-0.4073702663398837,-0.08833817540109834,0.0075106630509880375
2018-12-06,3.78600001335144,3.962249994277954,3.770250082015991,3.9572501182556152,692308000,4.293600034713745,5.313355035781861,4.299509441254052,38.44716614832529,-0.38904822264138783,-0.14752152412475128,-0.0674711454634951
2018-12-07,3.9614999294281006,3.971750020980835,3.640500068664551,3.6902499198913574,681676000,4.210875034332275,5.253700037002563,4.2414847249337955,34.522694922964874,-0.3915589082440869,-0.01535732650785493,0.02879210080352615
2018-12-10,3.6449999809265137,3.821500062942505,3.641249895095825,3.7964999675750737,629472000,4.143212521076203,5.195930037498474,4.199105224232965,37.26689535780013,-0.38058797255355037,-0.07658183653231154,-0.024166971506263703
2018-12-11,3.888999938964844,3.897249937057495,3.625,3.704750061035156,671912000,4.07136253118515,5.129515042304993,4.1520237801188875,35.868904518135935,-0.3749744061091236,0.06742158507447504,0.00479115311508316
2018-12-12,3.7105000019073486,3.819499969482422,3.620500087738037,3.722500085830689,654136000,4.020562529563904,5.0592850399017335,4.11111676161525,36.366236897662745,-0.3648871437418042,-0.02645584540832724,-6.718632201781998e-05
2018-12-13,3.7697501182556152,3.8345000743865967,3.686000108718872,3.722249984741211,471384000,3.957537531852722,4.990490036010742,4.074081830484389,36.36195805180825,-0.35284571099116446,-0.27937921166240665,-0.016387902626194512
2018-12-14,3.6802499294281006,3.7647500038146977,3.637500047683716,3.661250114440918,471820000,3.894112539291382,4.920350036621094,4.034764524194535,35.271886568798834,-0.34425659280887855,0.0009249359333367568,-0.019597176316630542
2018-12-17,3.63100004196167,3.703749895095825,3.5309998989105225,3.5894999504089355,662868000,3.8206000328063965,4.852495031356812,3.992358374310192,33.98147395535236,-0.33932773446566333,0.40491712941375946,0.02340161910760035
2018-12-18,3.6337499618530273,3.7582499980926514,3.606250047683716,3.673500061035156,564372000,3.7987375259399414,4.7910350322723385,3.9619909159030455,36.892349036758745,-0.3248982470588797,-0.14859066963558354,-0.05737038233162257
2018-12-19,3.63949990272522,3.69350004196167,3.410749912261963,3.46274995803833,745364000,3.791000020503998,4.727405033111572,3.9144441580111677,32.965129726795496,-0.32670252300990565,0.32069627834123593,-0.024619132727147792
2018-12-20,3.4542500972747803,3.5450000762939453,3.3172500133514404,3.377500057220459,749588000,3.773525023460388,4.662185029983521,3.863306624602529,31.504204032591318,-0.331193585737521,0.005667029800205059,-0.0409326751121785
2018-12-21,3.404249906539917,3.4375,3.2114999294281006,3.2392499446868896,863740000,3.7546000242233277,4.604125027656555,3.803872655086754,29.241008971521765,-0.3419664377548539,0.1522863226198925,-0.019217380558306876
2018-12-24,3.16225004196167,3.249500036239624,3.112499952316284,3.177000045776367,463840000,3.732200026512146,4.550100026130676,3.744170501819098,28.256697124583866,-0.3514754569093892,-0.4629865468775326,0.04737175226921652
2018-12-26,3.2235000133514404,3.3285000324249268,3.111500024795532,3.327500104904175,695100000,3.7072625279426576,4.493380031585693,3.7044876068748196,34.037891740727304,-0.3429144221067708,0.4985770955501898,-0.014500434813854745
2018-12-27,3.274749994277954,3.309499979019165,3.129499912261963,3.279249906539917,637044000,3.679062521457672,4.441275029182434,3.6639887782714955,33.11653415076876,-0.33614822066817274,-0.08352179542511873,0.018906773807014613
2018-12-28,3.299999952316284,3.4347500801086426,3.2577500343322754,3.341249942779541,628728000,3.646037518978119,4.385185027122498,3.6332517463198806,35.53139098570226,-0.32207044490464964,-0.01305404336278182,-0.0011222888069815954
2018-12-31,3.384999990463257,3.4177498817443848,3.30649995803833,3.3375000953674316,465140000,3.616212522983551,4.3304050302505495,3.6050849224196475,35.448028426274064,-0.307669663175167,-0.26018882569250934,0.020374483247836018
2019-01-02,3.2660000324249268,3.461999893188477,3.2512500286102295,3.4054999351501465,508752000,3.582200014591217,4.278750033378601,3.586076828393981,38.27610479328208,-0.2874563037956106,0.09376101818807236,-0.06041697033444131
2019-01-03,3.344749927520752,3.378999948501587,3.1922500133514404,3.1997499465942383,705552000,3.5296375155448914,4.228160033226013,3.5492837920321003,33.49451872996987,-0.2847568754053116,0.38682894612699315,0.06406755701108226
2019-01-04,3.2734999656677246,3.4432499408721924,3.242500066757202,3.404750108718872,585620000,3.5034875154495237,4.1806450366973875,3.5355186793356026,41.355401625911114,-0.2630435567487779,-0.1699832188130712,0.052940722130096186
2019-01-07,3.4625000953674316,3.6222500801086426,3.410749912261963,3.5850000381469727,709160000,3.4848750114440916,4.141815032958984,3.54023118969859,47.258401287060444,-0.22865513828288409,0.2109559099757521,-0.024895421698285115
2019-01-08,3.667249917984009,3.66950011253357,3.422499895095825,3.4957499504089355,786016000,3.4751500129699706,4.112025032043457,3.5359948811948136,44.851070411446514,-0.20622655373990062,0.10837610694342592,0.019666779382519914
2019-01-09,3.547499895095825,3.6122500896453857,3.496500015258789,3.564500093460083,617260000,3.463550019264221,4.079395031929016,3.5387096633153154,47.08705265923443,-0.18081979884043564,-0.21469791963522367,0.01858601365550808
2019-01-10,3.5450000762939453,3.63949990272522,3.4839999675750732,3.630749940872192,523156000,3.459850013256073,4.052865028381348,3.547475404035018,49.22348957861868,-0.15356870903914288,-0.15245439523053494,0.024788309317240093
2019-01-11,3.60824990272522,3.743750095367432,3.580250024795532,3.720750093460083,874764000,3.4597625136375427,4.034470028877259,3.5639777554088337,52.05559306611254,-0.12328856999648474,0.6720901604875027,0.010817664049695894
2019-01-14,3.6679999828338623,3.786499977111816,3.64424991607666,3.760999917984009,730168000,3.4617000102996824,4.008190031051636,3.582741770892184,53.30982315606482,-0.09494900417486996,-0.1652971544325098,-0.003788833274790509
2019-01-15,3.7939999103546143,3.833750009536743,3.728250026702881,3.7467501163482666,617012000,3.46597501039505,3.9777100324630736,3.598361613316573,52.7833626104749,-0.07280033701862276,-0.15497255426148504,-0.006872665488133032
2019-01-16,3.774250030517578,3.807499885559082,3.7155001163482666,3.7209999561309814,470104000,3.4725500106811524,3.94307502746582,3.6100414554893736,51.788084987527796,-0.05667190303013703,-0.23809585551010348,0.019349644598691422
2019-01-17,3.6877501010894775,3.833250045776367,3.660249948501587,3.7929999828338623,493436000,3.4785250067710876,3.9114750242233276,3.6274660771412295,54.37841422907129,-0.03764624004827155,0.0496315708864421,0.03433956701853248
2019-01-18,3.843250036239624,3.94950008392334,3.791249990463257,3.9232499599456783,651336000,3.501550006866455,3.8840550231933593,3.655635970741653,58.701235923994254,-0.011920765292325441,0.3200009727705315,-0.05199770554209778
2019-01-22,3.892750024795532,3.9045000076293945,3.6887500286102295,3.719249963760376,661552000,3.518637502193451,3.852910017967224,3.6616944462672456,50.612319095679084,-0.007903133594702183,0.015684685016642774,0.0034953314702592564
2019-01-23,3.775000095367432,3.864500045776367,3.70075011253357,3.732249975204468,591020000,3.5432875037193297,3.8206600189208983,3.668414020451743,51.074990123873114,-0.0036283143022237674,-0.10661595762691367,0.057271116725227
2019-01-24,3.817500114440918,3.963749885559082,3.8127501010894775,3.946000099182129,708972000,3.5817375063896177,3.7965850162506105,3.6948507898546366,58.03607732400801,0.01681354334454266,0.19957361849006805,0.014635009320438187
2019-01-25,3.885999917984009,4.021999835968018,3.7825000286102295,4.003749847412109,1154572000,3.615549993515015,3.7738250160217284,3.724269747717253,59.704223426907724,0.03724445397110099,0.6285156536506378,-0.13824538449005724
2019-01-28,3.413749933242798,3.5409998893737793,3.2750000953674316,3.4502499103546143,2511528000,3.6240999937057494,3.7480600118637084,3.6981726203493825,42.33416811945699,0.008673298326683287,1.1752891980751308,-0.046445895997463134
2019-01-29,3.403749942779541,3.452500104904175,3.27524995803833,3.2899999618530273,1153932000,3.6215374946594237,3.714205012321472,3.65929903382592,38.81335972553138,-0.026593822908547615,-0.5405458350454384,0.043996996940415645
2019-01-30,3.3667500019073486,3.4492499828338623,3.2864999771118164,3.4347500801086426,974228000,3.6263999938964844,3.6843050146102905,3.6379134191861793,43.39295947415551,-0.042374676859821214,-0.15573188021477868,0.0462915543148712
2019-01-31,3.43149995803833,3.62975001335144,3.4094998836517334,3.59375,842852000,3.635812497138977,3.6549850130081176,3.633707379263686,47.99722242522544,-0.041571937179487595,-0.1348513900236905,0.006817361582880558
2019-02-01,3.612499952316284,3.669749975204468,3.564500093460083,3.618249893188477,625048000,3.656737494468689,3.645135006904602,3.6322352377327136,48.689763683954276,-0.038514848375820865,-0.2584131021816404,0.03074695375078071
2019-02-04,3.6342499256134033,3.7669999599456783,3.611999988555908,3.7295000553131104,528592000,3.6729749917984007,3.6473750066757202,3.6414985536927515,51.826977724327215,-0.02680612087154355,-0.15431774839692314,0.00516152722648077
2019-02-05,3.741499900817871,3.785749912261963,3.7074999809265137,3.7487499713897705,542424000,3.681162488460541,3.6478100061416625,3.651712974425801,52.36964894314421,-0.015791527716817466,0.026167630232769357,0.02034013387819439
2019-02-06,3.782249927520752,3.890000104904175,3.776750087738037,3.825000047683716,702464000,3.69762499332428,3.651955008506775,3.668216505212269,54.553530934676175,-0.0008992731166821422,0.295045941919974,-0.0364706246809788
2019-02-07,3.778249979019165,3.7804999351501465,3.642250061035156,3.685499906539917,637120000,3.7036749839782717,3.653165006637573,3.6698625434339496,50.033653587651855,-0.00034952053697390184,-0.09302113702623904,0.0050875569692976075
2019-02-08,3.6177499294281006,3.714999914169311,3.603250026702881,3.70425009727478,461604000,3.707349991798401,3.65072500705719,3.6731375485616478,50.62578717431457,0.0015809221471960733,-0.27548342541436466,-0.011608282838541865
2019-02-11,3.659749984741211,3.714499950408935,3.612499952316284,3.661250114440918,495180000,3.7043749928474425,3.647085008621216,3.672005411978721,49.18621713527743,-0.00035483702599492517,0.07273767125068242,0.032229372047972715
2019-02-12,3.700000047683716,3.7950000762939458,3.685499906539917,3.779249906539917,591060000,3.705287492275238,3.642635006904602,3.6822191733655014,53.125317050724746,0.007545675094370985,0.19362656003877388,0.011311800283168793
2019-02-13,3.809000015258789,3.895750045776367,3.795249938964844,3.822000026702881,605372000,3.7090499877929686,3.640395007133484,3.695531635588109,54.50142974170916,0.017059810414274068,0.02421412377761989,0.010792776079293203
2019-02-14,3.821000099182129,3.89175009727478,3.777499914169311,3.8632500171661377,827264000,3.7161624908447264,3.63594500541687,3.7115048147860166,55.848325641367744,0.027610088774067787,0.366538260771889,0.018184180164401282
2019-02-15,4.073750019073486,4.096749782562256,3.910500049591065,3.933500051498413,1516748000,3.723187494277954,3.629595007896423,3.7326472182824353,58.122006561576576,0.04116532283432628,0.8334509902522049,-0.004449005185081246
2019-02-19,3.9227499961853023,3.9972500801086426,3.9035000801086426,3.9159998893737793,551892000,3.722824990749359,3.6293600034713744,3.7501093774339918,57.32997172893696,0.04992037564271401,-0.6361346776128929,0.012193564232438883
2019-02-20,3.945499897003174,4.031499862670898,3.9342501163482666,3.963749885559082,540988000,3.7350499868392943,3.629489998817444,3.770456092493524,58.97279762004775,0.06001997083623012,-0.01975748878403749,-0.01753389378467784
2019-02-21,3.9765000343322754,4.00124979019165,3.879499912261963,3.89424991607666,448548000,3.743149983882904,3.63356999874115,3.7822459804538227,55.61644348552562,0.061704613711911716,-0.17087255170170135,0.021955448096532878
2019-02-22,3.946500062942505,3.9987499713897705,3.93274998664856,3.979749917984009,401740000,3.7448374748229982,3.637234997749329,3.8010558792662215,58.728400178980564,0.06914181710043188,-0.10435449494814375,-0.0031408529487372038
2019-02-25,4.064000129699707,4.131999969482422,3.9584999084472656,3.967250108718872,656020000,3.743012487888336,3.642484998703003,3.816883901118855,58.087170505018435,0.07318360913466959,0.6329466819335889,-0.010019559667985048
2019-02-26,3.962500095367432,4.019000053405762,3.893749952316284,3.927500009536743,488464000,3.7668749928474425,3.646584997177124,3.827418768587225,55.99343384614289,0.07234530598873512,-0.2554129447272949,-0.01075745840392557
2019-02-27,3.913000106811523,3.9397499561309814,3.8277499675750737,3.8852500915527344,500256000,3.796637499332428,3.6498449993133546,3.8329265136315596,53.774763979182865,0.06749370401540444,0.024140980706868875,-0.007399827686930226
2019-02-28,3.875,3.8975000381469727,3.8340001106262207,3.8564999103546143,324944000,3.8177249908447264,3.6537499952316286,3.8351715990337554,52.257355824874345,0.060629970590119875,-0.350444572378942,0.014196863829634913
2019-03-01,3.906749963760376,3.953749895095825,3.848000049591065,3.911250114440918,357188000,3.8335999965667726,3.660184998512268,3.8424171719296756,54.86908351271248,0.058928999479301414,0.09922940568220984,0.0021092995465034543
2019-03-04,3.950000047683716,3.973000049591065,3.862499952316284,3.91950011253357,409992000,3.8486625075340273,3.6651049995422365,3.8497584043681417,55.266192828593695,0.057582893761928045,0.14783251397023411,-0.0016583762049811946
2019-03-05,3.903749942779541,3.951499938964844,3.848999977111816,3.913000106811523,362924000,3.857837510108948,3.6741100025177,3.8557814236484638,54.85664021512434,0.05535351824186341,-0.1148022400437082,-0.028558682043090467
2019-03-06,3.9040000438690186,3.912499904632568,3.798500061035156,3.8012499809265137,403524000,3.860462510585785,3.6825850009918213,3.85058795291304,48.238138855470226,0.04406150722828661,0.11186915166811784,-0.018349245885401776
2019-03-07,3.777499914169311,3.78725004196167,3.684999942779541,3.7314999103546143,450104000,3.8557875037193297,3.6924300003051758,3.8392462345741425,44.619567604583914,0.02914825642013863,0.11543303496198498,0.009245644619895868
2019-03-08,3.6414999961853023,3.776750087738037,3.619999885559082,3.7660000324249263,422416000,3.8598125100135805,3.704210000038147,3.8322704057980266,46.747450170271236,0.01988405818665573,-0.061514672164655226,0.06970261429198464
2019-03-11,3.789750099182129,4.051499843597412,3.7422499656677246,4.028500080108643,859728000,3.8760250091552733,3.7182299995422365,3.8509589462085616,59.498721455776405,0.03333935900770868,1.0352638157645542,0.00856401176225919
2019-03-12,4.05649995803833,4.109749794006348,3.979749917984009,4.063000202178955,579576000,3.8961125135421755,3.733905005455017,3.8711533515390752,60.8263691129968,0.04625347213513731,-0.3258612026129194,0.03753376031557863
2019-03-13,4.100749969482422,4.244999885559082,4.093249797821045,4.2154998779296875,768900000,3.917925012111664,3.75139000415802,3.9039482588143715,66.11406580146287,0.06800947823919135,0.3266594890057559,-0.01814729953269844
2019-03-14,4.22475004196167,4.23675012588501,4.131249904632568,4.138999938964844,519384000,3.933775007724762,3.767420001029968,3.9263341331144166,61.620657453328235,0.07817718614415536,-0.32451033944596175,0.025670521302029282
2019-03-15,4.182499885559082,4.288249969482422,4.178999900817871,4.245250225067139,661484000,3.952875018119812,3.7842150068283082,3.956707094252771,65.16215546118431,0.09372823725570134,0.2735933336413905,-0.005064509625196635
2019-03-18,4.2769999504089355,4.331250190734863,4.196499824523926,4.223750114440918,486992000,3.967387521266937,3.8046950101852417,3.9821397628421185,63.8776566216589,0.10312887260931447,-0.2637886933017276,0.04001175906648185
2019-03-19,4.318999767303467,4.4375,4.302000045776367,4.392749786376953,854972000,3.991225016117096,3.8244550037384033,4.021245479369245,69.04328331410694,0.1228002402617796,0.7556181621053324,-0.0074553877309638545
2019-03-20,4.421999931335449,4.475749969482422,4.324999809265137,4.360000133514404,719148000,4.011037528514862,3.839955005645752,4.05350782738307,67.04248762004134,0.13420033958721955,-0.15886368208549517,0.05470175094380398
2019-03-21,4.3832502365112305,4.625,4.3782501220703125,4.598499774932861,824312000,4.046250021457672,3.8620100021362305,4.105411822387812,73.14572719038682,0.16062830515948168,0.14623415486102997,-0.03501136953632056
2019-03-22,4.571000099182129,4.619999885559082,4.423500061035156,4.4375,747644000,4.069137525558472,3.8794700002670286,4.1370392678746875,64.46683022527611,0.16666016730653066,-0.0930084725201138,-0.020957731864821742
2019-03-25,4.396500110626221,4.461249828338623,4.277750015258789,4.3445000648498535,525212000,4.088000023365021,3.893745002746582,4.15679743901518,60.0355793645942,0.16206792581652518,-0.2975105799016644,0.017781103156081328
2019-03-26,4.487249851226807,4.543749809265137,4.364999771118164,4.421750068664551,703508000,4.1127125263214115,3.9077650022506716,4.1820310227913104,62.350568665048236,0.1627854813544003,0.33947434559758727,-0.002091968991539167
2019-03-27,4.447500228881836,4.4942498207092285,4.34250020980835,4.412499904632568,474372000,4.1390750169754025,3.9207950019836426,4.203980440109525,61.88827340424412,0.1607546587179396,-0.3257048960352974,0.004249335102574834
2019-03-28,4.43874979019165,4.497499942779541,4.377749919891357,4.431250095367432,480264000,4.167812526226044,3.934485001564026,4.225625169181707,62.49529716419616,0.15882733815007022,0.012420631909134672,0.013032382959010567
2019-03-29,4.498499870300293,4.513500213623047,4.447750091552734,4.488999843597412,456896000,4.196700012683868,3.9498449993133544,4.2507084715070125,64.37722885493123,0.16011414852521266,-0.04865657221861308,0.015148210957694908
2019-04-01,4.581500053405762,4.587500095367432,4.509250164031982,4.557000160217285,483824000,4.2285750150680546,3.965125002861023,4.279879108527038,66.50831334931945,0.16472219731273352,0.05893682588597837,0.003949889930877973
2019-04-02,4.581250190734863,4.619750022888184,4.538000106811523,4.574999809265137,440920000,4.261675000190735,3.978159999847412,4.307985841930667,67.06988350756897,0.16789118534879321,-0.08867687423525905,0.030710398802643608
2019-04-03,4.625,4.775000095367432,4.619999885559082,4.7154998779296875,783504000,4.307387495040894,3.9980849981307984,4.346796702502002,71.13797722749196,0.17966870355713738,0.7769754150412773,-0.0019085621369747763
2019-04-04,4.699999809265137,4.7492499351501465,4.643249988555908,4.706500053405762,457376000,4.356137502193451,4.017569999694825,4.381054164492836,70.53686436522798,0.18613066254971944,-0.4162429292001062,0.014288701618987003
2019-04-05,4.75,4.791250228881836,4.713250160217285,4.773749828338623,481744000,4.406524991989135,4.0341249942779545,4.418453751525768,72.41274206683423,0.1944369581932559,0.053277828307563224,0.004399138212010673
2019-04-08,4.743000030517578,4.820000171661377,4.71875,4.794750213623047,424192000,4.444837498664856,4.049945001602173,4.454291509820747,72.99104376534271,0.20040417829913437,-0.11946594041648673,-0.013191524486540459
2019-04-09,4.761000156402588,4.772250175476074,4.689000129699707,4.731500148773193,439972000,4.478262495994568,4.075570006370544,4.480692332578123,68.3441206366685,0.1977499532282625,0.03720013578756798,0.015005731821308266
2019-04-10,4.73075008392334,4.828499794006348,4.726250171661377,4.802499771118164,444772000,4.507612490653992,4.105820002555848,4.511340660058127,70.60631394020298,0.1990806589782812,0.010909785168147001,-0.002915135790122932
2019-04-11,4.804999828338623,4.836750030517578,4.738749980926514,4.78849983215332,374600000,4.540087485313416,4.132894997596741,4.537736771686241,69.55087595273841,0.19673770500200316,-0.15777072297716588,-0.00798788155438264
2019-04-12,4.827499866485596,4.831500053405762,4.741499900817871,4.750249862670898,471708000,4.565337467193603,4.156024994850159,4.55797611368478,66.62073678747936,0.1896087525547312,0.2592311799252536,-0.027945905619717173
2019-04-15,4.742499828338623,4.747499942779541,4.577499866485596,4.617499828338623,440092000,4.585024952888489,4.176009993553162,4.5636450388899075,57.557635738498284,0.17127286111734552,-0.06702451516616215,0.01900378154857507
2019-04-16,4.6570000648498535,4.724249839782715,4.624000072479248,4.705249786376953,394964000,4.600649952888489,4.195524988174438,4.5771312053172455,61.30494721336138,0.1619553033832224,-0.1025421957227125,-0.004888106802610233
2019-04-17,4.740499973297119,4.761499881744385,4.659749984741211,4.682250022888184,351004000,4.616762447357178,4.214194989204406,4.587142521276382,59.81426144498854,0.15097483908663456,-0.1113012831549205,-0.0052859699024073795
2019-04-18,4.689000129699707,4.723249912261963,4.629499912261963,4.65749979019165,380988000,4.619712448120117,4.230844984054565,4.593843213554027,58.174928964290096,0.13867702269515014,0.08542352793700347,0.011647931888300827
2019-04-22,4.633749961853027,4.727499961853027,4.6020002365112305,4.711750030517578,279936000,4.633424949645996,4.251369986534119,4.605072434217222,60.716375146605884,0.13178927093072623,-0.26523670036851554,0.011672908788113575
2019-04-23,4.724999904632568,4.798250198364258,4.715250015258789,4.766749858856201,346856000,4.6545374393463135,4.272619981765747,4.620470284182839,63.16038875536837,0.129278462880988,0.23905464106081387,0.00262239187547685
2019-04-24,4.777249813079834,4.820250034332275,4.716000080108643,4.779250144958496,318204000,4.672412443161011,4.294979982376098,4.635592175685282,63.7129582829123,0.12683522056093732,-0.08260488502433283,-0.02228386159814998
2019-04-25,4.738749980926514,4.761250019073486,4.59250020980835,4.672749996185303,499296000,4.685424947738648,4.312849984169007,4.639131015732903,56.005401196006076,0.11497984538741335,0.5691066108534149,-0.04718848484310422
2019-04-26,4.517749786376953,4.522250175476074,4.332499980926514,4.452250003814697,868988000,4.686474943161011,4.325454983711243,4.621332824121645,44.10805854667966,0.08679139142545989,0.7404265205409215,0.00696280247123153
2019-04-29,4.460249900817871,4.511250019073486,4.387499809265137,4.483250141143799,391920000,4.68618745803833,4.337854986190796,4.60818209240947,45.84970735658658,0.06619029011484923,-0.5489926213020202,0.009312430247976587
2019-04-30,4.45074987411499,4.550749778747559,4.43149995803833,4.525000095367432,362920000,4.684587454795837,4.349684987068176,4.600259997453085,48.19119585663529,0.052626001503409015,-0.07399469279444781,-0.0029281489139757334
2019-05-01,4.577750205993652,4.620250225067139,4.511499881744385,4.511750221252441,354280000,4.681424975395203,4.36159999370575,4.591830494957786,47.48937207538,0.04034201332853815,-0.023806899592196618,0.01507172082851661
2019-05-02,4.521500110626221,4.6217498779296875,4.478000164031982,4.579750061035156,394684000,4.674637484550476,4.373919997215271,4.5906799774413445,51.401091635293064,0.03568255666902953,0.11404538782883589,-0.0009825672148024995
2019-05-03,4.588250160217285,4.598249912261963,4.51324987411499,4.575250148773193,336824000,4.668074989318848,4.387540001869201,4.58921046994914,51.12965143189221,0.031266379029781355,-0.1465982912912609,-0.017266814625750197
2019-05-06,4.387499809265137,4.508500099182129,4.349999904632568,4.496250152587891,422176000,4.654200005531311,4.39787000656128,4.580357106390926,46.488214986963,0.021148104784479926,0.25340237037740776,-0.03747566102327633
2019-05-07,4.447500228881836,4.447500228881836,4.279250144958496,4.327750205993652,555220000,4.630850005149841,4.405080008506775,4.55629930635309,38.467227442315135,-0.0004619132817156313,0.3151387099219283,0.004679069408712036
2019-05-08,4.300000190734863,4.428750038146973,4.288000106811523,4.3480000495910645,419168000,4.6116750001907345,4.4134900093078615,4.536461281899563,39.811250987682754,-0.01577220300920601,-0.24504160512949824,-0.02144670505856444
2019-05-09,4.278500080108643,4.288249969482422,4.135000228881836,4.254749774932861,660248000,4.584287500381469,4.420880002975464,4.509631614569401,35.92031844973202,-0.03502647239226242,0.5751393236124895,-0.00804977598542709
2019-05-10,4.223750114440918,4.289750099182129,4.099999904632568,4.2204999923706055,569500000,4.555887508392334,4.428160004615783,4.482095269598087,34.58339101991959,-0.052444740490593666,-0.13744532357538375,-0.061426353768996377
2019-05-13,4.087500095367432,4.110750198364258,3.9452500343322754,3.961250066757202,656912000,4.516437518596649,4.429160003662109,4.432490964565622,26.533248272270654,-0.08617477662237238,0.15348902546093068,0.022657002205337964
2019-05-14,4.00124979019165,4.08650016784668,3.962249994277954,4.051000118255615,524880000,4.488112533092499,4.43179000377655,4.396158503012288,32.39982277381566,-0.10445984610326686,-0.2009888691331564,-0.015181454130820995
2019-05-15,3.994999885559082,4.026249885559082,3.9352500438690186,3.989500045776367,502320000,4.4523250460624695,4.433320002555847,4.3574291261326765,30.596822927721846,-0.12250131833190459,-0.04298125285779608,0.003822466219204292
2019-05-16,3.9839999675750737,4.047749996185303,3.941250085830689,4.004749774932861,781088000,4.418450033664703,4.437389998435974,4.323840616494599,31.613065484882426,-0.13402384589078142,0.5549609810479377,-0.022847820860910948
2019-05-17,3.962500095367432,4.092750072479248,3.873500108718872,3.913249969482422,1022068000,4.381237542629242,4.441024999618531,4.284736745350582,28.880529434819906,-0.1488232597020076,0.3085183743701094,-0.03053725745368407
2019-05-20,3.8137500286102295,3.869250059127808,3.768749952316284,3.793750047683716,572064000,4.335337543487549,4.4415799999237064,4.237976107477547,25.750058710523007,-0.1682550077636682,-0.440287730366277,0.021812149603249495
2019-05-21,3.8550000190734863,3.8924999237060542,3.815999984741211,3.876499891281128,361848000,4.290825045108795,4.438539996147155,4.203549801173126,31.303040579338088,-0.1749607486900917,-0.3674693740560496,-0.01844442835784425
2019-05-22,3.837500095367432,3.8637499809265137,3.7939999103546143,3.805000066757202,325868000,4.242112541198731,4.433379993438721,4.165592683609704,29.266366985267396,-0.18392436933589273,-0.09943401649311312,-0.03206306882489468
2019-05-23,3.7422499656677246,3.7422499656677246,3.6227500438690186,3.683000087738037,591844000,4.192625045776367,4.422729997634888,4.119631484002879,26.141028611701074,-0.198583336893694,0.8162077896571618,-0.014729839971485458
2019-05-24,3.70199990272522,3.737499952316284,3.621999979019165,3.628750085830689,357584000,4.151450049877167,4.412525000572205,4.072880874653146,24.8692386149998,-0.21213286049547841,-0.3958137617345111,-0.0125387637555938
2019-05-28,3.6465001106262207,3.679500102996826,3.581249952316284,3.583250045776367,428356000,4.1064500451087955,4.399284996986389,4.026249367141072,23.822411047910123,-0.2239607484442816,0.1979171327576177,-0.020860935083876497
2019-05-29,3.535249948501587,3.570499897003174,3.4735000133514404,3.508500099182129,559800000,4.05562504529953,4.3849799966812135,3.9769399130497445,22.17125991858711,-0.23663831168297733,0.3068569134084733,-0.008764439324596914
2019-05-30,3.5077500343322754,3.543750047683716,3.4392499923706055,3.477750062942505,394300000,4.003925037384033,4.366680002212524,3.9293980225633405,21.51075479587145,-0.2463271369212081,-0.2956413004644516,-0.02623828036708131
2019-05-31,3.428499937057495,3.4962499141693115,3.3847498893737793,3.3864998817443848,389720000,3.9442625284194945,4.347209997177124,3.87769343772344,19.640852408777207,-0.2583901667399431,-0.011615521176769006,-0.012402131510749429
2019-06-03,3.397749900817871,3.4367499351501465,3.315000057220459,3.3445000648498535,478644000,3.8827250242233275,4.322130002975464,3.826913116497384,18.829516317567652,-0.26824705393720594,0.22817407369393417,0.06891911447584627
2019-06-04,3.4089999198913574,3.580250024795532,3.3867499828338623,3.575000047683716,641836000,3.8366625189781187,4.304880003929139,3.802921395657987,34.758043569676346,-0.2545252768550128,0.3409465072162192,-0.012027967065824935
2019-06-05,3.649250030517578,3.654750108718872,3.495500087738037,3.5320000648498535,511616000,3.796875011920929,4.288630003929138,3.7771193641524503,33.439719495236204,-0.24430422191006995,-0.20288671872565578,0.017695356413493412
2019-06-06,3.536250114440918,3.619250059127808,3.533750057220459,3.5945000648498535,408140000,3.7592000126838685,4.272085003852844,3.759727049933155,37.16990957654848,-0.2285264241963958,-0.20225325243932946,0.011962715831988298
2019-06-07,3.600500106811523,3.671999931335449,3.581249952316284,3.637500047683716,348856000,3.728337526321411,4.256585006713867,3.7480863830522564,39.67479338619165,-0.2101304139758997,-0.14525407948253055,0.020137471987046286
2019-06-10,3.694000005722046,3.779750108718872,3.694000005722046,3.710750102996826,402780000,3.702850031852722,4.242175006866455,3.744530546856501,43.78617153349311,-0.18747962760750347,0.1545738069575986,0.015630222383505952
2019-06-11,3.7709999084472656,3.809000015258789,3.7290000915527344,3.768749952316284,383872000,3.6932250261306763,4.2277700090408326,3.74683715690029,46.87363816597255,-0.1629699964317659,-0.04694374100004961,-0.03018241654811899
2019-06-12,3.724999904632568,3.731250047683716,3.6397500038146977,3.6549999713897705,358892000,3.673425018787384,4.209730005264282,3.7380907582802405,42.0013646510852,-0.15098415855965053,-0.06507377459153052,0.014090309827392122
2019-06-13,3.6772499084472656,3.724999904632568,3.6594998836517334,3.7065000534057617,308080000,3.6592750191688537,4.192360010147095,3.7350821197207664,44.79900065697257,-0.13576465899976986,-0.14158019682801515,-0.024416596531574172
2019-06-14,3.6127500534057617,3.6372499465942383,3.571000099182129,3.615999937057495,394428000,3.6398375272750854,4.170370011329651,3.7237409594671216,41.05160558384137,-0.12951275655756245,0.28027784990911453,0.0026963849452642757
2019-06-17,3.6142499446868896,3.663000106811523,3.591249942779541,3.6257500648498535,276040000,3.625462532043457,4.148755011558532,3.714408493313096,41.61821576330096,-0.12236082557174122,-0.3001511048911335,0.05412672091096116
2019-06-18,3.6875,3.8777499198913574,3.676500082015991,3.822000026702881,581920000,3.626875030994415,4.129720015525818,3.724655306016885,51.68476159615504,-0.0997077678644116,1.1081002753224172,0.0015698696807299527
2019-06-19,3.8575000762939458,3.86899995803833,3.8017499446868896,3.828000068664551,331644000,3.6244500398635866,4.110385012626648,3.7344976643642815,51.957507372430584,-0.08034473904418382,-0.4300866098432774,0.006400180968916147
2019-06-20,3.919250011444092,3.933249950408935,3.838000059127808,3.8524999618530273,350168000,3.6268250346183777,4.092805008888245,3.7457359784108286,53.121217509883365,-0.06230425787319627,0.05585507351256158,-0.015184958358902862
2019-06-21,3.837500095367432,3.88700008392334,3.787499904632568,3.7939999103546143,434428000,3.6323750257492065,4.072635011672974,3.750332543357856,50.00647420388379,-0.052126628495535954,0.24062735601197138,0.005930426641699536
2019-06-24,3.815500020980835,3.846250057220459,3.76799988746643,3.816499948501587,282948000,3.6417625188827514,4.053195013999939,3.756634200990592,51.19185592023131,-0.041763791854640964,-0.3486883902510888,-0.007729597282184454
2019-06-25,3.821500062942505,3.8970000743865967,3.784250020980835,3.786999940872192,311868000,3.651950013637543,4.033930015563965,3.759526176217411,49.53353958745828,-0.03552209661235706,0.10220959328215784,0.05135990824378693
2019-06-26,3.915250062942505,4.043000221252441,3.902250051498413,3.9814999103546143,584072000,3.675600004196167,4.021210017204285,3.780666531849526,58.97072413571326,-0.014711402243168248,0.8728179870971051,0.024927811235955593
2019-06-27,4.067749977111816,4.099999904632568,4.031499862670898,4.080749988555908,445440000,3.7057500004768373,4.008720021247864,3.809245908678705,62.79410340175611,0.009678309295680254,-0.2373542987850813,0.006126348204997153
2019-06-28,4.125,4.134250164031982,4.058750152587891,4.10575008392334,397668000,3.741712510585785,3.997190022468567,3.8374844015591463,63.711419468748616,0.030671073131260496,-0.10724676724137927,0.011812716323155
2019-07-01,4.3142499923706055,4.348750114440918,4.116499900817871,4.154250144958496,709756000,3.782200014591217,3.987125029563904,3.8676525675971796,65.48908091733354,0.05063781806357914,0.7847953569309072,-0.02371071753817165
2019-07-02,4.137499809265137,4.158750057220459,4.042500019073486,4.055749893188477,400228000,3.806237506866455,3.9740050268173217,3.8855665986058745,59.15148606595253,0.05784664009939888,-0.4361048022137185,0.003205328678162568
2019-07-03,4.079249858856201,4.085000038146973,4.008500099182129,4.068749904632568,246636000,3.833074998855591,3.960045027732849,3.903012627751274,59.70571614958725,0.06387239457201277,-0.3837612560840321,-0.015483803826346539
2019-07-05,4.010000228881836,4.014500141143799,3.941999912261963,4.0057501792907715,396552000,3.8536375045776365,3.9445750284194947,3.9127971564693214,55.75753556123686,0.06283991762645869,0.607843137254902,-0.018847967667329272
2019-07-08,3.9457499980926514,3.964750051498413,3.900000095367432,3.9302499294281006,329788000,3.868274998664856,3.9297250270843507,3.9144593253225386,51.37312237310649,0.05529206057036751,-0.16836127418346147,0.0006361064220725569
2019-07-09,3.8877499103546143,3.9609999656677246,3.875,3.93274998664856,342860000,3.879374992847443,3.919335026741028,3.916201293067874,51.509095921121734,0.04894782316143953,0.03963758535786632,0.017481442574419796
2019-07-10,3.9765000343322754,4.0592498779296875,3.962500095367432,4.001500129699707,452076000,3.891012501716614,3.909700026512146,3.924324991794715,55.21756049412205,0.048903798732183645,0.31854401213323214,0.038860409873788006
2019-07-11,4.074999809265137,4.197999954223633,4.037499904632568,4.1570000648498535,682560000,3.916112506389618,3.9023400259017946,3.946484522561871,62.24981018157376,0.060716551641671224,0.509834629575558,0.007998521655713483
2019-07-12,4.184999942779541,4.261750221252441,4.184999942779541,4.190249919891357,506392000,3.940299999713898,3.895910019874573,3.969700274688489,63.567226374458734,0.07193204105678364,-0.2580989217065166,-0.0020285422933315855
2019-07-15,4.21150016784668,4.227749824523926,4.153250217437744,4.1817498207092285,289840000,3.9685874938964845,3.8879500150680544,3.9898954695476068,62.962298837981194,0.0792212964637038,-0.42763708747373574,-0.0011358343125499942
2019-07-16,4.166749954223633,4.204249858856201,4.120999813079834,4.177000045776367,341444000,3.99614999294281,3.8799850130081177,4.007714952997965,62.603786246699315,0.08365054533244498,0.17804305823902844,0.01574099146510584
2019-07-17,4.178750038146973,4.249750137329102,4.149250030517578,4.24275016784668,348204000,4.0171875,3.8749150133132932,4.030099259174033,65.52979684865842,0.09141249597501755,0.019798268530125007,0.002769369854564532
2019-07-18,4.2532501220703125,4.317749977111816,4.196249961853027,4.254499912261963,442192000,4.038512492179871,3.8734500074386595,4.051470749944312,66.04114633391667,0.09738936003893528,0.2699222294976509,-0.010224455868212945
2019-07-19,4.293000221252441,4.299499988555908,4.204999923706055,4.210999965667725,344896000,4.0564374923706055,3.870710005760193,4.066664008584637,62.353255149060026,0.09749215682749135,-0.22003111770452655,0.017098082947018988
2019-07-22,4.232500076293945,4.296000003814697,4.224999904632568,4.2829999923706055,315940000,4.080887496471405,3.8712750101089477,4.087267435611873,65.76132910017176,0.10220526576545019,-0.08395574318055299,0.025332711652573083
2019-07-23,4.322500228881836,4.393499851226807,4.3067498207092285,4.391499996185303,428176000,4.109637498855591,3.8746950101852415,4.116241965190294,70.14713471947144,0.11338841106940567,0.3552446667088687,0.017078403581984664
2019-07-24,4.434999942779541,4.472249984741211,4.358500003814697,4.4664998054504395,366236000,4.143612492084503,3.8848000049591063,4.14959985473888,72.7459675232347,0.12684084974101228,-0.14466013975561454,-0.029553335997315664
2019-07-25,4.424749851226807,4.4375,4.310999870300293,4.334499835968018,392700000,4.161262488365173,3.8904699993133547,4.167209376760702,62.442753530286296,0.12540511780431718,0.07225941742482989,0.009747412158605428
2019-07-26,4.36175012588501,4.423749923706055,4.36175012588501,4.3767499923706055,274160000,4.176062488555909,3.898214998245239,4.187165625866407,64.19097122344012,0.12622152129566722,-0.30185892538833714,-0.00142797844141497
2019-07-29,4.369500160217285,4.386750221252441,4.281750202178955,4.370500087738037,248160000,4.189299988746643,3.9055300045013426,4.204626050806562,63.718476564403375,0.12492416387466143,-0.09483513276918587,0.0036036908864588613
2019-07-30,4.323750019073486,4.398499965667725,4.3092498779296875,4.386250019073486,197772000,4.200899982452393,3.914990005493164,4.221923571593888,64.42904905546126,0.12374048333653409,-0.2030464216634429,-0.03835852566354153
2019-07-31,4.354499816894531,4.355500221252441,4.17549991607666,4.2179999351501465,359416000,4.209012484550476,3.9234750032424928,4.22154989193258,52.5817529238301,0.1079812912248963,0.8173250005056327,-0.022522473127603006
2019-08-01,4.228499889373779,4.319499969482422,4.070499897003174,4.123000144958496,421212000,4.2117249965667725,3.92840500831604,4.212164201744572,47.293732177471725,0.08682545897143168,0.17193447147594987,-0.022617092257982887
2019-08-02,4.029749870300293,4.0995001792907715,3.98200011253357,4.029749870300293,428348000,4.212924981117249,3.932900004386902,4.194791408273688,42.74911434046143,0.061822144452861494,0.016941587609089925,-0.06452007206722804
2019-08-05,3.8450000286102295,3.846250057220459,3.722500085830689,3.7697501182556152,589156000,4.204899990558625,3.9346350049972534,4.154311285414824,33.17647804130458,0.020787406197393388,0.37541438269817995,0.010345459165803357
2019-08-06,3.8450000286102295,3.890749931335449,3.7607500553131104,3.808749914169311,361272000,4.1986999869346615,3.938235001564026,4.121400678629537,35.509268986041675,-0.008488116194230066,-0.3867973847334153,0.01010832200577725
2019-08-07,3.747499942779541,3.859250068664551,3.7300000190734863,3.847249984741211,372560000,4.190987479686737,3.943515000343323,4.095291088735411,37.81708616938679,-0.028256817666897582,0.031245156004340302,0.02839692484186197
2019-08-08,3.905250072479248,3.957750082015991,3.847500085830689,3.9565000534057617,309300000,4.180962479114532,3.9524749994277952,4.082072894894492,43.94691693051925,-0.03470799633273369,-0.1697981533175864,-0.025780360600488203
2019-08-09,3.915250062942505,3.918750047683716,3.8037500381469727,3.8545000553131104,341816000,4.16417498588562,3.9600099992752074,4.0603992911248366,39.983901919953006,-0.04750355785515037,0.10512770772712576,-0.017706561134462943
2019-08-12,3.802000045776367,3.8545000553131104,3.7642500400543217,3.786250114440918,279200000,4.144400000572205,3.968005003929138,4.034289845726368,37.544251743458496,-0.062431659084966284,-0.18318627565707868,0.030372999047144317
2019-08-13,3.784749984741211,3.947499990463257,3.745500087738037,3.901249885559082,351956000,4.13061249256134,3.979140000343323,4.021619373329484,43.769977946394434,-0.06424222207798902,0.2605873925501432,-0.03832102469054016
2019-08-14,3.8125,3.8237500190734863,3.707750082015991,3.7517499923706055,419880000,4.106062483787537,3.9826749992370605,3.9959175275238765,38.40970220388762,-0.07685456664792278,0.1929900328450147,-0.008662631752201007
2019-08-15,3.770750045776367,3.790750026702881,3.6847500801086426,3.719249963760376,477200000,4.079299986362457,3.986419997215271,3.9695682357368764,37.33916216103903,-0.08845279254885252,0.1365151948175669,0.07252809595590674
2019-08-16,3.983750104904175,4.03849983215332,3.921999931335449,3.989000082015991,1007960000,4.068199992179871,3.994309997558594,3.9714188877634586,49.83638206108745,-0.07501318468960205,1.1122380553227158,0.07031829806075268
2019-08-19,4.103000164031982,4.2855000495910645,4.086750030517578,4.269499778747559,815112000,4.067524981498718,4.00694999217987,3.9998075440476586,58.994647029403964,-0.041252682101179605,-0.1913250525814516,-0.01703937662152005
2019-08-20,4.263999938964844,4.264500141143799,4.17549991607666,4.196750164031982,463188000,4.057787489891052,4.016669993400574,4.018563984046166,56.1323132360755,-0.020135417918317522,-0.43174925654388596,0.020015400132458862
2019-08-21,4.26324987411499,4.336249828338623,4.241499900817871,4.280749797821045,427244000,4.048499989509582,4.026909990310669,4.043534061548535,58.62830074899994,0.0033397361217222254,-0.0776013195505928,0.0014601137101981725
2019-08-22,4.290500164031982,4.333250045776367,4.247499942779541,4.2870001792907715,303488000,4.04612500667572,4.039549994468689,4.06672131085732,58.81607637084922,0.022192497083763918,-0.28966117721957474,-0.05271758794931222
2019-08-23,4.210000038146973,4.264750003814697,4.040999889373779,4.060999870300293,568056000,4.030337500572204,4.04663999080658,4.066176411756651,49.98242309726041,0.01868175812220496,0.871757697174188,0.01852995596565457
2019-08-26,4.140250205993652,4.1645002365112305,4.097750186920166,4.136250019073486,318208000,4.018624997138977,4.057044992446899,4.0728500886439685,52.53847127631797,0.021721142506057056,-0.4398298759277255,-0.02206103169749416
2019-08-27,4.174749851226807,4.177499771118164,4.015500068664551,4.045000076293945,290968000,4.0015625,4.0654299926757815,4.070197706515395,49.25164288190945,0.01657569446533902,-0.08560438455349961,-0.0035847072608918094
2019-08-28,4.014500141143799,4.083499908447266,3.974999904632568,4.0304999351501465,255612000,3.9921875,4.0695999908447265,4.066416966385371,48.72994409885162,0.01119875731124953,-0.12151164389211189,0.035851695300755236
2019-08-29,4.122499942779541,4.207499980926514,4.11899995803833,4.175000190734863,357976000,3.994787502288818,4.076539993286133,4.076758225847228,53.96334420442076,0.01838552201139887,0.4004663317841104,0.003053813497860229
2019-08-30,4.221499919891357,4.271500110626221,4.16949987411499,4.187749862670898,290616000,4.0026875019073485,4.08324499130249,4.087328857925673,54.40557296979607,0.02482372434389113,-0.18816903926520212,-0.01993908690477763
2019-09-03,4.114500045776367,4.147749900817871,4.081250190734863,4.104249954223633,296140000,4.019412493705749,4.089449992179871,4.088940390906431,50.95343339514442,0.022924047157384386,0.019007900459713234,0.02795880117612669
2019-09-04,4.165249824523926,4.226500034332275,4.165249824523926,4.218999862670898,227728000,4.039924991130829,4.097499990463257,4.101327007264952,55.16384320719719,0.030328292233181564,-0.23101235901938277,0.06506290091506625
2019-09-05,4.321750164031982,4.499750137329102,4.320000171661377,4.493500232696533,695676000,4.072237503528595,4.111629996299744,4.138676838258435,63.28372400601598,0.05768118279622758,2.054854914635003,-0.0060643793269905735
2019-09-06,4.46999979019165,4.527249813079834,4.427999973297119,4.466249942779541,376976000,4.097724997997284,4.121324996948243,4.169874276784255,62.08174178488243,0.07628036244288605,-0.4581155595420857,0.01035541384341164
2019-09-09,4.497499942779541,4.5995001792907715,4.495999813079834,4.512499809265137,417524000,4.130624985694885,4.1299599933624265,4.2025052798776725,63.353947253572166,0.0936725254476043,0.10756122405670387,0.014847732283900562
2019-09-10,4.479499816894531,4.606249809265137,4.469749927520752,4.579500198364258,352812000,4.170287489891052,4.1394349956512455,4.238409557828776,65.17671023496858,0.11157613120054588,-0.1549898927965817,0.0062779651783419835
2019-09-11,4.594250202178955,4.656750202178955,4.565000057220459,4.608250141143799,361512000,4.205637502670288,4.148514995574951,4.2736324705254445,65.95914440414373,0.12662509261104127,0.024659025203224383,-0.0003255313087962471
2019-09-12,4.65500020980835,4.710000038146973,4.598750114440918,4.606750011444092,327840000,4.248387503623962,4.159534997940064,4.305357950612935,65.87597155997965,0.13685289997813577,-0.09314213636061874,-0.012644478268677695
2019-09-13,4.539750099182129,4.577000141143799,4.504499912261963,4.548500061035156,324592000,4.289850008487702,4.169130001068115,4.328514342081718,62.5763206384266,0.1386598424698402,-0.009907271839921905,-0.009508647541602298
2019-09-16,4.4730000495910645,4.539999961853027,4.462500095367432,4.505249977111816,231832000,4.315662503242493,4.179119997024536,4.3453463073226795,60.16656897837622,0.135045219864387,-0.28577414107556565,0.004772234778413737
2019-09-17,4.51200008392334,4.531000137329102,4.465250015258789,4.526750087738037,223048000,4.328525018692017,4.191050000190735,4.362622857838428,60.97118023835499,0.13238938226204233,-0.037889506194140554,-0.006019835287750297
2019-09-18,4.519750118255615,4.5355000495910645,4.412499904632568,4.499499797821045,258152000,4.34366250038147,4.202384996414184,4.375658756884391,59.335244490837795,0.12662607460572062,0.15738316416197407,-0.016890707901063305
2019-09-19,4.505499839782715,4.52400016784668,4.412749767303467,4.423500061035156,245476000,4.350800013542175,4.210824995040894,4.3802150715654165,54.91017483384818,0.1146049733694916,-0.04910285413244908,-0.02401950596501879
2019-09-20,4.422500133514404,4.446249961853027,4.307000160217285,4.317249774932861,350244000,4.35231249332428,4.214029989242554,4.37421837664803,49.36713496612641,0.09540488577887896,0.42679528752301654,0.012450064496860976
2019-09-23,4.317500114440918,4.416749954223633,4.31374979019165,4.370999813079834,249712000,4.3678124904632565,4.217644987106323,4.3739118467843925,52.006566198478524,0.08356259927626208,-0.28703418188462904,-0.013212022580547683
2019-09-24,4.402500152587891,4.432250022888184,4.277500152587891,4.3132500648498535,317268000,4.376662492752075,4.220274991989136,4.368134534219198,49.048167922581186,0.06872535672422764,0.2705356570769526,0.03303771438325248
2019-09-25,4.312749862670898,4.475500106811523,4.267749786376953,4.455749988555908,308432000,4.397199988365173,4.2258499908447265,4.376478863203647,55.73884974042431,0.06768505682412229,-0.027850271694592532,-0.004993587057896266
2019-09-26,4.446000099182129,4.454750061035156,4.38224983215332,4.433499813079834,234564000,4.4173499822616575,4.22966498374939,4.3819094298585215,54.53468237663527,0.06432372459291003,-0.23949525341080047,-0.03146490812858159
2019-09-27,4.391499996185303,4.442500114440918,4.232999801635742,4.294000148773193,362056000,4.423299980163574,4.2304549884796145,4.373537117374204,47.59255920845818,0.04982898994179674,0.5435275660374141,0.013448939503758452
2019-09-30,4.320000171661377,4.361999988555908,4.28849983215332,4.351749897003174,186184000,4.431499981880188,4.233269987106323,4.371462144005535,50.40705768651182,0.04251168214013301,-0.48575910908809683,-0.00040213532763236197
2019-10-01,4.375,4.525000095367432,4.345250129699707,4.349999904632568,366008000,4.443787479400635,4.234609985351563,4.36941812120811,50.31886964742044,0.03615468453216941,0.9658402440596399,-0.005517170467972382
2019-10-02,4.328000068664551,4.340000152587891,4.2532501220703125,4.326000213623047,293372000,4.449137496948242,4.233299989700317,4.3652830823904845,49.0514388165543,0.028847606388051616,-0.19845467858626042,0.047792396178248465
2019-10-03,4.33050012588501,4.539000034332275,4.300000190734863,4.532750129699707,450588000,4.451099991798401,4.234624996185302,4.3812323249913625,58.701895839497915,0.039286810761162805,0.5358929959232646,0.0036401733413873078
2019-10-04,4.534999847412109,4.578750133514404,4.4695000648498535,4.54925012588501,265524000,4.455250000953674,4.238920001983643,4.397234020314567,59.363435861324014,0.04833420065503624,-0.41071666355961545,0.012969173737685222
2019-10-07,4.614500045776367,4.708499908447266,4.60575008392334,4.608250141143799,480984000,4.460037517547607,4.243550004959107,4.417330793726875,61.724459338247975,0.05957834836284448,0.811452072129073,-0.038517928176369676
2019-10-08,4.515999794006348,4.515999794006348,4.412499904632568,4.430749893188477,444436000,4.452600002288818,4.244755001068115,4.418608803199408,51.94606584278144,0.05354934632138342,-0.07598589558072621,0.019635478256677066
2019-10-09,4.507999897003174,4.567500114440918,4.479000091552734,4.517749786376953,292412000,4.448074984550476,4.247384996414184,4.428050801597269,55.65429226836164,0.055155682682038076,-0.3420604991494839,0.012838269156236464
2019-10-10,4.515500068664551,4.626999855041504,4.510250091552734,4.57574987411499,309124000,4.446524977684021,4.254539995193482,4.442117379932291,57.982197240955855,0.060412441158154806,0.05715223725428498,0.016172291016203242
2019-10-11,4.660250186920166,4.733500003814697,4.641250133514404,4.649750232696533,446404000,4.45158748626709,4.265074996948242,4.461891937338409,60.80896571835602,0.06974568576380324,0.4440936323287743,0.0029033251487273455
2019-10-14,4.640999794006348,4.6842498779296875,4.609749794006348,4.663249969482422,200040000,4.45948748588562,4.277744998931885,4.481068892780696,61.32019687821944,0.07734013634358483,-0.551885735790898,0.05275286864091005
2019-10-15,4.754000186920166,4.982250213623047,4.739999771118164,4.909249782562256,664124000,4.478612470626831,4.300534992218018,4.521848025140844,69.2037585167775,0.10203275209942753,2.3199560087982403,-0.010999623814147676
2019-10-16,4.875,4.980500221252441,4.84375,4.855249881744385,428944000,4.496399974822998,4.321464991569519,4.55360058291261,66.02268110632325,0.11590836777338431,-0.3541206160295367,0.0004119936002023925
2019-10-17,4.900000095367432,4.945250034332275,4.802499771118164,4.857250213623047,263436000,4.518087482452392,4.341664996147156,4.582519595361223,66.08487271411212,0.12561825418890216,-0.385849901152598,-0.0195584462094135
2019-10-18,4.857749938964844,4.890500068664551,4.6875,4.762249946594238,307440000,4.540337491035461,4.357779994010925,4.599636771669129,60.427857726725044,0.12421579911968639,0.16703867352981372,0.02897790183036983
2019-10-21,4.823999881744385,4.913750171661377,4.804999828338623,4.90024995803833,261868000,4.566799998283386,4.37869499206543,4.628266598942386,65.10126790588563,0.13270999279467688,-0.14823054905022115,-0.002040661625489986
2019-10-22,4.957499980926514,5.0632500648498535,4.882500171661377,4.890250205993652,328720000,4.595650005340576,4.400774993896484,4.653217418661555,64.50677800562212,0.13705492223112348,0.2552889241908136,-0.0026583530282680737
2019-10-23,4.807750225067139,4.891499996185303,4.775750160217285,4.8772501945495605,279916000,4.616725015640259,4.420295000076294,4.674553873508032,63.69248183493777,0.13786015181990852,-0.1484667802385009,0.009072737644983274
2019-10-24,4.918749809265137,4.955249786376953,4.884500026702881,4.921500205993652,232020000,4.64112503528595,4.443690004348755,4.698072571839996,65.29824968701334,0.14044988928449786,-0.17110847539976282,0.0390124767297857
2019-10-25,5.002500057220459,5.134500026702881,4.994750022888184,5.113500118255615,423092000,4.6821000337600704,4.47157500743866,4.737637100070055,71.24150828089677,0.15619454965190283,0.8235152142056719,0.011000311736889217
2019-10-28,5.15749979019165,5.222499847412109,5.127999782562256,5.169750213623047,330792000,4.7230000495910645,4.495190010070801,4.778790729932244,72.7158256392483,0.17123730199582532,-0.21815586208200577,-0.01871468744166072
2019-10-29,5.155749797821045,5.16225004196167,5.053500175476074,5.072999954223633,211236000,4.759150052070618,4.511260013580323,4.806810656055234,66.40960277677294,0.17335354251836677,-0.3614234927084089,0.0003942154661048015
2019-10-30,5.099999904632568,5.10575008392334,5.006499767303467,5.074999809265137,205960000,4.796600031852722,4.528825006484985,4.832352480170463,66.47432433679124,0.17319555936961262,-0.024976803196424813,-0.009753692692862552
2019-10-31,5.053999900817871,5.074999809265137,4.945250034332275,5.0254998207092285,209732000,4.821237516403198,4.543720006942749,4.850747464983678,63.22698570215353,0.1671493277942524,0.01831423577393676,0.007810242809797332
2019-11-01,4.989999771118164,5.097249984741211,4.964749813079834,5.0647501945495605,283640000,4.847012519836426,4.5592750072479244,4.871128677323286,64.6995597810419,0.16363850008236724,0.35239257719375194,0.039044297767811875
2019-11-04,5.146249771118164,5.275000095367432,5.123000144958496,5.262499809265137,376716000,4.879725003242493,4.583305006027222,4.9084021184606055,71.00037608782743,0.17479792341837452,0.32814835707234513,-0.004227971391038017
2019-11-05,5.262249946594238,5.28849983215332,5.191999912261963,5.240250110626221,300868000,4.92020001411438,4.605385007858277,4.940006689143045,69.4973107249154,0.1797741574976861,-0.20134000148653097,-0.009446111828809799
2019-11-06,5.216000080108643,5.2417497634887695,5.102749824523926,5.1907501220703125,269012000,4.953850030899048,4.628300008773803,4.963887016088499,66.14253345195543,0.17767549100838398,-0.10588031960859912,0.0034195031468541746
2019-11-07,5.277750015258789,5.292500019073486,5.16349983215332,5.208499908447266,280340000,4.985487532615662,4.651860008239746,4.9871834820274294,66.76211964094057,0.17542238209089867,0.042109645666364326,-0.002687902315624183
2019-11-08,5.191500186920166,5.226250171661377,5.153749942779541,5.194499969482422,189100000,5.012725019454956,4.672250003814697,5.006927909404095,65.74024809996453,0.17054120610318524,-0.3254619390739816,0.0019251571740469867
2019-11-11,5.193749904632568,5.227749824523926,5.10699987411499,5.204500198364258,243436000,5.039787530899048,4.692585010528564,5.025744317876492,66.138938008904,0.1655711724497877,0.2873400317292438,0.0068690385050228005
2019-11-12,5.243000030517578,5.296500205993652,5.207749843597412,5.240250110626221,283504000,5.056337547302246,4.715305013656616,5.0461734409955135,67.59093992469005,0.16264226532400805,0.16459356874085995,-0.004961599606755514
2019-11-13,5.208749771118164,5.236499786376953,5.147500038146973,5.214250087738037,300188000,5.074287557601929,4.735210018157959,5.062180740685277,65.39463728676908,0.15641998850989225,0.05884925785879558,0.005849342597101528
2019-11-14,5.223249912261963,5.247000217437744,5.163000106811523,5.244750022888184,518080000,5.093662548065185,4.750235013961792,5.0795682913712685,66.75917444799549,0.1521954645961685,0.7258517995389555,-0.02669333445343129
2019-11-15,5.242499828338623,5.29449987411499,5.015999794006348,5.104750156402588,1053628000,5.110787558555603,4.763005018234253,5.0819665642313945,55.86918021539684,0.13598315064672306,1.0337168004941324,0.03961996133366625
2019-11-18,5.097249984741211,5.333749771118164,5.094250202178955,5.307000160217285,574588000,5.13112506866455,4.778895025253296,5.10339833527767,64.80186395539397,0.13786543317699884,-0.4546576210958706,-0.02020919735918299
2019-11-19,5.275750160217285,5.299499988555908,5.141250133514404,5.199749946594238,414564000,5.14660005569458,4.7913000202178955,5.112574679212581,58.08733257869046,0.1292134673128187,-0.2785021615487967,0.015337287726189872
2019-11-20,5.176750183105469,5.363749980926514,5.164000034332275,5.2795000076293945,472588000,5.166712546348572,4.804725017547607,5.128472329537992,61.29857237136063,0.1273241716634841,0.13996391389508012,-0.0047353149599969795
2019-11-21,5.275000095367432,5.330999851226807,5.232749938964844,5.254499912261963,288388000,5.183362531661987,4.8176800155639645,5.140474956464084,59.75302383529545,0.12239865696117924,-0.389768678002827,0.003378107053097309
2019-11-22,5.277249813079834,5.323999881744385,5.248499870300293,5.272250175476074,224100000,5.19130003452301,4.8321550178527835,5.153024977322369,60.514261672477545,0.1185607543942746,-0.2229218968889135,0.04893544282159883
2019-11-25,5.401000022888184,5.535250186920166,5.388000011444092,5.530250072479248,506476000,5.2093250274658205,4.852655019760132,5.18895117686112,69.534128645654,0.13478391933049405,1.260044622936189,-0.01903166771212582
2019-11-26,5.512499809265137,5.517250061035156,5.418499946594238,5.425000190734863,385244000,5.226925039291382,4.870620021820068,5.211432035325286,63.19234915481746,0.13756237514615144,-0.23936376057305775,0.00571422293125195
2019-11-27,5.466750144958496,5.50124979019165,5.429500102996826,5.455999851226807,215784000,5.245975041389466,4.889750022888183,5.234724208268288,64.22721922275765,0.1406444729880194,-0.4398770649250865,-0.0068731498634730225
2019-11-29,5.425000190734863,5.453499794006348,5.394499778747559,5.418499946594238,141556000,5.265625047683716,4.909650020599365,5.252226659537426,61.95786606683347,0.13846499060867323,-0.3439921402884366,-0.034557560058074074
2019-12-02,5.411499977111816,5.425000190734863,5.216000080108643,5.231249809265137,372036000,5.2739500284194945,4.927930021286011,5.2502288642733985,52.06531823349156,0.12024213744066792,1.6281895504252732,-0.007598494393169604
2019-12-03,5.046750068664551,5.195499897003174,5.009250164031982,5.191500186920166,465232000,5.270400047302246,4.944340028762817,5.244635656906424,50.23179690267509,0.10142378246453365,0.2505026395295078,0.008475328970784023
2019-12-04,5.2754998207092285,5.297999858856201,5.20674991607666,5.235499858856201,273424000,5.270162534713745,4.962785024642944,5.243765580901641,52.23687497868869,0.08903417581471551,-0.4122846235856519,-0.003247010215909649
2019-12-05,5.257500171661377,5.273250102996826,5.187749862670898,5.218500137329102,184884000,5.271550035476684,4.978040027618408,5.241359348180447,51.375655671501434,0.07695648141381106,-0.32381941599859554,0.01643185281270411
2019-12-06,5.288000106811523,5.337250232696533,5.2779998779296875,5.3042497634887695,232236000,5.27633752822876,4.995455026626587,5.247348911543145,55.37247471408227,0.07345732940972738,0.2561173492568314,0.0
2019-12-09,5.28125,5.359250068664551,5.272500038146973,5.3042497634887695,211880000,5.281825017929077,5.015660018920898,5.252768040299871,55.37247471408227,0.06987870798875306,-0.08765221584939453,0.008530973807733998
2019-12-10,5.334499835968018,5.401500225067139,5.281499862670898,5.3495001792907715,256388000,5.289075016975403,5.03561502456665,5.261980624965671,57.50998080361596,0.06988832599369044,0.21006229941476318,0.015702333110342852
2019-12-11,5.360000133514404,5.439000129699707,5.357500076293945,5.433499813079834,233796000,5.298737502098083,5.057285022735596,5.278315785738448,61.222930323628454,0.07580023879561892,-0.08811644850773048,0.03096532432343488
2019-12-12,5.4045000076293945,5.619999885559082,5.395500183105469,5.601749897003174,404348000,5.31811249256134,5.082800016403199,5.309119034430326,67.37290235066678,0.09298991804120682,0.7294906670772809,-0.00035700541407137607
2019-12-13,5.604750156402588,5.7245001792907715,5.545499801635742,5.59975004196167,454704000,5.335862493515014,5.104140014648437,5.33679817800474,67.23640301549925,0.1052383686942262,0.12453629052202553,0.005178767843766187
2019-12-16,5.647500038146973,5.701499938964844,5.6192498207092285,5.628749847412109,320976000,5.362062478065491,5.125730009078979,5.364603098900679,68.24122756574954,0.11594881031079485,-0.29409901826243,0.01394630654613251
2019-12-17,5.647500038146973,5.730000019073486,5.638000011444092,5.707250118255615,321196000,5.382074975967408,5.147710008621216,5.397236148363055,70.84758488854878,0.1292809578519103,0.0006854095010218053,0.005344068424929762
2019-12-18,5.742249965667725,5.798500061035156,5.733749866485596,5.737750053405762,343548000,5.408974981307983,5.173850011825562,5.429666044081408,71.81540467369791,0.14068612858297325,0.06958990771989693,0.025924766145979026
2019-12-19,5.772500038146973,5.900000095367432,5.767499923706055,5.886499881744385,445360000,5.439324975013733,5.20122501373291,5.473174028620739,76.00016388093066,0.15988462610488785,0.2963545123243332,0.016605825003635107
2019-12-20,5.953249931335449,6.009749889373779,5.934000015258789,5.984250068664551,603044000,5.475812482833862,5.229395017623902,5.52184793719634,78.28218950140564,0.18090187268002023,0.35405963714747624,-0.0022977108470023863
2019-12-23,6.013000011444092,6.045249938964844,5.959750175476074,5.9704999923706055,355060000,5.510724973678589,5.255810012817383,5.564576704355794,77.1706205005134,0.1942099444213614,-0.4112204084610741,-0.0008374699685633293
2019-12-24,5.954999923706055,5.982749938964844,5.920499801635742,5.9654998779296875,138864000,5.532487463951111,5.2818550109863285,5.602759863743784,76.74386742092813,0.20202440808756617,-0.6088999042415366,0.002388781957002724
2019-12-26,5.968999862670898,6.007999897003174,5.949999809265137,5.979750156402588,182852000,5.560224962234497,5.303265018463135,5.63866370113986,77.13200074448287,0.2069813530251654,0.3167703652494527,-0.009699416567753378
2019-12-27,5.994999885559082,6.008500099182129,5.895249843597412,5.921750068664551,254644000,5.583512473106384,5.324595022201538,5.665624307570783,71.87417383426501,0.20387944986013462,0.39262354253713383,-0.01920884529194021
2019-12-30,5.899750232696533,5.90500020980835,5.776500225067139,5.808000087738037,258056000,5.602987480163574,5.343610019683838,5.67918390568195,62.82859430049165,0.19005169876108496,0.013399098349067717,0.012827149242064557
2019-12-31,5.772500038146973,5.892000198364258,5.7532501220703125,5.882500171661377,231004000,5.635549998283386,5.366015024185181,5.698547359584753,65.85918655012293,0.18299518594789443,-0.1048299593886598,0.01959194737371557
2020-01-02,5.96875,5.9977498054504395,5.918000221252441,5.9977498054504395,237536000,5.6758624792099,5.3879650211334225,5.72704283061958,69.94188861287459,0.18457486679882074,0.028276566639538814,-0.016005955704448165
2020-01-03,5.877500057220459,5.9457502365112305,5.852499961853027,5.901750087738037,205384000,5.709174990653992,5.4081950187683105,5.743681617011815,63.165915078206694,0.1760509940662347,-0.1353563249360097,0.004193629938820543
2020-01-06,5.808000087738037,5.9317498207092285,5.781750202178955,5.926499843597412,262636000,5.744574975967407,5.429180011749268,5.761092876686633,64.13072679604554,0.16934080656291872,0.27875589140341983,0.012106667666497355
2020-01-07,5.954999923706055,6.044250011444092,5.909749984741211,5.9982500076293945,314856000,5.779274988174438,5.450715007781983,5.7836792701097535,66.84225620016672,0.16787738719890744,0.1988303202912014,0.001875550212008005
2020-01-08,5.99399995803833,6.051000118255615,5.953750133514404,6.009500026702881,277108000,5.814537501335144,5.468635005950928,5.805186008832909,67.26016666798532,0.16571513836745133,-0.11988972736743142,0.010982608278216767
2020-01-09,6.096250057220459,6.148250102996826,6.021500110626221,6.075500011444092,255112000,5.85083749294281,5.486750001907349,5.830930199557783,69.67493400266716,0.16739753321256146,-0.07937699380746854,0.005349319419049014
2020-01-10,6.1832499504089355,6.213749885559082,6.09375,6.107999801635742,316296000,5.8845624923706055,5.5074499988555905,5.857317780708065,70.81639018302508,0.16940056049153984,0.23983191696196182,0.031352356440627525
2020-01-13,6.191500186920166,6.324749946594238,6.168749809265137,6.299499988555908,319840000,5.919449996948242,5.531940002441406,5.899430371931669,76.44304182953667,0.18431576132777217,0.01120469433695015,-0.018652246773883812
2020-01-14,6.256499767303467,6.2820000648498535,6.168749809265137,6.182000160217285,359088000,5.948562502861023,5.555070009231567,5.926341780339823,67.80482094953153,0.1845277897926474,0.12271135567783897,-0.0069152956120338204
2020-01-15,6.19474983215332,6.217249870300293,6.113249778747559,6.139249801635742,263104000,5.974087500572205,5.576560001373291,5.946618734748958,64.92994827731337,0.17918074314987553,-0.26729938065321035,0.01368247152996441
2020-01-16,6.192999839782715,6.229249954223633,6.16949987411499,6.223249912261963,284192000,5.999887490272522,5.595775003433228,5.972964561178768,67.81733420759005,0.17965037932700412,0.0801508148868888,0.0014060116460672552
2020-01-17,6.242499828338623,6.25,6.1842498779296875,6.23199987411499,253792000,6.024599981307984,5.615609998703003,5.9976345909822175,68.11185010176283,0.17866903278366308,-0.10696993581803849,-0.005375436198505966
2020-01-21,6.195250034332275,6.232250213623047,6.164249897003174,6.198500156402588,217916000,6.0401999950408936,5.635764999389648,6.016764644831777,65.63531786167698,0.17319171504434472,-0.14135985373849447,0.008752079070730293
2020-01-22,6.24399995803833,6.339749813079834,6.224999904632568,6.252749919891357,239240000,6.053624987602234,5.65664999961853,6.039239432932689,67.68446899557836,0.17125429093948874,0.0978542190568843,0.010995147017452267
2020-01-23,6.293000221252441,6.329999923706055,6.203750133514404,6.321499824523926,244516000,6.0711749792099,5.67918999671936,6.066121374988997,70.1164116973526,0.17326907309652206,0.022053168366493958,-0.009412282251398604
2020-01-24,6.4375,6.487500190734863,6.207499980926514,6.26200008392334,373512000,6.085999989509583,5.700339994430542,6.084776490125601,65.52074499355545,0.1681266117403437,0.5275564789216247,-0.0410411954707933
2020-01-27,5.955999851226807,6.056250095367432,5.805749893188477,6.005000114440918,470536000,6.087262487411499,5.715634994506836,6.077178740060393,50.21201469247452,0.1416802229499785,0.2597613999014756,0.032348060467873724
2020-01-28,6.071249961853027,6.231750011444092,6.017749786376953,6.199250221252441,310976000,6.101137495040893,5.735334997177124,6.088804595412017,58.167813442493,0.13484126335331936,-0.3391026403930837,-0.009799573409882646
2020-01-29,6.184750080108643,6.2210001945495605,6.098499774932861,6.138500213623047,258848000,6.117662501335144,5.753210000991821,6.093537511432115,55.19720067741988,0.12310029709657311,-0.167627083762091,0.0010995568525657
2020-01-30,6.040249824523926,6.158750057220459,5.985000133514404,6.145249843597412,290504000,6.1307999849319454,5.774019994735718,6.0984624954478575,55.46930851717177,0.11303711399198857,0.12229571022376073,-0.03815954392477127
2020-01-31,6.099249839782715,6.111249923706055,5.868750095367432,5.910749912261963,370420000,6.126449990272522,5.786094989776611,6.08058510657301,45.19844734169858,0.08515813425660035,0.2750943188389834,0.016495423710450225
2020-02-03,5.892499923706055,6.027750015258789,5.886250019073486,6.0082502365112305,255564000,6.131774997711181,5.8022649955749515,6.073696071329031,49.394133509909445,0.07012296934127615,-0.3100696506668107,0.028294360714825953
2020-02-04,6.150750160217285,6.197500228881836,6.100500106811523,6.178249835968018,271544000,6.144362497329712,5.820239992141723,6.08365357272322,55.754802460513304,0.07110538118090837,0.0625283686278193,0.014688661003869109
2020-02-05,6.299749851226807,6.309999942779541,6.1852498054504395,6.269000053405762,208220000,6.157899999618531,5.8405299949646,6.10130561850251,58.736428686880465,0.07830409291718254,-0.23319977609521847,0.013917651159051242
2020-02-06,6.303500175476074,6.356249809265137,6.2220001220703125,6.356249809265137,218284000,6.175237488746643,5.862209987640381,6.1255860176227594,61.42773675257671,0.09001184938404538,0.0483334934204207,-0.010462098262103394
2020-02-07,6.315999984741211,6.338250160217285,6.264249801635742,6.289750099182129,189752000,6.185949993133545,5.877399988174439,6.141220692056985,58.30631529385545,0.09285399681574624,-0.13071045060563302,0.04523234112390359
2020-02-10,6.3125,6.574999809265137,6.307499885559082,6.574250221252441,529608000,6.20926251411438,5.90038498878479,6.182461599599409,66.21581083984049,0.11671775172863352,1.7910535857329566,0.018709307370705093
2020-02-11,6.683000087738037,6.8125,6.6207499504089355,6.697249889373779,638556000,6.229150009155274,5.92520998954773,6.231489055768397,68.9576342805737,0.14389624831418057,0.20571441519010292,0.017357876750488478
2020-02-12,6.750249862670898,6.820000171661377,6.711249828338623,6.813499927520752,374644000,6.260724997520446,5.9531099891662596,6.286918662601955,71.32619821214608,0.1728236062511712,-0.41329499683661264,-0.006457789570888543
2020-02-13,6.755249977111816,6.836999893188477,6.727749824523926,6.769499778747559,528016000,6.292237496376037,5.983874988555908,6.332878768901536,69.17478494587951,0.19000800751048352,0.4093806386863261,0.07020463249480335
2020-02-14,7.18149995803833,7.374249935150147,7.150000095367432,7.244750022888184,1041924000,6.343312501907349,6.024939985275268,6.419723650233598,77.18095919782431,0.239217936719049,0.9732811126935548,0.02339623500872948
2020-02-18,7.140999794006348,7.432750225067139,7.121500015258789,7.414249897003174,620164000,6.402425003051758,6.068514986038208,6.514440435640224,79.25086522602382,0.2885679517067956,-0.4047896007770241,0.061132270645295084
2020-02-19,7.53725004196167,7.885250091552734,7.53725004196167,7.867499828338623,694332000,6.485874986648559,6.121494979858398,6.643303234944834,83.54836106017203,0.36010065937686786,0.11959417186421661,-0.019065728859627925
2020-02-20,7.819250106811523,7.907999992370605,7.408750057220459,7.71750020980835,810052000,6.559112501144409,6.16975998878479,6.7456077087413595,77.80507449051184,0.4000753108096742,0.16666378620026157,-0.04739232949295359
2020-02-21,7.604750156402588,7.630000114440918,7.266499996185303,7.351749897003174,768180000,6.610625004768371,6.2107099914550785,6.803335536194866,65.90800605901401,0.3976585562291559,-0.051690508757462506,-0.07069747006321356
2020-02-24,6.754749774932861,7.046750068664551,6.699999809265137,6.831999778747559,856916000,6.6391249895095825,6.240359983444214,6.806065464057027,53.40980275614276,0.34977181820717185,0.11551459293394784,-0.04109335581280009
2020-02-25,6.90749979019165,6.969749927520752,6.448999881744385,6.551249980926514,1055496000,6.666437482833862,6.262714986801147,6.781797322806502,48.10346036331953,0.28587171972323056,0.23173799999066413,0.021369947245669926
2020-02-26,6.551499843597412,6.886250019073486,6.550000190734863,6.691249847412109,747732000,6.6910374641418455,6.284504985809326,6.773173753721322,50.73210084517564,0.24371782314095025,-0.291582346119739,-0.05623012124366687
2020-02-27,6.372499942779541,6.675000190734863,6.222249984741211,6.315000057220459,906416000,6.699862456321716,6.298809986114502,6.729538163578383,44.245785891624934,0.17789962662226877,0.21222042122043727,0.06916071752854133
2020-02-28,6.061500072479248,6.811500072479248,6.044750213623047,6.7517499923706055,1133252000,6.730187463760376,6.321269989013672,6.731653575844309,51.92894924584791,0.15914576803274727,0.2502559531164499,0.023549438304295237
2020-03-02,6.922500133514404,6.9397501945495605,6.525000095367432,6.910749912261963,890744000,6.780187463760376,6.345339984893799,6.7487103697888475,54.39296212959919,0.15532270128832693,-0.21399300420383105,-0.038128964313750194
2020-03-03,6.966750144958496,7.026750087738037,6.561500072479248,6.647250175476074,652792000,6.812137460708618,6.363529987335205,6.739047494140012,49.83412419999527,0.1295374397787148,-0.26713848198809087,0.07002893913141287
2020-03-04,6.755000114440918,7.122250080108643,6.679999828338623,7.112750053405762,597408000,6.8588624715805055,6.388054990768433,6.774638214070083,56.73319138639619,0.14499299507151608,-0.08484172600154416,-0.0394362142693087
2020-03-05,6.912499904632568,7.079999923706055,6.787499904632568,6.832250118255615,540328000,6.887024974822998,6.405014991760254,6.780125062087753,52.084916284025475,0.13307364333655958,-0.09554609245272916,-0.026528609496179825
2020-03-06,6.6519999504089355,6.709750175476074,6.449999809265137,6.651000022888184,515412000,6.90176248550415,6.418624992370606,6.767827439306841,49.27550174268431,0.10775991407516994,-0.04611273152603601,-0.07743194477722434
2020-03-09,5.997499942779541,6.485000133514404,5.954500198364258,6.136000156402588,614160000,6.8940749883651735,6.422034997940063,6.707653412363579,42.29472681610967,0.04561657656867624,0.19159041698679902,0.06372225945893438
2020-03-10,6.41349983215332,6.5269999504089355,6.149750232696533,6.5269999504089355,580648000,6.891712474822998,6.43297999382019,6.690448320748851,48.28495768127681,0.02759979625989395,-0.05456558551517521,-0.05595987642122423
2020-03-11,6.386499881744385,6.414999961853027,6.0642499923706055,6.161749839782715,499964000,6.864937472343445,6.437779989242554,6.640096084466363,43.71933404370793,-0.015967203362582616,-0.13895509844174092,-0.12236778994416243
2020-03-12,5.636499881744385,5.9029998779296875,5.394999980926514,5.407750129699707,816540000,6.794649982452393,6.429774990081787,6.522729803060014,36.125405739691296,-0.11006705511487525,0.6331975902264964,0.11340201822187602
2020-03-13,5.762499809265137,6.0254998207092285,5.490250110626221,6.020999908447266,634836000,6.757224988937378,6.432544984817505,6.474946003573086,44.56004863010292,-0.13361747450658257,-0.22252920861194803,-0.18452085665645993
2020-03-16,5.3102498054504395,5.652500152587891,4.849999904632568,4.909999847412109,726972000,6.640487480163574,6.410789985656738,6.325903512510136,35.431705292996085,-0.23917273702418296,0.14513354630172204,0.10626272698809053
2020-03-17,5.022749900817871,5.521500110626221,4.775000095367432,5.4317498207092285,833632000,6.541362476348877,6.4013899803161625,6.240746018052906,41.493275393621644,-0.2775260332974705,0.14671816796245252,-0.06650709911725756
2020-03-18,5.002500057220459,5.248499870300293,4.517000198364258,5.070499897003174,874268000,6.401512479782104,6.384269981384278,6.12929400652436,38.77877497503627,-0.3332298800374529,0.04874572953053624,0.05004443928679341
2020-03-19,5.048999786376953,5.41825008392334,4.834750175476074,5.324250221252441,765512000,6.281849980354309,6.370789985656739,6.052623169831796,41.66559995913147,-0.35283281238607334,-0.12439663810181778,-0.033901492795565584
2020-03-20,5.474999904632568,5.757999897003174,5.1282501220703125,5.143750190734863,804636000,6.171449995040893,6.353474988937378,5.966063838489231,40.21301858361329,-0.37856921124880394,0.051108277858479045,0.033730173076933774
2020-03-23,5.142749786376953,5.4120001792907715,4.9629998207092285,5.317249774932861,643876000,6.095712494850159,6.338309984207154,5.904272022912434,42.29548714081249,-0.38057845479499175,-0.19979220417679544,0.1715642635902295
2020-03-24,5.724999904632568,6.316500186920166,5.701250076293945,6.229499816894531,1101644000,6.079624986648559,6.340739984512329,5.935246098529777,51.801629590849586,-0.3050434889291651,0.7109567680733557,-0.014286820907934105
2020-03-25,6.34499979019165,6.545499801635742,6.0914998054504395,6.140500068664551,793432000,6.052087497711182,6.337559986114502,5.954794095685469,50.92028661461698,-0.24948708830700106,-0.27977459142881,0.04730887725487169
2020-03-26,6.348499774932861,6.555500030517578,6.25,6.431000232696533,696108000,6.0578875064849855,6.342539987564087,6.000147061115094,53.689902300182155,-0.17994303384199117,-0.1226620554754535,-0.01753227325860092
2020-03-27,6.25,6.578000068664551,6.2170000076293945,6.3182501792907715,638828000,6.036212515830994,6.346119995117188,6.030442596179444,52.45270089179908,-0.1324006246742293,-0.0822860820447402,0.05088431375789782
2020-03-30,6.383999824523926,6.64900016784668,6.339749813079834,6.639750003814697,602252000,6.02266252040863,6.354449996948242,6.088471873097087,55.59487034194702,-0.06799674972693204,-0.057254847940290676,-0.0074927295753942766
2020-03-31,6.679999828338623,6.885000228881836,6.443749904632568,6.590000152587891,949960000,6.019800019264221,6.3616100025177005,6.136236471143831,54.98928196933367,-0.02073163070965567,0.5773463599954836,-0.07788320774933445
2020-04-01,6.391250133514404,6.538249969482422,6.0320000648498535,6.076749801635742,656912000,5.96800000667572,6.3591749954223635,6.130571074047823,49.052804781965385,-0.024407344595896774,-0.30848456777127453,0.051014181879473326
2020-04-02,6.105999946594238,6.400000095367432,6.057750225067139,6.386750221252441,675764000,5.945725011825561,6.361855001449585,6.15496908806731,52.395641627461636,-0.0022796528325494947,0.028697907786735533,-0.04524993530678619
2020-04-03,6.348999977111816,6.390749931335449,5.959750175476074,6.097750186920166,663212000,5.918062520027161,6.357380008697509,6.14951966891044,49.15743602928213,-0.00797129703497923,-0.018574531937185168,0.10040585994160578
2020-04-06,6.38100004196167,6.747000217437744,6.323249816894531,6.710000038146973,727884000,5.94676251411438,6.366340007781982,6.202898751694871,55.44041835796864,0.03650072252861669,0.09751331399311236,-0.03491059125675371
2020-04-07,6.932499885559082,6.956250190734863,6.432499885559082,6.475749969482422,784520000,5.944200015068054,6.375755004882812,6.228884581960352,52.754259766285706,0.05224089508493268,0.07780910145023112,0.030575602078018165
2020-04-08,6.585249900817871,6.698750019073486,6.514999866485596,6.673749923706055,542444000,5.9698000192642215,6.385244998931885,6.2712527097456565,54.74995496846017,0.07977246941800686,-0.3085657472084842,-0.014984065296986225
2020-04-09,6.800000190734863,6.822999954223633,6.510499954223633,6.573750019073486,525564000,6.02810001373291,6.393949995040893,6.300061977300688,53.52033873460636,0.09245650284880824,-0.031118419597230274,0.0262407504109377
2020-04-13,6.513750076293945,6.755000114440918,6.425000190734863,6.746250152587891,398408000,6.064362525939941,6.4059700012207035,6.342556089232803,55.381875697749365,0.11510119492994342,-0.24194198993842808,0.052251243858457704
2020-04-14,6.875,7.132999897003174,6.847249984741211,7.098750114440918,530948000,6.173800039291382,6.4297300052642825,6.414574567824052,58.99589424358426,0.15965072334725683,0.33267404268990575,-0.010952661347451273
2020-04-15,6.929999828338623,7.104249954223633,6.884500026702881,7.020999908447266,366148000,6.253262543678284,6.449984998703003,6.47232936216912,57.882237034907135,0.18653252293002076,-0.3103882112749271,0.04935193340117674
2020-04-16,7.177000045776367,7.474999904632568,7.163750171661377,7.367499828338623,745620000,6.368112540245056,6.473769998550415,6.557583692280501,61.38101862184381,0.23310905441292107,1.0363896566415765,-0.008075974480749079
2020-04-17,7.449999809265137,7.471499919891357,7.173500061035156,7.308000087738037,539120000,6.467300033569336,6.49454999923706,6.629051920419314,60.45234880004527,0.2621977074138595,-0.276950725570666,-0.018028202686065177
2020-04-20,7.181000232696533,7.337500095367432,7.131750106811523,7.176249980926514,449388000,6.5689250230789185,6.510950002670288,6.681166021419999,58.34726994504183,0.2714899745217796,-0.1664416085472622,-0.061104327286009334
2020-04-21,7.057750225067139,7.1192498207092285,6.677750110626221,6.737750053405762,735160000,6.6399500370025635,6.519910001754761,6.686554976847215,51.87288091919414,0.24069628673263388,0.6359137315638157,0.06174166243574172
2020-04-22,6.930749893188477,7.196750164031982,6.885000228881836,7.153749942779541,483356000,6.686162543296814,6.531499996185302,6.731049735507436,56.77335557217057,0.24701237679964372,-0.34251591490287825,-0.007478619731470106
2020-04-23,7.196000099182129,7.328499794006348,7.074999809265137,7.100249767303467,424160000,6.734150028228759,6.539559993743897,6.766211643297534,55.983845485089546,0.24487810428653578,-0.12246873939704894,0.019647216043891115
2020-04-24,7.090000152587891,7.2417497634887695,7.014999866485596,7.239749908447266,352328000,6.774587512016296,6.548084993362426,6.811310525692746,57.63806460692563,0.2515435361776337,-0.16935118823085626,0.02586417206354325
2020-04-27,7.374750137329102,7.587500095367432,7.349999904632568,7.427000045776367,479388000,6.830025005340576,6.561234998703003,6.869947622843567,59.82086347355668,0.26883648053819265,0.36062986762335103,-0.01925408980794769
2020-04-28,7.574999809265137,7.605000019073486,7.278500080108643,7.283999919891357,442904000,6.862237501144409,6.562019996643066,6.9093811749433565,57.388858435311086,0.2679140026242912,-0.07610536767712162,0.02436851316686584
2020-04-29,7.419250011444092,7.514500141143799,7.34375,7.46150016784668,379160000,6.905812501907349,6.562965002059936,6.9619639361722445,59.58519795651918,0.2782976764303564,-0.1439228365514874,-0.020706292857188505
2020-04-30,7.407249927520752,7.46150016784668,7.293000221252441,7.307000160217285,375916000,6.967325019836426,6.551755008697509,6.994824528938439,56.83896911300832,0.27093676297543823,-0.00855575482645854,-0.03250310462943809
2020-05-01,7.108749866485596,7.222499847412109,7.020999908447266,7.069499969482422,342096000,7.001462507247925,6.538795003890991,7.001936475656914,52.809649104536206,0.2431361829395957,-0.08996690750061187,0.03009406025273752
2020-05-04,7.021999835968018,7.296000003814697,7.021999835968018,7.282249927520752,317556000,7.060687494277954,6.537405004501343,7.028632994882041,55.83029795275542,0.23555582562751187,-0.07173425003507783,0.008410890922168925
2020-05-05,7.386750221252441,7.506750106811523,7.282249927520752,7.343500137329102,368896000,7.09236249923706,6.547635011672973,7.058620341781761,56.68982540111243,0.23181845899304054,0.1616722719772261,0.013787661596074294
2020-05-06,7.423250198364258,7.550000190734863,7.385250091552734,7.44474983215332,323464000,7.140812492370605,6.56550500869751,7.095394578960004,58.139951707474594,0.23432541567288734,-0.12315666204024978,0.0237751502423786
2020-05-07,7.584499835968018,7.68524980545044,7.532999992370605,7.621749877929688,373732000,7.188212490081787,6.584115009307862,7.145523655052355,60.622127222039374,0.24773884218572118,0.15540523829545183,0.02502707713128543
2020-05-08,7.693749904632568,7.818749904632568,7.659749984741211,7.8125,339216000,7.250149989128113,6.614065008163452,7.209045211714035,63.15758827094927,0.2706412363175028,-0.09235494953603118,0.032384033203125
2020-05-11,7.807499885559082,8.112500190734863,7.778749942779541,8.065500259399414,469060000,7.316112494468689,6.640340013504028,7.290612359112643,66.26059643236961,0.30568283376523286,0.382776755813405,-0.032608081312098795
2020-05-12,8.123499870300293,8.172499656677246,7.792749881744385,7.802499771118164,493060000,7.351299977302551,6.658175010681152,7.339363541208407,60.55134785018635,0.3086734157914144,0.05116616211145697,-0.0028836349849184393
2020-05-13,7.917500019073486,8.078499794006348,7.594749927520752,7.78000020980835,625852000,7.389249992370606,6.680830011367798,7.381328938217925,60.074460644163956,0.3057039818237772,0.26932219202531127,0.032197968563438616
2020-05-14,7.841750144958496,8.03600025177002,7.6875,8.030500411987305,602312000,7.42240002155304,6.699185018539429,7.443154792862628,63.5193344922059,0.3198766182699764,-0.03761272633146495,0.05731272986809713
2020-05-15,7.889750003814697,8.500499725341797,7.874000072479248,8.490750312805176,987660000,7.481537532806397,6.73235502243042,7.542925794761918,68.83920819261928,0.364050309929592,0.6397813757653841,0.030562617001510806
2020-05-18,8.760499954223633,8.916500091552734,8.680500030517578,8.750249862670898,774460000,7.560237526893616,6.7743400192260745,7.657909039324678,71.37391705495199,0.4152114249236547,-0.21586375878338704,0.006314124592302248
2020-05-19,8.790249824523926,9.087499618530272,8.762749671936035,8.805500030517578,717320000,7.663625025749207,6.827730016708374,7.767203419438287,71.8980455842277,0.45497058624382447,-0.07378044056503885,0.018681532671752352
2020-05-20,8.991000175476074,9.04300022125244,8.888750076293945,8.970000267028809,587536000,7.75443754196167,6.876590023040771,7.881755500161194,73.45635618070355,0.49405860231330045,-0.18092901355043778,-0.02171124039640955
2020-05-21,9.05150032043457,9.052499771118164,8.737500190734863,8.775250434875488,761068000,7.838187575340271,6.928860034942627,7.96685025584827,68.60598732770256,0.5035172197194537,0.29535551864055987,0.028603109682892505
2020-05-22,8.825249671936035,9.093000411987305,8.713250160217285,9.026249885559082,1038764000,7.927512574195862,7.001230030059815,8.067745458677871,71.24164936900412,0.5252124776310065,0.3648767258641803,-0.03417812422970426
2020-05-26,9.156749725341797,9.181750297546388,8.67199993133545,8.71774959564209,770780000,7.992050051689148,7.055165023803711,8.129650614579225,64.11670353299328,0.5116151497035908,-0.25798352657581514,-0.022081290435645207
2020-05-27,8.625,8.632749557495117,7.996749877929688,8.525250434875488,1175892000,8.054112577438355,7.127470035552978,8.167326787940773,60.07905386912663,0.4797755420673564,0.5255870676457615,-0.004486668136568415
2020-05-28,8.412249565124512,8.760499954223633,8.379249572753906,8.487000465393066,734896000,8.105387592315674,7.188575048446655,8.197771900079086,59.280224136666966,0.4463111733672367,-0.37503104026560263,0.04577580283315532
2020-05-29,8.554499626159668,8.875499725341797,8.484999656677246,8.875499725341797,745256000,8.183812570571899,7.264675045013428,8.262317407246963,64.45044495139945,0.44599787761955056,0.014097232805730275,-0.007802389606727931
2020-06-01,8.833250045776367,8.840749740600586,8.689499855041504,8.806249618530273,389876000,8.270650053024292,7.334315032958984,8.314120474988231,62.91693635379243,0.4351455960474304,-0.47685627489077576,0.002157564710155553
2020-06-02,8.796250343322754,8.837249755859375,8.657999992370605,8.825249671936035,391320000,8.347800040245057,7.407945022583008,8.362799446126116,63.175824629434636,0.4231998458446906,0.0037037417024901043,-0.006317089630422485
2020-06-03,8.822250366210938,8.866250038146973,8.699999809265137,8.769499778747559,365440000,8.419100022315979,7.476990022659302,8.401532811137683,61.81223059136272,0.4045705646526425,-0.06613513237248292,-0.0003420155996088081
2020-06-04,8.727999687194824,8.943249702453613,8.677499771118164,8.766500473022461,424280000,8.485187554359436,7.52773003578186,8.43629163607909,61.735028829840296,0.3851252223542758,0.1610113835376532,0.017509792390230913
2020-06-05,8.794500350952148,8.996999740600586,8.708000183105469,8.920000076293945,481748000,8.550100064277649,7.583320035934448,8.482359106575743,64.19944344756695,0.37774635873642204,0.13544828886584326,-0.012892350911945712
2020-06-08,8.877249717712402,8.889749526977539,8.685750007629395,8.805000305175781,387736000,8.599725079536437,7.6308000373840335,8.513086839775747,61.02828492207894,0.35848662505789264,-0.19514767056635418,0.027370722708560807
2020-06-09,8.800000190734863,9.109749794006348,8.751250267028809,9.04599952697754,468488000,8.648750042915344,7.685355024337769,8.56384042903306,64.93704125616006,0.3585367816066718,0.20826541770689344,0.03545768884407604
2020-06-10,9.167750358581545,9.5,9.153499603271484,9.36674976348877,632180000,8.726962542533874,7.73989501953125,8.640307984695509,69.34401428614484,0.38007710225283375,0.34940489404210995,-0.06090687106746467
2020-06-11,9.149999618530272,9.261249542236328,8.78600025177002,8.796250343322754,583652000,8.777775049209595,7.784020023345947,8.655159637898103,55.88882737590805,0.3471121336033587,-0.07676294726185584,0.015489502562845469
2020-06-12,9.162500381469728,9.187250137329102,8.70324993133545,8.932499885559082,570908000,8.822875022888184,7.841135025024414,8.681572994818197,57.9855637268782,0.3281980944854066,-0.02183492903305395,0.0270081210453746
2020-06-15,8.815250396728516,9.182250022888184,8.743749618530273,9.173749923706056,400004000,8.857025003433227,7.896875019073486,8.728446988045611,61.477208059309305,0.3288842709319493,-0.2993547121427621,-0.011472991901552205
2020-06-16,9.225000381469728,9.26675033569336,8.838749885559082,9.068499565124512,535716000,8.872937488555909,7.956290006637573,8.760832947767412,59.166995956581495,0.3172778646606904,0.3392766072339277,0.018470585426812524
2020-06-17,9.113750457763672,9.298999786376951,9.070249557495115,9.236000061035156,408304000,8.894462490081787,8.006810007095337,8.806086958554816,61.63769372682653,0.31793068717424866,-0.23783497226142214,-0.0019488576146494947
2020-06-18,9.22700023651123,9.282500267028809,9.114500045776367,9.218000411987305,254408000,8.906862497329712,8.061655015945435,8.845316811262672,61.209089122828644,0.3133831466306365,-0.3769152396253772,0.00469181257496813
2020-06-19,9.24250030517578,9.44499969482422,9.227250099182127,9.261249542236328,524160000,8.931162452697754,8.11340500831604,8.884929452307782,61.89472506329506,0.3096990138983191,1.060312568787145,0.028667845246338308
2020-06-22,9.300000190734863,9.53125,9.273249626159668,9.52674961090088,398468000,8.956187438964843,8.172465000152588,8.9460551816976,65.88153082475135,0.32446274428471966,-0.23979700854700858,-0.00805624213613464
2020-06-23,9.550999641418455,9.642499923706056,9.407500267028809,9.449999809265137,375108000,8.992799949645995,8.226539993286133,8.994049908132604,63.803361892690695,0.3262096970862025,-0.05862453195739681,-0.02269835744985666
2020-06-24,9.47624969482422,9.556500434875488,9.14449977874756,9.23550033569336,449372000,9.02831244468689,8.269274997711182,9.017045186947914,58.27108483119314,0.3067498337587189,0.19798031500261248,0.027556648386575802
2020-06-25,9.35575008392334,9.505000114440918,9.182250022888184,9.489999771118164,376072000,9.078462409973145,8.3186549949646,9.062088480678414,62.43316328315195,0.3083097267553043,-0.16311652706443658,-0.03530032099331664
2020-06-26,9.5,9.5,9.125,9.154999732971191,592084000,9.092437410354615,8.354404993057251,9.070937171372965,54.699281865150624,0.2792947142166291,0.574390010423536,0.004915355281975617
2020-06-29,9.169750213623049,9.204500198364258,8.899999618530273,9.199999809265137,342248000,9.112124919891357,8.392244987487793,9.083228851172219,55.49677459749529,0.25696905846514184,-0.421960397511164,0.03236418252124335
2020-06-30,9.314000129699709,9.526249885559082,9.26650047302246,9.497750282287598,367892000,9.145749950408936,8.438674993515015,9.122707082707016,60.45713947230108,0.2603012000010647,0.07492812229728152,0.0033954831117992135
2020-07-01,9.520750045776367,9.575750350952148,9.413000106811523,9.529999732971191,326648000,9.183774948120117,8.494519987106322,9.161496858922652,60.96463812109141,0.2625180625125054,-0.11210898850749673,0.008630702769928616
2020-07-02,9.638999938964844,9.737500190734863,9.57824993133545,9.612250328063965,364056000,9.226062440872193,8.543689994812011,9.204425760745634,62.29380918748976,0.2678245628065046,0.11452082976170064,0.023615623302502622
2020-07-06,9.74174976348877,9.9087495803833,9.712499618530272,9.83924961090088,315892000,9.27202491760254,8.59846999168396,9.264885175046134,65.75908748585263,0.2870381504106554,-0.13229832772979977,0.0033031245586858425
2020-07-07,9.946249961853027,10.06999969482422,9.850749969482422,9.871749877929688,357800000,9.325362396240234,8.651109991073609,9.322681813415995,66.23750505220147,0.30141305487306447,0.13266559457029614,0.03487220904081428
2020-07-08,9.993749618530272,10.225000381469728,9.965499877929688,10.215999603271484,365480000,9.383862400054932,8.70688998222351,9.407759698164137,70.87882989332797,0.3367020543523829,0.021464505310229143,0.02868052394585191
2020-07-09,10.380249977111816,10.56999969482422,10.23349952697754,10.508999824523926,494548000,9.440974903106689,8.771389980316162,9.512639710198401,74.13761041531419,0.3838863074420438,0.35314654700667614,-0.0028308945472497126
2020-07-10,10.588749885559082,10.65524959564209,10.37874984741211,10.479249954223633,497676000,9.525124883651733,8.831744976043701,9.604697828676995,73.2414106971586,0.41410604533800033,0.006324967445020535,-0.040747195423491735
2020-07-13,10.595000267028809,10.79224967956543,10.024999618530272,10.052249908447266,457076000,9.581112384796143,8.886649971008302,9.647321836274164,61.71074151417998,0.39900063923628437,-0.08157918002877373,0.032306195085872194
2020-07-14,10.074999809265137,10.402750015258787,9.785499572753906,10.376999855041504,542676000,9.641274881362914,8.952799968719482,9.716814980918674,66.08402801583156,0.40852488216996363,0.18727738931818783,-0.014430929743785549
2020-07-15,10.414250373840332,10.43299961090088,10.055749893188477,10.227250099182127,403984000,9.699212408065796,9.01169997215271,9.765427849324716,62.53696045231546,0.39938549218141617,-0.2555705430127737,-0.009044438346001417
2020-07-16,10.015000343322754,10.20674991607666,9.895500183105469,10.134750366210938,344964000,9.744149923324585,9.067524976730347,9.800601422361499,60.38104071848827,0.3802947037518738,-0.14609489484732063,0.006586207882973422
2020-07-17,10.225500106811523,10.248499870300291,10.087750434875488,10.201499938964844,266284000,9.793324899673461,9.122659978866578,9.83878223346658,61.41477646403933,0.36632844279454346,-0.2280817708514512,0.030314157700330035
2020-07-20,10.274250030517578,10.53125,10.156749725341797,10.510749816894531,284852000,9.855799913406372,9.180439977645873,9.902779146174003,65.8592946739287,0.37588103837171616,0.06973006263988824,-0.017339393103548394
2020-07-21,10.512999534606934,10.5600004196167,10.286749839782717,10.328499794006348,277036000,9.895887422561646,9.230759973526,9.943323969777083,61.3726537831316,0.36454325771464013,-0.027438810329574626,0.010674393689433924
2020-07-22,10.36750030517578,10.602499961853027,10.291500091552734,10.438750267028809,367292000,9.94532494544983,9.278224973678588,9.9905074266582,63.0141409740907,0.36030095154106334,0.32579159387227663,-0.029601246064366288
2020-07-23,10.449999809265137,10.54699993133545,10.03125,10.12975025177002,411660000,9.990037441253662,9.324769983291626,10.00376864809742,55.85052043280025,0.3282216397714226,0.12079762151095053,0.006392034956744202
2020-07-24,9.875,10.364749908447266,9.777000427246094,10.194499969482422,473292000,10.025262451171875,9.373059978485108,10.021933535848373,56.95481068102819,0.3045130779486591,0.14971578487101,0.022266931893743028
2020-07-27,10.232250213623049,10.441749572753906,10.21774959564209,10.421500205993652,292132000,10.088587474822997,9.420879974365235,10.059987504433638,60.66901339408233,0.3005760403682025,-0.3827658189870101,-0.01976685928053709
2020-07-28,10.374250411987305,10.381999969482422,10.209250450134276,10.215499877929688,271636000,10.139362478256226,9.455374965667724,10.074798206671357,55.95084019926724,0.2776330241804832,-0.0701600646283187,0.024472615436090236
2020-07-29,10.39074993133545,10.516249656677246,10.347000122070312,10.465499877929688,284508000,10.18774995803833,9.4896799659729,10.112007889648341,60.01491548757804,0.2764368374330637,0.04738694429309809,0.014189522166834095
2020-07-30,10.375,10.623000144958496,10.295249938964844,10.61400032043457,308880000,10.241949987411498,9.52584997177124,10.159816692580362,62.24330211268515,0.2841955658799691,0.0856636720232824,7.062257302293185e-05
2020-07-31,10.563249588012695,10.76650047302246,10.43299961090088,10.614749908447266,386080000,10.292074966430665,9.55874496459961,10.203143665520066,62.25473707001064,0.28709544201596415,0.24993524993524985,0.03725949141681877
2020-08-03,10.732500076293944,11.098750114440918,10.715250015258787,11.010250091552734,412720000,10.350624990463256,9.603444957733155,10.280010944189844,67.79654806151405,0.317645553971202,0.06900124326564439,0.019754295421323915
2020-08-04,11.050000190734863,11.227749824523926,10.906000137329102,11.227749824523926,310336000,10.418424987792969,9.64747495651245,10.370271789935947,70.37273590231248,0.35531134056664015,-0.2480713316534212,0.005254838786122716
2020-08-05,11.244000434875488,11.371749877929688,11.166250228881836,11.286749839782717,249924000,10.471962499618531,9.698854961395263,10.457555413730876,71.04930502275475,0.3854789940672809,-0.1946664260672304,0.00431921717040478
2020-08-06,11.349749565124512,11.357999801635742,11.178750038146973,11.33549976348877,244316000,10.513287496566772,9.75505994796753,10.541169161326867,71.62587184645815,0.4086105798227706,-0.022438821401706166,-0.011997678302943439
2020-08-07,11.3125,11.50475025177002,11.037500381469728,11.19950008392334,342516000,10.549300003051759,9.809309940338135,10.603867344431292,67.58223773816141,0.41122810898412787,0.40193847312496933,-0.003080505541478297
2020-08-10,11.334250450134276,11.408249855041504,10.856499671936035,11.164999961853027,427796000,10.604937505722045,9.855099945068359,10.657308546090505,66.55574726338983,0.40584037298831,0.24898106949748322,-0.028213128657370752
2020-08-11,11.073749542236328,11.13675022125244,10.79574966430664,10.850000381469728,354512000,10.628587532043458,9.895974960327148,10.675660149459954,57.90744627898749,0.37186607913778147,-0.17130594956474576,0.054400921152671214
2020-08-12,10.990750312805176,11.467000007629396,10.958250045776367,11.440250396728516,464412000,10.689237546920776,9.948274974822999,10.748478268247437,66.65181000768492,0.38809572387225266,0.31000361059710246,0.00024033067099538602
2020-08-13,11.54599952697754,11.721750259399414,11.35575008392334,11.442999839782717,374460000,10.754650020599366,10.001744976043701,10.814623179822226,66.68652653385931,0.3966078429947828,-0.19369008552750577,0.010574175619257003
2020-08-14,11.529999732971191,11.704750061035156,11.440500259399414,11.564000129699709,366436000,10.82277503013611,10.057694969177247,10.88599241314389,68.2528969146698,0.40840957947453305,-0.021428189926827934,0.06684536101858733
2020-08-17,11.85124969482422,12.409749984741213,11.81725025177002,12.336999893188477,621300000,10.914087533950807,10.126034965515137,11.024183601719566,76.01246839962185,0.4746655127842754,0.6955211824165748,-0.006180601195923218
2020-08-18,12.449999809265137,12.496000289916992,12.08625030517578,12.260749816894531,503448000,11.010700035095216,10.195149955749512,11.14195181268861,74.0887931312708,0.5150835112823113,-0.18968614196040556,-0.009970809705539416
2020-08-19,12.296500205993652,12.3149995803833,12.097999572753906,12.138500213623049,622624000,11.095687532424929,10.256999969482422,11.236861184206177,70.98696730550223,0.5311280316533349,0.2367195817641543,0.00020592168219379556
2020-08-20,11.975000381469728,12.375,11.87874984741211,12.140999794006348,921388000,11.196250009536744,10.312484970092774,11.322969623234764,71.01368888767979,0.5378451804457871,0.47984658477668707,0.044683346109474525
2020-08-21,12.201749801635742,12.80875015258789,12.195249557495115,12.683500289916992,999868000,11.320700025558473,10.390229969024658,11.452543972442594,76.14828578397922,0.580255006889205,0.08517584340147688,0.0028974525125317068
2020-08-24,12.883749961853027,12.912500381469728,12.50749969482422,12.720250129699709,490564000,11.435637521743775,10.46598497390747,11.573277892181368,76.45258209683584,0.60980109736869,-0.5093712370032845,0.002338780291028248
2020-08-25,12.630749702453612,12.761249542236328,12.573749542236328,12.75,289076000,11.562362527847291,10.53750997543335,11.68534666435457,76.7116007500382,0.6283736525276389,-0.4107272445593235,0.001803903018727022
2020-08-26,12.799249649047852,12.868499755859377,12.677749633789062,12.77299976348877,321244000,11.677737522125245,10.611599979400635,11.788932673795923,76.92294532544103,0.6375985853945512,0.11127869487608799,-0.01133247037490907
2020-08-27,12.781499862670898,12.850000381469728,12.566499710083008,12.628250122070312,317604000,11.778450012207033,10.679444980621337,11.868867668869674,72.46573644346506,0.626013036212516,-0.011330950928266414,0.04113790697252931
2020-08-28,12.675000190734863,13.14799976348877,12.642499923706056,13.147749900817873,537160000,11.905100011825564,10.758039970397949,11.990665976674265,77.50384889494214,0.6512435650872224,0.6912885228145742,0.0172463254587939
2020-08-31,13.18274974822998,13.574999809265137,13.037750244140623,13.374500274658203,500840000,12.023312520980836,10.840304985046387,12.122459719339401,79.28547549621868,0.6816778432858683,-0.06761486335542488,0.033384411780225165
2020-09-01,13.479999542236328,13.993749618530272,13.43649959564209,13.821000099182127,511316000,12.152975034713746,10.926189994812011,12.284225469800614,82.26412293550284,0.7333721743917199,0.020916859675744748,0.0380218720624628
2020-09-02,14.703749656677246,14.726750373840332,13.899999618530272,14.346500396728516,874012000,12.305962562561037,11.02412000656128,12.480632605698508,84.99826981110098,0.8074361649553694,0.709338256577146,-0.09277526164969666
2020-09-03,13.828749656677246,13.884499549865724,12.87874984741211,13.01550006866455,945128000,12.389962577819826,11.099720001220703,12.531572364076226,59.83715061221925,0.7500852919052026,0.08136730388141133,-0.03019474065341656
2020-09-04,12.7837495803833,13.175000190734863,11.704750061035156,12.6225004196167,1463684000,12.461112594604494,11.162370014190675,12.540232178889605,54.68935435971172,0.6652538918204272,0.548662191787779,-0.056209173239759797
2020-09-08,11.73449993133545,12.550000190734863,11.70425033569336,11.913000106811523,795728000,12.498512601852418,11.21753002166748,12.480495791072645,46.8527079202496,0.5346109876918224,-0.4563526006979649,0.06732141682075582
2020-09-09,12.399999618530272,12.809249877929688,12.231749534606934,12.71500015258789,736200000,12.591762590408326,11.287830028533936,12.502829539788383,54.746506707342014,0.4901402147448284,-0.07480948263728304,-0.03171448963911434
2020-09-10,12.989250183105469,13.065250396728516,12.166999816894531,12.311750411987305,698684000,12.635337591171266,11.34411003112793,12.484631527616852,50.67128522224199,0.417544727120271,-0.05095897853844067,-0.011960133250646834
2020-09-11,12.48550033569336,12.65250015258789,11.895750045776367,12.16450023651123,636928000,12.67141261100769,11.39680004119873,12.45414283322584,49.23018985229597,0.3441631233636784,-0.08838902851646813,0.058181540794908636
2020-09-14,13.081000328063965,13.3149995803833,12.631250381469728,12.872249603271484,1201744000,12.736825084686279,11.462000026702881,12.493962525611138,55.744996544663344,0.33920696593567,0.8867815514469453,0.009225316154093948
2020-09-15,13.279999732971191,13.298749923706056,12.827750205993652,12.991000175476074,727556000,12.76952509880066,11.525035037994385,12.541299444645894,56.747866079121216,0.34093131028120816,-0.3945832057409897,-0.03667927832600245
2020-09-16,12.957249641418455,13.09274959564209,12.513750076293944,12.51449966430664,556384000,12.782212591171264,11.577890033721923,12.538747084613584,51.68645990799463,0.30038559843264423,-0.2352698623885996,-0.004075244139717082
2020-09-17,12.13224983215332,12.589750289916992,12.034749984741213,12.463500022888184,792512000,12.79846258163452,11.622840042114257,12.531580697782594,51.16050931452524,0.26112746990899005,0.42439753839075167,-0.022004254825204995
2020-09-18,12.59375,12.63249969482422,11.988750457763672,12.189249992370604,698460000,12.800875091552735,11.656445045471191,12.498977773457643,48.31342558917439,0.2055163699712903,-0.11867580553985302,0.026908962312681396
2020-09-21,11.925000190734863,12.522500038146973,11.904500007629396,12.517250061035156,721044000,12.792562580108642,11.697205047607422,12.500717991322167,51.77036143711158,0.18576960062614667,0.03233399192509245,0.009626684001143441
2020-09-22,12.574999809265137,12.64799976348877,12.155500411987305,12.637749671936035,646452000,12.788437557220458,11.748915042877197,12.513768627571107,53.0136771499255,0.17779395712986634,-0.10344999750361972,-0.040671793025482655
2020-09-23,12.575499534606934,12.72700023651123,12.07925033569336,12.123749732971191,647012000,12.757125043869019,11.78385004043579,12.476623970942544,47.40045729501473,0.12851624749735358,0.0008662669463470607,0.018496739434735718
2020-09-24,12.072250366210938,12.569499969482422,12.013999938964844,12.347999572753906,731240000,12.735875034332276,11.826265029907226,12.464374028257913,49.89318411746383,0.10633265882209741,0.13017996575024893,0.04257775983223734
2020-09-25,12.447500228881836,12.883500099182127,12.245750427246094,12.873749732971191,588016000,12.74815001487732,11.881045017242432,12.503362190611558,55.24791829203201,0.1296807698337794,-0.19586455883157372,0.012525497060731063
2020-09-28,13.040249824523926,13.051750183105469,12.75,13.03499984741211,573808000,12.742512512207032,11.937715015411378,12.553994348402087,56.77370702701871,0.1593588628629039,-0.024162607820195414,0.014633688093842431
2020-09-29,12.9375,13.442749977111816,12.933250427246094,13.225749969482422,621460000,12.735074996948242,11.992015018463135,12.617971074219263,58.57304859669062,0.19601140858805088,0.08304519978808234,0.023042205032461304
2020-09-30,13.157500267028809,13.6225004196167,13.150250434875488,13.530500411987305,689184000,12.7205500125885,12.056055030822755,12.704878630197172,61.34172557305921,0.24680461893050065,0.10897563801370969,0.006208169042635207
2020-10-01,13.758000373840332,13.762749671936035,13.460749626159668,13.614500045776367,525004000,12.683949995040894,12.119570026397705,12.791509241204714,62.09372609487166,0.29048810643632805,-0.2382237544690533,-0.040563363075428564
2020-10-02,13.225000381469728,13.51949977874756,13.050999641418455,13.062250137329102,552496000,12.68628749847412,12.178220024108887,12.817294088454656,54.57700676997069,0.2773485315127786,0.052365315311883265,0.04442188599028017
2020-10-05,13.236000061035156,13.64424991607666,13.222749710083008,13.642499923706056,479820000,12.737287473678588,12.247180023193359,12.89588512038336,60.04929628612006,0.31018105797581796,-0.13154122382786482,0.006890222700866934
2020-10-06,13.829999923706056,14.142000198364258,13.664999961853027,13.736499786376951,784420000,12.82846245765686,12.313480014801025,12.975943660001798,60.871692853169,0.3398682850419661,0.6348213913550915,0.01656171261900722
2020-10-07,13.999750137329102,14.119250297546388,13.863499641418455,13.96399974822998,418084000,12.890912437438965,12.38845001220703,13.070044239833054,62.864150117480634,0.3774025107824439,-0.46701511945131435,-0.00896948330916252
2020-10-08,14.074999809265137,14.084500312805176,13.758000373840332,13.838749885559082,378900000,12.967262411117554,12.455915012359618,13.14325430133077,61.021835340976224,0.39251734235143765,-0.09372279254886573,-0.005491840972019741
2020-10-09,13.767000198364258,13.82425022125244,13.66075038909912,13.762749671936035,346892000,13.047174882888793,12.518889999389648,13.202253860436034,59.87518787910387,0.3938236196466569,-0.08447611506993935,0.03365970981524935
2020-10-12,13.989500045776367,14.347000122070312,13.912500381469728,14.22599983215332,434744000,13.114862394332885,12.59111499786377,13.29975347679006,64.28103084308728,0.42731346655173574,0.2532546152693058,0.001564050030830634
2020-10-13,14.296500205993652,14.34850025177002,14.018750190734863,14.248250007629396,344604000,13.177724885940552,12.655874996185302,13.39008647972714,64.48275495814863,0.4504572242327036,-0.20734041182857033,-0.010738152253628471
2020-10-14,14.290499687194824,14.34274959564209,13.960000038146973,14.095250129699709,276100000,13.256762409210205,12.713225002288818,13.45724492258167,61.894235508203685,0.45125126378627733,-0.19879049575744911,-0.008885962399985348
2020-10-15,13.810750007629396,14.005749702453612,13.767749786376951,13.970000267028809,267224000,13.332087421417237,12.766890010833741,13.506078764909969,59.77867716727005,0.43673946796662655,-0.032147772546178954,-0.011345788715609614
2020-10-16,14.036749839782717,14.121500015258787,13.792499542236328,13.81149959564209,242392000,13.41319990158081,12.816410007476806,13.535166463074933,57.1180342799467,0.4077488112113592,-0.09292578510912197,-0.022716527715316934
2020-10-19,13.902999877929688,13.98349952697754,13.406749725341797,13.497750282287598,298068000,13.462224912643432,12.862375011444092,13.531603017285663,52.168284929446706,0.3553601883439246,0.22969404930855797,0.01094626124560592
2020-10-20,13.583499908447266,13.799750328063965,13.506999969482422,13.645500183105469,229212000,13.512612438201904,12.91198501586914,13.542450366411359,54.18189855539274,0.32205159911594805,-0.2310076895205121,-0.008849102314006298
2020-10-21,13.625,13.791500091552734,13.477499961853027,13.524749755859377,219596000,13.582662439346313,12.965480003356934,13.540764593977837,52.24609971911517,0.28265250966566846,-0.041952428319634194,-0.012107410324045267
2020-10-22,13.522500038146973,13.611749649047852,13.231749534606934,13.361000061035156,290480000,13.633312463760376,13.003894996643066,13.52364416226901,49.65521902958851,0.2355005122509457,0.32279276489553554,0.017158143340796427
2020-10-23,13.449999809265137,13.593250274658203,13.291250228881836,13.590250015258787,233484000,13.669137477874756,13.046840000152589,13.529987576839465,53.15747045121791,0.21416204324869348,-0.1962131644175158,-0.03303841784201284
2020-10-26,13.427000045776367,13.692749977111816,13.03849983215332,13.141249656677246,336896000,13.674449968338013,13.078384990692138,13.492964917776398,46.35575257430668,0.1591855840210652,0.4429082935019102,0.01944265576959084
2020-10-27,13.305999755859377,13.44200038909912,13.191499710083008,13.396750450134276,250520000,13.682999992370606,13.099580001831054,13.483801635143815,50.25627567516517,0.13468060850287245,-0.2563877279635258,-0.05745800804142444
2020-10-28,13.197999954223633,13.260000228881836,12.609000205993652,12.626999855041504,376520000,13.637824964523315,13.106905002593994,13.402201465610261,40.66345301725102,0.0525421259840364,0.5029538559795625,0.03144058900473242
2020-10-29,12.838500022888184,13.192749977111816,12.75,13.02400016784668,320080000,13.608299970626831,13.124615001678468,13.366182294394681,46.351216067750386,0.01925938399522842,-0.14989907574630834,-0.037622832064135185
2020-10-30,12.850000381469728,12.93649959564209,12.300000190734863,12.534000396728516,416820000,13.581887483596802,13.13247501373291,13.286926875569332,41.11294974371005,-0.04612461935010259,0.3022369407648089,0.0037298601551626694
2020-11-02,12.657750129699709,12.836750030517578,12.395000457763672,12.580750465393066,299652000,13.528800010681152,13.130420017242432,13.219671979362069,41.788882415417696,-0.09309641570325944,-0.28109975529005327,0.03487465350826239
2020-11-03,12.708499908447266,13.104999542236328,12.602749824523926,13.01949977874756,272900000,13.492950010299683,13.136405010223388,13.200607960255924,47.84005629634487,-0.09383680761317237,-0.0892768945309893,0.059506875765230206
2020-11-04,13.389249801635742,13.827500343322754,13.336999893188477,13.794249534606934,410228000,13.48446249961853,13.157290000915527,13.257145253051258,56.44919266655901,-0.03154412208813362,0.5032172957127152,0.026514694539023925
2020-11-05,14.162500381469728,14.33899974822998,13.991000175476074,14.15999984741211,319028000,13.500524997711182,13.185030002593994,13.343131404895148,59.82076211324806,0.046796828812958324,-0.22231539534112732,0.028389860987149913
2020-11-06,14.109749794006348,14.588749885559082,13.895000457763672,14.562000274658203,383348000,13.54048752784729,13.223705005645751,13.459214154396392,63.19353074356252,0.13971017965466537,0.20161239765788586,-0.06395073167422048
2020-11-09,14.552499771118164,14.691499710083008,13.610750198364258,13.630749702453612,582976000,13.510725021362305,13.233365001678466,13.475550873258983,52.25128317280093,0.1366256062675486,0.520748771351357,-0.06314760842061387
2020-11-10,13.606499671936035,13.606499671936035,12.628250122070312,12.770000457763672,644068000,13.436812543869019,13.221275005340576,13.408355595592763,44.56943340076072,0.06398817333921336,0.10479333626084086,0.05074391074863342
2020-11-11,13.053750038146973,13.4350004196167,12.948249816894531,13.41800022125244,404744000,13.402950048446655,13.213215007781983,13.409274131369875,50.47274840990186,0.058041582538749026,-0.3715818826583528,0.00288788896894232
2020-11-12,13.479000091552734,13.765999794006348,13.315999984741213,13.45674991607666,365812000,13.377287530899048,13.195419998168946,13.413795634675283,50.810113841740765,0.0558122738629514,-0.09618919613385246,-0.011871364611625801
2020-11-13,13.627249717712402,13.668749809265137,13.059249877929688,13.29699993133545,346312000,13.351562547683717,13.201049995422363,13.402672234357205,49.318609913722526,0.04068603866622844,-0.05330606978447949,0.016413497464482858
2020-11-16,13.172499656677246,13.649499893188477,13.156000137329102,13.515250205993652,413776000,13.35243754386902,13.218904991149902,13.413393945941628,51.41686565612539,0.04578161945445025,0.19480699484857578,-0.0068811461548866845
2020-11-17,13.552499771118164,13.5962495803833,13.303750038146973,13.422249794006348,312028000,13.341275024414063,13.249089984893798,13.41423736004303,50.45822330055223,0.04183331946384783,-0.24590116391477512,0.00048428871764312254
2020-11-18,13.465250015258787,13.60575008392334,13.1850004196167,13.428750038146973,510924000,13.336475038528443,13.26336498260498,13.415619519862453,50.52765263647499,0.03878172704409444,0.6374299742330816,0.0008563982908963207
2020-11-19,13.212750434875488,13.487500190734863,13.100000381469728,13.440250396728516,565936000,13.34043755531311,13.285934982299805,13.41796531765922,50.65940009801274,0.03686632880100227,0.10767159107812518,-0.026227187102022233
2020-11-20,13.45400047302246,13.494500160217283,13.0649995803833,13.087750434875488,341088000,13.315312576293945,13.30439998626709,13.386516281203626,46.56602726582114,0.006825876482087878,-0.3973028752367759,0.003992275731972476
2020-11-23,13.171250343322754,13.38249969482422,13.01550006866455,13.140000343322754,361356000,13.31525011062622,13.309755001068115,13.36303857283402,47.24645816343862,-0.012619794335879675,0.05942161553616665,-0.01386986439317683
2020-11-24,13.142499923706056,13.161999702453612,12.885000228881836,12.95775032043457,346500000,13.293300104141235,13.309090003967285,13.32443969165312,45.08965640619375,-0.042249654559432415,-0.04111181217414406,0.021377126948876685
2020-11-25,13.032500267028809,13.26949977874756,13.020000457763672,13.234749794006348,259916000,13.323687601089478,13.323495006561279,13.315897796639142,48.907303921997396,-0.04288563086492836,-0.24988167388167393,0.002002285546945623
2020-11-27,13.375,13.407500267028809,13.170499801635742,13.261249542236328,167276000,13.33555006980896,13.339449996948241,13.310693200981731,49.27067323881399,-0.040781237731346565,-0.3564228443035442,0.010575941999052456
2020-11-30,13.265000343322754,13.412500381469728,12.972249984741213,13.40149974822998,286952000,13.378925037384032,13.36369499206543,13.319341443576803,51.24690583930396,-0.0274797026017648,0.7154403500801072,-0.0008580685089924626
2020-12-01,13.492250442504885,13.5287504196167,13.228249549865724,13.390000343322754,296948000,13.419387531280517,13.381149997711182,13.326070862600227,51.07123008756665,-0.01766244438626785,0.03483509437118393,0.011538461812395671
2020-12-02,13.350500106811523,13.673500061035156,13.23425006866455,13.544500350952148,283360000,13.445637559890747,13.399285011291504,13.346873671014697,53.383414422830924,0.0025552080366075813,-0.04575885340194241,-0.010963892255681736
2020-12-03,13.587499618530272,13.65999984741211,13.32900047302246,13.395999908447266,199520000,13.425725078582763,13.424730014801025,13.351552360293988,50.89393733435158,0.006519940783070055,-0.29587803500846976,0.012111863235869089
2020-12-04,13.44849967956543,13.5600004196167,13.388750076293944,13.558250427246094,202244000,13.395637607574463,13.44893503189087,13.371237890479904,53.448287749496764,0.02249497288709179,0.013652766639935754,0.003577091868975813
2020-12-07,13.60124969482422,13.731249809265137,13.5,13.606749534606934,223244000,13.347875070571899,13.463595027923583,13.393667570872955,54.214945328081484,0.03862354537473145,0.10383497161844102,-0.01886924959441624
2020-12-08,13.585000038146973,13.598750114440918,13.281499862670898,13.350000381469728,271920000,13.333837604522705,13.469895038604736,13.38950879092979,49.56154351661554,0.030338323052109928,0.21803945458780527,-0.03140453006002803
2020-12-09,13.30049991607666,13.413999557495115,12.868249893188477,12.930749893188477,401300000,13.341875076293945,13.463995037078858,13.34581746733538,43.0618425065096,-0.009943167269270248,0.4758017063842306,0.0032094110469646567
2020-12-10,12.869000434875488,13.068750381469728,12.849499702453612,12.972249984741213,207764000,13.319587564468383,13.452830028533935,13.310239611850221,43.84686611216888,-0.038078878396978766,-0.4822726140044854,0.0031606210379204044
2020-12-11,12.967249870300291,13.020000457763672,12.822999954223633,13.013250350952148,209264000,13.297412586212157,13.440805034637451,13.28195492033612,44.6586720936914,-0.05641789490018567,0.0072197300783580776,0.022707609065103492
2020-12-14,13.088000297546388,13.388750076293944,13.077500343322754,13.30875015258789,270156000,13.29800009727478,13.445735034942627,13.28450684721724,50.24202508707221,-0.046570497501269514,0.2909817264316843,0.003888432986729855
2020-12-15,13.439749717712402,13.46399974822998,13.186750411987305,13.36050033569336,193016000,13.290262603759766,13.440095043182373,13.291744322310205,51.171123298725824,-0.03419636245380531,-0.2855387257732569,-0.008832006852493085
2020-12-16,13.422499656677246,13.437250137329102,13.212499618530272,13.24250030517578,223116000,13.281275129318237,13.43021505355835,13.28705441591645,48.92771276996952,-0.033524933013987734,0.15594562108840715,0.007457059631127488
2020-12-17,13.36674976348877,13.37950038909912,13.178500175476074,13.3412504196167,231384000,13.276900148391723,13.417760066986084,13.292215940078378,50.8689560559474,-0.024739331782216212,0.03705695691927069,-0.005190675883701239
2020-12-18,13.378999710083008,13.404999732971191,13.070500373840332,13.272000312805176,342064000,13.268487644195556,13.406425075531006,13.290290642242836,49.44949321701148,-0.02309832131172307,0.47833903813573975,0.004539581614924265
2020-12-21,13.074749946594238,13.369999885559082,12.967499732971191,13.332249641418455,302332000,13.280712604522705,13.397815074920654,13.294286737402418,50.73745938645837,-0.016743186366412033,-0.1161537022311614,-0.004050321758910908
2020-12-22,13.319250106811523,13.337249755859377,13.053999900817873,13.278249740600586,185580000,13.287625074386597,13.3788600730896,13.292759404373673,49.519642815905925,-0.015880970889130097,-0.3861714935898284,-0.020258698146281034
2020-12-23,13.255999565124512,13.274999618530272,13.005000114440918,13.009249687194824,179144000,13.29020004272461,13.354080066680908,13.265758478928069,43.8706465830462,-0.036483159936286924,-0.03468046125660096,-0.001191465229528916
2020-12-24,13.037249565124512,13.13249969482422,12.938750267028809,12.993749618530272,97884000,13.278150033950805,13.33205005645752,13.239852873175897,43.56227787457553,-0.05344518634891138,-0.45360157191979633,-0.007215007426824968
2020-12-28,13.0625,13.0625,12.763250350952148,12.899999618530272,212564000,13.260087537765504,13.310650043487549,13.20748589654298,41.655118535508194,-0.07360409380781618,1.1715908626537535,0.0033527197831241047
2020-12-29,12.925000190734863,13.072500228881836,12.842249870300291,12.943249702453612,170372000,13.237175035476685,13.29328504562378,13.182320544724945,42.89715544646064,-0.08510916738648966,-0.1984908074744548,0.015645247366615225
2020-12-30,12.990249633789062,13.213749885559082,12.896750450134276,13.145750045776367,225396000,13.224962520599366,13.286245040893554,13.178837640063175,48.43234635793281,-0.07699933533962877,0.3229638673021389,-0.0069033520555751736
2020-12-31,13.136500358581545,13.151000022888184,12.914999961853027,13.05500030517578,192424000,13.200487518310547,13.274435043334961,13.167043608169138,46.2678422254135,-0.07700728856632644,-0.14628476104278687,0.00448099079855886
2021-01-04,13.104249954223633,13.65250015258789,12.962499618530272,13.113499641418455,560640000,13.186362504959106,13.266210041046143,13.16194418276431,47.88472369580728,-0.07146933007140355,1.9135658753585831,0.02220995438638927
2021-01-05,13.099749565124512,13.443499565124512,13.086999893188477,13.404749870300291,322760000,13.178687477111817,13.267085037231446,13.185068533958214,55.124903023196886,-0.04308237190878117,-0.424300799086758,-0.05895297056417368
2021-01-06,13.22249984741211,13.244999885559082,12.586000442504885,12.614500045776367,580424000,13.129075002670287,13.247570037841797,13.130728677940896,39.2084375722208,-0.08339078246237897,0.7983145371173628,0.05783025995856134
2021-01-07,12.967499732971191,13.377750396728516,12.886500358581545,13.343999862670898,461480000,13.128774976730346,13.25162504196167,13.151040219343754,52.766421256335384,-0.05582740610723036,-0.20492605405703412,-0.00503973714494307
2021-01-08,13.362500190734863,13.42099952697754,13.041999816894531,13.27674961090088,292528000,13.146074962615966,13.249225025177003,13.163012542349195,51.62340641206249,-0.038960650914827255,-0.3661090404784606,0.025966476318484543
2021-01-11,13.418749809265137,13.961000442504885,13.362500190734863,13.621500015258787,518344000,13.178537464141845,13.269115028381348,13.206678015959632,56.790741198268854,0.0021994961039535355,0.7719466170759721,-0.0100392923759683
2021-01-12,13.7524995803833,13.75450038909912,13.345000267028809,13.484749794006348,291476000,13.202112436294556,13.27833002090454,13.23316104244027,54.312524701802545,0.02351355949620526,-0.43767845291929686,0.003485413674960404
2021-01-13,13.489999771118164,13.625,13.385000228881836,13.531749725341797,210028000,13.21326241493225,13.298285007476807,13.261598059859464,55.0387213325465,0.04369393349129602,-0.27943295502888743,-0.02449794447387242
2021-01-14,13.574999809265137,13.599749565124512,13.180500030517578,13.200249671936035,283120000,13.205249881744384,13.310674991607666,13.25575535624771,49.10954893704953,0.03256238254919808,0.3480107414249529,-0.025813886030127593
2021-01-15,13.227999687194824,13.325249671936035,12.84850025177002,12.85949993133545,277780000,13.186099863052368,13.307474994659424,13.218016744351303,43.87715087561893,-0.003712314818578477,-0.018861260243006495,0.012889342853538628
2021-01-19,13.016249656677246,13.093999862670898,12.843999862670898,13.025250434875488,226188000,13.170299863815307,13.292095012664795,13.199658048210749,46.84397197199208,-0.018868093786510443,-0.18572971416228667,0.026141522547465892
2021-01-20,13.111749649047852,13.430500030517578,13.056750297546388,13.365750312805176,258572000,13.174987363815308,13.276210021972656,13.215476359124503,52.40964145874406,-0.003364875151193658,0.14317293578792856,0.03753997947200148
2021-01-21,13.418499946594238,13.999250411987305,13.253000259399414,13.86750030517578,337780000,13.201749897003173,13.262320022583008,13.277573877796053,59.1904541767619,0.048845507788104925,0.30632860479866353,-0.011177262176634442
2021-01-22,13.739999771118164,13.841750144958496,13.627249717712402,13.712499618530272,246820000,13.223462390899659,13.263955020904541,13.318995376913598,56.51170462523924,0.07682970736383332,-0.26928770205459174,-0.004320866332030296
2021-01-25,13.781749725341797,13.828499794006348,13.236499786376951,13.653249740600586,251112000,13.255662393569946,13.28162000656128,13.350829125836169,55.47813248724232,0.0931526118420063,0.017389190503200647,-0.015966854957961005
2021-01-26,13.580499649047852,13.644749641418455,13.387499809265137,13.435250282287598,163980000,13.277737426757813,13.281965007781983,13.3588692359744,51.7293354899902,0.08748937381171018,-0.3469846124438497,-0.03851807095758391
2021-01-27,13.229999542236328,13.232749938964844,12.793749809265137,12.917750358581545,371272000,13.278624963760375,13.27118501663208,13.316857914317938,44.10955701907643,0.04077328886200071,1.2641297719234053,0.010315208077108418
2021-01-28,12.99625015258789,13.339750289916992,12.96049976348877,13.050999641418455,228316000,13.284012460708619,13.26626501083374,13.2915380788037,46.3028466350738,0.01433728716062177,-0.38504384925337753,-0.004693106631986136
2021-01-29,13.074999809265137,13.334750175476074,12.911499977111816,12.989749908447266,271552000,13.276212453842163,13.255755004882813,13.262796348293564,45.42050974479638,-0.011424086456800708,0.18936911999159056,0.019034281544174546
2021-02-01,13.053250312805176,13.270750045776367,12.902750015258787,13.237000465393066,217204000,13.285312461853028,13.252050018310547,13.260339597541137,49.596018080748614,-0.01175361866330249,-0.20013846335140228,0.02415576194843227
2021-02-02,13.39875030517578,13.571999549865724,13.285499572753906,13.556750297546388,220440000,13.307474994659424,13.254610023498536,13.288569188017828,54.4492711738416,0.013629254322903961,0.014898436492882361,-0.0019362963086983114
2021-02-03,13.63599967956543,13.931750297546388,13.51650047302246,13.530500411987305,245408000,13.313762521743774,13.256415023803712,13.311610256967302,53.989670619970134,0.031266793520227765,0.11326438033024866,0.009885071341081516
2021-02-04,13.531000137329102,13.673500061035156,13.337750434875488,13.664250373840332,201340000,13.366250038146973,13.267945022583008,13.345195030002829,56.026391491650465,0.055398574252617294,-0.17957034815490935,-0.005360760273324863
2021-02-05,13.725000381469728,13.737250328063965,13.54574966430664,13.590999603271484,169152000,13.378600025177002,13.276965007781982,13.36860498936175,54.60085343209201,0.06783055097189994,-0.15986887851395648,0.0623758876097136
2021-02-08,13.727250099182127,14.473750114440918,13.727250099182127,14.438750267028809,434624000,13.436700057983398,13.306585006713867,13.470523587234803,65.53156347028342,0.1444245395164021,1.5694286795308363,-0.012154785755760173
2021-02-09,14.340749740600586,14.583250045776367,14.22249984741211,14.263250350952148,287560000,13.468787574768067,13.327155017852784,13.546021374255503,62.193175003477734,0.18878821769738785,-0.33837063760859964,0.03512519505416585
2021-02-10,14.463250160217283,14.904999732971191,14.341500282287598,14.764249801635742,485352000,13.532762575149537,13.357215023040771,13.662043129244097,67.3125037362629,0.26136042068348964,0.6878286270691334,0.03295120259500442
2021-02-11,14.980250358581545,15.272250175476074,14.925000190734863,15.250749588012695,450828000,13.618712568283081,13.394200019836425,13.813348506269678,71.36702328686995,0.3540496177119774,-0.07113187954309452,-0.018982626471322196
2021-02-12,15.050000190734863,15.291250228881836,14.774999618530272,14.96125030517578,374756000,13.706762599945069,13.425625019073486,13.922672487117879,66.11185523610152,0.3995406456109869,-0.16873841021409497,0.024663679416787654
2021-02-16,15.064249992370604,15.3725004196167,14.949999809265137,15.330249786376951,321960000,13.830300092697144,13.461340007781983,14.056727467999695,69.22272700204029,0.4600644506349649,-0.14088099990393754,-0.02767402064282438
2021-02-17,15.17099952697754,15.22350025177002,14.779999732971191,14.906000137329102,274756000,13.924337577819824,13.49154001235962,14.1376105793644,62.15776069091928,0.46839720962560527,-0.14661448627158657,-0.005165682516922304
2021-02-18,14.729000091552734,14.873250007629396,14.574999809265137,14.82900047302246,233868000,13.997500085830689,13.516955013275146,14.203457235903263,60.94204934726234,0.4634454412020652,-0.14881567645474525,0.006574943981523702
2021-02-19,15.024499893188477,15.177000045776367,14.846750259399414,14.92650032043457,271724000,14.050450086593628,13.5433500289917,14.272318482049101,61.95669212524548,0.46206218663299836,0.16186908854567528,-0.038237378103282926
2021-02-22,14.774749755859377,15.13325023651123,14.324999809265137,14.35575008392334,325884000,14.082612609863281,13.563465023040772,14.280264348894267,53.237983553683776,0.41018284083430956,0.19931989813192796,-0.01488949614680569
2021-02-23,14.075249671936035,14.238750457763672,13.38949966430664,14.142000198364258,391780000,14.107050132751464,13.587690029144287,14.267096334558076,50.37871156899664,0.34781090848778184,0.20220692025383258,0.02524391120565283
2021-02-24,14.122750282287598,14.506750106811523,13.755999565124512,14.49899959564209,448320000,14.16023759841919,13.618225021362305,14.28918235942322,54.74990148463771,0.32345893724713726,0.144315687375568,-0.08217806354316559
2021-02-25,14.045499801635742,14.374750137329102,13.2162504196167,13.307499885559082,824436000,14.179725074768067,13.624110012054443,14.195688790483779,41.583575367715596,0.20564520584403212,0.8389453961456104,0.030584297966342804
2021-02-26,13.7524995803833,13.854499816894531,13.361000061035156,13.714500427246094,500932000,14.212900114059448,13.632225017547608,14.149861327318284,46.33132560262845,0.14346474489818029,-0.39239431562910887,0.009278479984557076
2021-03-01,13.875,13.925000190734863,13.553250312805176,13.841750144958496,353184000,14.25550012588501,13.64185001373291,14.12051740518878,47.76086263998612,0.1032639083062854,-0.29494622024546246,-0.03146279483430178
2021-03-02,13.899999618530272,13.920499801635742,13.395999908447266,13.40625,264116000,14.263962602615356,13.645125007629394,14.052491938027943,43.4912131376689,0.035849977380832954,-0.2521858294826492,-0.04486709985977551
2021-03-03,13.426250457763672,13.451499938964844,12.798749923706056,12.804750442504885,377592000,14.226362609863282,13.634395008087159,13.933659414644795,38.38692607663585,-0.06535862240231793,0.42964455012191616,-0.03393277332704552
2021-03-04,12.80074977874756,12.975000381469728,12.083749771118164,12.37024974822998,573344000,14.168350076675415,13.616359996795655,13.784763255938623,35.17539317803512,-0.1785693058509068,0.5184220004661115,0.007376602855553175
2021-03-05,12.550000190734863,12.550000190734863,11.67924976348877,12.46150016784668,542840000,14.108212566375732,13.598945007324218,13.658738199929866,36.37920120641345,-0.25795292116626456,-0.05320366132723109,-0.06967458825132032
2021-03-08,12.449999809265137,12.4712495803833,11.566499710083008,11.593250274658203,543112000,14.008325099945068,13.56524501800537,13.462025064189708,30.56335490960757,-0.3864705266828903,0.000501068454793252,0.07996032379312172
2021-03-09,12.130249977111816,12.61674976348877,12.059249877929688,12.52025032043457,521824000,13.912400102615356,13.555465030670167,13.372332231451123,41.34498887201655,-0.4088080142287662,-0.03919633519421406,-0.0041532752497365644
2021-03-10,12.840499877929688,12.979999542236328,12.457500457763672,12.468250274658203,384376000,13.82265009880066,13.544955043792724,13.286229187947036,40.960775322510486,-0.42579826579554414,-0.26339915373765865,0.042126960048977084
2021-03-11,12.949999809265137,13.046250343322754,12.73449993133545,12.993499755859377,299916000,13.73411259651184,13.546825046539306,13.258350194414879,46.38097514898245,-0.39235707104924344,-0.21973276167086397,-0.01058219970359667
2021-03-12,12.648249626159668,12.888750076293944,12.59000015258789,12.855999946594238,243964000,13.614375114440918,13.545080051422119,13.220031123193866,45.21083382678723,-0.37265404489538234,-0.18655890315955137,0.026077310377298515
2021-03-15,12.864749908447266,13.20674991607666,12.767250061035156,13.19124984741211,221988000,13.525875091552734,13.545990047454834,13.21729004930989,48.61481839318916,-0.32622684946861824,-0.09007886409470245,0.0075808117218964565
2021-03-16,13.356499671936035,13.512499809265137,13.11674976348877,13.291250228881836,272128000,13.423925113677978,13.550715045928955,13.22433387593579,49.6202818860546,-0.27815734285498195,0.2258680649404472,0.003761887698586327
2021-03-17,13.039750099182127,13.45324993133545,12.989500045776367,13.3412504196167,243864000,13.345687627792358,13.55527006149292,13.235468784857781,50.145557169097295,-0.233337545046588,-0.10386288805268107,-0.04637875407051739
2021-03-18,13.136500358581545,13.184000015258787,12.717000007629396,12.72249984741211,293896000,13.24036259651184,13.541625061035155,13.186614600339146,44.02786655825504,-0.24492222152588639,0.2051635337729225,0.00968756212282171
2021-03-19,12.75,12.921500205993652,12.612500190734863,12.845749855041504,299208000,13.136325073242187,13.546250057220458,13.15415129126318,45.4553248664035,-0.24137548913865103,0.018074420883577913,0.02650681211856646
2021-03-22,12.912750244140623,13.39449977874756,12.906749725341797,13.186249732971191,297804000,13.07785005569458,13.543095054626464,13.157208285711562,49.302095318018004,-0.2086836089532511,-0.004692387904066786,-0.008759086078217026
2021-03-23,13.254249572753906,13.344499588012695,13.021249771118164,13.07075023651123,222048000,13.024287557601928,13.538975067138672,13.14897418578772,48.06384003044055,-0.18990578677114556,-0.25438207680219205,-0.032725786945918385
2021-03-24,13.151249885559082,13.159250259399414,12.63675022125244,12.642999649047852,245840000,12.931487560272217,13.519405059814453,13.100786134669638,43.68762679840371,-0.20715220330052198,0.10714800403516356,-0.008522497979580221
2021-03-25,12.499500274658203,12.714750289916992,12.272000312805176,12.535249710083008,295144000,12.892875051498413,13.500415058135987,13.046925522804244,42.634567155974494,-0.2268990808600435,0.20055320533680443,0.02425160310714383
2021-03-26,12.554499626159668,12.856249809265137,12.373499870300291,12.83924961090088,363968000,12.849112510681152,13.486565055847167,13.027146864527733,46.54918977187629,-0.21553383237721668,0.23318786761716326,0.00848960876195649
2021-03-29,12.820249557495115,13.0625,12.699999809265137,12.948249816894531,273520000,12.804437494277954,13.481525058746337,13.019632859991237,47.921451827160396,-0.19547803628004168,-0.24850536310884475,-0.0059081296736357885
2021-03-30,12.842000007629396,12.975250244140623,12.704999923706056,12.871749877929688,200204000,12.777712488174439,13.481770057678222,13.005548766461565,47.00926318705431,-0.18363969502412125,-0.26804621234279025,0.03701909341685195
2021-03-31,13.01550006866455,13.470499992370604,12.982500076293944,13.34825038909912,314776000,12.80488748550415,13.488230056762696,13.03818701623657,53.00929580620936,-0.13426044448788588,0.5722762781962398,0.034723653615810486
2021-04-01,13.572250366210938,13.869999885559082,13.511249542236328,13.811750411987305,308276000,12.876962518692016,13.497150058746337,13.111859720593783,57.991914107882465,-0.05706860313094708,-0.020649604798332777,0.012724656434207228
2021-04-05,13.86750030517578,14.013999938964844,13.732999801635742,13.987500190734863,255672000,12.953262519836425,13.499550056457519,13.19525405108341,59.735324303600116,0.018079615075929922,-0.1706392972531109,-0.009008071681126622
2021-04-06,13.999750137329102,14.05424976348877,13.773500442504885,13.861499786376951,191744000,13.066674995422364,13.502530059814454,13.258706025873272,57.88067371779294,0.06669907440517697,-0.25003911261303546,0.020344157993939658
2021-04-07,13.880749702453612,14.243499755859377,13.71150016784668,14.143500328063965,251284000,13.147837495803833,13.51233507156372,13.342972149891432,60.813146284421386,0.12652690969052927,0.31051819092122823,0.012267123202230947
2021-04-08,14.252750396728516,14.471500396728516,14.24899959564209,14.31700038909912,244416000,13.240275001525879,13.529970073699952,13.435736744101687,62.54113738466427,0.1857991284190028,-0.027331624775154828,0.005797249924945694
2021-04-09,14.21399974822998,14.407999992370604,14.175000190734863,14.399999618530272,195172000,13.310599994659423,13.559615058898926,13.527571303571076,63.373205966598185,0.23674112859201202,-0.20147617177271537,0.056180558103470356
2021-04-12,14.289750099182127,15.352499961853027,14.139249801635742,15.208999633789062,869324000,13.428249979019165,13.602775058746339,13.687707335020407,70.29854985643057,0.3384906612428811,3.4541430123173402,0.030935630462198153
2021-04-13,15.231499671936035,15.699999809265137,15.125749588012695,15.679499626159668,676212000,13.552662467956543,13.656570053100586,13.877401838938432,73.44346946372627,0.45188427554599997,-0.2221404217529943,-0.02567041095125541
2021-04-14,15.625,15.720499992370604,15.227499961853027,15.277000427246094,385500000,13.651949977874756,13.697370052337646,14.010696942586781,66.91590275662477,0.5034675497955554,-0.4299125126439637,0.056310168813521064
2021-04-15,15.662500381469728,16.214250564575195,15.631500244140623,16.137250900268555,598480000,13.79175000190735,13.74898006439209,14.213225890937426,72.53452497042504,0.6067682434253978,0.5524773022049287,-0.01392743535982861
2021-04-16,16.05299949645996,16.16575050354004,15.865249633789062,15.912500381469728,335208000,13.951250028610229,13.796620063781738,14.375061556702407,69.22668460674087,0.6628582811693793,-0.4399010827429488,-0.03461119995090349
2021-04-19,15.536499977111816,15.807499885559082,15.232999801635742,15.361749649047852,404420000,14.077050018310548,13.830570049285889,14.469031851211497,61.790341333402765,0.6553149955485953,0.20647478580463474,-0.012400885971794569
2021-04-20,15.323249816894531,15.496999740600586,14.963000297546388,15.171250343322754,334132000,14.176300048828125,13.862175064086914,14.535909802841141,59.41300613446229,0.6267405109667923,-0.17379951535532367,0.01247425150122179
2021-04-21,15.118749618530272,15.362500190734863,15.102250099182127,15.36050033569336,216776000,14.290787553787231,13.880610065460205,14.614442234541352,61.01760152259747,0.612307617754583,-0.35122646139848923,-0.03321832495046158
2021-04-22,15.375,15.43850040435791,14.783499717712402,14.850250244140623,277788000,14.40115008354187,13.892350063323974,14.636900140217474,54.734530681246774,0.553318219840472,0.28145182123482315,0.027945654452306165
2021-04-23,14.934249877929688,15.335000038146973,14.900250434875488,15.265250205993652,227500000,14.537650108337402,13.902370071411132,14.696743003624729,58.47934800671804,0.5339012444163771,-0.18103013809091828,0.013936848615664304
2021-04-26,15.1850004196167,15.479000091552734,15.125,15.477999687194824,197796000,14.6695876121521,13.906915073394776,14.771148402059977,60.29292757397387,0.5295756383033883,-0.13056703296703298,-0.006218476697795095
2021-04-27,15.578499794006348,15.670499801635742,15.354499816894531,15.381750106811523,164572000,14.79126262664795,13.91532506942749,14.829300945369647,59.036583247892935,0.5124735514514871,-0.16797104087039172,-0.006826303585841329
2021-04-28,15.364500045776367,15.53225040435791,15.215499877929688,15.27674961090088,209416000,14.911512613296509,13.914255065917969,14.87191510399167,57.62587554872079,0.48485821818773367,0.27248863719223193,0.003142051608878008
2021-04-29,15.399999618530272,15.43649959564209,15.071499824523926,15.324749946594238,173196000,15.010337591171265,13.922630062103272,14.915042231858582,58.11856692797622,0.4615259101510709,-0.17295717614699924,-0.02057132402337011
2021-04-30,15.174500465393066,15.364999771118164,14.996999740600586,15.009499549865724,201912000,15.070225048065186,13.926240043640137,14.92403816690688,53.702226264672824,0.4128378775041046,0.16580059585671725,-0.01150934571630616
2021-05-03,15.125,15.246749877929688,14.787500381469728,14.836750030517578,203912000,15.11268754005432,13.924445037841798,14.91572501106028,51.39741770457256,0.35620668938535793,0.009905305281508792,-0.032722822363033435
2021-05-04,14.637249946594238,14.637499809265137,14.010250091552734,14.35124969482422,405324000,15.137175035476684,13.924355030059814,14.861965457133037,45.48857690929927,0.26904881790498614,0.9877398093295147,0.007473231663004574
2021-05-05,14.708999633789062,14.81350040435791,14.387499809265137,14.458499908447266,292024000,15.15292501449585,13.930685024261475,14.823540166782012,46.939764242438706,0.2062522254626007,-0.27952946284947355,0.0044610336791453984
2021-05-06,14.49524974822998,14.571249961853027,14.218000411987305,14.52299976348877,193380000,15.163224983215333,13.931165027618409,14.794917271230274,47.83910901812134,0.15984745086902663,-0.33779415390515843,0.01991670994635114
2021-05-07,14.808250427246094,14.970749855041504,14.67175006866455,14.812250137329102,229328000,15.183837509155273,13.961260032653808,14.796568020382542,51.785789553074,0.14474291426167696,0.18589306029579067,-0.036895151035587055
2021-05-10,14.787249565124512,14.805999755859377,14.25,14.26574993133545,268904000,15.136675024032593,13.972285022735596,14.746013916663772,44.876863382337106,0.08766392568079517,0.1725737807855996,0.0028389455436803085
2021-05-11,13.824999809265137,14.35474967956543,13.75,14.306249618530272,285584000,15.068012523651124,13.981575012207031,14.704131602555819,45.45760132999305,0.0451756455639547,0.06202957189182756,-0.03828742919728369
2021-05-12,14.009499549865724,14.260250091552734,13.709250450134276,13.758500099182127,303408000,14.992087507247925,13.988620014190674,14.614071459377373,39.410186105348444,-0.03232283351335319,0.06241246008179724,-0.006777648289128886
2021-05-13,14.0337495803833,14.080750465393066,13.458999633789062,13.665249824523926,285404000,14.868487453460693,14.005830001831054,14.523707494153236,38.47184849268599,-0.10011143209636231,-0.059339239571797764,0.04227878841679209
2021-05-14,13.890000343322754,14.32800006866455,13.748499870300291,14.243000030517578,258616000,14.785012435913085,14.043285007476806,14.496973449997459,46.906492023436385,-0.10599295094000638,-0.09385993188602826,-0.00544129348849953
2021-05-17,14.156999588012695,14.169249534606934,13.853500366210938,14.165499687194824,216980000,14.725199937820435,14.07736499786377,14.465404520206732,45.99561962990461,-0.11557544521715535,-0.16099545271754256,-0.010571441824586263
2021-05-18,14.267000198364258,14.404250144958496,14.003999710083008,14.01574993133545,186256000,14.66742491722107,14.125814990997315,14.422580273647563,44.20919628832164,-0.13371184780806722,-0.14159830399115125,0.0035674288553819225
2021-05-19,13.566499710083008,14.079500198364258,13.54325008392334,14.065750122070312,344000000,14.602687406539918,14.15672498703003,14.388596449687824,44.977614322603046,-0.1424088790920912,0.846920367666008,0.038871021020532366
2021-05-20,14.302499771118164,14.68375015258789,14.270500183105469,14.612500190734863,321592000,14.590799903869629,14.199609985351563,14.409920615501829,52.656484162606915,-0.10398450918932944,-0.06513953488372093,0.025953777095200418
2021-05-21,15.16374969482422,15.222000122070312,14.869500160217283,14.99174976348877,672992000,14.577124881744385,14.23957498550415,14.465332915310109,57.12611510053426,-0.04244141005221813,1.0926888728575337,0.04137280248732998
2021-05-24,15.212499618530272,15.744999885559082,15.175999641418455,15.612000465393066,554816000,14.583824920654298,14.294694995880127,14.574539348651342,63.23874781881545,0.05573846902537305,-0.17559792686985876,0.0022898689699665208
2021-05-25,15.765999794006348,15.818499565124512,15.482500076293944,15.647749900817873,435408000,14.597124910354614,14.343824996948243,14.676749877429106,63.56121532151852,0.13487663729355148,-0.2152209020648287,0.0033391323850678915
2021-05-26,15.73425006866455,15.793749809265137,15.58625030517578,15.699999809265137,370440000,14.618287420272827,14.391999988555908,14.774202251889681,64.0574708087431,0.19951050384938718,-0.14921177378458828,-0.013503178074140343
2021-05-27,15.699749946594238,15.75,15.460000038146973,15.48799991607666,581476000,14.626449918746948,14.434934978485108,14.84218298181225,60.45963178761833,0.23096427672169462,0.5696900982615267,0.0488442209817587
2021-05-28,15.50100040435791,16.27750015258789,15.50100040435791,16.24449920654297,644536000,14.688199901580811,14.505374965667725,14.975736907977081,67.47893849707734,0.31332299628310345,0.10844815607178981,0.0012312141796046307
2021-06-01,16.270000457763672,16.38825035095215,15.903249740600586,16.26449966430664,472804000,14.759587383270263,14.573749961853027,15.098476218103706,67.64248631261637,0.3758739042934689,-0.26644283639703603,0.03158720445741093
2021-06-02,16.25225067138672,16.918750762939453,16.23550033569336,16.778249740600586,594168000,14.880937385559083,14.645589962005616,15.258454648817695,71.59418590718744,0.46158047472625086,0.25668987572017166,0.011413568938577081
2021-06-03,16.70075035095215,17.259000778198242,16.58300018310547,16.969749450683594,580008000,15.006499862670898,14.723569946289063,15.421435106138256,72.92167651129273,0.5387456509440121,-0.02383164357555434,0.035858009341538016
2021-06-04,17.112499237060547,17.660999298095703,17.095500946044922,17.578250885009766,617120000,15.159262418746948,14.822274971008301,15.626846132697448,76.65500474169373,0.6416045712210536,0.06398532434035387,0.0023181257599500698
2021-06-07,17.571250915527344,17.8125,17.192750930786133,17.618999481201172,575756000,15.299599885940552,14.923949966430664,15.816575023031136,76.8848349599765,0.718130911633196,-0.06702748249935186,-0.009194548700233724
2021-06-08,17.527250289916992,17.62150001525879,17.250999450683594,17.457000732421875,323848000,15.459162425994872,15.016304988861084,15.972806042973112,73.77521362634496,0.7569806409807338,-0.43752561849116645,-0.005656817550097809
2021-06-09,17.515750885009766,17.575000762939453,17.25575065612793,17.35824966430664,381656000,15.611762428283692,15.104504985809326,16.104753054528686,71.86706775852585,0.770914325024675,0.17850349546700928,0.0038454091884138424
2021-06-10,17.350000381469727,17.492000579833984,17.176000595092773,17.424999237060547,287772000,15.795087385177613,15.195569972991944,16.230490786198388,72.38695218996925,0.7783704328568515,-0.24599115433793783,0.02296995156811977
2021-06-11,17.47949981689453,17.939250946044922,17.443750381469727,17.82525062561035,416308000,16.003087425231932,15.285109977722168,16.382372675666193,75.3308034156238,0.8072706801554723,0.4466591607244623,0.010855309443570292
2021-06-14,17.9060001373291,18.03949928283691,17.662750244140625,18.018749237060547,321376000,16.19187488555908,15.369249954223633,16.538218062465656,76.62806023013087,0.8361494448480791,-0.22803309088463353,-0.012778323394037524
2021-06-15,17.915000915527344,18.01625061035156,17.72800064086914,17.78849983215332,243032000,16.373024892807006,15.445269947052003,16.657292516721625,71.79032368944766,0.830879015143438,-0.2437767599322912,0.0012226717635091399
2021-06-16,17.79075050354004,17.954750061035156,17.58449935913086,17.81024932861328,307124000,16.5627498626709,15.524244937896729,16.767097927377975,71.97033824068197,0.8190160569426652,0.26371835807630273,0.047556893025048994
2021-06-17,17.774499893188477,18.834999084472656,17.756250381469727,18.657249450683594,809656000,16.792324829101563,15.614519920349121,16.947112358168987,77.88806821788332,0.8679551614582941,1.6362511558849193,-0.0009915381384886092
2021-06-18,18.784000396728516,19.375,18.583999633789062,18.638750076293945,968856000,16.993637323379517,15.700954914093018,17.108220712276125,77.50319724416224,0.8949308042305297,0.19662671554339117,-0.011347336435165804
2021-06-21,18.43524932861328,18.536500930786133,17.822750091552734,18.427249908447266,672384000,17.16541233062744,15.781499919891358,17.2338425404829,73.05839241632506,0.888995117181345,-0.30600213034754387,0.024935861911777706
2021-06-22,18.471500396728516,18.9637508392334,18.38599967956543,18.886749267578125,580144000,17.329149770736695,15.85505491256714,17.391262228777684,76.24576609902013,0.9108688711654267,-0.13718351418237196,0.009027482666296105
2021-06-23,19.007749557495117,19.15275001525879,18.90774917602539,19.057249069213867,332356000,17.499624729156494,15.922609901428222,17.549927642152557,77.31805879575006,0.9312272794468015,-0.4271146473978874,0.00777922245207345
2021-06-24,19.22775077819824,19.420000076293945,19.08824920654297,19.20549964904785,320924000,17.67489972114563,16.001179885864257,17.707601166618776,78.23793549614474,0.9483915797172884,-0.03439685156879968,-0.009085913665745278
2021-06-25,19.280500411987305,19.34550094604492,18.894500732421875,19.0310001373291,278364000,17.85204973220825,16.05905487060547,17.833639163829282,74.41252589218216,0.9371113231001651,-0.13261706821552766,0.050128761816947066
2021-06-28,19.361249923706055,20.07875061035156,19.319000244140625,19.98500061035156,495436000,18.03907480239868,16.140504875183105,18.038530730164737,80.13197619713105,0.9936967857284245,0.7798134816283715,0.0020890644457629533
2021-06-29,19.88249969482422,20.0987491607666,19.656999588012695,20.026750564575195,367632000,18.22718734741211,16.23380489349365,18.22788500010859,80.33909639179373,1.03003642617891,-0.25796268337383643,-0.0012108819371063311
2021-06-30,19.999250411987305,20.162500381469727,19.863750457763672,20.002500534057617,326568000,18.38839988708496,16.33042989730835,18.39689600334183,79.81860580349593,1.0448348722321157,-0.11169865517691602,0.01047365846955742
2021-07-01,20.125,20.45599937438965,20.018999099731445,20.211999893188477,480136000,18.550512409210206,16.42745988845825,18.569763040470082,80.96589646369775,1.0612343458257563,0.470248156586071,0.013605759943772283
2021-07-02,20.440250396728516,20.505250930786133,20.287750244140625,20.48699951171875,342764000,18.695949840545655,16.540194873809813,18.752356990112812,82.38175243549345,1.083926389055943,-0.28611060199610105,0.010323628295383112
2021-07-06,20.737499237060547,20.84199905395508,20.350250244140625,20.69849967956543,446708000,18.849924850463868,16.64885986328125,18.937703912917822,83.40421575773381,1.106224426183534,0.3032523835642016,-0.01578615874069006
2021-07-07,20.853500366210938,20.875,20.332000732421875,20.371749877929688,418428000,18.99566230773926,16.74673486709595,19.074279719109427,76.06022787600307,1.0850223408831141,-0.06330757452295455,-0.023022070537936593
2021-07-08,19.85650062561035,20.132999420166016,19.70075035095215,19.90275001525879,503300000,19.122887325286865,16.837154865264893,19.153181652076032,66.94801753830781,1.018632999071336,0.20283537430573473,0.007410990157620104
2021-07-09,19.962499618530273,20.080249786376953,19.754249572753903,20.050249099731445,296624000,19.25414981842041,16.932624855041503,19.238616647090833,68.2368343308872,0.9667765129480088,-0.41064176435525535,0.023054659366511274
2021-07-12,20.239999771118164,20.53274917602539,20.1877498626709,20.512500762939453,321984000,19.388512325286865,17.036379871368407,19.35993894383832,71.93083528026878,0.9520055922474846,0.08549544204110249,-0.012797111672201426
2021-07-13,20.40049934387207,20.46125030517578,20.11400032043457,20.25,290708000,19.500074863433838,17.141189880371094,19.444706663472765,67.15459950505635,0.9086436351992262,-0.09713526137944739,-0.02017287266107253
2021-07-14,20.357749938964844,20.417749404907227,19.752750396728516,19.84149932861328,380100000,19.602724838256837,17.241284866333007,19.482496441105194,60.42994828203313,0.8317287305613448,0.3074975576867509,-0.04411208287111181
2021-07-15,19.811750411987305,19.847000122070312,18.85849952697754,18.966249465942383,550564000,19.66052484512329,17.33358486175537,19.43333006251826,49.087880429939744,0.6921688734318643,0.4484714548802946,-0.042457006024974216
2021-07-16,19.030500411987305,19.156999588012695,18.072999954223633,18.160999298095703,688224000,19.635712337493896,17.40763484954834,19.312155704001825,41.390781015087306,0.510702660030038,0.25003451006604127,0.03407034578453986
2021-07-19,17.915250778198242,19.04199981689453,17.86549949645996,18.77975082397461,749060000,19.64276237487793,17.492769870758057,19.261450477332566,48.12217098857678,0.41206739905848977,0.08839563862928346,-0.00893256326072786
2021-07-20,18.729999542236328,18.83799934387207,18.163999557495117,18.61199951171875,434687000,19.651999855041502,17.56876485824585,19.199598004416966,46.560843578140805,0.31671126485172607,-0.4196900114810562,0.04287558331338399
2021-07-21,18.881999969482425,19.527000427246097,18.742000579833984,19.40999984741211,371017000,19.678162384033204,17.671649856567385,19.21963627517841,54.17727469664046,0.3020509441484407,-0.14647320945875997,0.009479650525773773
2021-07-22,19.642000198364254,19.886999130249023,19.275999069213867,19.5939998626709,323826000,19.704999923706055,17.777404861450194,19.255289950177694,55.74354953844784,0.30180082579302336,-0.1271936326367794,-0.0018372613222421442
2021-07-23,19.6560001373291,19.700000762939453,19.25,19.558000564575195,195672000,19.72262496948242,17.89339487075806,19.284119532501265,55.344959912146884,0.29529379958906077,-0.3957495692130959,-0.01349830920053345
2021-07-26,19.31100082397461,19.441999435424805,18.913999557495117,19.29400062561035,203943000,19.735774993896484,18.005969886779784,19.285060588987843,52.386631898908725,0.2657707064396,0.04226971666871093,-0.0044573670424125555
2021-07-27,19.26499938964844,19.621999740600582,18.74099922180176,19.20800018310547,248863000,19.69692497253418,18.105269889831543,19.27772150271333,51.42235501906304,0.23275091774445045,0.22025762100194668,0.015358187915544599
2021-07-28,19.319000244140625,19.645999908447266,18.9950008392334,19.503000259399418,202191000,19.67073745727539,18.212019901275635,19.29917662239772,54.51517025417664,0.22776105043415384,-0.18754093617773637,0.008152612142425741
2021-07-29,19.518999099731445,19.85300064086914,19.32799911499023,19.66200065612793,190781000,19.653712463378906,18.324944915771486,19.333731292276788,56.13617678641679,0.233939835039088,-0.05643178974336149,-0.008290107891982102
2021-07-30,19.417999267578125,19.6299991607666,19.26300048828125,19.499000549316406,183497000,19.618062496185303,18.433609924316407,19.349471221518655,54.011095522886855,0.2231119245988502,-0.03817990261084703,0.012872426463539602
2021-08-02,19.700000762939453,19.961000442504883,19.361000061035156,19.75,217444000,19.581212520599365,18.53635992050171,19.387616819469258,56.727616680898414,0.23210868115064542,0.18500029973242071,0.0032911662813983385
2021-08-03,19.739999771118164,20.222000122070312,19.219999313354492,19.815000534057617,301811000,19.537037563323974,18.632824935913085,19.428320030382434,57.42891624891596,0.24169753665136895,0.3879941502179871,0.023164250386980476
2021-08-04,19.989999771118164,20.31800079345703,19.82799911499023,20.27400016784668,231309000,19.532150077819825,18.72606492996216,19.50886099585522,62.09994646575775,0.28307114024734403,-0.23359652232688666,0.017904654207216483
2021-08-05,20.5,20.732999801635746,20.34199905395508,20.636999130249023,211435000,19.568862533569337,18.82584991455078,19.616302722940343,65.33899086515729,0.3412176569857195,-0.08591970048722708,-0.013131749763464373
2021-08-06,20.52400016784668,20.56999969482422,20.209999084472656,20.36599922180176,178497000,19.58465003967285,18.919169902801514,19.687702389498572,61.138135656961,0.36126729812129454,-0.1557831011894909,-0.0034861606707620616
2021-08-09,20.445999145507812,20.507999420166016,20.14299964904785,20.295000076293945,146443000,19.573775005340575,19.01530990600586,19.745540264431465,60.04885773340506,0.3671949506728005,-0.17957724779688178,-0.017689049074637527
2021-08-10,20.32200050354004,20.43000030517578,19.834999084472656,19.93600082397461,179238000,19.558075046539308,19.089139938354492,19.763679365340337,54.73826893420298,0.3390164480632052,0.22394378700245143,-0.011888112423348716
2021-08-11,20.042999267578125,20.048999786376953,19.43000030517578,19.698999404907227,185925000,19.550950050354004,19.157829933166504,19.757519369108614,51.50018010695129,0.2941697422404772,0.03730793693301648,0.010457449005606051
2021-08-12,19.8700008392334,20.02899932861328,19.6200008392334,19.905000686645508,151652000,19.59788761138916,19.2203649520874,19.771565208874033,54.04487273600506,0.2721142232047491,-0.1843377706064273,0.014217484498061653
2021-08-13,19.905000686645508,20.214000701904297,19.85099983215332,20.187999725341797,183063000,19.699237632751466,19.284729957580566,19.81122563901382,57.35512982106666,0.2743086632499079,0.20712552422651864,-0.011789130455732372
2021-08-16,20.135000228881836,20.28700065612793,19.45299911499023,19.950000762939453,210876000,19.75775012969971,19.33216495513916,19.824442317482927,53.84253515375297,0.2539162570167264,0.15193130233853913,-0.02466168225657213
2021-08-17,19.684999465942383,19.770000457763672,19.267000198364254,19.45800018310547,204585000,19.80005016326904,19.368944969177246,19.789543066589836,47.38231549526283,0.1957977585052113,-0.029832697888806714,-0.021482128874736856
2021-08-18,19.5,19.63400077819824,19.0,19.040000915527344,285913000,19.781550216674805,19.400604972839357,19.71815809982198,42.69529947007951,0.11468733794431074,0.3975267003934795,0.03981089200199871
2021-08-19,19.493999481201172,20.4950008392334,18.761999130249023,19.79800033569336,766555000,19.79175024032593,19.44939998626709,19.72576212228592,51.97305914670018,0.11029949964979124,1.6810778103828787,0.05141931668788405
2021-08-20,19.99099922180176,20.864999771118164,19.933000564575195,20.81599998474121,675741000,19.854650211334228,19.517220001220704,19.829594299662617,61.0853817061752,0.18681270946103723,-0.11847029893484484,0.05486165445817545
2021-08-23,20.97100067138672,21.996999740600582,20.950000762939453,21.95800018310547,575807000,19.987850189208984,19.599874992370605,20.03229962189527,68.34195364691027,0.33572976762185647,-0.14788802218601504,-0.007514387200629308
2021-08-24,21.753000259399418,21.958999633789062,21.53499984741211,21.792999267578125,297299000,20.117100143432616,19.675359992980958,20.199985302436495,66.41492023977776,0.43541422998360346,-0.4836829006941562,0.01927224752945262
2021-08-25,21.73699951171875,22.469999313354492,21.722000122070312,22.21299934387207,347701000,20.25260009765625,19.763849983215334,20.39170092543036,68.82461162664885,0.5420568862963542,0.16953302903810652,-0.006527643933642847
2021-08-26,22.200000762939453,22.34000015258789,21.790000915527344,22.06800079345703,237940000,20.372900104522706,19.849005012512208,20.551348531909092,67.03637679764505,0.6078647026188655,-0.3156764001253951,0.02573857466403595
2021-08-27,22.18400001525879,22.722000122070312,22.16699981689453,22.63599967956543,304722000,20.529750061035156,19.928580017089843,20.74988673644779,70.29259840612416,0.6978067524457892,0.2806673951416323,0.0022972277130446353
2021-08-30,22.829999923706055,23.042999267578125,22.551000595092773,22.687999725341797,262580000,20.676650047302246,20.0095650100708,20.93446892586627,70.57913191674618,0.7644701084980916,-0.1382965457039531,-0.013355055541609507
2021-08-31,22.69499969482422,22.69499969482422,22.1200008392334,22.385000228881836,259850000,20.805150032043457,20.088720016479492,21.072614764248705,66.55113539410169,0.783816423539438,-0.010396831441846333,0.002501664296930511
2021-09-01,22.48500061035156,22.69700050354004,22.35700035095215,22.44099998474121,201767000,20.913500022888183,20.159805030822753,21.20293716620037,66.92681507290493,0.7945086289704228,-0.2235251106407543,-0.00200526163381949
2021-09-02,22.51799964904785,22.593000411987305,22.295000076293945,22.395999908447266,187834000,21.001450061798096,20.22658004760742,21.316562189271504,66.2825753528318,0.7902417339316976,-0.06905489995886349,0.019958943801006206
2021-09-03,22.325000762939453,22.986000061035156,22.200000762939453,22.843000411987305,280532000,21.125300121307372,20.29933006286621,21.46193725810158,69.43043949041873,0.81355128101929,0.4935102271154317,-0.007923641929472272
2021-09-07,22.83300018310547,22.89900016784668,22.52199935913086,22.66200065612793,198107000,21.24365015029907,20.37195007324219,21.57622901029457,66.71440151013249,0.808103780053333,-0.29381674817846093,-0.014252931995052778
2021-09-08,22.51300048828125,22.61000061035156,21.97699928283691,22.339000701904297,254434000,21.363800144195558,20.41903007507324,21.64887393330502,62.04959104257598,0.7688602569646896,0.28432614698117686,-0.007251920454710397
2021-09-09,22.312000274658203,22.538000106811523,22.131000518798828,22.177000045776367,196856000,21.487700176239013,20.462035064697265,21.69917165830229,59.79144285526036,0.7164288374523906,-0.2262983720729148,0.013572647088040174
2021-09-10,22.347999572753903,22.625999450683594,22.270000457763672,22.47800064086914,248376000,21.616350173950195,20.511545066833495,21.773345847118183,62.5206753627514,0.6911971022583892,0.261714146381111,-0.01450307875827332
2021-09-13,22.68400001525879,22.964000701904297,21.857999801635746,22.152000427246097,297500000,21.71455020904541,20.55034507751465,21.809408188082745,57.93407072932063,0.6375460436577356,0.1977807839726866,0.004062845379742336
2021-09-14,22.274999618530273,22.40999984741211,22.086000442504883,22.242000579833984,199755000,21.829150199890137,20.585445098876953,21.850607463487624,58.8319905489177,0.595425755859015,-0.3285546218487395,0.0044509945533972705
2021-09-15,22.30900001525879,22.367000579833984,21.965999603271484,22.340999603271484,166538000,21.973300170898437,20.618295097351073,21.897311476800372,59.84729029515923,0.5635374096714543,-0.1662887036619859,-0.004431270990354575
2021-09-16,22.183000564575195,22.277000427246097,21.927000045776367,22.242000579833984,156033000,22.13340015411377,20.65570011138916,21.93013901042262,58.298903430479704,0.5242342259207007,-0.06307869675389399,-0.015376357898928876
2021-09-17,22.299999237060547,22.320999145507812,21.829999923706055,21.899999618530273,294503000,22.238500118255615,20.69564510345459,21.92726859214716,53.18013458035477,0.46018482605846955,0.8874404773349227,-0.0359360165519543
2021-09-20,21.145999908447266,21.433000564575195,20.66200065612793,21.113000869750977,349440000,22.253350162506102,20.71690013885498,21.849719285252288,43.6765964956127,0.34197887383006886,0.18654139346628051,0.00629940864335238
2021-09-21,21.41699981689453,21.424999237060547,20.950000762939453,21.246000289916992,204688000,22.21775016784668,20.73157012939453,21.792222238077496,45.45072573481181,0.25607981800818536,-0.4142399267399267,0.03271202510309926
2021-09-22,21.36599922180176,21.959999084472656,21.195999145507812,21.94099998474121,268726000,22.225150203704835,20.765390129089354,21.806391547283564,53.66429120973486,0.24130327052108314,0.31285664035019156,0.02465705148293944
2021-09-23,22.13999938964844,22.53499984741211,21.88999938964844,22.48200035095215,248555000,22.238600254058838,20.818200149536132,21.87073524287105,58.85744977179298,0.27013303295090907,-0.07506158689520182,-0.017836534574447553
2021-09-24,22.06999969482422,22.14900016784668,21.861000061035156,22.08099937438965,217655000,22.23925018310547,20.880495147705076,21.89076039825377,54.02422622977097,0.25765333264506296,-0.1243185612842228,-0.019066144599679202
2021-09-27,21.709999084472656,21.798999786376953,21.325000762939453,21.65999984741211,245215000,22.190450191497803,20.950475158691408,21.868783202935518,49.43450321916573,0.21135556150529666,0.12662240702028438,-0.04436751843374095
2021-09-28,21.214000701904297,21.41900062561035,20.650999069213867,20.698999404907227,343069000,22.091000175476076,20.98886013031006,21.757375222170918,40.89398834551691,0.0960127646403528,0.3990538914829844,-0.008792657218968021
2021-09-29,20.940000534057617,21.017000198364254,20.46699905395508,20.517000198364254,218394000,21.997600173950197,21.02696014404297,21.639244267522663,39.502099210024426,-0.00996814128449941,-0.36341085904001824,0.00969924467433088
2021-09-30,20.76799964904785,21.06599998474121,20.687999725341797,20.715999603271484,221009000,21.911350154876708,21.053080139160155,21.551316204260647,41.833335540394415,-0.07701342113291432,0.011973772173228259,0.0012551157105831334
2021-10-01,20.75,20.858999252319336,20.20299911499023,20.742000579833984,240978000,21.828650188446044,21.076040153503417,21.47423852574382,42.147020929162174,-0.12658997648913584,0.09035378649738246,-0.04869348185554432
2021-10-04,20.503999710083008,20.54199981689453,19.55500030517578,19.73200035095215,345635000,21.673100185394286,21.07952014923096,21.308311080525566,34.388923829325236,-0.2445592050523686,0.4343010565279819,0.03643826524847005
2021-10-05,19.950000762939453,20.64800071716309,19.854000091552734,20.451000213623047,279282000,21.562550163269044,21.102660140991212,21.22666242653485,42.50277817682471,-0.27684212493810634,-0.19197419242842884,0.012175470476526583
2021-10-06,20.1200008392334,20.719999313354492,20.079999923706055,20.700000762939453,297202000,21.4806001663208,21.13250015258789,21.1765041728591,45.03773657584428,-0.2791168231944212,0.06416453620355056,0.018115941361286646
2021-10-07,21.09199905395508,21.32200050354004,20.972000122070312,21.075000762939453,256919000,21.425500202178956,21.16394016265869,21.166837181438183,48.705571781714184,-0.2478036457804862,-0.13554081062711554,-0.01157776416211965
2021-10-08,21.10099983215332,21.20599937438965,20.774999618530273,20.83099937438965,151258000,21.34315013885498,21.187320137023924,21.134852628385943,46.52975805041691,-0.2399110546335912,-0.41126191523398425,-0.006528716031388893
2021-10-11,20.575000762939453,21.062999725341797,20.51099967956543,20.69499969482422,163388000,21.270300102233886,21.211240119934082,21.092961872808637,45.31465798504569,-0.24184234877576216,0.08019410543574557,-0.0011597085383230079
2021-10-12,20.82799911499023,21.05699920654297,20.527999877929688,20.67099952697754,162134000,21.191750049591064,21.22966011047363,21.052774982729485,45.090872986178404,-0.24251397610824554,-0.0076749822508385135,0.012965006781509893
2021-10-13,20.917999267578125,20.989999771118164,20.71299934387207,20.93899917602539,180652000,21.12165002822876,21.252140083312987,21.04193919161481,48.16899963660754,-0.2188975984406092,0.11421416852726751,0.038540577183631436
2021-10-14,21.288000106811523,21.7549991607666,21.121999740600582,21.746000289916992,243589000,21.09685001373291,21.281580085754396,21.10899262954835,56.141900231514,-0.13352402168468913,0.348388061023404,0.005334278499736036
2021-10-15,21.809999465942383,21.930999755859375,21.66200065612793,21.86199951171875,226994000,21.094950008392335,21.306080093383787,21.180707570707437,57.1619516404798,-0.05586075129988899,-0.06812705007204756,0.016466957203918622
2021-10-18,21.749000549316406,22.291000366210938,21.643999099731445,22.222000122070312,189494000,21.1503999710083,21.34320011138916,21.279878289884852,60.25170358002158,0.03434112747750362,-0.16520260447412705,0.003060066289419854
2021-10-19,22.275999069213867,22.378999710083008,22.03700065612793,22.290000915527344,161473000,21.20260000228882,21.38310012817383,21.376080444707945,60.82645784994923,0.11004532796373923,-0.1478727558656211,-0.008389424269962127
2021-10-20,22.30500030517578,22.433000564575195,21.98200035095215,22.10300064086914,146276000,21.210700035095215,21.426440124511718,21.44531093958044,58.32865257653898,0.15318625711311284,-0.0941148055712101,0.02664791102917433
2021-10-21,22.097000122070312,22.711000442504883,22.08300018310547,22.691999435424805,187590000,21.221199989318848,21.48630012512207,21.564043177279906,63.4234367703758,0.2322260768714699,0.2824386775684322,0.0014983429214896382
2021-10-22,22.822999954223633,23.1299991607666,22.56100082397461,22.72599983215332,249384000,21.253450012207033,21.542720108032228,21.67470571583928,63.69934015660866,0.2942176929240681,0.32940988325603704,0.019361107863562214
2021-10-25,22.972999572753903,23.354999542236328,22.770000457763672,23.166000366210938,230235000,21.32875003814697,21.60228012084961,21.816733777779437,67.1524545019918,0.3745334724009375,-0.07678519872966993,0.06695150924742162
2021-10-26,23.98900032043457,25.25900077819824,23.923999786376953,24.71699905395508,485898000,21.529650020599366,21.69762008666992,22.092949518367593,75.86708730021326,0.5569171439774934,1.1104436771125155,-0.010761777340015356
2021-10-27,24.474000930786133,25.09000015258789,24.281999588012695,24.451000213623047,245990000,21.726350021362304,21.797480087280274,22.317525775058588,72.32322413835556,0.6722444191294734,-0.49374148483838176,0.020040070624397492
2021-10-28,24.878000259399418,24.950000762939453,24.52300071716309,24.94099998474121,234204000,21.93760004043579,21.91550006866455,22.567380461695027,74.67043488085969,0.7940279421539351,-0.047912516768974345,0.025099212183415955
2021-10-29,25.000999450683594,25.708999633789062,25.0,25.566999435424805,292503000,22.178849983215333,22.030880050659178,22.8530584591931,77.31709416161303,0.9303309099096388,0.2489240149613159,0.010169368116056203
2021-11-01,25.64900016784668,25.893999099731445,25.22699928283691,25.82699966430664,265740000,22.483599948883057,22.131100044250488,23.1362909549182,78.3298765690543,1.0472596817098427,-0.09149649747182076,0.022224780747587325
2021-11-02,25.82200050354004,26.67799949645996,25.799999237060547,26.400999069213867,294112000,22.7810998916626,22.219960021972657,23.447215537232072,80.4095029117127,1.1727250858569036,0.10676601189132229,0.007461857902557834
2021-11-03,26.670000076293945,26.784000396728516,26.23500061035156,26.597999572753903,239910000,23.07599983215332,22.316060028076173,23.74729020728177,81.08057986468506,1.2733749431108485,-0.18429033837449682,0.12042262853556542
2021-11-04,27.229000091552734,31.364999771118164,27.118000030517575,29.801000595092773,1153631000,23.512299823760987,22.467820053100585,24.32383405373996,88.17383137926453,1.593230326580592,3.808599057980076,-0.0016442329250186904
2021-11-05,30.187000274658203,31.399999618530273,29.40999984741211,29.75200080871582,851260000,23.958349895477294,22.62150005340576,24.840802316118616,87.63254790297835,1.8217639879176382,-0.2621037402774371,0.035358968041846274
2021-11-08,30.14900016784668,31.100000381469727,29.906999588012695,30.804000854492188,503101000,24.463799953460693,22.784860076904298,25.408725986439908,89.16974636161623,2.0639739656890193,-0.40899255221671404,-0.004772148500250895
2021-11-09,32.28200149536133,32.310001373291016,29.964000701904297,30.656999588012695,646746000,24.96309995651245,22.944240074157715,25.90856156754208,87.53251849234958,2.218491950198846,0.28551920986044554,-0.03907753434201262
2021-11-10,29.356000900268555,30.850000381469727,28.777999877929688,29.458999633789062,636206000,25.389099979400633,23.08572006225586,26.24669852623227,75.38477413713836,2.2187041417120774,-0.01629696975319528,0.03160323729362265
2021-11-11,30.468000411987305,30.59000015258789,29.777000427246097,30.38999938964844,332172000,25.821299934387206,23.244700050354005,26.64129860846238,77.94622805926404,2.267853797733025,-0.4778860934980179,0.0
2021-11-12,30.010000228881836,30.68000030517578,29.6299991607666,30.38999938964844,413054000,26.24769992828369,23.40458003997803,26.998317730480103,77.94622805926404,2.2805168752681517,0.24349433426056377,-0.012010522489266493
2021-11-15,30.552000045776367,30.643999099731445,29.246999740600582,30.024999618530273,384909000,26.63784990310669,23.548220024108886,27.286573148389643,74.42484668231528,2.235332502703418,-0.06813879056975602,0.005928376310456402
2021-11-16,29.75900077819824,30.38999938964844,29.70599937438965,30.20299911499023,264484000,27.033499813079835,23.69903999328613,27.564328002351605,75.01758531931084,2.1886571563637105,-0.31286615797500184,-0.031188936960809027
2021-11-17,30.417999267578125,30.50900077819824,28.799999237060547,29.26099967956543,428508000,27.391399765014647,23.837479972839354,27.725915781133875,66.26483278664497,2.0520009368173646,0.6201660591945071,0.0824988750873384
2021-11-18,32.367000579833984,32.7599983215332,31.320999145507812,31.674999237060547,781711000,27.840549755096436,24.027439956665038,28.102018967412604,74.48167518382819,2.114119237351119,0.8242623241573086,0.04135758184196832
2021-11-19,32.24300003051758,33.0880012512207,31.905000686645508,32.98500061035156,533867000,28.353499794006346,24.237579956054688,28.567064838168697,77.66144969386994,2.243196428660312,-0.3170532332281367,-0.031196035074165993
2021-11-22,33.516998291015625,34.64699935913086,31.899999618530273,31.95599937438965,754335000,28.792999744415283,24.433659934997557,28.889820508284977,70.25592325712635,2.236676221504908,0.4129642776197069,-0.006571507340839256
2021-11-23,31.53499984741211,32.36000061035156,30.8799991607666,31.746000289916992,532163000,29.14444980621338,24.623739929199218,29.16183763034517,68.81376815198199,2.1893265456673277,-0.2945269674614064,0.02923201310354387
2021-11-24,31.461000442504883,32.85499954223633,30.92799949645996,32.67399978637695,435162000,29.555599784851076,24.83039993286133,29.496329264252957,71.58918220989227,2.201308080889195,-0.18227685878198974,-0.035838879066950664
2021-11-26,32.599998474121094,32.709999084472656,31.350000381469727,31.503000259399418,283069000,29.883699798583983,25.015619926452636,29.687440787600238,63.86549265335807,2.092196123929323,-0.3495089185177015,0.05945462895158175
2021-11-29,32.36600112915039,33.4119987487793,32.0359992980957,33.375999450683594,454964000,30.274149799346922,25.245139923095703,30.03873208884627,69.52838641505762,2.1322798979927846,0.6072547682720468,-0.020973177566525756
2021-11-30,33.16899871826172,33.35300064086914,31.86400032043457,32.67599868774414,622066000,30.616599750518798,25.476399879455567,30.289900336360354,65.40304540461044,2.0835445615630874,0.3672862028644024,-0.037978922500912636
2021-12-01,33.21900177001953,33.28900146484375,31.3799991607666,31.434999465942383,484368000,30.868299770355225,25.680179862976075,30.398957396320547,58.74803515260942,1.9226204191845468,-0.22135593329325187,0.021981867233363914
2021-12-02,31.214000701904297,32.47800064086914,31.024999618530273,32.125999450683594,472890000,31.14469976425171,25.88387985229492,30.56343759197417,61.12030875945283,1.829752552352403,-0.02369685858685955,-0.044605574355012646
2021-12-03,32.0,32.12900161743164,30.1299991607666,30.69300079345703,544325000,31.18929977416992,26.04809986114502,30.575776944496347,54.16393688589608,1.6218276634903113,0.15106050032777185,-0.021372955409069815
2021-12-06,29.8799991607666,30.24099922180176,28.038000106811523,30.03700065612793,658938000,31.203549766540526,26.207219886779786,30.524464917032688,51.28626575678302,1.3881106864639534,0.2105598677260827,0.07956844658563521
2021-12-07,30.957000732421875,32.44900131225586,30.650999069213867,32.426998138427734,593053000,31.284699630737304,26.4225598526001,30.70565855716555,59.6891933551697,1.3798352393878588,-0.0999866451775433,-0.01853387483599577
2021-12-08,31.999000549316406,32.290000915527344,31.42099952697754,31.826000213623047,475551000,31.343149662017822,26.645099868774412,30.812357762542455,57.02535768866679,1.3096841544932474,-0.19813068983716464,-0.041978270393306004
2021-12-09,31.733999252319336,32.20500183105469,30.42799949645996,30.489999771118164,488507000,31.39469966888428,26.84455986022949,30.781657001454427,51.52091218689068,1.1332217688689497,0.027244186217671773,-0.00957690452891147
2021-12-10,31.149999618530273,31.30500030517578,29.861000061035156,30.197999954223633,488825000,31.385099697113038,27.034199867248535,30.726070616003874,50.37636669204347,0.9587601221589672,0.0006509630363535912,-0.06745482016079761
2021-12-13,30.249000549316406,30.29400062561035,28.11599922180176,28.160999298095703,598344000,31.2736496925354,27.18257984161377,30.481778109536428,43.17130126279152,0.6486518267018084,0.2240454150258273,0.006249799349438388
2021-12-14,27.698999404907227,28.67799949645996,27.25,28.336999893188477,667035000,31.18924970626831,27.354679832458498,30.27751351750329,43.91765532409695,0.4123373768587051,0.11480185311459623,0.07488441784942318
2021-12-15,28.399999618530273,30.5,27.83799934387207,30.458999633789062,698297000,31.202049732208252,27.554839820861815,30.29479790953051,52.08795152984797,0.3917680592590713,0.046867105923976915,-0.06802588819238528
2021-12-16,31.152000427246097,31.15999984741211,28.093000411987305,28.386999130249023,707366000,31.15834970474243,27.70857978820801,30.113102787694178,45.168432993427125,0.20590011431304234,0.012987310556969334,-0.020643201222767266
2021-12-17,27.98500061035156,28.92200088500977,27.760000228881836,27.801000595092773,713758000,30.964649772644044,27.843099784851074,29.892902578874995,43.41196826602618,0.011184318581459962,0.009036340451760383,-0.0029495604714439363
2021-12-20,27.30500030517578,28.143999099731445,27.145000457763672,27.7189998626709,461847000,30.70134973526001,27.9808597946167,29.685864224950794,43.159048856990275,-0.1480396176245904,-0.35293614922704897,0.04891954641172597
2021-12-21,28.374000549316406,29.1200008392334,27.400999069213867,29.075000762939453,524385000,30.5572998046875,28.148459815979002,29.627686752378285,48.502097766776274,-0.16292964263497822,0.13540847943150003,0.011177948308262168
2021-12-22,28.891000747680664,29.55500030517578,28.448999404907227,29.399999618530273,395184000,30.439999771118163,28.32303981781006,29.606002263440377,49.72196522052753,-0.14681303394772627,-0.24638576618324326,0.00816325762694569
2021-12-23,29.7549991607666,30.05900001525879,29.430999755859375,29.63999938964844,343022000,30.288299751281738,28.49705982208252,29.609240084984002,50.65159474406461,-0.11336769743463648,-0.1319942102919146,0.04402835128368929
2021-12-27,29.65999984741211,31.086999893188477,29.63999938964844,30.94499969482422,403686000,30.260399723052977,28.681039810180664,29.736455285921167,55.47265824308208,0.01823044181254474,0.17685163050766417,-0.020132467197547944
2021-12-28,31.312000274658203,31.329999923706055,30.011999130249023,30.32200050354004,420591000,30.1076997756958,28.850239830017088,29.792221497122963,52.81971862425863,0.07142870155547243,0.041876607065887805,-0.010586407477269483
2021-12-29,30.27300071716309,30.54800033569336,29.36599922180176,30.000999450683594,343139000,29.973949813842772,29.005819816589355,29.812105111747783,51.454275813184324,0.08668732589479688,-0.18415039789248933,-0.013832839431262844
2021-12-30,29.82699966430664,30.457000732421875,29.540000915527344,29.586000442504883,308864000,29.8814998626709,29.151739807128905,29.79057133372465,49.66668588536404,0.06454886481425959,-0.09988663486225702,-0.005914998370572704
2021-12-31,29.673999786376953,30.030000686645508,29.33099937438965,29.410999298095703,266530000,29.745749855041502,29.297899780273436,29.754421616045704,48.895264381590266,0.03250811182320135,-0.13706356195607128,0.024140661955245432
2022-01-03,29.815000534057617,30.711000442504883,29.78499984741211,30.121000289916992,391547000,29.717149829864503,29.44647979736328,29.789333870700112,52.142958763262904,0.0636727507153978,0.4690541402468764,-0.02758870443847197
2022-01-04,30.277000427246097,30.468000411987305,28.349000930786133,29.290000915527344,527154000,29.679799842834473,29.57775981903076,29.741778351159848,48.27598210535827,0.021073326811073656,0.3463364551382082,-0.0575623342872898
2022-01-05,28.948999404907227,29.416000366210938,27.53300094604492,27.604000091552734,498064000,29.438649940490723,29.666519813537597,29.538180421673456,41.54422669281532,-0.1470382343063683,-0.055183115370461056,0.020794066186185803
2022-01-06,27.63999938964844,28.437999725341797,27.065000534057617,28.17799949645996,454186000,29.25624990463257,29.735739822387696,29.408639381176933,44.38743375767792,-0.23128479565300353,-0.08809711201773263,-0.033039952178874205
2022-01-07,28.141000747680664,28.42200088500977,27.05699920654297,27.246999740600582,409939000,29.094099903106688,29.791659812927247,29.20276893921728,40.91166376718885,-0.3689219989344146,-0.0974204400840184,0.005615292670249741
2022-01-10,26.58099937438965,27.4689998626709,25.643999099731445,27.399999618530273,594681000,28.954199886322023,29.84083980560303,29.031076622961375,41.719347980624654,-0.4603480568393117,0.45065729291431156,0.01521897163139081
2022-01-11,27.322999954223633,28.065000534057617,26.839000701904297,27.816999435424805,404089000,28.936999893188478,29.885839805603027,28.91545022414837,43.96741848639771,-0.4934670848263245,-0.3204945172285646,0.006542801796940906
2022-01-12,28.066999435424805,28.594999313354492,27.607999801635746,27.999000549316406,383413000,28.920099925994872,29.929279823303222,28.8281693027358,44.96522331131778,-0.49927287732820247,-0.05116694589558246,-0.05085895062106851
2022-01-13,28.378999710083008,28.479999542236328,26.49799919128418,26.575000762939453,540171000,28.725899982452393,29.932759857177736,28.613581822755197,39.09861723204873,-0.6117272803118432,0.40884894356738033,0.013809921428004428
2022-01-14,26.299999237060547,27.19700050354004,26.209999084472656,26.941999435424805,395832000,28.65364999771118,29.939639854431153,28.454383500152304,41.22689383044327,-0.6635850833593224,-0.26720982799891146,-0.03856430774506602
2022-01-18,26.260000228881836,26.63800048828125,25.770000457763672,25.902999877929688,424270000,28.558749961853028,29.86167984008789,28.21139458375015,37.25728533113837,-0.7795353486427459,0.0718436104205824,-0.03227427118266661
2022-01-19,26.07900047302246,26.542999267578125,25.052000045776367,25.066999435424805,488315000,28.426149940490724,29.76797981262207,27.911928379147735,34.388145920770185,-0.9281854738521709,0.15095340231456378,-0.03658195386555212
2022-01-20,25.304000854492188,25.57900047302246,24.07799911499023,24.149999618530273,435181000,28.179899883270263,29.63489978790283,27.55364944956512,31.520769683350863,-1.1072226174710593,-0.10881091098983242,-0.03213246714167415
2022-01-21,23.506999969482425,24.822999954223633,23.26300048828125,23.374000549316406,718958000,27.87859992980957,29.489239807128907,27.155587649541435,29.294686397409265,-1.2967790219249018,0.6520895903084003,-8.559975480459123e-05
2022-01-24,22.329999923706055,23.3799991607666,20.88800048828125,23.371999740600582,913982000,27.56519994735718,29.367499809265137,26.79524594392802,29.288942887879884,-1.4306733745777471,0.27125923906542515,-0.044839994323328095
2022-01-25,22.54599952697754,22.94300079345703,22.0,22.323999404907227,664616000,27.134149932861327,29.206179809570312,26.369412940211753,26.37233762957257,-1.6028735537248586,-0.27283469477517064,0.020068086640656072
2022-01-26,23.239999771118164,24.05699920654297,22.299999237060547,22.77199935913086,755959000,26.756649875640868,29.05381980895996,26.026802122965954,29.599713978784195,-1.6837839706259814,0.13743725700253973,-0.036360404808207264
2022-01-27,23.56800079345703,23.9950008392334,21.674999237060547,21.944000244140625,573353000,26.353799915313722,28.89219982147217,25.637963848792115,27.224488138168496,-1.79403811303348,-0.24155542827058085,0.040831202081603644
2022-01-28,22.011999130249023,22.857999801635746,21.29599952697754,22.84000015258789,543774000,26.01649990081787,28.74493984222412,25.371491115820284,33.448075491585286,-1.7884989086842076,-0.051589509429618374,0.07206654542253868
2022-01-31,23.18199920654297,24.50900077819824,23.052000045776367,24.486000061035156,564680000,25.770249938964845,28.649439849853515,25.287158634412176,43.078366302230314,-1.632472486270217,0.03844611915979801,0.006207646282251454
2022-02-01,25.104000091552734,25.145000457763672,23.88999938964844,24.63800048828125,518925000,25.496099948883057,28.50869987487793,25.225334049066372,43.885881332939775,-1.4795004974616148,-0.08102819295884389,0.0245149800950779
2022-02-02,25.79400062561035,25.816999435424805,24.55299949645996,25.242000579833984,543419000,25.293699932098388,28.353839874267578,25.226921337710905,47.09751645431389,-1.2946079006647828,0.04720142602495536,-0.051263790344895956
2022-02-03,24.45800018310547,25.07699966430664,23.780000686645508,23.947999954223633,410178000,25.110899925231934,28.193679885864256,25.105119301188306,41.60376673479833,-1.2382207832724816,-0.2451901755367405,0.015491911250465826
2022-02-04,23.972000122070312,24.635000228881836,23.631999969482425,24.319000244140625,354829000,24.917949962615968,28.045139884948732,25.030250819564717,43.633849236019735,-1.1503365994159331,-0.13493897771211527,0.016818141889984126
2022-02-07,24.371999740600582,25.18199920654297,24.20199966430664,24.72800064086914,376868000,24.792000007629394,27.886219902038576,25.001465088260378,45.86802279111716,-1.035745408342958,0.062111608690383235,0.01536716074564324
2022-02-08,24.358999252319336,25.229999542236328,23.979999542236328,25.107999801635746,410359000,24.677400016784667,27.7583198928833,25.011611251438985,47.932951582246815,-0.9038492952947976,0.08886665888321632,0.06360523079047767
2022-02-09,25.621999740600582,26.725000381469727,25.35300064086914,26.704999923706055,524282000,24.621800041198732,27.62489990234375,25.172886363083467,55.59868958840424,-0.662815586783708,0.2776178906762128,-0.03299009628593045
2022-02-10,25.9950008392334,26.924999237060547,25.600000381469727,25.823999404907227,513200000,24.51304998397827,27.48785991668701,25.234897128971443,51.12675786004266,-0.5366973028483315,-0.021137479448083307,-0.07260687899658569
2022-02-11,25.916000366210938,26.152000427246097,23.77300071716309,23.948999404907227,605472000,24.38174991607666,27.338139915466307,25.112430679060566,43.168664753228455,-0.581343122524622,0.1797973499610288,0.013278249670500569
2022-02-14,23.93400001525879,24.875,23.7549991607666,24.267000198364254,440424000,24.247999954223634,27.18095993041992,25.031913490422824,44.73969889936261,-0.5843294635619003,-0.2725939432376724,0.09181195131894898
2022-02-15,24.948999404907227,26.545000076293945,24.784000396728516,26.4950008392334,699869000,24.277600002288818,27.09699993133545,25.171255142690498,54.276614425930376,-0.4022779193643764,0.5890800682978221,0.0006038437375076587
2022-02-16,26.25900077819824,26.582000732421875,25.552000045776367,26.51099967956543,732676000,24.349800014495848,27.0264799118042,25.29884986048811,54.33755572675752,-0.2537843186205748,0.046875915349872566,-0.07559125398155692
2022-02-17,25.6299991607666,25.78499984741211,24.165000915527344,24.506999969482425,810595000,24.367650032043457,26.868079948425294,25.22343558515424,46.056946094521805,-0.2944142741855238,0.10634850875421065,-0.03529602857123762
2022-02-18,24.667999267578125,24.986000061035156,23.100000381469727,23.642000198364254,761255000,24.381050014495848,26.704399948120116,25.07282269117424,43.010197160975146,-0.3918945427750593,-0.060868867930347514,-0.010659030818096714
2022-02-22,23.03499984741211,24.06399917602539,23.0,23.38999938964844,633422000,24.381949996948244,26.56239994049072,24.912553805314637,42.135692178894594,-0.4839045665216837,-0.16792402020347974,-0.04288158553109278
2022-02-23,23.802000045776367,24.155000686645508,22.301000595092773,22.386999130249023,566511000,24.385099983215333,26.40617992401123,24.67202478864172,38.75788597137579,-0.6304890267137608,-0.10563415858621894,0.06079421601424867
2022-02-24,21.01499938964844,23.799999237060547,20.88999938964844,23.74799919128418,735801000,24.433899974823,26.317919921875,24.584022350798147,45.179833195813906,-0.6295795359359317,0.29882914894856416,0.017222520239878737
2022-02-25,23.72100067138672,24.21699905395508,23.381000518798828,24.156999588012695,528866000,24.5445499420166,26.234319915771483,24.54335351624715,46.97917354691646,-0.589065464095345,-0.2812377259612313,0.009438284752146132
2022-02-28,23.992000579833984,24.665000915527344,23.707000732421875,24.385000228881836,477319000,24.6217999458313,26.11283992767334,24.52827225078379,48.00374454236047,-0.5324225878649216,-0.09746703323715267,-0.03723604418791352
2022-03-01,24.291000366210938,24.37700080871582,23.131999969482425,23.47699928283691,412056000,24.571349906921387,26.014639930725096,24.42815101574123,44.329849555778125,-0.5544098960541888,-0.13672826767842894,0.0316479981775507
2022-03-02,23.756000518798828,24.409000396728516,23.415000915527344,24.219999313354492,389642000,24.55044984817505,25.94301990509033,24.40832704408535,47.847206266064696,-0.5060477003656949,-0.05439551905566231,-0.02089176819964633
2022-03-03,24.261999130249023,24.326000213623047,23.4689998626709,23.714000701904297,365095000,24.474049854278565,25.862919921875,24.342200725782394,45.72824167976349,-0.5027547274449198,-0.0629988553595352,-0.032807618069574065
2022-03-04,23.38400077819824,23.68000030517578,22.48200035095215,22.93600082397461,431415000,24.423449897766112,25.740139923095704,24.208276925610225,42.60408207049057,-0.556508032627363,0.18165135101822805,-0.0690618017192417
2022-03-07,22.816999435424805,23.03300094604492,21.329999923706055,21.35199928283691,450821000,24.27509984970093,25.579179916381836,23.936250483441338,37.05349807056737,-0.7186395709365314,0.044982209705272114,0.007587142261575104
2022-03-08,21.30900001525879,22.37299919128418,20.649999618530273,21.513999938964844,557467000,24.11439981460571,25.416659927368165,23.70555995539596,37.943964094871575,-0.824552950935658,0.2365595214065006,0.06972204165917523
2022-03-09,22.386999130249023,23.219999313354492,22.246999740600582,23.013999938964844,492742000,24.009699821472168,25.258039932250977,23.639697096688234,45.615465016249075,-0.7784787848274419,-0.11610552732269352,-0.015468801332409235
2022-03-10,22.5310001373291,22.788000106811523,21.881999969482425,22.65800094604492,428066000,23.80734987258911,25.104759941101076,23.546202225198396,44.21832231425144,-0.7619080183963547,-0.13125733142293528,-0.024627087177900128
2022-03-11,23.02199935913086,23.145000457763672,22.04599952697754,22.100000381469727,367209000,23.621149921417235,24.946739959716798,23.408468716271855,42.04457442531364,-0.7847553772737683,-0.14216732933706488,-0.034841649071160066
2022-03-14,21.868999481201172,22.261999130249023,21.159000396728516,21.329999923706055,385354000,23.490199947357176,24.781619949340822,23.210519307456064,39.18213664428545,-0.8551371863893706,0.04941327690770114,0.07702764439402676
2022-03-15,21.51799964904785,23.038000106811523,21.32200050354004,22.972999572753903,491996000,23.42549991607666,24.652859954833986,23.187898380341572,47.40956367572356,-0.7694689772380663,0.2767377528194854,0.06629524857386827
2022-03-16,23.5,24.597000122070312,23.17200088500977,24.496000289916992,671422000,23.32554988861084,24.540359954833985,23.31247951458685,53.666672294486034,-0.5720881980183314,0.36468995682891725,0.011022226264212166
2022-03-17,24.1200008392334,24.84199905395508,23.9060001373291,24.766000747680664,471941000,23.238299942016603,24.44987995147705,23.450910108214835,54.69576568956624,-0.3893871156967279,-0.2971022695115739,0.06811751257285875
2022-03-18,24.798999786376953,26.569000244140625,24.624000549316406,26.45299911499023,730719000,23.335599899291992,24.4268599319458,23.736823346955347,60.586166188671264,-0.1072324137426115,0.5483270154532027,0.010622619239036287
2022-03-21,26.506999969482425,27.152000427246097,25.96699905395508,26.733999252319336,591727000,23.490199851989747,24.397979927062988,24.02226867127573,61.48446033604295,0.137466949612282,-0.1902126535645029,-0.007855131680473791
2022-03-22,26.72699928283691,27.238000869750977,26.07200050354004,26.52400016784668,547007000,23.646899890899657,24.38351993560791,24.260528813806296,60.37697798646034,0.3108643363898125,-0.0755753920304465,-0.03355449344052295
2022-03-23,26.125999450683594,26.61199951171875,25.575000762939453,25.63400077819824,502120000,23.80924997329712,24.34819995880127,24.39133566755791,55.7904084740691,0.3721772740197409,-0.0820592789488983,0.09815084512566201
2022-03-24,26.166000366210938,28.31999969482422,25.906999588012695,28.149999618530273,877379000,24.029349994659423,24.35485996246338,24.74930366288861,64.0943582328297,0.6166795996079131,0.7473492392256831,-0.016269988963125294
2022-03-25,27.88599967956543,28.357999801635746,27.270999908447266,27.691999435424805,579016000,24.20609998703003,24.348719940185546,25.02956040313015,61.8180887157916,0.7646779358226219,-0.3400617065145165,0.019030782825018116
2022-03-28,27.756000518798828,28.25,27.20599937438965,28.2189998626709,425494000,24.397799968719482,24.381599922180175,25.333316542134032,63.42757626409081,0.9139566898928351,-0.2651429321469527,0.015486029865866462
2022-03-29,28.69499969482422,28.945999145507812,27.979999542236328,28.6560001373291,488984000,24.656750011444093,24.41587993621826,25.649762598819276,64.75433245656367,1.0553579386112588,0.14921479503823787,-0.033710203749375084
2022-03-30,28.304000854492188,28.496000289916992,27.503000259399418,27.690000534057617,463487000,24.83025007247925,24.45161994934082,25.84407097360388,59.60664708265275,1.0770557242281242,-0.052142810398704276,-0.014590149085226933
2022-03-31,27.781999588012695,28.24799919128418,27.270000457763672,27.285999298095703,523440000,25.008850002288817,24.49599994659424,25.98139748069834,57.54625139592139,1.0495532556833709,0.1293520638119301,-0.021036407669602415
2022-04-01,27.375,27.496000289916992,26.267000198364254,26.711999893188477,517235000,25.19764995574951,24.547239952087402,26.050978662840258,54.65554742402222,0.9702558904128793,-0.011854271740791678,0.024258787052792767
2022-04-04,26.72800064086914,27.558000564575195,26.613000869750977,27.36000061035156,397120000,25.498050022125245,24.626959953308106,26.175647419746095,57.265394199126185,0.9487636427477213,-0.23222519744410186,-0.05222956223003616
2022-04-05,27.253999710083008,27.319000244140625,25.81999969482422,25.930999755859375,436615000,25.71890001296997,24.678139953613282,26.152347642233075,50.37913676348984,0.8071184957258133,0.09945356567284458,-0.05877136177529431
2022-04-06,24.93400001525879,25.299999237060547,24.003000259399418,24.406999588012695,703833000,25.788549995422365,24.71979995727539,25.98612401802161,44.2655748109185,0.5653723586499275,0.612022033141326,-0.008153374370726156
2022-04-07,24.44099998474121,24.722000122070312,23.47800064086914,24.20800018310547,557992000,25.86604995727539,24.74851997375488,25.816778890886738,43.522876169162984,0.35365252825713256,-0.20720966479264258,-0.044985157537478046
2022-04-08,23.91699981689453,23.92300033569336,23.062000274658203,23.118999481201172,524781000,25.916999912261964,24.772019958496095,25.559847518535733,39.606584906415534,0.0968730891563716,-0.05951877446271636,-0.05199185480686682
2022-04-11,22.214000701904297,22.31999969482422,21.65999984741211,21.91699981689453,575207000,25.946349906921387,24.753559951782226,25.21290964218895,35.779623898428426,-0.2012973630086421,0.09608960690268886,-0.01884382489674366
2022-04-12,22.53700065612793,22.725000381469727,21.281999588012695,21.503999710083008,662258000,25.87289991378784,24.693919944763184,24.85968012484553,34.54453973782367,-0.4655585820515675,0.15133856159608627,0.03250555312179758
2022-04-13,21.72800064086914,22.5,21.454999923706055,22.20299911499023,516943000,25.758249855041505,24.645219917297364,24.60666288581169,38.41906406135598,-0.6115347004880256,-0.21942354792241092,-0.04256180392252522
2022-04-14,22.5049991607666,22.777000427246097,21.163000106811523,21.257999420166016,569097000,25.582849788665772,24.565539894104003,24.2877425557502,35.370771870810344,-0.7943189888730728,0.10088926632143203,0.02469665726779866
2022-04-18,21.200000762939453,22.08799934387207,21.07900047302246,21.78300094604492,525701000,25.349349880218504,24.522239913940428,24.04919573577827,38.299712582371136,-0.886593520570468,-0.07625413593816166,0.01905150760478963
2022-04-19,21.719999313354492,22.37299919128418,21.31399917602539,22.197999954223633,512781000,25.12254991531372,24.47981990814209,23.87289137563021,40.591637416883145,-0.915679417737131,-0.02457670805267631,-0.03225514031660544
2022-04-20,22.517000198364254,22.670000076293945,21.200000762939453,21.48200035095215,468974000,24.870449924468993,24.41489990234375,23.645187468518014,37.970950964452484,-0.9851491981972025,-0.08543023239940639,-0.06046921912089893
2022-04-21,21.708999633789062,22.392000198364254,20.0,20.183000564575195,656209000,24.597899913787842,24.31639991760254,23.315455382428222,33.71773124200489,-1.1319742319643957,0.3992438813239114,-0.03309721826492027
2022-04-22,20.30299949645996,20.486000061035156,19.5,19.51499938964844,624713000,24.16614990234375,24.172599906921388,22.953507192639673,31.748305006306424,-1.2873959420956496,-0.04799690342558549,0.019830953097694563
2022-04-25,19.20199966430664,19.94499969482422,19.09600067138672,19.902000427246097,641566000,23.776649951934814,24.054159927368165,22.662887500697426,34.14807402470966,-1.3636220317394603,0.026977187924694945,-0.055974288841311295
2022-04-26,19.718000411987305,19.788000106811523,18.670000076293945,18.788000106811523,653143000,23.305099964141846,23.95093994140625,22.293850606041627,30.791858981024276,-1.4966695972587125,0.01804490886362431,-0.0198530545648097
2022-04-27,18.597999572753903,19.16699981689453,18.290000915527344,18.415000915527344,499460000,22.793050003051757,23.833899955749512,21.92443634980217,29.73795294169986,-1.6136080003490747,-0.23529763007488402,0.07423288647966952
2022-04-28,18.96699905395508,20.03700065612793,18.489999771118164,19.781999588012695,570327000,22.39764995574951,23.6996399307251,21.72039475344127,38.09981191516075,-1.5777893850182032,0.14188723821727467,-0.062430428102490644
2022-04-29,19.402000427246097,20.128000259399418,18.517000198364254,18.54700088500977,500435000,21.960700035095215,23.540359954833985,21.418166765971602,34.146090058605495,-1.6302642765510242,-0.12254724044276355,0.05316223723438022
2022-05-02,18.541000366210938,19.573999404907227,18.391000747680664,19.53300094604492,572049000,21.601750087738036,23.440879974365235,21.238627164073822,39.54048870712517,-1.574143297509245,0.14310349995503913,0.0035323981697734526
2022-05-03,19.399999618530273,19.825000762939453,19.132999420166016,19.60199928283691,475751000,21.213850021362305,23.360079956054687,21.082757842051258,39.91142535117203,-1.5067307737009799,-0.16833872622799795,0.03734314752235889
2022-05-04,19.92300033569336,20.399999618530273,18.750999450683594,20.333999633789062,648855000,20.93400001525879,23.2989599609375,21.011447536502477,43.84748498155977,-1.3783507823370549,0.3638542010421417,-0.07327627608698425
2022-05-05,19.867000579833984,19.924999237060547,18.5,18.8439998626709,626331000,20.6558500289917,23.228099975585938,20.805023948518517,38.34190529506188,-1.3809208473993948,-0.03471345678156135,-0.008968405160367999
2022-05-06,18.736000061035156,19.511999130249023,17.989999771118164,18.674999237060547,633297000,20.379199981689453,23.126639976501465,20.602164452189186,37.762731952191814,-1.380678972811463,0.011121914770305219,-0.09236939997822508
2022-05-09,18.034000396728516,18.2549991607666,16.82699966430664,16.950000762939453,644455000,20.070750045776368,22.9825,20.254339338927306,32.385374734559804,-1.5023619525050904,0.01761890550563172,0.03805301011108533
2022-05-10,17.68899917602539,18.197999954223633,17.024999618530273,17.594999313354492,761474000,19.854650020599365,22.846699981689454,20.001068860301324,36.052164715964366,-1.529123810607956,0.18157823277032525,-0.05484513726894332
2022-05-11,17.347000122070312,17.753000259399414,16.56800079345703,16.6299991607666,670167000,19.610949993133545,22.709759979248048,19.68001460320278,33.15515605341649,-1.6096452351330761,-0.1199082306158844,-0.02736018921633429
2022-05-12,16.2189998626709,16.788000106811523,15.56700038909912,16.174999237060547,708728000,19.30954999923706,22.548859977722167,19.346203615951136,31.855376172452793,-1.6906845760665412,0.05753938943576742,0.09465225406757592
2022-05-13,16.788000106811523,17.92799949645996,16.593000411987305,17.70599937438965,670437000,19.131949996948244,22.428699951171875,19.189993688183375,40.33175892051575,-1.6127788114147492,-0.05402777934553171,-0.024963258276407854
2022-05-16,17.509000778198242,17.788000106811523,17.106000900268555,17.263999938964844,521446000,18.90599994659424,22.31525993347168,19.006565712067324,38.830075573897425,-1.5686214999246992,-0.22222968004450827,0.05288462175853479
2022-05-17,18.073999404907227,18.371000289916992,17.634000778198242,18.177000045776367,585830000,18.704949951171876,22.25175994873047,18.92755945813485,43.50898240131098,-1.4433173698671915,0.12347203737299739,-0.06816308066866436
2022-05-18,17.704999923706055,18.118000030517575,16.86400032043457,16.937999725341797,545161000,18.47774991989136,22.16023994445801,18.738077578821226,39.13427492367991,-1.4275341896019071,-0.06942116313606339,0.010981274471053636
2022-05-19,16.937000274658203,17.687000274658203,16.733999252319336,17.124000549316406,621310000,18.324799919128417,22.04243995666504,18.584355956963623,40.107847091562455,-1.3840625816171475,0.1396816720198253,-0.025110972400251817
2022-05-20,17.332000732421875,17.40999984741211,15.755000114440918,16.694000244140625,739105000,18.183749961853028,21.923159942626953,18.40432207955191,38.5718023644354,-1.3685328551859364,0.18959134731454497,0.012219987422970263
2022-05-23,16.27400016784668,16.915000915527344,16.179000854492188,16.898000717163086,639889000,18.033549976348876,21.81911994934082,18.260862902181547,39.75069338149245,-1.3244963325820756,-0.13423803113224775,-0.04402895946111139
2022-05-24,16.510000228881836,16.597000122070312,15.779999732971191,16.15399932861328,588550000,17.901849937438964,21.715599937438967,18.060209228508377,36.964459906971875,-1.3342513463513193,-0.08023110258185406,0.05082339278064852
2022-05-25,16.020000457763672,17.111000061035156,16.0,16.975000381469727,781132000,17.829849910736083,21.595639953613283,17.956856004980885,41.8113763538047,-1.2611960583774042,0.3272143403279246,0.05160526839456531
2022-05-26,16.035999298095703,18.09199905395508,16.02199935913086,17.85099983215332,996575000,17.733299922943115,21.462739944458008,17.946774464711595,46.53519129422824,-1.1197061066808907,0.2758086981457679,0.05377855587069862
2022-05-27,18.18600082397461,18.881000518798828,18.100000381469727,18.81100082397461,738379000,17.746499919891356,21.343639945983888,18.02908173702236,51.209747515194294,-0.9195106966687483,-0.2590833605097459,-0.0073892899301607
2022-05-31,18.979999542236328,19.200000762939453,18.350000381469727,18.67200088500977,664100000,17.7034499168396,21.188019981384276,18.090312132068778,50.52098142116325,-0.7632720008026546,-0.10059738968740983,-0.018851819489155205
2022-06-01,18.724000930786133,19.05299949645996,18.121999740600582,18.31999969482422,544514000,17.639349937438965,21.019739990234374,18.11218713804549,48.73342298544323,-0.6602443767536776,-0.18007227827134464,0.06943228058514811
2022-06-02,18.29199981689453,19.618999481201172,18.197999954223633,19.59199905395508,648656000,17.602249908447266,20.881099967956544,18.253121606227353,54.93817827995176,-0.470530541494,0.19125679045901478,-0.044507951342747584
2022-06-03,19.082000732421875,19.332000732421875,18.52199935913086,18.719999313354492,598779000,17.596049880981447,20.742819938659668,18.29758614976327,50.43197804344417,-0.38609340723311547,-0.07689283688118198,0.003525640339854489
2022-06-06,19.138999938964844,19.336999893188477,18.56399917602539,18.785999298095703,422406000,17.601599884033202,20.555539932250976,18.34410168769969,50.76117519852049,-0.3102740763971319,-0.2945544182411207,0.007452427458105034
2022-06-07,18.472000122070312,19.0,18.187999725341797,18.926000595092773,388914000,17.70039987564087,20.380219955444336,18.399520631260938,51.4970360035193,-0.23616738522504832,-0.07928864646808997,-0.014688780999075163
2022-06-08,18.798999786376953,19.18000030517578,18.53499984741211,18.64800071716309,363252000,17.7530499458313,20.18879997253418,18.423185401346856,49.90223955987606,-0.19759184952364706,-0.06598373933568857,-0.032175051393981705
2022-06-09,18.481000900268555,18.933000564575195,18.041000366210938,18.04800033569336,395574000,17.823950004577636,19.976639976501463,18.387453490332238,46.55144503814173,-0.21298037079194287,0.0889795513858147,-0.059507944643772424
2022-06-10,17.600000381469727,17.69700050354004,16.868999481201172,16.974000930786133,465248000,17.863900089263915,19.762319984436036,18.252838960851655,41.21643345977082,-0.30828494401990625,0.17613392184521737,-0.07817842260006866
2022-06-13,16.0,16.312000274658203,15.605999946594238,15.647000312805176,604153000,17.760950136184693,19.529540004730226,18.004663851513897,35.76280505907425,-0.4852981496184192,0.2985611974688769,0.012079000825802698
2022-06-14,15.730999946594238,16.06599998474121,15.411999702453612,15.836000442504885,469680000,17.689550161361694,19.312020015716552,17.798124479227322,37.04057177071527,-0.6033763128934204,-0.22258103493651438,0.0436347540687432
2022-06-15,16.094999313354492,16.868000030517578,15.925999641418455,16.527000427246094,563936000,17.60705018043518,19.095360012054442,17.6770650457053,41.61334061409102,-0.6338891051335871,0.20068131493782992,-0.05602956199881176
2022-06-16,15.859999656677246,15.94200038909912,15.401000022888184,15.60099983215332,545749000,17.540200185775756,18.888760013580324,17.479344549176542,37.66533123963688,-0.7244403248148075,-0.0322501134880554,0.017883487294999143
2022-06-17,15.64799976348877,15.994999885559082,15.32800006866455,15.880000114440918,630334000,17.478000164031982,18.718220024108888,17.327026031582673,39.52692829456084,-0.7648728496268404,0.1549888318622663,0.04319898396451899
2022-06-21,16.475000381469727,17.007999420166016,16.406999588012695,16.56599998474121,483089000,17.471600151062013,18.565380020141603,17.254547360454914,43.95861415476611,-0.7331106175937734,-0.23359837800277317,-0.012435070299371758
2022-06-22,16.22599983215332,16.66200065612793,16.18000030517578,16.360000610351562,437135000,17.444700145721434,18.43020004272461,17.169352431873644,42.94094848747945,-0.7163041395409024,-0.09512532887314762,-0.008251847423307333
2022-06-23,16.518999099731445,16.584999084472656,15.852999687194824,16.225000381469727,463680000,17.448250198364256,18.316360054016112,17.079414141358985,42.250632968129025,-0.7057429098713541,0.06072494767062797,0.055531528383992
2022-06-24,16.5,17.139999389648438,16.309999465942383,17.125999450683594,472153000,17.455800151824953,18.228800048828123,17.083850837485137,48.232141477899376,-0.617551218314091,0.018273378191856482,-0.01500642168198619
2022-06-27,17.312000274658203,17.329999923706055,16.625999450683594,16.868999481201172,427968000,17.406700134277344,18.122120056152344,17.06338880355333,46.74486795468045,-0.5619189650206522,-0.0935819533075084,-0.052581608721815186
2022-06-28,16.899999618530273,17.20199966430664,15.94499969482422,15.982000350952148,461149000,17.26525011062622,18.016600074768068,16.96039942711512,41.938251913436524,-0.5826865722320349,0.0775314976820698,-0.027531005155521947
2022-06-29,15.814000129699709,15.81999969482422,15.170000076293944,15.541999816894531,482352000,17.10875005722046,17.89178005218506,16.825313749951256,39.75448482220073,-0.6274169444480293,0.04597863163532834,-0.024642866084047046
2022-06-30,15.361000061035156,15.56700038909912,14.862000465393066,15.159000396728516,686070000,16.950700092315675,17.751000061035157,16.66661724012052,37.90430424103293,-0.6858647175142849,0.42234301920589123,-0.04195531476976557
2022-07-01,14.89900016784668,15.062999725341797,14.392000198364258,14.52299976348877,577610000,16.69725012779236,17.61182004928589,16.462463194727018,34.99197445363558,-0.7745761034227634,-0.15808882475549146,0.030365626380432595
2022-07-05,14.175000190734863,14.970999717712402,14.05500030517578,14.96399974822998,651397000,16.509450149536132,17.507440032958986,16.319752390298728,38.51938443777324,-0.8000727619366845,0.1277453645193123,0.011093315223463091
2022-07-06,15.010000228881836,15.319000244140623,14.788999557495115,15.130000114440918,529066000,16.326650190353394,17.419740047454834,16.20644264974084,39.842607682971526,-0.7976889436736503,-0.18779791739906693,0.04811630414331462
2022-07-07,15.456000328063965,15.94499969482422,15.388999938964844,15.857999801635742,492903000,16.17325015068054,17.338860034942627,16.173257616587975,45.393306055382865,-0.7286567583788255,-0.06835253068615255,-0.0012611618324834862
2022-07-08,15.43000030517578,16.03700065612793,15.388999938964844,15.838000297546388,467972000,16.032750129699707,17.279860038757324,16.141328348107823,45.26972860396222,-0.6678633342332674,-0.050579931548398016,-0.043313540687745115
2022-07-11,15.526000022888184,15.527000427246094,15.038000106811523,15.152000427246094,437321000,15.887950134277343,17.2146000289917,16.047106641359086,41.13325732948439,-0.6673458168299842,-0.06549750839793833,-0.004619894833995602
2022-07-12,15.267999649047852,15.430999755859377,14.876999855041504,15.08199977874756,458483000,15.793350076675415,17.120600032806397,15.95519170206275,40.72433685490407,-0.6649193712594297,0.04839008417158097,0.005436930112086533
2022-07-13,14.59000015258789,15.375,14.46500015258789,15.163999557495115,521918000,15.769200038909911,17.052940006256105,15.879840069246786,41.4585205707731,-0.648899588291135,0.138358456038719,0.013716709916590719
2022-07-14,15.107999801635742,15.472999572753906,14.727999687194824,15.371999740600586,456235000,15.746000003814697,16.969719982147218,15.831474323661434,43.37443707618031,-0.612361001976609,-0.12584927134147506,0.025370826821749383
2022-07-15,15.659000396728516,15.781999588012695,15.44499969482422,15.76200008392334,385935000,15.70774998664856,16.892919998168946,15.824857729400662,46.88453951976492,-0.5456442929810574,-0.1540872576632656,0.021507406828131397
2022-07-18,16.302000045776367,16.89699935913086,16.00200080871582,16.10099983215332,670517000,15.73274998664856,16.80826000213623,15.851156977281867,49.797608287524945,-0.4601124835903452,0.7373832381100445,0.05533822476672265
2022-07-19,16.486000061035156,17.110000610351562,16.172000885009766,16.992000579833984,702366000,15.788350009918213,16.771220016479493,15.959808748953497,56.543614854271354,-0.31677995238844936,0.04749916855202785,0.04796366518938449
2022-07-20,16.94700050354004,17.933000564575195,16.801000595092773,17.80699920654297,760538000,15.8503999710083,16.75386001586914,16.135731649676305,61.62347225576593,-0.13585822179606666,0.08282291568783218,0.013646321185227586
2022-07-21,17.885000228881836,18.143999099731445,17.545000076293945,18.049999237060547,557049000,15.93489990234375,16.775859985351563,16.318042848474803,63.011810022931854,0.026822432490494208,-0.267559280404135,-0.04049856087633639
2022-07-22,17.89299964904785,17.966999053955078,17.136999130249023,17.319000244140625,536671000,15.989599895477294,16.770340003967284,16.4133721242525,56.40158964643643,0.09565980684116226,-0.03658206010602294,-0.01703332017642011
2022-07-25,17.018999099731445,17.124000549316406,16.64900016784668,17.02400016784668,480748000,15.98449993133545,16.778220024108887,16.471527176023375,53.94227944564975,0.1249693127751712,-0.10420350643131449,-0.028841589342151832
2022-07-26,16.888999938964844,16.91900062561035,16.47800064086914,16.533000946044922,397865000,15.967700004577637,16.785380058288574,16.477381820787333,50.03195495111378,0.10734042009797307,-0.17240425337182885,0.07602975246808569
2022-07-27,17.031999588012695,17.93600082397461,16.913000106811523,17.790000915527344,569776000,16.058100032806397,16.78706008911133,16.602393163143525,58.355052257130424,0.19257885878425895,0.4320837469996104,0.010904908758192807
2022-07-28,17.975000381469727,18.13999938964844,17.440000534057617,17.983999252319336,474646000,16.180200004577635,16.80146007537842,16.733974695445983,59.476922067433115,0.27264213124513503,-0.16696034933026316,0.009953339742777312
2022-07-29,17.812999725341797,18.243999481201172,17.691999435424805,18.163000106811523,435460000,16.330399990081787,16.80118007659912,16.870072353671272,60.533379162358806,0.34654200397317325,-0.08255836981666331,0.015305834735167537
2022-08-01,18.18199920654297,18.84600067138672,17.989999771118164,18.44099998474121,476469000,16.52630000114441,16.831240081787108,17.019684509011267,62.182368870751766,0.4226681964698926,0.09417397694392138,0.004609244864323396
2022-08-02,18.121999740600582,18.937999725341797,18.09199905395508,18.525999069213867,489527000,16.704399967193602,16.85928005218506,17.16314303855437,62.69558764019205,0.4842750469426953,0.02740577036491354,0.019810029054997555
2022-08-03,18.18400001525879,18.968000411987305,18.136999130249023,18.89299964904785,418146000,16.89254994392395,16.903260040283204,17.327891287172797,64.90985739792708,0.5563001179615021,-0.14581626753989052,0.017043376357457715
2022-08-04,18.849000930786133,19.27400016784668,18.760000228881836,19.21500015258789,409652000,17.060399961471557,16.9496000289917,17.507615941021854,66.77336500461129,0.632077064279013,-0.020313479024072878,-0.01176163571993948
2022-08-05,18.809999465942383,19.229000091552734,18.666000366210938,18.98900032043457,386068000,17.217949962615968,17.006300048828123,17.64870016763259,64.19648876667088,0.6662148325978379,-0.05757081620497395,-0.06298388712803363
2022-08-08,17.50200080871582,18.23900032043457,17.242000579833984,17.792999267578125,981859000,17.34999990463257,17.022660026550295,17.662442939055975,52.622787329330166,0.589961264157111,1.5432281359760456,-0.03973466274241434
2022-08-09,17.25200080871582,17.44700050354004,16.724000930786133,17.086000442504883,668263000,17.450199937820436,17.007360038757323,17.607543653670156,47.205012733032724,0.4670964679181395,-0.3193900549875287,0.05917123103019262
2022-08-10,17.697999954223633,18.118000030517575,17.316999435424805,18.097000122070312,597422000,17.596849966049195,16.993080024719237,17.65415855542255,54.430086676450536,0.44616138583962694,-0.10600766464700273,-0.008564993402220058
2022-08-11,18.131000518798828,18.707000732421875,17.875999450683594,17.941999435424805,509327000,17.725349950790406,16.97847999572754,17.681571972565624,53.227400955795474,0.4123100686287344,-0.1474585803669768,0.042748869830521084
2022-08-12,18.15999984741211,18.718000411987305,17.952999114990234,18.708999633789062,478094000,17.87269992828369,16.986259994506835,17.779422226015477,58.15467392525916,0.4422748921235744,-0.061322097591527625,0.017264416085629956
2022-08-15,18.701000213623047,19.163999557495117,18.613000869750977,19.031999588012695,457666000,18.01924991607666,16.975060005187988,17.89871530811045,60.062704958432775,0.4864778140918027,-0.042727999096412006,-0.008039085815557418
2022-08-16,18.920000076293945,19.142000198364254,18.500999450683594,18.878999710083008,451240000,18.113599872589113,16.97824001312256,17.99207572734593,58.69739698408507,0.5033607078321545,-0.014040807051430515,-0.028815119125183763
2022-08-17,18.52300071716309,18.687999725341797,18.145000457763672,18.334999084472656,446799000,18.139999866485596,16.969220008850098,18.024735094691334,53.99745965759496,0.46745568056770637,-0.009841769346689122,0.023888827628105163
2022-08-18,18.301000595092773,18.864999771118164,18.183000564575195,18.77300071716309,415447000,18.176149940490724,16.966160011291503,18.095998487307693,56.98397348050311,0.4689381321213766,-0.07017025552877243,-0.04921961066843172
2022-08-19,18.4060001373291,18.520000457763672,17.770000457763672,17.849000930786133,441588000,18.202649974822997,16.950180015563966,18.072474910496116,49.65965475159492,0.3910461880479268,0.06292258699665654,-0.04566084887428608
2022-08-22,17.489999771118164,17.558000564575195,16.965999603271484,17.034000396728516,409593000,18.20314998626709,16.929900016784668,17.97357257585158,44.25633512142554,0.26054908170603497,-0.07245441452213375,0.008629761401149873
2022-08-23,16.98900032043457,17.46500015258789,16.969999313354492,17.180999755859375,369986000,18.235549926757812,16.934039993286135,17.898089450138038,45.41008485434752,0.1670649833721889,-0.09669842990480793,0.002386378371081393
2022-08-24,17.011999130249023,17.4060001373291,16.895000457763672,17.222000122070312,522661000,18.20714988708496,16.965539989471434,17.833699990322064,45.74736741794739,0.09518926621723267,0.4126507489472575,0.040123097192159556
2022-08-25,16.8439998626709,17.94700050354004,16.83300018310547,17.913000106811523,770691000,18.20359992980957,17.007079982757567,17.84125238236868,51.21775660512221,0.09291411034906005,0.47455233889653137,-0.09227934282773351
2022-08-26,17.85700035095215,17.923999786376953,16.23699951171875,16.260000228881836,769127000,18.108449935913086,17.001739978790283,17.690656939179455,40.65666853615171,-0.04179050756311753,-0.0020293476892814244,-0.02822881801982269
2022-08-29,16.020000457763672,16.33799934387207,15.767000198364258,15.800999641418455,496132000,17.976449918746948,17.005739974975587,17.51068957748793,38.29532602012902,-0.18346749999779277,-0.35494138159237676,-0.021074567241826558
2022-08-30,15.960000038146973,16.038999557495117,15.182000160217283,15.468000411987305,530181000,17.82354998588562,16.997499980926513,17.316147752202156,36.63300676930367,-0.3189412360194943,0.06862891327308063,-0.024178984959592153
2022-08-31,15.383999824523926,15.539999961853027,14.958999633789062,15.093999862670898,573710000,17.633599996566772,16.96805997848511,17.104514619865846,34.8056149777714,-0.45128177118402135,0.08210215002046461,-0.07665294809456577
2022-09-01,14.208999633789062,14.380000114440918,13.270000457763672,13.937000274658203,1178865000,17.36970000267029,16.91959997177124,16.802846586988927,29.845579655641203,-0.6421208268816443,1.054809921388855,-0.020807918213242585
2022-09-02,14.100000381469728,14.17099952697754,13.590999603271484,13.647000312805176,743157000,17.102600002288817,16.86803997039795,16.50228979897143,28.740045097845112,-0.8074548893921936,-0.3695995724701302,-0.013336275814877193
2022-09-06,13.730999946594238,13.779000282287598,13.35099983215332,13.46500015258789,535751000,16.886200046539308,16.794819984436035,16.213024118363474,28.038105909178753,-0.9423068897309896,-0.27908772977984464,0.018492357431888602
2022-09-07,13.562999725341797,13.838000297546388,13.345999717712402,13.71399974822998,512657000,16.71760001182556,16.73171998977661,15.97502179739838,30.537718161647277,-1.0173584106890114,-0.04310584581270027,0.02012542131800797
2022-09-08,13.458999633789062,14.008000373840332,13.369000434875488,13.989999771118164,624873000,16.512249994277955,16.69187997817993,15.785972080609788,33.303196366027464,-1.0425485359876756,0.21889099339324347,0.02837743526091889
2022-09-09,14.156999588012695,14.473999977111816,14.12600040435791,14.38700008392334,486612000,16.33450002670288,16.66877998352051,15.652736652353935,37.177577049778826,-1.0187339535222542,-0.2212625605523042,0.008201850964707819
2022-09-12,14.369000434875488,14.54699993133545,14.197999954223633,14.505000114440918,484159000,16.124300050735474,16.655699977874757,15.543428410647934,38.324374675040225,-0.979053193275611,-0.00504097720565877,-0.09472599369016729
2022-09-13,13.802000045776367,13.92199993133545,13.098999977111816,13.130999565124512,714956000,15.829250049591064,16.62785997390747,15.313673282502846,31.185706971583286,-1.046413858631535,0.4766967050080655,-0.00022841412112020094
2022-09-14,13.253999710083008,13.289999961853027,12.913000106811523,13.128000259399414,588507000,15.541700077056884,16.59113998413086,15.105513946969186,31.172057178534132,-1.0875036252943726,-0.1768626321060317,-0.01515846699035982
2022-09-15,13.015000343322754,13.232999801635742,12.789999961853027,12.928999900817873,523625000,15.271400117874146,16.547119979858397,14.898226894954774,30.22673569592223,-1.123177931195757,-0.11024847622882994,0.02080594442488497
2022-09-16,12.741999626159668,13.211999893188477,12.616999626159668,13.197999954223633,670751000,14.992650079727174,16.493919982910157,14.736300519647047,33.17675472381684,-1.1168694437391657,0.2809758892337073,0.013941507493330856
2022-09-19,13.01200008392334,13.463000297546388,13.010000228881836,13.381999969482422,569685000,14.769300031661988,16.444799976348875,14.607319514869463,35.19509249110122,-1.084520975782569,-0.1506758841954764,-0.015393837134490305
2022-09-20,13.21500015258789,13.482999801635742,13.057000160217283,13.175999641418455,524818000,14.576399993896484,16.405279960632324,14.471003336445557,33.95843704830344,-1.0632505957101959,-0.07875755900190451,0.006451126325154013
2022-09-21,13.213000297546388,14.031000137329102,13.109999656677246,13.26099967956543,807679000,14.380399990081788,16.36885995864868,14.355764892933164,34.973729921994064,-1.027688322288947,0.5389696999721809,-0.052786352928113324
2022-09-22,13.06999969482422,13.14900016784668,12.428000450134276,12.560999870300291,759162000,14.147349977493286,16.316799964904785,14.184834890777653,30.777401848145658,-1.043955035050839,-0.06006965638576711,-0.0035825234263669914
2022-09-23,12.420000076293944,12.611000061035156,12.256999969482422,12.515999794006348,663309000,13.877499961853028,16.2596799659729,14.02589821489467,30.523849985799885,-1.0483924367760444,-0.1262615884356698,-0.023010555413195254
2022-09-26,12.491000175476074,12.659000396728516,12.21399974822998,12.227999687194824,547343000,13.675899934768676,16.18899995803833,13.85466978368516,28.883813663711592,-1.0628959089072403,-0.17482952892241777,0.015129246348479375
2022-09-27,12.506999969482422,12.736000061035156,12.258000373840332,12.413000106811523,553854000,13.50649995803833,16.115239963531494,13.717367909697195,31.4323915256236,-1.047388385976138,0.0118956486152193,0.026021102992369222
2022-09-28,12.40999984741211,12.822999954223633,12.354000091552734,12.736000061035156,542414000,13.369899940490722,16.030119953155516,13.623904305062716,35.760947187401015,-0.9975361892005843,-0.02065526293933062,-0.040515059008598045
2022-09-29,12.447999954223633,12.5,11.946000099182127,12.220000267028809,532763000,13.226199960708618,15.918379974365234,13.490199158583296,32.25756631916215,-0.9882726432236559,-0.01779268234226994,-0.006628504606707296
2022-09-30,12.086999893188477,12.633000373840332,12.074999809265137,12.138999938964844,565638000,13.13629994392395,15.80015998840332,13.361513518619635,31.73203548175701,-0.9762140776089581,0.061706612508751535,0.030727419625500366
2022-10-03,12.347000122070312,12.678000450134276,12.104999542236328,12.51200008392334,547478000,13.079549932479859,15.704019985198975,13.280607477219988,36.835298589104276,-0.9258865393943818,-0.03210533945739147,0.05234972255257576
2022-10-04,12.878999710083008,13.220000267028809,12.878999710083008,13.166999816894531,584182000,13.06464991569519,15.626879978179932,13.269787700046134,44.65872452742942,-0.8236540274576907,0.06704196333003343,0.0031897788014427883
2022-10-05,12.91100025177002,13.321000099182127,12.621000289916992,13.208999633789062,507131000,13.039399909973145,15.560399951934814,13.263998360402603,45.128039021079495,-0.7308205466443916,-0.13189553940381593,-0.005980734464255804
2022-10-06,13.220000267028809,13.656000137329102,13.102999687194824,13.130000114440918,644157000,12.996399927139283,15.467199935913087,13.251236622691966,44.365914430338606,-0.6560612792128051,0.2701984299914617,-0.08027417301075547
2022-10-07,12.505000114440918,12.670000076293944,12.022000312805176,12.076000213623049,672478000,12.880849933624267,15.34903995513916,13.139309345637784,35.70266286109646,-0.6740924859431825,0.04396598965780085,-0.03362041488464803
2022-10-10,12.036999702453612,12.12399959564209,11.407999992370604,11.670000076293944,698699000,12.739099931716918,15.219179954528808,12.999375129509799,33.02734467770172,-0.7129250094539987,0.038991610134457844,-0.00719791201712955
2022-10-11,11.560999870300291,11.845999717712402,11.282999992370604,11.586000442504885,667482000,12.661849975585938,15.082079963684082,12.864768016461712,32.48497762437705,-0.7419256751911849,-0.04467875293939161,-0.007422789506323492
2022-10-12,11.57900047302246,11.734999656677246,11.345000267028809,11.5,492590000,12.580449962615967,14.941559982299804,12.734790110132025,31.907258024153464,-0.7630524352114083,-0.2620175525332519,0.04000000331712806
2022-10-13,10.970999717712402,12.07800006866455,10.812999725341797,11.960000038146973,850103000,12.531999969482422,14.802899990081787,12.661000579466782,38.23460457333704,-0.7342138260849129,0.7257820905824317,-0.06128760863694026
2022-10-14,12.057000160217283,12.111000061035156,11.20400047302246,11.22700023651123,713432000,12.433449983596802,14.643139991760254,12.52442911823292,32.97622002005025,-0.7617252837250117,-0.1607699302319836,0.058875860351910655
2022-10-17,11.517999649047852,11.947999954223633,11.517000198364258,11.887999534606934,580774000,12.358749961853027,14.501119976043702,12.463816776935207,40.87321448906773,-0.72186992580321,-0.18594343959900872,0.006645396712246321
2022-10-18,12.343999862670898,12.491999626159668,11.618000030517578,11.967000007629396,659362000,12.298299980163574,14.384599990844727,12.416500894144178,41.7564852780464,-0.6761157480928475,0.13531597488868297,0.0070192724772713405
2022-10-19,11.878999710083008,12.350000381469728,11.833999633789062,12.050999641418455,523131000,12.237799978256225,14.283899974822997,12.381691251027442,42.736028155443826,-0.6258626096061946,-0.2066103293790058,0.011866285534577957
2022-10-20,12.11299991607666,12.769000053405762,12.104999542236328,12.194000244140623,652398000,12.219449996948242,14.165839977264405,12.363815917038222,44.4488572533631,-0.5679506996390291,0.24710254219306438,0.022305999154097148
2022-10-21,12.097999572753906,12.498000144958496,11.88700008392334,12.465999603271484,609494000,12.2169499874115,14.056319980621337,12.373547696679486,47.65597131672318,-0.4944077933849247,-0.0657635369820263,0.010669050062012549
2022-10-24,12.508000373840332,12.710000038146973,12.064000129699709,12.598999977111816,517457000,12.235500001907349,13.934119987487794,12.395019342434946,49.20034307973554,-0.42054471400900617,-0.15100558824205002,0.05254382916550886
2022-10-25,12.694000244140623,13.300000190734863,12.663999557495115,13.26099967956543,505482000,12.277899980545044,13.818699989318848,12.477493660256897,56.13730947666429,-0.3050731545984231,-0.02314201953012518,-0.02752430283824012
2022-10-26,12.869000434875488,13.387999534606934,12.708000183105469,12.895999908447266,532953000,12.285899972915649,13.699039993286133,12.51735139817979,51.92693269123306,-0.24024415783205377,0.05434614882429045,0.02171213825674591
2022-10-27,13.630000114440918,13.838000297546388,13.121999740600586,13.175999641418455,583113000,12.333699941635132,13.595860004425049,12.580079802297757,54.73179989075929,-0.16437822260335722,0.09411711726925254,0.04993928432588896
2022-10-28,13.104000091552734,13.850000381469728,13.060999870300291,13.833999633789062,521040000,12.418449926376343,13.497079982757569,12.699500738630261,60.556094503237276,-0.050575815581469286,-0.1064510652309244,-0.024360264718047704
2022-10-31,13.777999877929688,13.838000297546388,13.29699993133545,13.496999740600586,486341000,12.467699909210205,13.410039958953858,12.775453024532197,56.54353382225805,0.01227879462954995,-0.06659565484415786,0.0034082004546150176
2022-11-01,13.810999870300291,13.925000190734863,13.519000053405762,13.54300022125244,432817000,12.486499929428101,13.340219955444336,12.848552757553172,56.962738073379434,0.0650534843382804,-0.11005446795561136,-0.02392382435858648
2022-11-02,13.850000381469728,14.210000038146973,13.211000442504885,13.218999862670898,672628000,12.486999940872192,13.260979957580567,12.88383343423105,53.078901043089196,0.07981364300569993,0.5540701959488652,0.01528100963803387
2022-11-03,13.04300022125244,13.781000137329102,12.956000328063965,13.42099952697754,500065000,12.501549911499023,13.184959945678711,12.934992109730716,55.13284465772875,0.10658224603163724,-0.2565504260899041,0.05476496805428959
2022-11-04,13.986000061035156,14.229000091552734,13.696999549865724,14.156000137329102,612576000,12.605549907684326,13.109819946289063,13.05127858854961,61.70211155614664,0.18497271309103702,0.22499275094237747,0.010242971367808395
2022-11-07,14.227999687194824,14.411999702453612,13.95400047302246,14.300999641418455,410061000,12.737099885940552,13.070639934539795,13.170299641203787,62.85748705995056,0.25584870654822467,-0.3305957138379564,0.021047521336971395
2022-11-08,14.800999641418455,14.890999794006348,14.215999603271484,14.60200023651123,595292000,12.88789987564087,13.04665994644165,13.306652078852116,65.20420356451085,0.332474119759425,0.4517157203440463,-0.05656760719382088
2022-11-09,14.161999702453612,14.211000442504885,13.758999824523926,13.776000022888184,454414000,13.001699876785278,13.012819938659668,13.351351883046027,54.944972854109956,0.3228276416186766,-0.2366536086492007,0.14329268102730164
2022-11-10,14.800000190734863,15.77299976348877,14.54699993133545,15.75,700819000,13.19119987487793,13.02593994140625,13.579794560851168,67.93099957566628,0.4690609957609855,0.5422478180689856,0.03663489932105655
2022-11-11,15.807000160217283,16.388999938964844,15.482000350952148,16.32699966430664,655487000,13.4461998462677,13.073739929199219,13.841433142132642,70.59856266293623,0.6243143262643365,-0.06468431934636476,-0.0019599184584202195
2022-11-14,16.218000411987305,16.540000915527344,15.92199993133545,16.295000076293945,527852000,13.66654987335205,13.126699924468994,14.075106183481337,70.24956187647112,0.7362841841532504,-0.19471782049071906,0.02276773784473468
2022-11-15,16.722000122070312,16.99799919128418,16.381999969482422,16.666000366210938,545876000,13.901499891281128,13.190719928741455,14.321858010407965,71.97908886986133,0.8452146180578488,0.03414593484537343,-0.04536184460499367
2022-11-16,16.16200065612793,16.36199951171875,15.873000144958496,15.90999984741211,649547000,14.094449901580811,13.234639930725098,14.47310961393217,63.83528495773014,0.8606191659927962,0.18991675765192095,-0.014644865108131443
2022-11-17,15.71500015258789,16.266000747680664,15.53499984741211,15.677000045776367,710894000,14.268599891662598,13.268379936218262,14.58776584553638,61.524870915342035,0.8442937516689728,0.09444582147250324,-0.017095085045946333
2022-11-18,15.965999603271484,16.00200080871582,15.119999885559082,15.409000396728516,492072000,14.41574993133545,13.288819942474365,14.66597865993563,58.88491645838298,0.8005027142927137,-0.30781241647840607,-0.0059705370407368424
2022-11-21,15.147000312805176,15.47700023651123,15.079999923706056,15.31700038909912,404739000,14.551649951934815,13.305059947967528,14.727980729379773,57.96541380767318,0.7497319269728706,-0.1774801248597766,0.047071861291165654
2022-11-22,15.32800006866455,16.058000564575195,15.121999740600586,16.038000106811523,472866000,14.690499973297118,13.36319995880127,14.852744479611369,62.860067272626864,0.7589259380130375,0.16832328982381228,0.029991207738902313
2022-11-23,16.097999572753906,16.527000427246094,16.04800033569336,16.518999099731445,427241000,14.871649932861327,13.43101993560791,15.011435395813281,65.72726529458738,0.7958507844111917,-0.09648610811519542,-0.015073470278948165
2022-11-25,16.31800079345703,16.48699951171875,16.172000885009766,16.270000457763672,167934000,15.026349973678588,13.497839946746826,15.131298735046652,63.01520450149426,0.7958478432338403,-0.606933791466643,-0.027228075045667342
2022-11-28,16.025999069213867,16.35700035095215,15.725000381469728,15.82699966430664,303741000,15.125999975204468,13.550419940948487,15.197555966404746,58.39834551901195,0.7514369531668788,0.808692700703848,-0.011878418482928102
2022-11-29,15.82699966430664,15.932000160217283,15.520000457763672,15.638999938964844,298384000,15.233099985122681,13.595559940338134,15.239598249505708,56.50628337378941,0.6930815831080395,-0.017636736561741695,0.08210246190547044
2022-11-30,15.696999549865724,16.93000030517578,15.597000122070312,16.92300033569336,565298000,15.402099990844727,13.670499954223633,15.399922257714055,64.87632207589888,0.7418905802869151,0.8945318783848999,0.012527323109563162
2022-12-01,16.999000549316406,17.264999389648438,16.635000228881836,17.135000228881836,470977000,15.597900009155273,13.74797996520996,15.565167778777653,66.03842329752604,0.7885883264758622,-0.1668518197481682,-0.01511530637517497
2022-12-02,16.659000396728516,16.933000564575195,16.44499969482422,16.875999450683594,371389000,15.770650005340576,13.834279956817626,15.690008890387743,63.2836515978927,0.7955270874630589,-0.21144981602073987,-0.01576196071286649
2022-12-05,16.679000854492188,16.9950008392334,16.472000122070312,16.610000610351562,352255000,15.8933500289917,13.91615997314453,15.777627149431916,60.49268194630543,0.770678322199041,-0.05152010425726128,-0.03750753293592503
2022-12-06,16.530000686645508,16.572999954223633,15.819000244140623,15.987000465393066,352694000,15.97765007019043,13.991339988708496,15.79756746523774,54.4371531182309,0.6927292401613236,0.0012462562632185037,0.008319282540101058
2022-12-07,15.772000312805176,16.18600082397461,15.666999816894531,16.1200008392334,372388000,16.05355010032654,14.065480003356933,15.82827540561828,55.46216231512416,0.6343733881570852,0.0558387724202849,0.06507442504741454
2022-12-08,16.273000717163086,17.179000854492188,15.958999633789062,17.16900062561035,515456000,16.223200130462647,14.154140014648437,15.955963521808002,62.60730490007744,0.6651045595666591,0.38419068283618163,-0.009785145832900535
2022-12-09,17.15999984741211,17.58300018310547,16.975000381469727,17.000999450683594,465338000,16.285750102996825,14.249759998321533,16.055490753129487,60.92162596351994,0.6682003458954835,-0.09723041345915073,0.03140994141418221
2022-12-12,17.03700065612793,17.538000106811523,16.797000885009766,17.53499984741211,457328000,16.3461501121521,14.357679996490479,16.196396381156404,64.2193340885049,0.7056093230044365,-0.01721329442254882,0.030624503039683948
2022-12-13,18.5310001373291,18.790000915527344,17.711000442504883,18.07200050354004,656589000,16.435000133514404,14.468880004882813,16.37502534519294,67.2154769586062,0.7697148779461074,0.43570697617464926,-0.022023058105001905
2022-12-14,17.98699951171875,18.25200080871582,17.420000076293945,17.673999786376953,496888000,16.485400104522704,14.559020004272462,16.498737196734275,63.00453157620571,0.7794190033495489,-0.24322825999217168,-0.04085097492344813
2022-12-15,17.145999908447266,17.31999969482422,16.700000762939453,16.95199966430664,478542000,16.53750009536743,14.633880004882812,16.541905050788785,56.13422447288183,0.7205442314252757,-0.03692180129123668,-0.022475255211398187
2022-12-16,16.86400032043457,17.041000366210938,16.40999984741211,16.570999145507812,478232000,16.582200050354004,14.70269998550415,16.544675916952503,52.858607868985295,0.6358127393134723,-0.0006478010289587832,-0.01912977199752854
2022-12-19,16.57200050354004,16.608999252319336,16.145000457763672,16.253999710083008,354039000,16.62445001602173,14.78625997543335,16.516992468679216,50.23218292994685,0.5368942336727471,-0.25969194867762924,-0.010397479305079211
2022-12-20,16.06399917602539,16.309999465942383,15.85200023651123,16.084999084472656,403260000,16.662849950790406,14.874559955596924,16.475850241611926,48.83893014037185,0.43979399577251854,0.13902705634125057,0.025862629150692054
2022-12-21,16.11400032043457,16.62700080871582,16.101999282836914,16.500999450683594,325025000,16.68599991798401,14.972859935760498,16.478245404380658,52.34293910588791,0.39189162781882203,-0.1940063482616674,-0.07041995885924805
2022-12-22,16.0939998626709,16.13800048828125,14.881999969482422,15.33899974822998,565045000,16.626999950408937,15.049639930725098,16.36974581808059,43.40116036727517,0.2572001481400683,0.7384662718252442,-0.008670670992178801
2022-12-23,15.196000099182127,15.33899974822998,14.883000373840332,15.206000328063965,349326000,16.57379994392395,15.114559936523438,16.258912914269484,42.50611380485083,0.1381319393968603,-0.38177313311329186,-0.0713534140956523
2022-12-27,15.074000358581545,15.100000381469728,14.055999755859377,14.121000289916992,464902000,16.48849997520447,15.172439937591554,16.055302188140676,35.98616044309574,-0.04328198148657236,0.3308542736584166,-0.0060194063028004025
2022-12-28,13.927000045776367,14.26200008392334,13.883999824523926,14.03600025177002,351066000,16.408349990844727,15.215399951934815,15.862987718010137,35.5264138604022,-0.19170278315356093,-0.24486020709740974,0.040396083303952834
2022-12-29,14.402000427246094,14.68299961090088,14.22700023651123,14.602999687194824,354923000,16.2923499584198,15.268119945526124,15.742988857932488,40.94616440570475,-0.2605715157288113,0.010986538143824776,0.0007533132558643005
2022-12-30,14.333999633789062,14.628999710083008,14.232999801635742,14.61400032043457,310490000,16.166299962997435,15.319379959106445,15.635466140075543,41.04970322516887,-0.31068148058512435,-0.12519053428490123,-0.02045988322808373
2023-01-03,14.85099983215332,14.996000289916992,14.095999717712402,14.3149995803833,401277000,16.038249969482422,15.361799945831299,15.509707420104853,39.04583537229452,-0.3702528057548715,0.2923991110824826,0.03031785036539751
2023-01-04,14.56700038909912,14.852999687194824,14.241000175476074,14.74899959564209,431324000,15.945199918746948,15.407459945678712,15.437259055870305,43.367277129877735,-0.37808500738283435,0.07487845054662978,-0.03281573432698066
2023-01-05,14.491000175476074,14.564000129699709,14.14799976348877,14.265000343322754,389168000,15.859099912643433,15.440779953002929,15.325615368961014,39.964458205084675,-0.4185223136024927,-0.09773627250048689,0.04164036791972048
2023-01-06,14.473999977111816,15.010000228881836,14.034000396728516,14.859000205993652,405044000,15.796049880981446,15.472739963531494,15.281175829630788,45.60548461822321,-0.3980498742897005,0.04079472104592363,0.051753149118039
2023-01-09,15.284000396728516,16.055999755859375,15.140999794006348,15.628000259399414,504231000,15.718999862670898,15.527379970550538,15.31420672770399,51.90586186103228,-0.31612929935084644,0.24487956863945648,0.01798055622376221
2023-01-10,15.506999969482422,15.961999893188477,15.472000122070312,15.909000396728516,384101000,15.664399909973145,15.582039985656738,15.370853743801565,54.00244013553527,-0.22592793424884405,-0.23824397944592857,0.005782830577714774
2023-01-11,15.84000015258789,16.027999877929688,15.562999725341797,16.000999450683594,353285000,15.587699890136719,15.625379981994628,15.430867620647472,54.69873118641264,-0.14534371587052952,-0.08022889812835687,0.0318730233354297
2023-01-12,16.100000381469727,16.636999130249023,15.491999626159668,16.51099967956543,551409000,15.509649848937988,15.685659980773925,15.533737340544421,58.453333131300056,-0.03986781465625633,0.5608050157804605,0.02349951522084108
2023-01-13,16.277999877929688,16.922000885009766,16.165000915527344,16.89900016784668,447287000,15.470899868011475,15.75277997970581,15.663762371716064,61.0951565819666,0.07417593965834612,-0.18882898175401563,0.04751757432299508
2023-01-17,16.89900016784668,17.72800064086914,16.89900016784668,17.70199966430664,511102000,15.508399868011475,15.842439975738525,15.857880209105643,65.924397101974,0.22673808945538632,0.14267126028701926,-0.018359443099873654
2023-01-18,17.66699981689453,17.87299919128418,17.281999588012695,17.37700080871582,439624000,15.548699951171875,15.92156000137329,16.00255836144947,62.540717260199074,0.3177570948110038,-0.13985075386126444,-0.03521904762531978
2023-01-19,17.035999298095703,17.19700050354004,16.731000900268555,16.764999389648438,452932000,15.574249935150146,15.973739986419679,16.075171792706513,56.64471336612903,0.33662649184708116,0.03027132276672795,0.06406211460520556
2023-01-20,17.01099967956543,17.856000900268555,16.825000762939453,17.839000701904297,564967000,15.661950016021729,16.044500007629395,16.243155498344397,63.20112884072812,0.4332493264929447,0.24735501134828186,0.07590111767909713
2023-01-23,18.06399917602539,19.2450008392334,17.81800079345703,19.19300079345703,655163000,15.796550083160401,16.13632001876831,16.524093145497982,69.46952614102929,0.6120250666214808,0.15964826264188892,0.0037512943893564786
2023-01-24,18.82699966430664,19.4950008392334,18.81999969482422,19.26499938964844,496204000,15.992850065231323,16.246100006103514,16.785131835417072,69.76446345221845,0.7508603628101476,-0.2426251177187967,0.0030106704600445975
2023-01-25,18.913000106811523,19.3700008392334,18.579999923706055,19.322999954223633,449537000,16.198700046539308,16.31756000518799,17.026833561017696,70.01575745811532,0.8557044676783754,-0.09404801251098338,0.0247891162183662
2023-01-26,19.701000213623047,20.166000366210938,19.277999877929688,19.802000045776367,489535000,16.482750034332277,16.387060012817383,17.29113513099471,72.07958930939455,0.9663065005317222,0.08897599085281072,0.028431457632577924
2023-01-27,19.461999893188477,20.628000259399418,19.405000686645508,20.364999771118164,542142000,16.799200010299682,16.46846000671387,17.5838841443398,74.31718265341374,1.086860133985038,0.10746320487809857,-0.05907189435358301
2023-01-30,19.950000762939453,20.13999938964844,19.149999618530273,19.16200065612793,488611000,17.027150058746336,16.518380012512207,17.73418095498629,62.745787111416,1.0729593745662207,-0.09873981355438244,0.019569981586451752
2023-01-31,19.170000076293945,19.687000274658203,18.950000762939453,19.53700065612793,498017000,17.273300075531004,16.590920028686522,17.90587806938073,64.5963149134281,1.0797555388441715,0.019250487606705446,0.07196601781799597
2023-02-01,19.69099998474121,21.191999435424805,19.611000061035156,20.94300079345703,660477000,17.604700136184693,16.696240043640138,18.195127852626094,70.51085729460736,1.184934817665468,0.32621376378718003,0.036575409984768895
2023-02-02,21.0,21.948999404907227,20.700000762939453,21.708999633789062,564276000,17.95270013809204,16.822240028381348,18.529782307974948,73.14326594958335,1.314942025456041,-0.1456538229188904,-0.028052847325652747
2023-02-03,21.0,21.7450008392334,20.788999557495117,21.100000381469727,429366000,18.29445013999939,16.93790002822876,18.774564981641117,67.94985123810136,1.3532332931929147,-0.2390851285541118,-0.0005213118183206167
2023-02-06,20.805999755859375,21.56999969482422,20.785999298095703,21.089000701904297,452197000,18.605950164794923,17.038920040130616,18.99498743118999,67.85613480921964,1.366934644836892,0.053173749202312326,0.051401185343560606
2023-02-07,21.381999969482425,22.25900077819824,21.149999618530273,22.17300033569336,664150000,18.93320016860962,17.152000064849855,19.29765532685698,71.96037861246327,1.4485646245201949,0.4687182798647491,0.0014431780782135938
2023-02-08,22.386999130249023,22.878000259399418,22.007999420166016,22.204999923706055,559651000,19.248000144958496,17.2707000541687,19.574545288461653,72.07373547975365,1.4985645515264139,-0.15734246781600547,0.005944605716548494
2023-02-09,22.606000900268555,23.020000457763672,22.1200008392334,22.336999893188477,523876000,19.56480016708374,17.400900058746338,19.83763620319754,72.56642377298436,1.531190536899956,-0.06392376677608014,-0.04799214346895955
2023-02-10,21.690000534057617,22.07799911499023,20.81100082397461,21.26499938964844,550737000,19.80250015258789,17.51342004776001,19.973575554288104,62.86618656220636,1.4537870318600774,0.0512735838251801,0.024594438381111507
2023-02-13,21.538000106811523,22.04800033569336,20.961999893188477,21.788000106811523,474919000,20.046950149536134,17.610720043182372,20.14637789262367,65.3030432931171,1.4182967414531227,-0.1376664360665799,0.05429596836679641
2023-02-14,21.57799911499023,23.048999786376953,21.36599922180176,22.97100067138672,675474000,20.310400199890136,17.72744005203247,20.415389585839197,70.08510598066925,1.4686984479499365,0.4222930647120877,-0.009011393773529447
2023-02-15,22.548999786376953,22.854999542236328,22.106000900268555,22.763999938964844,420575000,20.57975015640259,17.845200061798096,20.639066762327353,68.31097381121403,1.4749367812462637,-0.3773631553546103,-0.03347386805008374
2023-02-16,22.132999420166016,22.549999237060547,21.927000045776367,22.00200080871582,412026000,20.841600227355958,17.953040065765382,20.76887000484054,62.08100004966255,1.402229712541228,-0.020326933365035993,-0.027906567487777825
2023-02-17,21.631000518798828,21.739999771118164,20.975000381469727,21.38800048828125,465888000,21.019050216674806,18.061060066223146,20.827834812787273,57.528231524452785,1.2803055765975877,0.13072476008795553,-0.03427154408554282
2023-02-21,21.0,21.493999481201172,20.618000030517575,20.655000686645508,410015000,21.09215021133423,18.151760063171388,20.81137441982139,52.57158572419102,1.1117176730742457,-0.11992796551960982,0.004792980883390037
2023-02-22,20.707000732421875,21.104000091552734,20.42099952697754,20.753999710083008,513184000,21.166600227355957,18.22346004486084,20.80591016175107,53.158599736306655,0.9748613440002707,0.25162250161579447,0.14021392926965934
2023-02-23,23.440000534057617,23.88800048828125,23.024999618530273,23.663999557495117,1117995000,21.38365020751953,18.35672004699707,21.07810915182193,66.34456245386482,1.0886649333341616,1.178546096526782,-0.015973642092115818
2023-02-24,23.225000381469727,23.474000930786133,22.94700050354004,23.285999298095703,589716000,21.5578501701355,18.471740036010743,21.288384403848003,63.83095680533054,1.1352669848164965,-0.4725235801591241,0.009233022376904093
2023-02-27,23.670000076293945,23.8799991607666,23.45400047302246,23.500999450683594,452994000,21.71465015411377,18.580320014953614,21.499109646403774,64.65130190143546,1.175992057439963,-0.23184380277964312,-0.012127137316443763
2023-02-28,23.371999740600582,23.825000762939453,23.20599937438965,23.215999603271484,455963000,21.917350101470948,18.691160011291505,21.66262297562927,62.62367222171509,1.1717625161697462,0.006554170695417527,-0.022312183748265466
2023-03-01,23.191999435424805,23.256000518798828,22.507999420166016,22.697999954223633,460026000,22.07540006637573,18.806080017089844,21.76123030692397,59.0016976739381,1.1137734446958802,0.008910810745608844,0.027138920743857566
2023-03-02,22.488000869750977,23.3799991607666,22.43199920654297,23.31399917602539,389415000,22.19394998550415,18.940940017700196,21.9091130563622,61.829021407374285,1.104787375682637,-0.15349349819358038,0.024706195160861626
2023-03-03,23.31999969482422,23.899999618530273,23.1299991607666,23.88999938964844,412393000,22.30299997329712,19.093660011291504,22.097768897627557,64.30765276047944,1.1311055736885436,0.05900645840555696,-0.0140644011611755
2023-03-06,23.891000747680664,24.24799919128418,23.48699951171875,23.554000854492188,437429000,22.425699996948243,19.243040046691895,22.23645765542419,61.78721103834126,1.1120318505332563,0.060709080900985146,-0.011293229941015849
2023-03-07,23.600000381469727,24.125,23.24099922180176,23.288000106811523,515154000,22.535649967193603,19.378780059814453,22.336604555556317,59.78933792180979,1.0631958898355478,0.1776859787531233,0.03834591398797948
2023-03-08,23.48699951171875,24.200000762939453,23.423999786376953,24.180999755859375,513573000,22.636049938201904,19.55562005996704,22.512261241299466,63.99804334499566,1.0840543440296457,-0.003068985196659657,-0.030809269236448444
2023-03-09,24.174999237060547,24.45400047302246,23.382999420166016,23.43600082397461,501257000,22.697599983215333,19.720220069885254,22.60023643964948,58.49717507830052,1.028612427888575,-0.02398101146283005,-0.020097314167393847
2023-03-10,23.409000396728516,23.62700080871582,22.72599983215332,22.96500015258789,474866000,22.7289999961853,19.897100067138673,22.634975840881708,55.263098217495326,0.9358802471216912,-0.052649638808036636,4.352060426531821e-05
2023-03-13,22.75200080871582,23.29800033569336,22.29700088500977,22.965999603271484,421890000,22.814050006866456,20.075700054168703,22.666501913490258,55.26874955193,0.8526412554400977,-0.11155989268551547,0.04776626931205058
2023-03-14,23.496000289916992,24.2189998626709,23.459999084472656,24.062999725341797,474910000,22.92779998779297,20.26490005493164,22.799501705095167,61.08021345114967,0.8652187930006967,0.12567256867903964,0.00685703849938435
2023-03-15,23.76099967956543,24.285999298095703,23.36000061035156,24.22800064086914,524486000,22.99064998626709,20.45718006134033,22.935549222787927,61.882380172793546,0.878375412066017,0.10439030553157447,0.05419348235970226
2023-03-16,24.027000427246097,25.58799934387207,23.893999099731445,25.541000366210938,583253000,23.129500007629396,20.681700077056885,23.183687426923452,67.60433086135403,0.9834140471209167,0.11204684205107474,0.007204103700738714
2023-03-17,25.98200035095215,26.39900016784668,25.667999267578125,25.725000381469727,848547000,23.31564998626709,20.90122009277344,23.425717232118334,68.32198340042092,1.069180340223081,0.45485235395274426,0.006802691330049604
2023-03-20,25.614999771118164,26.02400016784668,25.1299991607666,25.899999618530273,432747000,23.54124994277954,21.133920078277587,23.661363173681377,69.02480373348074,1.1381518156643864,-0.4900141064667013,0.011544393466439758
2023-03-21,26.18000030517578,26.392000198364254,25.381000518798828,26.198999404907227,547408000,23.818449878692626,21.360720062255858,23.903042814750506,70.23971034458884,1.2030707401722367,0.264960820063455,0.01026760613726693
2023-03-22,26.424999237060547,27.589000701904297,26.23699951171875,26.468000411987305,797295000,24.104149913787843,21.577520065307617,24.14732449067782,71.32923199876707,1.2616817073437794,0.456491319089235,0.0273159876643519
2023-03-23,27.114999771118164,27.499000549316406,26.690000534057617,27.19099998474121,564889000,24.280499935150146,21.80316005706787,24.437198347255286,74.07627201757452,1.3508990212466543,-0.2914931110818455,-0.01515209651572698
2023-03-24,27.0310001373291,27.16699981689453,26.354999542236328,26.77899932861328,454920000,24.455149936676026,22.018720054626463,24.660227012146525,69.96254195493002,1.3725376163085414,-0.19467364384861452,-0.009260958120238395
2023-03-27,26.836999893188477,27.0,26.364999771118164,26.5310001373291,361026000,24.606649971008302,22.219120063781737,24.838395881211532,67.53145863648939,1.354066065940529,-0.20639672909522555,-0.0045607134782207044
2023-03-28,26.44700050354004,26.51300048828125,25.850000381469727,26.40999984741211,356104000,24.76634998321533,22.409340057373047,24.98807244942111,66.32057235716178,1.3145106564458224,-0.013633367125913343,0.021734169186807935
2023-03-29,26.825000762939453,27.07799911499023,26.597000122070312,26.983999252319336,393694000,24.980649948120117,22.5949800491333,25.1781607163638,69.14680010183135,1.3143288988976067,0.10555905016512024,0.014786546801893523
2023-03-30,27.229000091552734,27.499000549316406,27.10199928283691,27.382999420166016,364516000,25.18409996032715,22.795100021362305,25.38814535482115,70.97040104756299,1.3310374623687053,-0.0741133977149766,0.014388526290875295
2023-03-31,27.13999938964844,27.833999633789062,27.104999542236328,27.777000427246097,433933000,25.378450012207033,23.015340042114257,25.615655361718765,72.6871453927577,1.3603899789023828,0.19043608511011856,0.006768179517230624
2023-04-03,27.50900077819824,28.0,27.336000442504883,27.96500015258789,398716000,25.598999977111816,23.21786003112793,25.83940248465868,73.49266339145206,1.3828810741750956,-0.08115769024250286,-0.018308637039298532
2023-04-04,27.965999603271484,28.0,27.30699920654297,27.45299911499023,368592000,25.80724992752075,23.383059997558593,25.993078354214067,67.64177937294696,1.3438995865698544,-0.07555252360075848,-0.020835559488255433
2023-04-05,26.82900047302246,26.99799919128418,26.395000457763672,26.881000518798828,515015000,25.942249965667724,23.535380020141602,26.077642369888807,61.729200341425,1.2524139223787465,0.3972495333593784,0.0058033605267038026
2023-04-06,26.583999633789062,27.079999923706055,26.427000045776367,27.03700065612793,397654000,26.12229995727539,23.68966003417969,26.169009825721105,62.68713359504734,1.1789090520173353,-0.22787879964661228,0.020046595544675815
2023-04-10,26.822999954223633,27.621000289916992,26.66900062561035,27.57900047302246,395279000,26.35299997329712,23.84520004272461,26.303294649273614,65.8823862441125,1.1511213577597559,-0.005972528881892258,-0.014866378055041105
2023-04-11,27.724000930786133,27.790000915527344,27.125999450683594,27.16900062561035,314378000,26.563150024414064,23.981280059814452,26.38574283749616,61.58605077605612,1.0835256395847885,-0.20466809519352158,-0.02480767679550273
2023-04-12,27.3700008392334,27.468000411987305,26.447999954223633,26.4950008392334,446259000,26.684750080108643,24.12794006347656,26.396148361471134,55.211900373301205,0.9644517960662427,0.41949818371514547,-0.0012078314530166306
2023-04-13,26.733999252319336,26.886999130249023,26.32900047302246,26.46299934387207,353615000,26.79650001525879,24.266460037231447,26.402515121699796,54.921246887031096,0.857616593724412,-0.2076014153215957,0.011147643260712142
2023-04-14,26.503999710083008,26.882999420166016,26.219999313354492,26.757999420166016,395660000,26.857349967956544,24.382760009765626,26.43637076917277,57.16011091146552,0.7876731610102503,0.11890049913041012,0.009118820309335772
2023-04-17,26.565000534057617,27.006000518798828,26.433000564575195,27.00200080871582,321471000,26.921199989318847,24.48862003326416,26.490240296748297,58.97503672180528,0.7433623411782264,-0.18750695041196985,0.024627767878744
2023-04-18,27.53300094604492,28.11000061035156,27.35700035095215,27.66699981689453,604812000,27.00954999923706,24.619960021972656,26.60231263200032,63.51208099689951,0.7532228751112306,0.8813889899866552,0.009542051567283969
2023-04-19,27.361000061035156,28.0,27.23200035095215,27.930999755859375,358660000,27.09615001678467,24.756800003051758,26.728854262844038,65.15940089022402,0.7734244523823044,-0.40698927931324114,-0.02960866676937163
2023-04-20,27.67099952697754,28.030000686645508,27.0,27.104000091552734,427713000,27.12795000076294,24.855419998168944,26.764582437006773,56.54699363140147,0.7144664618963503,0.19253053030725487,0.0005534013281350389
2023-04-21,26.95199966430664,27.183000564575195,26.722000122070312,27.118999481201172,345103000,27.124349975585936,24.95369998931885,26.798336441215763,56.65888600401243,0.6613287686739397,-0.19314353316359334,-0.0028393254094796756
2023-04-24,27.01300048828125,27.36599922180176,26.67099952697754,27.04199981689453,339282000,27.1375,25.04779998779297,26.821542476994694,55.86362498515372,0.606017739296604,-0.01686742798526819,-0.029620612399839732
2023-04-25,27.07799911499023,27.246999740600582,26.225000381469727,26.24099922180176,378527000,27.122999954223634,25.147319984436034,26.766252643166794,48.27304367705849,0.49187921878790775,0.11567073997441657,0.027247443839480197
2023-04-26,27.00200080871582,27.329999923706055,26.704999923706055,26.95599937438965,406337000,27.15029993057251,25.250679969787598,26.784323760426112,54.24896444534544,0.4538860400341136,0.07346899956938335,0.010016340110921425
2023-04-27,27.363000869750977,27.4950008392334,26.625,27.22599983215332,377161000,27.16239995956421,25.33577995300293,26.826388148209656,56.3019821431669,0.4404853121137542,-0.07180246937886536,0.019209605538358716
2023-04-28,27.225000381469727,27.757999420166016,27.070999145507812,27.749000549316406,292216000,27.180700016021728,25.43547996520996,26.91425599593411,60.04234885145069,0.4666872456009692,-0.22522211999650021,0.04183931943899523
2023-05-01,27.84000015258789,29.058000564575195,27.780000686645508,28.90999984741211,570329000,27.23734998703003,25.573639945983885,27.104326838932014,66.8299060550386,0.5745127814222215,0.9517377556328195,-0.024213101578487693
2023-05-02,28.68000030517578,28.836000442504883,28.08300018310547,28.209999084472656,402730000,27.249599933624268,25.710079917907716,27.209628957554933,60.19100238390842,0.5966038066725083,-0.2938637172579336,-0.014462922791119827
2023-05-03,27.84000015258789,28.367000579833984,27.472000122070312,27.802000045776367,383387000,27.267049980163574,25.85301990509033,27.26604525167126,56.65809084794684,0.574565754346704,-0.04802969731581952,-0.008632464237213193
2023-05-04,27.650999069213867,27.858999252319336,27.239999771118164,27.562000274658203,321850000,27.301099967956542,25.989179916381836,27.294231444336685,54.62692983962965,0.531606435263253,-0.16050883311119057,0.04056309481810432
2023-05-05,27.826000213623047,28.7549991607666,27.731000900268555,28.68000030517578,361494000,27.383249950408935,26.08949993133545,27.426209431083265,61.54319028435666,0.5810758437119397,0.12317539226347685,0.01642255087260534
2023-05-08,28.52199935913086,29.219999313354492,28.350000381469727,29.150999069213867,344979000,27.461849880218505,26.206799926757814,27.590475110905228,64.03071611573068,0.650784531294871,-0.045685405566897375,-0.019896399513750728
2023-05-09,28.89900016784668,28.972999572753903,28.450000762939453,28.570999145507812,314869000,27.53194980621338,26.308199920654296,27.68385835229595,58.97207781183689,0.6517154517973118,-0.08728067505558312,0.010990203099823811
2023-05-10,29.0049991607666,29.113000869750977,28.461000442504883,28.885000228881836,369350000,27.651449775695802,26.421579933166505,27.7982528167327,60.7786515133694,0.6700663682231074,0.17302751302922803,-0.010628392295619151
2023-05-11,28.895999908447266,28.950000762939453,28.246000289916992,28.57799911499023,322149000,27.75719976425171,26.539179916381837,27.8725143689477,58.085638710873724,0.6523176655314735,-0.1277947746040341,-0.008328048490893152
2023-05-12,28.52899932861328,28.780000686645508,28.04599952697754,28.34000015258789,274222000,27.8362998008728,26.639699935913086,27.91703682453248,56.013587234930284,0.6119924950198197,-0.14877277284734702,0.021630167928787525
2023-05-15,28.507999420166016,28.9689998626709,28.152000427246097,28.95299911499023,293926000,27.933849716186522,26.740959930419923,28.015699899814173,59.974023812674396,0.6223246291408486,0.0718541911298145,0.008980079329578883
2023-05-16,28.840999603271484,29.8700008392334,28.832000732421875,29.21299934387207,449405000,28.0111496925354,26.85413990020752,28.129728418295876,61.55513192451995,0.6440683464497106,0.528973278988589,0.03303324459185722
2023-05-17,29.583999633789062,30.198999404907227,29.43000030517578,30.17799949645996,432535000,28.12349967956543,26.991939888000488,28.324801854311502,66.79751297284952,0.7307442813403071,-0.03753852315839834,0.049705084002534955
2023-05-18,30.40999984741211,31.82799911499023,30.31999969482422,31.67799949645996,748725000,28.352199649810792,27.1418798828125,28.644154010706593,72.96797114561139,0.9099833268376116,0.7310159871455488,-0.01306899312064772
2023-05-19,31.535999298095703,31.579999923706055,30.916000366210938,31.263999938964844,473908000,28.559449672698975,27.298439865112304,28.89366314673119,69.14833640712942,1.0070169923491363,-0.36704664596480685,-0.002814718015732698
2023-05-22,30.900999069213867,31.520000457763672,30.68000030517578,31.176000595092773,372000000,28.766149711608886,27.4626598739624,29.111028618003722,68.32956538761835,1.0645446516592614,-0.21503751783046499,-0.015653094060685574
2023-05-23,31.0,31.288000106811523,30.631000518798828,30.687999725341797,356253000,28.98849973678589,27.61709987640381,29.26121634251211,63.816811265709184,1.0585557723163,-0.04233064516129037,-0.004887891679900058
2023-05-24,30.209999084472656,30.60700035095215,29.805999755859375,30.538000106811523,721419000,29.167599773406984,27.746599884033202,29.382814796254912,62.45150475216465,1.0298345352011218,1.0250187366843226,0.24369635894279998
2023-05-25,38.52299880981445,39.47999954223633,36.6349983215332,37.97999954223633,1543911000,29.70529975891113,28.021639862060546,30.20159429587219,82.47924694253412,1.5892599079772367,1.1401030469117117,0.02543442903934813
2023-05-26,37.88999938964844,39.16999816894531,37.54999923706055,38.94599914550781,714397000,30.265149688720705,28.289739837646483,31.03439475774225,83.69496583747797,2.086504713598675,-0.5372809702113659,0.029913237330867464
2023-05-30,40.595001220703125,41.9379997253418,39.94900131225586,40.11100006103515,923401000,30.825199699401857,28.577459831237793,31.898833358055857,85.04288040298381,2.5452406917361863,0.2925600191490165,-0.05676748083521416
2023-05-31,39.487998962402344,40.29499816894531,37.821998596191406,37.83399963378906,1002580000,31.306399726867674,28.81613983154297,32.464087289078066,72.43824959884564,2.6940025699640486,0.08574714560629682,0.05117092675143951
2023-06-01,38.48899841308594,40.04999923706055,38.34000015258789,39.77000045776367,635873000,31.90479974746704,29.087559852600098,33.1598885432386,75.7317501119849,2.9342918272406706,-0.3657633306070338,-0.011139069357756349
2023-06-02,40.09700012207031,40.5,39.05799865722656,39.32699966430664,482731000,32.493049716949464,29.344739837646486,33.74723245953079,73.56549911547843,3.0537743236090833,-0.24083739992105346,-0.003966695433469679
2023-06-05,38.90900039672851,39.564998626708984,38.707000732421875,39.17100143432617,396094000,33.017599773406985,29.584339866638185,34.26378188570178,72.77605904543783,3.10014081582397,-0.17947262554093268,-0.013198593009670502
2023-06-06,38.83000183105469,39.15999984741211,38.14799880981445,38.65399932861328,388729000,33.492749786376955,29.821839866638182,34.68189783264573,70.09153155955752,3.0598962663534124,-0.018594071104333865,-0.030501393774781865
2023-06-07,38.915000915527344,39.499000549316406,37.35599899291992,37.474998474121094,511998000,33.93794975280762,30.040719833374023,34.947907417548144,64.26930113307232,2.899443673488463,0.31710780518047277,0.02761840932767065
2023-06-08,37.7239990234375,38.86399841308594,37.505001068115234,38.5099983215332,417772000,34.41919965744019,30.282719802856445,35.287154170308625,66.87092217286745,2.823254949829561,-0.1840358751401373,0.006751548885035559
2023-06-09,39.0369987487793,39.71099853515625,38.56700134277344,38.77000045776367,427717000,34.92879972457886,30.51843982696533,35.618853816732916,67.51089507576086,2.752129995439063,0.02380485049261316,0.018364662817466477
2023-06-12,39.20000076293945,39.529998779296875,38.61800003051758,39.48199844360352,388701000,35.48589963912964,30.760419807434083,35.98677235262535,69.26200842270765,2.721839571405937,-0.09121919399977085,0.0390051409815815
2023-06-13,40.18600082397461,41.10100173950195,39.7400016784668,41.02199935913086,613208000,36.08934965133667,31.025319786071776,36.46631778181635,72.6905986922317,2.7899387188134384,0.5775827692750983,0.04814495440673236
2023-06-14,40.82400131225586,43.0,40.551998138427734,42.99700164794922,740465000,36.77854976654053,31.325959815979004,37.08828767382901,76.33610343051973,2.969048618382452,0.20752664674955312,-0.008000599037954982
2023-06-15,42.60200119018555,43.28900146484375,42.14699935913086,42.65299987792969,568622000,37.40229978561401,31.629959831237795,37.61826026469574,74.47138746115525,3.048099838745415,-0.23207443971018216,0.0009143897253503819
2023-06-16,43.45000076293945,43.72100067138672,42.6609992980957,42.69200134277344,655709000,37.952999877929685,31.946179847717286,38.10147370070314,74.5473013889598,3.0784096030202264,0.1531544681704191,0.02614066521484433
2023-06-20,42.99800109863281,43.9900016784668,42.67399978637695,43.80799865722656,451153000,38.580199813842775,32.281599807739255,38.64495226799108,76.68387355570697,3.1561004052087682,-0.31196155611711907,-0.017416921833186404
2023-06-21,43.500999450683594,43.6150016784668,42.08000183105469,43.04499816894531,551603000,39.1736496925354,32.590919761657716,39.06400425855815,72.22023540386718,3.120136175320276,0.22265173898876878,-0.000464552071483947
2023-06-22,42.25299835205078,43.42599868774414,42.23400115966797,43.025001525878906,417737000,39.79049978256226,32.908039779663085,39.44124209354108,72.10178190358633,3.0548067909143626,-0.24268540961524865,-0.01896576090994513
2023-06-23,42.4640007019043,42.80899810791016,42.01499938964844,42.20899963378906,358140000,40.374049758911134,33.222319755554196,39.704838049755175,67.25417908454347,2.903716019251121,-0.1426663187603684,-0.03736169248238293
2023-06-26,42.46099853515625,42.76399993896485,40.099998474121094,40.63199996948242,594322000,40.506649780273435,33.50569976806641,39.793139184967295,58.998594762285876,2.626448734678526,0.6594683643267996,0.030616250298668678
2023-06-27,40.79899978637695,41.939998626708984,40.448001861572266,41.875999450683594,462175000,40.65314979553223,33.808059768676756,39.99150682932123,62.87046935766825,2.4785219178051747,-0.2223491642577593,-0.018124913573548614
2023-06-28,40.65999984741211,41.845001220703125,40.51800155639648,41.117000579833984,582639000,40.70344982147217,34.09035976409912,40.09869671032244,59.19738679215139,2.2738326565653395,0.26064585925244765,-0.007174696098510239
2023-06-29,41.55799865722656,41.599998474121094,40.599998474121094,40.821998596191406,380514000,40.85284976959228,34.35345973968506,40.16758260421472,57.784320652468736,2.0640180326074784,-0.34691292549932295,0.03625495059358531
2023-06-30,41.68000030517578,42.54999923706055,41.500999450683594,42.301998138427734,501148000,40.97944965362549,34.640879707336424,40.37086027413977,62.60683480169093,1.9941744242421748,0.3170290712036876,0.0026239909678006964
2023-07-03,42.516998291015625,42.89799880981445,42.20199966430664,42.41299819946289,198209000,41.1337495803833,34.94705966949463,40.565349600361024,62.94869579307179,1.9255827197166937,-0.6044900907516342,-0.002263382943077785
2023-07-05,42.1349983215332,43.176998138427734,42.084999084472656,42.31700134277344,323618000,41.291049575805665,35.251019706726076,40.732173575828874,62.41722396651682,1.8422409487461024,0.6327109263454234,-0.005057085689292165
2023-07-06,41.84400177001953,42.17900085449219,41.34600067138672,42.10300064086914,303582000,41.46349964141846,35.55223972320557,40.862728534404134,61.17721148459535,1.7388792095289531,-0.0619125017767862,0.009500456145478741
2023-07-07,42.321998596191406,43.2140007019043,42.18000030517578,42.50299835205078,355881000,41.71489963531494,35.87747970581054,41.01894470751334,62.67002744583239,1.6699901519513318,0.17227305966756923,-0.007599417909287693
2023-07-10,42.65700149536133,42.81100082397461,41.64899826049805,42.18000030517578,353908000,41.89839973449707,36.18195972442627,41.12952143110024,60.642242611505026,1.571219790828394,-0.005543988018466894,0.005334245436064752
2023-07-11,42.48099899291992,42.757999420166016,42.06700134277344,42.404998779296875,298244000,42.08014965057373,36.48553970336914,41.25099546426182,61.574940292140944,1.4938785623476747,-0.15728381387253187,0.03530248062830013
2023-07-12,43.03300094604492,43.935001373291016,42.777000427246094,43.902000427246094,481277000,42.30114974975586,36.808599700927736,41.50347212740318,67.15245646601768,1.5356782605271349,0.6137022035648663,0.047264378450775184
2023-07-13,44.51800155639648,46.154998779296875,44.492000579833984,45.97700119018555,478204000,42.5488998413086,37.149939727783206,41.929522514334835,73.00218342390336,1.7164538312380984,-0.006385096316674166,-0.011048989864838236
2023-07-14,46.58300018310547,48.0880012512207,45.060001373291016,45.46900177001953,772075000,42.67249984741211,37.49511978149414,42.266615776780995,69.72824092962193,1.7980022154429776,0.6145306187317547,0.02181699018056742
2023-07-17,46.28900146484375,46.49599838256836,45.262001037597656,46.46099853515625,510488000,42.86289978027344,37.86829975128174,42.66608080138816,72.33717689398962,1.9205369909939733,-0.33881034873555027,0.02223372244708145
2023-07-18,46.70100021362305,47.895999908447266,45.73400115966797,47.49399948120117,569164000,43.102999687194824,38.2669397354126,43.12588258041797,74.7751530198569,2.0770581927085203,0.11494099763363685,-0.008780052668749996
2023-07-19,47.4640007019043,47.81800079345703,46.742000579833984,47.07699966430664,427502000,43.266449737548825,38.634879722595215,43.502179445550226,72.01596337203799,2.1427536423598568,-0.24889487037128144,-0.033073458751524294
2023-07-20,46.50699996948242,47.08700180053711,45.0620002746582,45.52000045776367,537865000,43.39019985198975,38.96225975036621,43.69435287528484,62.71117705337881,2.0456005264096433,0.2581578565714313,-0.026603742040318144
2023-07-21,45.78799819946289,45.86600112915039,44.099998474121094,44.30899810791016,963769000,43.45439968109131,39.27701972961426,43.752890516487255,56.58715473082729,1.849567549806089,0.7918418190438121,0.0068383718149224865
2023-07-24,44.73099899291992,45.10900115966797,44.040000915527344,44.61199951171875,382516000,43.57454967498779,39.591559715270996,43.83471042079502,57.70020408725431,1.6990738191549255,-0.6031040633180773,0.023917362020349612
2023-07-25,44.94100189208984,46.18299865722656,44.92300033569336,45.67900085449219,348081000,43.826899719238284,39.933579750061035,44.01035712876618,61.448567589599,1.6469198772516904,-0.09002237814888792,-0.004969486765015856
2023-07-26,46.020999908447266,46.053001403808594,44.630001068115234,45.45199966430664,364237000,44.005699729919435,40.27581974029541,44.14765641786527,60.2258277634106,1.569181852016392,0.04641448398504955,0.009856592996591095
2023-07-27,46.51900100708008,47.39500045776367,45.75,45.900001525878906,455976000,44.24484977722168,40.61475978851318,44.31454642815228,61.83970460590387,1.5261316177606972,0.25186622995467234,0.01851848465934921
2023-07-28,46.667999267578125,47.027000427246094,46.38100051879883,46.75,331194000,44.54124984741211,40.965499801635744,44.54649438737587,64.76125066271644,1.542817134524313,-0.27365913995473445,-0.00044919590261530747
2023-07-31,46.75400161743164,47.130001068115234,46.50600051879883,46.729000091552734,251055000,44.76259994506836,41.2965198135376,44.75435207348796,64.62960200681158,1.5366326648245234,-0.24196996322397146,-0.004750799752516933
2023-08-01,46.459999084472656,46.900001525878906,46.027000427246094,46.50699996948242,237858000,44.96730003356934,41.59309982299805,44.921270920725526,63.1677049373018,1.4965663877740738,-0.0525661707593954,-0.0481217658389254
2023-08-02,45.83100128173828,45.84000015258789,43.387001037597656,44.26900100708008,530142000,45.06490001678467,41.853199844360354,44.859149976568816,50.71386280090623,1.2695907106024578,1.228817193451555,0.0055568993420252715
2023-08-03,43.79999923706055,45.11800003051758,43.79999923706055,44.51499938964844,324176000,45.18549995422363,42.119979820251466,44.82637373019545,51.83787481864722,1.0969162964922319,-0.38851100271248085,0.0037066363650386396
2023-08-04,44.98500061035156,45.641998291015625,44.39300155639648,44.68000030517578,362666000,45.29435005187988,42.39981983184814,44.8124334040031,52.61841372389872,0.9622920701916158,0.11873180000987116,0.016495065055614495
2023-08-07,45.11100006103515,45.540000915527344,44.5629997253418,45.41699981689453,322154000,45.45620002746582,42.6973998260498,44.870011157611806,56.045007726163426,0.9046429414585404,-0.11170608769501411,-0.016579658609917156
2023-08-08,44.85300064086914,45.242000579833984,44.055999755859375,44.66400146484375,353843000,45.56915016174317,42.83107986450195,44.85039118687199,51.914061247106005,0.7890986792794692,0.09836599887010555,-0.04724163848177377
2023-08-09,44.27399826049805,44.3120002746582,42.13399887084961,42.55400085449219,586449000,45.50175018310547,42.90323989868164,44.63168734569296,42.46805471334588,0.5212608333928443,0.6573706417818073,-0.0039009344098702714
2023-08-10,42.15999984741211,43.57400131225586,41.834999084472656,42.38800048828125,492705000,45.32230014801026,42.948779907226566,44.41800288308232,41.82330269521015,0.2922338783891476,-0.15985021715443282,-0.03616591791039403
2023-08-11,41.750999450683594,42.01800155639648,40.63899993896485,40.85499954223633,533085000,45.091600036621095,43.009199905395505,44.07866923157318,36.33680566649671,-0.012824168986441009,0.081955734161415,0.07093376189659412
2023-08-14,40.48600006103515,43.79999923706055,40.31100082397461,43.75299835205078,690286000,44.95620002746582,43.08885986328125,44.04765295733295,49.755391611050996,-0.020504225047794478,0.29488918277572984,0.004273999078955422
2023-08-15,44.560001373291016,45.26800155639648,43.709999084472656,43.939998626708984,676512000,44.77849998474121,43.1811198425293,44.03740016394019,50.48069810336601,-0.01137029577785853,-0.01995404803226486,-0.010332238959103464
2023-08-16,44.52000045776367,44.67499923706055,43.40599822998047,43.48600006103515,527451000,44.59895000457764,43.26741981506348,43.98488586842542,48.64473128579663,-0.04030091716396811,-0.22033755498793817,-0.003265379451232925
2023-08-17,43.970001220703125,44.0620002746582,43.000999450683594,43.34400177001953,452395000,44.49015007019043,43.3612198638916,43.92384928762486,48.05602236508843,-0.07383558770801812,-0.14229947426396006,-0.0010382517027697567
2023-08-18,42.6349983215332,43.577999114990234,41.65999984741211,43.29899978637695,583768000,44.43965015411377,43.47769989013672,43.86433981131554,47.85834556034618,-0.10285766061620905,0.29039445617215054,0.08471325632635462
2023-08-21,44.49399948120117,47.064998626708984,44.22200012207031,46.96699905395508,692573000,44.557400131225585,43.64683990478515,44.159831167757396,61.690659407875195,0.16818034532367676,0.18638397445560573,-0.02765771312926932
2023-08-22,48.1349983215332,48.1870002746582,45.33300018310547,45.667999267578125,755293000,44.556850051879884,43.784799880981446,44.30346622488318,56.02255950237262,0.2749915596644712,0.09056085062513275,0.031707144713919416
2023-08-23,45.86600112915039,47.20000076293945,45.20800018310547,47.11600112915039,779046000,44.64005012512207,43.937479934692384,44.57132669195625,60.39127416201566,0.4710518725678412,0.031448722548732766,0.000997475787125389
2023-08-24,50.21599960327149,50.26599884033203,47.15900039672851,47.16299819946289,1156044000,44.70319995880127,44.06029991149902,44.81815254981402,60.52832938398905,0.6230413213624502,0.4839226438490154,-0.024277435421386186
2023-08-25,47.012001037597656,47.80500030517578,45.02399826049805,46.01800155639648,925341000,44.66660003662109,44.12071990966797,44.932423883774256,55.49052117119192,0.6436824242889685,-0.19956247340066646,0.017753868061283005
2023-08-28,46.48199844360352,46.97999954223633,44.88800048828125,46.834999084472656,685192000,44.67189998626709,44.20435989379883,45.11362152193601,58.16606964893365,0.7176924083168004,-0.25952486704901223,0.04161420626358057
2023-08-29,46.66600036621094,49.08100128173828,46.39099884033203,48.78400039672851,701397000,44.785750007629396,44.32619987487793,45.463181414773395,63.76231596548707,0.9229744958311912,0.023650305315882303,0.009839282107511041
2023-08-30,49.04399871826172,49.926998138427734,48.42499923706055,49.26399993896485,735206000,45.03549995422363,44.435319900512695,45.82516413136306,65.00396918188082,1.1115803740811927,0.04820237326364385,0.0018471825954900199
2023-08-31,49.380001068115234,49.74399948120117,48.95800018310547,49.35499954223633,528570000,45.277499961853025,44.561519927978516,46.16133893239861,65.24708570290282,1.2539401573120443,-0.2810586420676654,-0.017141134216053233
2023-09-01,49.762001037597656,49.79999923706055,48.141998291015625,48.50899887084961,463830000,45.46894989013672,44.67119987487793,46.38492559320346,61.00410885907735,1.2836984506465328,-0.12248141211192465,0.0008040047362673372
2023-09-05,48.222999572753906,48.85100173950195,47.86000061035156,48.54800033569336,382653000,45.62549991607666,44.79797988891602,46.590932711535835,61.129602989647914,1.2954955386238112,-0.17501455274561806,-0.03062946983267365
2023-09-06,48.44100189208984,48.54899978637695,46.58000183105469,47.06100082397461,468670000,45.7453498840332,44.926559906005856,46.63570110319667,53.9949580758306,1.1713537457780276,0.22479112929991407,-0.017424187341261995
2023-09-07,45.525001525878906,46.34400177001953,45.152000427246094,46.24100112915039,433330000,45.92969989776611,45.0138599395752,46.59811062947798,50.49504619307338,0.9953298156618473,-0.07540486909765931,-0.01446773462128276
2023-09-08,45.94200134277344,46.60599899291992,45.270999908447266,45.571998596191406,473069000,46.088899803161624,45.102959899902345,46.50038567392688,47.77424689847343,0.7927088157545867,0.09170609004684649,-0.008645598273492004
2023-09-11,46.14799880981445,46.16299819946289,44.3120002746582,45.178001403808594,473966000,46.305049896240234,45.19007995605469,46.37444431486799,46.19555292710314,0.5934964749448,0.0018961293172876648,-0.006817532036684184
2023-09-12,44.737998962402344,45.67300033569336,44.53099822998047,44.869998931884766,349256000,46.360899925231934,45.241439971923825,46.23116380220292,44.945198427590995,0.4060849397985393,-0.26312013941928325,0.01370630026981736
2023-09-13,44.599998474121094,45.93000030517578,44.50299835205078,45.48500061035156,398355000,46.438150024414064,45.3028800201416,46.16010064107422,47.97327110904101,0.3036847548203525,0.1405816936573745,0.002110600639738603
2023-09-14,45.95000076293945,45.98699951171875,45.13100051879883,45.58100128173828,370097000,46.54290008544922,45.3681600189209,46.10494832113746,48.44990314754898,0.2276540679558039,-0.07093672729098421,-0.036879395111771185
2023-09-15,45.34099960327149,45.5989990234375,43.80799865722656,43.900001525878906,506831000,46.570700073242186,45.404100036621095,45.89495338825569,41.31283599701586,0.031394671022368925,0.36945449436228883,0.0015033730090801838
2023-09-18,42.74800109863281,44.242000579833984,42.0,43.96599960327149,500271000,46.60405006408691,45.43336006164551,45.71124350397148,41.67609948396052,-0.117462783888719,-0.012943170405914417,-0.010144182994411732
2023-09-19,43.83300018310547,43.96599960327149,43.00199890136719,43.52000045776367,373064000,46.43170013427734,45.46016006469726,45.50255369004693,39.87964058435763,-0.2683286671913194,-0.25427618230918847,-0.029434789319934675
2023-09-20,43.599998474121094,43.90299987792969,42.222999572753906,42.23899841308594,367108000,46.260250091552734,45.45684005737305,45.19173890176493,35.18799477543219,-0.48565875405863324,-0.015965089099993612,-0.02893061312958899
2023-09-21,41.58300018310547,42.099998474121094,40.97999954223633,41.016998291015625,450736000,45.955299949646,45.39914001464844,44.794144557884046,31.393766034000564,-0.7478785326633215,0.22780217265763758,0.014457477242205433
2023-09-22,41.571998596191406,42.1150016784668,41.23099899291992,41.61000061035156,479236000,45.67765007019043,45.31180000305176,44.490892753357144,35.053540299277856,-0.8974935185443158,0.06322991729083105,0.014707990933470434
2023-09-25,41.59099960327149,42.5359992980957,41.176998138427734,42.22200012207031,419091000,45.48784999847412,45.24685997009277,44.27480774085364,38.68859819097618,-0.9556649165926672,-0.1255018404293501,-0.007365847735196297
2023-09-26,42.000999450683594,42.81999969482422,41.654998779296875,41.9109992980957,402282000,45.24165000915527,45.15585998535156,44.049683127257644,37.538774924384946,-1.0151592125135025,-0.04010823424984078,0.01329004833746059
2023-09-27,42.33000183105469,42.87200164794922,41.62900161743164,42.46799850463867,444935000,44.92584991455078,45.05533996582031,43.89904649653203,40.925101231334715,-1.0057698015305263,0.10602761247085368,0.014622827049355634
2023-09-28,42.459999084472656,43.44599914550781,42.1150016784668,43.0890007019043,424663000,44.61709995269776,44.975579986572264,43.82189927799605,44.53551155231325,-0.9374130244653429,-0.04556171126119546,0.009515185795292523
2023-09-29,43.82699966430664,44.14400100708008,43.30699920654297,43.499000549316406,397830000,44.32430000305176,44.93515998840332,43.7911470181218,46.845291253717065,-0.8404678349544454,-0.06318657382442072,0.02949495229414149
2023-10-02,44.029998779296875,45.17499923706055,43.86100006103515,44.78200149536133,433298000,44.13795013427735,44.944620056152345,43.88551411119223,53.3869915999346,-0.6525879918075148,0.08915365859789359,-0.028248027379409034
2023-10-03,44.80799865722656,45.130001068115234,43.24599838256836,43.516998291015625,470850000,43.886400032043454,44.92272003173828,43.8504173664135,47.21684854584209,-0.5988637208361283,0.08666552811229233,0.012041319387221987
2023-10-04,43.742000579833984,44.14300155639648,43.29199981689453,44.04100036621094,361821000,43.73540000915527,44.889960021972655,43.868568128298975,49.80475417166285,-0.5081466624146387,-0.23155782096208988,0.014690841573781534
2023-10-05,44.04999923706055,44.900001525878906,43.88800048828125,44.6879997253418,393483000,43.65774993896484,44.874680023193356,43.946609232779245,52.876904456596996,-0.3796687143484476,0.08750735861102599,0.02403332704208758
2023-10-06,44.19300079345703,45.78900146484375,44.0260009765625,45.762001037597656,434436000,43.667250061035155,44.87192001342773,44.119503690381,57.52426550600706,-0.18900732597591485,0.10407819397534324,-0.010685770217553275
2023-10-09,44.84199905395508,45.60499954223633,44.36800003051758,45.27299880981445,409675000,43.67199993133545,44.84237998962402,44.229360368422284,54.870851537665025,-0.07648354042485295,-0.056995737001537594,0.011596349693652155
2023-10-10,45.310001373291016,46.25899887084961,45.0880012512207,45.79800033569336,368582000,43.71840000152588,44.82375999450684,44.37875465101953,57.155819826704544,0.054428191520585756,-0.100306340391774,0.022009681924483854
2023-10-11,46.19599914550781,46.85900115966797,46.04999923706055,46.805999755859375,378137000,43.78444995880127,44.82973999023437,44.60992085148047,61.21612466414734,0.2367843091375761,0.025923675057382134,0.0029697034501958938
2023-10-12,46.777000427246094,47.60900115966797,46.33000183105469,46.94499969482422,481325000,43.85264987945557,44.88325996398926,44.8323093127513,61.75437899301067,0.38804582879323846,0.2728852241383415,-0.031611485127596727
2023-10-13,46.959999084472656,47.11600112915039,45.279998779296875,45.46099853515625,474115000,43.93069972991943,44.902179946899416,44.892184476789865,53.2564540675559,0.3837515328372021,-0.014979483716823339,0.013946079188220715
2023-10-16,45.0629997253418,46.224998474121094,44.9119987487793,46.095001220703125,375099000,44.037149810791014,44.93047996520996,45.006738452400654,56.039674302351074,0.4265895319142743,-0.2088438459023655,-0.04679469439719923
2023-10-17,44.0,44.75400161743164,42.47999954223633,43.9379997253418,812333000,44.05804977416992,44.900899963378905,44.90495381172838,46.00363981264683,0.28322215228014613,1.1656496018384481,-0.039646788445612
2023-10-18,42.59099960327149,43.21900177001953,41.82500076293945,42.19599914550781,627294000,44.05589981079102,44.85153991699219,44.64695812923119,39.80388471051385,0.028706670103915144,-0.22778712670788948,-0.002251336807508036
2023-10-19,42.81100082397461,43.297000885009766,41.88199996948242,42.10100173950195,501233000,44.110099983215335,44.842479934692385,44.40448609211412,39.49132558245356,-0.17860532889050518,-0.20095999642910656,-0.016959233091937906
2023-10-20,41.88999938964844,42.470001220703125,41.077999114990234,41.387001037597656,477266000,44.09895000457764,44.82245994567871,44.11710656311255,37.13129107745101,-0.3959511923128005,-0.04781608553307548,0.03836947342671278
2023-10-23,41.229000091552734,43.24800109863281,40.94499969482422,42.974998474121094,478530000,44.136599922180174,44.864859924316406,44.00833436416098,45.003356068112275,-0.435046290458736,0.002648418282467313,0.016009301914370052
2023-10-24,43.07699966430664,43.696998596191406,42.69100189208984,43.66299819946289,401463000,44.22419986724854,44.86305992126465,43.97544520561831,48.039026096813586,-0.40583539165169213,-0.16104946398344933,-0.04314863725672382
2023-10-25,43.39799880981445,43.650001525878906,41.55500030517578,41.77899932861328,398379000,44.18974990844727,44.81983993530273,43.76625988399878,41.314017279949624,-0.5286149632905648,-0.007681903438174875,-0.034778217246460366
2023-10-26,41.85300064086914,42.25600051879883,39.880001068115234,40.32600021362305,541001000,44.0515998840332,44.75663993835449,43.43861610586776,37.01077109706374,-0.7346944435391549,0.3580058185797945,0.004314828781808418
2023-10-27,41.130001068115234,41.20600128173828,40.01499938964844,40.5,416784000,43.90164985656738,44.6997599029541,43.15874790530892,37.84567818147662,-0.8738998146948518,-0.22960586024794782,0.016320970323350694
2023-10-30,41.08700180053711,41.76599884033203,40.48099899291992,41.1609992980957,388028000,43.7205997467041,44.65699989318848,42.96848613319337,41.04270563606496,-0.9202755909408893,-0.06899497101616181,-0.009256347642085914
2023-10-31,40.45000076293945,40.87900161743164,39.22999954223633,40.779998779296875,517969000,43.583749771118164,44.533259887695316,42.76005876615561,39.772802829475914,-0.9765156212265396,0.3348753182760007,0.03788626851129143
2023-11-01,40.88399887084961,42.38100051879883,40.86899948120117,42.32500076293945,437593000,43.49794979095459,44.46639991760254,42.71862467061121,46.94204375294488,-0.8862019183822554,-0.15517530971930749,0.027903124266296056
2023-11-02,43.327999114990234,43.88399887084961,42.89400100708008,43.50600051879883,409172000,43.43884983062744,44.39419990539551,42.79361284662908,51.67723723050775,-0.7111333453914526,-0.06494847952320992,0.0344550299140619
2023-11-03,44.02000045776367,45.30899810791016,43.722999572753906,45.005001068115234,424610000,43.40099983215332,44.35103996276855,43.00422124867538,56.93119632848631,-0.4462888828988767,0.03772985443774246,0.0165758996747781
2023-11-06,45.28499984741211,45.935001373291016,44.89899826049805,45.750999450683594,400733000,43.424899864196775,44.3456999206543,43.26581917267616,59.30268712395495,-0.17419390446876548,-0.0562327783142178,0.004458971013103095
2023-11-07,45.71900177001953,46.21799850463867,45.15800094604492,45.95500183105469,343165000,43.43274993896485,44.328099975585936,43.52193180680745,59.95209929362916,0.05724473181768985,-0.14365674900744385,0.013469686792241078
2023-11-08,46.099998474121094,46.867000579833984,45.96799850463867,46.57400131225586,346719000,43.421150016784665,44.28389999389648,43.81260509304063,61.93682038816351,0.2872978130858854,0.010356534028819864,0.008073161851881732
2023-11-09,47.46699905395508,48.22999954223633,46.75,46.95000076293945,540496000,43.42140007019043,44.23762001037598,44.11140468065004,63.132047292920134,0.49425904019572187,0.5588877448308285,0.02949943128917834
2023-11-10,47.5,48.47200012207031,47.28300094604492,48.334999084472656,421245000,43.56510009765625,44.2172200012207,44.51365176672839,67.21577634865054,0.7612597646895978,-0.2206325301204819,0.005896345356581665
2023-11-13,48.31999969482422,49.11600112915039,48.0989990234375,48.619998931884766,384136000,43.69134998321533,44.21944000244141,44.90473244912423,68.00123120747816,0.9845080721101027,-0.088093627224062,0.021308089692620286
2023-11-14,49.68000030517578,49.83399963378906,49.040000915527344,49.65599822998047,416954000,43.97724990844726,44.24159996032715,45.35723395206292,70.74504871635799,1.2308420681182994,0.08543328404523387,-0.01546636396558291
2023-11-15,49.935001373291016,49.959999084472656,48.20000076293945,48.88800048828125,475497000,44.311849975585936,44.278139953613284,45.69349743170276,66.21245482143648,1.348547321286972,0.14040637576327364,0.012109291606167936
2023-11-16,48.67900085449219,49.525001525878906,48.33000183105469,49.47999954223633,339756000,44.680799865722655,44.342919921875,46.054116680325,67.9187262391864,1.4726234718481663,-0.28547183262985887,-0.003678237838050372
2023-11-17,49.52399826049805,49.71699905395508,49.00699996948242,49.29800033569336,325205000,45.07634983062744,44.41743995666504,46.363057980836274,66.80182956234586,1.5385336420297406,-0.0428277940639753,0.022536412298061283
2023-11-20,49.3120002746582,50.54800033569336,49.180999755859375,50.40900039672851,414120000,45.44804992675781,44.52205993652344,46.74838582996887,70.04063824523972,1.6612663028297305,0.2734121554096647,-0.009224546190724733
2023-11-21,50.125999450683594,50.516998291015625,49.22200012207031,49.944000244140625,565747000,45.762100028991696,44.623539962768554,47.05273005988999,67.09041214757568,1.7013985314229458,0.36614266396213657,-0.02458755075417094
2023-11-22,49.85200119018555,50.334999084472656,47.689998626708984,48.71599960327149,899420000,46.10895004272461,44.68815994262695,47.21113668306918,59.91316871892316,1.61549183852582,0.5897919034480077,-0.019295480629855873
2023-11-24,48.470001220703125,48.92100143432617,47.744998931884766,47.7760009765625,294645000,46.48145008087158,44.732059936523434,47.26493328244949,55.05772640376071,1.4547902161649446,-0.6724055502434902,0.009753842802793187
2023-11-27,47.79999923706055,48.529998779296875,47.652000427246094,48.242000579833984,395662000,46.86855010986328,44.818899917602536,47.357987310771826,56.921569678287526,1.3494793383236399,0.3428430823533404,-0.008726865164504764
2023-11-28,48.23600006103515,48.323001861572266,47.472999572753906,47.82099914550781,401491000,47.20155010223389,44.895999908447266,47.40208367598478,54.713896857792676,1.2180079738769507,0.014732271484246606,0.006670714745419348
2023-11-29,48.37900161743164,48.762001037597656,47.86000061035156,48.13999938964844,382005000,47.569550132751466,44.98839988708496,47.47236136300037,56.10315600160804,1.1265702237846185,-0.04853408918257196,-0.028458640408278797
2023-11-30,48.02399826049805,48.11000061035156,46.422000885009766,46.77000045776367,526247000,47.79180011749268,45.079019927978514,47.40546984821592,49.13211455577973,0.9328048897011385,0.3775919163361736,-0.00010692897298024751
2023-12-01,46.525001525878906,47.20000076293945,46.1870002746582,46.76499938964844,369317000,47.954750061035156,45.19397994995117,47.344472661685685,49.108126725650706,0.7699652420117076,-0.2982059755210006,-0.02683633239591215
2023-12-04,46.07699966430664,46.07699966430664,45.0099983215332,45.5099983215332,437543000,47.97999992370605,45.271979904174806,47.1697608197664,43.38386179103762,0.5334957434650818,0.18473560653855636,0.023203770808688032
2023-12-05,45.46599960327149,46.599998474121094,45.270999908447266,46.56600189208984,371718000,48.02075004577637,45.3588599395752,47.11225996951149,48.79270246863744,0.4263874953209239,-0.15044235652267324,-0.02282788937951806
2023-12-06,47.21500015258789,47.387001037597656,45.4119987487793,45.50299835205078,380590000,47.99814987182617,45.4306999206543,46.958996958324754,44.21366239189083,0.2528136567396757,0.023867555512512073,0.024020446100705733
2023-12-07,45.70000076293945,46.62900161743164,45.604000091552734,46.59600067138672,350823000,47.99924983978271,45.513259963989256,46.92442588337828,49.465141934129505,0.2011327584621938,-0.07821277490212564,0.019529569797841352
2023-12-08,46.595001220703125,47.74100112915039,46.54999923706055,47.50600051879883,359224000,48.02704982757568,45.60159996032715,46.97981394389452,53.39845956899608,0.2309424954063033,0.023946548544422797,-0.01850295979102275
2023-12-11,47.49100112915039,47.53099822998047,45.83000183105469,46.62699890136719,509728000,47.94164981842041,45.66415992736816,46.94621251127287,49.39884789534604,0.18154609195878635,0.41896977930205104,0.02209026139925851
2023-12-12,46.04600143432617,47.66600036621094,46.04600143432617,47.65700149536133,372387000,47.89349994659424,45.721659927368165,47.013906700233676,53.76862455478541,0.22294175382753423,-0.26943977964718435,0.009043786691055797
2023-12-13,47.62900161743164,48.59400177001953,47.608001708984375,48.0880012512207,447792000,47.81510009765625,45.81307998657226,47.116201419375294,55.50034916105726,0.28721535258154773,0.20249095698829445,0.00544828680925348
2023-12-14,48.38999938964844,48.66999816894531,47.422000885009766,48.349998474121094,391232000,47.788199996948244,45.89925994873047,47.233705900779654,56.565428361009054,0.35519911465630116,-0.12630864329867442,0.01116858185251804
2023-12-15,48.194000244140625,49.40399932861328,48.119998931884766,48.88999938964844,479948000,47.75869998931885,45.9832999420166,47.39144813781478,58.7565322285659,0.44749188886341784,0.22676059218059863,0.02427899958021944
2023-12-18,49.400001525878906,50.43299865722656,49.150001525878906,50.07699966430664,412587000,47.79764995574951,46.06959991455078,47.64721494986162,63.15631730924142,0.609390900378898,-0.14035062131730935,-0.009445445532373736
2023-12-19,49.42399978637695,49.70000076293945,48.89500045776367,49.604000091552734,464444000,47.75739994049072,46.156219940185544,47.833575439546486,60.39162005424581,0.691558069974711,0.12568743077217648,-0.03009837972264326
2023-12-20,49.654998779296875,49.999000549316406,48.097999572753906,48.11100006103515,397894000,47.66574993133545,46.202479934692384,47.859996832069214,52.56912522081976,0.6289533363691788,-0.14328961080345537,0.01827028364233789
2023-12-21,48.81100082397461,49.095001220703125,48.41899871826172,48.9900016784668,300425000,47.679450035095215,46.24615997314453,47.967616341249936,56.168824828396815,0.6428562714150203,-0.24496222612052454,-0.0032659694209081066
2023-12-22,49.19499969482422,49.382999420166016,48.46699905395508,48.83000183105469,252507000,47.732150077819824,46.28386001586914,48.04974829265991,55.34544245130687,0.6336593663563477,-0.15950070733128063,0.009195115312755166
2023-12-26,48.96799850463867,49.599998474121094,48.959999084472656,49.27899932861328,244200000,47.78400001525879,46.36022003173828,48.16681981989357,57.23977093029645,0.6550500887924713,-0.032898097874514365,0.0028003914479067275
2023-12-27,49.51100158691406,49.68000030517578,49.084999084472656,49.41699981689453,233648000,47.863800048828125,46.42666000366211,48.28588458151271,57.83187113890222,0.6753528294951465,-0.043210483210483264,0.002124765619632603
2023-12-28,49.64300155639648,49.88399887084961,49.4119987487793,49.52199935913086,246587000,47.93290004730225,46.53833999633789,48.403609798428725,58.30494742941442,0.6919392384919334,0.0553781757173184,0.0
2023-12-29,49.8129997253418,49.99700164794922,48.750999450683594,49.52199935913086,389293000,48.07049999237061,46.68486000061035,48.510123089924164,58.30494742941442,0.6970489408285374,0.5787247502909723,-0.02734138583003483
2024-01-02,49.24399948120117,49.29499816894531,47.595001220703125,48.167999267578125,411254000,48.14064998626709,46.80619995117188,48.47753986874835,49.92790276600227,0.5850972878820286,0.05641252218765813,-0.012435621834944807
2024-01-03,47.48500061035156,48.18399810791016,47.31999969482422,47.569000244140625,320896000,48.243600082397464,46.92983993530274,48.391012285452376,46.72925523672406,0.44293470563683,-0.21971336449007184,0.009018496337749505
2024-01-04,47.766998291015625,48.5,47.507999420166016,47.99800109863281,306535000,48.31520004272461,47.03029998779297,48.35358264861242,49.237570869500196,0.36072836656504137,-0.04475281711208612,0.022896766496153194
2024-01-05,48.46200180053711,49.547000885009766,48.305999755859375,49.09700012207031,415039000,48.494900131225585,47.138980026245115,48.424384312751265,55.073616857689075,0.3798802638449459,0.353969367282692,0.0642808770827888
2024-01-08,49.512001037597656,52.275001525878906,49.479000091552734,52.25299835205078,642510000,48.77775001525879,47.348460006713864,48.78901422125598,66.85744545544523,0.6423167343180154,0.5480713860625146,0.016975122300572135
2024-01-09,52.4010009765625,54.32500076293945,51.689998626708984,53.13999938964844,773100000,49.05944995880127,47.60473999023438,49.20339376110288,69.2950612536289,0.9113674223395449,0.20324975486762842,0.022770024433014232
2024-01-10,53.61600112915039,54.599998474121094,53.48899841308594,54.349998474121094,533796000,49.44559993743896,47.881739959716796,49.69354659091414,72.28921254291386,1.2083003108916728,-0.30953822273961973,0.008684455111715535
2024-01-11,54.999000549316406,55.34600067138672,53.560001373291016,54.821998596191406,596759000,49.80384979248047,48.15495994567871,50.181970591416736,73.37969886348202,1.4648226656672776,0.11795330051180608,-0.0020429665934603635
2024-01-12,54.619998931884766,54.970001220703125,54.33000183105469,54.709999084472656,352994000,50.134949684143066,48.43355995178223,50.613211400279205,72.64913114013362,1.6401741487798063,-0.40848148079878144,0.030561157247109134
2024-01-16,55.01800155639648,56.834999084472656,54.900001525878906,56.38199996948242,449580000,50.536549758911136,48.71469993591309,51.16261983544142,76.42293522047463,1.8922453340820837,0.27361938163254895,-0.005835170193535231
2024-01-17,56.34700012207031,56.47100067138672,54.7400016784668,56.053001403808594,474394000,50.89469985961914,48.965639953613284,51.628370461000195,74.25194318027454,2.0419280542613762,0.05519373637617342,0.018803578994849576
2024-01-18,57.2599983215332,57.599998474121094,56.10699844360352,57.10699844360352,491650000,51.24619979858399,49.20767990112304,52.150144554581466,76.55022493057366,2.220010541288495,0.03637482767488631,0.04174624390215866
2024-01-19,57.98899841308594,59.5,57.224998474121094,59.49100112915039,543501000,51.740549850463864,49.482479934692385,52.84927375215946,80.73822870297779,2.524411444315888,0.10546323604189967,0.002739879920814142
2024-01-22,60.04899978637695,60.33100128173828,59.06999969482422,59.65399932861328,452955000,52.31769981384277,49.756459884643554,53.49734285467887,80.98823535391656,2.7471366640886217,-0.16659766955350586,0.003671200128814937
2024-01-23,59.56999969482422,59.90999984741211,58.584999084472656,59.87300109863281,294654000,52.861849784851074,50.022439880371095,54.104548401722106,81.3387019978505,2.9078003060877577,-0.3494850481835944,0.024869279738174647
2024-01-24,60.30400085449219,62.8489990234375,59.9379997253418,61.36199951171875,560271000,53.48844966888428,50.31067985534668,54.79573422172179,83.55797557667533,3.1193195536427893,0.9014539086521818,0.004155683813180419
2024-01-25,62.349998474121094,62.71900177001953,60.849998474121094,61.617000579833984,482777000,54.105349731445315,50.57631988525391,55.44537863678009,83.91086141907466,3.269833926207717,-0.13831520817604337,-0.009510400446939356
2024-01-26,60.959999084472656,61.78300094604492,60.573001861572266,61.03099822998047,390309000,54.68604965209961,50.82453987121582,55.97734240756108,79.6786907156325,3.3037486012921207,-0.19153356518641107,0.023496288184632577
2024-01-29,61.23199844360352,62.48899841308594,60.90700149536133,62.46500015258789,348733000,55.333199691772464,51.08071990966797,56.59521457375411,82.06284142022878,3.407063686978873,-0.10652073101055826,0.004946739888823239
2024-01-30,62.900001525878906,63.49300003051758,62.2599983215332,62.77399826049805,410735000,55.99579963684082,51.3584398651123,57.18367016296782,82.5382431150346,3.473831039792053,0.17779217911697498,-0.01986487825862535
2024-01-31,61.439998626708984,62.26900100708008,60.70000076293945,61.527000427246094,453795000,56.66374969482422,51.5993798828125,57.597320664327654,74.01294938489121,3.3870782151008854,0.10483645172678258,0.02437954052016085
2024-02-01,62.099998474121094,63.19100189208984,61.650001525878906,63.027000427246094,369146000,57.43664970397949,51.873959884643554,58.11443302270084,77.07973868289702,3.400168415526892,-0.18653577055718995,0.04970890592326059
2024-02-02,63.9739990234375,66.5999984741211,63.689998626708984,66.16000366210938,476578000,58.34474983215332,52.188979949951175,58.88067784550165,81.88764621866672,3.6216020965275035,0.291028481955649,0.04794433033154653
2024-02-05,68.2249984741211,69.49700164794922,67.20500183105469,69.33200073242188,680078000,59.3564998626709,52.5767399597168,59.87604192997024,85.25909967973745,4.006855007803303,0.42700250536113704,-0.015995516470785533
2024-02-06,69.62999725341797,69.75399780273438,66.30000305175781,68.2229995727539,683111000,60.15499992370606,52.96687995910644,60.67099027690202,79.67505896331124,4.174561839993991,0.004459782554353975,0.027498049960160476
2024-02-07,68.31900024414062,70.22000122070312,67.5999984741211,70.0989990234375,495575000,61.00294990539551,53.413339920043946,61.568895871810156,81.84161730707092,4.408035105269214,-0.27453225024922745,-0.006533619445155516
2024-02-08,70.0739974975586,70.79399871826172,69.45500183105469,69.64099884033203,414422000,61.767499923706055,53.84131988525391,62.337667583097954,79.61046667307258,4.504186109265383,-0.1637552338193008,0.035783582028235145
2024-02-09,70.53299713134766,72.18499755859375,70.21199798583984,72.13300323486328,436637000,62.63305015563965,54.32755996704102,63.27055669278989,82.41892481801634,4.726980709575251,0.0536047796690331,0.0015942475512228575
2024-02-12,72.5999984741211,74.61100006103516,71.25,72.24800109863281,613710000,63.50995025634766,54.809720001220704,64.12555139810826,82.5384526516772,4.85683977633439,0.4055382388574491,-0.001660983622483946
2024-02-13,70.4000015258789,73.44999694824219,69.62000274658203,72.12799835205078,602580000,64.29725017547608,55.316879959106444,64.88768920324564,81.91261669189527,4.893659740292023,-0.01813560150559712,0.024567480233946386
2024-02-14,73.2020034790039,74.23600006103516,71.93800354003906,73.9000015258789,504917000,65.18960018157959,55.859580001831056,65.74600466254405,83.85885702208745,5.008095466771707,-0.1620747452620399,-0.016806554382767024
2024-02-15,73.86900329589844,73.9749984741211,72.4000015258789,72.65799713134766,420122000,65.9671501159668,56.40253997802734,66.40428965957297,77.55946212121549,4.9416035005835255,-0.16793849286120288,-0.0006193147447206253
2024-02-16,74.0999984741211,74.4020004272461,72.5009994506836,72.61299896240234,495327000,66.6232500076294,56.923479919433596,66.99559530746149,77.33280464446145,4.8296044879494815,0.1790075263851929,-0.043532088311558956
2024-02-20,71.9469985961914,71.95600128173828,67.73400115966797,69.4520034790039,704833000,67.11315021514892,57.40246002197266,67.22953894284647,63.331493477522706,4.434658562133762,0.4229650311814215,-0.02850894513838136
2024-02-21,68.00599670410156,68.88800048828125,66.24800109863281,67.47200012207031,673755000,67.4931001663208,57.81998001098633,67.25263048372493,56.43851023684919,3.916741588224923,-0.044092714160659296,0.16400880175582816
2024-02-22,75.0250015258789,78.57499694824219,74.22000122070312,78.53800201416016,865100000,68.35190029144287,58.440620040893556,68.32742777233781,73.68019396232211,4.349088935235429,0.28399789240896167,0.0035524118446886204
2024-02-23,80.79000091552734,82.39399719238281,77.56999969482422,78.81700134277344,829388000,69.21190032958984,59.08442008972168,69.32643477904597,73.96003694155765,4.660516701298448,-0.04128077678881059,0.003489114292523393
2024-02-26,79.69999694824219,80.64600372314453,78.50499725341797,79.09200286865234,503973000,70.11495056152344,59.7131201171875,70.256488882818,74.25064967275219,4.873338956531342,-0.39235556820209605,-0.004943691593901153
2024-02-27,79.38099670410156,79.4800033569336,77.16200256347656,78.70099639892578,391705000,70.92675037384033,60.3253800201416,71.06072769387589,73.00312470919032,4.953352014111331,-0.22276590214158298,-0.013189088223281922
2024-02-28,77.62000274658203,78.93299865722656,77.125,77.66300201416016,393110000,71.67120056152343,60.911640090942385,71.68951572437915,69.65723984331889,4.876788880221341,0.00358688298592047,0.01865750048259016
2024-02-29,79.09400177001953,79.98999786376953,78.3499984741211,79.11199951171875,507289000,72.55045051574707,61.51608009338379,72.39641894222102,71.61312960263291,4.8768171212213645,0.29045051003535916,0.04003185150724711
2024-03-01,80.0,82.30000305175781,79.43499755859375,82.27899932861328,479135000,73.51305046081544,62.16012008666992,73.33761707425838,75.3527150481602,5.073901145902752,-0.05549893650364979,0.03595085267495222
2024-03-04,84.12999725341797,87.69499969482422,83.71900177001953,85.23699951171875,615616000,74.4669002532959,62.872780075073244,74.47089159211174,78.23653902614895,5.406455297842143,0.2848487378296305,0.008529129129989266
2024-03-05,85.2699966430664,86.09700012207031,83.41699981689453,85.96399688720703,520639000,75.29850006103516,63.62984001159668,75.56547304878748,78.89027380857047,5.663385489026297,-0.15427961586443495,0.03182727839685083
2024-03-06,88.02200317382812,89.7239990234375,87.02999877929688,88.69999694824219,582520000,76.32234992980958,64.42403991699219,76.81638008683079,81.18130535849657,6.018400481415227,0.11885586750128208,0.04474635745856344
2024-03-07,90.15799713134766,92.76699829101562,89.60199737548828,92.66899871826172,608119000,77.45084991455079,65.30081985473633,78.3261532898242,83.90945988283816,6.544575896064373,0.04394527226532996,-0.05547700861603165
2024-03-08,95.13800048828124,97.4000015258789,86.50599670410156,87.52799987792969,1142269000,78.34519996643067,66.06579986572265,79.20251963154854,69.79525911759376,6.472131360209559,0.8783642675200085,-0.02003927663354099
2024-03-11,86.42900085449219,88.7969970703125,84.16600036621094,85.77400207519531,678364000,79.02724990844726,66.79293991088868,79.82837510237205,65.73275845116251,6.201696285344951,-0.40612587752972373,0.07157180253269492
2024-03-12,88.04900360107422,91.95999908447266,86.1500015258789,91.91300201416016,668075000,80.01049995422363,67.64075996398925,80.97929195111378,71.8980922236267,6.4088631444955695,-0.015167373268628603,-0.011151866476094516
2024-03-13,91.05500030517578,91.50399780273438,88.43499755859375,90.88800048828124,635713000,80.94850006103516,68.46807998657226,81.92297847846307,69.64500006362394,6.416371380859758,-0.048440669086554644,-0.03239151734359256
2024-03-14,89.5770034790039,90.64600372314452,86.5999984741211,87.94400024414062,602318000,81.65069999694825,69.26360000610352,82.4964091228133,63.49081560942676,6.114283838525779,-0.05253156691777583,-0.0012167090194184157
2024-03-15,86.93000030517578,89.5459976196289,86.25700378417969,87.83699798583984,642086000,82.40965003967285,70.0689599609375,83.00503663357773,63.271973078483654,5.799391323630132,0.06602492371139501,0.007035803356058136
2024-03-18,90.38800048828124,92.40499877929688,87.08499908447266,88.45500183105469,668976000,83.20175018310547,70.87809997558594,83.52408093809935,64.04285687726981,5.535890186237538,0.04187912522621584,0.01066079672077926
2024-03-19,86.69999694824219,90.54399871826172,85.01000213623047,89.39800262451172,672171000,84.19905014038086,71.68412002563477,84.083502051091,65.2416814698801,5.3415814930434635,0.004775956088110878,0.010895087080731294
2024-03-20,89.7969970703125,90.41000366210938,88.2229995727539,90.37200164794922,479063000,85.3440502166748,72.44650009155274,84.6824067746013,66.48460926004225,5.206170541635217,-0.28728999019594714,0.011762447342767999
2024-03-21,92.3000030517578,92.64800262451172,90.40499877929688,91.43499755859376,480372000,85.98889999389648,73.21240005493163,85.32551065879106,67.83640024057442,5.125547156148727,0.002732417239486251,0.03121347386071821
2024-03-22,91.14099884033205,94.77799987792967,90.83399963378906,94.28900146484376,586719000,86.7625,74.0111801147461,86.1791764498437,71.19557168869187,5.231639719515158,0.22138467687542152,0.007561830387919454
2024-03-25,93.94100189208984,96.76599884033205,93.51000213623048,95.0019989013672,552136000,87.55799980163575,74.8147801208496,87.01944525475069,71.98281698905,5.312018136239843,-0.05894303746768048,-0.025694216125117013
2024-03-26,95.85099792480467,96.375,92.5019989013672,92.56099700927734,513648000,88.25099983215333,75.5718000793457,87.54721208851514,65.393364512831,5.119733062381755,-0.06970746337858791,-0.02496728734507596
2024-03-27,93.11199951171876,93.23999786376952,89.12300109863281,90.25,586067000,88.8803497314453,76.24916007995606,87.8046204610375,59.811008055560485,4.726384789389556,0.14098954926330864,0.0011745463447889386
2024-03-28,90.0,91.3000030517578,89.19300079345703,90.3560028076172,435212000,89.44254989624024,76.93522010803223,88.04760925594985,59.9797667534112,4.372800072531618,-0.2574023106573139,7.742877692407448e-05
2024-04-01,90.29900360107422,92.2249984741211,89.2040023803711,90.36299896240234,452441000,89.84674987792968,77.6003401184082,88.26812256132628,59.99170761852779,4.046500627824855,0.03958760328299782,-0.010081510063399718
2024-04-02,88.447998046875,90.09400177001952,87.62000274658203,89.4520034790039,433064000,90.05750007629395,78.19956016540527,88.38087312491463,57.58242564932681,3.672066943093199,-0.04282768360957556,-0.0054555132676421215
2024-04-03,88.48400115966797,90.3740005493164,88.4000015258789,88.96399688720703,370067000,90.20750007629394,78.78576011657715,88.43640872132343,56.278557983950705,3.297931001087804,-0.14546810633070406,-0.034384674867840144
2024-04-04,90.40599822998048,90.63400268554688,85.87999725341797,85.90499877929688,434965000,90.06775016784668,79.30640007019043,88.19532206017804,48.816652279370054,2.7231986504401675,0.17536824412876584,0.024480583033000762
2024-04-05,86.86599731445312,88.48100280761719,85.9260025024414,88.00800323486328,399678000,89.83470039367675,79.83932014465331,88.17748217205283,53.391892796763855,2.4096372080640975,-0.0811260676146357,-0.009942277609286556
2024-04-08,88.69999694824219,88.83000183105469,86.73200225830078,87.13300323486328,283220000,89.81495056152343,80.3496401977539,88.07800798755859,51.33572986263069,2.0667085884467866,-0.2913795605462397,-0.02041714266651151
2024-04-09,87.44200134277344,87.63500213623047,83.02200317382812,85.35399627685547,501700000,89.79395027160645,80.83610015869141,87.81857830082497,47.34365846012553,1.6325649999203904,0.7714144481321941,0.019741374293978854
2024-04-10,83.9260025024414,87.4000015258789,83.70899963378906,87.03900146484375,431929000,89.55025024414063,81.32758018493652,87.74433288787438,51.21344484276903,1.4082356506874305,-0.13906916483954557,0.041096471574920045
2024-04-11,87.41999816894531,90.73899841308594,86.9260025024414,90.61599731445312,431637000,89.53665008544922,81.88442016601563,88.01782473802473,58.23108896072208,1.5017751667764685,-0.0006760370338643185,-0.026816460417505107
2024-04-12,89.6989974975586,90.1750030517578,87.52999877929688,88.18599700927734,426805000,89.54874992370605,82.41760009765625,88.0338411448107,52.686572134612554,1.3641006873247647,-0.011194591751865546,-0.0247771486709379
2024-04-15,89.0979995727539,90.61299896240234,85.92900085449219,86.0009994506836,443077000,89.45694999694824,82.877080078125,87.84023717394145,48.23887434551068,1.0663889601477194,0.03812513911505255,0.016441686420802525
2024-04-16,86.43299865722656,88.11799621582031,86.06400299072266,87.41500091552734,370453000,89.40494995117187,83.30218002319336,87.79973848266391,51.11491667116423,0.9337842883566907,-0.16390830487703045,-0.0386661009897397
2024-04-17,88.33999633789062,88.7750015258789,83.94999694824219,84.03500366210938,495400000,89.13680000305176,83.59624008178712,87.44119230927777,44.718587450724264,0.549620912312065,0.3372816524633355,0.007568202889319265
2024-04-18,84.97000122070312,86.19000244140625,82.4020004272461,84.6709976196289,447260000,88.85174980163575,83.92520004272461,87.17736424359693,46.085712827495804,0.29310928481640985,-0.09717400080742833,-0.10004607137666373
2024-04-19,83.1500015258789,84.3239974975586,75.60600280761719,76.19999694824219,875198000,88.08999977111816,84.04722000122071,86.13190069165837,34.01842183645839,-0.5869509815636462,0.9567991772123596,0.04354331924331622
2024-04-22,78.10399627685547,80.072998046875,76.4000015258789,79.51799774169922,596341000,87.35144958496093,84.24475997924804,85.50200517261464,40.58128275573091,-1.0050841642173793,-0.3186216147660301,0.03653259465527883
2024-04-23,80.76899719238281,82.76899719238281,80.26399993896484,82.4229965209961,438559000,86.72249946594238,84.4505598449707,85.20876625341288,45.675960410264395,-1.0894896421450113,-0.26458351849025974,-0.03331587886605882
2024-04-24,83.94999694824219,84.08200073242188,79.18299865722656,79.677001953125,512208000,86.07829971313477,84.59913986206055,84.68193155814737,42.009248769087,-1.362257151438186,0.16793407500473134,0.03708726180225949
2024-04-25,78.86799621582031,83.322998046875,78.2229995727539,82.63200378417969,424641000,85.69739990234375,84.80921997070313,84.48670034157902,46.94505084277653,-1.3247129496727865,-0.170959844438197,0.061755695039176446
2024-04-26,83.81800079345703,88.33100128173828,83.38700103759766,87.73500061035156,551011000,85.56634979248047,85.08591995239257,84.79606227193831,54.19542020701049,-0.873124863014695,0.29759255465204726,0.0002507912882550196
2024-04-29,87.59500122070312,87.99199676513672,85.26599884033203,87.75700378417969,388971000,85.43605003356933,85.38790008544922,85.07805670167558,54.22446794676598,-0.5076111531850103,-0.2940776136955524,-0.01544040131846281
2024-04-30,87.23999786376953,88.81900024414062,86.30000305175781,86.4020004272461,363709000,85.28354988098144,85.6636801147461,85.20414658030134,52.0359667233835,-0.32354670639935534,-0.06494571574744645,-0.03889956302418312
2024-05-01,85.0770034790039,86.0,81.25499725341797,83.04100036621094,559863000,84.98740005493164,85.93546005249023,84.99813265514987,46.97186805141362,-0.44376349277351324,0.539315771674608,0.033429281491315514
2024-05-02,84.4489974975586,86.23699951171875,83.19999694824219,85.81700134277344,377898000,84.98300018310547,86.3023600769043,85.07612014920926,51.19646776579474,-0.3114459284944502,-0.3250170130907025,0.03463183373419726
2024-05-03,87.78900146484375,89.28099822998047,87.04000091552734,88.78900146484375,398341000,85.0220500946045,86.50738006591797,85.4297278935554,55.302101765668894,0.032853551017481664,0.05409660807942873,0.03774113763551586
2024-05-06,89.38999938964844,92.22000122070312,89.05500030517578,92.13999938964844,376203000,85.27239990234375,86.77384002685547,86.06880136937379,59.444819412001415,0.5695455298101848,-0.05557549938369388,-0.017212921051249934
2024-05-07,91.0979995727539,91.78099822998048,89.01100158691406,90.5540008544922,437342000,85.53240013122559,87.00307998657226,86.49596322509935,56.763310443446514,0.8570217493668224,0.16251598206287565,-0.0015681062092862234
2024-05-08,89.48300170898438,91.19400024414062,89.41999816894531,90.41200256347656,325721000,85.70105018615723,87.23730010986328,86.86891935256384,56.51749274500769,1.06115827709381,-0.2552258872918677,-0.01841570663539255
2024-05-09,90.52899932861328,91.0719985961914,88.23100280761719,88.74700164794922,378013000,85.60760040283203,87.45898010253906,87.04778433307673,53.587126235117765,1.0761807454179717,0.16054230461038732,0.012744055383280634
2024-05-10,90.30500030517578,91.4010009765625,89.22699737548828,89.87799835205078,335325000,85.6922004699707,87.6743000793457,87.31732852535998,55.28318713886537,1.1659082768205735,-0.11292733318695392,0.005796788231795969
2024-05-13,90.47799682617188,90.9980010986328,88.52899932861328,90.39900207519533,289680000,85.91210060119629,87.83670013427735,87.61082124439191,56.07941121928083,1.2644824713404574,-0.1361216730038023,0.010586408151119041
2024-05-14,89.5989990234375,91.6510009765625,88.93399810791016,91.3560028076172,296507000,86.10915069580078,87.95908020019532,87.96750520279433,57.57377051423552,1.4036448477376666,0.023567384700359018,0.03583775937193007
2024-05-15,92.47200012207033,94.86199951171876,91.5989990234375,94.62999725341795,417735000,86.6389003753662,88.13240020751954,88.60202825523467,62.29964967985137,1.7578525930388196,0.40885375387427625,-0.0028637440728680975
2024-05-16,94.91000366210938,95.81900024414062,94.10299682617188,94.35900115966795,323952000,87.12330055236816,88.24558029174804,89.15031138899022,61.687140514953185,1.9937153536104972,-0.22450357283924016,-0.019923959131691673
2024-05-17,94.36900329589844,94.73999786376952,91.80599975585938,92.47899627685548,359691000,87.93725051879883,88.24178024291992,89.46732899735834,57.46610162811956,2.0058158123683967,0.11032189954067273,0.024881352470055504
2024-05-20,93.75,95.1999969482422,93.44000244140624,94.77999877929688,318764000,88.70035057067871,88.38682022094727,89.97329754801915,60.98494350130483,2.1759936840986285,-0.11378377551843111,0.006393783661343102
2024-05-21,93.5989990234375,95.4000015258789,93.18000030517578,95.38600158691406,328946000,89.3485008239746,88.57906021118164,90.48879317077105,61.8794146796011,2.332868380972414,0.03194212646346517,-0.004570949944626633
2024-05-22,95.45899963378906,96.0199966430664,93.2490005493164,94.9499969482422,548648000,90.11215057373047,88.63980010986329,90.9136697210064,60.79938801994054,2.394409515541028,0.667896858450931,0.09319649223006993
2024-05-23,102.02799987792967,106.31999969482422,101.5199966430664,103.79900360107422,835065000,91.17050056457519,88.89802017211915,92.14084437625095,71.6242744572577,3.121242450650726,0.5220414546302912,0.02572277263090863
2024-05-24,104.4489974975586,106.4749984741211,103.0,106.46900177001952,429494000,92.1072006225586,89.26852020263672,93.5054307947051,73.96074436699973,3.868120046328883,-0.48567596534401514,0.06980434758462957
2024-05-28,110.24400329589844,114.93900299072266,109.88300323486328,113.9010009765625,652728000,93.41440048217774,89.78980026245117,95.4478660501201,79.11558179508336,5.002065449204608,0.5197604623114642,0.008112272620587708
2024-05-29,113.0500030517578,115.49199676513672,110.9010009765625,114.8249969482422,557442000,94.83555030822754,90.31720016479493,97.29330708803649,79.6548398336726,5.907189697640604,-0.14598117439423464,-0.03766598792240082
2024-05-30,114.6500015258789,115.81900024414062,109.66300201416016,110.5,484553000,96.208500289917,90.73924011230469,98.55108736536634,70.48108296440807,6.204000224645043,-0.1307562042329068,-0.00784612457137302
2024-05-31,112.5199966430664,112.71700286865234,106.94000244140624,109.63300323486328,613263000,97.39930038452148,91.12446014404297,99.60650792436606,68.77123215677466,6.29668109246218,0.2656262576023676,0.04895420728044066
2024-06-03,113.62100219726562,115.0,112.00299835205078,115.0,438392000,98.7098503112793,91.5957601928711,101.07255478871215,73.11868344264047,6.725673752586658,-0.2851484599592671,0.012495621390964674
2024-06-04,115.71600341796876,116.5999984741211,114.04499816894533,116.43699645996094,403324000,99.92470016479493,92.03872009277343,102.5358349478787,74.15608576170223,7.099765454588905,-0.0799923356265625,0.05155582988186702
2024-06-05,118.37100219726562,122.4489974975586,117.46800231933594,122.44000244140624,528402000,101.51900024414063,92.58748016357421,104.43146994726227,77.97927694162018,7.790820507901529,0.3101179200841011,-0.011777207726400597
2024-06-06,124.0479965209961,125.58699798583984,118.31999969482422,120.9980010986328,664696000,103.04830017089844,93.15622024536133,106.00923481882137,75.10506669956698,8.128429681781043,0.2579361925200889,-0.0009091109716919567
2024-06-07,119.7699966430664,121.69200134277344,118.02200317382812,120.88800048828124,412386000,104.65535011291504,93.76898025512695,107.42626012067468,74.87833636495674,8.2915316390457,-0.379587059347431,0.0074614554265338105
2024-06-10,120.37000274658205,123.0999984741211,117.01000213623048,121.79000091552734,313434100,106.25095024108887,94.39766021728515,108.79423543447018,75.53065395161636,8.396782133787852,-0.23994970731305132,-0.00722552957387962
2024-06-11,121.7699966430664,122.87000274658205,118.73999786376952,120.91000366210938,222551200,107.77650032043456,95.0086003112793,109.94811812281677,73.52477980729488,8.313354311631826,-0.28995855907190693,0.03548087963111376
2024-06-12,123.05999755859376,126.87999725341795,122.56999969482422,125.1999969482422,299595000,109.46870002746581,95.72356018066407,111.40067801095252,76.76440136777572,8.495473239473085,0.34618460830586395,0.03522367228117793
2024-06-13,129.38999938964844,129.8000030517578,127.16000366210938,129.61000061035156,260704500,111.2177001953125,96.53648025512695,113.13489921089528,79.53646041423906,8.893139663226691,-0.1298102438291694,0.01751411358514907
2024-06-14,129.9600067138672,132.83999633789062,128.32000732421875,131.8800048828125,309320400,113.09375038146973,97.45598037719726,114.92014737012549,80.80583621584915,9.284438317096331,0.1864789445521653,-0.006824454973846705
2024-06-17,132.99000549316406,133.72999572753906,129.5800018310547,130.97999572753906,288504400,115.0188003540039,98.31542022705078,116.44965673749822,78.7208454081446,9.413410169512602,-0.06729591711377592,0.03511991337275983
2024-06-18,131.13999938964844,136.3300018310547,130.69000244140625,135.5800018310547,294335100,117.0588005065918,99.28436019897461,118.27159436545598,81.36713419128814,9.77413321690537,0.020210090383370183,-0.03540347386732642
2024-06-20,139.8000030517578,140.75999450683594,129.52000427246094,130.77999877929688,517768400,118.82850036621093,100.19288024902343,119.46287097629798,71.39035829857885,9.56245862920214,0.7591119781500746,-0.03219145988506555
2024-06-21,127.12000274658205,130.6300048828125,124.3000030517578,126.56999969482422,649445800,120.40950050354004,100.98350021362305,120.13974037806238,63.98043738622624,8.951802445440237,0.2543171811952989,-0.06684047645469504
2024-06-24,123.23999786376952,124.45999908447266,118.04000091552734,118.11000061035156,476060900,121.1250503540039,101.53338027954102,119.94643182875659,52.245166329203975,7.696481548911692,-0.2669736258206612,0.06756409860554745
2024-06-25,121.1999969482422,126.5,119.31999969482422,126.08999633789062,414192600,122.10610008239746,102.29146026611328,120.53153321057887,59.745453398778515,7.26183969030798,-0.12995879308718694,0.0024586025615984833
2024-06-26,126.12999725341795,128.1199951171875,122.5999984741211,126.4000015258789,362975900,122.73105010986328,103.09944030761719,121.09043495489315,60.00822727737023,6.863282070326264,-0.12365430961345036,-0.019066484438419642
2024-06-27,124.0999984741211,126.41000366210938,122.91999816894533,123.98999786376952,252571700,123.18930015563964,103.83094024658203,121.36658380335757,56.89864128211417,6.28055678167857,-0.3041639954608557,-0.003629300395154411
2024-06-28,124.58000183105467,127.70999908447266,122.75,123.54000091552734,315516700,123.84130020141602,104.6210401916504,121.5735759092785,56.31187077156252,5.7165351404945,0.24921636113626344,0.0061518708968613285
2024-07-01,123.47000122070312,124.83999633789062,118.83000183105467,124.3000030517578,284885500,124.57465019226075,105.41362030029296,121.83323563713367,57.11622858312913,5.2701190947020535,-0.09708265838226626,-0.013113474197854582
2024-07-02,121.12999725341795,123.41000366210938,121.02999877929688,122.66999816894533,218374000,124.95815010070801,106.34302032470703,121.91292730683001,54.78643392920001,4.730275716666512,-0.23346748079491586,0.04573245858066504
2024-07-03,121.66000366210938,128.27999877929688,121.36000061035156,128.27999877929688,215749000,125.5503002166748,107.31826034545898,122.51931506611257,60.724422857086374,4.700936643342871,-0.012020661800397514,-0.019098822665701544
2024-07-05,127.37999725341795,128.85000610351562,125.68000030517578,125.83000183105467,214176700,125.71980018615723,108.18640045166016,122.83461856753563,57.19184266738432,4.42893691032819,-0.007287635168645057,0.01883489694587768
2024-07-08,127.48999786376952,130.77000427246094,127.04000091552734,128.1999969482422,237677300,126.0798999786377,109.1568603515625,123.34560698474577,59.63791246057711,4.354418930444723,0.10972528757796707,0.02480505468228808
2024-07-09,130.35000610351562,133.82000732421875,128.64999389648438,131.3800048828125,285366600,126.60450019836426,110.13182037353516,124.1107877369426,62.71632264491525,4.500088736650511,0.20064726416868583,0.026868615071566945
2024-07-10,134.02999877929688,135.10000610351562,132.4199981689453,134.91000366210938,248978600,127.26050033569337,111.07532043457032,125.13928449172039,65.83167774629597,4.844529783887836,-0.1275131707775191,-0.05566675511357737
2024-07-11,135.75,136.14999389648438,127.0500030517578,127.4000015258789,374782700,127.58500022888184,111.8681803894043,125.35459087592596,55.25374659866253,4.460094197107949,0.5052807751348911,0.01444273112439009
2024-07-12,128.25999450683594,131.9199981689453,127.22000122070312,129.24000549316406,252680500,127.78700065612793,112.72494049072266,125.72463036328197,57.07366937782725,4.254851883521297,-0.3257946538087271,-0.006190057395193529
2024-07-15,130.55999755859375,131.38999938964844,127.18000030517578,128.44000244140625,208326200,127.72850074768067,113.63292053222656,125.98323722786523,56.00708113909205,3.9817432532659325,-0.17553511252352283,-0.01619434593209055
2024-07-16,128.44000244140625,129.0399932861328,124.58000183105467,126.36000061035156,214769500,127.45250053405762,114.44378051757812,126.01911945476868,53.22217616765264,3.5564671917194346,0.030928899005501886,-0.06623933765552993
2024-07-17,121.3499984741211,121.8499984741211,116.72000122070312,117.98999786376952,390086200,126.80300064086914,115.02780044555664,125.25444120800685,43.78683582426156,2.5150516287665567,0.816301662945623,0.026273400544513492
2024-07-18,121.8499984741211,122.4000015258789,116.55999755859376,121.08999633789062,320979500,126.07850036621093,115.60680038452148,124.85782741085292,47.49920681099531,1.917759523206115,-0.17715751031438687,-0.02609626004031879
2024-07-19,120.3499984741211,121.5999984741211,117.37000274658205,117.93000030517578,217223800,125.43600044250488,116.15432037353516,124.19803435316938,44.28840762448261,1.1758613578557942,-0.32324712325865046,0.047570597776936896
2024-07-22,120.3499984741211,124.06999969482422,119.86000061035156,123.54000091552734,258068900,125.28450050354004,116.81688034057618,124.13536450196537,50.664406066349564,1.0287233982748347,0.18803234268068225,-0.00768985406019465
2024-07-23,122.77999877929688,124.69000244140624,122.0999984741211,122.58999633789062,173911000,125.508500289917,117.493740234375,123.9881865815773,49.628591409132056,0.825937185591954,-0.326106322768842,-0.0680316223756413
2024-07-24,119.16999816894533,119.9499969482422,113.44000244140624,114.25,327776900,124.91650047302247,117.98118026733398,123.0607402404747,41.589799784635936,-0.007652144012325834,0.884739320687018,-0.01724289908711707
2024-07-25,113.04000091552734,116.62999725341795,106.3000030517578,112.27999877929688,460067000,124.21050033569335,118.41880020141602,122.03400295845776,39.94393196301313,-0.817813087729732,0.40359799607598945,0.006946907621811552
2024-07-26,116.19000244140624,116.1999969482422,111.58000183105467,113.05999755859376,293399100,123.66400032043457,118.85288009643554,121.17933577751833,40.94050687788833,-1.3810126357384434,-0.36226875650720436,-0.01300195694716255
2024-07-29,113.69000244140624,116.27999877929688,111.3000030517578,111.58999633789062,248152100,123.06650009155274,119.192080078125,120.26606535469665,39.60658941442763,-1.9237928617758513,-0.15421656030983055,-0.0704363584452252
2024-07-30,111.5199966430664,111.98999786376952,102.54000091552734,103.7300033569336,486833300,122.03800010681152,119.37950012207031,118.69120230729064,33.349720119126076,-2.9541324463341994,0.9618342943702674,0.12812101471164633
2024-07-31,112.9000015258789,118.33999633789062,110.87999725341795,117.0199966430664,473174200,121.75550003051758,119.87032012939453,118.53203986307881,48.239156761027964,-2.667542827976618,-0.028057037182953604,-0.06674070913209604
2024-08-01,117.52999877929688,120.16000366210938,106.80999755859376,109.20999908447266,523462300,120.80200004577637,120.15892013549805,117.6442264555925,42.26389871409384,-3.0356272019947994,0.10627819521858961,-0.017763963535112576
2024-08-02,103.76000213623048,108.72000122070312,101.37000274658205,107.2699966430664,482027500,119.87399978637696,120.3966000366211,116.65620456868525,40.90838065466629,-3.44417638263981,-0.07915527058968719,-0.06357788671810337
2024-08-05,92.05999755859376,103.41000366210938,90.69000244140624,100.4499969482422,552842400,118.48649978637695,120.5066000366211,115.11275622388115,36.47897787064364,-4.269060458428683,0.14691049784503996,0.0378297975829286
2024-08-06,103.83999633789062,107.70999908447266,100.5500030517578,104.25,409012100,117.12999954223633,120.51561996459961,114.07820801208294,40.354203567981926,-4.563552747770586,-0.2601651031107599,-0.05122298645458633
2024-08-07,107.80999755859376,108.8000030517578,98.69000244140624,98.91000366210938,411440400,115.32999954223632,120.36444000244141,112.63361712160926,36.943390118648985,-5.168256639619244,0.005936988172232649,0.06126779227807495
2024-08-08,102.0,105.5,97.5199966430664,104.97000122070312,391910000,114.20849952697753,120.18582000732422,111.90374894057058,42.847083048892216,-5.099711374830861,-0.04746835750694389,-0.0020958485104764805
2024-08-09,105.63999938964844,106.5999984741211,103.43000030517578,104.75,290844200,112.98399925231934,119.98432006835938,111.2224395176591,42.690816891750806,-5.00544140578117,-0.25788012553902684,0.040763691103259246
2024-08-12,106.31999969482422,111.06999969482422,106.26000213623048,109.0199966430664,325559900,112.01299896240235,119.9547200012207,111.01268305341218,46.75010219131712,-4.533914587782178,0.11936184390130533,0.06530914479747288
2024-08-13,112.44000244140624,116.2300033569336,111.58000183105467,116.13999938964844,312646700,111.50199890136719,120.0848599243164,111.50099889495849,52.75883960782974,-3.544838775231895,-0.039664590141476275,0.01670399906665703
2024-08-14,118.52999877929688,118.5999984741211,114.06999969482422,118.08000183105467,339246400,111.50649909973144,120.1464599609375,112.12757060315812,54.27290575901314,-2.574766775483667,0.08507910046707678,0.04048101884463017
2024-08-15,118.76000213623048,123.23999786376952,117.47000122070312,122.86000061035156,318086700,111.59499931335449,120.27492004394531,113.1497067943194,57.85685179417549,-1.4040863400049943,-0.06237265892873145,0.013999684292352122
2024-08-16,121.94000244140624,125.0,121.18000030517578,124.58000183105467,302589900,111.92749938964843,120.31772003173828,114.23830632162752,59.099094437096255,-0.333677510100884,-0.0487187927065168,0.04350616543011045
2024-08-19,124.27999877929688,130.0,123.41999816894533,130.0,318333600,112.25049934387206,120.49776000976563,115.73942000528204,62.81840576657041,0.9411290055529662,0.05202982650775856,-0.021153846153846155
2024-08-20,128.39999389648438,129.8800048828125,125.88999938964844,127.25,300087400,112.48349952697754,120.625,116.8356657190647,59.84485951109541,1.7098107029392793,-0.05731785774420295,0.009823182711198428
2024-08-21,127.31999969482422,129.35000610351562,126.66000366210938,128.5,257883600,113.19599952697754,120.75919998168945,117.9465546982014,60.75423366066125,2.3922842755018934,-0.14063836069091873,-0.03704281818078197
2024-08-22,130.02000427246094,130.75,123.0999984741211,123.73999786376952,376189100,113.76899948120118,120.81579986572265,118.49831119016027,55.59137007277177,2.5200080234741478,0.45875542298928673,0.04549860474069411
2024-08-23,125.86000061035156,129.60000610351562,125.22000122070312,129.3699951171875,323230300,114.58449935913086,120.89919982910156,119.53370965940096,59.92879728365635,3.040475036847866,-0.14077707195663036,-0.02249359312473403
2024-08-26,129.57000732421875,131.25999450683594,124.37000274658205,126.45999908447266,331964700,115.32799949645997,120.83619979858399,120.19335627131254,56.83866149202344,3.181462614096759,0.02702221914220293,0.014550086830667077
2024-08-27,125.0500030517578,129.1999969482422,123.87999725341795,128.3000030517578,303134600,116.55649948120117,120.76459976196288,120.96541786945018,58.30272762585098,3.402447925695185,-0.08684688462357593,-0.02096650333142291
2024-08-28,128.1199951171875,128.3300018310547,122.63999938964844,125.61000061035156,448101100,116.98599967956542,120.65719985961914,121.40775908286936,55.34690913853815,3.3222231411578917,0.4782248545695542,-0.063848453415261
2024-08-29,121.36000061035156,124.43000030517578,116.70999908447266,117.58999633789062,453023300,117.40499954223633,120.29739974975585,121.04416263096662,47.598864881724815,2.5817364518664476,0.010984574686382143,0.015137396582415362
2024-08-30,119.52999877929688,121.75,117.22000122070312,119.37000274658205,333751600,118.0099998474121,120.06919982910156,120.88471883245381,49.2954562344049,2.114156378022429,-0.26327939423866276,-0.09525008364723025
2024-09-03,116.01000213623048,116.20999908447266,107.29000091552734,108.0,477155100,118.3875,119.69779983520507,119.6576027531725,40.3162090051863,0.8167169970438266,0.4296713483920376,-0.01657408255117911
2024-09-04,105.41000366210938,113.2699966430664,104.12000274658205,106.20999908447266,372470300,118.48549995422363,119.4597998046875,118.37687859424871,39.10844804360534,-0.351894750511903,-0.2193936520850348,0.009415309374069985
2024-09-05,104.98999786376952,109.6500015258789,104.76000213623048,107.20999908447266,306850700,118.9004997253418,119.08219985961914,117.31336625998432,40.18648111272702,-1.183691478648015,-0.1761740466286842,-0.040854372640810356
2024-09-06,108.04000091552734,108.1500015258789,100.9499969482422,102.83000183105467,413638100,118.79349975585937,118.61079986572265,115.93399821913388,37.08919734565199,-2.171296200638153,0.3480109382184886,0.03539822352263317
2024-09-09,104.87999725341795,106.5500030517578,103.69000244140624,106.47000122070312,273912000,118.87949981689454,118.26039993286133,115.03266517166429,41.14866855654571,-2.6299461460358344,-0.3377979446284083,0.015309450875642661
2024-09-10,107.80999755859376,109.4000015258789,104.9499969482422,108.0999984741211,268283700,118.83349990844727,117.9515998840332,114.3724112004697,42.924747740978844,-2.8292881041683415,-0.02054784018224831,0.08149866153881008
2024-09-11,109.38999938964844,117.19000244140624,107.41999816894533,116.91000366210938,441422400,118.87200012207032,117.80379989624024,114.61408667300681,51.45270546884231,-2.2504326648694786,0.645356762263231,0.019074464611122117
2024-09-12,116.83999633789062,120.79000091552734,115.37999725341795,119.13999938964844,366052700,118.925,117.7331999206543,115.04512597935363,53.35263236364953,-1.593376092682135,-0.1707428077958889,-0.00033574715236081543
2024-09-13,119.08000183105467,119.95999908447266,117.5999984741211,119.0999984741211,238358300,118.73699989318848,117.54959991455078,115.43130431218863,53.31232818354329,-1.0636210041137986,-0.34884157390452253,-0.019479426738433798
2024-09-16,116.79000091552734,118.18000030517578,114.36000061035156,116.77999877929688,248772300,118.34699974060058,117.36859985351562,115.55975140429418,50.910170721818325,-0.8215208846902442,0.04369052808314211,-0.010190122057247506
2024-09-17,118.16999816894533,118.8000030517578,114.83000183105467,115.58999633789062,231925900,117.62649955749512,117.11639984130859,115.5626318741605,49.67380804562136,-0.7174082122661218,-0.0677181502924562,-0.01920575881687143
2024-09-18,115.88999938964844,117.6999969482422,113.22000122070312,113.37000274658205,310318900,116.93249969482422,116.75619979858398,115.35381005248637,47.36297353582024,-0.8047563683656733,0.3380088209208201,0.03969303952526956
2024-09-19,117.3499984741211,119.66000366210938,117.25,117.87000274658205,293506400,116.40099983215332,116.41539978027343,115.59344745192405,52.215560858182506,-0.5050461616816762,-0.054178137393500636,-0.01586495887849015
2024-09-20,117.05999755859376,118.62000274658205,115.38999938964844,116.0,382462400,116.01399993896484,116.18739974975585,115.632166742217,50.146665680455634,-0.4136489691445462,0.30308027354769784,0.002241397726124853
2024-09-23,116.5500030517578,116.98999786376952,114.86000061035156,116.26000213623048,206228500,115.35850028991699,115.92779968261719,115.6919605892659,50.44068992795022,-0.31658662259542325,-0.4607875179364037,0.039652507531779346
2024-09-24,116.5199966430664,121.8000030517578,115.37999725341795,120.87000274658205,354966800,115.07900047302246,115.7763996887207,116.18510746139125,55.45692501500774,0.13081653661036796,0.7212305767631535,0.02184164250565545
2024-09-25,122.0199966430664,124.94000244140624,121.61000061035156,123.51000213623048,284692900,114.8395004272461,115.71939971923828,116.88271647804261,58.074042088833636,0.690453532465952,-0.19797316256055497,0.004291140556473124
2024-09-26,126.8000030517578,127.66999816894533,121.8000030517578,124.04000091552734,302582900,114.76100044250488,115.84039978027344,117.56436261494592,58.59993785592452,1.163326254832711,0.06283964229525929,-0.021283451871677326
2024-09-27,123.97000122070312,124.02999877929688,119.26000213623048,121.4000015258789,271009200,114.9515007019043,115.8465998840332,117.9296615588443,54.90551748047519,1.3099550603066916,-0.10434727144197509,0.00032949682886785237
2024-09-30,118.30999755859376,121.5,118.1500015258789,121.44000244140624,226553700,115.05500068664551,115.91679992675782,118.26397973813592,54.95185969791554,1.4130978719844336,-0.16403686664511763,-0.0365612841909197
2024-10-01,121.7699966430664,122.44000244140624,115.79000091552734,117.0,302094500,115.5050006866455,115.78599990844727,118.1436007154563,48.93991996026456,1.1236158587766454,0.3334344131214806,0.015811952770265758
2024-10-02,116.44000244140624,119.37999725341795,115.13999938964844,118.8499984741211,221845900,116.13700065612792,115.71119995117188,118.210876692472,51.32923407936888,1.0315871984009704,-0.265640718384479,0.033655869174209346
2024-10-03,120.91999816894533,124.36000061035156,120.33999633789062,122.8499984741211,277118000,116.91900062561035,115.88319992065429,118.65269781453382,56.111322055151554,1.2668173112302838,0.2491463669150522,0.016849814574969552
2024-10-04,124.94000244140624,125.04000091552734,121.83000183105467,124.91999816894533,243678100,118.02350044250488,116.13599990844726,119.24958356257301,58.38979665994679,1.6018059244445908,-0.1206702559920323,0.02241436993915894
2024-10-07,124.98999786376952,130.63999938964844,124.9499969482422,127.72000122070312,346250200,119.08600044250488,116.42919998168945,120.05629000620445,61.31532026087476,2.0693692588758523,0.4209327797614968,0.04047915846799465
2024-10-08,130.25999450683594,133.47999572753906,129.4199981689453,132.88999938964844,285722500,120.32550048828125,116.8552000427246,121.27854804272292,66.0602422252494,2.8245327593418352,-0.1748091409044673,-0.0018060463109819075
2024-10-09,134.11000061035156,134.52000427246094,131.3800048828125,132.64999389648438,246191600,121.1125,117.43359985351563,122.36154288593829,65.65762650910608,3.3648509296614435,-0.13835417231754588,0.016283481051608414
2024-10-10,131.91000366210938,135.0,131.0,134.80999755859375,242311300,121.89599990844727,117.78939987182618,123.54710999761977,67.57309099267475,3.922139236380275,-0.01576130136040388,-7.41377272972169e-05
2024-10-11,134.00999450683594,135.77999877929688,133.66000366210938,134.8000030517578,170209500,122.68100013732911,118.30119995117188,124.61881409801387,67.55431562456491,4.313267103077578,-0.2975585538107385,0.024258191383017897
2024-10-14,136.47000122070312,139.60000610351562,136.3000030517578,138.07000732421875,232347700,123.7455005645752,118.91720016479492,125.8998801195572,70.4475268458169,4.8314073154945305,0.36506892976008976,-0.04686029461496398
2024-10-15,137.8699951171875,138.57000732421875,128.74000549316406,131.60000610351562,377831000,124.54600105285644,119.5402003479004,126.44274926088657,59.199377639908086,4.66617339803868,0.6261447821519215,0.031306952326026045
2024-10-16,133.97999572753906,136.6199951171875,131.5800018310547,135.72000122070312,264879700,125.6635009765625,120.16960037231445,127.3262970665834,63.22593574080083,4.8122014390322505,-0.29894661899103037,0.008915351047709462
2024-10-17,139.33999633789062,140.88999938964844,136.8699951171875,136.92999267578125,306435900,126.61650047302246,120.9300001525879,128.24093474364986,64.33902671167084,4.968294505298033,0.15688706986605627,0.007814265547740746
2024-10-18,138.6699981689453,138.89999389648438,137.27999877929688,138.0,176090200,127.71650047302246,121.59060012817383,129.17036952996892,65.33817418665211,5.119327611508922,-0.4253604097953275,0.041376860245414405
2024-10-21,138.1300048828125,143.7100067138672,138.0,143.7100067138672,264554500,129.0890007019043,122.36980026245118,130.55509688081636,70.14528262562767,5.634817588005319,0.5023805981252789,-0.0008350871224681544
2024-10-22,142.91000366210938,144.4199981689453,141.77999877929688,143.58999633789062,226311600,130.22500038146973,123.06120025634766,131.7965158767282,69.92578153953484,5.964903578481511,-0.14455584766087892,-0.028066013525159736
2024-10-23,142.02999877929688,142.42999267578125,137.4600067138672,139.55999755859375,285930000,131.0275001525879,123.52960021972656,132.53589508452492,62.817131909793126,5.834060465224297,0.2634350161458803,0.006090614204537752
2024-10-24,140.82000732421875,141.35000610351562,138.4600067138672,140.41000366210938,172354900,131.846000289917,123.97620025634765,133.285810187152,63.65636000617911,5.7328697897023915,-0.39721295421956426,0.008047785731440538
2024-10-25,140.92999267578125,144.1300048828125,140.8000030517578,141.5399932861328,205122100,132.85299987792968,124.34980010986328,134.07192286324542,64.79396462081868,5.678399118891349,0.19011469937901393,-0.007206366130100749
2024-10-28,143.0,143.13999938964844,140.0500030517578,140.52000427246094,173586700,133.80699996948243,124.6686001586914,134.68602585459928,62.88065309088885,5.489644921365937,-0.1537396506763532,0.005194959474407921
2024-10-29,140.2899932861328,142.25999450683594,138.89999389648438,141.25,157593600,135.0194999694824,124.89360015869141,135.31116624939935,63.7066672510905,5.337433799901959,-0.09213321066648539,-0.013522149820243363
2024-10-30,139.5399932861328,140.3300018310547,136.80999755859375,139.33999633789062,179418100,136.0439998626709,125.13540008544922,135.69486435306519,59.947783773917614,5.004989651351337,0.13848595374431438,-0.047222635309237426
2024-10-31,137.60000610351562,137.61000061035156,132.11000061035156,132.75999450683594,270039600,136.53949966430665,125.22059997558594,135.4153529391386,49.1817761346633,4.162590361532665,0.5050856073049486,0.019885503908427034
2024-11-01,134.6999969482422,137.30999755859375,134.57000732421875,135.39999389648438,207127800,137.0634994506836,125.45379989624024,135.41389017317152,52.841153680779705,3.665752232654853,-0.23297249736705283,0.004800658674847361
2024-11-04,137.2100067138672,138.9600067138672,135.57000732421875,136.0500030517578,187528200,137.47999954223633,125.58740005493163,135.4744723520845,53.72471594752716,3.2865692183404462,-0.09462563692560821,0.028371925937282733
2024-11-05,137.4499969482422,140.3699951171875,137.3300018310547,139.91000366210938,160537400,137.83099975585938,125.85640014648438,135.8969039054202,58.676112828552405,3.259955005463013,-0.14392928636866353,0.04074045314163528
2024-11-06,142.9600067138672,146.49000549316406,141.9600067138672,145.61000061035156,242043900,138.47900009155273,126.20260009765624,136.82196073446127,64.6851861122991,3.6566535410403276,0.5077103528523572,0.02245727806300462
2024-11-07,146.38999938964844,148.92999267578125,146.1699981689453,148.8800048828125,207323300,139.18250045776367,126.66800018310546,137.9703458914471,67.59630074008498,4.186641013258281,-0.1434475316254613,-0.008396023367838476
2024-11-08,148.77000427246094,149.77000427246094,146.25999450683594,147.6300048828125,175665800,139.8240005493164,127.2688003540039,138.89031341443427,65.37770372833711,4.454447254873401,-0.15269629607477786,-0.016053717385282603
2024-11-11,148.67999267578125,148.85000610351562,143.57000732421875,145.25999450683594,182325600,140.18349990844726,127.78660018920898,139.4969497089487,61.27151389884607,4.424443371389998,0.03791176199351276,0.020859141497174456
2024-11-12,146.77999877929688,149.64999389648438,146.00999450683594,148.2899932861328,198634700,141.01799926757812,128.59240005493163,140.3343824305853,64.35397338235809,4.592224352520503,0.0894504117907744,-0.013621883506152753
2024-11-13,149.07000732421875,149.3300018310547,145.89999389648438,146.27000427246094,191903300,141.545499420166,129.3936001586914,140.89967974885917,60.87540945728096,4.510204922372338,-0.03388833874443886,0.0033499023727536267
2024-11-14,147.63999938964844,149.0,145.5500030517578,146.75999450683594,194463300,142.03699951171876,130.18460006713866,141.45780496390458,61.42017295421831,4.433633878447182,0.01334005199493693,-0.03257017551247065
2024-11-15,144.8699951171875,145.24000549316406,140.0800018310547,141.97999572753906,250132900,142.2359992980957,130.96759994506837,141.50753741758405,53.582199706803166,3.9418061336793073,0.28627303969437934,-0.012889152599824542
2024-11-18,139.5,141.5500030517578,137.14999389648438,140.14999389648438,221205300,142.05799865722656,131.64119979858398,141.3782475584317,50.90394073563065,3.3655670863419687,-0.1156489210335786,0.04894756267644507
2024-11-19,141.32000732421875,147.1300048828125,140.99000549316406,147.00999450683594,227834900,142.22899856567383,132.41939971923827,141.91460441066067,59.14739287068117,3.4229802223154877,0.029970348811714675,-0.007618496422264817
2024-11-20,147.41000366210938,147.55999755859375,142.72999572753906,145.88999938964844,309871700,142.54549865722657,132.99899963378905,142.29321345627855,57.451340300616536,3.3396093625496803,0.36007126212884866,0.005346485588869085
2024-11-21,149.35000610351562,152.88999938964844,140.6999969482422,146.6699981689453,400946600,142.85849838256837,133.549599609375,142.71005009558016,58.34714019049981,3.2984542113659643,0.2939116414954963,-0.032181095518023256
2024-11-22,145.92999267578125,147.16000366210938,141.10000610351562,141.9499969482422,236406200,142.87899856567384,134.00659957885742,142.63766408154797,51.3076655751883,2.8520966113640327,-0.41037983611782713,-0.04177522228438965
2024-11-25,141.99000549316406,142.0500030517578,135.82000732421875,136.02000427246094,344941900,142.65399856567382,134.3913996887207,142.00741076639682,44.107680130882365,1.9968358667262862,0.4591068254555084,0.006616628938502326
2024-11-26,137.6999969482422,139.3000030517578,135.6699981689453,136.9199981689453,190287700,142.4374984741211,134.8179997253418,141.52289528092524,45.36088792387511,1.3757982053566877,-0.4483485479728615,-0.011539598686709932
2024-11-27,135.00999450683594,137.22000122070312,131.8000030517578,135.33999633789062,226370900,142.23749847412108,135.25739959716796,140.93404776254098,43.51619299184463,0.7475115929133835,0.18962444761274644,0.0215014315121174
2024-11-29,136.77999877929688,139.35000610351562,136.0500030517578,138.25,141863200,142.5119987487793,135.66499954223633,140.6784241661085,47.7321688523222,0.47888264062137864,-0.37331520968463705,0.0027486790800180833
2024-12-02,138.8300018310547,140.4499969482422,137.82000732421875,138.6300048828125,171682800,142.6734992980957,136.11759963989257,140.4833366153184,48.275111607246664,0.2932747895557384,0.21019968533065647,0.01175784149615597
2024-12-03,138.25999450683594,140.5399932861328,137.9499969482422,140.25999450683594,164414000,142.8839988708496,136.59759948730468,140.46206593832005,50.643454936927405,0.27454103249414175,-0.042338545270696915,0.034792564337186395
2024-12-04,142.0,145.7899932861328,140.2899932861328,145.13999938964844,231224300,143.14549865722657,137.082999420166,140.90758340987514,56.99251257206127,0.6460230535677738,0.4063540817691924,-0.0005512045706980575
2024-12-05,145.11000061035156,146.5399932861328,143.9499969482422,145.05999755859375,172621200,143.11799850463868,137.5139993286133,141.3030514240388,56.863372363239954,0.9233262225462227,-0.2534469776749243,-0.018061458439837707
2024-12-06,144.60000610351562,145.6999969482422,141.30999755859375,142.44000244140625,188505600,142.79599838256837,137.88199935913087,141.41133247331192,52.65540936450875,0.9210618444768102,0.09201882503423686,-0.02548444833329548
2024-12-09,138.97000122070312,139.9499969482422,137.1300048828125,138.80999755859375,189308600,142.35499801635743,138.23019927978515,141.1635862909578,47.41954819904227,0.619218288733947,0.004259820397908509,-0.026943233917976945
2024-12-10,139.00999450683594,141.82000732421875,133.7899932861328,135.07000732421875,210020900,141.84549865722656,138.50279937744142,140.58324543698265,42.70762217958238,0.07732775441280637,0.10941024338038519,0.03139105652224798
2024-12-11,137.36000061035156,140.1699981689453,135.2100067138672,139.30999755859375,184905200,141.3964988708496,138.94899932861327,140.46198373427896,48.906152503554395,-0.00987874528368593,-0.11958666970763387,-0.014141133122011167
2024-12-12,137.0800018310547,138.44000244140625,135.8000030517578,137.33999633789062,159211400,140.9499984741211,139.31879928588867,140.1646516012896,46.39458146515278,-0.2352414421927449,-0.13895661127972603,-0.02249888175538074
2024-12-13,138.94000244140625,139.60000610351562,132.5399932861328,134.25,231514900,140.3244987487793,139.54679931640624,139.60135144878583,42.691215416178665,-0.6556222779254028,0.45413519383662226,-0.01675977653631285
2024-12-16,134.17999267578125,134.39999389648438,130.4199981689453,132.0,237951100,139.82549896240235,139.68839935302734,138.87741321556814,40.17638080883527,-1.156996183095714,0.027800370516109396,-0.012196974320845171
2024-12-17,129.08999633789062,131.58999633789062,126.86000061035156,130.38999938964844,259410300,139.33749923706054,139.74179931640626,138.06908808929006,38.431804804411605,-1.6650584516976892,0.0901832351268812,-0.011350530979882482
2024-12-18,133.86000061035156,136.6999969482422,128.27999877929688,128.91000366210938,277444500,138.43249969482423,139.66219940185547,137.19679433432046,36.84782358286758,-2.1622002477941464,0.06951998436453755,0.013730424043049883
2024-12-19,131.75999450683594,134.02999877929688,129.5500030517578,130.67999267578125,209719200,137.67199935913087,139.6227993774414,136.57614655731672,40.0311401746999,-2.385862642530725,-0.2441039559263204,0.030762201544000847
2024-12-20,129.80999755859375,135.27999877929688,128.22000122070312,134.6999969482422,306528600,137.0734992980957,139.62059936523437,136.39746564216676,46.61325670338393,-2.213223293110559,0.46161438723779225,0.036896817619178
2024-12-23,136.27999877929688,139.7899932861328,135.1199951171875,139.6699981689453,176053500,136.95949935913086,139.71799926757814,136.70913540662187,53.42019898358172,-1.656275291849397,-0.42565391940588904,0.003937875413247496
2024-12-24,140.0,141.89999389648438,138.64999389648438,140.22000122070312,105157000,137.16949920654298,139.7609991455078,137.0435035793915,54.117403059338436,-1.1571702007854583,-0.40269861150161745,-0.0020682394979116285
2024-12-26,139.6999969482422,140.85000610351562,137.72999572753906,139.92999267578125,116205600,137.31999893188475,139.9275988769531,137.3184073028572,53.66130950636587,-0.7760809085121991,0.10506766073585205,-0.020867564652211255
2024-12-27,138.5500030517578,139.02000427246094,134.7100067138672,137.00999450683594,170582600,137.40349884033202,139.95339874267577,137.2890346556171,49.16809800121287,-0.7015967766639903,0.46793786185863673,0.0035034742396415136
2024-12-30,134.8300018310547,140.27000427246094,134.02000427246094,137.49000549316406,167734700,137.36549911499023,139.96459899902345,137.30817473538346,49.91059508026302,-0.5969533835525738,-0.016695137722135822,-0.02327450781279046
2024-12-31,138.02999877929688,138.07000732421875,133.8300018310547,134.2899932861328,155659200,137.14849853515625,139.8903988647461,137.02072888307387,45.17335024390858,-0.7634365606381266,-0.07199166302500315,0.02993524814537358
2025-01-02,136.0,138.8800048828125,134.6300048828125,138.30999755859375,198247200,137.05099868774414,139.78239868164061,137.14351637598054,51.412395473801865,-0.5644878649887346,0.27359770575719256,0.04453766011744557
2025-01-03,140.00999450683594,144.89999389648438,139.72999572753906,144.47000122070312,229322500,137.0174987792969,139.79999877929689,137.84127683738268,59.094009440659775,0.08921283387905987,0.15675025927226205,0.03433232791007507
2025-01-06,148.58999633789062,152.16000366210938,147.82000732421875,149.42999267578125,265377400,137.23599853515626,139.99739868164062,138.9449640600873,64.02578153983006,0.9960236646349472,0.15722356070599264,-0.062169535846055626
2025-01-07,153.02999877929688,153.1300048828125,140.00999450683594,140.13999938964844,351782200,137.12099838256836,139.9919985961914,139.05877694861692,51.50144671255584,0.9540552081893736,0.32559215667950614,-0.00021406293297794097
2025-01-08,142.5800018310547,143.9499969482422,137.55999755859375,140.11000061035156,227349900,137.18599853515624,139.9633987426758,139.15889348782974,51.46643633897688,0.9079084498543466,-0.3537197163472171,-0.029976425165555844
2025-01-10,137.4499969482422,139.9199981689453,134.22000122070312,135.91000366210938,207602500,137.22799835205078,139.87119873046876,138.84947540918972,46.68173953652892,0.5263645555741903,-0.08685906613550298,-0.019718989495675198
2025-01-13,129.99000549316406,133.49000549316406,129.50999450683594,133.22999572753906,204808900,136.92399826049805,139.71079864501954,138.31428686808013,43.87853836739452,0.007645890852501225,-0.013456485350609948,-0.011033560518228487
2025-01-14,136.0500030517578,136.3800048828125,130.0500030517578,131.75999450683594,195590500,136.6449981689453,139.55919860839845,137.69006854796163,42.37543882669794,-0.5161098086960862,-0.045009762759333216,0.03400129912798148
2025-01-15,133.64999389648438,136.4499969482422,131.2899932861328,136.24000549316406,185217300,136.7444984436035,139.628798828125,137.55196730464758,48.19937559909911,-0.5631983287071591,-0.05303529568153875,-0.019597754413473518
2025-01-16,138.63999938964844,138.75,133.49000549316406,133.57000732421875,209235600,136.82299880981446,139.59219909667968,137.1727330207972,45.26327099772857,-0.8066641361678251,0.129676331530586,0.030994977634457146
2025-01-17,136.69000244140625,138.5,135.4600067138672,137.7100067138672,201188800,137.1889991760254,139.62539916992188,137.22390194394674,50.316999687257365,-0.6579645851616931,-0.03845808265897388,0.02265627016975028
2025-01-21,139.16000366210938,141.8300018310547,137.08999633789062,140.8300018310547,197749000,137.78499908447264,139.64379913330077,137.56734002843322,53.780362115692895,-0.28507541664720293,-0.01709737321361826,0.04430877946483181
2025-01-22,144.66000366210938,147.7899932861328,143.6699981689453,147.07000732421875,237651400,138.60449981689453,139.67299926757812,138.47235596136517,59.81401697938775,0.5081011554800625,0.20178306843523863,0.0010198809343478883
2025-01-23,145.0500030517578,147.22999572753906,143.72000122070312,147.22000122070312,155915500,139.2305000305176,139.63979919433595,139.30546503368308,59.94936025454412,1.1357107902795747,-0.34393191035272674,-0.031245795852287626
2025-01-24,148.3699951171875,148.97000122070312,141.8800048828125,142.6199951171875,234657600,139.37799987792968,139.53959899902344,139.6211345654454,53.94853170621287,1.2475331136707837,0.5050306095288795,-0.16968165598629845
2025-01-27,124.8000030517578,128.39999389648438,116.6999969482422,118.41999816894533,818830900,138.2879997253418,139.00279907226562,137.60197871815967,34.42546415907087,-0.6095577925197802,2.4894710420629886,0.08925863441695808
2025-01-28,121.80999755859376,129.0,116.25,128.99000549316406,579666400,137.74100036621093,138.61679931640626,136.78179079196963,43.96397182520292,-1.2144055502240576,-0.29208045275282113,-0.04101099557827532
2025-01-29,126.5,126.88999938964844,120.0500030517578,123.6999969482422,467120600,137.07550048828125,138.16539916992187,135.53590566399558,40.76781273764584,-2.0964447252257514,-0.19415615602353353,0.007679907850233817
2025-01-30,123.0999984741211,125.0,118.0999984741211,124.6500015258789,392925500,136.433500289917,137.72319931030273,134.49915288893683,41.589070695343466,-2.6878261099856786,-0.15883499892747188,-0.03674289430396695
2025-01-31,123.77999877929688,127.8499984741211,119.19000244140624,120.06999969482422,388161100,135.72250061035157,137.28499938964845,133.12494782283088,38.79629107457377,-3.4858848781867096,-0.012125453807401154,-0.028400066972448207
2025-02-03,114.75,118.56999969482422,113.01000213623048,116.66000366210938,371235700,134.64000091552734,136.81519958496094,131.55685790276218,36.81410421227712,-4.343441888609931,-0.043604060272912415,0.01705809875965119
2025-02-04,116.95999908447266,121.1999969482422,116.6999969482422,118.6500015258789,256550000,133.34900093078613,136.2479997253418,130.32763348591615,38.77987122507736,-4.807072857631013,-0.3089296099486122,0.052085969032438985
2025-02-05,121.76000213623048,125.0,120.76000213623048,124.83000183105467,262230800,132.1190013885498,135.82679977416993,129.80404951878648,44.54938040914456,-4.622543559925475,0.022143052036640132,0.030841871250928656
2025-02-06,127.41999816894533,128.77000427246094,125.20999908447266,128.67999267578125,251483600,131.54600105285644,135.46699966430663,129.69699648611933,47.846851850639034,-4.118168987956608,-0.040983744091083074,0.0090146388571228
2025-02-07,129.22000122070312,130.3699951171875,125.0,129.83999633789062,228186300,131.0325008392334,135.22479965209962,129.71061551962137,48.834129608495886,-3.58353711963089,-0.09263944050427142,0.028727750242854965
2025-02-10,130.08999633789062,135.0,129.9600067138672,133.57000732421875,216989100,130.91550102233887,135.17579971313478,130.07817664386874,51.98187404100084,-2.826277233917807,-0.049070430608673665,-0.005764799208192611
2025-02-11,132.5800018310547,134.47999572753906,131.02000427246094,132.8000030517578,178902400,130.8940013885498,135.09339981079103,130.33739820652485,51.28051693769755,-2.262199006345554,-0.17552356316515438,-0.012500027288872884
2025-02-12,130.02000427246094,132.24000549316406,129.0800018310547,131.13999938964844,160278600,130.86300163269044,135.00939987182616,130.4138364144414,49.7229568545388,-1.9268992739561668,-0.10410033627273862,0.0316455232255549
2025-02-13,131.55999755859375,136.5,131.1699981689453,135.2899932861328,197430000,130.81550102233888,134.95019973754881,130.87823230698342,53.52352635135332,-1.3111874431741626,0.23179264106374764,0.026313940380302412
2025-02-14,136.47999572753906,139.25,135.5,138.85000610351562,195479600,131.07950096130372,134.9545997619629,131.6374488590341,56.55730895506333,-0.5298602006543263,-0.009878944436002679,0.003961021021192627
2025-02-18,141.27000427246094,143.44000244140625,137.92999267578125,139.39999389648438,219176600,131.16400032043458,134.93739974975585,132.37673886260077,57.02403612736604,0.1322027358091873,0.1212249257723057,-0.0012194991132607202
2025-02-19,139.50999450683594,141.36000061035156,137.22000122070312,139.22999572753906,167536000,131.0840000152588,134.81919967651368,133.02942999259488,56.82083325582182,0.6358453222871674,-0.23561183082500592,0.0063205121727834615
2025-02-20,140.02999877929688,140.66000366210938,136.7899932861328,140.11000061035156,143903600,130.73599967956542,134.72019973754882,133.70377005142885,57.66189679543362,1.0933908114924122,-0.14105863814344377,-0.04053963250179776
2025-02-21,140.0399932861328,141.4600067138672,134.02999877929688,134.42999267578125,228217600,130.09649925231935,134.55999954223634,133.772934110891,50.78575245386795,0.9863002819126336,0.5859061204862144,-0.030871041602251258
2025-02-24,136.55999755859375,138.58999633789062,130.0800018310547,130.27999877929688,251381100,129.4794994354248,134.38939956665038,133.44027360312012,46.42931452038615,0.5601039119307245,0.10149743052244875,-0.028016591649361846
2025-02-25,129.97999572753906,130.1999969482422,124.44000244140624,126.62999725341795,271428700,129.88999938964844,134.22059936523436,132.79167585552943,42.94043219039898,-0.07136178640931234,0.07974983003893299,0.03672116897051744
2025-02-26,129.99000549316406,133.72999572753906,128.49000549316406,131.27999877929688,322553800,130.00449905395507,134.05999938964842,132.64770661017394,48.27321915325742,-0.1943463367605034,0.18835554235790108,-0.08478060143898472
2025-02-27,135.0,135.00999450683594,120.01000213623048,120.1500015258789,443175800,129.8269992828369,133.7161994934082,131.45744898309823,38.901508972041846,-1.176350009396515,0.37395932089468475,0.039700346088127336
2025-02-28,118.0199966430664,125.08999633789062,116.4000015258789,124.91999816894533,389091100,129.84049911499022,133.5295994567871,130.83483461984557,43.92589117068355,-1.5518078553550652,-0.12203892902094382,-0.08693564496906406
2025-03-03,123.51000213623048,123.6999969482422,112.27999877929688,114.05999755859376,411381400,129.5399990081787,133.17079940795898,129.23723109020253,36.555346985844324,-2.694610400389351,0.057288126096947556,0.016920921852416244
2025-03-04,110.6500015258789,119.30999755859376,110.11000061035156,115.98999786376952,398163300,129.50649871826172,132.88279937744142,127.97558983054225,38.529399227941084,-3.4053005705829094,-0.03213101029847243,0.011294122011510725
2025-03-05,117.58000183105467,118.27999877929688,114.51000213623048,117.3000030517578,284337900,129.43899879455566,132.65059936523437,126.95886728018182,39.89638665010308,-3.8188004260166224,-0.2858761719123787,-0.05737428117511653
2025-03-06,113.52999877929688,115.3499984741211,110.22000122070312,110.56999969482422,321181900,128.72599868774415,132.24839950561523,125.39802274824301,35.52554781468464,-4.636114820701351,0.1295782236557279,0.019173399226130722
2025-03-07,111.25,113.4800033569336,107.55999755859376,112.69000244140624,341755500,127.92649917602539,131.80819961547851,124.18773509997284,37.83589239683083,-5.05451061087571,0.06405591348703021,-0.05066997036797107
2025-03-10,109.9000015258789,111.8499984741211,105.45999908447266,106.9800033569336,366487400,126.78349952697754,131.15439971923828,122.54890350539767,34.273573576715066,-5.780210822327788,0.07236723329982975,0.0166386121091996
2025-03-11,106.98999786376952,112.23999786376952,104.7699966430664,108.76000213623048,354865700,125.54299926757812,130.52519973754883,121.23567480357222,36.2874020056398,-6.140913811044868,-0.03171104927481816,0.06417796607613191
2025-03-12,114.12000274658205,116.76000213623048,112.87999725341795,115.73999786376952,323857500,124.68999900817872,130.0413998413086,120.7122769997815,43.58674455904863,-5.796725167973435,-0.08738009900646926,-0.0013823745953681916
2025-03-13,117.02999877929688,117.76000213623048,113.79000091552734,115.58000183105467,299033100,123.91199913024903,129.61279998779298,120.22348888847418,43.46382383689671,-5.473765371390755,-0.0766522313054353,0.052690744431657895
2025-03-14,118.61000061035156,121.87999725341795,118.1500015258789,121.66999816894533,277593500,123.23099937438965,129.29639984130858,120.36125167709048,49.32224437423346,-4.67254342550261,-0.071696410865553,-0.0175885544658014
2025-03-17,122.73999786376952,122.88999938964844,118.02999877929688,119.52999877929688,255501500,122.2649990081787,129.00119995117188,120.28208473444347,47.46112825095945,-4.162269277607763,-0.07958399602296162,-0.034300999882811274
2025-03-18,118.0,119.0199966430664,114.54000091552734,115.43000030517578,299686900,121.06649932861328,128.5436000061035,119.8199814554656,44.0329517821922,-4.042113977020506,0.17293597102169644,0.018106179783115805
2025-03-19,117.2699966430664,120.4499969482422,115.68000030517578,117.5199966430664,273426200,119.98099937438965,128.0045999145508,119.60093528285614,46.16754824171774,-3.735187877218465,-0.0876271201710852,0.008594300247455446
2025-03-20,116.5500030517578,120.1999969482422,116.47000122070312,118.52999877929688,248829700,118.90199928283691,127.38660003662109,119.4989413301362,47.21528697147574,-3.371582496110534,-0.08995663180777846,-0.007002462158125375
2025-03-21,116.94000244140624,117.98999786376952,115.41999816894533,117.6999969482422,266498500,118.06549949645996,126.93779998779297,119.32761329376535,46.41579144205894,-3.11449486500058,0.07100760078077495,0.031520873492448975
2025-03-24,119.87999725341795,122.22000122070312,119.33999633789062,121.41000366210938,228452500,117.62199974060059,126.56380004882813,119.5259361859886,50.45428878423892,-2.581625161286837,-0.14276252962024172,-0.005930328630142716
2025-03-25,120.5500030517578,121.29000091552734,118.91999816894533,120.69000244140624,167447200,117.325,126.25940002441406,119.63679963888552,49.67187453478246,-2.1921504177348936,-0.26703713025683673,-0.057419837310386974
2025-03-26,118.7300033569336,118.83999633789062,112.70999908447266,113.76000213623048,293463300,116.44900016784668,125.87000015258789,119.07710463863266,42.79329047836049,-2.4148451539092264,0.7525721540879753,-0.020481731604263382
2025-03-27,111.3499984741211,114.4499969482422,110.66000366210938,111.43000030517578,236902100,116.01300010681152,125.4634002685547,118.34880898782724,40.7500282578582,-2.747670575851785,-0.1927368771495448,-0.01579468842690746
2025-03-28,111.48999786376952,112.87000274658205,109.06999969482422,109.66999816894533,229872500,115.25050010681153,124.9320001220703,117.52225557650516,39.22643554946342,-3.1175177796844054,-0.029673016828470455,-0.011762568952906711
2025-03-31,105.12999725341795,110.95999908447266,103.6500015258789,108.37999725341795,299212700,114.96650009155273,124.4281999206543,116.65156430763972,38.10196055726156,-3.4746628952684517,0.30164634743172836,0.016331466297441075
2025-04-01,108.5199966430664,110.1999969482422,106.47000122070312,110.1500015258789,222614000,114.6745002746582,123.87699981689452,116.03236785223393,40.617318190810046,-3.573683224543757,-0.25600083151550723,0.002451172395154137
2025-04-02,107.29000091552734,111.9800033569336,106.79000091552734,110.41999816894533,220601200,114.33050003051758,123.26879974365234,115.49785645382549,41.01110561080398,-3.5889993261012307,-0.009041659554205883,-0.07806552490608379
2025-04-03,103.51000213623048,105.62999725341795,101.5999984741211,101.8000030517578,338769400,113.89200019836426,122.36339965820312,114.1932989869619,33.39665834570758,-4.247733781671457,0.5356643572201782,-0.07357569026158003
2025-04-04,98.91000366210938,100.12999725341795,92.11000061035156,94.30999755859376,532273800,112.97299995422364,121.30519958496093,112.29965123187922,28.45322964617047,-5.312922368462694,0.5711979889564995,0.035309107382658765
2025-04-07,87.45999908447266,101.75,86.62000274658203,97.63999938964844,611041300,112.50599975585938,120.40559967041015,110.90349391357154,33.18828336975693,-5.8212845354832154,0.147983049325366,-0.013723846233787487
2025-04-08,103.80999755859376,105.8499984741211,94.45999908447266,96.3000030517578,476243400,111.88299980163575,119.9631997680664,109.51268526006547,32.26298200039085,-6.260128852433795,-0.2206035827692825,0.18722739572091598
2025-04-09,98.88999938964844,115.0999984741211,97.52999877929688,114.33000183105467,612918300,111.8125,119.66999969482421,109.9714773144454,51.75406311673762,-5.094321746825145,0.28698539444326165,-0.059127105991126486
2025-04-10,109.37000274658205,110.86000061035156,99.1500015258789,107.56999969482422,437812400,111.41199989318848,119.34739974975587,109.74276516019576,46.36697101770597,-4.662144592365806,-0.2856920734786349,0.031235480337304774
2025-04-11,108.5,111.5500030517578,107.4800033569336,110.93000030517578,313417300,110.875,119.0729997253418,109.85583517400337,49.19752860970524,-4.002380168047779,-0.28412877296303163,-0.001983243668059921
2025-04-14,114.11000061035156,114.29000091552734,109.06999969482422,110.70999908447266,264705000,110.43400001525879,118.88579971313476,109.9371841178576,49.015122165297065,-3.4574095037174004,-0.1554231371401642,0.01345856630919728
2025-04-15,110.97000122070312,113.62000274658205,110.5,112.1999969482422,228966900,110.2724998474121,118.79659957885742,110.15269010170375,50.35756320657955,-2.8721772789559594,-0.13501105003683345,-0.06871657124936735
2025-04-16,104.5500030517578,106.79000091552734,100.4499969482422,104.48999786376952,397016900,109.62099990844726,118.51339950561524,109.61338607904335,43.91420563181195,-2.9959733001525706,0.7339488808207648,-0.028710882011035135
2025-04-17,104.4499969482422,104.47000122070312,100.0500030517578,101.48999786376952,292517500,108.7689998626709,118.04659942626954,108.83973005854108,41.67949357670619,-3.2981385782963315,-0.2632114653053812,-0.04512754259595009
2025-04-21,98.7699966430664,99.44000244140624,95.04000091552734,96.91000366210938,288501100,107.72950019836426,117.41119964599609,107.7035656398333,38.461596119783714,-3.862647794315791,-0.013730460570735126,0.020431283177354955
2025-04-22,98.77999877929688,99.80999755859376,97.27999877929688,98.88999938964844,241004800,106.6034999847412,116.79219970703124,106.86417837791093,40.596820246530456,-4.1029599392075085,-0.16463126137127382,0.0386287766043215
2025-04-23,104.5199966430664,104.8000030517578,102.0199966430664,102.70999908447266,247526000,105.70449981689453,116.17499954223632,106.46854225472633,44.59128915066213,-3.93975198659588,0.027058382239689927,0.036218491421109375
2025-04-24,103.4800033569336,106.54000091552734,103.11000061035156,106.43000030517578,220815000,105.3379997253418,115.64759948730469,106.46487159286437,48.24132350530101,-3.470232815387135,-0.1079118961240435,0.04303299650401272
2025-04-25,106.8499984741211,111.91999816894533,105.7300033569336,111.01000213623048,251064700,105.31699981689454,115.24499954223633,106.89774116842305,52.39892552489156,-2.697472830733318,0.13699114643479837,-0.020538678816516866
2025-04-28,109.69000244140624,110.37000274658205,106.0199966430664,108.7300033569336,207708500,105.27000007629394,114.71379974365234,107.07224232923357,50.23558511152835,-2.2431739097007863,-0.17268935059369162,0.0026670953479219217
2025-04-29,107.66999816894533,110.1999969482422,107.44000244140624,109.0199966430664,170444300,105.30200004577637,114.11719955444336,107.2577427400748,50.51542546110724,-1.838545103619694,-0.17940623518055354,-0.0009172489194663663
2025-04-30,104.47000122070312,108.91999816894533,104.08000183105467,108.91999816894533,235044600,105.2404998779297,113.50759963989258,107.41605278091961,50.41015668032916,-1.5085532380601734,0.37901120776699493,0.024697048169554547
2025-05-01,113.08000183105467,114.94000244140624,111.3000030517578,111.61000061035156,236121500,105.3,112.95519973754882,107.81547638372265,53.23344322293589,-1.0182340234149194,0.004581683646422752,0.025893731510116997
2025-05-02,114.18000030517578,115.4000015258789,113.37000274658205,114.5,190194800,105.93499984741212,112.44299972534179,108.45209768051097,56.12360978661382,-0.3919357241805699,-0.19450452415387842,-0.005938867294111627
2025-05-05,112.91000366210938,114.66999816894533,112.66000366210938,113.81999969482422,133163200,106.91049995422364,112.03079986572266,108.9633264437789,55.258281518760874,0.048975291891366624,-0.29985888152567786,-0.0024600138819856937
2025-05-06,111.4800033569336,114.73999786376952,110.81999969482422,113.54000091552734,158525600,107.70550003051758,111.69599990844726,109.39920020299303,54.88304490646747,0.37152418770875784,0.19046102827207512,0.03100226012579711
2025-05-07,113.0500030517578,117.68000030517578,112.27999877929688,117.05999755859376,206758800,108.74349975585938,111.50459991455078,110.12879995114548,58.68162957720037,0.9007969956996646,0.3042612675807568,0.002648258965092749
2025-05-08,118.25,118.68000030517578,115.8499984741211,117.37000274658205,198428100,108.89549980163574,111.22639999389648,110.81843831261563,59.00895700244319,1.3299336893702502,-0.0402918763312613,-0.006134456878711341
2025-05-09,117.3499984741211,118.2300033569336,115.20999908447266,116.6500015258789,132972200,109.34949989318848,111.15639999389649,111.37382528530736,57.86242858999331,1.5935599623680758,-0.3298721300057804,0.054436334256818174
2025-05-12,121.97000122070312,123.0,120.27999877929688,123.0,225023300,109.95299987792968,111.11800003051758,112.48108002004,64.42707745838206,2.2884971204886426,0.6922582314198005,0.056341403868140245
2025-05-13,124.9800033569336,131.22000122070312,124.47000122070312,129.92999267578125,330430100,110.91399955749512,111.43539993286133,114.14288122534869,69.93241964846581,3.359703744201127,0.46842615853558267,0.041637835504302244
2025-05-14,133.1999969482422,135.44000244140625,131.67999267578125,135.33999633789062,281180800,112.07099952697754,111.82239990234375,116.16165409320982,73.39413688593702,4.592248214523607,-0.1490460463498937,-0.0037682467905694505
2025-05-15,134.2899932861328,136.3000030517578,132.66000366210938,134.8300018310547,226632600,113.5879997253418,112.17299987792968,117.93959197300457,72.54620603279426,5.464900323609598,-0.19399688741194276,0.0042274868923008815
2025-05-16,136.22000122070312,136.35000610351562,133.4600067138672,135.39999389648438,226542500,115.28349952697754,112.66959976196289,119.60248739428836,72.92272941441401,6.131793504624511,-0.0003975597508919515,0.001255638370739907
2025-05-19,132.38999938964844,135.8699951171875,132.38999938964844,135.57000732421875,193154600,117.21649971008301,113.12719985961914,121.12320357809125,73.04149333024424,6.597972498177697,-0.14738029288102672,-0.0087777707244666
2025-05-20,134.2899932861328,134.5800018310547,132.6199951171875,134.3800048828125,161514200,118.99099998474121,113.67519989013672,122.3857560833028,70.70388256438977,6.7930929109271005,-0.1638086796793864,-0.019199298536300882
2025-05-21,133.05999755859375,137.39999389648438,130.58999633789062,131.8000030517578,270608700,120.44550018310547,114.13599990844726,123.28235103267946,65.78795171543496,6.662738753071963,0.6754483506713342,0.007814861573959105
2025-05-22,132.22999572753906,134.25,131.5500030517578,132.8300018310547,187344000,121.76550025939942,114.47779998779296,124.19165110871519,66.78095575350112,6.566845925145643,-0.30769409852676577,-0.011593830638356825
2025-05-23,130.0,132.67999267578125,129.16000366210938,131.2899932861328,198821300,122.77949981689453,114.79199981689453,124.86768369704068,63.79929045466396,6.294030681162354,0.06126323768041675,0.03206647063110071
2025-05-27,134.14999389648438,135.66000366210938,133.30999755859375,135.5,192953600,124.11799964904785,115.06859985351562,125.88028524970346,68.00494385576735,6.34440069018865,-0.029512431515134496,-0.0050922689402675275
2025-05-28,136.02999877929688,137.25,134.7899932861328,134.80999755859375,304021100,125.40749969482422,115.37419982910156,126.73073404102635,66.63849279016569,6.256520580109168,0.575617661448141,0.032490208160628274
2025-05-29,142.25,143.49000549316406,137.91000366210938,139.19000244140625,369241900,126.92099990844727,115.84939987182617,127.91733103153872,70.66760834480596,6.46577136109623,0.21452721538077446,-0.029168744071995087
2025-05-30,138.72000122070312,139.6199951171875,132.9199981689453,135.1300048828125,333170900,128.0970001220703,116.20160003662109,128.60425235070767,63.06459844490298,6.232155827439314,-0.09768934673990137,0.01665063212238648
2025-06-02,135.49000549316406,138.1199951171875,135.39999389648438,137.3800048828125,197663100,129.24100036621093,116.5786001586914,129.44003830614622,65.29314568434762,6.157589174831344,-0.40672159543345476,0.027951639259047978
2025-06-03,138.77999877929688,142.0,137.9499969482422,141.22000122070312,225578800,130.6110004425049,117.04900024414063,130.56193953610403,68.75775471233523,6.335320546040521,0.14122868658844268,0.0049567833323284705
2025-06-04,142.19000244140625,142.38999938964844,139.5399932861328,141.9199981689453,167120800,132.03000030517578,117.45920013427734,131.64365940589843,69.35824045436443,6.45821159860219,-0.25914669286298175,-0.013599159390375244
2025-06-05,142.1699981689453,144.0,138.8300018310547,139.99000549316406,231397900,133.1765007019043,117.8452001953125,132.43854950944754,65.61369460430784,6.326936379622623,0.3846146021321104,0.012357994568573262
2025-06-06,142.50999450683594,143.27000427246094,141.50999450683594,141.72000122070312,153986200,134.39400062561035,118.40440017700195,133.32249729147188,67.31701688855857,6.289988942680225,-0.33453933678741254,0.006421137837080666
2025-06-09,143.19000244140625,145.0,141.94000244140625,142.6300048828125,185114500,135.69300079345703,119.02840026855469,134.20892658588528,68.20908323772301,6.261953619629452,0.20214993291606653,0.009324838992661061
2025-06-10,142.69000244140625,144.2899932861328,141.52999877929688,143.9600067138672,155881900,136.7410011291504,119.71420043945312,135.1376008837883,69.51858004580916,6.274724340290561,-0.15791631665806838,-0.007849436163603974
2025-06-11,144.61000061035156,144.99000549316406,141.8699951171875,142.8300018310547,167694000,137.38600158691406,120.40320053100587,135.87021049781367,66.99365870381882,6.123080220922759,0.0757759560282496,0.015192873633874747
2025-06-12,141.97000122070312,145.0,141.85000610351562,145.0,162365000,137.86900177001954,121.10020050048828,136.73971425992664,69.29963199334512,6.107597300753611,-0.031778119670351934,-0.02089654330549569
2025-06-13,142.47999572753906,143.5800018310547,140.85000610351562,141.97000122070312,180820600,138.22600173950195,121.73120056152344,137.23783682761965,62.71136885873952,5.784155254970557,0.11366735441751619,0.019158985682296903
2025-06-16,143.35000610351562,146.17999267578125,143.1999969482422,144.69000244140625,183133700,138.69050216674805,122.58900054931641,137.94756688607552,65.8500116852261,5.681810099897831,0.012792237167667864,-0.003939507323248408
2025-06-17,144.49000549316406,145.22000122070312,143.77999877929688,144.1199951171875,139108000,139.11800155639648,123.58520050048828,138.53541719380047,64.62244564341682,5.491404506955632,-0.24040195769538864,0.009436585181991664
2025-06-18,144.00999450683594,145.64999389648438,143.1199951171875,145.47999572753906,161494100,139.67300109863282,124.5420004272461,139.19680562558509,66.23955902496732,5.388136304684707,0.1609260430744457,-0.011204218256069716
2025-06-20,145.4499969482422,146.1999969482422,142.64999389648438,143.85000610351562,242956200,140.2755012512207,125.49300048828125,139.63996757586418,62.5492302996264,5.115797243955683,0.5044277159351331,0.002224484197792933
2025-06-23,142.5,144.77999877929688,142.02999877929688,144.1699981689453,154308900,140.84250106811524,126.08980041503906,140.07139906091953,62.98520572918754,4.869652933858021,-0.36486947029958483,0.02587220486170829
2025-06-24,145.55999755859375,147.9600067138672,145.5,147.89999389648438,187566100,141.67300109863282,126.89640029907227,140.81697952144953,67.70468989683229,4.918859724054045,0.2155235375276474,0.04334012120781935
2025-06-25,149.27000427246094,154.4499969482422,149.25999450683594,154.30999755859375,269146500,142.6135009765625,127.76400024414062,142.1020288583204,73.87043997733818,5.412695994557595,0.4349421350659848,0.004601171182039502
2025-06-26,155.97999572753906,156.72000122070312,154.0,155.02000427246094,198145700,143.62400131225587,128.65020034790038,143.3323122310957,74.45225887900489,5.7945603204793485,-0.26379982648854805,0.017610602840268674
2025-06-27,156.0399932861328,158.7100067138672,155.25999450683594,157.75,263234500,144.55200119018554,129.56120040893555,144.70542535194372,76.60895769011387,6.24548433391999,0.32848959124523014,0.0015214294336866085
2025-06-30,158.39999389648438,158.66000366210938,155.9600067138672,157.99000549316406,194580300,145.69500122070312,130.63120056152343,145.97062346063137,76.79442747901967,6.546744505341877,-0.2608100381978806,-0.029685437548827593
2025-07-01,156.2899932861328,157.1999969482422,151.49000549316406,153.3000030517578,213143600,146.4910011291504,131.6674006652832,146.66865961216723,65.81271690874429,6.334036530299926,0.09540174416423453,0.02576645055191925
2025-07-02,152.97999572753906,157.60000610351562,152.97000122070312,157.25,171224100,147.29250106811523,132.874200592041,147.67640631577035,69.73780242721183,6.410301702075003,-0.19667257191865017,0.013290914708366455
2025-07-03,158.3699951171875,160.97999572753906,157.77000427246094,159.33999633789062,143716100,148.1635009765625,134.08320053100587,148.78722441311513,71.59602248605147,6.563725100624254,-0.1606549545303494,-0.006903419543163298
2025-07-07,158.1999969482422,159.30999755859375,157.33999633789062,158.24000549316406,140139000,149.0760009765625,135.1938006591797,149.6874892778817,69.18802599262727,6.521379774545039,-0.02489004363463798,0.011122310703610087
2025-07-08,159.3300018310547,160.22000122070312,158.38999938964844,160.0,138133000,149.99000091552733,136.26520065307616,150.6696331561787,70.87584992209858,6.554283940987887,-0.014314359314680392,0.018000030517578126
2025-07-09,161.22000122070312,164.4199981689453,161.16000366210938,162.8800048828125,183656400,151.00250091552735,137.30260070800782,151.8325257015724,73.4397784010505,6.735114843342842,0.329562088711604,0.007490184087241899
2025-07-10,164.32000732421875,164.5,161.61000061035156,164.10000610351562,167704100,152.00950088500977,138.41000076293946,153.00085716842412,74.46527802192358,6.897360065433816,-0.08685948325242132,0.004996904539494226
2025-07-11,163.72000122070312,167.88999938964844,163.47000122070312,164.9199981689453,193633300,153.1140007019043,139.52800079345704,154.13601345418803,75.1594997709549,7.01128534647458,0.15461279718265675,-0.005153958611228126
2025-07-14,165.3699951171875,165.49000549316406,162.02000427246094,164.07000732421875,136975800,154.06750106811523,140.6310009765625,155.08210810847666,72.94561232620481,6.952836820115522,-0.2926020472718277,0.040409516231214124
2025-07-15,171.19000244140625,172.39999389648438,169.1999969482422,170.6999969482422,230627400,155.50400085449218,141.81280090332032,156.56952609321624,78.31192473510691,7.356697268672377,0.6837090931390801,0.003925003989006878
2025-07-16,171.05999755859375,171.75,168.89999389648438,171.3699951171875,158831500,156.83800048828124,142.95020080566405,157.9790945716897,78.77020328416239,7.642722291489804,-0.3113068958848775,0.009511611888054603
2025-07-17,172.02000427246094,174.16000366210938,170.8300018310547,173.0,160841100,158.28200073242186,144.13380081176757,159.40965699343354,79.88386437286945,7.909748299545555,0.012652402073895841,-0.0034103834560151734
2025-07-18,173.63999938964844,174.25,171.25999450683594,172.41000366210938,146456400,159.62850112915038,145.3112008666992,160.64778524759313,78.28312561120293,7.981751893722816,-0.08943423042990872,-0.005974124223762999
2025-07-21,172.75,173.3800048828125,171.0,171.3800048828125,123126100,161.00500106811523,146.3976010131836,161.6699014033283,75.44101487413819,7.865039685755704,-0.1592986035434436,-0.025382226511722325
2025-07-22,171.33999633789062,171.38999938964844,164.5800018310547,167.02999877929688,193114300,162.14800109863282,147.39080093383788,162.18038686770626,64.74933408739271,7.336959381389846,0.5684270028856595,0.022451056860480604
2025-07-23,169.52999877929688,171.25999450683594,167.97000122070312,170.77999877929688,154082200,163.29200134277343,148.47340087890626,162.999397525953,68.84806639546034,7.13875447761157,-0.20211915948223413,0.017332279746016838
2025-07-24,172.44000244140625,173.8300018310547,171.3000030517578,173.74000549316406,128984600,164.26350173950195,149.48820098876953,164.0223125704493,71.65013836027785,7.138238299659463,-0.16288448633261987,-0.001381406041071558
2025-07-25,173.61000061035156,174.72000122070312,172.9600067138672,173.5,122316800,165.1875015258789,150.3596011352539,164.92494946850172,71.09176238235001,7.037340704377243,-0.051694543379597224,0.018731988472622477
2025-07-28,174.02000427246094,177.0,173.97000122070312,176.75,140023500,166.13750152587892,151.1878012084961,166.05114475721584,74.04182180902491,7.137351526257248,0.1447609813206363,-0.007015589777448727
2025-07-29,177.9600067138672,179.3800048828125,175.02000427246094,175.50999450683594,154077500,167.0135009765625,152.00140106201172,166.951987590513,71.06212371868028,7.035452426836656,0.10036886665452593,0.02142333703667543
2025-07-30,176.50999450683594,179.88999938964844,176.0399932861328,179.27000427246094,174312200,168.31200103759767,152.87880126953124,168.1251320364128,74.42328928102013,7.175384653017545,0.13132806542162223,-0.0078095003174410245
2025-07-31,182.8999938964844,183.3000030517578,175.92999267578125,177.8699951171875,221685400,169.34300079345704,153.72480102539063,169.05321423458182,71.1113034142223,7.091565756265453,0.27177214216790335,-0.023331613034284965
2025-08-01,174.08999633789062,176.5399932861328,170.88999938964844,173.72000122070312,204529000,170.06200103759767,154.51160095214843,169.49767013802193,62.26565915002741,6.6140264721245785,-0.07739075284163954,0.036150119359707064
2025-08-04,175.16000366210938,180.1999969482422,174.52000427246094,180.0,148174600,171.15000076293944,155.4756008911133,170.49789202963888,68.62572137415057,6.665481049882629,-0.27553256506412294,-0.009666697184244791
2025-08-05,179.6199951171875,180.2599945068359,175.89999389648438,178.25999450683594,156407600,172.06300048828126,156.3842007446289,171.23713988461003,65.33964890799619,6.491030710496119,0.0555628292568362,0.006507369560503891
2025-08-06,176.3300018310547,179.89999389648438,176.25,179.4199981689453,137192300,172.8900001525879,157.34680084228515,172.01645972121338,66.49160843266952,6.372917138888681,-0.1228540045368639,0.0075242788835861085
2025-08-07,181.57000732421875,183.8800048828125,178.8000030517578,180.77000427246097,151878400,173.72350006103517,158.25220092773438,172.850130630856,67.83157841418682,6.315444974076257,0.10704755296033386,0.010676509543432269
2025-08-08,181.5500030517578,183.3000030517578,180.3999938964844,182.6999969482422,123396700,174.6125,159.21000091552733,173.78821313727374,69.69722145186189,6.35240557151829,-0.18752962896633096,-0.0035030071173440987
2025-08-11,182.0500030517578,183.83999633789065,180.25,182.05999755859375,138323200,175.51199951171876,160.0674008178711,174.57600212978042,68.28299184849112,6.257917135906695,0.12096352657729104,0.006041997793400899
2025-08-12,182.9600067138672,184.47999572753903,179.4600067138672,183.16000366210935,145485700,176.1349998474121,161.02800079345704,175.39352608524032,69.43110430160898,6.200322214429832,0.05178090154073933,-0.008571780371412405
2025-08-13,182.6199951171875,183.97000122070312,179.35000610351562,181.58999633789065,179871700,176.64599990844727,161.9122006225586,175.98366610930225,65.77160298858493,5.959296296076616,0.2363531261148002,0.0023680155473442613
2025-08-14,179.75,183.02000427246097,179.4600067138672,182.02000427246097,129554000,177.0970001220703,162.72820068359374,176.5585554581745,66.29558229687818,5.736848744613752,-0.27974217178133076,-0.008625465813464522
2025-08-15,181.8800048828125,181.8999938964844,178.0399932861328,180.4499969482422,156602200,177.49899978637694,163.4988006591797,176.92916893341905,62.53168634124634,5.371946531767975,0.20877935069546294,0.008645040648247669
2025-08-18,180.6000061035156,182.94000244140625,180.58999633789065,182.0099945068359,132008000,178.03049926757814,164.33920043945312,177.41305708326828,64.677590237267,5.149279970460157,-0.15704887926223254,-0.034998051257829295
2025-08-19,182.42999267578125,182.5,175.49000549316406,175.63999938964844,185229200,178.46099929809571,165.01760040283204,177.2441944457807,51.6655106389385,4.407997100025,0.4031664747591055,-0.0013664626167051075
2025-08-20,175.1699981689453,176.0,168.8000030517578,175.39999389648438,215142700,178.69199905395507,165.67300018310547,177.06855629822866,51.24717049812041,3.757840599801767,0.1614945159834411,-0.002394516439910382
2025-08-21,174.85000610351562,176.89999389648438,173.80999755859375,174.97999572753906,140040900,178.75399856567384,166.2933999633789,176.8696457676868,50.47691900401054,3.172130204670509,-0.34907900663141256,0.01720202216893341
2025-08-22,172.61000061035156,178.58999633789062,171.1999969482422,177.99000549316406,172789400,178.97849884033204,166.9966000366211,176.97634669392272,55.62458410891323,2.917205401131241,0.23384953967019628,0.010225248661501877
2025-08-25,178.35000610351562,181.91000366210935,176.57000732421875,179.80999755859375,163012800,179.13149871826172,167.69279998779297,177.24621820484376,58.43770516492542,2.8294180371831317,-0.056581017122578126,0.010900432347920581
2025-08-26,180.05999755859375,182.38999938964844,178.80999755859375,181.77000427246097,168688200,179.44449920654296,168.48880004882812,177.67705497318826,61.284179060966814,2.8847484951712374,0.03481567091663962,-0.0009352377452252989
2025-08-27,181.97999572753903,182.4900054931641,179.10000610351562,181.6000061035156,235518900,179.5609992980957,169.2270001220703,178.05066936655277,60.89463366419063,2.8816628348737083,0.3961788672829516,-0.00787449276711561
2025-08-28,180.82000732421875,184.47000122070312,176.41000366210938,180.1699981689453,281787800,179.6759994506836,169.94800018310548,178.25251020487588,57.57909984663128,2.7323311252176268,0.1964551464871822,-0.03324640924704477
2025-08-29,178.11000061035156,178.14999389648438,173.14999389648438,174.17999267578125,243257900,179.6989990234375,170.52200012207032,177.86465139258115,46.225585410543594,2.1063604743204962,-0.13673374077940914,-0.019520002522982798
2025-09-02,170.0,172.3800048828125,167.22000122070312,170.77999877929688,231164900,179.23799896240234,171.06059997558594,177.18992257226836,41.25326228420335,1.3206989358716328,-0.049712671202045255,-0.0009368993046788319
2025-09-03,171.05999755859375,172.41000366210938,168.8800048828125,170.6199951171875,164424900,178.85599899291992,171.58959991455077,176.564215195594,41.02959082130017,0.6773376214671032,-0.2887116512930813,0.006095466971544352
2025-09-04,170.57000732421875,171.86000061035156,169.41000366210938,171.66000366210938,141670100,178.46799926757814,172.06480010986328,176.09714743050023,43.18584761233439,0.24852430896197575,-0.13839023164982922,-0.02703017179692993
2025-09-05,168.02999877929688,169.02999877929688,164.07000732421875,167.02000427246094,224441400,177.78049926757814,172.31900024414062,175.23265760592506,36.73253202335145,-0.46041512432836385,0.5842538404363378,0.007723585517507454
2025-09-08,167.5500030517578,170.9600067138672,167.35000610351562,168.30999755859375,163769100,177.0609992980957,172.5848001098633,174.57335664903636,39.44189948351908,-0.9076996589318185,-0.27032579550831526,0.014556455253879202
2025-09-09,169.08999633789062,170.97999572753906,166.74000549316406,170.75999450683594,157548400,176.49599914550782,172.845,174.21017930216013,44.31895408608357,-1.052350752462985,-0.03798457706612546,0.03847509683514154
2025-09-10,176.63999938964844,179.2899932861328,175.47000122070312,177.3300018310547,226852000,176.2044990539551,173.23179992675782,174.50730525729296,54.82557377448477,-0.6295856317595678,0.4398876789608781,-0.0009022932411731051
2025-09-11,179.67999267578125,180.27999877929688,176.47999572753906,177.1699981689453,151159300,175.9834991455078,173.70919982910155,174.7608950584027,54.55558630545391,-0.3039484574535152,-0.3336655616877965,0.0036688443979866355
2025-09-12,177.77000427246094,178.60000610351562,176.4499969482422,177.82000732421875,124911000,175.77349929809571,174.12059997558595,175.05223908371852,55.51401080873733,0.006496765086751566,-0.1736466099009456,-0.00039369767931178763
2025-09-15,175.6699981689453,178.85000610351562,174.50999450683594,177.75,147061600,175.63849945068358,174.48880004882812,175.30916869479296,55.37854564129911,0.24406441198161133,0.1773310597145168,-0.0161462453850211
2025-09-16,177.0,177.5,174.3800048828125,174.8800048828125,140737800,175.28199996948243,174.8216000366211,175.26829595079482,49.99269904286562,0.1984660700070151,-0.043001028140588704,-0.026246634655319602
2025-09-17,172.63999938964844,173.1999969482422,168.41000366210938,170.2899932861328,211843800,175.01449966430664,175.02739990234375,174.7941718874937,42.82008776316981,-0.20567561953737368,0.5052373989077561,0.034940468856755634
2025-09-18,173.97999572753906,177.10000610351562,172.9600067138672,176.24000549316406,191763300,175.05650024414064,175.2945999145508,174.93187032612897,52.361589435687556,-0.045322116260109624,-0.09478917957476218,0.0024398131092768743
2025-09-19,175.77000427246094,178.0800018310547,175.17999267578125,176.6699981689453,237182100,175.14100036621093,175.54599975585938,175.0974063111591,52.972326983489644,0.11512887174035313,0.23684823947022182,0.03928229191902573
2025-09-22,175.3000030517578,184.5500030517578,174.7100067138672,183.61000061035156,269637000,175.4220001220703,175.9197998046875,175.90812957774884,61.54204922020675,0.7931447537134204,0.13683536826767284,-0.028212014146021817
2025-09-23,181.97000122070312,182.4199981689453,176.2100067138672,178.42999267578125,192559600,175.35299987792968,176.20699951171875,176.14830701565668,53.67928167272288,0.9020950852227259,-0.2858561695909686,-0.0081824329709581
2025-09-24,179.77000427246094,179.77999877929688,175.39999389648438,176.97000122070312,143564100,175.1129997253418,176.33239959716798,176.2265636066135,51.67531191880506,0.8607081908693885,-0.25444329963294476,0.0040684930538323035
2025-09-25,174.47999572753906,180.2599945068359,173.1300048828125,177.69000244140625,191586700,174.91749954223633,176.45879974365235,176.3659387337366,52.61480745006777,0.8759099158524464,0.33450284576715217,0.00281388931920847
2025-09-26,178.1699981689453,179.77000427246094,174.92999267578125,178.19000244140625,148573700,174.81849975585936,176.56259979248046,176.53965908684802,53.293887289358416,0.9177242597468194,-0.2245093213672974,0.02053989343938
2025-09-29,180.42999267578125,184.0,180.32000732421875,181.8500061035156,193063500,175.2020004272461,176.7513998413086,177.04540642176875,58.03481691443836,1.2319924935673896,0.2994459988544407,0.026010423804146626
2025-09-30,182.0800018310547,187.3500061035156,181.47999572753903,186.5800018310547,236981000,175.99200057983398,177.05539978027343,177.95346312741503,63.2294389551065,1.8414958402838977,0.22747697001245704,0.003537376222704867
2025-10-01,185.2400054931641,188.13999938964844,183.8999938964844,187.2400054931641,173844900,176.8230010986328,177.45959991455078,178.83789573367685,63.90091618734337,2.3506911095857674,-0.26641840485102186,0.008812186755381108
2025-10-02,189.6000061035156,191.0500030517578,188.05999755859375,188.88999938964844,136805800,177.68450088500975,177.82179992675782,179.79523893900748,65.59254198522426,2.8544682142046724,-0.21305830657097213,-0.006723512502327513
2025-10-03,189.19000244140625,190.36000061035156,185.3800048828125,187.6199951171875,137596900,178.7145004272461,178.09939971923828,180.54045381311985,63.13997948272754,3.1153249415108633,0.005782649566027143,-0.011086248188821868
2025-10-06,185.5,187.22999572753903,183.3300018310547,185.5399932861328,157678100,179.57600021362305,178.34019958496094,181.01660042959728,59.23357857756175,3.118271519783292,0.1459422414313114,-0.0026948367904105655
2025-10-07,186.22999572753903,189.05999755859375,184.0,185.0399932861328,140088000,180.29000015258788,178.5059994506836,181.39978070164827,58.29982855881282,3.045158194842543,-0.11155702662576472,0.0219952846513844
2025-10-08,186.57000732421875,189.6000061035156,186.5399932861328,189.11000061035156,130168900,180.87900009155274,178.7779995727539,182.13408735962,63.362690608898745,3.2778459667514994,-0.07080620752669753,0.018296265150970513
2025-10-09,192.22999572753903,195.3000030517578,191.05999755859375,192.57000732421875,182997200,181.6490005493164,179.04399963378907,183.1279844991056,67.02769117949873,3.6988087627521793,0.405844253120369,-0.04886536482426537
2025-10-10,193.5099945068359,195.6199951171875,182.0500030517578,183.16000366210935,268774400,181.91600036621094,179.1497998046875,183.1310339432012,51.83942540762541,3.235815689561605,0.46873504075472194,0.028172109406748518
2025-10-13,187.97000122070312,190.11000061035156,185.9600067138672,188.32000732421875,153482800,182.4445007324219,179.44179992675782,183.6252218842505,57.5233589940409,3.247820660084159,-0.4289530550528622,-0.04402085929536678
2025-10-14,184.77000427246097,184.8000030517578,179.6999969482422,180.02999877929688,205641400,182.7020004272461,179.44239990234374,183.2828196837787,47.76910442037639,2.5589028395586695,0.339833518804713,-0.0011109090129327202
2025-10-15,184.8000030517578,184.8699951171875,177.2899932861328,179.8300018310547,214450500,183.1790008544922,179.47380004882814,182.9539798882812,47.559576981291926,1.9740369519417698,0.0428371913437664,0.011010374839450948
2025-10-16,182.22999572753903,183.27999877929688,179.77000427246094,181.80999755859375,179723300,183.45750045776367,179.5216000366211,182.8450291902157,49.90238357004093,1.651260921938018,-0.16193573808408002,0.007755369237354282
2025-10-17,180.17999267578125,184.1000061035156,179.75,183.22000122070312,173135200,183.78500061035157,179.57059997558594,182.8807408121669,51.56196082986427,1.492034855272152,-0.036656905365080705,-0.0031656032485013956
2025-10-20,183.1300048828125,185.1999969482422,181.72999572753903,182.63999938964844,128544700,183.73650054931642,179.56940002441405,182.85781305764132,50.81623919995307,1.3040138893925644,-0.25754728096886137,-0.008103349389427195
2025-10-21,182.7899932861328,182.7899932861328,179.8000030517578,181.16000366210935,124240200,183.8730010986328,179.55140014648438,182.6961169247335,48.87383540523855,1.0237811214565227,-0.03348640589615903,-0.004857611310572796
2025-10-22,181.13999938964844,183.44000244140625,176.75999450683594,180.27999877929688,162249600,184.0385009765625,179.49380004882812,182.46601043469192,47.70616359972639,0.7223586930035708,0.3059347940521666,0.01042824991980402
2025-10-23,180.4199981689453,183.02999877929688,179.7899932861328,182.16000366210935,111363700,184.26200103759766,179.5052001953125,182.4368669325412,50.430837502226666,0.6279414113003554,-0.31362727550638025,0.022507634839158665
2025-10-24,183.83999633789065,187.47000122070312,183.5,186.2599945068359,131296700,184.66550064086914,179.59,182.80097432056925,55.835248979836805,0.8738765267954136,0.17899010180157449,0.028079089125798484
2025-10-27,189.9900054931641,192.0,188.42999267578125,191.4900054931641,153452700,185.14750061035156,179.81080017089843,183.6285010989116,61.58837519689929,1.473810880844269,0.16874757705258392,0.04981979744354516
2025-10-28,193.0500030517578,203.1499938964844,191.91000366210935,201.02999877929688,297986200,185.87000045776367,180.19120025634766,185.28578659228162,69.41488860351926,2.6880744587695347,0.9418765521883943,0.02989600827403914
2025-10-29,207.97999572753903,212.19000244140625,204.77999877929688,207.0399932861328,308829600,186.8599998474121,180.81920013427734,187.35761580121982,73.12933998893601,4.088217000894275,0.03638893344725358,-0.02004440702791664
2025-10-30,205.1499938964844,206.16000366210935,201.41000366210935,202.88999938964844,178864400,187.55999984741212,181.36900024414064,188.8368904286892,67.07197461502247,4.807551764367673,-0.42083142289469666,-0.001971481579612812
2025-10-31,206.4499969482422,207.97000122070312,202.07000732421875,202.4900054931641,179802200,188.30350036621093,181.91920043945314,190.13718710149632,66.50022507761349,5.284437872049011,0.005243077996515799,0.02168007936469048
2025-11-03,208.0800018310547,211.33999633789065,205.55999755859375,206.8800048828125,180267300,189.37050094604493,182.4970004272461,191.7317411759074,69.56650845682198,5.948044456192406,0.0025867314193042112,-0.039588177920072506
2025-11-04,203.0,203.97000122070312,197.92999267578125,198.69000244140625,188919300,190.0530014038086,182.87460052490235,192.3944327250025,58.76060857126656,5.746846634127678,0.047995393507308304,-0.017514699706973502
2025-11-05,198.77000427246097,202.9199981689453,194.6499938964844,195.2100067138672,171350300,190.35800170898438,183.14340057373047,192.6625826287039,54.861144197262114,5.246115386334509,-0.09299738036293803,-0.036524791955278406
2025-11-06,196.4199981689453,197.6199951171875,186.3800048828125,188.0800018310547,223029800,190.13350143432618,183.27300048828124,192.22614636226112,47.85411734241356,4.225244470644469,0.3016014561982092,0.000372139859359355
2025-11-07,184.8999938964844,188.32000732421875,178.91000366210938,188.1499938964844,264942300,190.38300094604492,183.43260040283204,191.8379413655205,47.92443211897639,3.3828493086350306,0.18792331787052663,0.057932551203112616
2025-11-10,195.11000061035156,199.94000244140625,193.7899932861328,199.0500030517578,198897100,190.91950073242188,183.93000061035156,192.5248043832574,57.529071624767255,3.553818509662136,-0.24928144731890678,-0.02959055161690665
2025-11-11,195.16000366210935,195.4199981689453,191.3000030517578,193.16000366210935,176483300,191.5760009765625,184.3776007080078,192.58529955267187,51.95297203416025,3.177411880983101,-0.11269043138386636,0.003313312163567791
2025-11-12,195.72000122070312,195.88999938964844,191.1300048828125,193.8000030517578,154935300,192.27450103759764,184.8412008666992,192.70098560020386,52.49181300105452,2.897350663032938,-0.12209653831269018,-0.03581012555274726
2025-11-13,191.0500030517578,191.44000244140625,183.8500061035156,186.86000061035156,207423100,192.52700119018556,185.14520080566408,192.14470131545602,46.41325145258848,2.0912928113297653,0.3387723778893512,0.017713783301841562
2025-11-14,182.86000061035156,191.0099945068359,180.5800018310547,190.1699981689453,186591900,192.87450103759767,185.60820068359374,191.95663434912166,49.42159289695567,1.699978997019059,-0.10042854436174176,-0.018772635535591515
2025-11-17,185.97000122070312,189.0,184.32000732421875,186.6000061035156,173628900,193.072501373291,185.97400085449217,191.44647927811155,46.396235248344986,1.0892354279149004,-0.06947246906216187,-0.02808148618310957
2025-11-18,183.3800048828125,184.8000030517578,179.64999389648438,181.36000061035156,213598900,193.08250122070314,186.1860009765625,190.48586226213442,42.30288294798567,0.18031355605197064,0.23020361241705722,0.028451718376399718
2025-11-19,184.7899932861328,187.86000061035156,182.8300018310547,186.52000427246097,247246400,193.39450149536134,186.36980102539061,190.10816150121315,47.23927961356901,-0.12223535120574525,0.15752656029595657,-0.03152479491810033
2025-11-20,195.9499969482422,196.0,179.85000610351562,180.63999938964844,343504800,193.3185012817383,186.4392010498047,189.20643177630222,42.750675729844396,-0.8269423164758223,0.3893217454328961,-0.009743105141622325
2025-11-21,181.2400054931641,184.55999755859375,172.92999267578125,178.8800048828125,346926200,192.94950180053712,186.46040100097656,188.22296254835084,41.48019775076686,-1.510037736346959,0.009960268386351556,0.020516536609832912
2025-11-24,179.49000549316406,183.5,176.47999572753906,182.5500030517578,256618300,192.50250167846679,186.55640106201173,187.68268069153245,45.14127653229695,-1.735254661670922,-0.2603086766003836,-0.02591068555719488
2025-11-25,174.91000366210938,178.16000366210938,169.5500030517578,177.82000732421875,320600300,191.34200210571288,186.61520111083985,186.743378466074,41.53468674822092,-2.269253283290567,0.24932750314377428,0.013721668440651546
2025-11-26,181.6300048828125,182.91000366210935,178.24000549316406,180.2599945068359,183852000,190.00300216674805,186.8146011352539,186.12591332709894,44.019376250362455,-2.4671249832876185,-0.4265382783484607,-0.018084958427713044
2025-11-28,179.00999450683594,179.2899932861328,176.5,177.0,121332800,188.70850219726563,186.82980102539062,185.25677872451809,41.48275601300427,-2.8540938259014297,-0.3400517807801927,0.0164971647963012
2025-12-01,174.75999450683594,180.3000030517578,173.67999267578125,179.9199981689453,188131000,187.5800018310547,186.89480102539062,184.74851390970164,44.56418658588526,-2.8918149304163023,0.5505370353276278,0.008559407295434737
2025-12-02,181.7599945068359,185.66000366210935,180.0,181.4600067138672,182632200,186.30900192260742,186.85180114746095,184.4353227481936,46.17403715517941,-2.7655636619323047,-0.02922856945426322,-0.010305358243071508
2025-12-03,181.0800018310547,182.4499969482422,179.11000061035156,179.58999633789062,165138000,185.35400161743163,186.87500122070313,183.97386309006953,44.48471857902815,-2.784307072321212,-0.09578924198471028,0.021103672933937487
2025-12-04,181.6199951171875,184.52000427246097,179.9600067138672,183.3800048828125,167364900,184.76250152587892,187.00320129394532,183.91730516556885,48.58999331150267,-2.464925221352132,0.01348508520146785,-0.005289569172620673
2025-12-05,183.88999938964844,184.66000366210935,180.91000366210935,182.41000366210935,143971100,184.47900161743163,187.09760131835938,183.77375264142984,47.61941515544702,-2.2639859742803026,-0.13977721732573556,0.01721396484079296
2025-12-08,182.63999938964844,188.0,182.3999938964844,185.5500030517578,204378100,184.3490020751953,187.24480133056642,183.94291934717535,51.029463247957885,-1.8302702484910185,0.4195772623811307,-0.0031258519079242495
2025-12-09,185.55999755859375,185.72000122070312,183.32000732421875,184.97000122070312,144719700,183.64500198364257,187.30720123291016,184.0407366684637,50.377072829084895,-1.515874652147744,-0.2919021167140706,-0.006433488855235281
2025-12-10,184.97000122070312,185.47999572753903,182.0399932861328,183.77999877929688,162785400,183.17600173950194,187.251201171875,184.01590448854304,48.99310898367432,-1.347207360855407,0.12483234832576362,-0.015507705530775545
2025-12-11,180.27999877929688,181.32000732421875,176.6199951171875,180.92999267578125,182136600,182.53250122070312,187.12500091552735,183.72200812542286,45.75136654001403,-1.4270587464668552,0.11887552569210746,-0.03266450363434634
2025-12-12,181.11000061035156,182.82000732421875,174.6199951171875,175.02000427246094,204274900,181.94050140380858,186.8476010131836,182.8932458537122,39.86129661074227,-1.9448096619946682,0.12154778336698935,0.007256250615185852
2025-12-15,177.94000244140625,178.4199981689453,175.02999877929688,176.2899932861328,164775600,181.24650115966796,186.6210009765625,182.26436465679987,41.60117349982303,-2.2269822282036387,-0.19336345287649148,0.008111679556588869
2025-12-16,176.25999450683594,178.49000549316406,174.89999389648438,177.72000122070312,148588100,180.80250091552733,186.4646011352539,181.83156813907638,43.58049744363932,-2.3086041787070144,-0.0982396665525721,-0.03814989158635597
2025-12-17,176.10000610351562,176.1300048828125,170.30999755859375,170.94000244140625,222775500,180.28150100708007,186.1826013183594,180.7942761678697,37.151226024513996,-2.887098724273727,0.49928224400204324,0.018720000599854108
2025-12-18,174.52999877929688,176.14999389648438,171.82000732421875,174.13999938964844,176096000,179.66250076293946,185.88320129394532,180.1605355223248,41.53520666779896,-3.05216336980925,-0.2095360576005889,0.03933620149032138
2025-12-19,176.6699981689453,181.4499969482422,176.33999633789062,180.9900054931641,324925900,179.68000106811525,185.65160125732422,180.23953266240474,49.634241620259104,-2.600265800420601,0.8451634335816827,0.01491793395378474
2025-12-22,183.9199981689453,184.16000366210935,182.3500061035156,183.69000244140625,129064400,179.9205009460449,185.66220123291015,180.56814883183347,52.43139491986137,-2.00119796755925,-0.6027882049414959,0.030050651636425982
2025-12-23,182.97000122070312,189.3300018310547,182.8999938964844,189.2100067138672,174873600,180.25350112915038,185.68000122070313,181.39118291583668,57.61417047911048,-1.0686949318441066,0.354932886218043,-0.003171111898024422
2025-12-24,187.94000244140625,188.91000366210935,186.58999633789065,188.61000061035156,65528500,180.79300079345703,185.8516012573242,182.07868936293335,56.88861886309729,-0.37378626047487273,-0.625280774227785,0.010179726222003608
2025-12-26,189.9199981689453,192.69000244140625,188.0,190.52999877929688,139740300,181.30650100708007,186.06560119628907,182.8835759740156,58.681744844568975,0.32807977484966955,1.1325118078393372,-0.012124062212741461
2025-12-29,187.7100067138672,188.7599945068359,185.91000366210935,188.22000122070312,120006100,181.86750106811525,186.19380126953126,183.3918069498906,55.68105104297483,0.6899627064001663,-0.14122053552196467,-0.0036128356718739384
2025-12-30,188.2400054931641,188.9900054931641,186.92999267578125,187.5399932861328,97687300,182.2485008239746,186.28020111083984,183.786872315247,54.792812934694076,0.9113807496560469,-0.18598054598891223,-0.005545448029029615
2025-12-31,189.57000732421875,190.55999755859375,186.4900054931641,186.5,120100500,182.50050048828126,186.35740112304688,184.04526542808063,53.390052323399196,0.9915078917786104,0.22943821765981864,0.012600568919654673
2026-01-02,189.83999633789065,192.92999267578125,188.2599945068359,188.8500061035156,148240500,182.9635009765625,186.511201171875,184.50285977812206,56.1235255704587,1.230451206351347,0.23430377059212915,-0.0038655597709006738
2026-01-05,191.7599945068359,193.6300048828125,186.1499938964844,188.1199951171875,183529700,183.20050048828125,186.6680010986328,184.84734885803306,55.04361388324644,1.3454007763368452,0.23805370327272235,-0.004677810157688066
2026-01-06,190.52000427246097,192.1699981689453,186.82000732421875,187.2400054931641,176862600,183.44200057983397,186.7696011352539,185.07522091852172,53.70218367896124,1.3499301756759223,-0.03632709038373627,0.009987155855193258
2026-01-07,188.57000732421875,191.3699951171875,186.55999755859375,189.11000061035156,153543200,183.62000045776367,186.82660125732423,185.45948565107693,56.147862980958415,1.4872684303676351,-0.1318503742453181,-0.02152190424135594
2026-01-08,189.11000061035156,189.5500030517578,183.7100067138672,185.0399932861328,172457000,183.62350006103514,186.6976010131836,185.41953399727274,49.96177285923783,1.253247750141469,0.12318227052712194,-0.0009727230993946374
2026-01-09,185.0800018310547,186.33999633789065,183.6699981689453,184.86000061035156,131327500,183.6775001525879,186.3742010498047,185.36624510328025,49.70098203488887,1.0412577986182896,-0.23849133407168166,0.00043276983009058617
2026-01-12,183.22000122070312,187.1199951171875,183.02000427246097,184.94000244140625,137968500,183.87800064086915,185.93220123291016,185.32565056405414,49.82634233006481,0.8696845319692557,0.05056823589880266,0.0047042019341550344
2026-01-13,185.0,188.11000061035156,183.3999938964844,185.80999755859375,160128900,184.4175003051758,185.59060119628907,185.3717788492484,51.249271178295515,0.7947514175102413,0.1606192717902999,-0.014369507583160853
2026-01-14,184.32000732421875,184.4600067138672,180.8000030517578,183.13999938964844,159586100,184.76000061035157,185.20360107421874,185.15922842452457,46.85726271543036,0.5139948338158149,-0.0033897691172548594,0.02134980711554146
2026-01-15,186.5,189.6999969482422,186.3300018310547,187.0500030517578,206188600,185.22650070190429,184.80700103759764,185.3393021985468,53.184524424522564,0.6000804824990951,0.292021046945818,-0.004383893669287339
2026-01-16,189.0800018310547,190.44000244140625,186.0800018310547,186.22999572753903,187967200,185.99100036621093,184.5578009033203,185.4241301536889,51.791822042708475,0.5952742898489305,-0.08837249004067149,-0.04381672442960602
2026-01-20,181.8999938964844,182.3800048828125,177.61000061035156,178.07000732421875,223345300,186.18750076293946,184.21500091552736,184.72373750326318,40.442548846383936,-0.06621424414296939,0.18821422035333835,0.02948278645511104
2026-01-21,179.0500030517578,185.3800048828125,178.39999389648438,183.32000732421875,200381000,186.3040008544922,184.11980102539061,184.59004891478276,48.293251589859636,-0.16491649448829548,-0.10281971458544237,0.008291451848917174
2026-01-22,184.75,186.1699981689453,183.92999267578125,184.83999633789065,139636600,186.36150054931642,184.05360107421876,184.61385343126923,50.334487412794545,-0.11911524230652049,-0.3031445097090043,0.015310549053903721
2026-01-23,187.5,189.6000061035156,186.82000732421875,187.6699981689453,142748100,186.2845001220703,183.8260009765625,184.90491483485744,53.97739459156246,0.1438815001115472,0.022282839885817918,-0.006394186390740622
2026-01-26,187.16000366210935,189.1199951171875,185.9900054931641,186.47000122070312,124799600,186.1775001525879,183.69220092773438,185.05397068112845,52.22805102709216,0.2525671514327428,-0.12573547388721806,0.01099374182623342
2026-01-27,187.2400054931641,190.0,185.6999969482422,188.52000427246097,143711600,186.0770004272461,183.58660095214844,185.3840691183982,54.91613822553118,0.49837447609604624,0.15153894724021555,0.015913430575060943
2026-01-28,191.27000427246097,192.3500061035156,189.83999633789065,191.52000427246097,148552700,186.24200057983398,183.67980102539062,185.96844389497562,58.58847923800483,0.9245953204778914,0.033686216004831904,0.005169121826911403
2026-01-29,191.33999633789065,193.47999572753903,186.05999755859375,192.5099945068359,171764400,186.49050064086913,183.72660095214843,186.59144871515278,59.753527859123075,1.3269659116049297,0.15625229295731424,-0.007168405087531217
2026-01-30,191.2100067138672,194.4900054931641,189.47000122070312,191.1300048828125,179489500,186.72200088500978,183.81720092773438,187.0236921596918,57.33221351881331,1.5170067647127894,0.044974977352699286,-0.028880888041861435
2026-02-02,187.1999969482422,190.3000030517578,184.8800048828125,185.61000061035156,165794100,186.56000061035155,183.90220092773438,186.88905486927843,48.81179917213032,1.2082691234504068,-0.07630195638184967,-0.028392889688762805
2026-02-03,186.2400054931641,186.27000427246097,176.22999572753906,180.33999633789065,204019600,186.1710006713867,183.77860076904298,186.26533500914627,42.34201537868714,0.5322120081516744,0.23056007421253222,-0.03410221815110599
2026-02-04,179.4600067138672,179.5800018310547,171.91000366210938,174.19000244140625,207014100,185.51850051879882,183.64960083007813,185.11530333602818,36.295965732464666,-0.4941252677495527,0.014677511376357977,-0.013261367048724758
2026-02-05,174.92999267578125,176.82000732421875,171.02999877929688,171.8800048828125,206312900,184.65700073242186,183.5096008300781,183.8547987214362,34.31401333818681,-1.476877921431793,-0.003387208890602178,0.07871770069195412
2026-02-06,176.69000244140625,187.0,174.60000610351562,185.41000366210935,231346200,184.6755012512207,183.56680084228515,184.00291347769078,51.142268280221145,-1.150694167177022,0.12133657178004875,0.024971627919608618
2026-02-09,184.2599945068359,193.66000366210935,183.9499969482422,190.0399932861328,196387400,184.93450088500975,183.81120056152344,184.57787345944718,55.35714839640074,-0.5126798692812145,-0.1511103272930353,-0.00789307542092749
2026-02-10,191.3800048828125,192.47999572753903,188.1199951171875,188.5399932861328,136764800,185.1145004272461,183.97680053710937,184.9552182048458,53.739654246351044,-0.12662673139382719,-0.3035968702676445,0.008008962657240435
2026-02-11,192.4499969482422,193.2599945068359,188.77000427246097,190.0500030517578,144192700,185.3265007019043,184.23780059814453,185.4404358093136,55.16004347910931,0.2977362124298395,0.054311489506071675,-0.016364117655418252
2026-02-12,193.02999877929688,193.61000061035156,186.5099945068359,186.94000244140625,189932500,185.5165008544922,184.37820068359375,185.58325167903672,51.64301801145278,0.3787300802701452,0.3172130073159043,-0.022092675879294442
2026-02-13,187.47999572753903,187.5,181.58999633789065,182.80999755859375,161888000,185.30450057983398,184.4052005004883,185.31913223899454,47.32744246332291,0.10841172305148916,-0.1476550879917865,0.011815566385624268
2026-02-17,181.75,187.1499938964844,179.17999267578125,184.97000122070312,162276900,185.2415008544922,184.51280059814454,185.28588166582392,49.69513707054887,0.06769635955214426,0.002402278118205148,0.016272879315410903
2026-02-18,188.75,190.3699951171875,186.7599945068359,187.97999572753903,164749100,185.73700027465821,184.60480041503905,185.54246395741583,52.87417797831069,0.2751389116628786,0.015234454195267366,-0.00042558693942405703
2026-02-19,187.05999755859375,188.42999267578125,185.66000366210935,187.8999938964844,126554500,185.96599960327148,184.71460021972655,185.76699061827952,52.77870866165277,0.42814772908246823,-0.23183495387835196,0.010218272964884168
2026-02-20,186.57000732421875,190.3300018310547,185.94000244140625,189.82000732421875,178422300,186.2150001525879,184.8000003051758,186.15299220932135,54.88412779583409,0.6963107201098921,0.4098455606082756,0.009113874516842545
2026-02-23,191.3999938964844,193.9499969482422,189.5800018310547,191.5500030517578,171584800,186.40900039672852,184.93160034179687,186.66699324193434,56.75507405009063,1.0364801218853756,-0.038322003471539134,0.006786755578419471
2026-02-24,191.4900054931641,193.77000427246097,187.3999938964844,192.8500061035156,175123600,186.72800064086914,185.11300048828124,187.25585160970397,58.159230946160164,1.3948868183239256,0.020624204474988472,0.014052327556699782
2026-02-25,194.4499969482422,197.6300048828125,193.7899932861328,195.55999755859375,250637100,187.0800003051758,185.4056005859375,188.04672265245537,61.00193574701453,1.875975294077449,0.4312011630642587,-0.05456125128938174
2026-02-26,194.27000427246097,194.2899932861328,184.32000732421875,184.88999938964844,360807900,186.74850006103514,185.60300048828125,187.74608234171185,47.35880730612017,1.380349883608659,0.4395630176059331,-0.0416463679683115
2026-02-27,181.25,182.58999633789065,176.3800048828125,177.19000244140625,311636500,185.98250045776368,185.62100067138672,186.7407413988256,40.34614002355213,0.3620641230270678,-0.13628138408277646,0.029854919652603402
2026-03-02,175.00999450683594,183.4600067138672,174.63999938964844,182.47999572753903,209095300,185.55,185.71620056152344,186.33495609679832,46.236224063390914,-0.017870431503780537,-0.32904104621891206,-0.013316488013346103
2026-03-03,178.49000549316406,180.8999938964844,176.9199981689453,180.0500030517578,178099400,185.27200012207032,185.89840057373047,185.73638914012778,44.08300290502046,-0.5091818722212906,-0.14823814786846,0.016606443675068902
2026-03-04,180.44000244140625,184.6999969482422,180.05999755859375,183.0399932861328,177731200,185.40699996948243,186.07640045166016,185.4795895349854,47.333080182762295,-0.6497921062552621,-0.002067384842396991,0.001639002746732341
2026-03-05,181.1699981689453,184.05999755859375,177.8800048828125,183.33999633789065,198779700,185.86449966430663,186.1234002685547,185.2758187543097,47.661787460342566,-0.7286199139051348,0.11842884085630434,-0.030107936751011564
2026-03-06,179.83999633789062,182.7599945068359,176.82000732421875,177.82000732421875,189021900,186.16149978637696,186.00600036621094,184.56574147525342,42.41613282220167,-1.2224172353606946,-0.04908851356552002,0.027162222322143714
2026-03-09,176.8300018310547,182.91000366210935,175.55999755859375,182.6499938964844,177213600,186.02349929809571,185.8748001098633,184.38328932489446,47.82700788458038,-1.210066723780642,-0.06247053912800582,0.01160695563547658
2026-03-10,182.3999938964844,186.44000244140625,182.0099945068359,184.77000427246097,179118500,185.7599998474121,185.79800018310547,184.4201193199008,50.04579422500822,-1.0174828260399522,0.010749175006884437,0.006819258958169028
2026-03-11,185.91000366210935,187.6199951171875,184.4499969482422,186.02999877929688,145280400,185.6345001220703,185.70800018310547,184.57344117317663,51.369507000323544,-0.7544903776802698,-0.1889146012276789,-0.015535125563684426
2026-03-12,184.0500030517578,184.94000244140625,181.75,183.13999938964844,155762700,185.28899993896485,185.60640014648436,184.4369229080787,48.21373061850783,-0.770385244063533,0.07215219671752005,-0.015780274103308685
2026-03-13,184.9199981689453,186.08999633789065,179.94000244140625,180.25,160988400,184.95449981689453,185.46060028076172,184.03816834540456,45.221917381368435,-1.0046004297880131,0.03354911028121621,0.016477121890169904
2026-03-16,182.97000122070312,188.8800048828125,181.41000366210935,183.22000122070312,217307400,184.975,185.39500030517578,183.96024766686156,48.74212212992361,-0.9397307436780409,0.34983265875056846,-0.007040762669616821
2026-03-17,185.05999755859375,185.3999938964844,181.67999267578125,181.92999267578125,182497800,184.8229995727539,185.25660003662108,183.76689004866344,47.31971519065024,-0.9811043978172336,-0.1601859853829184,-0.008409821584632658
2026-03-18,182.47999572753903,183.3800048828125,180.3300018310547,180.3999938964844,156683100,184.44399948120116,185.10220001220702,183.44623327226543,45.61931415338758,-1.1243901616842322,-0.14145211613509856,-0.010199536586162329
2026-03-19,178.00999450683594,179.97999572753906,175.7899932861328,178.55999755859375,170968500,183.97699966430665,184.92859985351564,182.98087749001098,43.59063666914585,-1.37061785934128,0.09117384070139023,-0.03281810422532419
2026-03-20,178.0,178.25999450683594,171.72000122070312,172.6999969482422,241323500,183.12099914550782,184.60039978027345,182.00174600984252,37.82198908184533,-2.015376157085342,0.41150855274509635,0.017023755028133337
2026-03-23,177.25999450683594,178.3699951171875,174.75999450683594,175.63999938964844,182836300,182.32549896240235,184.41239990234374,181.39586537934784,41.971142818995794,-2.263031310623518,-0.24236015141500933,-0.002505138026276844
2026-03-24,174.8300018310547,176.22000122070312,173.97999572753906,175.1999969482422,147667800,181.44299850463867,184.21919982910157,180.8057826716235,41.52454188145539,-2.466373505324043,-0.19234965923068892,0.019862989658425208
2026-03-25,177.10000610351562,181.22000122070312,176.85000610351562,178.67999267578125,162602100,180.59899826049804,184.09399963378905,180.60332648154326,46.38383288327071,-2.319973873273483,0.10113443824584634,-0.04163861365338875
2026-03-26,176.07000732421875,176.50999450683594,171.13999938964844,171.24000549316406,186152200,179.91649856567383,183.80259979248046,179.71158162550714,38.93457695681619,-2.772338109188837,0.1448326928127004,-0.0217239027176487
2026-03-27,170.0,170.97000122070312,167.00999450683594,167.52000427246094,196212700,179.43299865722656,183.49019989013672,178.55047902045513,35.83561199507932,-3.3919131707832832,0.054044486178514095,-0.014028211816980886
2026-03-30,168.77999877929688,169.4499969482422,164.27000427246094,165.1699981689453,185627000,178.56749877929687,183.05259979248046,177.27614751078752,33.994820700426104,-4.026145820794056,-0.053950126571827406,0.055881793484662365
2026-03-31,166.97000122070312,174.6199951171875,166.9600067138672,174.39999389648438,226181300,178.2849983215332,182.81599975585937,177.00222811894912,45.77621628313319,-3.740873784038172,0.21847198952738567,0.007740860956204649
2026-04-01,176.0,177.3699951171875,174.75,175.75,168132000,177.92049865722657,182.769599609375,176.8829682980968,47.259027199985105,-3.3670462166807624,-0.25664942238814614,0.009331433227018137
2026-04-02,172.17999267578125,177.49000549316406,171.3699951171875,177.38999938964844,143143200,177.62299880981445,182.6509994506836,176.93125697348268,49.08070260891641,-2.904964311267179,-0.14862607950895723,0.0014093240930164225
2026-04-06,177.16000366210938,177.7899932861328,175.75999450683594,177.63999938964844,107564300,177.61399841308594,182.50699951171876,176.99875625121274,49.367800931794974,-2.489886302054032,-0.24855459428041293,0.002589544671513849
2026-04-07,175.72999572753906,178.22999572753906,173.66000366210938,178.10000610351562,132534900,177.3864990234375,182.31559967041017,177.1036371895273,49.927247435327594,-2.099612268634928,0.23214579558459447,0.022346971314677
2026-04-08,184.5,185.2599945068359,180.3000030517578,182.0800018310547,147732700,177.2519989013672,182.2277996826172,177.57757667919657,54.601150877905276,-1.4524222725212894,0.11467017366746424,0.010050537196021397
2026-04-09,181.83999633789065,184.0800018310547,180.6199951171875,183.91000366210935,116428500,177.1459991455078,182.13559967041016,178.1806649632835,56.606793786628636,-0.7828297104390458,-0.21189756905546298,0.02566473343872597
2026-04-10,184.30999755859375,190.0,184.3000030517578,188.6300048828125,160459500,177.420499420166,182.07779968261718,179.17584019371483,61.34962579291076,0.12722529695145113,0.3781806001107977,0.003604901967763291
2026-04-13,186.02999877929688,189.66000366210935,185.7400054931641,189.30999755859375,133648200,177.8734992980957,182.01379974365236,180.14099803798902,61.994112096332486,0.8930259259157083,-0.167090761220121,0.038032840531909425
2026-04-14,190.83999633789065,196.5099945068359,190.77000427246097,196.5099945068359,161307000,178.53799896240236,182.1213995361328,181.6999500826411,68.06602732059446,2.05719397096496,0.20695228218561867,0.01200957038482587
2026-04-15,196.5399932861328,200.3999938964844,195.7400054931641,198.8699951171875,185338400,179.38499908447267,182.38659942626953,183.3351924668836,69.77079806673814,3.134109793171575,0.1489792755429089,-0.0026147182905369467
2026-04-16,197.42999267578125,199.8500061035156,195.80999755859375,198.3500061035156,134012900,180.28249969482422,182.74679962158203,184.7651747179914,68.89805435417526,3.9006503047137926,-0.2769285803697453,0.016788436953855138
2026-04-17,199.8999938964844,201.6999969482422,199.27000427246097,201.67999267578125,160324400,181.4384994506836,183.29659942626952,186.37610976159044,71.36805405813554,4.7224043317186215,0.19633557664971057,0.001884197226362419
2026-04-20,199.97999572753903,202.1699981689453,197.83999633789065,202.05999755859375,119381400,182.90649948120117,183.90019927978517,187.86981336130503,71.64479506188623,5.342725918095283,-0.25537597521026123,-0.010788838474320437
2026-04-21,202.1300048828125,202.75,199.0,199.8800048828125,107945300,184.11849975585938,184.18959930419922,189.01364112525812,67.6076967291913,5.593944543905337,-0.09579465477871763,0.013107839969903818
2026-04-22,200.9900054931641,202.5,199.0,202.5,107501000,185.48349990844727,184.43879943847656,190.29805625618593,69.80953121966121,5.936022057305308,-0.004115973553271868,-0.014123459804205247
2026-04-23,202.4600067138672,203.8300018310547,197.22000122070312,199.63999938964844,113561800,186.53150024414063,184.66079956054688,191.1877651260395,64.64392952417056,5.908236333276619,0.056379010427809906,0.043227834648350554
2026-04-24,199.9600067138672,210.9499969482422,199.80999755859375,208.27000427246097,214134400,188.38300018310548,185.02519958496094,192.8146450447463,71.49752372120646,6.507570000734603,0.8856199884115961,0.04004415502378406
2026-04-27,209.6499938964844,216.8300018310547,207.3800048828125,216.61000061035156,187172400,190.8375,185.61859954833983,195.08086938432774,76.2823443016268,7.568271926686009,-0.12591157702825884,-0.015881087815489605
2026-04-28,209.4900054931641,214.72999572753903,208.1999969482422,213.1699981689453,180275400,193.2375,186.22579956054688,196.8036435542913,70.98875551746846,8.038641936858426,-0.03684838149214309,-0.01838907070702588
2026-04-29,212.6999969482422,212.72000122070312,207.5800018310547,209.25,123711800,194.9800003051758,186.7113995361328,197.989010834835,65.41775022310333,8.002850587341385,-0.31376216610807683,-0.04626041900014934
2026-04-30,209.92999267578125,210.3000030517578,198.6999969482422,199.57000732421875,225239200,196.1710006713867,186.9431997680664,198.13958192906202,54.122503245016766,7.11141520731735,0.8206767664846846,-0.005612117727474994
2026-05-01,201.27999877929688,203.0,197.1199951171875,198.4499969482422,128647000,197.2240005493164,187.15419982910157,198.16914526422204,52.98260743984368,6.242609848732684,-0.42884275916447934,0.0001511654308801555
2026-05-04,199.5,201.72999572753903,194.7400054931641,198.47999572753903,125368100,198.26600036621093,187.32739959716798,198.19875007025223,53.01115363845771,5.493174101765732,-0.025487574525639878,-0.00997579489198019
2026-05-05,199.3000030517578,200.2400054931641,196.02999877929688,196.5,113406600,199.18600006103514,187.4263995361328,198.03696434927582,50.818079351435856,4.6854606909564325,-0.09541103358828917,0.05765904239722487
2026-05-06,199.88999938964844,208.27000427246097,198.61000061035156,207.8300018310547,188362800,200.47350006103517,187.7259994506836,198.9696345856357,60.80931775001659,4.903059040053705,0.6609509499447122,0.01765865436467955
2026-05-07,208.33999633789065,214.1999969482422,206.5,211.5,168307900,201.85299987792968,188.04479949951173,200.16300272033706,63.40279424076564,5.3104301470964685,-0.1064695364477487,0.017494075405400412
2026-05-08,213.02999877929688,217.8000030517578,212.88999938964844,215.1999969482422,136421400,203.18149948120117,188.6509994506836,201.59509740870897,65.85600060840582,5.864234273589773,-0.18945337681713104,0.019702628035742156
2026-05-11,214.0399932861328,222.3000030517578,213.88999938964844,219.44000244140625,160685800,204.6879997253418,189.4959994506836,203.29461217372776,68.46474894465007,6.569531571310279,0.17786359031647536,0.006106436032548003
2026-05-12,218.5500030517578,223.75,214.9199981689453,220.77999877929688,159176600,205.90149993896483,190.26199951171876,204.95988708854387,69.26400681575122,7.154142762332583,-0.009392242500581904,0.022873462631033244
2026-05-13,224.92999267578125,227.83999633789065,221.57000732421875,225.8300018310547,150405400,207.2495002746582,191.1775994873047,206.9475170640211,72.13074900843935,7.933492027093337,-0.055103576782014496,0.04388258239276445
2026-05-14,229.8500061035156,236.5399932861328,229.3000030517578,235.7400054931641,180782900,209.11900024414064,192.2315997314453,209.68965881917757,76.71955346217888,9.244224740027505,0.2019708068992203,-0.0442012298555219
2026-05-15,229.7599945068359,231.5,224.2400054931641,225.32000732421875,180977600,210.3010009765625,193.07119995117188,211.1782634387053,64.66334071040626,9.334579863578284,0.0010769823915868226,-0.013314396868819656
2026-05-18,229.8699951171875,230.0,218.3699951171875,222.32000732421875,146280900,211.31400146484376,193.96119995117186,212.2393819039923,61.65906314966773,9.059677696974717,-0.19171820158958897,-0.007691645634814197
2026-05-19,219.6199951171875,224.47999572753903,217.91000366210935,220.61000061035156,140948200,212.3505012512207,194.72040008544923,213.0365836855503,59.949333208158336,8.604643524347495,-0.03645520365269839,0.012964056944104664
2026-05-20,223.17999267578125,226.1300048828125,220.5,223.47000122070312,184201600,213.39900131225585,195.49440002441406,214.030242498422,61.85447450593553,8.378224850615197,0.3068744403972523,-0.01772052934280087
2026-05-21,222.2899932861328,227.3999938964844,217.92999267578125,219.5099945068359,203381800,214.39250106811522,196.16399993896485,214.5521236420805,57.7577021967593,7.789454985466676,0.10412613136910864,-0.01904237975665864
2026-05-22,220.8999938964844,221.0099945068359,214.8000030517578,215.3300018310547,169275700,214.74550094604493,196.80779998779298,214.62620727912565,53.713624884731296,6.905952627120286,-0.16769494615545733,-0.002182701976995673
2026-05-26,216.5399932861328,218.17999267578125,212.0,214.86000061035156,187202600,214.65800094604492,197.5,214.64847331067097,53.26204403112689,6.097556635002292,0.1059035644218278,-0.010518451551782614
2026-05-27,214.1199951171875,214.1499938964844,208.77999877929688,212.6000061035156,167601200,214.62950134277344,198.08760009765626,214.4533811957038,51.03998948547341,5.214425664734847,-0.10470687907112397,0.007761024690098157
2026-05-28,211.27999877929688,215.52000427246097,211.22000122070312,214.25,143996000,214.87950134277344,198.73400024414062,214.43401155801772,52.59495612707389,4.594713726327683,-0.14084147368873257,-0.014515755474219662
2026-05-29,214.5800018310547,217.86000061035156,211.1300048828125,211.13999938964844,289410600,215.45800094604493,199.3488003540039,214.12029611341111,49.40962936595033,3.808731803087994,1.0098516625461817,0.06261249056985298
2026-06-01,215.72999572753903,224.8699951171875,215.6999969482422,224.36000061035156,212850700,216.75350112915038,200.26480041503908,215.09550606550067,60.39105792096124,4.204116640912531,-0.26453730443874546,-0.006863938678656609
2026-06-02,227.17999267578125,232.27999877929688,221.3500061035156,222.82000732421875,193362900,217.9705017089844,201.2672006225586,215.83117285204526,58.790145659010555,4.343132458081726,-0.0915561940834585,-0.03621760640406192
2026-06-03,221.72000122070312,222.82000732421875,214.5099945068359,214.75,160907000,218.88300170898438,202.04940063476562,215.72820400899332,51.13960622687735,3.7587923293383767,-0.16784967540308926,0.018207234747889857
2026-06-04,213.91000366210935,221.6000061035156,210.97000122070312,218.66000366210935,169022200,219.42450180053712,202.91860076904297,216.0074230235758,54.2463215270938,3.570049872977364,0.05043410168606721,-0.06201407359138129
2026-06-05,214.52999877929688,214.8699951171875,204.3300018310547,205.1000061035156,219655500,219.1045021057129,203.44700103759766,214.9686214121415,43.836418409336865,2.2997811931146543,0.2995659741738068,0.017259839984335147
2026-06-08,210.17999267578125,210.47000122070312,206.0,208.63999938964844,138372800,218.7765022277832,204.19500091552734,214.36589550523738,46.7114197648608,1.5607407380634015,-0.37004627701104686,-0.002156810532777033
2026-06-09,210.6199951171875,211.3999938964844,199.33999633789065,208.19000244140625,180962500,218.2140022277832,205.00840087890626,213.77771521344394,46.38635840243001,0.9280370268322713,0.3077895366719472,-0.03732169739825886
2026-06-10,204.42999267578125,207.22000122070312,199.9199981689453,200.4199981689453,161746600,217.1960021972656,205.71340087890624,212.50555168539645,41.07163520837041,-0.1980763302184414,-0.10618719347931205,0.022203357892913632
2026-06-11,201.4900054931641,205.66000366210935,199.5399932861328,204.8699951171875,158643200,216.14800186157225,206.3228009033203,211.77835582175751,44.96104488443921,-0.7231160832591286,-0.019186802071882836,0.0015620019126554032
2026-06-12,204.86000061035156,207.07000732421875,203.44000244140625,205.19000244140625,112001800,214.62050170898436,206.91160095214843,211.1508935950574,45.24094311220914,-1.1007037262079393,-0.2940018859932225,0.03538181402823995
2026-06-15,208.9199981689453,212.7100067138672,208.33999633789065,212.4499969482422,149936700,213.97700119018555,207.6128009033203,211.27461772393215,51.292744720310516,-0.8048460074463435,0.3386990209085925,-0.02372319773372697
2026-06-16,211.17999267578125,211.4900054931641,207.2899932861328,207.41000366210935,125694100,213.23150100708008,208.20820098876953,210.90655924185378,47.37816361701026,-0.9659273616414907,-0.1616855646416121,-0.013307023368657097
2026-06-17,208.52999877929688,209.2100067138672,203.0800018310547,204.6499938964844,128363500,212.43350067138672,208.7392007446289,210.31069587562814,45.33758611634437,-1.3012947017970475,0.021237273666783185,0.029513846689763354
2026-06-18,207.3300018310547,211.38999938964844,206.5,210.69000244140625,241272000,211.79450073242188,209.31140075683595,210.34682031046415,50.37478279936649,-1.067393278656823,0.8795997304529715,-0.00968251232276283
