Date,Open,High,Low,Close,Volume,SMA20,SMA50,EMA20,RSI,MACD,VolumeChange
2015-03-16,206.7100067138672,208.69000244140625,205.86000061035156,208.5800018310547,136099200,209.44000167846679,206.0002005004883,208.0340701183344,52.09165336535732,0.0014395545564411805,-0.16200698352142617
2015-03-17,207.69000244140625,208.4199981689453,206.97999572753903,207.9600067138672,94510400,209.33250198364257,206.05080078125,208.0270164607661,50.32546277804675,0.00794492494384258,-0.305577108462063
2015-03-18,207.38999938964844,211.27000427246097,206.6199951171875,210.4600067138672,228808500,209.3490020751953,206.2256008911133,208.2587298182043,56.70057681453747,0.2123813840799187,1.4209875315309213
2015-03-19,209.9600067138672,210.47000122070312,209.02999877929688,209.5,117917300,209.32500228881835,206.4192007446289,208.37694602599436,53.84297245067423,0.2935503662389465,-0.4846463308836866
2015-03-20,209.7100067138672,211.02000427246097,209.4900054931641,210.41000366210935,177715100,209.28350219726562,206.58120086669922,208.57057056276722,56.101462731729065,0.4263918795376185,0.5071164282085834
2015-03-23,210.4199981689453,211.11000061035156,210.0,210.0,71784500,209.22300186157227,206.66320098876952,208.70670669964653,54.80041415261858,0.4929039766883818,-0.596069776850701
2015-03-24,209.8500061035156,210.3999938964844,208.7400054931641,208.82000732421875,77805300,209.07350234985353,206.7546011352539,208.71749723532008,51.125610856384235,0.4452669849158326,0.08387325954767388
2015-03-25,209.07000732421875,209.3500061035156,205.7100067138672,205.7599945068359,159521700,208.78000183105468,206.81680114746095,208.4358303087978,43.06131954196831,0.1587667012582017,1.0502677838142134
2015-03-26,204.9600067138672,206.3699951171875,204.1199951171875,205.27000427246097,153067200,208.4745018005371,206.88060119628906,208.1343230672419,41.92104696326542,-0.10659618014744865,-0.04046157983521992
2015-03-27,205.1300048828125,205.9499969482422,204.8999938964844,205.7400054931641,118939000,208.22850189208984,206.97820129394532,207.90629282209161,43.46742737817555,-0.2757938254074759,-0.2229622022222919
2015-03-30,206.97999572753903,208.61000061035156,206.9600067138672,208.25,96180400,208.04150161743163,207.1628012084961,207.93902683903528,50.97461159879896,-0.20498565148577086,-0.1913468248429867
2015-03-31,207.2599945068359,208.1000061035156,206.36000061035156,206.42999267578125,126768700,207.80700149536133,207.25880096435546,207.79530929967774,46.185359477645555,-0.29235891257894764,0.3180304926991362
2015-04-01,206.38999938964844,206.4199981689453,204.5099945068359,205.6999969482422,137303600,207.58050155639648,207.33160095214845,207.59575574239815,44.38411283490292,-0.4157152986797996,0.08310332124570174
2015-04-02,205.6199951171875,206.97999572753903,205.3999938964844,206.44000244140625,86900900,207.37950134277344,207.39880096435547,207.48568399944654,46.655332687632644,-0.44859276641321344,-0.36708942809948175
2015-04-06,205.3699951171875,208.4499969482422,205.2100067138672,207.8300018310547,114368200,207.39600143432617,207.43340087890624,207.5184761738854,50.72579970699852,-0.35835615573196833,0.31607612809533614
2015-04-07,207.86000061035156,208.7599945068359,207.2400054931641,207.27999877929688,81236300,207.34200134277344,207.4796008300781,207.49576404106745,49.12837355920995,-0.32744901296544526,-0.2896950376066074
2015-04-08,207.5500030517578,208.5099945068359,207.0800018310547,207.97999572753903,89351900,207.49200134277345,207.53020080566407,207.54188134454094,51.23327241084772,-0.2436621899926763,0.09990115256357068
2015-04-09,207.77999877929688,209.17999267578125,207.19000244140625,208.8999938964844,85548900,207.71200103759764,207.65340057373047,207.67122539710698,53.93124529735302,-0.10185029880193497,-0.04256204960386967
2015-04-10,209.1999969482422,210.08999633789065,208.9600067138672,210.0399932861328,72722900,207.8590003967285,207.85140045166017,207.89682233891895,57.098539346909,0.10135669317190832,-0.149925948784847
2015-04-13,209.8699951171875,210.6300048828125,209.02999877929688,209.08999633789065,74436600,208.02200012207032,207.9934002685547,208.01045795786862,53.780302170247644,0.18362615604752364,0.023564791833109
2015-04-14,208.8500061035156,209.7100067138672,208.1000061035156,209.4900054931641,75099900,208.06750030517577,208.1942004394531,208.15136724694437,54.967014808780284,0.27789924440725144,0.008910938973569538
2015-04-15,210.0500030517578,211.0399932861328,209.9499969482422,210.42999267578125,99529300,208.19099960327148,208.36440032958984,208.36837919254788,57.714566885451625,0.42357771573082914,0.32529204433028536
2015-04-16,210.02999877929688,210.97999572753903,209.7899932861328,210.3699951171875,68934900,208.1864990234375,208.47500030517577,208.5590092806088,57.473532270885954,0.5281000436807517,-0.3073908889141188
2015-04-17,208.94000244140625,209.22999572753903,207.0099945068359,207.9499969482422,191113200,208.1089988708496,208.55280029296875,208.5010081060977,48.648271776209285,0.4109242353646323,1.7723721946358086
2015-04-20,209.05999755859375,210.25,208.9600067138672,209.8500061035156,92189500,208.08099899291992,208.62740051269532,208.62948410585176,54.54927436148431,0.46600461177280295,-0.5176183539389221
2015-04-21,210.6699981689453,210.86000061035156,209.2400054931641,209.6000061035156,72559800,208.0609992980957,208.70840057373047,208.72191477229595,53.67526925349995,0.4839051390239604,-0.2129277195342203
2015-04-22,210.0099945068359,210.8500061035156,208.8999938964844,210.6300048828125,78264600,208.1514991760254,208.82840057373048,208.9036376399642,56.74990348881724,0.5745803249450034,0.07862204691854169
2015-04-23,210.1499938964844,211.94000244140625,210.0099945068359,211.16000366210935,102585900,208.42149963378907,208.91540069580077,209.11852964207324,58.284181860903935,0.6813533182464653,0.31075735389946413
2015-04-24,211.66000366210935,211.97000122070312,211.11000061035156,211.6499938964844,61327400,208.74049911499023,209.00980072021486,209.35962147582669,59.707299166907866,0.7963302027120562,-0.4021849006539885
2015-04-27,212.3300018310547,212.47999572753903,210.5399932861328,210.77000427246097,79358100,208.99199905395508,209.04680084228517,209.49394364693472,56.011631042271596,0.8071382167990464,0.29400724635317976
2015-04-28,210.7400054931641,211.5,209.3300018310547,211.44000244140625,86863500,209.1514991760254,209.08000091552734,209.67928257974154,58.13626564982829,0.8598550251671213,0.09457635704483858
2015-04-29,210.3699951171875,211.2899932861328,209.6000061035156,210.57000732421875,125684900,209.35849990844727,209.0892010498047,209.764113507787,54.458056557882735,0.821957130350313,0.44692419715991183
2015-04-30,209.8800048828125,210.3500061035156,207.6199951171875,208.4600067138672,161304900,209.49650039672852,209.0558010864258,209.63991286074702,46.73511044748693,0.6145788776840391,0.2834071555135105
2015-05-01,209.3999938964844,210.77000427246097,209.27999877929688,210.72000122070312,103399700,209.71050033569335,209.07060119628906,209.74277841883807,54.22327042214352,0.6253837528904285,-0.35897979540609115
2015-05-04,211.22999572753903,212.02000427246097,211.1000061035156,211.32000732421875,70927200,209.88500061035157,209.07220123291015,209.892990695541,55.99214582956134,0.6745859653366892,-0.3140482999467117
2015-05-05,211.02999877929688,211.4600067138672,208.72999572753903,208.8999938964844,113326200,209.96600036621095,209.0260009765625,209.7984195718213,47.94498851289299,0.5123976137264492,0.5977819510709572
2015-05-06,209.55999755859375,209.92999267578125,206.7599945068359,208.0399932861328,135060200,209.96900024414063,208.95060089111328,209.63095040175574,45.44538659445179,0.31088364153964676,0.19178265926149463
2015-05-07,207.9199981689453,209.3800048828125,207.52000427246097,208.8699951171875,88244900,209.96750030517578,208.8954006958008,209.5584784698921,48.24957093459228,0.21567046305534632,-0.34662543073385055
2015-05-08,210.8800048828125,211.86000061035156,210.77999877929688,211.6199951171875,155877300,210.0465003967285,208.90020050048827,209.75481338868212,56.2699263271454,0.3579886797635652,0.766417096058809
2015-05-11,211.57000732421875,211.88999938964844,210.52000427246097,210.61000061035156,75708100,210.12250061035155,208.89920043945312,209.83625979074588,53.01988107088157,0.3848425506590445,-0.514309652527982
2015-05-12,209.61000061035156,210.6300048828125,208.6199951171875,209.97999572753903,119727600,210.14700012207032,208.85900024414062,209.8499489275833,51.03958650239962,0.35123943833670523,0.5814371249575674
2015-05-13,210.47000122070312,211.22000122070312,209.7400054931641,210.02000427246097,94667900,210.1265007019043,208.8370004272461,209.86614467471452,51.16433109023728,0.32410104977779497,-0.20930595785767026
2015-05-14,211.2400054931641,212.32000732421875,210.91000366210935,212.2100067138672,95934000,210.21850128173827,208.87660064697266,210.0893696308243,57.541370906303875,0.4738463697395332,0.01337412153433215
2015-05-15,212.44000244140625,212.61000061035156,211.86000061035156,212.44000244140625,76510100,210.4430015563965,208.91620056152342,210.3132394223083,58.159302999313994,0.6041154805133431,-0.2024714908166031
2015-05-18,212.2400054931641,213.3999938964844,212.16000366210935,213.1000061035156,74549700,210.6055015563965,209.02820068359375,210.57864577289948,59.96015662250522,0.7519435320227785,-0.025622760916532594
2015-05-19,213.2400054931641,213.57000732421875,212.69000244140625,213.02999877929688,72114600,210.77700119018556,209.12160064697267,210.81210796398494,59.666801230077375,0.8536094435865209,-0.032664115348552736
2015-05-20,213.1499938964844,213.77999877929688,212.5,212.8800048828125,76857500,210.88950119018554,209.27960083007812,211.0090505276828,59.00075605581506,0.9115691552791816,0.06576892889927977
2015-05-21,212.7100067138672,213.75,212.5099945068359,213.5,64764600,211.0065010070801,209.45960083007813,211.24628381076064,60.94157499894189,0.9960492332724016,-0.15734183391341117
2015-05-22,213.0399932861328,213.5399932861328,212.91000366210935,212.9900054931641,57433500,211.07350158691406,209.57740081787108,211.41235254241812,58.48887541204791,1.0102030176702215,-0.11319609786827989
2015-05-26,212.3999938964844,212.91000366210935,210.1999969482422,210.6999969482422,124308600,211.07000122070312,209.67480072021485,211.3445091524966,48.96024368029151,0.8271011355645328,1.1643918618924496
2015-05-27,211.25,212.97999572753903,210.7599945068359,212.6999969482422,93214000,211.13300094604492,209.7572006225586,211.47360322828192,55.74178946059279,0.833763750603481,-0.25014037645022147
2015-05-28,212.3300018310547,212.58999633789065,211.6300048828125,212.4600067138672,74974600,211.22750091552734,209.8472006225586,211.56754641738527,54.80086283146896,0.8103376468166061,-0.19567232389984335
2015-05-29,212.3800048828125,212.42999267578125,210.82000732421875,211.13999938964844,124919600,211.36150054931642,209.86080047607422,211.5268276528389,49.81956781830502,0.6774495151733504,0.666158939160729
2015-06-01,211.94000244140625,212.33999633789065,210.6199951171875,211.57000732421875,93338800,211.40400085449218,209.90220062255858,211.53094000249413,51.37031546508532,0.5999172869835547,-0.25280900675314366
2015-06-02,211.02000427246097,212.19000244140625,210.27000427246097,211.36000061035156,91531000,211.40600051879883,209.92120056152345,211.51466006038532,50.54871952325632,0.5155833271874997,-0.019368151293995606
2015-06-03,212.0,212.6699981689453,211.3300018310547,211.9199981689453,87820900,211.55700073242187,209.95960052490236,211.553263689772,52.72021621603283,0.4883062884067897,-0.040533808217980805
2015-06-04,211.07000732421875,211.86000061035156,209.75,210.1300048828125,151882800,211.66150131225587,209.98580047607422,211.41771523196633,45.79754396526456,0.3185791578368651,0.7294607547861613
2015-06-05,209.9499969482422,210.5800018310547,208.97999572753903,209.77000427246097,121704700,211.70650177001954,210.06600067138672,211.2607903786801,44.53107008369305,0.15325353211628112,-0.19869333459746596
2015-06-08,209.63999938964844,209.82000732421875,208.38999938964844,208.47999572753903,89063300,211.54950180053712,210.1302005004883,210.99595279285714,40.23713805016728,-0.08092823557441875,-0.2682016388849403
2015-06-09,208.4499969482422,209.1000061035156,207.69000244140625,208.4499969482422,105034700,211.44150161743164,210.18440032958983,210.7534808076557,40.140206019525024,-0.2658747854119099,0.17932638920857413
2015-06-10,209.3699951171875,211.41000366210935,209.3000030517578,210.9499969482422,134551300,211.4900016784668,210.2384002685547,210.77219663056871,50.781404697781184,-0.20831581693232692,0.2810176065624026
2015-06-11,211.47999572753903,212.08999633789065,211.1999969482422,211.6300048828125,73876400,211.57050170898438,210.34240051269532,210.85389265459193,53.21751674663613,-0.10660014238081317,-0.4509425029709858
2015-06-12,210.63999938964844,211.47999572753903,209.67999267578125,210.0099945068359,135382400,211.46050109863282,210.42860046386718,210.77352140242468,47.22108976376642,-0.15492515507639837,0.8325527502693688
2015-06-15,208.63999938964844,209.4499969482422,207.7899932861328,209.11000061035156,124384200,211.29400100708008,210.4820004272461,210.61509085079868,44.238813537096625,-0.2628154883315119,-0.08123803389510009
2015-06-16,208.92999267578125,210.3500061035156,208.72000122070312,210.25,85308200,211.1515007019043,210.530400390625,210.58032029357975,48.66167460483147,-0.25340978115679036,-0.3141556564258161
2015-06-17,210.58999633789065,211.32000732421875,209.36000061035156,210.58999633789065,126708600,211.02950057983398,210.5966003417969,210.58124182160935,49.93706144987026,-0.2160305616165772,0.48530387465683256
2015-06-18,211.30999755859375,213.33999633789065,210.6300048828125,212.77999877929688,165867900,211.0245002746582,210.69260040283203,210.79064724615102,57.296125141435844,-0.009581912102618162,0.30905005658652995
2015-06-19,211.4600067138672,211.5500030517578,210.36000061035156,210.80999755859375,130478700,210.8900001525879,210.73080047607422,210.79249013305034,50.15413065657683,-0.004876293626637107,-0.21335773829656013
2015-06-22,211.91000366210935,212.58999633789065,211.63999938964844,211.88999938964844,70696000,210.83499984741212,210.76780059814453,210.89701482415492,53.57098457919995,0.08502000701417955,-0.4581797642067249
2015-06-23,212.13999938964844,212.44000244140625,211.57000732421875,212.0399932861328,68476800,210.90199966430663,210.82680053710936,211.00586991577185,54.04216858920351,0.16644801769717787,-0.031390743464976834
2015-06-24,211.72000122070312,212.1699981689453,210.47000122070312,210.5,92307300,210.79199981689453,210.8470004272461,210.95769182855548,48.58990274443542,0.10549958138753368,0.3480083765596522
2015-06-25,211.1000061035156,211.25,209.77000427246097,209.86000061035156,97107400,210.66199951171876,210.8356005859375,210.85314980777414,46.490693660066945,0.005491600701333255,0.05200130433887673
2015-06-26,210.2899932861328,210.5800018310547,209.16000366210935,209.82000732421875,104174800,210.59599990844725,210.8246008300781,210.75475528553076,46.35591936159246,-0.07611516027651533,0.07277921147101041
2015-06-29,208.0500030517578,209.8300018310547,205.3300018310547,205.4199981689453,202621300,210.2884994506836,210.7740008544922,210.2466831791893,34.50454875643699,-0.49018255336898164,0.9450126134151446
2015-06-30,207.2599945068359,207.32000732421875,205.27999877929688,205.8500061035156,182925100,210.01299972534179,210.69400085449217,209.82795202912513,36.22068130657438,-0.7747055753604002,-0.09720695701784565
2015-07-01,207.72999572753903,208.02999877929688,206.55999755859375,207.5,135979900,209.79199981689453,210.65200073242187,209.6062423120656,42.45174772589891,-0.8571704746328805,-0.25663618606741234
2015-07-02,208.07000732421875,208.27000427246097,206.80999755859375,207.30999755859375,104373700,209.6509994506836,210.5856005859375,209.38755233554448,41.94357716911951,-0.9271682916151462,-0.23243288162441655
2015-07-06,205.77000427246097,207.6499938964844,205.52999877929688,206.72000122070312,117975400,209.4984992980957,210.49680053710938,209.13349984841673,40.32918805552781,-1.0185091006310927,0.13031731173657723
2015-07-07,206.9600067138672,208.1699981689453,204.11000061035156,208.02000427246097,173820200,209.4754997253418,210.4242007446289,209.02745265070666,45.322947180478764,-0.9747615240716812,0.4733597004121197
2015-07-08,206.4199981689453,206.7599945068359,204.25,204.52999877929688,164020100,209.27949981689454,210.29940063476562,208.5991237105724,36.493269680319806,-1.2077829604205874,-0.05638067382272027
2015-07-09,207.0399932861328,207.3500061035156,204.77000427246097,204.8999938964844,144113100,208.97699966430665,210.1686004638672,208.2468256330402,37.875075876305104,-1.3470704244462866,-0.12136927120517549
2015-07-10,207.2899932861328,207.97999572753903,204.9499969482422,207.47999572753903,129456900,208.76949920654297,210.1068002319336,208.17379421346865,46.6002708647825,-1.2350354376649477,-0.10169929034903835
2015-07-13,208.9900054931641,209.8999938964844,208.94000244140625,209.77000427246097,106069400,208.75749969482422,210.13300018310548,208.32581421908696,52.92062907825517,-0.9505055163733687,-0.1806585821226987
2015-07-14,209.72000122070312,211.0500030517578,209.6499938964844,210.67999267578125,81709600,208.83599929809571,210.13220001220702,208.5500216911531,55.1902762235344,-0.6441595741692367,-0.22965907226777937
2015-07-15,210.72999572753903,211.27999877929688,210.0399932861328,210.61000061035156,97914100,208.85399932861327,210.1179998779297,208.74621015964817,54.97076480949947,-0.40238750986500804,0.19831819027384778
2015-07-16,211.8699951171875,212.3000030517578,211.5800018310547,212.3000030517578,106683300,208.93949966430665,210.18600006103514,209.0846666255634,59.19132624529554,-0.07356433014280128,0.08956013485289649
2015-07-17,212.2899932861328,212.5500030517578,211.8000030517578,212.47999572753903,89030000,208.92449951171875,210.2748001098633,209.40803130194203,59.625372851746974,0.19925739825049504,-0.16547388391622686
2015-07-20,212.75,213.17999267578125,212.2100067138672,212.58999633789065,70446800,209.01349945068358,210.34920013427734,209.71107559108,59.90603756133979,0.4195108535353995,-0.20872964169381103
2015-07-21,212.42999267578125,212.7400054931641,211.38999938964844,211.75,77965000,209.00649948120116,210.3518002319336,209.90525886812,56.66657313827325,0.5202850966358881,0.10672166798208016
2015-07-22,210.92999267578125,211.77000427246097,210.88999938964844,211.3699951171875,88667900,208.9729995727539,210.36700012207032,210.04475755850737,55.21200977630686,0.5629963209872813,0.13727826588853964
2015-07-23,211.52999877929688,211.6499938964844,209.75,210.17999267578125,90509100,208.95699920654297,210.37100006103515,210.05763709348582,50.81328932621244,0.4951146487744609,0.020765124695633963
2015-07-24,210.3000030517578,210.3699951171875,207.6000061035156,208.0,117755000,208.8639991760254,210.33059997558593,209.861671656011,43.91148289157935,0.26238612063914957,0.3010293992537767
2015-07-27,206.94000244140625,207.5500030517578,206.2599945068359,206.7899932861328,132361100,208.7124984741211,210.22219970703125,209.56913085887973,40.61402732979672,-0.019465952603155756,0.1240380450936267
2015-07-28,207.7899932861328,209.5,206.8000030517578,209.3300018310547,123544800,208.90799865722656,210.15999969482422,209.54635666575354,49.232303170842556,-0.037446628025975315,-0.06660793843508406
2015-07-29,209.47999572753903,211.0399932861328,209.30999755859375,210.77000427246097,105791300,209.15399856567382,210.11339965820312,209.66289453305902,53.36436791477314,0.06376468003728064,-0.1437009084963511
2015-07-30,210.16000366210935,211.02000427246097,209.4199981689453,210.82000732421875,91304400,209.31999893188475,210.06919982910156,209.77309575126472,53.505880689947354,0.14632347333207463,-0.1369384817087984
2015-07-31,211.4199981689453,211.4499969482422,210.16000366210935,210.5,103266900,209.47949905395507,210.02159973144532,209.84232472733476,52.40981026615529,0.18381113482669775,0.13101778227555294
2015-08-03,210.4600067138672,210.52999877929688,208.6499938964844,209.7899932861328,113965700,209.63299865722655,209.94739959716796,209.83734078055363,49.964222268870586,0.15444838378235204,0.1036033811414887
2015-08-04,209.6999969482422,210.25,208.8000030517578,209.3800048828125,81820800,209.70099868774415,209.87519958496094,209.79378498076875,48.55525549702202,0.09697765624588328,-0.2820576717380756
2015-08-05,210.4499969482422,211.30999755859375,209.72999572753903,210.07000732421875,85786800,209.97799911499024,209.86259979248047,209.82009187062113,51.05674237891893,0.10588850428538876,0.048471782236301664
2015-08-06,210.2899932861328,210.4199981689453,207.6499938964844,208.3500061035156,116030800,210.1504997253418,209.77559997558595,209.68008370232536,45.16165946402761,-0.025544843252987448,0.3525484107112049
2015-08-07,208.16000366210935,208.33999633789065,206.8699951171875,207.9499969482422,117858000,210.17399978637695,209.68539978027343,209.51531353526983,43.892395472620116,-0.16013814110968383,0.01574754289378344
2015-08-10,209.27999877929688,210.6699981689453,209.27999877929688,210.57000732421875,80270700,210.21399993896483,209.67399993896484,209.61576056278878,53.17513857687385,-0.05476011780143608,-0.3189202260347197
2015-08-11,208.97000122070312,209.47000122070312,207.7599945068359,208.6699981689453,126081400,210.11350021362304,209.61599975585938,209.5256879538513,47.090618048562256,-0.12314262340450455,0.5707026349589577
2015-08-12,207.11000061035156,209.13999938964844,205.36000061035156,208.9199981689453,172123700,210.02900009155275,209.56719970703125,209.46800321243168,47.934796570414065,-0.15537230587523254,0.3651791620334166
2015-08-13,208.72999572753903,209.5500030517578,208.0099945068359,208.66000366210935,89383300,209.8470001220703,209.50199981689454,209.39105087430573,47.09326719898248,-0.1995931595714069,-0.480703122231279
2015-08-14,208.42999267578125,209.5099945068359,208.2599945068359,209.4199981689453,72786500,209.69400024414062,209.48779968261718,209.3938077595095,49.86402653990968,-0.17133821922027437,-0.185681217856132
2015-08-17,208.7100067138672,210.58999633789065,208.16000366210935,210.58999633789065,79072600,209.59400024414063,209.5041995239258,209.5077304812601,53.86934367719331,-0.05391539812652013,0.08636354268992186
2015-08-18,210.2599945068359,210.67999267578125,209.6999969482422,209.97999572753903,71692700,209.50550003051757,209.5341995239258,209.55270812376284,51.55673253609631,-0.00996405823067903,-0.09333068597719063
2015-08-19,209.08999633789065,210.0099945068359,207.3500061035156,208.32000732421875,172946000,209.35300064086914,209.5315997314453,209.4353080476158,45.795172444293826,-0.10783642458022769,1.4123237093874272
2015-08-20,206.5099945068359,208.2899932861328,203.8999938964844,203.97000122070312,194327900,209.04250106811523,209.39199981689453,208.91480263552887,34.81535664744918,-0.530297182261819,0.1236333884565124
2015-08-21,201.72999572753903,203.94000244140625,197.52000427246097,197.8300018310547,346588500,208.53400115966798,209.11599975585938,207.85910732081703,25.516028404825178,-1.345042203753394,0.7835241362665886
2015-08-24,187.4900054931641,197.47999572753903,182.3999938964844,189.5,507244300,207.66950149536132,208.70579986572267,206.11062090931065,18.35356263341994,-2.6325486520858874,0.4635347104707743
2015-08-25,195.42999267578125,195.4499969482422,186.9199981689453,187.27000427246097,369833100,206.56650161743164,208.26899993896484,204.31627646770593,16.979466432723456,-3.7891696180522274,-0.27089747484594706
2015-08-26,192.0800018310547,194.7899932861328,188.3699951171875,194.4600067138672,339257000,205.75100173950196,207.9532000732422,203.3775841101975,34.108593429418164,-4.078611267081158,-0.08267540141755836
2015-08-27,197.02000427246097,199.4199981689453,195.2100067138672,199.27000427246097,274143900,205.17350158691406,207.7268002319336,202.98638603041306,42.63553279499536,-3.8751983803974213,-0.191928537952054
2015-08-28,198.5,199.83999633789065,197.9199981689453,199.27999877929688,160414400,204.6125015258789,207.45680023193358,202.63339676840198,42.652139474852795,-3.6708702221324074,-0.41485329420060046
2015-08-31,198.11000061035156,199.1300048828125,197.0099945068359,197.6699981689453,163298800,204.00650177001953,207.19400024414062,202.1606921398823,40.612520035740886,-3.5973838764869015,0.017980929392872547
2015-09-01,193.1199951171875,194.77000427246097,190.72999572753903,191.77000427246097,256000400,203.12600173950196,206.79160034179688,201.1711028191755,34.16490943501965,-3.969468060370417,0.5676808402756175
2015-09-02,194.6199951171875,195.4600067138672,192.4199981689453,195.41000366210935,160269300,202.39300155639648,206.4590005493164,200.62242670897874,40.446643382357195,-3.9253805829240207,-0.37394902507964833
2015-09-03,196.2599945068359,198.0500030517578,194.9600067138672,195.5500030517578,152087800,201.75300140380858,206.16000061035157,200.13933874162436,40.681079679846235,-3.8349373876544917,-0.05104845407074221
2015-09-04,192.8500061035156,193.86000061035156,191.61000061035156,192.58999633789065,207081000,200.98500137329103,205.81460052490235,199.42035375079257,37.33464839316087,-3.9565002359124435,0.36158850348285654
2015-09-08,195.94000244140625,197.61000061035156,195.1699981689453,197.42999267578125,116025700,200.32800064086913,205.5668002319336,199.23079555317244,45.26339149402715,-3.620556887953313,-0.4397086164351147
2015-09-09,199.32000732421875,199.47000122070312,194.3500061035156,194.7899932861328,149347700,199.6340003967285,205.35420013427733,198.80786200393058,42.13203321834645,-3.526691744561816,0.2871949921439818
2015-09-10,194.55999755859375,197.22000122070312,194.25,195.8500061035156,158611100,198.98050079345703,205.15420013427735,198.5261614419863,43.812828470327396,-3.328401031463187,0.06202572922113969
2015-09-11,195.3800048828125,196.82000732421875,194.52999877929688,196.7400054931641,119691200,198.38450088500977,204.93900024414063,198.35605135162228,45.25069467963911,-3.0641174612690634,-0.24537942174286664
2015-09-14,196.9499969482422,197.0099945068359,195.42999267578125,196.0099945068359,79452000,197.7140007019043,204.71300018310546,198.13261736640453,44.25041144169484,-2.880373461179971,-0.33619180023259854
2015-09-15,196.61000061035156,198.9900054931641,195.9600067138672,198.4600067138672,113806200,197.1075012207031,204.54780029296876,198.1637973042581,48.37500622581228,-2.5081471487409317,0.4323893671650807
2015-09-16,198.82000732421875,200.41000366210935,198.41000366210935,200.17999267578125,99581600,196.61750106811525,204.39100006103516,198.35581591106984,51.109669941620595,-2.050727116121891,-0.12498967543068829
2015-09-17,200.02000427246097,202.88999938964844,199.27999877929688,199.72999572753903,276046600,196.18800048828126,204.295,198.48669017930501,50.35807749399911,-1.7048766805550883,1.7720643171027581
2015-09-18,195.7100067138672,198.67999267578125,194.9600067138672,195.4499969482422,223657500,195.7620002746582,204.10600006103516,198.19748130015617,43.76583321388982,-1.7559068495500298,-0.18978353654781477
2015-09-21,196.44000244140625,197.67999267578125,195.2100067138672,196.4600067138672,105726200,195.69350051879883,203.8856002807617,198.0320075300334,45.576414033755384,-1.6953068371224163,-0.5272852464147189
2015-09-22,193.8800048828125,194.4600067138672,192.55999755859375,193.91000366210935,153890900,195.91400070190429,203.56840026855468,197.63943573308828,41.90771998804831,-1.8319275057353366,0.45556068410668304
2015-09-23,194.11000061035156,194.6699981689453,192.91000366210935,193.6000061035156,92790600,196.23050079345703,203.22680053710937,197.25472814931945,41.47068639238077,-1.9428189743570954,-0.39703647194213565
2015-09-24,192.1499938964844,193.4499969482422,190.55999755859375,192.8999938964844,159378800,196.1525001525879,202.87260040283203,196.83999155381136,40.44499295388995,-2.063400797064844,0.7176179483697702
2015-09-25,194.63999938964844,195.0,191.80999755859375,192.8500061035156,155054800,195.8315002441406,202.4836004638672,196.45999293949748,40.36821104768172,-2.1383468262942245,-0.027130333519891026
2015-09-28,191.77999877929688,191.91000366210935,187.63999938964844,188.0099945068359,178515900,195.26800003051758,201.99420043945312,195.6552311840059,33.697669220131985,-2.5587943916501388,0.1513084406287326
2015-09-29,188.27000427246097,189.7400054931641,186.92999267578125,188.1199951171875,159045600,194.79049987792968,201.50480041503906,194.93758965383273,33.964742757158504,-2.8502698498166126,-0.10906759565954627
2015-09-30,190.3699951171875,191.8300018310547,189.44000244140625,191.6300048828125,163452000,194.78349990844725,201.1024005126953,194.62258158040223,41.9939597517719,-2.7661513260531194,0.02770526188715694
2015-10-01,192.0800018310547,192.4900054931641,189.82000732421875,192.1300048828125,131079000,194.61949996948243,200.7176007080078,194.38519332348892,43.056121670599424,-2.628837367821859,-0.19805814551060863
2015-10-02,189.77000427246097,195.02999877929688,189.1199951171875,195.0,211003300,194.59199981689454,200.4140008544922,194.4437463402995,48.84628151596525,-2.2623514667787674,0.6097414536272019
2015-10-05,196.4600067138672,198.7400054931641,196.3300018310547,198.47000122070312,126320800,194.88600006103516,200.22340087890626,194.8271991860522,54.827027201534975,-1.672627641041828,-0.4013325857936819
2015-10-06,198.30999755859375,198.97999572753903,197.0,197.7899932861328,110274500,194.90400009155275,200.04340087890625,195.10937005272655,53.50677785435363,-1.2457776681818586,-0.12702816954927454
2015-10-07,198.8999938964844,199.8300018310547,197.47999572753903,199.41000366210935,124307300,195.13500061035157,199.84500091552735,195.5189542060011,56.21201136733161,-0.7679225578212652,0.12725335412992123
2015-10-08,198.9499969482422,201.5500030517578,198.58999633789065,201.2100067138672,153055200,195.40300064086915,199.65380096435547,196.06095920675025,59.062237663410166,-0.24119340958861812,0.2312647768876004
2015-10-09,201.3800048828125,201.8999938964844,200.5800018310547,201.3300018310547,107069200,195.63250045776368,199.46400085449218,196.56277279001733,59.25265159258519,0.18380702540736138,-0.30045369252400445
2015-10-12,201.4199981689453,201.7599945068359,200.91000366210935,201.52000427246097,56395600,195.90800094604492,199.2844009399414,197.03489007405958,59.57329568508276,0.5298467971499292,-0.4732789635114487
2015-10-13,200.6499938964844,202.16000366210935,200.0500030517578,200.25,88038700,195.99750061035155,199.09360107421875,197.34109101938722,56.37971808026897,0.693611556157606,0.5610916454475172
2015-10-14,200.17999267578125,200.8699951171875,198.94000244140625,199.2899932861328,99106200,195.95300064086913,198.89180084228516,197.52670075907727,54.02221636605322,0.7374311416681678,0.12571176085062596
2015-10-15,200.0800018310547,202.36000061035156,199.63999938964844,202.3500061035156,134142200,196.08400115966796,198.7374008178711,197.9860631728333,59.79334459149495,1.0074625386352523,0.3535197596114068
2015-10-16,202.8300018310547,203.2899932861328,201.9199981689453,203.27000427246097,114580100,196.4750015258789,198.63580078125,198.48929565851213,61.363556389429185,1.2809347116890137,-0.14583106583908723
2015-10-19,202.5,203.3699951171875,202.1300048828125,203.3699951171875,76523900,196.82050094604492,198.5442007446289,198.95412417838597,61.53936280571488,1.4885724678012195,-0.3321362086435603
2015-10-20,202.8500061035156,203.83999633789065,202.5500030517578,203.11000061035156,78448500,197.28050079345704,198.39500061035156,199.34992193381126,60.765114055374674,1.6135475301038866,0.025150312516743156
2015-10-21,203.61000061035156,203.7899932861328,201.6499938964844,201.8500061035156,102038000,197.69300079345703,198.25860076904297,199.58802518806883,57.02098025902773,1.5925620766036275,0.3007004595371485
2015-10-22,202.97999572753903,205.5099945068359,201.8500061035156,205.2599945068359,174911700,198.3110008239746,198.18540069580078,200.1282127422371,63.564235509961684,1.829993493338634,0.7141819714224114
2015-10-23,207.25,207.9499969482422,206.3000030517578,207.5099945068359,144442300,199.04400024414062,198.1624005126953,200.8312395769608,67.12111193914414,2.17464781136934,-0.17419875285644126
2015-10-26,207.3000030517578,207.3699951171875,206.55999755859375,207.0,69033000,199.99350051879884,198.11400054931642,201.41874056963118,65.55889908568506,2.379210489493431,-0.5220721353786253
2015-10-27,206.1999969482422,207.0,205.7899932861328,206.6000061035156,77905800,200.91750106811523,198.03420074462892,201.91219443000114,64.29494744081097,2.480458539136123,0.12852983355786374
2015-10-28,207.0,208.97999572753903,206.2100067138672,208.9499969482422,135906700,201.78350067138672,198.01360076904297,202.58246133650027,68.1768088344877,2.7189802575051942,0.7445004094688714
2015-10-29,208.3500061035156,209.27000427246097,208.2100067138672,208.8300018310547,90525500,202.61850051879884,198.0238006591797,203.1774651931245,67.7716359213209,2.8652984576197866,-0.3339143691959263
2015-10-30,209.05999755859375,209.44000244140625,207.7400054931641,207.92999267578125,131076900,203.2650001525879,198.10300048828125,203.63008685813944,64.66738328179787,2.875486648085257,0.44795554843662844
2015-11-02,208.32000732421875,210.6199951171875,208.1699981689453,210.38999938964844,86270800,203.86100006103516,198.35420043945314,204.2738880516165,68.86524894078697,3.0469396218002203,-0.34183063529882074
2015-11-03,209.97000122070312,211.66000366210935,209.6999969482422,211.0,95246100,204.52150039672853,198.78420043945312,204.91447014193872,69.82268972349945,3.1952069334077464,0.10403635992711324
2015-11-04,211.3500061035156,211.5,209.72000122070312,210.36000061035156,96224500,205.06900024414062,199.24600036621095,205.43309209131138,67.47811832858795,3.2239040845424825,0.010272336610107846
2015-11-05,210.42999267578125,210.97999572753903,209.08999633789065,210.1499938964844,78408700,205.5159996032715,199.5598001098633,205.8823208346612,66.68681108663148,3.1928952874929166,-0.18514827304896364
2015-11-06,209.7400054931641,210.32000732421875,208.4600067138672,210.0399932861328,110471500,205.95149917602538,199.77519989013672,206.27828963956324,66.2485778266817,3.123439397383379,0.4089189082333975
2015-11-09,209.30999755859375,209.4900054931641,206.9499969482422,208.0800018310547,131008700,206.27949905395508,199.95119995117187,206.44988127684815,58.83019199392347,2.8770750437883805,0.18590496191325356
2015-11-10,207.5099945068359,208.6000061035156,207.19000244140625,208.55999755859375,75874600,206.69499893188475,200.16899993896484,206.6508447322525,60.01116372146752,2.6895576163163355,-0.4208430432482728
2015-11-11,208.8800048828125,208.94000244140625,207.66000366210935,207.7400054931641,67846000,207.11749954223632,200.4883999633789,206.7545743285298,57.00290878250194,2.4465795512106183,-0.10581406689458661
2015-11-12,206.5,207.05999755859375,204.82000732421875,204.83999633789065,121315200,207.24199905395508,200.67699981689452,206.57223356751655,47.86450110330831,1.9969911111633962,0.7880965716475548
2015-11-13,204.3500061035156,204.6699981689453,202.44000244140625,202.5399932861328,153577100,207.20549850463868,200.81679962158202,206.18821068357525,42.099911191180226,1.438515695474365,0.26593452428055175
2015-11-16,202.32000732421875,205.69000244140625,202.17999267578125,205.6199951171875,117645200,207.31799850463867,201.07739959716798,206.13409491534784,50.66811581847277,1.230268542121479,-0.2339665223526164
2015-11-17,205.9900054931641,207.0399932861328,204.8800048828125,205.47000122070312,121123700,207.43599853515624,201.2381997680664,206.07084789681025,50.27790877757986,1.0411264610899025,0.02956771716993134
2015-11-18,206.0399932861328,208.8999938964844,205.9900054931641,208.72999572753903,121342500,207.7799980163574,201.51699981689453,206.32410007116536,57.871753229747256,1.141130073806039,0.001806417736578414
2015-11-19,208.58999633789065,209.0500030517578,208.1999969482422,208.5500030517578,88220500,207.94449844360352,201.77099975585938,206.5360908312218,57.35094773392197,1.1921177612129554,-0.27296289428683274
2015-11-20,209.4499969482422,210.1199951171875,208.86000061035156,209.30999755859375,94011500,208.0344985961914,202.02239959716798,206.80027242430484,59.027591195231864,1.279106334385233,0.06564233936556696
2015-11-23,209.3800048828125,209.97999572753903,208.52000427246097,209.07000732421875,64931200,208.13799896240235,202.28359985351562,207.01643765286806,58.24886178295772,1.3135385444203678,-0.30932705041404507
2015-11-24,207.8699951171875,209.8300018310547,207.41000366210935,209.3500061035156,98874400,208.27549896240234,202.5013998413086,207.23868226721544,58.92964250926602,1.3478823318912703,0.5227563944605982
2015-11-25,209.5,209.7400054931641,209.0099945068359,209.32000732421875,51980100,208.29399948120118,202.68420013427735,207.43690370121575,58.81898304281571,1.3570363102577403,-0.47428151270703034
2015-11-27,209.42999267578125,209.8000030517578,208.86000061035156,209.55999755859375,37317800,208.33049926757812,202.88080017089842,207.63910311620413,59.47460975753832,1.3678879494949001,-0.2820752557228632
2015-11-30,209.75,209.88999938964844,208.55999755859375,208.69000244140625,112822700,208.36849975585938,203.14560028076173,207.73918876622338,55.99434961787604,1.291400159497698,2.0232945136101272
2015-12-01,209.44000244140625,210.82000732421875,209.11000061035156,210.67999267578125,97858400,208.38299942016602,203.43,208.0192653290384,61.53838993955878,1.3755026770911059,-0.13263554231550923
2015-12-02,210.6199951171875,211.0,208.22999572753903,208.52999877929688,108441300,208.25949935913087,203.72239990234374,208.0679066100154,53.67103298147464,1.2542102341516852,0.10814503404919762
2015-12-03,208.8300018310547,209.1499938964844,204.75,205.61000061035156,166224200,208.02199935913086,203.96259979248046,207.83382032433312,45.21617064536711,0.9119532214012054,0.5328495693061592
2015-12-04,205.61000061035156,209.97000122070312,205.61000061035156,209.6199951171875,192913900,207.99549942016603,204.29699981689453,208.00393220936687,55.56783039798987,0.9532961125676422,0.1605644665457857
2015-12-07,209.22999572753903,209.72999572753903,207.1999969482422,208.3500061035156,102027100,207.91100006103517,204.60699981689453,208.03689162785722,52.20350397095437,0.8735138283445281,-0.4711262381819039
2015-12-08,206.4900054931641,208.2899932861328,205.77999877929688,206.9499969482422,103372400,207.85449981689453,204.98579986572267,207.93337784884625,48.702884038937434,0.6893701251468372,0.013185712423464002
2015-12-09,206.19000244140625,208.67999267578125,204.17999267578125,205.33999633789065,162401500,207.69349975585936,205.33019989013673,207.68638913351714,44.968384256109296,0.4088088260875793,0.5710334673471835
2015-12-10,205.4199981689453,207.42999267578125,205.13999938964844,205.8699951171875,116128900,207.59999923706056,205.6149996948242,207.51339922720004,46.42476639576325,0.2266161573544423,-0.2849271712391819
2015-12-11,203.3500061035156,204.13999938964844,201.5099945068359,201.8800048828125,211173300,207.45199966430664,205.80999969482423,206.9768854801155,38.22358925260058,-0.23699972610293685,0.8184388209997684
2015-12-14,202.07000732421875,203.0500030517578,199.9499969482422,202.8999938964844,182385200,207.46999969482422,205.9679995727539,206.58861009119826,41.08864968885329,-0.5161640470817019,-0.1363245258751935
2015-12-15,204.6999969482422,206.11000061035156,202.8699951171875,205.02999877929688,154069600,207.44049987792968,206.0991995239258,206.44017091863623,46.65272667955129,-0.5590854013896376,-0.15525163225963512
2015-12-16,206.3699951171875,208.38999938964844,204.8000030517578,208.02999877929688,197017000,207.56849975585936,206.30399963378906,206.591583095842,53.33751091098582,-0.3470256601620747,0.2787532387959728
2015-12-17,208.3999938964844,208.47999572753903,204.83999633789065,204.86000061035156,173092500,207.375,206.4129995727539,206.42667047817625,46.681119254568394,-0.4298046266926576,-0.12143368338772798
2015-12-18,202.77000427246097,202.92999267578125,199.8300018310547,200.02000427246097,251393500,206.94850006103516,206.38919952392578,205.81651179191766,38.73309735101886,-0.8758584578894499,0.45236506492193485
2015-12-21,201.41000366210935,201.8800048828125,200.08999633789065,201.6699981689453,99094300,206.56650009155274,206.3959994506836,205.42160573258695,42.33749961217383,-1.083726095057557,-0.6058199595454934
2015-12-22,202.72000122070312,203.8500061035156,201.5500030517578,203.5,111026200,206.2879997253418,206.43559936523437,205.23859566281678,46.123336438518564,-1.0882521479676939,0.12040954928790049
2015-12-23,204.69000244140625,206.07000732421875,204.5800018310547,206.02000427246097,110987200,206.12149963378906,206.5509994506836,205.31301553040194,50.90360665478584,-0.8783704850888228,-0.00035126843934130125
2015-12-24,205.72000122070312,206.3300018310547,205.4199981689453,205.67999267578125,48539600,205.9394989013672,206.67879943847657,205.34796573472377,50.25569738498126,-0.731046796983378,-0.5626558738304958
2015-12-28,204.86000061035156,205.2599945068359,203.94000244140625,205.2100067138672,65899900,205.72199935913085,206.7359994506836,205.33482678035648,49.32120628623368,-0.6447829950365644,0.35765230863047903
2015-12-29,206.5099945068359,207.7899932861328,206.47000122070312,207.3999938964844,92640700,205.65749893188476,206.81859924316407,205.53150936284484,53.646483267418766,-0.3951496086297084,0.4057790679500273
2015-12-30,207.11000061035156,207.2100067138672,205.7599945068359,205.92999267578125,63317700,205.41999893188478,206.86979919433594,205.56946015455307,50.52910119308576,-0.3123298208327867,-0.3165239468181912
2015-12-31,205.1300048828125,205.88999938964844,203.8699951171875,203.8699951171875,114877900,205.1869987487793,206.88499908447267,205.40760634147063,46.455145559896735,-0.4082134980781973,0.8143094269059046
2016-01-04,200.4900054931641,201.02999877929688,198.58999633789065,201.02000427246097,222353500,204.95749893188477,206.86839904785157,204.98973947775542,41.473151527149035,-0.7060337285697074,0.9355637594350175
2016-01-05,201.3999938964844,201.8999938964844,200.0500030517578,201.36000061035156,110845800,204.54449920654298,206.79039916992187,204.6440500618122,42.26857266976982,-0.9042004835837929,-0.5014883957302223
2016-01-06,198.33999633789065,200.05999755859375,197.6000061035156,198.82000732421875,152112600,204.06799926757813,206.61659942626954,204.08937932489854,38.102399389602084,-1.2517756052540392,0.37229015443074975
2016-01-07,195.3300018310547,197.44000244140625,193.58999633789065,194.0500030517578,213436100,203.4229995727539,206.3575994873047,203.13324825126608,31.76951920380081,-1.890340208294532,0.4031454330541979
2016-01-08,195.19000244140625,195.8500061035156,191.5800018310547,191.9199981689453,209817200,202.75199966430665,206.06399932861328,202.06531967199743,29.418200169361327,-2.53901269183217,-0.01695542600337996
2016-01-11,193.0099945068359,193.41000366210935,189.82000732421875,192.11000061035156,187941300,202.06399993896486,205.72719940185547,201.11719404707878,29.91648772557282,-3.0031403666075107,-0.10426170971683923
2016-01-12,193.82000732421875,194.5500030517578,191.13999938964844,193.66000366210935,172330500,201.6529998779297,205.42379943847655,200.40698543898645,34.009355710629265,-3.208902371301434,-0.08306210502960232
2016-01-13,194.4499969482422,194.86000061035156,188.3800048828125,188.8300018310547,221168900,200.9495002746582,205.04179962158204,199.3044155715644,28.436396495654876,-3.718842522512716,0.2833996303614277
2016-01-14,189.5500030517578,193.2599945068359,187.66000366210935,191.92999267578125,240795600,200.29449996948242,204.6725994873047,198.6020895814898,35.71721105812294,-3.8286955932839533,0.08874077684520754
2016-01-15,186.77000427246097,188.7599945068359,185.52000427246097,187.80999755859375,324846400,199.28349990844725,204.20879943847658,197.57427129359493,31.177300913106563,-4.199791534509615,0.34905455083066306
2016-01-19,189.9600067138672,190.11000061035156,186.1999969482422,188.05999755859375,195244400,198.44349975585936,203.7627993774414,196.66814998549958,31.744240795841165,-4.4227323256749,-0.39896394111186084
2016-01-20,185.02999877929688,187.5,181.02000427246097,185.6499938964844,286547800,197.72499923706056,203.2727993774414,195.61880178654576,29.24334957593115,-4.739250533101739,0.46763645973969026
2016-01-21,186.2100067138672,188.8699951171875,184.63999938964844,186.69000244140625,195772900,196.9759994506836,202.8057995605469,194.7684399441515,31.74245406970371,-4.850262685956892,-0.31678798441307177
2016-01-22,189.77999877929688,190.7599945068359,188.8800048828125,190.52000427246097,168319600,196.32699966430664,202.454599609375,194.3638270230381,40.12895409084484,-4.576437158953496,-0.1402303383154665
2016-01-25,189.9199981689453,190.1499938964844,187.41000366210935,187.63999938964844,130371700,195.40799942016602,202.0361996459961,193.72346248652482,36.49756413008869,-4.539492338887982,-0.22545146257476845
2016-01-26,188.4199981689453,190.52999877929688,188.02000427246097,190.1999969482422,141036800,194.63399963378907,201.68539947509765,193.38789434002172,41.55996493277826,-4.254598531155239,0.08180533045131733
2016-01-27,189.5800018310547,191.55999755859375,187.05999755859375,188.1300048828125,185681700,193.77999954223634,201.3511996459961,192.88714296314464,38.86218122593874,-4.148033250758971,0.3165478797023189
2016-01-28,189.9600067138672,190.1999969482422,187.16000366210935,189.11000061035156,143798800,192.8654998779297,201.08259979248047,192.5274151200215,40.82076209480448,-3.9390946026589404,-0.2255628853031828
2016-01-29,190.02000427246097,193.8800048828125,189.8800048828125,193.72000122070312,210529300,192.25500030517577,200.84459991455077,192.64099474865785,49.083952084032695,-3.36275692822025,0.4640546374517729
2016-02-01,192.52999877929688,194.5800018310547,191.83999633789065,193.6499938964844,136061600,191.74400024414064,200.6081997680664,192.7370899055937,48.97212307369722,-2.8784729307689645,-0.35371656106774685
2016-02-02,191.9600067138672,191.97000122070312,189.5399932861328,190.16000366210935,182564900,191.20100021362305,200.2367999267578,192.49165312049996,43.63491089922619,-2.7446488154992323,0.3417812226226944
2016-02-03,191.41000366210935,191.77999877929688,187.1000061035156,191.3000030517578,205054900,190.69800033569337,199.8917999267578,192.3781626377626,45.71605442637849,-2.5175826905096983,0.12318906865448942
2016-02-04,190.7100067138672,192.75,189.9600067138672,191.6000061035156,139531800,190.3370002746582,199.53760009765625,192.30405249164386,46.27819914455711,-2.287059611924576,-0.31953930386447726
2016-02-05,190.9900054931641,191.6699981689453,187.1999969482422,187.9499969482422,180788300,190.03199996948243,199.11519989013672,191.88938053512942,40.74917470031538,-2.3715558264232754,0.2956781178197372
2016-02-08,185.77000427246097,186.1199951171875,182.8000030517578,185.4199981689453,191526700,189.7069999694824,198.6365997314453,191.2732488812071,37.4125990206163,-2.6125535514995306,0.059397649073529735
2016-02-09,183.36000061035156,186.94000244140625,183.1999969482422,185.42999267578125,184513100,189.3729995727539,198.15879943847656,190.71674829021418,37.43439335267852,-2.770799460327339,-0.03661943739436846
2016-02-10,186.41000366210935,188.33999633789065,185.1199951171875,185.27000427246097,148214100,188.9534996032715,197.6729995727539,190.19801076471387,37.21101556395059,-2.875967843174351,-0.19672857916321385
2016-02-11,182.33999633789065,184.1000061035156,181.08999633789065,182.86000061035156,219058900,188.65499954223634,197.15639953613282,189.4991526547746,33.92683920789584,-3.1178411663917416,0.4779896109749342
2016-02-12,184.9600067138672,186.6499938964844,183.9600067138672,186.6300048828125,127632400,188.3900001525879,196.67539978027344,189.22590048601631,42.47924584482346,-2.9710710227743675,-0.41736035376786795
2016-02-16,188.77000427246097,189.80999755859375,187.6300048828125,189.77999877929688,120250700,188.48850021362304,196.30039978027344,189.27867175204304,48.47982466205178,-2.5709402458870727,-0.057835627944001655
2016-02-17,191.16000366210935,193.32000732421875,191.0099945068359,192.8800048828125,136009500,188.729500579834,196.04579986572264,189.62165585973537,53.60891792183232,-1.9808550734483674,0.13104954898391452
2016-02-18,193.1999969482422,193.27000427246097,191.72000122070312,192.08999633789065,102343000,189.0515007019043,195.6951998901367,189.85673590527398,52.18315435045903,-1.5589844083297635,-0.24753050338395477
2016-02-19,191.1699981689453,192.17999267578125,190.4499969482422,192.0,114793000,189.31700057983397,195.3681997680664,190.06085629524787,52.013445758269285,-1.2178719494123982,0.12164974644088988
2016-02-22,193.8699951171875,194.9499969482422,193.7899932861328,194.77999877929688,103640300,189.53000030517578,195.1247998046875,190.51029843658588,56.6981716825104,-0.7149734314060368,-0.09715487878180729
2016-02-23,194.0,194.32000732421875,192.17999267578125,192.32000732421875,111455300,189.7640007019043,194.86440002441407,190.6826516639795,51.872319989544664,-0.5090554102231692,0.07540503066857207
2016-02-24,190.6300048828125,193.52999877929688,189.32000732421875,193.1999969482422,150812200,189.91400070190429,194.61100006103516,190.92239883390928,53.400296596161006,-0.27172382350283897,0.35311824561057215
2016-02-25,193.72999572753903,195.5500030517578,192.8300018310547,195.5399932861328,110728300,190.2845001220703,194.48419982910156,191.36216973412104,57.283906634269485,0.10398266966822689,-0.2657868527877718
2016-02-26,196.57000732421875,196.67999267578125,194.8999938964844,195.08999633789065,129833700,190.58349990844727,194.3279998779297,191.71720083924197,56.311982527708125,0.36125742862148513,0.17254306261362262
2016-02-29,195.11000061035156,196.22999572753903,193.3300018310547,193.55999755859375,125918100,190.57549972534179,194.09859985351562,191.89270528870404,53.018228686377164,0.4366578935142229,-0.03015857978321501
2016-03-01,195.0099945068359,198.2100067138672,194.4499969482422,198.11000061035156,141799700,190.79850006103516,193.90019989013672,192.48482865267047,60.43056991315684,0.8537193798978535,0.12612642662174856
2016-03-02,197.7400054931641,199.05999755859375,197.25,199.0,102415000,191.2404998779297,193.78299987792968,193.10532116193994,61.70333903791879,1.2417450612256857,-0.277748824574382
2016-03-03,198.7899932861328,199.8000030517578,198.11000061035156,199.77999877929688,95172200,191.66449966430665,193.7781997680664,193.74100474454536,62.83170852112285,1.5938249698882316,-0.07072010935898065
2016-03-04,200.0099945068359,201.3500061035156,199.02999877929688,200.42999267578125,129293600,192.10599899291992,193.75339965820314,194.37805121418688,63.78918638897552,1.903359169615328,0.35852276189895793
2016-03-07,199.33999633789065,201.07000732421875,199.25,200.58999633789065,100219000,192.73799896240234,193.69519958496093,194.969665035492,64.03479523833717,2.1369448413690577,-0.2248726928479059
2016-03-08,199.32000732421875,199.9199981689453,198.2100067138672,198.3999938964844,123974900,193.38699874877932,193.5427993774414,195.2963630222532,58.21460668178487,2.120899861333214,0.23703988265698128
2016-03-09,199.36000061035156,199.7899932861328,198.42999267578125,199.3800048828125,94801200,194.0844993591309,193.41679962158204,195.6852812946874,59.96807735655662,2.1623367236181252,-0.23531940739617452
2016-03-10,199.9600067138672,201.07000732421875,197.3800048828125,199.5399932861328,156838700,194.7979988098145,193.30339935302734,196.05239672244412,60.261254700854025,2.1829220954894595,0.6543957249486294
2016-03-11,201.2599945068359,202.80999755859375,199.52000427246097,202.7599945068359,137964500,195.79299850463866,193.21059936523437,196.69121555905286,65.70509934009668,2.4310398250118226,-0.12034147184336519
2016-03-14,202.16000366210935,203.0399932861328,201.77000427246097,202.5,73612000,196.58649826049805,193.14199951171875,197.24443312485735,64.93163423603585,2.5769895974539736,-0.46644245439950127
2016-03-15,201.36000061035156,202.52999877929688,201.0500030517578,202.1699981689453,93169100,197.20599822998048,193.1079995727539,197.71353455762764,63.90337573246892,2.6356453745544,0.26567815030158126
2016-03-16,201.6000061035156,203.82000732421875,201.5500030517578,203.33999633789065,129303200,197.7289978027344,193.1543994140625,198.24938806050983,65.96149245650838,2.7448980980155397,0.3878335199116445
2016-03-17,203.2400054931641,205.22999572753903,202.77000427246097,204.6300048828125,134278500,198.3559982299805,193.2197994995117,198.85706585311007,68.1198149403452,2.9021207356724403,0.038477779358902175
2016-03-18,204.1699981689453,204.77999877929688,203.8000030517578,204.3800048828125,138372400,198.97499847412112,193.3309994506836,199.38306004641507,67.23011859302102,2.9722852439714416,0.03048812728768935
2016-03-21,204.07000732421875,204.94000244140625,203.8000030517578,204.6699981689453,72926700,199.46949844360353,193.54339935302735,199.88657796284653,67.75619312488942,3.016518608125466,-0.47296787509647875
2016-03-22,203.7599945068359,205.22999572753903,203.57000732421875,204.55999755859375,97471900,200.08149795532228,193.79619934082032,200.33166554339388,67.31475028029143,3.0080231198633953,0.33657357319061476
2016-03-23,204.11000061035156,204.3300018310547,203.0099945068359,203.2100067138672,81052500,200.58199844360354,194.01819946289064,200.60579327391514,61.9779256403325,2.859396067430737,-0.1684526514821194
2016-03-24,202.0,203.16000366210935,201.7400054931641,203.1199951171875,84360900,200.96099853515628,194.20739929199217,200.8452410685125,61.62709564291828,2.7031842486394453,0.04081798834089012
2016-03-28,203.61000061035156,203.86000061035156,202.7100067138672,203.2400054931641,62408200,201.36849899291994,194.49559936523437,201.0733138708603,61.936462542595386,2.5595640303066602,-0.26022363440883156
2016-03-29,202.7599945068359,205.25,202.3999938964844,205.1199951171875,92922900,201.94649887084964,194.7593994140625,201.45871208479622,66.49365684032469,2.5678429286255096,0.488953374716784
2016-03-30,206.3000030517578,206.8699951171875,205.58999633789065,206.02000427246097,86365300,202.3419990539551,195.12359954833985,201.8931208645738,68.44161374137165,2.616861679824467,-0.07057033303954141
2016-03-31,205.91000366210935,206.41000366210935,205.3300018310547,205.52000427246097,94584100,202.66799926757815,195.4727996826172,202.23853833199163,66.14106593814425,2.58555885891397,0.0951632194874561
2016-04-01,204.3500061035156,207.13999938964844,203.97999572753903,206.9199981689453,114423500,203.02499923706057,195.8981997680664,202.68439164979674,69.25706402877383,2.6432492233456344,0.20975407071590246
2016-04-04,206.8300018310547,207.07000732421875,205.88999938964844,206.25,63497000,203.3159996032715,196.28939971923828,203.02397339743516,66.12092726543905,2.6048785811657638,-0.4450702871350728
2016-04-05,204.6699981689453,206.2599945068359,203.88999938964844,204.19000244140625,99662200,203.49599990844726,196.5627996826172,203.13502378257527,57.49961066520627,2.3808005966508006,0.5695576168952865
2016-04-06,204.19000244140625,206.4900054931641,203.97999572753903,206.4199981689453,91839800,203.89700012207032,196.93839965820314,203.4478784860391,63.107447525674274,2.3560006885108464,-0.0784891363024296
2016-04-07,205.13999938964844,205.55999755859375,203.08999633789065,203.9499969482422,113859000,204.1254997253418,197.21339965820312,203.4956992919632,54.52560099329906,2.112684415940379,0.23975661967904993
2016-04-08,205.33999633789065,205.8500061035156,203.8699951171875,204.5,95040600,204.37350006103514,197.54079956054687,203.5913469784429,55.96169650168882,1.9418507202953208,-0.165278107132506
2016-04-11,205.25,206.07000732421875,203.91000366210935,204.02000427246097,83757500,204.4365005493164,197.83899963378906,203.6321714826351,54.34859522551244,1.7475870463503895,-0.11871873704501024
2016-04-12,204.22000122070312,206.25,203.6999969482422,205.9199981689453,115350600,204.60750045776368,198.08299957275392,203.85005973847416,59.344248349008254,1.7270371049866071,0.37719726591648506
2016-04-13,207.0,208.1000061035156,206.83999633789065,208.0,96336400,204.8990005493164,198.36999969482423,204.24529214433377,63.990013789912936,1.8571814610394313,-0.1648383276723311
2016-04-14,208.07000732421875,208.6000061035156,207.6000061035156,208.0099945068359,65212900,205.13250045776368,198.72699951171876,204.60383522647683,64.01129438883274,1.9387792338650058,-0.32307103026478046
2016-04-15,208.0099945068359,208.1699981689453,207.3999938964844,207.77999877929688,75761600,205.29000015258788,199.05659942626954,204.90632699341208,63.08734910500733,1.9622675250914483,0.16175787305885803
2016-04-18,207.77999877929688,209.27999877929688,207.0,209.2400054931641,82531000,205.53300018310546,199.4093994140625,205.31905827910273,66.40259083191373,2.074775781431015,0.08935133365715608
2016-04-19,209.7400054931641,210.1999969482422,208.94000244140625,209.8999938964844,88316100,205.79449996948242,199.84839935302733,205.7553378617105,67.81002080511597,2.1919277548231264,0.07009608510741416
2016-04-20,209.9499969482422,210.9199981689453,209.38999938964844,210.1000061035156,81100300,206.0715003967285,200.34199951171874,206.16911578950146,68.24418021347275,2.274689645023699,-0.08170424192191461
2016-04-21,210.1199951171875,210.25,208.6499938964844,208.97000122070312,85695000,206.3595001220703,200.8127996826172,206.43586678294923,63.06869726001967,2.223466353018921,0.0566545376527583
2016-04-22,208.5500030517578,209.2899932861328,207.91000366210935,208.97000122070312,99251700,206.6520004272461,201.28679962158202,206.67721291987817,63.06869726001967,2.157995496285622,0.15819709434622786
2016-04-25,208.2599945068359,208.66000366210935,207.5399932861328,208.61000061035156,66166500,206.92050018310547,201.80179962158203,206.8612879380185,61.34964299999513,2.0533901268364616,-0.33334643134576036
2016-04-26,209.0399932861328,209.52000427246097,208.36000061035156,208.9199981689453,75864200,207.11050033569336,202.24759948730468,207.05735557905916,62.30250056813407,1.9727630457389296,0.14656510469799677
2016-04-27,208.47000122070312,209.80999755859375,208.0500030517578,209.3500061035156,77329400,207.2770004272461,202.63899963378907,207.275703248055,63.641508689603334,1.9214146773149707,0.01931345746742208
2016-04-28,208.4600067138672,209.7599945068359,206.9600067138672,207.4499969482422,97216200,207.37350006103514,202.93039947509766,207.29230264807285,54.44011506061193,1.707720328672508,0.25716997674881736
2016-04-29,206.72000122070312,207.1300048828125,205.02999877929688,206.3300018310547,142424100,207.34400024414063,203.21519958496094,207.20065495121398,49.86353246892302,1.4314904412861438,0.46502434779388624
2016-05-02,206.9199981689453,208.17999267578125,206.41000366210935,207.97000122070312,62188000,207.43000030517578,203.534599609375,207.27392602449865,55.73199648724394,1.329583894601683,-0.5633604144242442
2016-05-03,206.52000427246097,206.8000030517578,205.27999877929688,206.16000366210935,106422100,207.52850036621095,203.76219970703124,207.16783818046156,48.925481446497734,1.0902033602505412,0.7112963915868014
2016-05-04,204.9900054931641,205.8500061035156,204.4199981689453,205.0099945068359,92243800,207.45800018310547,204.01599945068358,206.96232925916388,45.15229689754312,0.7984919165604367,-0.13322702709305678
2016-05-05,205.55999755859375,205.97999572753903,204.47000122070312,204.97000122070312,67619200,207.5090003967285,204.25139953613282,206.7725837316914,45.02225877366733,0.5576530940739985,-0.2669512747740228
2016-05-06,204.05999755859375,205.77000427246097,203.8800048828125,205.72000122070312,89315000,207.57000045776368,204.4549996948242,206.67233777826397,48.04418505060946,0.42243574774903436,0.32085265723344847
2016-05-09,205.57000732421875,206.3999938964844,205.36000061035156,205.88999938964844,74374900,207.66350021362305,204.67099975585938,206.59782936030058,48.732061577584666,0.3252432562963463,-0.16727425404467333
2016-05-10,206.72000122070312,208.47000122070312,206.63999938964844,208.4499969482422,77472200,207.79000015258788,204.96879974365234,206.77422627343788,57.7941615976447,0.44960514651270955,0.04164442574040428
2016-05-11,207.91000366210935,208.5399932861328,206.5,206.5,81727000,207.7150001525879,205.1365997314453,206.7481094854914,50.47533774541255,0.3863606584006618,0.054920345620751654
2016-05-12,207.2899932861328,207.4900054931641,205.3699951171875,206.55999755859375,89586300,207.6425003051758,205.2877996826172,206.7301940638821,50.68227785111129,0.33719329309073487,0.0961652819753569
2016-05-13,206.2100067138672,206.86000061035156,204.3800048828125,204.7599945068359,96474600,207.49150009155272,205.38739959716796,206.54255601083008,44.653821480317234,0.1512392073875617,0.0768901048486208
2016-05-16,204.9600067138672,207.33999633789065,204.88999938964844,206.77999877929688,77486800,207.36849975585938,205.51439971923827,206.56516960782693,51.60998081180128,0.16496510263252162,-0.1968165714084329
2016-05-17,206.4600067138672,206.8000030517578,204.22999572753903,204.8500061035156,114924900,207.11600036621093,205.5995999145508,206.40182070265442,45.699999193869544,0.01987953528197295,0.4831545501943557
2016-05-18,204.44000244140625,206.3000030517578,203.6300048828125,204.91000366210935,120062100,206.85650024414062,205.72980010986328,206.25974288926918,45.90737262332873,-0.08923191064937441,0.04470049571502788
2016-05-19,204.05999755859375,204.5399932861328,202.77999877929688,204.1999969482422,115430500,206.61800003051758,205.82619995117187,206.06357660917138,43.776732146267044,-0.23033991058329661,-0.038576703222748865
2016-05-20,204.9199981689453,206.1000061035156,204.86000061035156,205.4900054931641,104990400,206.44400024414062,205.9452001953125,206.00895078859926,48.45741035930868,-0.2353629905880723,-0.09044489974486813
2016-05-23,205.5099945068359,205.83999633789065,204.9900054931641,205.2100067138672,58682600,206.2740005493164,205.99420043945312,205.93286087672,47.53243325643993,-0.25895233776549276,-0.4410669927917219
2016-05-24,206.1699981689453,208.2400054931641,206.13999938964844,207.8699951171875,93537800,206.22150039672852,206.10160034179688,206.11734985200263,56.104723364070686,-0.062290189132312435,0.5939614127526729
2016-05-25,208.6699981689453,209.77000427246097,207.8699951171875,209.27999877929688,76621400,206.21800003051757,206.2438003540039,206.41855451174493,59.8494696883762,0.20497862616599605,-0.18085095009718
2016-05-26,209.44000244140625,209.7100067138672,208.97000122070312,209.33999633789065,55280700,206.3125,206.3638003540039,206.69678706661594,60.005820243775304,0.41682746190102193,-0.2785214052470981
2016-05-27,209.52999877929688,210.25,209.47000122070312,210.2400054931641,64211200,206.50800018310548,206.47600036621094,207.0342364405729,62.37286939192522,0.6498513260810626,0.16154824378128363
2016-05-31,210.55999755859375,210.69000244140625,209.17999267578125,209.83999633789065,109879400,206.60149993896485,206.5852001953125,207.3014516688889,60.65463594329368,0.7931046052762838,0.7112186036080932
2016-06-01,209.1199951171875,210.47999572753903,208.88999938964844,210.27000427246097,69936200,206.80699996948243,206.69720031738282,207.58417096446718,61.87064585720927,0.9306044785684549,-0.36351854851773857
2016-06-02,209.8000030517578,210.92999267578125,209.2400054931641,210.91000366210935,63044700,207.10200042724608,206.82420043945314,207.9009169356712,63.67031611899361,1.0787812026460415,-0.09853981200008011
2016-06-03,210.25,210.69000244140625,208.86000061035156,210.27999877929688,101757100,207.36750030517578,206.96560028076172,208.12749615887364,60.636317700475544,1.1323234749879134,0.6140468588160464
2016-06-06,210.6999969482422,211.77000427246097,210.5099945068359,211.3500061035156,64887000,207.6490005493164,207.1302005004883,208.43440186788715,63.79211446120388,1.2467252871593928,-0.3623344218732648
2016-06-07,211.52999877929688,212.33999633789065,211.5,211.67999267578125,60974800,207.93850021362306,207.29900024414061,208.74350575435327,64.73118533965204,1.3484723561678322,-0.06029250851480261
2016-06-08,211.83999633789065,212.52000427246097,211.69000244140625,212.3699951171875,66170900,208.1345001220703,207.44400024414062,209.08888569367082,66.67732544899148,1.4678644442362554,0.08521717168403997
2016-06-09,211.5099945068359,212.22000122070312,211.19000244140625,212.0800018310547,73786900,208.41350021362305,207.5652001953125,209.37375389723118,65.0526368098876,1.5215440864874097,0.11509591074021963
2016-06-10,210.4600067138672,210.86000061035156,209.42999267578125,210.07000732421875,113829200,208.5890007019043,207.65620025634766,209.44006374742048,55.04168631064146,1.3859198103669144,0.5426749192607361
2016-06-13,209.36000061035156,210.3699951171875,208.3500061035156,208.4499969482422,117751200,208.77350082397462,207.6868002319336,209.34577167130826,48.55593437413804,1.1346359194781996,0.03445513102086273
2016-06-14,208.0,208.7400054931641,206.9199981689453,208.0399932861328,125059300,208.8365005493164,207.72260009765625,209.22141182510106,47.04503000866027,0.8921239074799701,0.06206391102595976
2016-06-15,208.0399932861328,209.36000061035156,207.52999877929688,207.75,109124500,208.98150024414062,207.79380004882813,209.08127736556762,45.95579930411732,0.66882159710633,-0.1274179529231333
2016-06-16,207.75,208.57000732421875,205.58999633789065,208.3699951171875,149533100,209.15449981689454,207.83279998779298,209.0135361990552,48.69097301428011,0.53570604593844,0.3702981456959711
2016-06-17,207.1699981689453,207.1999969482422,205.75,206.52000427246097,117055700,209.27050018310547,207.88420013427734,208.776056967951,41.88000914344911,0.27773070574681924,-0.21719204644322898
2016-06-20,208.82000732421875,209.61000061035156,207.75,207.8500061035156,82789600,209.38850021362305,207.95120025634765,208.6878616475286,47.559321657237746,0.17854526384894598,-0.2927332885113668
2016-06-21,208.3000030517578,208.9199981689453,207.77999877929688,208.44000244140625,72461700,209.55,208.03960021972657,208.6642560088503,49.89818809803493,0.14586640311853216,-0.12474876071390606
2016-06-22,208.6499938964844,209.5,207.92999267578125,208.1000061035156,95560500,209.5615005493164,208.08320037841796,208.61051792262793,48.55426592040824,0.09147879692400807,0.318772537768228
2016-06-23,209.80999755859375,210.8699951171875,209.27000427246097,210.80999755859375,102731400,209.63800048828125,208.13940032958985,208.8199921736723,58.2146023263899,0.2640065856733145,0.07504041942015793
2016-06-24,203.6300048828125,210.8500061035156,202.72000122070312,203.2400054931641,333444400,209.33300094604493,208.0440005493164,208.28856487076675,37.200716368523885,-0.2077047028413972,2.2457885320359696
2016-06-27,201.58999633789065,201.6000061035156,198.6499938964844,199.6000061035156,230775800,208.8010009765625,207.88040069580077,207.4610830834095,31.342122308739917,-0.8652823907056302,-0.3079032066515437
2016-06-28,201.47999572753903,203.22999572753903,201.1199951171875,203.1999969482422,159382400,208.46900100708007,207.75960052490234,207.05526535625071,41.204292509067145,-1.0834390600716972,-0.3093625934781723
2016-06-29,204.83999633789065,206.92999267578125,204.72000122070312,206.66000366210935,137328600,208.2885009765625,207.69480072021486,207.0176213853801,48.81439015363827,-0.9660007120577632,-0.1383703595880097
2016-06-30,207.2100067138672,209.5399932861328,206.55999755859375,209.47999572753903,165021900,208.21700057983398,207.68240051269532,207.25213322749048,54.036147205298846,-0.6380254232142022,0.2016571930391775
2016-07-01,209.47999572753903,210.4900054931641,209.2899932861328,209.9199981689453,106055300,208.1990005493164,207.70140045166016,207.50621560286712,54.810779349468724,-0.33869387197711376,-0.3573259064402967
2016-07-05,208.9499969482422,209.0800018310547,207.7100067138672,208.41000366210935,109803700,208.0520004272461,207.6902005004883,207.59229065612828,51.5970525981228,-0.22077049338253119,0.03534382534394798
2016-07-06,207.8300018310547,209.8000030517578,207.05999755859375,209.66000366210935,96021500,207.9510009765625,207.71120056152344,207.78921570431694,54.00145100659208,-0.02614937917445559,-0.1255167175605194
2016-07-07,209.8699951171875,210.6499938964844,208.6300048828125,209.52999877929688,85593800,207.80900115966796,207.72340057373046,207.95500456860074,53.70266189196078,0.11625878950124502,-0.10859755367287538
2016-07-08,211.0500030517578,212.94000244140625,210.77999877929688,212.6499938964844,133971000,207.83750076293944,207.78940032958985,208.40214640935156,59.49491840949841,0.47539575391454036,0.565195142638836
2016-07-11,213.19000244140625,214.07000732421875,212.9499969482422,213.3999938964844,73633900,208.00400009155274,207.9084002685547,208.8781318843166,60.765639890368995,0.8111823128832043,-0.4503743347440864
2016-07-12,214.52999877929688,215.3000030517578,213.42999267578125,214.9499969482422,101275600,208.32900009155273,208.08080017089844,209.4564047475476,63.32629793550872,1.1886656744617312,0.37539367057836137
2016-07-13,215.44000244140625,215.4499969482422,214.3500061035156,214.9199981689453,87324100,208.67300033569336,208.2198001098633,209.9767469781569,63.24027100103638,1.4684756343361869,-0.1377577619880801
2016-07-14,216.3999938964844,216.6699981689453,215.66000366210935,216.1199951171875,91230900,209.09150009155275,208.41899993896484,210.56181822949316,65.27255510570524,1.7666914490909278,0.04473908119293535
2016-07-15,216.77999877929688,217.0099945068359,215.30999755859375,215.8300018310547,107155400,209.4645004272461,208.63540008544922,211.06355000107044,64.34672551802113,1.9570697147589442,0.17455160477425968
2016-07-18,215.97000122070312,216.6000061035156,215.6699981689453,216.41000366210935,58725900,209.95900039672853,208.86420013427735,211.57273606402651,65.40368039616146,2.130191639172608,-0.4519557577126304
2016-07-19,215.9199981689453,216.22999572753903,215.6300048828125,216.19000244140625,54345700,210.37600021362306,209.07360015869142,212.01247571901507,64.62113059364927,2.224002831415845,-0.07458719236316513
2016-07-20,216.19000244140625,217.3699951171875,216.19000244140625,217.08999633789065,58159500,210.80849990844726,209.29760009765624,212.49604911128893,66.39263957760238,2.3439512520506014,0.07017666531114708
2016-07-21,216.9600067138672,217.22000122070312,215.75,216.27000427246097,67777300,211.21699981689454,209.45400024414062,212.85547341235292,63.2834696367816,2.3458037672481,0.16536937215760106
2016-07-22,216.41000366210935,217.3000030517578,216.1000061035156,217.2400054931641,62787500,211.53850021362305,209.6688003540039,213.2730478962397,65.3505986150852,2.3979013763364208,-0.07362051896431399
2016-07-25,217.0,217.05999755859375,215.97000122070312,216.6499938964844,55873100,212.20899963378906,209.87060028076172,213.5946618010249,63.02625468147386,2.3643256278660942,-0.11012383038025086
2016-07-26,216.52999877929688,217.1699981689453,215.7599945068359,216.75,70080500,213.06649932861328,210.110400390625,213.89517020092728,63.264752512115564,2.3190536550958143,0.2542797875900926
2016-07-27,217.19000244140625,217.27000427246097,215.6199951171875,216.52000427246097,84083900,213.7324996948242,210.30520050048827,214.1451543982162,62.26992615313955,2.2388089613542377,0.199818779831765
2016-07-28,216.2899932861328,217.11000061035156,215.75,216.77000427246097,65035700,214.2379997253418,210.5436004638672,214.39514010052523,62.95188244394278,2.1703687145611923,-0.22653801738501667
2016-07-29,216.4600067138672,217.5399932861328,216.1300048828125,217.1199951171875,79519400,214.61999969482423,210.78780029296874,214.6546501021121,63.93467111224549,2.1199333895640677,0.22270383804587324
2016-08-01,217.19000244140625,217.6499938964844,216.41000366210935,216.94000244140625,73311400,214.97099990844725,211.04260040283202,214.8723027058544,63.008952308703556,2.0419013586400183,-0.0780689995145839
2016-08-02,216.6499938964844,216.8300018310547,214.57000732421875,215.5500030517578,92295500,215.3279998779297,211.2438003540039,214.93684559594044,56.23706452582138,1.8466124787288152,0.25895154096088735
2016-08-03,215.47999572753903,216.25,215.1300048828125,216.17999267578125,53993600,215.65399932861328,211.46320007324218,215.05524055592528,58.4183508407111,1.7228199362278644,-0.4149920635350586
2016-08-04,216.30999755859375,216.77999877929688,214.25,216.41000366210935,46585500,215.9979995727539,211.63400024414062,215.1842656136571,59.21759402229957,1.6245466561267676,-0.13720329816867183
2016-08-05,216.41000366210935,218.22999572753903,216.41000366210935,218.17999267578125,71892200,216.27449951171874,211.81200012207032,215.46957295290701,64.8211703387885,1.6702342735925697,0.5432312629466249
2016-08-08,218.3999938964844,218.52000427246097,217.7400054931641,218.0500030517578,39906500,216.50699996948242,211.98620025634764,215.71532820041662,64.12432237310838,1.6766258640087415,-0.4449119654148851
2016-08-09,218.1300048828125,218.7599945068359,217.8000030517578,218.17999267578125,51251700,216.6684997558594,212.145,215.95005815045135,64.53491099121872,1.6728962155217744,0.28429453848370567
2016-08-10,218.30999755859375,218.3999938964844,217.22999572753903,217.63999938964844,57941100,216.80449981689452,212.30100006103515,216.1110049351368,61.39164991546934,1.6078333944171277,0.13052054858668094
2016-08-11,218.2599945068359,218.94000244140625,217.9499969482422,218.6499938964844,72504300,216.93099975585938,212.46859985351563,216.3528134076461,64.84100227074995,1.619104724360028,0.2513449002521526
2016-08-12,218.2899932861328,218.7100067138672,217.9900054931641,218.4600067138672,61313500,217.0625,212.61959991455078,216.55349848442907,63.68832919869969,1.5943285298403111,-0.15434670771250814
2016-08-15,218.88999938964844,219.5,218.8800048828125,219.08999633789065,49813500,217.19649963378907,212.79579986572264,216.79506970856826,65.85586519354433,1.6070035778755596,-0.18756065140629719
2016-08-16,218.6000061035156,218.67999267578125,217.9600067138672,217.9600067138672,53213600,217.2849998474121,212.9279998779297,216.9060160900253,59.0474367445951,1.5084791175494559,0.06825659710721
2016-08-17,218.0,218.52999877929688,217.02000427246097,218.3699951171875,75134300,217.34899978637696,213.0617999267578,217.04544266404076,60.637508764093916,1.4468025712049837,0.41193792564306864
2016-08-18,218.33999633789065,218.8999938964844,218.2100067138672,218.86000061035156,52989300,217.47849960327147,213.19160003662108,217.21825770654655,62.511008032506155,1.421081469435876,-0.29473888756533306
2016-08-19,218.30999755859375,218.75,217.7400054931641,218.5399932861328,75443000,217.54349899291992,213.32079986572265,217.34413728555478,60.486258419633316,1.359207298659868,0.42374026454397407
2016-08-22,218.2599945068359,218.8000030517578,217.8300018310547,218.52999877929688,61368800,217.63749923706055,213.4899996948242,217.45707647543497,60.420434339367134,1.29444355977256,-0.18655408719165467
2016-08-23,219.25,219.6000061035156,218.8999938964844,218.97000122070312,53399200,217.7484992980957,213.70039978027344,217.6011645464129,62.36234410858135,1.2640511550041253,-0.12986403514489442
2016-08-24,218.8000030517578,218.91000366210935,217.36000061035156,217.8500061035156,71728900,217.81499938964845,213.8966000366211,217.62486374232742,54.96929012373637,1.1364899606662675,0.34325795142998405
2016-08-25,217.3999938964844,218.19000244140625,217.22000122070312,217.6999969482422,69224800,217.8614990234375,214.09559997558594,217.63201928574787,54.045136054374204,1.0116308591470897,-0.03491061482889046
2016-08-26,217.9199981689453,219.1199951171875,216.25,217.2899932861328,122506300,217.86999893188477,214.27399993896483,217.59944538102263,51.496786304275446,0.8695713751202163,0.769688030879107
2016-08-29,217.44000244140625,218.6699981689453,217.3999938964844,218.36000061035156,70502200,217.94099884033204,214.51079986572265,217.6718792123873,57.17236568351013,0.8337182738958688,-0.42450143380381256
2016-08-30,218.2599945068359,218.58999633789065,217.3500061035156,218.0,58114500,218.06349868774413,214.71379974365234,217.70312881120756,54.84698728197184,0.7674091769667655,-0.17570657369557263
2016-08-31,217.61000061035156,217.75,216.47000122070312,217.3800048828125,85269500,218.1234992980957,214.89259979248047,217.67235510374138,50.9997807944547,0.6572539016259782,0.46726720525858445
2016-09-01,217.3699951171875,217.72999572753903,216.02999877929688,217.38999938964844,97844200,218.17249908447266,215.07839965820312,217.64546408335158,51.059377190116294,0.5642571206179525,0.14747008015761787
2016-09-02,218.38999938964844,218.8699951171875,217.6999969482422,218.3699951171875,79293900,218.18199920654297,215.229599609375,217.714467038955,56.62949007306028,0.5631424115336472,-0.1895901852128179
2016-09-06,218.6999969482422,219.1199951171875,217.86000061035156,219.02999877929688,56702100,218.23099899291992,215.54539947509767,217.83975577613043,59.93660368136375,0.6085013514047262,-0.28491220636139725
2016-09-07,218.83999633789065,219.22000122070312,218.3000030517578,219.0099945068359,76554900,218.27249908447266,215.93359924316405,217.95120708381666,59.78779501586355,0.6355087116042171,0.3501245985598418
2016-09-08,218.6199951171875,218.94000244140625,218.1499938964844,218.5099945068359,74102900,218.31599884033204,216.23979919433594,218.004424933628,56.04250415048029,0.6095400198903747,-0.03202930184743236
2016-09-09,216.97000122070312,217.02999877929688,213.25,213.27999877929688,221589100,218.04749908447266,216.37219909667968,217.55447958559645,32.85698774110858,0.16504021740612984,1.9902891789660053
2016-09-12,212.38999938964844,216.80999755859375,212.30999755859375,216.33999633789065,168110900,217.94149856567384,216.50939910888673,217.43881451438637,46.74053567452451,0.05900695554811364,-0.24133948826905294
2016-09-13,214.83999633789065,215.1499938964844,212.5,213.22999572753903,182828800,217.64849853515625,216.5755990600586,217.03797462992472,38.11445631080939,-0.27283119807864864,0.08754875501826476
2016-09-14,213.2899932861328,214.6999969482422,212.5,213.1499938964844,134185500,217.40799789428712,216.6703988647461,216.66769075054944,37.92058260953834,-0.5360910804848231,-0.26605928606433993
2016-09-15,212.9600067138672,215.72999572753903,212.75,215.27999877929688,134427900,217.25349807739258,216.78279876708984,216.53552961043016,45.822198361642414,-0.5663246036216094,0.0018064544976916785
2016-09-16,213.47999572753903,213.69000244140625,212.57000732421875,213.3699951171875,155236400,216.97899780273437,216.85959869384766,216.23405013488323,40.80645377539278,-0.7359229597104786,0.1547930154380155
2016-09-19,214.1300048828125,214.8800048828125,213.02999877929688,213.41000366210935,80250500,216.7224983215332,216.87479888916016,215.9650933279524,40.95225663338528,-0.8572210133508804,-0.48304328108613703
2016-09-20,214.41000366210935,214.58999633789065,213.3800048828125,213.4199981689453,69665300,216.4669982910156,216.87519897460936,215.72270331280885,40.99135877898184,-0.9416889179272516,-0.13190198191911573
2016-09-21,214.2400054931641,216.02999877929688,213.44000244140625,215.82000732421875,110284400,216.30949859619142,216.89259918212892,215.73197036151456,49.61913913105288,-0.8056822562153911,0.5830607203299203
2016-09-22,217.0,217.52999877929688,216.7100067138672,217.17999267578125,76678700,216.2759979248047,216.93779907226562,215.86987724858758,53.74616532370815,-0.5814539062456561,-0.3047185277337502
2016-09-23,216.72000122070312,216.8800048828125,215.8800048828125,215.9900054931641,73630900,216.19049835205078,216.93519927978517,215.88131803378533,49.89475926694395,-0.49407792119328064,-0.0397476743867593
2016-09-26,215.02000427246097,215.22999572753903,214.0099945068359,214.2400054931641,89827300,216.03799896240236,216.90339935302734,215.72500255372617,44.80940249818847,-0.5595915748281186,0.21996743215144732
2016-09-27,214.0500030517578,215.67999267578125,213.6199951171875,215.57000732421875,78494800,215.89849929809571,216.88659942626953,215.71024110329688,49.058864860160966,-0.4984458118102566,-0.12615875129275844
2016-09-28,215.8300018310547,216.82000732421875,214.7100067138672,216.63999938964844,87411000,215.83049926757812,216.89559936523438,215.79878951152085,52.24456364952226,-0.3595038006729965,0.11358969001768271
2016-09-29,216.3999938964844,216.8699951171875,214.0399932861328,214.67999267578125,128070600,215.69549865722655,216.8473992919922,215.6922374319266,46.50713422384196,-0.40290300216256014,0.46515427120156505
2016-09-30,215.6499938964844,217.1199951171875,215.36000061035156,216.3000030517578,117202900,215.64099884033203,216.84799926757813,215.75011987191053,51.270491946159304,-0.3030821414037064,-0.08485710225453769
2016-10-03,215.82000732421875,216.0399932861328,215.0399932861328,215.77999877929688,83512100,215.5114990234375,216.8187991333008,215.7529654821378,49.73943282684093,-0.2629028090806571,-0.2874570509774076
2016-10-04,215.91000366210935,216.1699981689453,213.9900054931641,214.67999267578125,119948100,215.29399871826172,216.7793991088867,215.6507775958181,46.57121583674418,-0.31617700644039815,0.4362960576970283
2016-10-05,215.41000366210935,216.1300048828125,215.3300018310547,215.6300048828125,72816000,215.12499923706054,216.75699920654296,215.64879924219852,49.55943733931742,-0.2785284436235713,-0.3929374454451551
2016-10-06,215.3699951171875,216.0399932861328,214.7400054931641,215.77999877929688,62927400,214.9884994506836,216.74219909667968,215.6612944362079,50.034593110343216,-0.23389226798059326,-0.13580257086354652
2016-10-07,216.1000061035156,216.3000030517578,214.19000244140625,215.0399932861328,89788300,215.07649917602538,216.7075988769531,215.6021228981055,47.64973463385589,-0.255287243578465,0.42685539208675394
2016-10-10,216.16000366210935,216.6999969482422,215.9900054931641,216.16000366210935,51855000,215.06749954223633,216.68839904785156,215.6552543994392,51.42362377900991,-0.17979487545241568,-0.422474865878962
2016-10-11,215.66000366210935,215.7400054931641,212.5800018310547,213.42999267578125,130367400,215.07749938964844,216.61819885253905,215.44332471147177,43.240993204619386,-0.3363781429188464,1.5140757882557132
2016-10-12,213.58999633789065,214.32000732421875,213.0099945068359,213.7100067138672,73866100,215.1055000305176,216.58139892578126,215.278246806938,44.22138149050577,-0.4328866697427429,-0.43340052804612195
2016-10-13,212.16000366210935,213.58999633789065,211.2100067138672,213.0099945068359,101357000,214.99199981689452,216.51799896240234,215.06222277835684,42.25636606249279,-0.559407011607334,0.37217207893742876
2016-10-14,214.1499938964844,214.69000244140625,213.02999877929688,213.1199951171875,93346200,214.97949981689453,216.45219879150392,214.87724871538833,42.687347270129,-0.643382649432084,-0.07903548842211194
2016-10-17,213.08999633789065,213.38999938964844,212.1699981689453,212.3800048828125,58275700,214.9279998779297,216.33619903564454,214.63941596942874,40.497575642831464,-0.7608740920719015,-0.37570356372300107
2016-10-18,214.2400054931641,214.30999755859375,213.27000427246097,213.7100067138672,76869700,214.94250030517577,216.2493991088867,214.5509008022324,45.87200694253921,-0.7381578501577621,0.3190695264063752
2016-10-19,214.02000427246097,214.63999938964844,213.6000061035156,214.27999877929688,66519200,214.8654998779297,216.17139923095704,214.5251006095719,48.03813362094788,-0.6664787169410715,-0.1346499335889173
2016-10-20,213.8699951171875,214.52999877929688,213.11000061035156,213.8800048828125,73639800,214.70050048828125,216.0961993408203,214.4636629213091,46.6279442631637,-0.634632997850531,0.10704578527703279
2016-10-21,213.8800048828125,214.0800018310547,212.7599945068359,213.97999572753903,89089100,214.6,216.00279937744142,214.41759937904527,47.04642755938972,-0.5944738856179015,0.20979551818445996
2016-10-24,215.0,215.32000732421875,214.47999572753903,214.88999938964844,60146600,214.63249969482422,215.93139923095703,214.4625898562456,50.8253910649161,-0.48364267779595593,-0.32487139279664967
2016-10-25,214.67999267578125,214.97999572753903,213.97999572753903,214.1699981689453,66542300,214.56249923706054,215.83299926757812,214.4347239812646,47.912014383382704,-0.44873350776026655,0.10633518769140737
2016-10-26,213.2100067138672,214.4199981689453,212.92999267578125,213.7400054931641,75705500,214.41749954223633,215.74859924316405,214.36856031573123,46.20848303018974,-0.450570656281684,0.13770488846943985
2016-10-27,214.5800018310547,214.6199951171875,213.0800018310547,213.1699981689453,77220200,214.34199981689454,215.64459930419923,214.25441153984687,43.97630662078584,-0.4923459790634013,0.020007793357153636
2016-10-28,213.13999938964844,213.92999267578125,211.7100067138672,212.5399932861328,140623200,214.15399932861328,215.51819915771483,214.09113361092173,41.58522697988758,-0.5697219521900934,0.8210675445026043
2016-10-31,212.92999267578125,213.19000244140625,212.36000061035156,212.5500030517578,61272500,213.99249954223632,215.39839935302734,213.94435927195374,41.63952185114562,-0.6230530956760845,-0.5642788672139447
2016-11-01,212.92999267578125,212.9900054931641,209.6000061035156,211.0099945068359,122781800,213.80899963378906,215.24799926757814,213.66489596099015,36.08278234519595,-0.7805861194189561,1.0038647027622507
2016-11-02,210.6499938964844,211.1000061035156,209.22999572753903,209.7400054931641,103330800,213.51449966430664,215.06339935302734,213.29109686881623,32.25952297095375,-0.9964235252150786,-0.15841924454601575
2016-11-03,209.9900054931641,210.2400054931641,208.4600067138672,208.77999877929688,88939300,213.16449966430665,214.88199920654296,212.86146847933819,29.697882273347588,-1.2307533841363067,-0.1392759951534296
2016-11-04,208.91000366210935,209.88999938964844,208.3800048828125,208.5500030517578,109122100,212.8400001525879,214.69899932861327,212.45085272433053,29.1016599714427,-1.4186667118795526,0.22692780356940068
2016-11-07,208.5500030517578,213.19000244140625,208.5500030517578,213.1499938964844,109794900,212.68949966430665,214.61619934082032,212.517437597869,50.50446312391842,-1.1827742749266577,0.0061655704939695966
2016-11-08,212.69000244140625,214.77000427246097,212.3800048828125,214.11000061035156,106772100,212.72350006103517,214.5311993408203,212.66911026572447,53.64926440298704,-0.9078976217926424,-0.02753133342259062
2016-11-09,212.3699951171875,217.1000061035156,212.33999633789065,216.3800048828125,258429000,212.85699996948242,214.49879943847657,213.02252880068522,60.1041938625836,-0.5011090470692068,1.4203794811565942
2016-11-10,217.3000030517578,218.30999755859375,215.22000122070312,216.9199981689453,172113300,213.0525001525879,214.48959930419923,213.39371635956712,61.478502879965454,-0.13361301786994773,-0.33400160198739304
2016-11-11,216.0800018310547,216.6999969482422,215.32000732421875,216.4199981689453,100552700,213.21750030517578,214.47019927978516,213.681933674746,59.436862007966425,0.11594783711944956,-0.41577611956774985
2016-11-14,217.02999877929688,217.27000427246097,215.72000122070312,216.58999633789065,94580000,213.4279998779297,214.43459930419922,213.95889202361693,59.92416332921821,0.3237124881281943,-0.059398703366493444
2016-11-15,217.0399932861328,218.27999877929688,216.8000030517578,218.27999877929688,91652600,213.65649948120117,214.4195993041992,214.37042600034835,64.4911563266341,0.6176170392229778,-0.03095157538591664
2016-11-16,217.55999755859375,218.13999938964844,217.4199981689453,217.8699951171875,65617700,213.83599929809571,214.39679931640626,214.70371829719016,62.6265326173353,0.8081389220010635,-0.28406068131182316
2016-11-17,218.0500030517578,219.05999755859375,217.9199981689453,218.9900054931641,69797200,214.09149932861328,214.40639953613282,215.11193612537815,65.55621725074248,1.0375442000731994,0.06369470432520496
2016-11-18,219.07000732421875,219.27000427246097,218.2899932861328,218.5,86265800,214.31749954223633,214.51079956054687,215.43460887534212,63.22123262144961,1.1663650572269262,0.2359492930948519
2016-11-21,219.1699981689453,220.17999267578125,219.0,220.1499938964844,72402600,214.58049926757812,214.58699951171874,215.88369316306995,67.42827573168434,1.3856246144631825,-0.1607033146391733
2016-11-22,220.5099945068359,220.7899932861328,219.72999572753903,220.5800018310547,67429000,214.9009994506836,214.73399963378907,216.33096065525896,68.44143077955383,1.5759212012155501,-0.06869366569708824
2016-11-23,219.97999572753903,220.7599945068359,219.75,220.6999969482422,56620200,215.2489990234375,214.88499969482422,216.7470593498288,68.73370024040794,1.7166270127064251,-0.16029898115054353
2016-11-25,221.1000061035156,221.55999755859375,221.0099945068359,221.52000427246097,37872300,215.66649932861327,215.0097998046875,217.20162553293662,70.7287177911356,1.8727175972855719,-0.3311168099017665
2016-11-28,221.16000366210935,221.47999572753903,220.36000061035156,220.47999572753903,76572500,216.0634994506836,215.15199981689454,217.5138512657559,65.05875941820423,1.8907056346425861,1.0218603042329089
2016-11-29,220.52000427246097,221.44000244140625,220.1699981689453,220.91000366210935,69886700,216.48149948120118,215.30199981689452,217.8372943511229,66.26300410497637,1.917554950604341,-0.08731333050377088
2016-11-30,221.6300048828125,221.82000732421875,220.30999755859375,220.3800048828125,113291800,216.95,215.44119995117188,218.07945725890286,63.36429835517686,1.8744591564925486,0.6210781164370331
2016-12-01,220.72999572753903,220.72999572753903,219.1499938964844,219.57000732421875,79040500,217.44150009155274,215.51619995117187,218.22141440798057,59.10854176874358,1.7547180976681886,-0.3023281473151631
2016-12-02,219.6699981689453,220.25,219.2599945068359,219.67999267578125,74840300,217.98649978637695,215.56619995117188,218.36032662396158,59.506242190577844,1.6496808505923468,-0.05313984602830191
2016-12-05,220.6499938964844,221.3999938964844,220.4199981689453,221.0,67837800,218.60899963378907,215.6663998413086,218.6117240883462,64.02806398395526,1.6538866589396548,-0.09356589965566675
2016-12-06,221.22000122070312,221.7400054931641,220.66000366210935,221.6999969482422,59877400,219.03649978637696,215.81559967041017,218.90584531309818,66.18454241752562,1.6941743091120998,-0.11734460728384466
2016-12-07,221.52000427246097,224.6699981689453,221.3800048828125,224.6000061035156,110738100,219.56100006103514,215.9961996459961,219.44814634075698,73.3204305021508,1.9377716393361197,0.8494139692104199
2016-12-08,224.57000732421875,225.6999969482422,224.2599945068359,225.1499938964844,99714400,219.99949951171874,216.16639953613281,219.99117944130245,74.42279254864789,2.1504150508956457,-0.09954749088163872
2016-12-09,225.41000366210935,226.52999877929688,225.3699951171875,226.5099945068359,88005800,220.47899932861327,216.4029995727539,220.61201897135325,76.95812012023944,2.400999937121071,-0.11742135539099674
2016-12-12,226.3999938964844,226.9600067138672,225.7599945068359,226.25,102016100,220.97049942016602,216.60199951171876,221.14896954551008,75.419003612208,2.5492250019988774,0.15919746198546014
2016-12-13,227.02000427246097,228.33999633789065,227.0,227.7599945068359,110477500,221.52899932861328,216.84159942626954,221.77859097039826,78.15191919875085,2.7567601559156856,0.08294181016525815
2016-12-14,227.41000366210935,228.22999572753903,225.3699951171875,225.8800048828125,142501800,221.90899963378905,217.06559967041017,222.1692018191996,68.01316715630337,2.7379721708182387,0.2898716933312213
2016-12-15,226.16000366210935,227.80999755859375,225.88999938964844,226.80999755859375,124972600,222.3559997558594,217.2891995239258,222.61118236580856,70.0809343482794,2.766237727333362,-0.12301037600928555
2016-12-16,226.0099945068359,226.0800018310547,224.6699981689453,225.0399932861328,156420200,222.65849914550782,217.4743994140625,222.84249769155372,61.88171990666159,2.615662107684983,0.2516359586021255
2016-12-19,225.25,226.02000427246097,225.0800018310547,225.52999877929688,90341100,223.00999908447267,217.68419952392577,223.0984501761007,63.16649390702941,2.5069703982107683,-0.4224460779362257
2016-12-20,226.1499938964844,226.57000732421875,225.8800048828125,226.3999938964844,89838800,223.32249908447267,217.8889993286133,223.41288291137533,65.39653845014709,2.4626449326352713,-0.0055600385649499096
2016-12-21,226.25,226.4499969482422,225.77000427246097,225.77000427246097,67909000,223.58199920654297,218.13579956054687,223.63737066005015,62.44810709485964,2.349597091505757,-0.24410165763567637
2016-12-22,225.6000061035156,225.7400054931641,224.9199981689453,225.3800048828125,56219100,223.81599960327148,218.36919952392577,223.80333582412277,60.62585136456333,2.203139747953628,-0.17214065882283647
2016-12-23,225.42999267578125,225.72000122070312,225.2100067138672,225.7100067138672,36697800,224.0254997253418,218.6231997680664,223.98492352790794,61.645712565700734,2.0896118926854683,-0.3472360816875404
2016-12-27,226.02000427246097,226.72999572753903,226.0,226.27000427246097,42672500,224.31500015258788,218.88619995117188,224.2025502654844,63.37916757033286,2.0215244963069665,0.16280812473772266
2016-12-28,226.57000732421875,226.58999633789065,224.27000427246097,224.3999938964844,64095000,224.48949966430663,219.1265997314453,224.22135442081773,54.51817223578606,1.7959677370002396,0.5020212080379636
2016-12-29,224.47999572753903,224.88999938964844,223.83999633789065,224.3500061035156,48696100,224.6879997253418,219.3393997192383,224.23360696202707,54.299628949922834,1.5947949792780776,-0.24025118964037762
2016-12-30,224.72999572753903,224.8300018310547,222.72999572753903,223.52999877929688,108998300,224.8859992980957,219.5243997192383,224.1665966589099,50.70862048083941,1.3535930038682977,1.2383373617189055
2017-01-03,225.0399932861328,225.8300018310547,223.8800048828125,225.2400054931641,91366500,225.16399993896485,219.7515997314453,224.268826071696,57.082690411844695,1.2856023278999942,-0.1617621559235327
2017-01-04,225.6199951171875,226.75,225.61000061035156,226.5800018310547,78744400,225.44300003051757,220.00359985351562,224.48893804877778,61.30536035340243,1.3245768357576821,-0.1381480082962574
2017-01-05,226.27000427246097,226.5800018310547,225.47999572753903,226.3999938964844,78379000,225.6779998779297,220.23379974365236,224.67094336760698,60.44498562172025,1.3256579188057458,-0.004640329979020752
2017-01-06,226.52999877929688,227.75,225.8999938964844,227.2100067138672,71559900,225.80849990844726,220.49459991455078,224.91275892439367,62.963823786288444,1.3760141155285623,-0.08700162033197667
2017-01-09,226.91000366210935,227.07000732421875,226.4199981689453,226.4600067138672,46939700,225.8740005493164,220.74899993896486,225.06011585672448,59.20451823988093,1.339956843838138,-0.3440502292485037
2017-01-10,226.47999572753903,227.4499969482422,226.0099945068359,226.4600067138672,63771900,225.87150115966796,221.01480010986327,225.1934387955,59.204518239880926,1.2964366811879415,0.3585919807753353
2017-01-11,226.36000061035156,227.1000061035156,225.58999633789065,227.1000061035156,74650000,225.91400146484375,221.30600036621092,225.37501663435862,61.480579459032086,1.2986195628306803,0.17057826409437382
2017-01-12,226.5,226.75,224.9600067138672,226.52999877929688,72113200,225.8525016784668,221.58560028076172,225.48501493387656,58.357697415767085,1.240060044660595,-0.0339825853985265
2017-01-13,226.72999572753903,227.3999938964844,226.69000244140625,227.0500030517578,62717900,225.91100158691407,221.90640045166015,225.6340614212938,60.337009358098484,1.2215301641861913,-0.13028544011359922
2017-01-17,226.30999755859375,226.77999877929688,225.8000030517578,226.25,61240800,225.88300170898438,222.23660034179687,225.69272223831345,55.93235315785277,1.1292739726294485,-0.02355149008496782
2017-01-18,226.5399932861328,226.8000030517578,225.8999938964844,226.75,54793300,225.96850204467773,222.59600036621094,225.79341535847408,57.996210854024746,1.0840103014937768,-0.10528111977635823
2017-01-19,226.83999633789065,227.0,225.41000366210935,225.91000366210935,66608800,225.98750228881835,222.94320037841797,225.80451900643934,53.46589192632688,0.9691856626640742,0.21563767832928482
2017-01-20,226.6999969482422,227.30999755859375,225.97000122070312,226.7400054931641,129168600,226.00450286865234,223.21500061035155,225.89361295755597,57.03705392958081,0.9343894602159537,0.9392122362210398
2017-01-23,226.7400054931641,226.80999755859375,225.27000427246097,226.1499938964844,75061600,226.02350234985352,223.45580047607422,225.91803018983487,53.87209414080264,0.8494127131472169,-0.41888663343877697
2017-01-24,226.3999938964844,228.0800018310547,226.27000427246097,227.6000061035156,95555300,226.13450241088867,223.68020050048827,226.07821837209016,59.77899667950158,0.8888260621511677,0.2730250887271255
2017-01-25,228.6999969482422,229.57000732421875,228.5099945068359,229.57000732421875,84437700,226.32750244140624,223.93320068359375,226.4107697008643,66.12567192261864,1.0667274892371097,-0.11634728790553739
2017-01-26,229.3999938964844,229.7100067138672,229.0099945068359,229.3300018310547,59970700,226.48050231933593,224.19140075683595,226.6887918085015,64.7844412898139,1.1748067732345362,-0.28976393246144794
2017-01-27,229.4199981689453,229.58999633789065,228.7599945068359,228.97000122070312,59711100,226.70900268554686,224.43900085449218,226.9060498477588,62.72916775440742,1.2173781661590795,-0.004328780554504141
2017-01-30,228.1699981689453,228.1999969482422,226.41000366210935,227.5500030517578,79737300,226.86900253295897,224.6244009399414,226.96737872433013,55.279570365130475,1.123582358920146,0.3353848781884776
2017-01-31,226.97999572753903,227.6000061035156,226.32000732421875,227.52999877929688,75880800,227.069002532959,224.8176010131836,227.02096158670793,55.18015218011382,1.0356954755717425,-0.04836506879465441
2017-02-01,227.52999877929688,228.58999633789065,226.94000244140625,227.6199951171875,79117700,227.18800201416016,224.99020080566407,227.07801239913456,55.56731221141074,0.962214628386107,0.042657694700108495
2017-02-02,227.6199951171875,228.1000061035156,226.82000732421875,227.77000427246097,69657600,227.24750213623048,225.17560089111328,227.14391638707042,56.24576225117433,0.9056452974973865,-0.11956995716508445
2017-02-03,228.82000732421875,229.5500030517578,228.4600067138672,229.33999633789065,80563200,227.39450225830078,225.3594009399414,227.3530668585771,62.670202530493945,0.9762453848126142,0.1565600882028666
2017-02-06,228.8699951171875,229.3300018310547,228.5399932861328,228.92999267578125,57790100,227.4805015563965,225.52640075683593,227.5032502697394,60.184908700136916,0.9877266951640991,-0.2826737269621862
2017-02-07,229.3800048828125,229.66000366210935,228.72000122070312,228.94000244140625,57931200,227.60450134277343,225.6912008666992,227.64008380989816,60.22637856647674,0.9862643789347771,0.0024415946675988565
2017-02-08,228.94000244140625,229.38999938964844,228.30999755859375,229.2400054931641,51566200,227.74350128173828,225.8456008911133,227.79245730354253,61.51999777410141,0.9978110768561805,-0.10987170989035266
2017-02-09,229.2400054931641,230.9499969482422,229.2400054931641,230.6000061035156,65955200,227.9185012817383,226.04800109863282,228.05984290353996,66.79280219496175,1.1039766458328018,0.27903937075060803
2017-02-10,231.0,231.77000427246097,230.6199951171875,231.5099945068359,66015900,228.16750106811523,226.26000091552734,228.38842877052053,69.7769873467078,1.2471655352294135,0.0009203216728930208
2017-02-13,232.0800018310547,233.07000732421875,232.0500030517578,232.77000427246097,55182100,228.4535011291504,226.50780090332032,228.80572167546725,73.3483965645148,1.44565144941933,-0.16410894951064814
2017-02-14,232.55999755859375,233.7100067138672,232.16000366210935,233.6999969482422,71109000,228.8260009765625,226.79040069580077,229.27184313001726,75.63677062758954,1.6588731460758197,0.28862439088037606
2017-02-15,233.4499969482422,235.13999938964844,233.38999938964844,234.9199981689453,86785800,229.23450088500977,227.09520080566406,229.8097626575342,78.27238112824529,1.9043446793405394,0.22046154495211567
2017-02-16,234.9499969482422,235.16000366210935,233.8500061035156,234.72000122070312,84722400,229.67500076293945,227.36960083007813,230.27740442545505,76.80552796739134,2.059009575009071,-0.023775778986884988
2017-02-17,233.9499969482422,235.08999633789065,233.92999267578125,235.08999633789065,77204100,230.09250030517578,227.63740081787108,230.73574651235367,77.64036204748365,2.1862365587414274,-0.08874040395456217
2017-02-21,235.52000427246097,236.69000244140625,235.5099945068359,236.4900054931641,88946100,230.60950088500977,227.87520080566406,231.28377117719276,80.500337695165,2.372683084778714,0.15209036825764444
2017-02-22,236.02000427246097,236.5399932861328,235.8300018310547,236.27999877929688,62115200,231.04350051879882,228.09780090332032,231.75960237739315,78.87066621904694,2.4749676270375573,-0.3016534732832581
2017-02-23,236.8800048828125,236.8999938964844,235.55999755859375,236.44000244140625,74615900,231.3870002746582,228.2964010620117,232.205354764442,79.21590135084432,2.5396641545364105,0.20125025758590498
2017-02-24,235.4600067138672,236.7899932861328,235.41000366210935,236.7400054931641,82381600,231.75750045776368,228.506201171875,232.63722626241554,79.8797113948103,2.585342142836282,0.1040756728793728
2017-02-27,236.63999938964844,237.30999755859375,236.3500061035156,237.11000061035156,56515400,232.16450042724608,228.69320129394532,233.0632047717428,80.6984763055272,2.6211824319883306,-0.31398030628198526
2017-02-28,236.6699981689453,236.9499969482422,236.02000427246097,236.47000122070312,96961900,232.61050033569336,228.90500122070313,233.3876615764057,75.01223394916597,2.5683373233806606,0.7156721884654449
2017-03-01,238.38999938964844,240.32000732421875,238.3699951171875,239.77999877929688,149158200,233.22300033569337,229.16440124511718,233.99645559572866,82.05491881521166,2.7617110483948863,0.5383176278517645
2017-03-02,239.55999755859375,239.57000732421875,238.2100067138672,238.27000427246097,70246000,233.75550079345703,229.42900146484374,234.40346023160794,72.0749829529455,2.7612867862693236,-0.5290503639759665
2017-03-03,238.1699981689453,238.61000061035156,237.72999572753903,238.4199981689453,81974300,234.28800048828126,229.68680145263673,234.7859876542115,72.43364496341043,2.741452056559808,0.16696039632149873
2017-03-06,237.5,238.1199951171875,237.0099945068359,237.7100067138672,55391500,234.70650100708008,229.91300170898438,235.064465659893,67.98267754398873,2.6380329122904413,-0.32428212256768285
2017-03-07,237.36000061035156,237.77000427246097,236.7599945068359,237.0,65103700,235.11000137329103,230.13760162353515,235.2488022637127,63.763022148429094,2.470304751858748,0.17533737125732296
2017-03-08,237.33999633789065,237.63999938964844,236.3999938964844,236.55999755859375,78168800,235.4910011291504,230.36120147705077,235.37367800608232,61.22674221554397,2.2756422689940052,0.2006813744840923
2017-03-09,236.6999969482422,237.2400054931641,235.7400054931641,236.86000061035156,90683900,235.87200088500975,230.58420135498048,235.51523253982225,62.327047553138826,2.1211275498642124,0.16010351956279223
2017-03-10,237.97000122070312,238.02000427246097,236.58999633789065,237.69000244140625,81991700,236.22650070190429,230.81260131835938,235.72235348283024,65.26401172098312,2.042107587782681,-0.09585163408278652
2017-03-13,237.6199951171875,237.86000061035156,237.2400054931641,237.80999755859375,57256800,236.5415008544922,231.08080139160157,235.92117672814106,65.68057236295857,1.9664977397989105,-0.30167565741410407
2017-03-14,237.17999267578125,237.2400054931641,236.19000244140625,236.8999938964844,59880800,236.74800033569335,231.33180114746094,236.01439741084042,59.82160738746165,1.8122561395316836,0.04582861773623392
2017-03-15,237.55999755859375,239.44000244140625,237.2899932861328,238.9499969482422,96081800,237.01050033569337,231.64020111083985,236.29397831916438,66.96973208890213,1.8342920962769824,0.6045510414022526
2017-03-16,239.11000061035156,239.1999969482422,238.1000061035156,238.47999572753903,78344000,237.18850021362306,231.90500091552735,236.5021704532953,64.15175619466162,1.7931601462489652,-0.1846114456640071
2017-03-17,237.75,237.97000122070312,237.02999877929688,237.02999877929688,89002100,237.30400009155272,232.1140008544922,236.5524398176764,56.28327584647734,1.624830113788903,0.1360423261513326
2017-03-20,237.02999877929688,237.36000061035156,236.32000732421875,236.77000427246097,52537000,237.38800048828125,232.32140106201172,236.5731602419416,54.98107694581878,1.4536907246918247,-0.40971055739134243
2017-03-21,237.47000122070312,237.61000061035156,233.5800018310547,233.72999572753903,131809300,237.25,232.45180084228517,236.30238266914134,42.576914204066256,1.0605330775172206,1.5088851666444603
2017-03-22,233.77000427246097,234.61000061035156,233.0500030517578,234.27999877929688,97569200,237.15,232.60820068359374,236.10977467963235,44.99478483085335,0.7842926221501045,-0.25976998588111766
2017-03-23,234.27999877929688,235.33999633789065,233.6000061035156,234.02999877929688,100410300,237.02949981689454,232.75960052490234,235.9117007843623,44.086111216941426,0.5389840873507694,0.02911882028345003
2017-03-24,234.3800048828125,235.0399932861328,232.9600067138672,233.86000061035156,112504900,236.8854995727539,232.89480041503907,235.71630076778985,43.443629523436094,0.3270874145596281,0.12045178632072595
2017-03-27,231.92999267578125,233.9199981689453,231.61000061035156,233.6199951171875,87454500,236.71099929809571,233.03660034179688,235.51665261058963,42.50189417338071,0.13819827357843906,-0.22266052411939397
2017-03-28,233.27000427246097,235.80999755859375,233.13999938964844,235.32000732421875,93483900,236.65349960327148,233.2020004272461,235.49792448807813,50.660453343544134,0.12424680615032457,0.06894327907654829
2017-03-29,234.9900054931641,235.80999755859375,234.72999572753903,235.5399932861328,61950400,236.44149932861328,233.38780029296876,235.5019310402738,51.61716022173197,0.12944898896020618,-0.3373147675696029
2017-03-30,235.47000122070312,236.52000427246097,235.27000427246097,236.2899932861328,56737900,236.34249877929688,233.57860015869142,235.57698458749846,54.83273431264247,0.19187863088865242,-0.08413989255920862
2017-03-31,235.8999938964844,236.5099945068359,235.67999267578125,235.7400054931641,73733100,236.2084991455078,233.7752001953125,235.59251038803805,52.09830183639587,0.19473042235202342,0.29953875628107496
2017-04-03,235.8000030517578,236.02999877929688,233.91000366210935,235.3300018310547,85546500,236.0894989013672,233.9470001220703,235.56750957308725,50.092804826861965,0.16203873695016568,0.16021840937109655
2017-04-04,235.0,235.5800018310547,234.55999755859375,235.47999572753903,56466200,236.01349868774415,234.1336001586914,235.55917492113028,50.83838631371055,0.14654432289958663,-0.33993559058523726
2017-04-05,236.2599945068359,237.38999938964844,234.5399932861328,234.77999877929688,108800600,235.92449874877929,234.27720001220703,235.4849676695271,47.28788950024642,0.07689459154266842,0.9268270221831822
2017-04-06,234.94000244140625,236.0399932861328,234.42999267578125,235.44000244140625,69135800,235.85349884033204,234.39459991455078,235.48068526684892,50.77839272272065,0.07409928684106148,-0.3645641660064375
2017-04-07,235.1499938964844,236.0,234.63999938964844,235.1999969482422,74412300,235.72899856567383,234.51199981689453,235.45395304602923,49.494887904758144,0.051919059636219345,0.07632080629717164
2017-04-10,235.36000061035156,236.2599945068359,234.72999572753903,235.33999633789065,67615300,235.60549850463866,234.63939971923827,235.4431000262065,50.28429638453523,0.04511776103302623,-0.09134242591614561
2017-04-11,234.8999938964844,235.17999267578125,233.33999633789065,235.05999755859375,88045300,235.51349868774415,234.789599609375,235.40661407691005,48.64659916566367,0.016938860804202704,0.3021505487663294
2017-04-12,234.7400054931641,234.9600067138672,233.77000427246097,234.02999877929688,81864400,235.2674987792969,234.919599609375,235.27550785808975,43.08734847698237,-0.08749680536806181,-0.07020136225329465
2017-04-13,233.63999938964844,234.4900054931641,232.5099945068359,232.5099945068359,92880400,234.96899871826173,235.01739959716798,235.0121256341608,36.46473230024418,-0.28957640823077213,0.1345639862992949
2017-04-17,233.11000061035156,234.57000732421875,232.8800048828125,234.57000732421875,68405400,234.84599914550782,235.1533996582031,234.97001912845204,48.10614197934052,-0.2802693605601121,-0.2635109237255654
2017-04-18,233.72000122070312,234.4900054931641,233.0800018310547,233.8699951171875,83225800,234.70099868774415,235.24399963378906,234.86525493690303,45.08322605272728,-0.32562499088831487,0.21665541024538992
2017-04-19,234.52000427246097,234.9499969482422,233.17999267578125,233.44000244140625,68699900,234.6864990234375,235.33419982910155,234.72951660399858,43.28397086262498,-0.3917506128215962,-0.17453602128186207
2017-04-20,234.1499938964844,235.8500061035156,233.77999877929688,235.33999633789065,92572200,234.7394989013672,235.46219970703126,234.7876575310359,52.335967633356276,-0.2875275771486372,0.34748667756430507
2017-04-21,235.25,235.30999755859375,234.1300048828125,234.58999633789065,110389800,234.7674987792969,235.5691995239258,234.76883265549827,49.010724273986746,-0.2624237449017528,0.192472470136823
2017-04-24,237.17999267578125,237.41000366210935,234.55999755859375,237.1699981689453,119209900,234.93299865722656,235.70059936523438,234.99751508535036,58.725783430355015,-0.033952804397387126,0.07989959217246523
2017-04-25,237.91000366210935,238.9499969482422,237.80999755859375,238.5500030517578,76698300,235.17949905395508,235.84139953613283,235.33584727262726,62.80770686808428,0.25552143085911894,-0.35661132171069687
2017-04-26,238.5099945068359,239.52999877929688,238.3500061035156,238.3999938964844,84702500,235.33349838256837,235.9539993286133,235.62767076061365,62.08888430980077,0.4674390166837554,0.10435954903824474
2017-04-27,238.77000427246097,238.9499969482422,237.97999572753903,238.6000061035156,57410300,235.4864990234375,236.05199951171875,235.9107503170805,62.70182681840103,0.6440997626436058,-0.322212449455447
2017-04-28,238.8999938964844,238.92999267578125,237.92999267578125,238.0800018310547,63532800,235.57599945068358,236.11519958496095,236.11734569936377,59.986382262003794,0.7336871884540983,0.10664462648688477
2017-05-01,238.67999267578125,239.1699981689453,238.1999969482422,238.67999267578125,66882500,235.72299880981444,236.1943994140625,236.36140731616544,62.02966099718763,0.8433781770478674,0.05272394731540242
2017-05-02,238.83999633789065,238.97999572753903,238.3000030517578,238.77000427246097,57375700,235.89499893188477,236.2679995727539,236.5907975024793,62.34035618722329,0.9268876752305744,-0.1421418158711173
2017-05-03,238.77000427246097,238.8800048828125,237.6999969482422,238.47999572753903,73137700,236.04499893188478,236.3077993774414,236.77072114296118,60.61928868799541,0.9586179374570918,0.2747156025983126
2017-05-04,238.8300018310547,238.9199981689453,237.77999877929688,238.7599945068359,61462700,236.2439987182617,236.35739929199218,236.96017574904448,61.71817136215581,0.9948894935333783,-0.15963039581501748
2017-05-05,239.19000244140625,239.72000122070312,238.67999267578125,239.6999969482422,62001300,236.4569984436035,236.42259918212892,237.22111110134904,65.22630506163159,1.0869555570838543,0.00876303839564474
2017-05-08,239.75,239.9199981689453,239.1699981689453,239.66000366210935,48385700,236.67999877929688,236.4809991455078,237.45338658332622,64.95357731226196,1.1435097828284029,-0.21960184705804553
2017-05-09,239.9600067138672,240.19000244140625,239.0399932861328,239.44000244140625,51363200,236.88499908447267,236.5275991821289,237.64258809361957,63.38355498473201,1.1572372437080105,0.061536776361611034
2017-05-10,239.38999938964844,239.8699951171875,239.1499938964844,239.8699951171875,54293800,237.12549896240233,236.5955990600586,237.85472209586413,65.15630542935646,1.1891058980924356,0.05705641393059624
2017-05-11,239.3500061035156,239.57000732421875,238.1300048828125,239.3800048828125,62358300,237.39299926757812,236.5875991821289,237.99998712319254,61.50226311679689,1.1614356126247856,0.1485344551311567
2017-05-12,239.08999633789065,239.42999267578125,238.6699981689453,238.97999572753903,53912700,237.71649932861328,236.60179901123047,238.09332127598745,58.61242191304814,1.0946113183177602,-0.13543666200008664
2017-05-15,239.47000122070312,240.44000244140625,239.4499969482422,240.3000030517578,61918900,238.00299911499025,236.63939910888672,238.30348144510845,64.53456931986213,1.1350816284898997,0.14850304288228933
2017-05-16,240.63999938964844,240.6699981689453,239.6300048828125,240.0800018310547,51241800,238.3134994506836,236.68679901123048,238.4726738628176,62.9186414559506,1.1363037783579557,-0.172436848845829
2017-05-17,240.0800018310547,240.0800018310547,235.75,235.82000732421875,172174100,238.43249969482423,236.66319915771484,238.22003895437962,41.335280476064604,0.7844833507479336,2.3600322393046302
2017-05-18,235.72999572753903,237.75,235.42999267578125,236.77000427246097,107047700,238.50400009155274,236.66739929199218,238.0819404132445,45.80040555409604,0.5756838167167189,-0.3782589832036294
2017-05-19,237.3300018310547,239.0800018310547,237.27000427246097,238.30999755859375,115011400,238.69000015258788,236.69639923095704,238.10366014137298,52.15741127030459,0.5283824061362736,0.07439393840316044
2017-05-22,238.8999938964844,239.7100067138672,238.82000732421875,239.52000427246097,61010600,238.80750045776367,236.73299926757812,238.23855005861947,56.47687898075838,0.5818261966038278,-0.4695256296332364
2017-05-23,239.9499969482422,240.2400054931641,239.5099945068359,240.0500030517578,48341700,238.88250045776368,236.7777993774414,238.41106939129932,58.25472702679211,0.6593467191464697,-0.2076508016639731
2017-05-24,240.32000732421875,240.72999572753903,239.92999267578125,240.61000061035156,46927700,238.99300079345704,236.85199951171876,238.62049141216144,60.10888499206399,0.7572404184720085,-0.029250109119042134
2017-05-25,241.1999969482422,242.0800018310547,240.9600067138672,241.7599945068359,64071700,239.15100021362304,236.90819946289062,238.91949170689233,63.67682328436716,0.9170456456577654,0.3653279406406025
2017-05-26,241.5399932861328,241.8999938964844,241.4499969482422,241.7100067138672,46629900,239.33250045776367,236.9727996826172,239.18525504088993,63.411325378371686,1.0278108783937512,-0.27222315000226305
2017-05-30,241.33999633789065,241.7899932861328,241.16000366210935,241.5,35201900,239.4735008239746,237.06219970703125,239.40570694175756,62.23728177248503,1.086127139079025,-0.24507880136993643
2017-05-31,241.83999633789065,241.8800048828125,240.63999938964844,241.44000244140625,91796000,239.60700073242188,237.15559967041017,239.59944937029553,61.88475980178201,1.1146528698240843,1.607700152548584
2017-06-01,241.97000122070312,243.3800048828125,241.63999938964844,243.36000061035156,68962000,239.8510009765625,237.3481997680664,239.95759710744372,68.10983087970534,1.2774617393570225,-0.24874722210118083
2017-06-02,243.4199981689453,244.3500061035156,243.0800018310547,244.1699981689453,88666100,240.12150115966796,237.54599975585938,240.35877816092005,70.31267751640283,1.4550757672907935,0.28572402192511825
2017-06-05,243.97000122070312,244.3000030517578,243.7599945068359,243.9900054931641,44698800,240.33600158691405,237.74519989013672,240.7046093354195,69.16928192373756,1.5632916068655618,-0.4958749736370496
2017-06-06,243.33999633789065,243.97999572753903,243.1199951171875,243.2100067138672,50375400,240.51350173950195,237.93220001220703,240.94321860955736,64.29026978142589,1.5680386827495738,0.12699669789793022
2017-06-07,243.6000061035156,243.9199981689453,242.8300018310547,243.66000366210935,54144300,240.7245018005371,238.13300018310548,241.20196004313374,65.78953325404882,1.5897857075013917,0.07481627937445667
2017-06-08,243.77000427246097,244.3300018310547,243.1699981689453,243.77999877929688,65950700,240.92000198364258,238.30220001220704,241.44748754181595,66.19708636805541,1.5982790187777312,0.21805434736435791
2017-06-09,244.08999633789065,245.0099945068359,241.9499969482422,243.41000366210935,132256400,241.12150192260742,238.45960021972655,241.63439383898674,63.6780631883924,1.55720403656872,1.005382808673752
2017-06-12,243.1300048828125,243.4199981689453,242.3800048828125,243.36000061035156,86108100,241.34050216674805,238.60100036621094,241.79873734102148,63.32733577851156,1.5032880203209231,-0.34893056215048945
2017-06-13,243.97999572753903,244.61000061035156,243.5800018310547,244.5500030517578,60067000,241.55300216674806,238.7772003173828,242.0607626468059,67.86373518461542,1.5388436095230418,-0.30242334925518044
2017-06-14,244.86000061035156,244.8699951171875,243.2899932861328,244.2400054931641,78602300,241.76100234985353,238.955400390625,242.2683095845543,65.58766273399442,1.524434723346019,0.30857708891737556
2017-06-15,242.67999267578125,243.91000366210935,242.36000061035156,243.77000427246097,66464900,242.15850219726562,239.12120056152344,242.4113281262597,62.18247007751284,1.4582802596088698,-0.15441532881353348
2017-06-16,242.77000427246097,242.8300018310547,241.6300048828125,242.63999938964844,84553100,242.452001953125,239.27840057373047,242.43310634182052,54.814004155414814,1.299688421190325,0.2721466518417992
2017-06-19,243.58999633789065,244.72999572753903,243.47999572753903,244.66000366210935,65123800,242.76950225830078,239.46280059814453,242.64519180089565,63.20721957303498,1.321764234236042,-0.22978814496452526
2017-06-20,244.25,244.2599945068359,242.9900054931641,243.0099945068359,56906400,242.94400177001953,239.6190005493164,242.6799349157471,54.32989451103075,1.1923725969225814,-0.12618121178432462
2017-06-21,243.4600067138672,243.58999633789065,242.41000366210935,242.9499969482422,55977600,243.08900146484376,239.77120056152344,242.70565510931806,54.032725023728894,1.0726229607701043,-0.016321538526422374
2017-06-22,242.9600067138672,243.52999877929688,242.63999938964844,242.83999633789065,44148100,243.20050125122071,239.9268005371094,242.71844951203926,53.45542267971913,0.9578034198161163,-0.21132560166923908
2017-06-23,242.91000366210935,243.5099945068359,242.47000122070312,243.1300048828125,66986800,243.26900177001954,240.10880065917968,242.7576452616367,54.82579124331507,0.8800645361015711,0.5173201111712622
2017-06-26,243.8999938964844,244.3800048828125,243.0500030517578,243.2899932861328,56700500,243.3480010986328,240.32440063476562,242.80834507349348,55.60237873628643,0.8218913854664436,-0.15355711871592614
2017-06-27,243.0399932861328,243.3800048828125,241.30999755859375,241.3300018310547,82247700,243.33950119018556,240.45960052490236,242.6675504789755,45.32296188089551,0.6105952523931819,0.45056392800768963
2017-06-28,242.5,243.72000122070312,242.22999572753903,243.4900054931641,70042600,243.44200134277344,240.65200073242187,242.74587952794585,55.16113963967552,0.610399482975339,-0.14839442318751772
2017-06-29,243.66000366210935,243.72000122070312,239.9600067138672,241.3500061035156,106949700,243.34150161743165,240.81020080566407,242.61293920180964,46.27694248888251,0.43257778088997156,0.5269236150571224
2017-06-30,242.27999877929688,242.7100067138672,241.5800018310547,241.8000030517578,86820700,243.22300186157227,240.9394009399414,242.5355167113285,48.16740685859179,0.3242263146613027,-0.1882099716034734
2017-07-03,242.8800048828125,243.3800048828125,242.2100067138672,242.2100067138672,39153800,243.1340019226074,241.09180114746093,242.50451575918933,49.89734804907653,0.2683475228309362,-0.5490269025704699
2017-07-05,242.6300048828125,243.0099945068359,241.6999969482422,242.77000427246097,54427600,243.11200180053712,241.20380126953125,242.52980037950093,52.241893125802214,0.2661819211099896,0.3900975128850839
2017-07-06,241.88999938964844,242.02999877929688,240.33999633789065,240.5500030517578,65400800,242.95650177001954,241.24380126953125,242.3412482530492,43.54293341284472,0.08435769792654924,0.2016109473869876
2017-07-07,241.2100067138672,242.27999877929688,240.55999755859375,242.11000061035156,57972300,242.87300186157228,241.31800140380858,242.3192246680304,49.86093890414476,0.06538573061450847,-0.1135842375016819
2017-07-10,242.11000061035156,242.8000030517578,241.7599945068359,242.3699951171875,36663300,242.82100143432618,241.39340118408202,242.3240599489025,50.848186696446675,0.07051681966902379,-0.3675720990887027
2017-07-11,242.3699951171875,242.5500030517578,240.8500061035156,242.19000244140625,50354600,242.76250152587892,241.47560119628906,242.31129256723617,50.112535917767005,0.059374903114729705,0.37343337888297023
2017-07-12,243.3000030517578,244.1999969482422,243.3000030517578,244.0099945068359,59610400,242.73550109863282,241.58220123291017,242.4730737043409,56.90223223767559,0.19515339646841312,0.18381240244188213
2017-07-13,244.02000427246097,244.5500030517578,243.7599945068359,244.4199981689453,39471600,242.74450073242187,241.69520111083983,242.65849508192227,58.27978543765569,0.33201543243836795,-0.3378403768469932
2017-07-14,244.4199981689453,245.97000122070312,244.30999755859375,245.55999755859375,60262700,242.83400039672853,241.83680114746093,242.93482865112907,61.924019518093665,0.526399993897428,0.5267356783104815
2017-07-17,245.47000122070312,245.91000366210935,245.3300018310547,245.52999877929688,33531900,242.97850036621094,241.97220123291015,243.18198771095456,61.77111201411214,0.6703036651377374,-0.44357123062856463
2017-07-18,245.05999755859375,245.72000122070312,244.6699981689453,245.66000366210935,42742500,243.02850036621095,242.0914013671875,243.41798923011217,62.20664977779995,0.7857806783835599,0.2746817209880741
2017-07-19,246.02000427246097,247.0,246.0099945068359,246.9900054931641,51034300,243.22750091552734,242.2380014038086,243.75818125516474,66.42141855984048,0.9733963684080322,0.193994268000234
2017-07-20,247.27999877929688,247.4199981689453,246.47000122070312,247.1000061035156,47135200,243.43500137329102,242.39120147705077,244.07645028834102,66.75167829635782,1.1180708594990563,-0.07640155738395549
2017-07-21,246.44000244140625,246.91000366210935,246.17999267578125,246.8800048828125,82340800,243.63700180053712,242.53140167236327,244.34345548781448,65.36694494621922,1.2011283165712712,0.746906770311784
2017-07-24,246.7899932861328,246.97999572753903,246.27999877929688,246.82000732421875,46622300,243.8215019226074,242.6802017211914,244.57931756747203,64.97110702195921,1.2477276208104229,-0.4337885956901074
2017-07-25,247.67999267578125,247.8000030517578,247.16000366210935,247.4199981689453,54915600,244.02800216674805,242.84900177001953,244.84985857713616,67.11569380196565,1.317880446550788,0.17788268704032184
2017-07-26,247.75,247.7899932861328,247.1300048828125,247.42999267578125,47575400,244.33300170898437,242.9916015625,245.09558563414998,67.15177081749636,1.3586221886699263,-0.13366329421876477
2017-07-27,247.9600067138672,248.0,245.67999267578125,247.1999969482422,70766600,244.51850128173828,243.13400146484375,245.2960057593016,65.37434153772107,1.356712245527433,0.48746200767623593
2017-07-28,246.6499938964844,247.05999755859375,246.1300048828125,246.91000366210935,50088400,244.79650115966797,243.35580139160157,245.4497198452833,63.10625245036512,1.3166213755615672,-0.29220281884391786
2017-07-31,247.3699951171875,247.47999572753903,246.52999877929688,246.77000427246097,65838700,245.0450012207031,243.55580139160156,245.57546121930022,61.98814307122142,1.2590388751256114,0.3144500523075202
2017-08-01,247.4600067138672,247.5,246.72000122070312,247.32000732421875,55050400,245.3005012512207,243.73600158691406,245.7416084673877,64.6388511785297,1.2434512464328407,-0.16385955372751893
2017-08-02,247.47000122070312,247.6000061035156,246.3699951171875,247.44000244140625,47211200,245.53400115966798,243.89440155029297,245.9033602744371,65.20887686688005,1.2266405923160448,-0.14240041852556928
2017-08-03,247.30999755859375,247.33999633789065,246.63999938964844,246.9600067138672,40856000,245.85450134277343,244.03260162353516,246.00399326866852,60.974634181170295,1.1612007842747971,-0.13461212593621852
2017-08-04,247.52000427246097,247.7899932861328,246.97000122070312,247.41000366210935,60191800,246.11950149536133,244.16860168457032,246.13789902042478,63.37565420429819,1.1325944144808773,0.47326708439396903
2017-08-07,247.4900054931641,247.8699951171875,247.3699951171875,247.8699951171875,31995000,246.39450149536134,244.29080169677735,246.30286055344982,65.69883269402715,1.1339694326887013,-0.46844919075355784
2017-08-08,247.5099945068359,248.91000366210935,246.8300018310547,247.2599945068359,61719400,246.64800109863282,244.40180145263673,246.39401616805802,60.241577916847,1.0734629802287259,0.9290326613533364
2017-08-09,246.47000122070312,247.30999755859375,246.05999755859375,247.25,62632600,246.81000137329102,244.5168014526367,246.47553843776677,60.15341364241603,1.013027161029811,0.014795996072547668
2017-08-10,246.2899932861328,246.44000244140625,243.6999969482422,243.7599945068359,120479500,246.77700119018556,244.56320129394533,246.21691520624955,38.79967854314569,0.6757276945556896,0.9235909095263488
2017-08-11,244.02000427246097,244.8000030517578,243.75,244.1199951171875,74869900,246.70500106811522,244.57840118408203,246.01720853110078,41.12151697100353,0.4324791276931421,-0.37856730813125883
2017-08-14,245.58999633789065,246.7899932861328,245.5500030517578,246.5399932861328,73291900,246.75550079345703,244.62580108642578,246.06699755538955,53.808006848514076,0.4300195161048066,-0.02107656080748066
2017-08-15,246.97999572753903,247.0,246.16000366210935,246.5099945068359,55242700,246.79800033569336,244.67620086669922,246.10918774124158,53.65367428766765,0.420798897667396,-0.2462645940410878
2017-08-16,247.11000061035156,247.57000732421875,246.4499969482422,246.94000244140625,56715500,246.79550018310547,244.75080078125,246.18831295078107,55.618700038425686,0.44308196463896365,0.026660536143237046
2017-08-17,246.2400054931641,246.6000061035156,243.08999633789065,243.08999633789065,128490400,246.59499969482422,244.73940063476562,245.89323517812483,39.479177974246596,0.14836784686173132,1.265525297317312
2017-08-18,242.8999938964844,244.19000244140625,242.1999969482422,242.7100067138672,136748000,246.38649978637696,244.71800079345704,245.59007056248123,38.2979324709095,-0.11453689173896464,0.06426627981545696
2017-08-21,242.63999938964844,243.1999969482422,241.8300018310547,242.8999938964844,65469700,246.19049911499025,244.70780059814453,245.33387278476724,39.276223537556646,-0.30405545138270895,-0.5212383362096704
2017-08-22,243.57000732421875,245.6199951171875,243.5500030517578,245.44000244140625,63140100,246.09149932861328,244.74940063476564,245.34398037111382,50.561859916869864,-0.24645186972654187,-0.0355828726876708
2017-08-23,244.3300018310547,245.0500030517578,244.16000366210935,244.55999755859375,50203800,245.9479995727539,244.74960052490235,245.26931534135,47.283112756531665,-0.2687121098530554,-0.20488247563751083
2017-08-24,245.0,245.17999267578125,243.75,243.9900054931641,50741700,245.7875,244.74460052490235,245.14747630818943,45.23692097843842,-0.32855967517332374,0.010714328397452011
2017-08-25,244.8999938964844,245.61000061035156,244.38999938964844,244.55999755859375,64445900,245.6699996948242,244.760400390625,245.0915259510851,47.67546358734599,-0.32623507098625737,0.2700776678747461
2017-08-28,245.1699981689453,245.1999969482422,244.08999633789065,244.57000732421875,40565600,245.55999984741212,244.79900054931642,245.04185751043116,47.71949089014054,-0.3198975214908728,-0.3705480100363251
2017-08-29,243.05999755859375,245.1499938964844,242.92999267578125,244.8500061035156,51135700,245.43649978637694,244.80280059814453,245.02358594786776,49.01190702979032,-0.2889505641760479,0.2605680675251938
2017-08-30,244.8300018310547,246.32000732421875,244.6199951171875,246.0099945068359,62030800,245.36499938964843,244.86280059814453,245.11752962015044,54.076869619902205,-0.1688768011810282,0.21306249841109048
2017-08-31,246.72000122070312,247.77000427246097,246.0500030517578,247.4900054931641,103803900,245.3914993286133,244.95360076904296,245.3434797032946,59.592167832751755,0.045186160772090034,0.673425137189912
2017-09-01,247.9199981689453,248.3300018310547,247.6699981689453,247.83999633789065,62007000,245.41299896240236,245.05360076904296,245.58124319230376,60.79137859136435,0.24030386318338515,-0.4026525014956085
2017-09-05,247.2599945068359,247.52000427246097,244.9499969482422,246.05999755859375,91398800,245.32249908447267,245.1122006225586,245.62683884623613,52.29156657082722,0.2484411477704498,0.47400777331591604
2017-09-06,246.83999633789065,247.27999877929688,246.22999572753903,246.8999938964844,57916900,245.30449905395508,245.18440063476564,245.74809170816454,55.456700451495976,0.31899352991089813,-0.3663275666638949
2017-09-07,247.25,247.27000427246097,246.3999938964844,246.8699951171875,58034700,245.28549880981444,245.29520050048828,245.854939651881,55.3155588287194,0.3682412938672144,0.002033948640207006
2017-09-08,246.5399932861328,247.11000061035156,246.3000030517578,246.5800018310547,63832800,245.4264991760254,245.3570004272461,245.9239931927547,53.887781670760084,0.37949587478118474,0.09990746915207627
2017-09-11,248.0399932861328,249.3000030517578,248.02000427246097,249.2100067138672,71364800,245.68099975585938,245.51420043945313,246.23694686143207,63.17198651091963,0.5937897863793751,0.1179957639332756
2017-09-12,249.6300048828125,250.08999633789065,249.4199981689453,250.0500030517578,56896000,245.85650024414062,245.67920043945313,246.6000950700345,65.55722780277543,0.821925296364924,-0.2027442100307154
2017-09-13,249.72000122070312,250.2100067138672,249.58999633789065,250.1699981689453,59228000,246.03950042724608,245.8384002685547,246.94008584135935,65.89702295843061,1.0008695338059965,0.04098706411698538
2017-09-14,249.8000030517578,250.32000732421875,249.6000061035156,250.08999633789065,95446300,246.1970001220703,245.98480010986327,247.24007731721946,65.43353282986514,1.123280177371612,0.6115063821165665
2017-09-15,248.69000244140625,249.2899932861328,248.57000732421875,249.19000244140625,95432400,246.5020004272461,246.15760009765626,247.4257844719039,60.29564127890202,1.1345906536379857,-0.0001456316274177638
2017-09-18,249.61000061035156,250.1199951171875,249.27999877929688,249.72000122070312,46235200,246.85250015258788,246.3098001098633,247.6442813051229,62.179018641616,1.172801434774783,-0.5155188384657621
2017-09-19,250.0,250.07000732421875,249.6000061035156,249.97000122070312,47108100,247.20600051879882,246.46180023193358,247.86577843994004,63.068918241945646,1.2093164178902214,0.018879554971104273
2017-09-20,250.07000732421875,250.19000244140625,248.9199981689453,250.05999755859375,59574100,247.4370002746582,246.61920013427735,248.07475168933564,63.40274888307808,1.2313228342609648,0.26462540412370705
2017-09-21,249.8800048828125,249.97999572753903,249.19000244140625,249.38999938964844,48211400,247.67850036621093,246.7268002319336,248.20001337507972,59.118349667307534,1.1810850121368333,-0.19073221416689468
2017-09-22,249.0500030517578,249.6300048828125,249.02000427246097,249.44000244140625,51214000,247.95100021362305,246.82720031738282,248.31810757187273,59.339183453150476,1.1322540842637068,0.06227987571404281
2017-09-25,249.1499938964844,249.5500030517578,248.0800018310547,248.92999267578125,57064400,248.16949996948242,246.89460021972656,248.37638234367355,56.01555544673767,1.0404085146350326,0.11423438903424854
2017-09-26,249.4199981689453,249.6999969482422,248.80999755859375,249.0800018310547,54082000,248.3949996948242,246.96560028076172,248.44339372342415,56.78230997779286,0.9685597700231767,-0.05226375813992612
2017-09-27,249.8800048828125,250.4900054931641,248.8699951171875,250.0500030517578,81001400,248.65499954223634,247.0534002685547,248.5964041356464,61.46073684296023,0.9786093151266755,0.4977515624422173
2017-09-28,249.72999572753903,250.44000244140625,249.6300048828125,250.3500061035156,44778800,248.87200012207032,247.12060028076172,248.76341384687203,62.80194623967443,0.9992625148194634,-0.44718486347149555
2017-09-29,250.33999633789065,251.32000732421875,250.1300048828125,251.22999572753903,85578000,249.05899963378906,247.2032000732422,248.99832640693555,66.48622966176367,1.0742547921097696,0.9111275871617819
2017-10-02,251.4900054931641,252.32000732421875,251.2899932861328,252.32000732421875,59023000,249.28300018310546,247.31200012207032,249.31467697048632,70.39735378936103,1.2077196975041602,-0.3103017130570941
2017-10-03,252.32000732421875,252.88999938964844,252.22999572753903,252.86000061035156,66810200,249.62300033569335,247.43279998779298,249.65232684094968,72.13243293618675,1.341599418886375,0.13193500838656114
2017-10-04,252.69000244140625,253.44000244140625,252.55999755859375,253.16000366210935,55953600,249.9360008239746,247.54760009765624,249.98639130010775,73.07658279440851,1.455133923597998,-0.162499139352973
2017-10-05,253.5399932861328,254.67999267578125,253.1999969482422,254.66000366210935,63522800,250.32550125122071,247.6922003173828,250.43149723934602,77.23040135559411,1.647160855510549,0.1352763718509622
2017-10-06,254.1499938964844,254.6999969482422,253.8500061035156,254.3699951171875,80646000,250.71500091552736,247.83560028076172,250.80659227533093,74.82671263284045,1.7557036577786391,0.26955990604948155
2017-10-09,254.6300048828125,254.6999969482422,253.6499938964844,253.9499969482422,35803100,250.9520004272461,247.97640014648437,251.10596414894152,71.36267697992061,1.7872321684970132,-0.556046177119758
2017-10-10,254.6000061035156,255.0500030517578,253.97999572753903,254.6199951171875,43057400,251.18050003051758,248.1333999633789,251.44063376496496,73.47244098737094,1.8450138223546446,0.2026165332052252
2017-10-11,254.5099945068359,255.02000427246097,254.32000732421875,255.02000427246097,47674300,251.42300033569336,248.28739990234374,251.7815261942503,74.67216282832376,1.9011681125799385,0.10722663235587837
2017-10-12,254.66000366210935,255.05999755859375,254.3699951171875,254.63999938964844,47065100,251.65050048828124,248.4313998413086,252.05376173666917,71.36996789782859,1.8931841258075508,-0.012778373253513942
2017-10-13,255.13999938964844,255.27000427246097,254.63999938964844,254.9499969482422,54800400,251.93850021362306,248.59119964599608,252.3295936615809,72.44066467325696,1.8900832676166317,0.16435320439136425
2017-10-16,255.2100067138672,255.5099945068359,254.82000732421875,255.2899932861328,38221700,252.21699981689454,248.74879943847657,252.61153648296678,73.60651306774858,1.893236624847333,-0.3025288136582944
2017-10-17,255.22999572753903,255.52000427246097,254.97999572753903,255.47000122070312,31561000,252.49199981689452,248.9007995605469,252.88377121989404,74.2281279441607,1.8884914650382711,-0.17426488094459425
2017-10-18,255.8999938964844,255.9499969482422,255.5,255.72000122070312,40888300,252.775,249.06999969482422,253.15388836282824,75.10506548219183,1.8831954969253104,0.29553246094863916
2017-10-19,254.8300018310547,255.8300018310547,254.3500061035156,255.7899932861328,61903800,253.09499969482422,249.24079956054686,253.40494597457155,75.35787552684599,1.8631687294417247,0.5139734349434923
2017-10-20,256.70001220703125,257.1400146484375,255.77000427246097,257.1099853515625,89176400,253.47849884033204,249.50779937744142,253.7578068676183,79.57126822150792,1.9315440623655888,0.44056423030573244
2017-10-23,257.4800109863281,257.510009765625,256.0199890136719,256.1099853515625,63915300,253.8374984741211,249.7475991821289,253.9818238660892,69.83012412534035,1.8833305019798559,-0.28327113451540986
2017-10-24,256.6000061035156,256.8299865722656,256.1499938964844,256.55999755859375,66935900,254.21149826049805,249.94799926757813,254.2273642177563,71.51980843720837,1.8599922987971809,0.04725941988850879
2017-10-25,256.17999267578125,256.30999755859375,254.0,255.2899932861328,103715300,254.4734977722168,250.12359924316405,254.32856698617312,61.1168148303286,1.7192000062064778,0.5494719574996376
2017-10-26,255.9900054931641,256.29998779296875,255.47999572753903,255.6199951171875,69798000,254.73699722290038,250.2971990966797,254.45156014150783,62.63758229118343,1.6156255639907329,-0.32702311038005005
2017-10-27,256.4700012207031,257.8900146484375,255.6300048828125,257.7099914550781,85562500,255.06099700927734,250.58959899902345,254.76188693327643,70.50544374134802,1.682789163978299,0.22585890713200962
2017-10-30,256.4700012207031,257.6000061035156,256.4100036621094,256.75,54285700,255.2824966430664,250.8703988647461,254.95123103486915,63.85399384875267,1.639652618674802,-0.3655433162892623
2017-10-31,257.17999267578125,257.44000244140625,256.80999755859375,257.1499938964844,60304800,255.49699630737305,251.1553988647461,255.16063702168964,65.32196926010542,1.619079025137495,0.11087818707320718
2017-11-01,258.0400085449219,258.42999267578125,257.07000732421875,257.489990234375,54202700,255.71349563598633,251.39639862060548,255.38248018480252,66.56495441224232,1.6116312847888992,-0.10118763348854487
2017-11-02,257.4100036621094,257.75,256.19000244140625,257.5899963378906,56449500,255.8599952697754,251.6569985961914,255.59271981842997,66.94031372228973,1.5954076869638527,0.04145180959620087
2017-11-03,257.7699890136719,258.5,257.29998779296875,258.45001220703125,59589700,256.0639961242676,251.94619873046875,255.86484290305867,70.05383038635878,1.6331208612835155,0.05562848209461557
2017-11-06,258.29998779296875,259.0,258.2200012207031,258.8500061035156,49652600,256.3089965820312,252.23199890136718,256.14914416024504,71.40281600279704,1.6759655011533994,-0.16675868480626688
2017-11-07,258.9700012207031,259.3500061035156,258.0899963378906,258.6700134277344,57502200,256.5114974975586,252.5139990234375,256.389226947625,69.87739783336464,1.676075526901883,0.15809041218385333
2017-11-08,258.4700012207031,259.2200012207031,258.1499938964844,259.1099853515625,50469600,256.7159965515137,252.79919860839843,256.64834679561903,71.48123090867337,1.6921586290113169,-0.12230140759831798
2017-11-09,257.7300109863281,258.3900146484375,256.3599853515625,258.1700134277344,95085500,256.89249725341796,253.0423989868164,256.7932674272491,63.68030079363799,1.6104919757260063,0.8840153280390572
2017-11-10,257.7300109863281,258.2900085449219,257.3699951171875,258.0899963378906,59984700,257.0494972229004,253.25439880371093,256.91676541873875,63.0495052711601,1.5217718159767628,-0.36914987037981606
2017-11-13,257.30999755859375,258.5899963378906,257.2699890136719,258.3299865722656,50228600,257.20149688720704,253.46419860839845,257.05135790955086,64.1950756030713,1.4540641104712222,-0.16264314066753693
2017-11-14,257.4100036621094,257.8500061035156,256.5199890136719,257.7300109863281,61315200,257.31449737548826,253.69759887695312,257.1159915359106,59.24956267628669,1.3365849313767626,0.2207228551064533
2017-11-15,256.6199951171875,257.2200012207031,255.6300048828125,256.44000244140625,80811500,257.3504974365234,253.88839904785155,257.0516116221483,50.2803975185596,1.1264044378317521,0.3179684645895309
2017-11-16,257.5199890136719,259.0400085449219,257.4700012207031,258.6199951171875,67777000,257.4919975280762,254.12339904785156,257.2009814788187,61.01937246561177,1.1227991428051496,-0.16129511270054386
2017-11-17,258.2200012207031,258.5899963378906,257.7699890136719,257.8599853515625,75756800,257.52949752807615,254.34899871826173,257.26374375241335,56.44229105570223,1.0465514899817663,0.11773610516842004
2017-11-20,258.1400146484375,258.5199890136719,257.8599853515625,258.29998779296875,48075500,257.6389976501465,254.53079833984376,257.3624336610377,58.38835189805606,1.009986697597185,-0.3653969016642731
2017-11-21,259.17999267578125,260.20001220703125,258.260009765625,259.989990234375,69176800,257.81049728393555,254.7295980834961,257.6126771442127,64.87883757928716,1.104644257891266,0.43892003203294827
2017-11-22,260.0,260.1499938964844,259.57000732421875,259.760009765625,45033400,258.0339981079102,254.92139831542968,257.8171850129186,63.42893766910041,1.147871605253954,-0.34901007274115026
2017-11-24,260.32000732421875,260.4800109863281,260.1600036621094,260.3599853515625,27856500,258.27099761962893,255.12679809570312,258.05935647374184,65.58943658839043,1.2165193275045567,-0.38142578619424694
2017-11-27,260.4100036621094,260.75,260.0,260.2300109863281,52274900,258.3969985961914,255.34759826660155,258.26608547494055,64.69774548339961,1.2460713619271928,0.8765781774451205
2017-11-28,260.760009765625,262.8999938964844,260.6499938964844,262.8699951171875,98971700,258.70299835205077,255.61059814453125,258.70455305991646,72.7895380836962,1.4656214464929462,0.8932929570405683
2017-11-29,263.0199890136719,263.6300048828125,262.20001220703125,262.7099914550781,77512100,258.98099822998046,255.86539794921876,259.08602338326517,71.71659848543048,1.6081675574062047,-0.2168256178281266
2017-11-30,263.760009765625,266.04998779296875,263.6700134277344,265.010009765625,127894400,259.356999206543,256.1643981933594,259.65021256253755,76.97143531190504,1.884999531670644,0.6499927108154726
2017-12-01,264.760009765625,265.30999755859375,260.760009765625,264.4599914550781,164390900,259.7004989624023,256.46579803466796,260.1082867427795,73.45672376534125,2.0365330989091603,0.28536433182375465
2017-12-04,266.30999755859375,266.79998779296875,264.0799865722656,264.1400146484375,94040600,259.98499908447263,256.7597982788086,260.49226082903266,71.41372627505149,2.106522409476213,-0.42794522081210096
2017-12-05,263.19000244140625,265.1499938964844,263.0400085449219,263.19000244140625,77994500,260.2019989013672,257.0449984741211,260.7491886016397,65.58176355779722,2.061566936459542,-0.17062949406958272
2017-12-06,263.29998779296875,263.7300109863281,262.7099914550781,263.239990234375,75898600,260.43049774169924,257.3281982421875,260.98640780475733,65.74030252626562,2.0068394019231164,-0.026872407669771614
2017-12-07,264.07000732421875,264.42999267578125,262.94000244140625,264.07000732421875,77218600,260.67849884033205,257.60859832763674,261.28008394946795,68.3474404353081,2.0073039287333927,0.017391625141965683
2017-12-08,265.1600036621094,265.5199890136719,264.0299987792969,265.510009765625,76563900,261.0454986572266,257.9117984008789,261.6829340271972,72.28761340280592,2.0996646054207417,-0.00847852719422526
2017-12-11,266.30999755859375,266.3800048828125,265.4800109863281,266.30999755859375,83077500,261.45649871826174,258.2133984375,262.123606744473,74.20844295553552,2.2119158472169147,0.08507403619721576
2017-12-12,267.2099914550781,267.32000732421875,266.3500061035156,266.7799987792969,85195800,261.8789993286133,258.5025982666016,262.5670726525515,75.29200244234733,2.312147933498352,0.02549787848695506
2017-12-13,267.05999755859375,267.55999755859375,266.6499938964844,266.75,102905400,262.3299987792969,258.7803982543945,262.96544668564184,75.07520159025198,2.3619350166125628,0.20786940201277537
2017-12-14,267.0899963378906,267.2200012207031,265.6000061035156,265.6600036621094,100666700,262.790998840332,259.0303982543945,263.2220711595911,67.47285974689231,2.287074077378975,-0.02175493219986513
2017-12-15,265.45001220703125,267.0400085449219,265.3900146484375,266.510009765625,144610300,263.1854995727539,259.2673983764648,263.53520816968955,70.02222450832664,2.2701655768082674,0.43652568326964136
2017-12-18,268.1000061035156,268.6000061035156,267.9800109863281,268.20001220703125,83653600,263.70250091552737,259.5439987182617,263.97947522086497,74.33007538119864,2.3658623528630187,-0.42152391634620767
2017-12-19,268.4800109863281,268.5299987792969,267.0899963378906,267.1700134277344,82382900,264.1460021972656,259.80839904785154,264.2833360024716,67.92364241523036,2.3317119203367724,-0.015190021708569645
2017-12-20,268.2699890136719,268.3299865722656,266.69000244140625,267.0299987792969,76751500,264.49800262451174,260.05659912109377,264.5449229335978,67.07729494397356,2.2672144081363967,-0.06835641862570996
2017-12-21,267.739990234375,268.3900146484375,267.29998779296875,267.5799865722656,67032300,264.8890014648438,260.3077987670898,264.8339766134709,68.72575643997999,2.234718638095046,-0.12663205279375644
2017-12-22,267.6000061035156,267.6400146484375,266.8999938964844,267.510009765625,78720900,265.2465026855469,260.56519897460936,265.08883691367606,68.25746180348632,2.1782099147341114,0.1743726531836145
2017-12-26,267.04998779296875,267.44000244140625,266.8900146484375,267.19000244140625,45244400,265.5945022583008,260.8099990844727,265.28894791631706,66.04127884227995,2.083586143619243,-0.4252555547510255
2017-12-27,267.3800048828125,267.7300109863281,267.010009765625,267.32000732421875,57751000,265.81700286865237,261.05059936523435,265.48238214564105,66.5169047513573,1.996076898854767,0.2764231595512372
2017-12-28,267.8900146484375,267.9200134277344,267.45001220703125,267.8699951171875,45116100,266.0750030517578,261.29859924316406,265.70977385721693,68.52532026190178,1.9486418797592933,-0.21878235874703467
2017-12-29,268.5299987792969,268.54998779296875,266.6400146484375,266.8599853515625,96007400,266.16750183105466,261.5213989257812,265.8193178090594,61.25839358560265,1.808700366346784,1.1280075183803566
2018-01-02,267.8399963378906,268.80999755859375,267.3999938964844,268.7699890136719,86655700,266.38300170898435,261.780998840332,266.1003341142606,68.1393348775587,1.8308125739970365,-0.09740603328493425
2018-01-03,268.9599914550781,270.6400146484375,268.9599914550781,270.4700012207031,90070400,266.69950103759766,262.04819915771486,266.51649288630273,72.77434865724139,1.9628865016458121,0.039405370910395865
2018-01-04,271.20001220703125,272.1600036621094,270.5400085449219,271.6099853515625,80636400,267.1205001831055,262.35819915771486,267.00158740680365,75.3626866554532,2.1349330536711477,-0.10474029203822788
2018-01-05,272.510009765625,273.55999755859375,271.95001220703125,273.4200134277344,83524000,267.62950134277344,262.69539947509764,267.6128660754637,78.80770739145409,2.389787343486205,0.035810130412567975
2018-01-08,273.30999755859375,274.1000061035156,272.9800109863281,273.9200134277344,57319200,268.1220016479492,263.0679998779297,268.21354677567996,79.65404932036076,2.6021115039568485,-0.31373976342129206
2018-01-09,274.3999938964844,275.25,274.0799865722656,274.5400085449219,57254000,268.57350158691406,263.4464001464844,268.81606694417917,80.68416129029082,2.788266949526246,-0.0011374897067649714
2018-01-10,273.67999267578125,274.4200134277344,272.9200134277344,274.1199951171875,69574300,268.96400146484376,263.77460021972655,269.32120296065614,77.81006181279992,2.868834766497514,0.21518671184546068
2018-01-11,274.75,276.1199951171875,274.55999755859375,276.1199951171875,62361500,269.4310012817383,264.1620001220703,269.96870697556386,81.23740714686852,3.0588085858738623,-0.10367046452497541
2018-01-12,276.4200134277344,278.1099853515625,276.0799865722656,277.9200134277344,90816100,269.989501953125,264.5774005126953,270.72597425672296,83.68050126756937,3.316381459606987,0.45628472695493216
2018-01-16,279.3500061035156,280.0899963378906,276.17999267578125,276.9700012207031,106555100,270.5550018310547,264.96700073242187,271.3206434913877,77.91415577768237,3.4046055981862082,0.173306274988686
2018-01-17,278.0299987792969,280.04998779296875,276.9700012207031,279.6099853515625,113258800,271.2100006103516,265.4074005126953,272.11010462092815,81.69005388701937,3.645525174769091,0.0629129905560597
2018-01-18,279.4800109863281,279.9599914550781,278.5799865722656,279.1400146484375,100728000,271.7570007324219,265.8212005615234,272.7796198616433,79.09752670437786,3.7552448419306756,-0.11063864353145181
2018-01-19,279.79998779296875,280.4100036621094,279.1400146484375,280.4100036621094,140920100,272.41900024414065,266.2524005126953,273.50632308073534,80.864789898385,3.899722396017637,0.39901616233817805
2018-01-22,280.1700134277344,282.69000244140625,280.1099853515625,282.69000244140625,91322400,273.2020004272461,266.73280029296876,274.38095921032306,83.55324672542518,4.15035602453662,-0.3519561794236592
2018-01-23,282.739990234375,283.6199951171875,282.3699951171875,283.2900085449219,97084700,273.9875015258789,267.2164007568359,275.22944009933246,84.18304079002154,4.347287633206179,0.06309842930102572
2018-01-24,284.0199890136719,284.70001220703125,281.8399963378906,283.17999267578125,134816100,274.77100067138673,267.7166003417969,275.9866355828038,83.5512754164009,4.4432608455006175,0.38864414269189695
2018-01-25,284.1600036621094,284.2699890136719,282.3999938964844,283.29998779296875,84587300,275.57649993896484,268.2208001708984,276.6831453171052,83.69500455257868,4.477390342025501,-0.3725727120128828
2018-01-26,284.25,286.6300048828125,283.9599914550781,286.5799865722656,107743100,276.5394989013672,268.7858001708984,277.62570162712046,87.03092924172213,4.714757908967272,0.2737503147635638
2018-01-29,285.92999267578125,286.42999267578125,284.5,284.67999267578125,90118300,277.3799987792969,269.3247998046875,278.2975388698501,77.18027482112852,4.695433749911842,-0.16358170500013458
2018-01-30,282.6000061035156,284.739990234375,281.2200012207031,281.760009765625,131796400,278.125,269.83119995117187,278.627298002781,65.00329416847163,4.393851413090545,0.4624820929822244
2018-01-31,282.7300109863281,283.29998779296875,280.67999267578125,281.8999938964844,108364800,278.7815002441406,270.2967999267578,278.9389833259909,65.2860557718491,4.118663399944808,-0.1777863431778106
2018-02-01,281.07000732421875,283.05999755859375,280.67999267578125,281.5799865722656,90102500,279.3369995117188,270.77119995117187,279.1905074446837,64.01277057567304,3.830596270905005,-0.1685261265650838
2018-02-02,280.0799865722656,280.2300109863281,275.4100036621094,275.45001220703125,173174800,279.5290008544922,271.1142004394531,278.83426980300254,45.64724827727075,3.0722483284658324,0.9219755278710358
2018-02-05,273.45001220703125,275.8500061035156,263.30999755859375,263.92999267578125,294681800,279.0544998168945,271.19300048828126,277.41481483850527,28.878747064777315,1.5241137861306697,0.7016436571602798
2018-02-06,259.94000244140625,269.70001220703125,258.70001220703125,269.1300048828125,355026800,278.81499938964845,271.380400390625,276.62578531891546,39.65476821479048,0.7086348331682757,0.2047802069893696
2018-02-07,268.5,272.3599853515625,267.5799865722656,267.6700134277344,167376100,278.47149963378905,271.52660095214844,275.7728546626125,37.91764346103062,-0.0548153438674035,-0.5285536190507308
2018-02-08,268.010009765625,268.1700134277344,257.5899963378906,257.6300048828125,246449500,277.6470001220703,271.47460083007815,274.04496420739343,28.62967934319738,-1.4532477557396533,0.4724294567742946
2018-02-09,260.79998779296875,263.6099853515625,252.9199981689453,261.5,283565300,276.91600036621094,271.4472009277344,272.8502057114512,35.21689618371987,-2.223606898077719,0.15060205031862517
2018-02-12,263.8299865722656,267.010009765625,261.6600036621094,265.3399963378906,143736000,276.28699951171876,271.49980102539064,272.134947675874,41.03258887304574,-2.4954998869372957,-0.49311146321499844
2018-02-13,263.9700012207031,266.6199951171875,263.30999755859375,266.0,81223600,275.7384994506836,271.5196008300781,271.5506669448384,41.996406395303666,-2.6274328494716883,-0.43491122613680633
2018-02-14,264.30999755859375,270.0,264.29998779296875,269.5899963378906,120735700,275.2375,271.62220092773435,271.36393641084334,47.06468629530432,-2.414475401717084,0.4864608315809691
2018-02-15,271.57000732421875,273.0400085449219,268.7699890136719,273.0299987792969,111200300,274.93199920654297,271.80000061035156,271.5226090173627,51.443000833759655,-1.9456968601251674,-0.07897746896733937
2018-02-16,272.32000732421875,275.32000732421875,272.2699890136719,273.1099853515625,160420100,274.56699829101564,271.9984002685547,271.67378771585794,51.54336017009741,-1.5498663461601723,0.44262290659287795
2018-02-20,272.0299987792969,273.6700134277344,270.5,271.3999938964844,86369700,274.0024978637695,272.1616003417969,271.64771211401285,49.20209258271154,-1.3584900043287575,-0.46160300361363693
2018-02-21,271.8999938964844,274.7200012207031,269.94000244140625,270.04998779296875,98883700,273.3404968261719,272.28119995117186,271.49554789296104,47.37259444826591,-1.3007627019853771,0.14488877465129546
2018-02-22,271.1000061035156,273.04998779296875,269.6400146484375,270.3999938964844,110511300,272.70149688720704,272.3789996337891,271.3912094171061,47.913348035263624,-1.212790537168246,0.11758864201076613
2018-02-23,271.7900085449219,274.7099914550781,271.25,274.7099914550781,92766400,272.2719970703125,272.54699951171875,271.70728389691294,54.159630856124615,-0.7862280325699658,-0.16057090994314605
2018-02-26,275.92999267578125,278.010009765625,275.260009765625,277.8999938964844,86491400,271.83799743652344,272.7693994140625,272.297065801634,58.15903732418446,-0.18859364723044791,-0.06764302592317906
2018-02-27,278.1099853515625,278.9200134277344,274.3599853515625,274.42999267578125,99099200,271.32549743652345,272.9229992675781,272.50020169440995,52.766095977502005,0.004978422221427081,0.14576940597562293
2018-02-28,275.67999267578125,276.19000244140625,271.2900085449219,271.6499938964844,121907800,270.8199966430664,273.0427990722656,272.41922952317896,48.85734492709177,-0.06518556755042937,0.23015927474692033
2018-03-01,271.4100036621094,273.1700134277344,266.0,267.70001220703125,176855100,270.10999755859376,273.06659912109376,271.9697802549744,43.88321992784989,-0.4345127533673576,0.4507283373172184
2018-03-02,265.79998779296875,269.7200012207031,264.82000732421875,269.0799865722656,139083200,269.48499755859376,273.0841986083984,271.69456180900215,45.953435382621045,-0.6088365221982031,-0.21357540721189272
2018-03-05,267.7300109863281,272.8900146484375,267.6099853515625,272.19000244140625,97307400,269.3219970703125,273.1845983886719,271.74174663113587,50.39489244440346,-0.4903842316106193,-0.3003655365996756
2018-03-06,273.29998779296875,273.3900146484375,271.17999267578125,272.8800048828125,79213200,269.7694976806641,273.30159851074217,271.8501521789146,51.350130809233235,-0.33694837634732266,-0.18594885897680957
2018-03-07,270.4200134277344,273.17999267578125,270.20001220703125,272.7799987792969,87063500,269.9519973754883,273.4055987548828,271.9387089979986,51.196250136742385,-0.22087292676229708,0.09910343225624008
2018-03-08,273.54998779296875,274.239990234375,272.4200134277344,274.1000061035156,66901200,270.2734970092773,273.53739868164064,272.14454681757167,53.190198197912025,-0.022113822998619526,-0.2315815468020468
2018-03-09,275.70001220703125,278.8699951171875,275.3399963378906,278.8699951171875,113625300,271.3354965209961,273.77099853515625,272.78506570324936,59.61176806102642,0.5143730750350528,0.698404512923535
2018-03-12,279.20001220703125,279.9100036621094,278.0799865722656,278.5199890136719,71924800,272.1864959716797,273.9949981689453,273.33124887567055,58.97247981098714,0.9009150515612419,-0.3670001311327671
2018-03-13,279.8399963378906,280.4100036621094,276.0299987792969,276.7200012207031,91968900,272.7554962158203,274.1719982910156,273.6539871942451,55.6662336661963,1.0499057214624372,0.27868134496029184
2018-03-14,277.80999755859375,278.0199890136719,274.6700134277344,275.29998779296875,105895100,273.2204956054687,274.34079833984373,273.8107491560283,53.13532368939763,1.0413941412926988,0.15142292666325252
2018-03-15,275.8800048828125,276.6099853515625,274.42999267578125,275.0,83433000,273.4909957885742,274.4653985595703,273.9240111411685,52.59132880123377,0.9989271346973396,-0.21211651908350815
2018-03-16,274.5,275.3900146484375,274.1400146484375,274.20001220703125,100343700,273.54949645996095,274.53999877929687,273.9502969569649,51.08920713064601,0.8904547883849432,0.20268598755887957
2018-03-19,273.3500061035156,274.3999938964844,268.6199951171875,270.489990234375,109208400,273.4184967041016,274.5175988769531,273.62074393576586,44.71119873985161,0.49936553019745133,0.08834336385841857
2018-03-20,270.94000244140625,271.6700134277344,270.17999267578125,270.95001220703125,59757300,273.39599761962893,274.46819885253905,273.36638853302924,45.61776541377808,0.22396270145679864,-0.4528140692474205
2018-03-21,270.8999938964844,273.2699890136719,270.19000244140625,270.42999267578125,78709600,273.41499786376954,274.3983984375,273.0867317847199,44.724997317250796,-0.03584406659030037,0.3171545568491214
2018-03-22,267.9100036621094,268.8699951171875,263.3599853515625,263.6700134277344,148785900,273.07849884033203,274.1809985351563,272.189901465007,35.10658082021109,-0.7782455021796864,0.8903145232601868
2018-03-23,264.1700134277344,264.5400085449219,257.8299865722656,258.04998779296875,183534800,272.24549865722656,273.8595983886719,270.843243020051,29.438384909745608,-1.79935128722758,0.2335496844795104
2018-03-26,262.1300048828125,265.42999267578125,259.4100036621094,265.1099853515625,141956100,271.60599822998046,273.6393981933594,270.29721848019494,42.08796436326524,-2.015666825970129,-0.22654395787610848
2018-03-27,266.1700134277344,266.7699890136719,258.8399963378906,260.6000061035156,129941400,270.9144989013672,273.292998046875,269.3736744443207,37.46720315499883,-2.5219446743907383,-0.08463672924235033
2018-03-28,260.75,262.6400146484375,258.5799865722656,259.8299865722656,146452300,270.32349853515626,272.95019775390625,268.4647517898393,36.72582623716363,-2.951287057561956,0.12706419970848404
2018-03-29,261.1199951171875,265.260009765625,259.8399963378906,263.1499938964844,111601600,270.0959976196289,272.62099792480467,267.95858437142454,42.050123381989195,-2.9891896275440786,-0.23796621835232357
2018-04-02,262.54998779296875,263.1300048828125,254.6699981689453,257.4700012207031,186286300,269.51549835205077,272.18759765625,266.95967169040347,36.405936030063884,-3.4379253630335143,0.6692081475534402
2018-04-03,258.8699951171875,261.30999755859375,256.8399963378906,260.7699890136719,119956900,268.9444976806641,271.79479736328125,266.3701781021433,41.33288558226215,-3.4870734188862684,-0.3560616105424822
2018-04-04,256.75,264.3599853515625,256.6000061035156,263.55999755859375,123715300,268.47849731445314,271.412197265625,266.1025418599005,45.19861085762486,-3.263276217821158,0.031331253141753335
2018-04-05,265.54998779296875,266.6400146484375,264.32000732421875,265.6400146484375,82652600,268.12149810791016,271.0591973876953,266.058491649285,47.95211298047153,-2.8848209081921254,-0.33191286768896
2018-04-06,263.4200134277344,265.1099853515625,258.0,259.7200012207031,179521200,267.40249786376955,270.5899975585937,265.45482589418197,41.55278388004699,-3.027686669433706,1.1719970091684955
2018-04-09,261.3699951171875,264.8399963378906,259.94000244140625,261.0,105442900,266.50899810791014,270.14399780273436,265.03055676140275,43.31424152792497,-3.003006817135656,-0.412643743468738
2018-04-10,264.2699890136719,266.0400085449219,262.9800109863281,265.1499938964844,103529000,265.84049835205076,269.71539794921875,265.0419317266486,48.71124973043255,-2.6183948064460196,-0.018151056164047108
2018-04-11,263.4700012207031,265.6400146484375,263.3900146484375,263.760009765625,91140200,265.1924987792969,269.2969982910156,264.91984392083685,47.09394716381306,-2.3981032779520888,-0.11966502139497148
2018-04-12,265.260009765625,267.0,265.05999755859375,265.92999267578125,68890500,264.7239990234375,268.98039794921874,265.0160485641649,49.891050168303174,-2.0250773379748352,-0.2441260826726297
2018-04-13,267.4100036621094,267.5400085449219,264.010009765625,265.1499938964844,85079200,264.2314987182617,268.64539794921876,265.02880526248106,48.89047516397888,-1.7719648678171893,0.23499176228943042
2018-04-16,267.0,268.20001220703125,266.07000732421875,267.3299865722656,63405300,263.88799743652345,268.36039794921874,265.24796538722245,51.79998589933278,-1.3795614954909752,-0.25474969205164133
2018-04-17,269.3299865722656,270.8699951171875,268.75,270.19000244140625,64682000,263.872998046875,268.25519775390626,265.718635582859,55.38810525660901,-0.8282520433325544,0.020135540719782075
2018-04-18,270.69000244140625,271.29998779296875,269.8699951171875,270.3900146484375,57303900,263.8449981689453,268.3843981933594,266.1635288271998,55.63682774383773,-0.3709202789058281,-0.1140672830153675
2018-04-19,269.6499938964844,269.8800048828125,267.7200012207031,268.8900146484375,77655900,263.76799926757815,268.37959838867187,266.42319414350817,53.239550813200864,-0.12804302439593584,0.35515907294267923
2018-04-20,268.80999755859375,269.05999755859375,265.6099853515625,266.6099853515625,99953100,263.91499786376954,268.35839782714845,266.4409837823705,49.731836647973076,-0.11817807631814503,0.28712821562817514
2018-04-23,267.260009765625,267.8900146484375,265.3500061035156,266.57000732421875,65558000,264.340998840332,268.5371978759766,266.453271738737,49.67004212857142,-0.11229150007585531,-0.34411238871030514
2018-04-24,267.7300109863281,267.9800109863281,261.2799987792969,262.9800109863281,112885500,264.2345001220703,268.5667980957031,266.1224850004123,44.34177639230113,-0.3927813091755752,0.7219179962781048
2018-04-25,262.9100036621094,264.1300048828125,260.8500061035156,263.6300048828125,103840900,264.38600006103513,268.53259826660155,265.8851059415933,45.48210593475886,-0.556210776879766,-0.0801218934229817
2018-04-26,264.7900085449219,267.25,264.2900085449219,266.30999755859375,67731900,264.7100006103516,268.53879821777343,265.92557180987905,50.02816758739525,-0.4641266332594114,-0.3477338890552759
2018-04-27,267.0,267.3399963378906,265.5,266.55999755859375,57053600,264.88050079345703,268.4781982421875,265.9859933097566,50.443302910278085,-0.36674872434588224,-0.15765540314091298
2018-04-30,267.260009765625,267.8900146484375,264.42999267578125,264.510009765625,82182300,265.2325012207031,268.30779846191405,265.84542344841077,46.995690777204295,-0.44980780797698117,0.44044021761992225
2018-05-01,263.8699951171875,265.1000061035156,262.1099853515625,264.9800109863281,74203400,265.44300231933596,268.1451989746094,265.7630032139267,47.87530213798913,-0.4722635988230195,-0.09708781574621295
2018-05-02,264.760009765625,265.67999267578125,262.760009765625,263.20001220703125,86368900,265.4250030517578,267.9811993408203,265.5189088323176,44.840335599063074,-0.6264694504118893,0.16394801316381735
2018-05-03,262.260009765625,263.3599853515625,259.04998779296875,262.6199951171875,136311500,265.2740020751953,267.83259948730466,265.242821811829,43.86453368610039,-0.786415917366071,0.578247494179039
2018-05-04,261.5199890136719,266.7900085449219,261.1499938964844,266.0199890136719,91222100,265.58900146484376,267.74499938964846,265.31683773581403,50.64481380122483,-0.6315435117859352,-0.3307820690110519
2018-05-07,266.8900146484375,268.0199890136719,266.1099853515625,266.9200134277344,55304900,265.88500213623047,267.5891998291016,265.46952113504454,52.287678091637,-0.43121083607246646,-0.393733536061985
2018-05-08,266.5,267.3299865722656,265.1499938964844,266.9200134277344,67499200,265.97350311279297,267.3696002197266,265.60766325815786,52.287678091637,-0.26934095241011846,0.2204922167836847
2018-05-09,267.67999267578125,269.8699951171875,267.0899963378906,269.5,59666100,266.26050262451173,267.27100036621096,265.9783619954762,57.04157507922456,0.06636048873019718,-0.11604730130134877
2018-05-10,270.3399963378906,272.3900146484375,270.2200012207031,272.0199890136719,72063900,266.56500244140625,267.27840026855466,266.55375504482816,61.11676191350616,0.52964295807908,0.20778633093163457
2018-05-11,272.1600036621094,273.1499938964844,271.5799865722656,272.8500061035156,59871500,266.9500030517578,267.3814001464844,267.1533980027984,62.38255167515803,0.952789926039884,-0.16918873388756372
2018-05-14,273.3399963378906,274.0799865722656,272.3599853515625,272.9800109863281,54790600,267.2325042724609,267.45940063476564,267.70831352503933,62.587983434249175,1.2838280833157114,-0.08486341581553825
2018-05-15,271.5899963378906,271.6099853515625,270.0299987792969,271.1000061035156,87036100,267.2780044555664,267.43760070800784,268.0313318658466,57.68224484809853,1.378586043996222,0.5885224837837146
2018-05-16,271.1400146484375,272.760009765625,271.1099853515625,272.239990234375,53942600,267.3705032348633,267.42480041503904,268.4321564723731,59.74278771016576,1.5280551342389685,-0.38022728500013214
2018-05-17,271.94000244140625,273.2300109863281,271.1300048828125,272.010009765625,56536400,267.52650299072263,267.40940063476563,268.77290440506374,59.117397368394116,1.6094007927996472,0.04808444531780087
2018-05-18,271.6199951171875,272.0299987792969,270.92999267578125,271.3299865722656,64368000,267.7625030517578,267.35400024414065,269.01643604003533,57.21036587476405,1.6005455321698605,0.13852314615009087
2018-05-21,273.010009765625,273.9800109863281,272.57000732421875,273.3699951171875,58025900,268.1025024414063,267.24400024414064,269.4310607140498,61.248864477085675,1.7381035391667865,-0.09852877206065125
2018-05-22,273.9599914550781,274.25,272.239990234375,272.6099853515625,52966400,268.584001159668,267.12580017089846,269.73381544143194,59.01421273044593,1.7654418990812815,-0.08719382206911053
2018-05-23,271.1700134277344,273.3900146484375,270.989990234375,273.3599853515625,64694200,269.0705001831055,267.0585998535156,270.07916495668246,60.544069843027046,1.826570905862411,0.22141961696471735
2018-05-24,272.9100036621094,273.2200012207031,270.7799987792969,272.79998779296875,76043800,269.3949996948242,267.00859985351565,270.3382909410907,58.779838511569565,1.8089762095681863,0.17543458300744108
2018-05-25,272.1499938964844,272.8599853515625,271.5799865722656,272.1499938964844,56374800,269.67449951171875,266.9515997314453,270.51083407969963,56.71406582727413,1.7227247126429575,-0.2586535654451777
2018-05-29,270.30999755859375,271.1700134277344,267.760009765625,269.0199890136719,115908600,269.8999984741211,266.84799926757813,270.36884883531604,47.97117734172508,1.3858295638573281,1.0560356755145914
2018-05-30,270.5,273.1099853515625,270.4200134277344,272.6099853515625,69678400,270.2814971923828,266.89039916992186,270.5822904082919,56.293488896865114,1.3924689179583538,-0.39885047356279
2018-05-31,272.1499938964844,272.489990234375,270.260009765625,270.94000244140625,93519900,270.6684967041016,266.89019897460935,270.61635822096946,52.11726038086455,1.2485840895297997,0.34216486027233683
2018-06-01,272.4100036621094,273.94000244140625,272.3299865722656,273.6000061035156,71258400,271.21749725341795,266.95359924316404,270.9005151621643,57.522775779129056,1.333818956661105,-0.2380402459797326
2018-06-04,274.5299987792969,275.19000244140625,274.260009765625,274.8999938964844,45385200,271.66149749755857,267.1781988525391,271.2814178987662,59.90503843446791,1.4891009248593718,-0.36308982519955546
2018-06-05,275.04998779296875,275.5299987792969,274.17999267578125,275.1000061035156,51135000,272.0704971313477,267.51919921875,271.6450929658852,60.27419292368113,1.6097461651783647,0.1266888765500649
2018-06-06,275.7900085449219,277.5199890136719,275.0899963378906,277.3999938964844,62732200,272.59449615478513,267.76499938964844,272.19317876879944,64.34005577086162,1.8693989134123399,0.22679573677520293
2018-06-07,277.95001220703125,278.2799987792969,276.3399963378906,277.3699951171875,72969400,272.98799591064454,268.1003991699219,272.68620889721734,64.24769229596899,2.0491337974305566,0.1631889205224748
2018-06-08,276.8500061035156,278.25,276.6600036621094,278.19000244140625,72139700,273.29649658203124,268.4675994873047,273.2103797109496,65.69728552224292,2.2320134640784204,-0.011370519697297743
2018-06-11,278.44000244140625,279.3699951171875,278.30999755859375,278.55999755859375,58892500,273.58199615478514,268.7757995605469,273.719867125011,66.36005169758465,2.3793744833180313,-0.1836325906539672
2018-06-12,279.0299987792969,279.3299865722656,278.19000244140625,278.9200134277344,72329000,273.87899627685545,269.2047998046875,274.2151191538418,67.02761513600316,2.4964321092256228,0.2281529906184998
2018-06-13,279.19000244140625,279.4800109863281,277.79998779296875,278.0299987792969,79070600,274.22549591064455,269.55,274.57844102293274,63.66411004610198,2.488696236095791,0.09320742717305652
2018-06-14,279.010009765625,279.3299865722656,278.05999755859375,278.7300109863281,77097600,274.5499969482422,269.8534002685547,274.9738286384942,65.14556847048905,2.510115585787503,-0.02495238432489444
2018-06-15,276.6000061035156,277.510009765625,275.3500061035156,277.1300048828125,120041600,274.8059967041016,270.0832000732422,275.17917875700067,59.20394629676239,2.370656007222351,0.5570082596604824
2018-06-18,275.489990234375,276.70001220703125,274.95001220703125,276.55999755859375,52917600,275.06749725341797,270.42,275.31068530953337,57.20234547689719,2.1889061120302244,-0.5591728200890358
2018-06-19,274.0,275.75,273.5299987792969,275.5,97531500,275.1739974975586,270.71,275.328715280054,53.57492814515168,1.937006461698104,0.8430824527189442
2018-06-20,276.2699890136719,276.7200012207031,275.5899963378906,275.9700012207031,53785500,275.3419982910156,270.92640014648435,275.3897901315444,54.93938438613806,1.7550680129560874,-0.4485320127343474
2018-06-21,275.9599914550781,275.9800109863281,273.67999267578125,274.239990234375,71061400,275.38599853515626,271.13599975585936,275.280285379433,49.20660785045416,1.454516294799248,0.32119995165983406
2018-06-22,275.6600036621094,275.7900085449219,274.489990234375,274.739990234375,54898500,275.4829986572266,271.31219970703125,275.2288286989513,50.80437516329276,1.242351657556128,-0.22744978286383322
2018-06-25,273.44000244140625,273.6199951171875,269.1000061035156,271.0,137854200,275.42549896240234,271.42919982910155,274.826083108575,40.533535524517816,0.763621149195501,1.5110740730621055
2018-06-26,271.6400146484375,272.55999755859375,270.7900085449219,271.6000061035156,68547400,275.5544998168945,271.51460021972656,274.5188376795217,42.540486045230544,0.42770888851885047,-0.5027543593158569
2018-06-27,272.260009765625,273.8699951171875,269.17999267578125,269.3500061035156,105110700,275.39150085449216,271.49780029296875,274.02656800561635,37.43792871337308,-0.01983158794882911,0.5334017045139567
2018-06-28,269.2900085449219,271.75,268.489990234375,270.8900146484375,76650500,275.3890014648438,271.50780029296874,273.727848638266,42.51985752686041,-0.24739302788901796,-0.2707640611279346
2018-06-29,272.1199951171875,273.6600036621094,271.1499938964844,271.2799987792969,97592500,275.2730010986328,271.55559997558595,273.4947200802689,43.76559927142393,-0.39175276637320167,0.27321413428483843
2018-07-02,269.510009765625,272.0400085449219,269.239990234375,271.8599853515625,63554800,275.1210006713867,271.6605999755859,273.33903105848736,45.65206498570641,-0.45412397148493255,-0.348773727489305
2018-07-03,272.8699951171875,272.9800109863281,270.4200134277344,270.8999938964844,42187100,274.91100006103517,271.74719970703126,273.1067418049633,43.07622660609416,-0.574395613256911,-0.3362090668210741
2018-07-05,272.1700134277344,273.17999267578125,270.9599914550781,273.1099853515625,56925900,274.6964996337891,271.9497991943359,273.1070507141632,50.061756508997135,-0.4857840984195718,0.3493674606692567
2018-07-06,273.1400146484375,275.8399963378906,272.7099914550781,275.4200134277344,66493700,274.59900054931643,272.1855993652344,273.32733287736045,56.12290456570701,-0.22654737731767227,0.1680746373794706
2018-07-09,276.54998779296875,277.9599914550781,276.5,277.8999938964844,50550400,274.5845001220703,272.4173992919922,273.76282440299127,61.522314009598155,0.17697325213327986,-0.23977158738346638
2018-07-10,278.4100036621094,279.010009765625,278.0799865722656,278.8999938964844,51966800,274.6014999389648,272.66419921875,274.2520786404668,63.47415777998556,0.5708771840150462,0.028019560676077804
2018-07-11,277.1499938964844,278.0400085449219,276.5199890136719,276.8599853515625,77054700,274.4984985351563,272.91119873046875,274.50045070819016,57.10968357569076,0.7102499283842576,0.4827678440850698
2018-07-12,278.2799987792969,279.42999267578125,277.6000061035156,279.3699951171875,60124700,274.5654983520508,273.1989984130859,274.9642168423804,62.139785259862286,1.011579781448404,-0.21971404729367583
2018-07-13,279.1700134277344,279.92999267578125,278.6600036621094,279.5899963378906,48216000,274.6084976196289,273.5267980957031,275.4047672705242,62.554313076444814,1.2536864043729565,-0.19806668474021494
2018-07-16,279.6400146484375,279.79998779296875,278.8399963378906,279.3399963378906,48201000,274.7189971923828,273.8611981201172,275.77955099122573,61.72723401887071,1.4091410359591805,-0.0003111000497759697
2018-07-17,278.4700012207031,280.9100036621094,278.4100036621094,280.4700012207031,52315500,274.9144973754883,274.1501983642578,276.22626053689027,64.04151529600516,1.6050202275862944,0.08536129955810035
2018-07-18,280.55999755859375,281.17999267578125,280.05999755859375,281.05999755859375,44593500,275.19249725341797,274.432998046875,276.6866164437192,65.22390538298589,1.7872612368400382,-0.14760443845514237
2018-07-19,280.30999755859375,280.739990234375,279.4599914550781,280.0,61412100,275.3939971923828,274.6945977783203,277.00217678241256,61.322513486544025,1.8251167951214597,0.37715362104342565
2018-07-20,279.7699890136719,280.4800109863281,279.5,279.67999267578125,82337700,275.66599731445314,274.89819763183596,277.2572068674953,60.152723735115146,1.8084490067134311,0.3407406683699141
2018-07-23,279.45001220703125,280.42999267578125,279.05999755859375,280.20001220703125,47047600,275.9389984130859,275.0617980957031,277.5374740426892,61.43999296900956,1.8162641321719661,-0.4286019648350634
2018-07-24,281.7900085449219,282.55999755859375,280.6300048828125,281.6099853515625,68026900,276.46949768066406,275.23699768066405,277.9253322625819,64.76379917265447,1.914165417127208,0.4459164760795449
2018-07-25,281.3299865722656,284.3699951171875,281.2799987792969,284.010009765625,78882900,277.08999786376955,275.45759765625,278.5048253581098,69.57179828093585,2.1605097911669304,0.1595839292985568
2018-07-26,283.20001220703125,284.1099853515625,283.0899963378906,283.3399963378906,57919500,277.7894973754883,275.7023974609375,278.96531783237464,66.83021956306888,2.2754450838156117,-0.26575341423806675
2018-07-27,283.7099914550781,283.82000732421875,280.3800048828125,281.4200134277344,76768700,278.3159973144531,275.8859979248047,279.199098365266,59.58423508425223,2.186402074296325,0.32543789224699804
2018-07-30,281.510009765625,281.69000244140625,279.3599853515625,279.95001220703125,63742500,278.74949798583987,276.0447979736328,279.27061396924364,54.694625537499476,1.9744577150522673,-0.16968113306595
2018-07-31,280.80999755859375,282.0199890136719,280.3800048828125,281.3299865722656,68570500,279.222998046875,276.2447979736328,279.46674469334096,58.165326548628684,1.8959869246654648,0.07574224418559039
2018-08-01,281.55999755859375,282.1300048828125,280.1300048828125,280.8599853515625,53853300,279.7209976196289,276.3945977783203,279.59943427983825,56.57564674873197,1.7754072972161339,-0.21462873976418428
2018-08-02,279.3900146484375,282.5799865722656,279.1600036621094,282.3900146484375,63426400,280.1849990844727,276.5901983642578,279.86520383875245,60.37253025292342,1.7827571364613846,0.17776255122712992
2018-08-03,282.5299987792969,283.6600036621094,282.3299865722656,283.6000061035156,53935400,280.59399871826173,276.79499877929686,280.2208992925394,63.11893538751776,1.8647227717569876,-0.14963800562541785
2018-08-06,283.6400146484375,284.989990234375,283.20001220703125,284.6400146484375,39400900,280.9309997558594,277.03179931640625,280.64176742167257,65.34228362343458,1.9906541047401447,-0.26947978507622083
2018-08-07,285.3900146484375,286.010009765625,285.239990234375,285.5799865722656,43196600,281.26499938964844,277.3003991699219,281.1120740074433,67.26317687485948,2.141616252941276,0.09633536289780187
2018-08-08,285.3900146484375,285.9100036621094,284.94000244140625,285.4599914550781,42114600,281.6949996948242,277.62919921875,281.5261613834085,66.75452880835341,2.225913296993383,-0.025048267687734715
2018-08-09,285.5299987792969,285.9700012207031,284.9200134277344,285.07000732421875,35717000,281.9800003051758,277.87839965820314,281.86367052062855,65.03327971880026,2.2354816111309788,-0.15190931410959618
2018-08-10,283.45001220703125,284.05999755859375,282.3599853515625,283.1600036621094,77076000,282.1585006713867,278.1227996826172,281.9871308198172,57.24766805934256,2.065137615131732,1.1579639947364
2018-08-13,283.4700012207031,284.1600036621094,281.7699890136719,282.1000061035156,65732900,282.29650115966797,278.2927996826172,281.9978808468361,53.42507908224358,1.823584677807105,-0.14716773055166332
2018-08-14,282.9200134277344,284.1700134277344,282.4800109863281,283.8999938964844,43842000,282.468000793457,278.47279968261716,282.1790344706121,58.493423239296675,1.7571409790253938,-0.33302805748719444
2018-08-15,282.3800048828125,282.5400085449219,280.1600036621094,281.7799987792969,102925400,282.5040008544922,278.6063995361328,282.1410310714392,51.39897802664469,1.5159431318393217,1.3476438118698963
2018-08-16,283.3999938964844,285.0400085449219,283.3599853515625,284.05999755859375,69967900,282.7070007324219,278.739599609375,282.32378978450157,57.385242006907816,1.4915749988387006,-0.3202076455374475
2018-08-17,283.8299865722656,285.55999755859375,283.3699951171875,285.05999755859375,65618500,282.9760009765625,278.8933996582031,282.5843810010818,59.72818506605009,1.535257230831462,-0.06216279179452289
2018-08-20,285.57000732421875,285.9700012207031,285.05999755859375,285.6700134277344,39807500,283.24950103759767,279.0429998779297,282.8782507560011,61.13203076032397,1.6006476274429247,-0.3933494365156168
2018-08-21,286.25,287.30999755859375,285.7099914550781,286.3399963378906,67272000,283.4860015869141,279.19859985351565,283.2079408114191,62.67114248054603,1.6870843512114675,0.6899328016077373
2018-08-22,285.8800048828125,286.760009765625,285.5799865722656,286.1700134277344,44993300,283.59400177001953,279.3435998535156,283.4900429653539,62.000334002641864,1.7220195083257863,-0.3311734451183256
2018-08-23,285.9700012207031,286.94000244140625,285.42999267578125,285.7900085449219,49204900,283.7165023803711,279.4988000488281,283.70908730626513,60.44277703199226,1.6994524241502518,0.09360504786268176
2018-08-24,286.44000244140625,287.6700134277344,286.3800048828125,287.510009765625,57487400,284.0210021972656,279.67440002441407,284.0710799214423,64.75827867069903,1.7996127555884982,0.1683267316872914
2018-08-27,288.8599853515625,289.8999938964844,288.67999267578125,289.7799987792969,57072400,284.5125015258789,279.9273999023437,284.6147864793332,69.48913438903594,2.038659286944551,-0.007218973201084111
2018-08-28,290.29998779296875,290.4200134277344,289.3999938964844,289.9200134277344,46943500,284.94200286865237,280.19460021972657,285.12004618870475,69.75879412043217,2.2138831306236852,-0.17747457615239592
2018-08-29,290.1600036621094,291.739990234375,289.8900146484375,291.4800109863281,61485500,285.47300415039064,280.51420043945313,285.72575712181174,72.65828923399779,2.4503815811361846,0.30977664639406943
2018-08-30,290.94000244140625,291.3599853515625,289.6300048828125,290.29998779296875,61229500,285.8685028076172,280.8008001708984,286.1613981381124,67.39449383210749,2.5136149092055575,-0.004163583283863681
2018-08-31,289.8399963378906,290.80999755859375,289.2900085449219,290.30999755859375,66140800,286.2040023803711,281.1222003173828,286.55650284482493,67.41605813896675,2.5353100061279292,0.08021133603900088
2018-09-04,289.8399963378906,290.2099914550781,288.67999267578125,289.80999755859375,57594400,286.4625015258789,281.42360046386716,286.8663594842315,65.0999646364569,2.4835291275784357,-0.1292152498911413
2018-09-05,289.4100036621094,289.6400146484375,287.8900146484375,289.0299987792969,72452400,286.63500213623047,281.7842004394531,287.0724203694758,61.547639289376484,2.3524356121034202,0.257976469934577
2018-09-06,289.1499938964844,289.489990234375,287.0,288.1600036621094,65909900,286.770002746582,282.115400390625,287.175999730679,57.76165190458683,2.153517314424505,-0.09030066636853995
2018-09-07,286.9800109863281,288.70001220703125,286.7099914550781,287.6000061035156,73524800,286.89650268554686,282.480400390625,287.2163812899968,55.399396776849585,1.9284559675298851,0.11553499550143442
2018-09-10,288.739990234375,289.0400085449219,287.8800048828125,288.1000061035156,50210900,287.1435028076172,282.82460021972656,287.30053603414143,57.08690384011967,1.7700351861448098,-0.3170889278175527
2018-09-11,287.3699951171875,289.54998779296875,286.9800109863281,289.04998779296875,50530500,287.49100189208986,283.18,287.4671504873631,60.17038229484112,1.7015270142907752,0.006365151789750723
2018-09-12,289.05999755859375,289.79998779296875,288.2300109863281,289.1199951171875,59810800,287.752001953125,283.5252001953125,287.6245642616321,60.39622216294034,1.634046529279658,0.18365739503863998
2018-09-13,290.32000732421875,291.0400085449219,290.0,290.8299865722656,51034200,288.2045013427734,283.9238000488281,287.9298425769305,65.53652477809868,1.6989651653110514,-0.1467393848602594
2018-09-14,291.05999755859375,291.2699890136719,290.0,290.8800048828125,55079900,288.5455017089844,284.2792004394531,288.21081041558597,65.67685747676573,1.7344559828115962,0.079274290573772
2018-09-17,290.82000732421875,290.8599853515625,289.0299987792969,289.3399963378906,68244000,288.7595016479492,284.55760009765623,288.31835193199595,57.864362097692094,1.6196466142178565,0.23900007080622876
2018-09-18,289.5799865722656,291.5799865722656,289.54998779296875,290.9100036621094,61930400,289.021501159668,284.81780029296874,288.56517590629244,62.731588244580415,1.6364814924456823,-0.09251509290194004
2018-09-19,290.9700012207031,291.69000244140625,290.8299865722656,291.2200012207031,49080600,289.26550140380857,285.06420043945315,288.8180164124268,63.62504933421387,1.6557510000910156,-0.20748776045367057
2018-09-20,292.6400146484375,293.94000244140625,291.239990234375,293.5799865722656,100360600,289.63600006103513,285.3986004638672,289.2715373800305,69.60011194041562,1.8402401751503703,1.0448120031132464
2018-09-21,293.0899963378906,293.2200012207031,291.80999755859375,291.989990234375,105479700,289.9459991455078,285.65100036621095,289.53043765187283,62.18836342328048,1.8369742634118893,0.051007068510949605
2018-09-24,291.3399963378906,291.5,290.3699951171875,291.0199890136719,53409600,290.12149810791016,285.87960021972657,289.6722996863299,58.12194804512169,1.736102306256896,-0.4936504370035182
2018-09-25,291.5299987792969,291.6499938964844,290.4800109863281,290.75,44370000,290.1699981689453,286.10780029296876,289.7749378114413,57.004644068655374,1.6157493437911512,-0.16925047182528985
2018-09-26,290.9100036621094,292.239990234375,289.4100036621094,289.8800048828125,79739700,290.1679977416992,286.29600036621093,289.78494419919093,53.43971631631839,1.4336412944051062,0.7971534820824882
2018-09-27,290.4100036621094,291.9100036621094,290.1000061035156,290.69000244140625,59249500,290.1284973144531,286.4886004638672,289.87114022225904,56.18694974404872,1.3392414450656247,-0.25696359529820156
2018-09-28,289.989990234375,291.2799987792969,289.95001220703125,290.7200012207031,70091400,290.14949798583984,286.70300048828125,289.9519841268728,56.289814630061784,1.2524125033895643,0.18298719820420417
2018-10-01,292.1099853515625,292.92999267578125,290.9800109863281,291.7300109863281,62078900,290.2204986572266,286.9440008544922,290.1213200182495,59.718851665772945,1.2506822027144153,-0.1143150229557407
2018-10-02,291.55999755859375,292.3599853515625,291.1400146484375,291.55999755859375,47258200,290.30799865722656,287.17120056152345,290.2583369268537,58.881494605012016,1.221511440682832,-0.23873973282387417
2018-10-03,292.739990234375,293.2099914550781,291.32000732421875,291.7200012207031,64694600,290.4424987792969,287.37340087890624,290.39754305007745,59.45764987830451,1.1975003216447817,0.3689603074175487
2018-10-04,291.17999267578125,291.239990234375,287.6600036621094,289.44000244140625,111545900,290.5064987182617,287.48200073242185,290.3063487063945,48.93527781129464,0.9831612195297907,0.7241918181733871
2018-10-05,289.69000244140625,290.2699890136719,286.2200012207031,287.82000732421875,105951700,290.5174987792969,287.57160095214846,290.0695542890444,43.09898903417185,0.6747972273902292,-0.05015155196201748
2018-10-08,287.04998779296875,288.2200012207031,285.5,287.82000732421875,87742200,290.50349884033204,287.6996008300781,289.85531172096574,43.09898903417186,0.42551151015959476,-0.1718660483975245
2018-10-09,287.3900146484375,288.8599853515625,286.7699890136719,287.3999938964844,74339000,290.42099914550784,287.8486004638672,289.621471928158,41.60688616644861,0.19184770886153046,-0.15275659830731392
2018-10-10,286.8299865722656,286.9100036621094,277.8800048828125,278.29998779296875,214731000,289.8799987792969,287.7880004882812,288.54323534385423,23.015416732189195,-0.7193349324228961,1.888537645112256
2018-10-11,277.0799865722656,278.8999938964844,270.3599853515625,272.1700134277344,274840500,288.94700012207034,287.6142010498047,286.98388087565235,17.38123558179568,-1.9140277211695889,0.2799293069002613
2018-10-12,276.7699890136719,277.0899963378906,272.3699951171875,275.95001220703125,183186500,288.20050048828125,287.48540100097654,285.93303624054556,28.934128187015972,-2.5266899439626513,-0.33348069152835913
2018-10-15,275.54998779296875,277.0400085449219,274.29998779296875,274.3999938964844,102263700,287.45350036621096,287.30140075683596,284.83465125539686,27.251338903742692,-3.101549955893006,-0.4417508932153843
2018-10-16,276.6000061035156,280.82000732421875,276.07000732421875,280.3999938964844,118255800,286.92799987792966,287.2166003417969,284.41230293550046,41.44731492404917,-3.0379610768538896,0.15638100322988513
2018-10-17,280.44000244140625,281.1499938964844,277.55999755859375,280.45001220703125,110626000,286.3895004272461,287.1140008544922,284.0349419137415,41.54971242464571,-2.949530026316893,-0.06451945697378059
2018-10-18,279.3999938964844,280.07000732421875,274.9700012207031,276.3999938964844,134557500,285.530500793457,286.9328009033203,283.307804007336,36.051972149334325,-3.1697119456683254,0.21632798799558883
2018-10-19,277.1300048828125,279.29998779296875,275.4700012207031,276.25,139901600,284.7435012817383,286.75640075683594,282.6356321971135,35.86271137977157,-3.3180623990601816,0.03971610649722246
2018-10-22,277.0,277.3599853515625,274.4100036621094,275.010009765625,82415800,283.94300231933596,286.59340087890627,281.90938244173367,34.26143434043564,-3.495395309741127,-0.4109016623112245
2018-10-23,270.95001220703125,274.8699951171875,268.6099853515625,273.6099853515625,146352700,283.08600158691405,286.42360046386716,281.1189636712412,32.49714199086961,-3.706180645331017,0.7757844976327355
2018-10-24,273.3299865722656,273.760009765625,264.70001220703125,265.32000732421875,177806700,281.8580017089844,286.0520007324219,279.61430116200097,24.46386787313959,-4.49039896291373,0.21491916445682246
2018-10-25,267.3800048828125,271.80999755859375,266.2300109863281,270.0799865722656,138061500,280.82750091552737,285.81800048828126,278.7062712010738,34.47915234017131,-4.6739289416552765,-0.2235303844005878
2018-10-26,265.9200134277344,271.0,262.2900085449219,265.3299865722656,201574600,279.5580001831055,285.4434002685547,277.43233933166346,30.17897587486145,-5.14337346697522,0.4600348395461442
2018-10-29,268.79998779296875,270.25,259.8500061035156,263.8599853515625,160749100,278.1644989013672,285.01940002441404,276.13973419070146,28.974616324988844,-5.5698229962480355,-0.20253295802149673
2018-10-30,263.6700134277344,268.1199951171875,263.1199951171875,267.7699890136719,157116000,276.9749984741211,284.6613995361328,275.34261560241293,36.260834752110334,-5.528552984926023,-0.02260105966378656
2018-10-31,270.6499938964844,273.2300109863281,270.1199951171875,270.6300048828125,128296300,275.9204986572266,284.3471997070312,274.89379553387954,41.026478986312114,-5.2050660635893,-0.18342944066804145
2018-11-01,271.6000061035156,273.7300109863281,270.3800048828125,273.510009765625,99495000,275.1239990234375,284.09399963378905,274.7620064130934,45.449541866745825,-4.662560923017452,-0.22449049582879632
2018-11-02,274.75,275.2300109863281,269.5899963378906,271.8900146484375,122634100,274.32749938964844,283.81599975585937,274.4884833878881,43.47437162524459,-4.313617065273661,0.2325654555505301
2018-11-05,272.44000244140625,274.010009765625,271.3500061035156,273.3900146484375,65622500,273.6059997558594,283.5335998535156,274.38386731746425,45.822159995922924,-3.8714118540467553,-0.4648919020076797
2018-11-06,273.32000732421875,275.29998779296875,273.25,275.1199951171875,60085900,272.9919998168945,283.24039978027344,274.4539747269617,48.47997202496926,-3.3428319861590694,-0.08437045220770312
2018-11-07,277.55999755859375,281.1000061035156,277.0799865722656,281.010009765625,102752100,273.1275009155273,283.06219970703125,275.0783590163582,56.334205410599154,-2.4207487902331764,0.7100867258375092
2018-11-08,280.1099853515625,281.2200012207031,279.2200012207031,280.5,65584900,273.54400024414065,282.8425994873047,275.59470577670504,55.54458881313932,-1.711416594782861,-0.36171718144933296
2018-11-09,279.0299987792969,279.239990234375,276.17999267578125,277.760009765625,98812600,273.63450012207034,282.5917999267578,275.80092520422124,51.37803680410215,-1.3547433937416145,0.5066364361308777
2018-11-12,277.19000244140625,277.4599914550781,271.989990234375,272.57000732421875,99673600,273.54300079345705,282.2370001220703,275.4932187394591,44.55967154435351,-1.4738771957303811,0.008713463667588961
2018-11-13,273.0899963378906,275.3299865722656,271.25,272.05999755859375,98176600,273.1260009765625,281.88200012207034,275.1662452936624,43.94253189835081,-1.5911038629711243,-0.01501902208809558
2018-11-14,274.1600036621094,274.6099853515625,268.45001220703125,270.20001220703125,125335900,272.6135009765625,281.505400390625,274.6932707139833,41.675597183605376,-1.813190780016896,0.2766372027550352
2018-11-15,268.7799987792969,273.5400085449219,267.010009765625,273.0199890136719,135101400,272.4445007324219,281.2026000976563,274.53391055204884,46.206689440278346,-1.7415719437821053,0.0779146278121432
2018-11-16,271.7900085449219,274.75,271.2099914550781,273.7300109863281,126668000,272.3185012817383,280.9252001953125,274.45734868864685,47.31647323750171,-1.608973416790434,-0.06242274321361585
2018-11-19,273.04998779296875,273.3800048828125,268.07000732421875,269.1000061035156,103061700,272.0230010986328,280.5452001953125,273.947125585301,41.32881017987997,-1.8560949214311222,-0.1863635645940569
2018-11-20,265.3599853515625,267.0,263.1499938964844,264.1199951171875,136021300,271.5485015869141,280.0466003417969,273.01120839786165,36.04525100319916,-2.42582239068372,0.3198045442681423
2018-11-21,265.8599853515625,267.1499938964844,265.010009765625,265.0199890136719,75563700,271.5335006713867,279.5646002197266,272.2501398850817,37.59787745948645,-2.7727509815103986,-0.44447156437999047
2018-11-23,263.17999267578125,264.82000732421875,263.07000732421875,263.25,42807900,271.19200134277344,279.01300048828125,271.3929837055501,35.759231748249306,-3.154158534029193,-0.43348591982658335
2018-11-26,265.7799987792969,267.75,265.3399963378906,267.5,79981400,271.30050201416014,278.545400390625,271.02222335264054,42.9708785557501,-3.0780059494325087,0.8683794346370646
2018-11-27,266.3399963378906,268.3999938964844,265.6600036621094,268.3999938964844,75502400,271.5275024414062,278.12660034179686,270.772487213959,44.3944433308408,-2.911470867770447,-0.056000520120928154
2018-11-28,269.6000061035156,274.5799865722656,268.3299865722656,274.5799865722656,127629600,271.8680023193359,277.8,271.13510620046435,53.059330487696855,-2.2548246402774907,0.6904045434317321
2018-11-29,273.7099914550781,275.54998779296875,272.42999267578125,273.9800109863281,82346400,272.0355026245117,277.4552001953125,271.40604951340373,52.208744412334596,-1.7625235157321413,-0.3548017074409071
2018-11-30,273.80999755859375,276.2799987792969,273.45001220703125,275.6499938964844,98204200,272.1425018310547,277.0966003417969,271.81023469274476,54.39995879474202,-1.223513758474951,0.19257429590121733
2018-12-03,280.2799987792969,280.3999938964844,277.510009765625,279.29998779296875,103176300,272.51300048828125,276.8428002929688,272.5235445118137,58.841749861136435,-0.4961018855940438,0.05063021744487517
2018-12-04,278.3699951171875,278.8500061035156,269.8999938964844,270.25,177986000,272.3559997558594,276.4274005126953,272.30701646306954,46.6962490727574,-0.6424750639943682,0.7250667062106317
2018-12-06,265.9200134277344,269.9700012207031,262.44000244140625,269.8399963378906,204185400,272.09199981689454,276.00920043945314,272.07206216543346,46.23067954217316,-0.7825400963110951,0.14719921791601576
2018-12-07,269.4599914550781,271.2200012207031,262.6300048828125,263.57000732421875,161018900,271.2199996948242,275.4830004882813,271.26234265674634,39.71034420154119,-1.3835298851562925,-0.21140835730664387
2018-12-10,263.3699951171875,265.1600036621094,258.6199951171875,264.07000732421875,151445900,270.3985000610352,274.9506005859375,270.5773583393628,40.431853035924306,-1.7987380686087135,-0.0594526481052845
2018-12-11,267.6600036621094,267.8699951171875,262.4800109863281,264.1300048828125,121504400,269.71699981689454,274.4188006591797,269.9633246768342,40.52383233237572,-2.0987590558860916,-0.19770426271031438
2018-12-12,267.4700012207031,269.0,265.3699951171875,265.4599914550781,97976700,269.3614990234375,273.8934002685547,269.53443579857174,42.63827802073502,-2.2038049568954534,-0.19363660904461077
2018-12-13,266.5199890136719,267.489990234375,264.1199951171875,265.3699951171875,96662700,269.02699890136716,273.3696002197266,269.13782240034465,42.528100800600285,-2.2681704851317477,-0.013411351882641531
2018-12-14,262.9599914550781,264.0299987792969,259.8500061035156,260.4700012207031,116961100,268.5404983520508,272.7446002197266,268.31231562133115,36.93239346550585,-2.683633925091897,0.2099920651916407
2018-12-17,259.3999938964844,260.6499938964844,253.52999877929688,255.36000061035156,165492300,267.6574989318848,272.0630001831055,267.07876181076165,32.1774942019248,-3.386192122751538,0.414934538064365
2018-12-18,257.20001220703125,257.95001220703125,253.27999877929688,255.0800018310547,134515100,266.7249984741211,271.4082000732422,265.9360227650753,31.93487844480127,-3.9203764580383904,-0.1871821226727769
2018-12-19,255.1699981689453,259.3999938964844,249.3500061035156,251.2599945068359,214992800,265.83299789428713,270.6769998168945,264.5383057881001,28.749970216212404,-4.598950222852807,0.5982800443965026
2018-12-20,249.86000061035156,251.6199951171875,244.6499938964844,247.1699981689453,252053400,264.985498046875,269.8723999023438,262.8841812529425,25.784866129746078,-5.404454159871307,0.17238065646849576
2018-12-21,246.7400054931641,249.7100067138672,239.97999572753903,240.6999969482422,255345600,263.76949844360354,269.1204000854492,260.771401795352,21.931524666180763,-6.490083220328017,0.0130615179164415
2018-12-24,239.0399932861328,240.83999633789065,234.27000427246097,234.33999633789065,147311600,262.32399826049806,268.36379974365235,258.2541250851176,18.935848506360486,-7.774036712732936,-0.4230893346116009
2018-12-26,235.97000122070312,246.17999267578125,233.7599945068359,246.17999267578125,218485400,261.2579978942871,267.76839935302735,257.10420771279985,36.3626353477905,-7.746889037802646,0.48315136078896703
2018-12-27,242.57000732421875,248.2899932861328,238.9600067138672,248.07000732421875,186267300,260.24149856567385,267.241799621582,256.24380767579214,38.630611880465075,-7.486565456853128,-0.14746111181799793
2018-12-28,249.5800018310547,251.3999938964844,246.4499969482422,247.75,153100200,258.89999923706057,266.5887997436523,255.434873611431,38.38119588380711,-7.222818899843418,-0.17806184982549267
2018-12-31,249.55999755859375,250.19000244140625,247.47000122070312,249.9199981689453,144299400,257.6969985961914,265.97819946289064,254.9096473788133,41.15567484533092,-6.760763265918882,-0.0574839222940271
2019-01-02,245.97999572753903,251.2100067138672,245.9499969482422,250.17999267578125,126925200,256.4234985351562,265.45379943847655,254.45920407376263,41.49557111870793,-6.300967828356676,-0.12040382704293984
2019-01-03,248.22999572753903,248.57000732421875,243.6699981689453,244.2100067138672,144140700,254.66899948120118,264.8129995727539,253.48309003948688,36.309317790794,-6.3451615328881985,0.13563500392357075
2019-01-04,247.58999633789065,253.11000061035156,247.1699981689453,252.38999938964844,142628800,253.7759994506836,264.36059936523435,253.3789861680737,46.2264282902567,-5.6549416687649625,-0.010489056872902691
2019-01-07,252.69000244140625,255.9499969482422,251.69000244140625,254.3800048828125,103139100,253.00299987792968,263.9759997558594,253.47432128376312,48.33408287853279,-4.890980463301872,-0.2768704497268434
2019-01-08,256.82000732421875,257.30999755859375,254.0,256.7699890136719,102512600,252.66299896240236,263.80499938964846,253.78819440089728,50.826862574625956,-4.046043685468192,-0.006074320989808868
2019-01-09,257.55999755859375,258.9100036621094,256.19000244140625,257.9700012207031,95006600,252.35799865722657,263.5627996826172,254.18646171706928,52.07711593993074,-3.2422199520123343,-0.07322026755735389
2019-01-10,256.260009765625,259.1600036621094,255.5,258.8800048828125,96823900,252.09549865722656,263.4338000488281,254.63346582809245,53.05194810157973,-2.5029022624184165,0.019128144781520362
2019-01-11,257.67999267578125,259.010009765625,257.0299987792969,258.9800109863281,73858100,251.77149963378906,263.3362005615234,255.04742250982918,53.164701138479245,-1.887163958753348,-0.23719143723811997
2019-01-14,256.8599853515625,258.29998779296875,256.4100036621094,257.3999938964844,70908200,251.3729995727539,263.12880065917966,255.27147692760585,51.07751864043381,-1.5092830162254813,-0.03994010135652015
2019-01-15,257.82000732421875,260.70001220703125,257.80999755859375,260.3500061035156,85208300,251.36699981689452,262.92320068359373,255.7551463729306,54.656800665505536,-0.9606940331572389,0.20167061073331438
2019-01-16,260.8299865722656,261.9700012207031,260.6000061035156,260.9800109863281,77636700,251.64800033569335,262.6726007080078,256.2527525265875,55.40713973162971,-0.46968296992321257,-0.08885988806254785
2019-01-17,260.010009765625,263.9200134277344,259.9599914550781,262.9599914550781,96118400,252.04199981689453,262.49400024414064,256.89153718644377,57.77221710252479,0.07831197991737326,0.23805365246075638
2019-01-18,264.9800109863281,266.9800109863281,263.0,266.4599914550781,127900300,252.80199966430663,262.35539978027344,257.80281854536133,61.64476252587045,0.7859625875712482,0.3306536521623331
2019-01-22,264.82000732421875,265.05999755859375,261.05999755859375,262.8599853515625,115531200,253.5864990234375,262.1101995849609,258.2844534792853,55.96019611698277,1.0442528891555298,-0.09670892093294547
2019-01-23,264.010009765625,264.7900085449219,260.6600036621094,263.4100036621094,86030300,254.72199935913085,261.7581994628906,258.7726011157447,56.61840728568534,1.278592872273407,-0.2553500699378176
2019-01-24,263.2099914550781,264.20001220703125,262.0799865722656,263.54998779296875,59204100,256.18249893188477,261.41919921875,259.2275903230994,56.79539221172279,1.4587885404567942,-0.31182269502721716
2019-01-25,265.6099853515625,266.70001220703125,263.6600036621094,265.7799987792969,96883400,257.16249923706056,261.1795989990234,259.8516292236896,59.62153117779761,1.7612357262282785,0.6364305850439411
2019-01-28,263.3900146484375,263.8299865722656,261.7900085449219,263.760009765625,85613700,257.94699935913087,261.0033990478516,260.22385594196913,56.04527099293007,1.8169859849161298,-0.11632230082759276
2019-01-29,263.9200134277344,264.54998779296875,262.4800109863281,263.4100036621094,66136300,258.7299995422363,260.83039916992186,260.5272985819825,55.42491312145391,1.8120378547196765,-0.227503308465818
2019-01-30,265.1000061035156,268.5199890136719,264.25,267.5799865722656,92473700,259.61299896240234,260.7779986572266,261.19898315248565,60.96817640925295,2.120159319852121,0.39822911169811426
2019-01-31,267.510009765625,270.4700012207031,267.2699890136719,269.92999267578125,104012100,260.60049896240236,260.71619873046876,262.03050786899,63.70730209604051,2.524868540736577,0.12477493600883283
2019-02-01,270.1499938964844,271.20001220703125,269.17999267578125,270.05999755859375,85782500,261.8929985046387,260.6427984619141,262.7952211727618,63.858406032404616,2.823545743867726,-0.17526422406623843
2019-02-04,270.1099853515625,272.0299987792969,269.3599853515625,271.9599914550781,60744800,262.87149810791016,260.6999981689453,263.66805643774427,66.08108001016805,3.176941404799777,-0.2918742167691546
2019-02-05,272.44000244140625,273.44000244140625,271.8800048828125,273.1000061035156,79552800,263.8074981689453,260.87959838867187,264.56633735829394,67.37745088532628,3.5085552261484168,0.30962321054641717
2019-02-06,272.7900085449219,273.3399963378906,271.9200134277344,272.739990234375,58347800,264.60599822998046,261.03399841308595,265.34478048934926,66.51290300691423,3.6996638746679196,-0.26655252863507006
2019-02-07,270.94000244140625,271.54998779296875,268.2900085449219,270.1400146484375,95482000,265.21449890136716,261.1717987060547,265.8014694568815,60.47757155353994,3.599826001271765,0.636428451458324
2019-02-08,268.75,270.5799865722656,267.8299865722656,270.4700012207031,75788900,265.7939987182617,261.23119873046875,266.24609152962637,60.96174096194214,3.5069055022244697,-0.20624934542636308
2019-02-11,271.20001220703125,271.489990234375,270.0299987792969,270.6199951171875,68021400,266.37599792480466,261.2755987548828,266.6626537760608,61.19444803914263,3.406105131440029,-0.10248862300416028
2019-02-12,272.4200134277344,274.5199890136719,272.3399963378906,274.1000061035156,72270200,267.21099853515625,261.2659991455078,267.37097304534217,66.22490502748849,3.565922183080204,0.06246269556345507
2019-02-13,275.0299987792969,275.92999267578125,274.55999755859375,274.989990234375,65277200,267.94299774169923,261.28619873046875,268.096593730012,67.38919569524052,3.7214935680739245,-0.0967618741888081
2019-02-14,273.7799987792969,275.6400146484375,272.8699951171875,274.3800048828125,83234400,268.6129974365234,261.2607989501953,268.6950138398025,65.71708526145954,3.7523099975816763,0.27509145612863306
2019-02-15,276.3599853515625,277.4100036621094,276.1300048828125,277.3699951171875,97088700,269.33349761962893,261.2221990966797,269.52120253288683,69.68746453716508,3.9722102958347136,0.1664492085003315
2019-02-19,276.4800109863281,278.5799865722656,276.4700012207031,277.8500061035156,59120800,269.90299835205076,261.37419921875,270.3144219205658,70.2824862583321,4.137520975189204,-0.3910640476183119
2019-02-20,277.80999755859375,278.9200134277344,277.25,278.4100036621094,76610800,270.6804992675781,261.54559936523435,271.0854297054747,70.99774305157212,4.264558822945219,0.2958349684036752
2019-02-21,277.70001220703125,278.1000061035156,276.3500061035156,277.4200134277344,64214700,271.38099975585936,261.8225994873047,271.688723393309,67.88699002233938,4.236517359351524,-0.16180616832091554
2019-02-22,278.1099853515625,279.3599853515625,277.3999938964844,279.1400146484375,78114600,272.16050109863284,262.1239996337891,272.3983701795117,70.32012180530228,4.3034762261721085,0.21645978257314913
2019-02-25,280.7300109863281,281.30999755859375,279.42999267578125,279.5199890136719,69030700,272.8475006103516,262.4317993164062,273.07661959228886,70.84565259858813,4.337205758073935,-0.11628940044498726
2019-02-26,279.1300048828125,280.29998779296875,278.8999938964844,279.32000732421875,56844100,273.62550048828126,262.70899963378906,273.67122794771075,70.14171678053188,4.298252227977116,-0.17653884431129918
2019-02-27,278.5199890136719,279.5899963378906,277.4800109863281,279.20001220703125,56921600,274.41500091552734,262.98559997558596,274.19777882955077,69.6942356336063,4.209177889031821,0.0013633780814543695
2019-02-28,278.9599914550781,279.45001220703125,278.32000732421875,278.67999267578125,69268300,274.9700012207031,263.3497998046875,274.62465633871557,67.67914772617337,4.049939422817943,0.2169071143467507
2019-03-01,280.44000244140625,280.8800048828125,278.82000732421875,280.4200134277344,78880500,275.49450225830077,263.85100006103517,275.1765951090983,70.72884322627593,4.0178318591558195,0.13876766139778218
2019-03-04,281.6000061035156,281.8699951171875,276.8399963378906,279.3999938964844,106494600,275.9615020751953,264.33739990234375,275.57882356503984,66.75253379527288,3.865520023489978,0.3500751136212372
2019-03-05,279.5400085449219,279.760009765625,278.4100036621094,279.0199890136719,59114600,276.314501953125,264.8925997924805,275.9065536077667,65.28011981076412,3.671822098644327,-0.4449051876808777
2019-03-06,279.1499938964844,279.1600036621094,276.9700012207031,277.3299865722656,75039800,276.5260009765625,265.49579956054686,276.04211865200466,59.042618803947924,3.343405329167126,0.2693953777916116
2019-03-07,276.8299865722656,276.989990234375,274.07000732421875,275.010009765625,94885100,276.639501953125,266.1819998168945,275.9438225675876,51.734716187972786,2.8629278832730165,0.26446365795217996
2019-03-08,272.94000244140625,274.6499938964844,272.4200134277344,274.4599914550781,85795800,276.85550079345705,266.9843997192383,275.80250531877715,50.149912381068,2.4099833765798735,-0.09579270085608804
2019-03-11,275.260009765625,278.6199951171875,275.2300109863281,278.44000244140625,65098900,277.2540008544922,267.6295999145508,276.0536955209323,59.75671139053354,2.3451418801988098,-0.2412344194004835
2019-03-12,279.05999755859375,280.07000732421875,278.8500061035156,279.489990234375,79667500,277.69750061035154,268.25799957275393,276.3809616841173,61.845722160789514,2.3513745844083473,0.2237917998614416
2019-03-13,280.4800109863281,282.3800048828125,280.29998779296875,281.3399963378906,80639200,278.0595001220703,268.9297994995117,276.8532506987624,65.2668190154716,2.4770403001303976,0.012196943546615602
2019-03-14,281.3699951171875,281.8399963378906,280.6700134277344,281.1600036621094,67518400,278.36800079345704,269.554599609375,277.2634176476526,64.65935597191144,2.5329095756322317,-0.16270994751932066
2019-03-15,280.5400085449219,282.2099914550781,280.3299865722656,281.30999755859375,81309000,278.7145004272461,270.17719970703126,277.6488062105994,64.95210321494284,2.5597820587149727,0.2042495082821867
2019-03-18,281.54998779296875,282.6600036621094,281.29998779296875,282.3299865722656,62199800,278.9625,270.9395993041992,278.09463291171045,66.95661874640922,2.633031337905038,-0.2350194935370008
2019-03-19,283.510009765625,284.3599853515625,281.4100036621094,282.3999938964844,90268100,279.18999938964845,271.53979919433596,278.50466729121274,67.09572047225225,2.665998949026914,0.451260293441458
2019-03-20,282.1600036621094,283.5,280.32000732421875,281.54998779296875,84609200,279.3469985961914,272.08319885253906,278.7946978151895,63.59517706855688,2.593639764878617,-0.06268992035946253
2019-03-21,280.6400146484375,285.17999267578125,280.5899963378906,284.7300109863281,79550400,279.7124984741211,272.6423992919922,279.35996573625033,69.91835201373719,2.7610680119263975,-0.059790188301035774
2019-03-22,283.2200012207031,283.79998779296875,279.17999267578125,279.25,122659300,279.7179977416992,273.0679992675781,279.3494928089884,52.874778422805704,2.42362695287585,0.5419067660250609
2019-03-25,278.8699951171875,280.19000244140625,277.6400146484375,279.0400085449219,85575200,279.6939987182617,273.4711993408203,279.32001811717254,52.34818433733127,2.1148789192786808,-0.3023341890912471
2019-03-26,280.989990234375,282.17999267578125,279.55999755859375,281.1199951171875,68125900,279.7839981079102,273.9139990234375,279.4914444981263,56.92436057111577,2.014805982261919,-0.2039060381979826
2019-03-27,281.1099853515625,281.760009765625,277.92999267578125,279.6499938964844,72224700,279.80649719238284,274.3589990234375,279.5065444408271,53.047085077579375,1.796175452950365,0.06016507671825244
2019-03-28,280.3500061035156,281.2099914550781,279.07000732421875,280.7099914550781,56238500,279.90799713134766,274.7661987304688,279.62115844218437,55.405816893118775,1.6889727015775406,-0.22133979095794099
2019-03-29,282.3900146484375,282.8399963378906,281.1400146484375,282.4800109863281,82186800,280.01099700927733,275.1961987304687,279.8934301130552,59.10061459396883,1.726932529045314,0.4613974412546564
2019-04-01,284.70001220703125,286.1600036621094,284.3999938964844,285.8299865722656,77617900,280.3324966430664,275.6535986328125,280.4588164425038,65.00956168713728,2.004227511505974,-0.055591652187455876
2019-04-02,286.0400085449219,286.2300109863281,285.0899963378906,285.9700012207031,40070400,280.679997253418,276.043798828125,280.9836911832847,65.2356323301596,2.2098104752863605,-0.4837479498930015
2019-04-03,287.32000732421875,287.760009765625,285.75,286.4200134277344,68243200,281.1344985961914,276.51499938964844,281.50143615894655,65.9960627753197,2.381595133221765,0.7030825746685834
2019-04-04,286.7799987792969,287.4599914550781,286.010009765625,287.17999267578125,48997500,281.74299774169924,276.9903991699219,282.04225106531175,67.29705340737318,2.549668692608293,-0.28201637672324864
2019-04-05,287.9200134277344,288.6300048828125,287.6000061035156,288.57000732421875,58621700,282.44849853515626,277.49079956054686,282.6639421375886,69.5888699448029,2.7631785621726976,0.19642226644216532
2019-04-08,288.1000061035156,288.9100036621094,287.3699951171875,288.7900085449219,53566300,282.965998840332,277.95099975585936,283.2473770335251,69.9478406789922,2.9165191150536316,-0.08623769013863469
2019-04-09,287.7200012207031,288.0799865722656,286.70001220703125,287.30999755859375,66142300,283.356999206543,278.42199951171875,283.6342932740078,64.437368510685,2.8853574853238797,0.23477447574314447
2019-04-10,287.7699890136719,288.3900146484375,287.30999755859375,288.2900085449219,52601500,283.70449981689455,278.919599609375,284.07769472838055,66.32893677805231,2.906239050851582,-0.20472224280074924
2019-04-11,288.8299865722656,288.8399963378906,287.5799865722656,288.2099914550781,55093100,284.05699920654297,279.33219970703124,284.47124679758986,66.0201624322993,2.8830965887464117,0.04736747050939605
2019-04-12,290.0,290.4700012207031,288.260009765625,290.1600036621094,69727800,284.49949951171874,279.73679992675784,285.01303316563934,69.71962535914008,2.987665757871639,0.2656358055727486
2019-04-15,290.239990234375,290.3500061035156,289.0799865722656,289.9700012207031,49596700,284.8815002441406,280.135,285.4851253613597,68.93213428292972,3.0203888066424724,-0.28870981158160736
2019-04-16,290.95001220703125,291.010009765625,289.5,290.1600036621094,52153200,285.2695007324219,280.49900024414063,285.930351866193,69.3055011934348,3.0267630275678243,0.051545768166027184
2019-04-17,291.3999938964844,291.42999267578125,288.989990234375,289.45001220703125,58268300,285.664501953125,280.82600036621096,286.2655576129395,66.10837686759092,2.9406265543541963,0.11725263262848684
2019-04-18,290.1000061035156,290.32000732421875,288.6600036621094,290.0199890136719,68708500,285.9290008544922,281.1716003417969,286.6231225082474,67.4082133737902,2.8850975350800354,0.1791746112380146
2019-04-22,289.1700134277344,290.44000244140625,289.07000732421875,290.2699890136719,40160100,286.4800003051758,281.5741998291016,286.9704431278116,67.98814226859085,2.8286563087531817,-0.4155002656148803
2019-04-23,290.67999267578125,293.1400146484375,290.4200134277344,292.8800048828125,52246600,287.1720001220703,282.02239990234375,287.5332585330498,73.32472562333065,2.960406969325959,0.3009579159414444
2019-04-24,292.7900085449219,293.1600036621094,292.07000732421875,292.2300109863281,50392900,287.72750091552734,282.45460021972656,287.98056829050483,70.18668913283078,2.9780422248206833,-0.03547982069646638
2019-04-25,292.1199951171875,292.7799987792969,290.7300109863281,292.04998779296875,57770900,288.3475006103516,282.8135998535156,288.3681320526442,69.3020674104358,2.9435603927628335,0.14640951403868407
2019-04-26,292.1000061035156,293.489990234375,291.239990234375,293.4100036621094,50916400,288.9825012207031,283.1820001220703,288.8483103011647,72.15713839282381,2.9914911589992244,-0.1186497008009223
2019-04-29,293.510009765625,294.45001220703125,293.4100036621094,293.8699951171875,57197700,289.55200042724607,283.5717999267578,289.32656599792875,73.0694505615532,3.031647161338867,0.12336496688689702
2019-04-30,293.489990234375,294.3399963378906,291.9200134277344,294.0199890136719,81111700,289.9615005493164,283.9047998046875,289.77355866609474,73.3757983149906,3.0405250562095603,0.4180937345382769
2019-05-01,294.7200012207031,294.95001220703125,291.79998779296875,291.80999755859375,71671900,290.2535003662109,284.1839996337891,289.96750522728513,62.15667436051412,2.8365351990084946,-0.11638025093790416
2019-05-02,291.67999267578125,292.70001220703125,289.5199890136719,291.17999267578125,65030200,290.49149932861326,284.4393994140625,290.08298022238,59.3698471509786,2.5941320985951393,-0.09266811679333187
2019-05-03,292.82000732421875,294.3399963378906,291.29998779296875,294.0299987792969,56543700,290.83399963378906,284.77159912109374,290.4588867516102,66.65363557829295,2.602003294864005,-0.13050090573302864
2019-05-06,289.25,293.30999755859375,288.8999938964844,292.82000732421875,107198100,291.04649963378904,285.0451989746094,290.6837553775729,61.60422633587809,2.4819941924489513,0.8958451604688056
2019-05-07,290.1499938964844,290.80999755859375,285.80999755859375,287.92999267578125,144729900,291.00349884033204,285.21339904785157,290.42149226311653,46.32914441716321,1.9695984941863003,0.35011628004600825
2019-05-08,287.5299987792969,289.42999267578125,286.8699951171875,287.5299987792969,91568300,291.0144989013672,285.37759887695313,290.1461119313242,45.33883416185603,1.513794961136341,-0.36731594508114773
2019-05-09,285.2300109863281,287.3299865722656,283.29998779296875,286.6600036621094,103471100,290.93299865722656,285.5267987060547,289.8141016199704,43.177022664761736,1.070031386451035,0.1299882164460846
2019-05-10,285.6199951171875,288.94000244140625,282.29998779296875,288.1000061035156,112429300,290.92749938964846,285.7151989746094,289.65085442792713,47.6282110904219,0.8250312718502073,0.08657683159838836
2019-05-13,282.4200134277344,283.489990234375,279.92999267578125,280.8599853515625,127290500,290.4624984741211,285.72399841308595,288.8136288016067,33.443397102558734,0.04612603635928281,0.13218262499188382
2019-05-14,281.989990234375,285.1000061035156,281.8500061035156,283.3999938964844,77003200,290.13399810791014,285.80399841308594,288.29804452492834,40.175050768367335,-0.36203124183907676,-0.3950593327860288
2019-05-15,281.5899963378906,285.7699890136719,281.3599853515625,285.05999755859375,73956400,289.8789978027344,285.9247985839844,287.98965909956314,44.15069011219533,-0.5452649284434301,-0.03956718681821014
2019-05-16,285.8399963378906,289.2099914550781,285.760009765625,287.70001220703125,76749600,289.7914978027344,286.1321990966797,287.96207368122674,49.857726438058535,-0.4720107801419431,0.037768198560232724
2019-05-17,285.1400146484375,288.6000061035156,285.1199951171875,285.8399963378906,100353000,289.58249816894534,286.348798828125,287.75997107709946,46.27024531791102,-0.5576162229694432,0.30753775915444503
2019-05-20,284.05999755859375,285.9599914550781,283.1199951171875,283.95001220703125,62877600,289.2664993286133,286.5385992431641,287.3971178513787,42.89294838766508,-0.7690993783818385,-0.3734357717258079
2019-05-21,285.8299865722656,286.92999267578125,285.54998779296875,286.510009765625,46847100,288.94799957275393,286.69999938964844,287.3126313670212,48.38814217415078,-0.7218103145193027,-0.25494770792778354
2019-05-22,285.45001220703125,286.69000244140625,285.1000061035156,285.6300048828125,49482500,288.6179992675781,286.8227996826172,287.15238122566797,46.72372959353006,-0.7467345393013147,0.05625534985089797
2019-05-23,283.1600036621094,283.2099914550781,280.57000732421875,282.1400146484375,98733800,288.12250061035155,286.83880004882815,286.67501298021745,40.738859578870056,-1.036156049900569,0.9953276410852321
2019-05-24,283.739990234375,284.20001220703125,282.0899963378906,282.7799987792969,55268100,287.59100036621095,286.8711999511719,286.30405924679644,42.2009282170591,-1.20004988337962,-0.4402312075499981
2019-05-28,283.0899963378906,284.1499938964844,280.1300048828125,280.1499938964844,70029400,286.9050003051758,286.8479998779297,285.71795778486194,38.04673076767031,-1.5245819101373286,0.26708535303366676
2019-05-29,278.9100036621094,279.3599853515625,276.7099914550781,278.2699890136719,104972900,286.1175003051758,286.7667999267578,285.008627425701,35.36665987019832,-1.911442640725852,0.49898328416350846
2019-05-30,279.1099853515625,280.0400085449219,277.80999755859375,279.0299987792969,62523800,285.47850036621094,286.69940002441405,284.43923422128154,37.289804605990305,-2.1321282729522295,-0.40438151179971216
2019-05-31,276.20001220703125,277.1199951171875,275.239990234375,275.2699890136719,86862800,284.6830001831055,286.5738000488281,283.56597277293776,32.18718848119008,-2.5806761624334627,0.3892757637891491
2019-06-03,275.30999755859375,276.54998779296875,273.0899963378906,274.57000732421875,96428000,283.7100006103516,286.37059997558595,282.70921415877405,31.327750792233886,-2.958532151784766,0.11011848570389171
2019-06-04,277.1199951171875,280.67999267578125,276.6199951171875,280.5299987792969,77231900,283.09550018310546,286.39619995117187,282.50166983691906,44.834293023289064,-2.7454167891701786,-0.19907184635168207
2019-06-05,282.3299865722656,282.989990234375,280.32000732421875,282.9599914550781,71169700,282.8470001220703,286.474599609375,282.545319514839,49.21962823182465,-2.3533136928808176,-0.07849347225693015
2019-06-06,283.2900085449219,285.54998779296875,282.57000732421875,284.79998779296875,69430400,282.7104995727539,286.54819946289064,282.7600498270418,52.31098171208071,-1.8725116880032715,-0.024438770993835846
2019-06-07,285.92999267578125,288.8500061035156,285.739990234375,287.6499938964844,74272200,282.75999908447267,286.7081994628906,283.22575878603635,56.707225110595004,-1.2471248817588503,0.06973602341337504
2019-06-10,289.3699951171875,290.82000732421875,288.8699951171875,288.9700012207031,60799100,282.80349884033205,286.87339965820314,283.7728294940999,58.61036276116099,-0.6376374848289856,-0.18140165499338923
2019-06-11,290.989990234375,291.3999938964844,288.17999267578125,288.8999938964844,58641300,283.20549926757815,287.0017993164063,284.26113086575555,58.463574284910315,-0.15843697480937635,-0.0354906569340665
2019-06-12,288.6400146484375,289.260009765625,287.82000732421875,288.3900146484375,47096300,283.45500030517576,287.05299987792966,284.65435789267764,57.33703461379081,0.1781284645334722,-0.19687489874883402
2019-06-13,289.3999938964844,289.9800109863281,288.6199951171875,289.5799865722656,48945200,283.6809997558594,287.1251995849609,285.1234653859717,59.30739433325097,0.5347159170358395,0.03925786102092954
2019-06-14,289.260009765625,289.92999267578125,288.4100036621094,289.260009765625,52324700,283.7589996337891,287.18199951171874,285.5174219935577,58.52468584916054,0.7824747067340354,0.0690466072260405
2019-06-17,289.5199890136719,290.2200012207031,289.17999267578125,289.3699951171875,39205700,283.9354995727539,287.2257995605469,285.8843337196177,58.72632061475626,0.9764443881693978,-0.25072288995445746
2019-06-18,291.3900146484375,293.57000732421875,290.989990234375,292.3999938964844,85434800,284.3579986572266,287.3023992919922,286.5048727840812,63.92899098733447,1.3589966692587723,1.1791423185914294
2019-06-19,292.54998779296875,293.6499938964844,291.4700012207031,293.05999755859375,78674400,284.685498046875,287.38779907226564,287.1291703816538,64.96495432904399,1.6958798406593587,-0.07912934775992919
2019-06-20,296.0400085449219,296.30999755859375,293.1300048828125,295.8599853515625,116570000,285.1969970703125,287.558798828125,287.96067656926414,69.02881157141165,2.1638542309033824,0.48167637757644166
2019-06-21,294.1300048828125,295.5199890136719,293.760009765625,294.0,83309500,285.7899963378906,287.6729986572266,288.53585022933424,63.73968750115373,2.3574666256320143,-0.28532641331388864
2019-06-24,294.2300109863281,294.5799865722656,293.4700012207031,293.6400146484375,47582700,286.33299713134767,287.78159912109373,289.0219611263917,62.73774624435368,2.4535747515695903,-0.4288442494553443
2019-06-25,293.70001220703125,293.7300109863281,290.6400146484375,290.760009765625,82028700,286.8634979248047,287.79359924316407,289.18748956822344,55.25445408781327,2.271168195751329,0.7239185670422232
2019-06-26,291.75,292.30999755859375,290.3500061035156,290.4700012207031,51584900,287.47349853515624,287.80359924316406,289.3096335351263,54.548865153624725,2.0792402330993696,-0.3711359560739107
2019-06-27,291.30999755859375,292.05999755859375,290.8900146484375,291.5,40355200,288.0969985961914,287.83039916992186,289.51823986511425,56.66542061610691,1.9873394215854887,-0.21769354985664413
2019-06-28,292.5799865722656,293.54998779296875,292.010009765625,293.0,59350900,288.98349914550784,287.9013989257812,289.84983606843673,59.61489969627689,2.012347738244557,0.47071257235746566
2019-07-01,296.67999267578125,296.9200134277344,294.3299865722656,295.6600036621094,78705600,290.03799896240236,288.01419921875,290.4031853630722,64.26043396706093,2.221202435302473,0.32610625955124517
2019-07-02,295.6099853515625,296.489990234375,294.67999267578125,296.42999267578125,61504500,290.83299865722654,288.1373992919922,290.97716701190166,65.4976626975751,2.420945809469231,-0.2185498871744831
2019-07-03,297.17999267578125,298.82000732421875,297.0199890136719,298.79998779296875,40898900,291.62499847412107,288.2557989501953,291.7221975624795,69.04922806814355,2.738910219552565,-0.3350258924143762
2019-07-05,297.44000244140625,298.6400146484375,296.010009765625,298.4599914550781,51677300,292.30799865722656,288.3803985595703,292.36389221891744,67.96831866617069,2.929692767796894,0.26353765015685027
2019-07-08,297.010009765625,298.260009765625,296.2200012207031,296.82000732421875,45841800,292.7664993286133,288.4757989501953,292.78828413370803,62.856986417659265,2.9149545171756017,-0.11292192123040479
2019-07-09,295.5400085449219,297.5199890136719,295.4800109863281,297.19000244140625,41101300,293.17749938964846,288.55139892578126,293.20749540110785,63.523458963772946,2.8997038798300423,-0.10340998826398617
2019-07-10,298.3699951171875,299.6600036621094,297.7799987792969,298.6099853515625,58448500,293.66299896240236,288.64619873046877,293.7220182535321,66.04183808489456,2.9679853063116184,0.422059642882342
2019-07-11,299.32000732421875,299.5799865722656,298.20001220703125,299.30999755859375,50826100,294.20899810791013,288.7519989013672,294.25420675877604,67.2425124150803,3.043500385667926,-0.13041224325688427
2019-07-12,299.8500061035156,300.7300109863281,299.510009765625,300.6499938964844,40326000,294.7624984741211,288.928798828125,294.86332934331966,69.46797043635856,3.1748751513125057,-0.20658874082410417
2019-07-15,301.1300048828125,301.1300048828125,300.19000244140625,300.75,33900000,295.33699798583984,289.12019897460937,295.4239646439559,69.63377907257643,3.249600880216917,-0.15935128701086143
2019-07-16,300.6499938964844,300.8800048828125,299.44000244140625,299.7799987792969,36650100,295.8574981689453,289.2351989746094,295.8388250377979,65.89577719401485,3.193735175795723,0.08112389380530982
2019-07-17,299.75,299.92999267578125,297.739990234375,297.739990234375,36036300,296.12449798583987,289.3335986328125,296.0198883898529,58.75260577633011,2.9508341824144395,-0.016747566855206397
2019-07-18,297.19000244140625,299.25,296.70001220703125,298.8299865722656,51392600,296.4129974365234,289.55159851074217,296.2875167881779,61.17435884947626,2.813850671164971,0.42613420356695886
2019-07-19,300.0400085449219,300.07000732421875,296.9800109863281,297.1700134277344,58678600,296.478498840332,289.74439880371096,296.3715640871833,55.80111076496912,2.5420412229452154,0.14177138342874263
2019-07-22,297.6099853515625,298.5,297.0400085449219,297.8999938964844,43638100,296.6734985351562,289.9691986083984,296.51712883092625,57.566229603709374,2.3583480319844625,-0.25632002126840103
2019-07-23,299.1400146484375,300.0299987792969,298.2200012207031,300.0299987792969,44564500,296.99299774169924,290.2077984619141,296.85168787362824,62.29758727549642,2.357468023655713,0.021229155256530463
2019-07-24,299.19000244140625,301.44000244140625,299.0899963378906,301.44000244140625,47213200,297.5269973754883,290.61939880371096,297.2886702134166,65.0737827039406,2.442391750590275,0.05943520066420582
2019-07-25,300.94000244140625,301.0,299.1099853515625,300.0,55394100,298.0034973144531,290.95139892578123,297.5468920978531,60.198557861867336,2.3662219202348638,0.17327569408555243
2019-07-26,300.760009765625,302.2300109863281,300.6199951171875,302.010009765625,45084100,298.52899780273435,291.2903991699219,297.9719509233552,64.22722053488191,2.439921870117587,-0.18612090457286967
2019-07-29,301.8800048828125,302.010009765625,300.8500061035156,301.4599914550781,38126500,298.9519973754883,291.5655987548828,298.3041452597098,62.366932702859344,2.4259825141117517,-0.1543249172102803
2019-07-30,299.9100036621094,301.1700134277344,299.489990234375,300.7200012207031,45849000,299.20499725341796,291.8631988525391,298.5342267798044,59.855072292731265,2.328384281859485,0.2025494078921486
2019-07-31,300.989990234375,301.20001220703125,295.20001220703125,297.42999267578125,104245200,299.25499725341797,292.13279846191404,298.42906162704026,50.17863139320956,1.962933312473126,1.2736635477327751
2019-08-01,297.6000061035156,300.8699951171875,293.9599914550781,294.8399963378906,142646600,299.05699768066404,292.29939819335937,298.0872458852165,44.130265735470005,1.4476323230369985,0.36837571418156423
2019-08-02,293.8500061035156,294.1199951171875,290.8999938964844,292.6199951171875,116749700,298.7649978637695,292.4391979980469,297.56655533588037,39.71174456748162,0.8503151276900667,-0.18154586229184577
2019-08-05,288.0899963378906,288.2099914550781,281.7200012207031,283.82000732421875,178745400,298.11499786376953,292.4727978515625,296.2573602871507,27.820661954572927,-0.32935195901728775,0.5310137841895954
2019-08-06,285.9100036621094,288.0400085449219,284.2799987792969,287.79998779296875,120711700,297.64549713134767,292.5731976318359,295.4518962400857,37.00766188415748,-0.93234793589329,-0.3246724111501611
2019-08-07,284.3999938964844,288.82000732421875,282.0400085449219,287.9700012207031,140572300,297.1134979248047,292.72959777832034,294.7393348096683,37.37435268261135,-1.380593308886887,0.1645292047084086
2019-08-08,289.6199951171875,293.6199951171875,289.010009765625,293.6199951171875,87713900,296.82899780273436,293.03659790039063,294.6327310294321,48.171938975732964,-1.265337682779034,-0.37602287221593444
2019-08-09,292.5799865722656,293.239990234375,289.6499938964844,291.6199951171875,93730000,296.3774978637695,293.28839782714846,294.3458037996945,45.20102909231468,-1.3201620477055371,0.0685877608908052
2019-08-12,289.9599914550781,291.6099853515625,287.0199890136719,288.07000732421875,65527600,295.74349822998045,293.54439819335937,293.74810889726825,40.434237583836186,-1.6312609376402634,-0.3008897898218287
2019-08-13,287.739990234375,294.1499938964844,287.3599853515625,292.54998779296875,94299800,295.3819976806641,293.90399780273435,293.6340021254302,47.90113283566626,-1.4990321566046987,0.4390852098962881
2019-08-14,288.07000732421875,288.739990234375,283.760009765625,283.8999938964844,135622100,294.6899978637695,293.9713977050781,292.70695372267346,37.996989687028716,-2.068379124383455,0.4382013535553628
2019-08-15,284.8800048828125,285.6400146484375,282.3900146484375,284.6499938964844,99556600,293.98099822998046,294.00519775390626,291.9396242154174,39.171371440989574,-2.43104835413169,-0.2659264234958757
2019-08-16,286.4800109863281,289.3299865722656,284.7099914550781,288.8500061035156,83018300,293.5649978637695,294.08619812011716,291.6453748714267,45.40735070898975,-2.3524429494802916,-0.1661195741919672
2019-08-19,292.19000244140625,293.0799865722656,291.44000244140625,292.3299865722656,53571800,293.28649749755857,294.1797979736328,291.71057598579233,49.98273440634564,-1.9864437722664547,-0.35469890373568236
2019-08-20,291.7699890136719,292.3599853515625,289.95001220703125,290.0899963378906,51596400,292.7894973754883,294.20219787597654,291.55623506694457,47.23836714937096,-1.8557434239463078,-0.03687387767444816
2019-08-21,292.4800109863281,292.8599853515625,291.7200012207031,292.45001220703125,49524700,292.33999786376955,294.2731982421875,291.64135669933376,50.332560649734575,-1.5439314187618152,-0.04015202611034874
2019-08-22,293.2300109863281,293.92999267578125,290.3999938964844,292.3599853515625,51666400,291.95799713134767,294.35259765625,291.7097975233555,50.21159137718074,-1.2892212331558994,0.04324508780467129
2019-08-23,290.9200134277344,292.760009765625,283.4700012207031,284.8500061035156,149161500,291.09999694824216,294.257998046875,291.05648405479934,41.29540543048822,-1.6740566547259164,1.8870116748989672
2019-08-26,287.2699890136719,288.0,285.5799865722656,288.0,72423800,290.42699737548827,294.2327978515625,290.7653903352946,45.65448223116582,-1.7052067550429797,-0.5144605008665104
2019-08-27,289.5400085449219,289.95001220703125,286.0299987792969,286.8699951171875,66668900,289.7344970703125,294.1827978515625,290.3944003145225,44.38133656522474,-1.8003223883358146,-0.0794614477561244
2019-08-28,286.1400146484375,289.07000732421875,285.25,288.8900146484375,59696700,289.3074981689453,294.11259826660154,290.25112548918105,47.21510444025677,-1.693185530008634,-0.10457949658686438
2019-08-29,291.7200012207031,293.1600036621094,290.6099853515625,292.5799865722656,57899400,289.1944976806641,294.102998046875,290.47292178280816,52.02374429378462,-1.2955940997317157,-0.030107191854826132
2019-08-30,294.2200012207031,294.239990234375,291.4200134277344,292.45001220703125,62901200,289.1859985351563,294.03479858398435,290.66121610892463,51.844586655840274,-0.9796945626989668,0.08638776913059543
2019-09-03,290.57000732421875,291.5799865722656,289.2699890136719,290.739990234375,69101400,289.53199768066406,293.9695983886719,290.66871840658655,49.432595003712,-0.8574423242361604,0.0985704565254717
2019-09-04,293.1400146484375,294.05999755859375,292.30999755859375,294.0400085449219,46887300,289.84399871826173,293.97759826660155,290.9897936578566,53.890793253277614,-0.4886399095081515,-0.3214710555791923
2019-09-05,296.7900085449219,298.8299865722656,294.0,297.82000732421875,83258100,290.3364990234375,294.1187982177734,291.6402901975101,58.4135248438536,0.10741476145631168,0.7757068545213737
2019-09-06,298.1700134277344,298.760009765625,297.4200134277344,298.04998779296875,49584300,290.55799865722656,294.27039794921876,292.25073758755383,58.67908752562612,0.5915310822381343,-0.40445073812638055
2019-09-09,299.1400146484375,299.239990234375,297.1600036621094,298.20001220703125,51260300,290.8869995117187,294.4043981933594,292.8173351703612,58.86363009656536,0.9760511605281295,0.03380102169436694
2019-09-10,297.3599853515625,298.20001220703125,295.9700012207031,298.1300048828125,57947100,291.38999938964844,294.50699829101563,293.3233037144042,58.73181464990478,1.2606056101278682,0.13044792948929285
2019-09-11,298.4700012207031,300.3399963378906,297.75,300.25,68821100,291.775,294.59879821777344,293.9829890749371,61.54047513514878,1.6382976741754192,0.1876539119300189
2019-09-12,301.25,302.4599914550781,300.4100036621094,301.2900085449219,72908700,292.6445007324219,294.69599853515626,294.6788956911261,62.875327494130495,1.9985038456118218,0.05939457521021896
2019-09-13,301.7799987792969,302.1700134277344,300.67999267578125,301.0899963378906,62104800,293.4665008544922,294.7417987060547,295.2894767051037,62.426578868188706,2.2419862956564884,-0.1481839615848315
2019-09-16,299.8399963378906,301.1400146484375,299.45001220703125,300.1600036621094,58191200,294.03200073242186,294.77579895019534,295.7533364152947,60.272556571557416,2.3330117476729697,-0.06301606317064057
2019-09-17,299.94000244140625,301.0199890136719,299.75,300.9200134277344,41475500,294.4615020751953,294.8577990722656,296.2454008926699,61.44341280609752,2.4383685161952826,-0.2872547739177058
2019-09-18,300.489990234375,301.2200012207031,298.239990234375,301.1000061035156,73375800,295.0120025634766,294.9359991455078,296.7077442460838,61.73107287865635,2.5074837076503513,0.769135995949416
2019-09-19,301.5299987792969,302.6300048828125,300.7099914550781,301.0799865722656,76560500,295.4435012817383,294.9853991699219,297.1241482771487,61.67595650344586,2.531461473874174,0.04340259322555928
2019-09-20,300.3599853515625,300.6700134277344,297.4100036621094,298.2799987792969,89565000,295.739501953125,294.9647991943359,297.2342292773533,54.36486745786821,2.2980380596659415,0.16985913101403471
2019-09-23,297.54998779296875,299.0,297.2699890136719,298.2099914550781,43476800,296.4075012207031,294.91599914550784,297.32715900856516,54.19189675274482,2.083383369568992,-0.5145782392675711
2019-09-24,299.4100036621094,299.8399963378906,294.80999755859375,295.8699951171875,94869400,296.8010009765625,294.8183990478516,297.1883814951006,48.62319340326492,1.7047979829140445,1.1820695175357891
2019-09-25,295.9599914550781,298.1099853515625,294.3299865722656,297.6199951171875,71854000,297.3385009765625,294.7751989746094,297.229487554347,52.55020034279487,1.5283587428519922,-0.24260088078980158
2019-09-26,297.6300048828125,297.8599853515625,295.45001220703125,297.0,56179700,297.74400024414064,294.76039916992187,297.2076315967901,51.061114429304844,1.3232473774111781,-0.2181409524869875
2019-09-27,297.8299865722656,297.95001220703125,293.69000244140625,295.3999938964844,84746600,297.88500061035154,294.6917993164063,297.0354756253324,47.33349150693502,1.0198320329545254,0.5084915013786118
2019-09-30,295.9700012207031,297.54998779296875,295.9200134277344,296.7699890136719,51662400,298.1009994506836,294.683798828125,297.01019118612663,50.655225969552774,0.8797788005438179,-0.39038970294973485
2019-10-01,297.739990234375,298.4599914550781,293.0,293.239990234375,88242400,298.2259994506836,294.5905987548828,296.65112442881696,43.11034929578038,0.4784291710981279,0.7080584719254235
2019-10-02,291.5,291.510009765625,286.6400146484375,288.05999755859375,122539500,297.9269989013672,294.35119873046875,295.8329218697481,34.89646474717814,-0.2546895175167947,0.38866916584317734
2019-10-03,287.80999755859375,290.45001220703125,284.82000732421875,290.4200134277344,85278800,297.55699920654297,294.1307989501953,295.3174067800325,40.462290855407005,-0.6379044376395768,-0.3040709322300156
2019-10-04,291.1400146484375,294.6300048828125,291.0799865722656,294.3500061035156,65091200,297.3720001220703,294.01779907226563,295.225273382269,48.37691849778804,-0.6173707919453477,-0.23672471939098583
2019-10-07,293.4700012207031,295.260009765625,292.7699890136719,293.0799865722656,59610500,297.11599884033205,293.8391986083984,295.02096035274485,46.237781034656756,-0.6955597125758572,-0.08420032200973404
2019-10-08,291.0400085449219,291.8500061035156,288.489990234375,288.5299987792969,95708100,296.63599853515626,293.5805987548828,294.402773536226,39.499135691041936,-1.111854221197575,0.6055577456991637
2019-10-09,290.75,292.29998779296875,290.05999755859375,291.2699890136719,62359400,296.18699798583987,293.3915985107422,294.1044131055066,44.723567764053264,-1.2067654645698553,-0.3484417724309645
2019-10-10,291.17999267578125,294.2099914550781,291.0,293.239990234375,55296300,295.7844970703125,293.30779846191405,294.0220871177798,48.18783518799477,-1.1102227178160433,-0.11326439959332513
2019-10-11,296.2699890136719,298.739990234375,296.1400146484375,296.2799987792969,98720400,295.5439971923828,293.3365985107422,294.23712632363856,53.0751191865022,-0.7794238987665381,0.7852984738581061
2019-10-14,295.92999267578125,296.6700134277344,295.57000732421875,295.95001220703125,40394800,295.33349761962893,293.40319885253905,294.4002583125331,52.4962634022613,-0.5376924263727005,-0.5908160825928582
2019-10-15,297.1000061035156,299.70001220703125,296.9700012207031,298.8800048828125,46754500,295.2314971923828,293.70439880371094,294.8269008430359,56.982475143419244,-0.10844251316564169,0.15743858120352128
2019-10-16,298.3699951171875,299.1600036621094,297.9200134277344,298.3999938964844,48928200,295.09649658203125,293.91639892578127,295.1671954195548,56.0486057643947,0.19080873631418171,0.04649178153974476
2019-10-17,299.67999267578125,300.239990234375,298.5199890136719,299.2799987792969,45736600,295.0064971923828,294.1425988769531,295.5588909776255,57.42615241300979,0.49329020463454754,-0.06523027620063682
2019-10-18,298.69000244140625,299.3999938964844,297.0299987792969,297.9700012207031,64304000,294.9909973144531,294.22959899902344,295.78852052458524,54.678749709614884,0.6201543394748228,0.40596371396212216
2019-10-21,299.4200134277344,300.2099914550781,298.94000244140625,299.989990234375,39048600,295.07999725341796,294.39699890136717,296.18866049694617,58.0143691017036,0.8736207557311673,-0.39275006220452846
2019-10-22,300.5799865722656,300.8999938964844,298.9100036621094,299.010009765625,48594700,295.2369979858398,294.6157989501953,296.4573604272965,55.866160131808584,0.9840746825761357,0.24446715119107987
2019-10-23,298.7300109863281,299.94000244140625,298.5,299.8800048828125,34352200,295.3499984741211,294.7623992919922,296.7833265659171,57.37515526919774,1.128799453041438,-0.2930875177745721
2019-10-24,300.9100036621094,301.07000732421875,299.4599914550781,300.3699951171875,35453100,295.5184982299805,295.09179931640625,297.12491404699045,58.24115917896237,1.2684115346034446,0.032047438009792595
2019-10-25,299.739990234375,302.20001220703125,299.67999267578125,301.6000061035156,45205400,295.82849884033203,295.43079956054686,297.55111329046906,60.41531414032955,1.4614599218066928,0.2750760864353188
2019-10-28,302.94000244140625,303.8500061035156,302.9100036621094,303.29998779296875,42147000,296.1549987792969,295.71979919433596,298.09862514785,63.262230947806984,1.7316649192379145,-0.06765563406141739
2019-10-29,303.0,304.2300109863281,302.8599853515625,303.2099914550781,44284900,296.653498840332,295.93739929199216,298.58542193901457,63.00389772094868,1.9164507231002972,0.050724843998386504
2019-10-30,303.42999267578125,304.54998779296875,301.989990234375,304.1400146484375,49643900,297.4574996948242,296.2183996582031,299.11443076848343,64.61211242819316,2.113575915646777,0.12101190247691651
2019-10-31,304.1300048828125,304.1300048828125,301.7300109863281,303.3299865722656,69053800,298.1029983520508,296.4359991455078,299.5159122736055,62.08085271125589,2.179314770788892,0.39098257791994584
2019-11-01,304.9200134277344,306.19000244140625,304.739990234375,306.1400146484375,71141500,298.6924987792969,296.7115997314453,300.14677916644666,66.9220873700838,2.4301458597169017,0.030232948802238147
2019-11-04,307.8500061035156,308.0,306.9599914550781,307.3699951171875,60606900,299.406999206543,297.16199951171876,300.83470449508866,68.7997920931837,2.6970900737948114,-0.14807953163765175
2019-11-05,307.5899963378906,307.9200134277344,306.7099914550781,307.0299987792969,42933200,300.33199920654295,297.5425994873047,301.4247325221561,67.65649420748701,2.848376116858333,-0.2916120111736452
2019-11-06,307.0299987792969,307.3999938964844,306.05999755859375,307.1000061035156,46487100,301.12350006103514,297.94719970703125,301.96523476799985,67.77523936211583,2.940029571140826,0.08277743098581047
2019-11-07,308.57000732421875,309.6499938964844,307.6600036621094,308.17999267578125,54272300,301.8705001831055,298.33299926757815,302.55711647350284,69.6277685781726,3.0644859975413397,0.16747011536533796
2019-11-08,307.79998779296875,309.0,307.0299987792969,308.94000244140625,49032100,302.5035003662109,298.66019958496094,303.16501037520794,70.89576227618804,3.187699236024173,-0.09655385896672886
2019-11-11,307.4200134277344,308.5400085449219,307.2699890136719,308.3500061035156,35797300,303.12350006103514,298.97819946289064,303.65881949218965,68.5047813802599,3.2008415328268143,-0.2699211332983903
2019-11-12,308.75,309.989990234375,308.1499938964844,309.0,46484600,303.6294998168945,299.3433996582031,304.16750335007634,69.71651277325222,3.226512742487728,0.2985504493355644
2019-11-13,307.9100036621094,309.5400085449219,307.6600036621094,309.1000061035156,53917700,304.1645004272461,299.644599609375,304.63726551707055,69.90833979871474,3.2178338324741844,0.1599045705459443
2019-11-14,308.7900085449219,309.6400146484375,308.0899963378906,309.54998779296875,51219900,304.67799987792966,299.87919921875,305.10514382906086,70.80447435825636,3.2102596208532646,-0.05003551709364462
2019-11-15,311.0199890136719,311.8399963378906,310.260009765625,311.7900085449219,62023600,305.36900024414064,300.15399963378906,305.7417976115238,74.82384745857411,3.3464323683618886,0.21092778392773126
2019-11-18,311.5299987792969,312.2799987792969,311.0299987792969,312.0199890136719,49228000,305.97050018310546,300.4303991699219,306.3397206022046,75.20132755008783,3.4333304572975294,-0.20630211725859193
2019-11-19,312.67999267578125,312.69000244140625,311.2200012207031,311.92999267578125,67804700,306.61649932861326,300.70639892578123,306.87212746635475,74.72914139509521,3.4551075375459277,0.37736044527504675
2019-11-20,311.2799987792969,311.8500061035156,309.05999755859375,310.7699890136719,79406200,307.16099853515624,300.9167987060547,307.24335237562303,68.73807270799932,3.3402590030133297,0.17110170828865856
2019-11-21,310.8900146484375,311.010009765625,309.3900146484375,310.2699890136719,54664700,307.65599822998047,301.09639831542967,307.53160348400866,66.27181476444649,3.1723262878894047,-0.31158146341217685
2019-11-22,311.0899963378906,311.239990234375,309.8500061035156,310.9599914550781,44850200,308.1239974975586,301.2937982177734,307.8581166241105,67.97922653300786,3.059646135606556,-0.17953999564618484
2019-11-25,311.9800109863281,313.3699951171875,311.9800109863281,313.3699951171875,48647200,308.6274978637695,301.557998046875,308.38305743297497,73.10112704438488,3.1287472071702496,0.08465960018015517
2019-11-26,313.4100036621094,314.2799987792969,313.05999755859375,314.0799865722656,37569000,309.1709976196289,301.8211975097656,308.92562211290743,74.40026392209849,3.2038684795164727,-0.22772533671002648
2019-11-27,314.6099853515625,315.4800109863281,314.3699951171875,315.4800109863281,44444600,309.7379974365234,302.1087976074219,309.54984962466176,76.78159798547628,3.3378957147612027,0.18301259016742533
2019-11-29,314.8599853515625,315.1300048828125,314.05999755859375,314.30999755859375,36592700,310.28699798583983,302.37339782714844,310.003197046941,70.85008945249079,3.3115297058058673,-0.17666713166503922
2019-12-02,314.5899963378906,314.6600036621094,311.1700134277344,311.6400146484375,75767800,310.56199798583987,302.6405981445312,310.1590844375597,59.54540191328454,3.040144256317774,1.0705714527761003
2019-12-03,308.6499938964844,309.6400146484375,307.1300048828125,309.54998779296875,73941700,310.6709976196289,302.8673980712891,310.10107523331294,52.48568770281305,2.626149021025469,-0.024101267292966133
2019-12-04,310.70001220703125,312.1199951171875,310.32000732421875,311.4599914550781,49080000,310.89249725341796,303.1791979980469,310.230495825862,57.45047474780289,2.424231120027059,-0.3362338166420301
2019-12-05,312.2300109863281,312.25,310.5799865722656,312.0199890136719,40709000,311.1384963989258,303.4671978759766,310.4009237485106,58.809446477459716,2.2830789387905384,-0.17055827220863895
2019-12-06,314.1199951171875,315.30999755859375,314.1099853515625,314.8699951171875,48927000,311.4729965209961,303.8245977783203,310.82654959314647,64.94567652879618,2.37382254364303,0.20187182195583286
2019-12-09,314.44000244140625,315.17999267578125,313.79998779296875,313.8800048828125,34838500,311.7199966430664,304.1941979980469,311.11735485882895,61.51743039017932,2.3388922718406207,-0.28794939399513564
2019-12-10,313.82000732421875,314.54998779296875,312.80999755859375,313.5299987792969,52649800,311.97899627685547,304.5293981933594,311.3471304703021,60.30541686887622,2.2569504919788983,0.5112533547655611
2019-12-11,314.0299987792969,314.70001220703125,313.44000244140625,314.4200134277344,53429100,312.2499969482422,304.95299865722654,311.63978599005753,62.337425295822456,2.2380291778089827,0.014801575694494584
2019-12-12,314.42999267578125,317.989990234375,314.1700134277344,317.1300048828125,96389600,312.65149688720703,305.5343988037109,312.1626639798437,67.75080604074938,2.413881834886581,0.8040655747523353
2019-12-13,316.8699951171875,318.6700134277344,316.0199890136719,317.32000732421875,81503900,313.03999786376954,306.0723986816406,312.65383953645085,68.09703670994213,2.5393063981804858,-0.15443263588602918
2019-12-16,319.2200012207031,320.1499938964844,317.25,319.5,82749700,313.4254974365234,306.5753985595703,313.3058548186936,71.83349522978216,2.782538091157619,0.015285158133537147
2019-12-17,319.9200134277344,320.25,319.4800109863281,319.57000732421875,61097700,313.8029983520508,307.1051989746094,313.90244077160077,71.94712174708226,2.946979026434576,-0.2616565377276292
2019-12-18,320.0,320.25,319.5299987792969,319.5899963378906,48133000,314.1859985351563,307.72639892578127,314.44411273029505,71.98187683148385,3.0438252756603674,-0.2121962037850852
2019-12-19,319.79998779296875,320.9800109863281,319.5199890136719,320.8999938964844,85310500,314.6924987792969,308.3189990234375,315.0589585556464,74.2347611784848,3.189515728865672,0.7723910830407412
2019-12-20,320.4599914550781,321.9700012207031,319.3900146484375,320.7300109863281,147142100,315.2154998779297,308.8687994384766,315.59905878713994,73.40991299166224,3.2537530229728304,0.7247829985757908
2019-12-23,321.5899963378906,321.6499938964844,321.05999755859375,321.2200012207031,52990000,315.72850036621094,309.3675994873047,316.13438663795546,74.29650879631437,3.3060891208363046,-0.6398719333215986
2019-12-24,321.4700012207031,321.5199890136719,320.8999938964844,321.2300109863281,20270000,316.12150115966796,309.8731994628906,316.6196841949433,74.31534965702703,3.310215456638616,-0.6174749952821287
2019-12-26,321.6499938964844,322.95001220703125,321.6400146484375,322.94000244140625,30911200,316.564501953125,310.3543994140625,317.221619266035,77.36743773059405,3.412134662511164,0.524972866304884
2019-12-27,323.739990234375,323.79998779296875,322.2799987792969,322.8599853515625,42528800,316.9335006713867,310.8435992431641,317.7586065122757,76.90690317398493,3.446718037010612,0.3758378840032093
2019-12-30,322.95001220703125,323.1000061035156,320.54998779296875,321.0799865722656,49729100,317.2720001220703,311.27959899902345,318.07492842275093,67.30856636816156,3.292540230796874,0.16930409510731548
2019-12-31,320.5299987792969,322.1300048828125,320.1499938964844,321.8599853515625,57077300,317.7829986572266,311.7573986816406,318.4354100350187,69.12688509916305,3.196445952131171,0.1477645885407135
2020-01-02,323.5400085449219,324.8900146484375,322.5299987792969,324.8699951171875,59151200,318.5489990234375,312.2549987792969,319.04822766189193,74.92336104932897,3.3248464165069436,0.036334935254470624
2020-01-03,321.1600036621094,323.6400146484375,321.1000061035156,322.4100036621094,77709700,319.09649963378905,312.7229986572266,319.36839680476976,64.29825752726308,3.191316448686848,0.3137468047985501
2020-01-06,320.489990234375,323.7300109863281,320.3599853515625,323.6400146484375,55653900,319.67750091552733,313.19819885253906,319.7752175517857,66.83109394654142,3.1484512084358585,-0.2838229976437948
2020-01-07,323.0199890136719,323.5400085449219,322.239990234375,322.7300109863281,40496400,320.07050170898435,313.64539916992186,320.05662645031356,63.255603938642636,3.006394660168553,-0.2723528809301774
2020-01-08,322.94000244140625,325.7799987792969,322.6700134277344,324.45001220703125,68296000,320.5990020751953,314.1023992919922,320.4750441414295,66.86409874401932,2.9980439614947727,0.6864708961784258
2020-01-09,326.1600036621094,326.7300109863281,325.5199890136719,326.6499938964844,48473300,321.2550018310547,314.5693994140625,321.0631345942919,70.81238453739331,3.13283276298597,-0.29024686658076604
2020-01-10,327.2900085449219,327.4599914550781,325.20001220703125,325.7099914550781,53029300,321.8195007324219,315.0193994140625,321.5056923905573,67.13167235313661,3.1277487772274526,0.09398988721626123
2020-01-13,326.3900146484375,327.9599914550781,325.9200134277344,327.95001220703125,47086800,322.3605010986328,315.4955993652344,322.11943713498334,71.00004031248343,3.2668128509088774,-0.11206069097649785
2020-01-14,327.4700012207031,328.6199951171875,326.8399963378906,327.45001220703125,62832800,322.86700134277345,315.9779998779297,322.6271109513689,69.04662201137877,3.2986515086261647,0.33440369700213224
2020-01-15,327.3500061035156,329.0199890136719,327.260009765625,328.19000244140625,72056600,323.30150146484374,316.41899963378904,323.15691014089623,70.34693216964749,3.3450354157494075,0.14679912402439488
2020-01-16,329.70001220703125,330.9200134277344,329.45001220703125,330.9200134277344,54050300,323.8690017700195,316.89,323.8962533110713,74.58821442933751,3.5610346761855,-0.2498910578628467
2020-01-17,331.70001220703125,332.17999267578125,330.8500061035156,331.95001220703125,95846000,324.48700256347655,317.3884002685547,324.6632779678294,75.98389829384772,3.771848419021694,0.7732741538899877
2020-01-21,330.8999938964844,332.17999267578125,330.82000732421875,331.29998779296875,77742400,325.00700225830076,317.8723999023438,325.2953455702236,73.24966746988132,3.8421780543781097,-0.18888216513991196
2020-01-22,332.239990234375,332.95001220703125,331.1700134277344,331.3399963378906,48914900,325.5375015258789,318.3355999755859,325.8710265957157,73.31332003693691,3.856685680484418,-0.37080795035913483
2020-01-23,330.6300048828125,332.1700134277344,329.4100036621094,331.7200012207031,51963000,326.06250152587893,318.79119995117185,326.42807179809546,73.94742121441686,3.8544150000743116,0.06231434593549201
2020-01-24,332.44000244140625,332.5299987792969,327.3599853515625,328.7699890136719,87578400,326.4395004272461,319.199599609375,326.65111153291224,61.69237810591946,3.5733824105872714,0.6853992263726112
2020-01-27,323.0299987792969,325.1199951171875,322.6600036621094,323.5,84062500,326.4675003051758,319.489599609375,326.35100567263487,46.77802888854034,2.8920798916867057,-0.04014574369935964
2020-01-28,325.05999755859375,327.8500061035156,323.6000061035156,326.8900146484375,63834000,326.6690017700195,319.84539978027345,326.40233986080653,54.412743401835115,2.595766210466877,-0.2406364312267658
2020-01-29,328.3800048828125,328.6300048828125,326.3999938964844,326.6199951171875,53888900,326.9460021972656,320.1867999267578,326.4230689328428,53.75133547787339,2.312490216015817,-0.15579628411191526
2020-01-30,324.3599853515625,327.9100036621094,323.5400085449219,327.67999267578125,75491800,327.23700256347655,320.504599609375,326.5427759559798,56.01180809866677,2.148755379270881,0.40087847404567545
2020-01-31,327.0,327.1700134277344,320.7300109863281,321.7300109863281,113845600,327.0800033569336,320.6988000488281,326.08441738744153,43.23707561038269,1.5213434450069485,0.508052530208579
2020-02-03,323.3500061035156,326.1600036621094,323.2200012207031,324.1199951171875,69083000,327.1655029296875,320.9426000976562,325.89732955217926,48.334351909174465,1.2030981457518806,-0.39318691280119744
2020-02-04,328.07000732421875,330.010009765625,327.7200012207031,329.05999755859375,62573200,327.43650207519534,321.3084002685547,326.19853602898064,56.941332586980224,1.3341244092311513,-0.09423157650941616
2020-02-05,332.2699890136719,333.0899963378906,330.6700134277344,332.8599853515625,65951100,327.94300079345703,321.7602001953125,326.8329597739884,62.16295938929451,1.724709546048814,0.0539831749055506
2020-02-06,333.9100036621094,334.19000244140625,332.79998779296875,333.9800109863281,50359700,328.41950073242185,322.2206005859375,327.51363131802077,63.56541621704664,2.1004155067727766,-0.2364084905331374
2020-02-07,332.82000732421875,333.989990234375,331.6000061035156,332.20001220703125,64139400,328.6970016479492,322.5972009277344,327.95995330745035,59.77351052131854,2.228841465039693,0.2736255378804877
2020-02-10,331.2300109863281,334.75,331.19000244140625,334.67999267578125,42070000,329.1455017089844,323.0092010498047,328.5999570568152,63.078214527397165,2.5018933903622838,-0.34408491504441885
2020-02-11,336.1600036621094,337.0199890136719,334.67999267578125,335.260009765625,54864500,329.51100158691406,323.4048010253906,329.2342477909875,63.826704053389975,2.7335805254559773,0.30412407891609217
2020-02-12,336.8299865722656,337.6499938964844,336.42999267578125,337.4200134277344,43992700,330.0095016479492,323.86700134277345,330.01384451829676,66.546538532936,3.0562578547665,-0.19815727838584152
2020-02-13,335.8599853515625,338.1199951171875,335.55999755859375,337.05999755859375,54501900,330.45300140380857,324.3754010009766,330.68490671261077,65.66038361983425,3.245519364183565,0.2388850877531954
2020-02-14,337.510009765625,337.7300109863281,336.20001220703125,337.6000061035156,64582200,330.78700103759763,324.9364013671875,331.34348760698265,66.38348719770912,3.399892802618865,0.18495318511831704
2020-02-18,336.510009765625,337.6700134277344,335.2099914550781,336.7300109863281,57226200,331.0260009765625,325.4418017578125,331.856489833587,64.04366885619223,3.412694116231364,-0.11390135362375386
2020-02-19,337.7900085449219,339.0799865722656,337.4800109863281,338.3399963378906,48814700,331.3780014038086,325.96820190429685,332.47396664352067,66.40362682301848,3.512264414300489,-0.14698686965061458
2020-02-20,337.739990234375,338.6400146484375,333.67999267578125,336.95001220703125,74163400,331.65850219726565,326.40980224609376,332.90025669718835,62.58446515920988,3.439367601331071,0.5192841500613545
2020-02-21,335.4700012207031,335.80999755859375,332.5799865722656,333.4800109863281,113788200,331.7465026855469,326.8018023681641,332.95547139139217,54.20326590296821,3.066250427109992,0.5342904990871509
2020-02-24,323.1400146484375,333.55999755859375,321.239990234375,322.4200134277344,161088400,331.42900390625,326.9796026611328,331.9520944424724,37.13382237265346,1.8567001243753793,0.41568633654456266
2020-02-25,323.94000244140625,324.6099853515625,311.69000244140625,312.6499938964844,218913200,330.8865036010742,326.9442022705078,330.1137991523783,28.573616582565194,0.10851300008897624,0.3589631531506925
2020-02-26,314.17999267578125,318.1099853515625,310.70001220703125,311.5,194773800,330.1170028686523,326.83160217285155,328.34105637596133,27.7623645657832,-1.3541232970069927,-0.11026927567638678
2020-02-27,305.4599914550781,311.55999755859375,297.510009765625,297.510009765625,284353500,328.66150360107423,326.4354022216797,325.404766222596,20.235538223135904,-3.60064242827724,0.45991658015605785
2020-02-28,288.70001220703125,297.8900146484375,285.5400085449219,296.260009765625,384975800,327.0905044555664,325.97060241699216,322.62907513145586,19.72106463409692,-5.419417902312034,0.35386341297012347
2020-03-02,298.2099914550781,309.1600036621094,294.4599914550781,309.0899963378906,238703600,326.45850372314453,325.7610021972656,321.3396390558782,37.33239912089293,-5.759149981306052,-0.3799516748844992
2020-03-03,309.5,313.8399963378906,297.57000732421875,300.239990234375,300139100,325.2645034790039,325.37400207519534,319.3301486919255,32.10106815898452,-6.66567389212247,0.25737148497132
2020-03-04,306.1199951171875,313.1000061035156,303.3299865722656,312.8599853515625,176613400,324.45450286865236,325.21320190429685,318.71394265951,44.12494593277529,-6.293228070540636,-0.41156150598172647
2020-03-05,304.9800109863281,308.4700012207031,300.010009765625,302.4599914550781,186366800,322.93450317382815,324.84780151367187,317.165947306707,38.132126209650266,-6.759337232604423,0.055224575258729036
2020-03-06,293.1499938964844,298.7799987792969,290.2300109863281,297.4599914550781,228667200,321.10850219726564,324.3726013183594,315.2891896065519,35.62690151684052,-7.446353388265777,0.2269739030771576
2020-03-09,275.29998779296875,284.19000244140625,273.45001220703125,274.2300109863281,309417300,318.21000213623046,323.4326013183594,311.378791642721,26.81305498273143,-9.752859036068571,0.35313372446944724
2020-03-10,284.6400146484375,288.5199890136719,273.5,288.4200134277344,276444100,315.8970031738281,322.74220153808596,309.1922413365318,37.05671477521871,-10.31684065613166,-0.10656546999796068
2020-03-11,280.70001220703125,281.94000244140625,270.8800048828125,274.3599853515625,255316300,312.852001953125,321.77220153808594,305.8748836236776,32.24140831514957,-11.762733445378501,-0.07642702448704819
2020-03-12,256.0,266.6600036621094,247.67999267578125,248.11000061035156,392220700,308.38650131225586,320.3128018188477,300.37346619383703,25.56271445134567,-14.855523063655653,0.5362148832644058
2020-03-13,263.0899963378906,271.4800109863281,248.52000427246097,269.32000732421875,329566100,304.99950180053713,319.26200225830075,297.4159939205401,36.930887745240874,-15.417388775288941,-0.15974322619892323
2020-03-16,241.17999267578125,256.8999938964844,237.36000061035156,239.8500061035156,297240000,300.1120018005371,317.56160247802734,291.9335188903473,30.061283630060387,-18.03278350400035,-0.09808684813152813
2020-03-17,245.0399932861328,256.1700134277344,237.07000732421875,252.8000030517578,262070500,295.9155014038086,316.1694024658203,288.2065173819102,35.71968984263307,-18.84333194225917,-0.11832021262279635
2020-03-18,236.25,248.3699951171875,228.02000427246097,240.0,327597100,290.9985015869141,314.49660217285157,283.61542048839493,32.88743962377016,-20.28472105394394,0.25003424651000405
2020-03-19,239.25,247.3800048828125,232.22000122070312,240.5099945068359,289322000,286.1765007019043,312.8522018432617,279.51014182348456,33.11499798254086,-21.142166282736355,-0.11683589384643511
2020-03-20,242.52999877929688,244.47000122070312,228.5,228.8000030517578,347158800,280.94250030517577,310.93920166015624,274.68060479760584,30.553327502240734,-22.507147859742474,0.1999046045582431
2020-03-23,228.19000244140625,229.67999267578125,218.2599945068359,222.9499969482422,326025200,275.9689994812012,308.8652017211914,269.7538802405236,29.332560098965345,-23.786753310272815,-0.06087588734607907
2020-03-24,234.4199981689453,244.1000061035156,233.8000030517578,243.1499938964844,235494500,272.4939994812012,307.21400177001954,267.22017677918654,38.47396609229279,-22.906823313418073,-0.2776800689026493
2020-03-25,244.8699951171875,256.3500061035156,239.75,246.7899932861328,299430300,269.2584991455078,305.5908013916016,265.2744450179433,39.980641429740345,-21.666002728520937,0.2714959372724204
2020-03-26,249.52000427246097,262.79998779296875,249.0500030517578,261.20001220703125,257632800,267.4429992675781,304.26580139160154,264.8864037978565,45.65442624580177,-19.297426655740452,-0.13959008156489172
2020-03-27,253.27000427246097,260.80999755859375,251.0500030517578,253.4199981689453,224341200,265.30099868774414,302.77040130615234,263.7943651665316,43.275795211718076,-17.842418867788354,-0.12922112401837038
2020-03-30,255.6999969482422,262.42999267578125,253.52999877929688,261.6499938964844,171369500,262.92899856567385,301.38500091552737,263.590139331289,46.45395344100331,-15.84259921670838,-0.23612114047709476
2020-03-31,260.55999755859375,263.3299865722656,256.2200012207031,257.75,194881100,260.80449905395506,299.9010006713867,263.03393558545196,45.162629161456564,-14.406357131773149,0.1371982762393542
2020-04-01,247.97999572753903,257.6600036621094,243.8999938964844,246.1499938964844,189554600,257.4689994812012,298.198000793457,261.4259411388836,41.47007846008233,-14.042277841215196,-0.027332050157762855
2020-04-02,245.19000244140625,252.67999267578125,244.58999633789065,251.8300018310547,177660400,254.9375,296.6078009033203,260.51204215718565,43.88926104158818,-13.14389852943097,-0.06274814749945401
2020-04-03,250.7599945068359,253.32000732421875,245.22000122070312,248.19000244140625,135561200,252.4740005493164,294.93720092773435,259.33851456520665,42.67203533762998,-12.580622398524355,-0.23696445578193004
2020-04-06,257.8399963378906,267.0,248.1699981689453,264.8599853515625,188061200,252.00549926757813,293.6590008544922,259.86436892581196,49.56999128259301,-10.66614106781833,0.3872789559254417
2020-04-07,274.2099914550781,275.0299987792969,264.8900146484375,265.1300048828125,201427200,250.84099884033202,292.4916009521484,260.3658580645739,49.67561879316637,-9.023099822546499,0.07107260827858175
2020-04-08,267.9599914550781,276.0,265.25,274.0299987792969,153774500,250.82449951171876,291.4344006347656,261.66720479930945,53.15819654993995,-6.923018424137638,-0.2365752986687002
2020-04-09,277.5799865722656,281.20001220703125,275.4700012207031,278.20001220703125,189999200,252.32900009155273,290.4660009765625,263.24175788575917,54.738652113107804,-4.866110064492204,0.23557026685178628
2020-04-13,277.1400146484375,277.510009765625,271.4100036621094,275.6600036621094,114839100,252.64599990844727,289.42560119628905,264.42444795969726,53.55338024161831,-3.4017396943991685,-0.3955811392890075
2020-04-14,280.9800109863281,284.8999938964844,275.510009765625,283.7900085449219,134143400,254.84300003051757,288.66680114746094,266.268787063052,56.77931677483535,-1.567127309009038,0.16809867022642977
2020-04-15,277.57000732421875,283.94000244140625,275.4599914550781,277.760009765625,121775000,256.09100036621095,287.7396014404297,267.36318922520184,53.79493620377767,-0.5929194759663119,-0.09220282175641892
2020-04-16,279.1499938964844,280.0299987792969,275.760009765625,279.1000061035156,131798300,258.0460006713867,286.74040161132814,268.48098130885074,54.36891507640838,0.2839999811606049,0.08230999794703342
2020-04-17,285.3800048828125,287.29998779296875,282.3999938964844,286.6400146484375,146684800,260.3525016784668,285.8160021972656,270.21041305547806,57.56339302927175,1.5692908359841908,0.11294910480635934
2020-04-20,282.6099853515625,286.7900085449219,281.3500061035156,281.5899963378906,100109300,262.99200134277345,284.76820190429686,271.2941828918983,54.79646755827282,2.155550975691426,-0.31752097013460157
2020-04-21,276.7300109863281,278.0400085449219,272.0199890136719,273.0400085449219,126385700,265.4965019226074,283.5850018310547,271.46045200171005,50.38101508175151,1.9082566062144792,0.2624771125160199
2020-04-22,278.3500061035156,281.0,276.9100036621094,279.1000061035156,92951600,267.294002532959,282.47340209960936,272.1880285828344,53.25602864073712,2.1761795509712556,-0.2645402130146053
2020-04-23,280.489990234375,283.94000244140625,278.75,279.0799865722656,104709700,268.90850219726565,281.3498016357422,272.8444055342088,53.245052809456304,2.3596939234191723,0.126497015651156
2020-04-24,280.7300109863281,283.70001220703125,278.5,282.9700012207031,85063200,269.9970016479492,280.26080139160155,273.8087479805416,55.17809345711666,2.7868964501591904,-0.18762827130628779
2020-04-27,285.1199951171875,288.2699890136719,284.6199951171875,287.04998779296875,77896600,271.6785011291504,279.2606011962891,275.069818438868,57.17783652989329,3.4153087951059433,-0.08425029860151045
2020-04-28,291.0199890136719,291.3999938964844,285.3999938964844,285.7300109863281,105270000,272.88250198364256,278.2232012939453,276.0850748719595,56.30264139440965,3.76343645634239,0.3514068649979589
2020-04-29,291.5299987792969,294.8800048828125,290.4100036621094,293.2099914550781,118745600,274.6555015563965,277.3528009033203,277.71601930844696,60.035726931538655,4.589991482381265,0.1280098793578417
2020-04-30,291.7099914550781,293.32000732421875,288.5899963378906,290.4800109863281,122901700,276.8720024108887,276.3956011962891,278.93163756348326,58.085330126563974,4.967493514022806,0.035000033685458565
2020-05-01,285.30999755859375,290.6600036621094,281.5199890136719,282.7900085449219,125180000,278.42000274658204,275.31240112304687,279.2991014664774,52.874454317943425,4.593200113128091,0.01853757921981547
2020-05-04,280.739990234375,283.8999938964844,279.1300048828125,283.57000732421875,80873200,280.18900299072266,274.3142010498047,279.7058544053099,53.33177169425208,4.309828261623068,-0.3539447196037706
2020-05-05,286.6400146484375,289.25,283.7099914550781,286.19000244140625,79569900,281.25550384521483,273.5896008300781,280.32339231350954,54.91444040993183,4.247700885756672,-0.016115350944441387
2020-05-06,288.0400085449219,288.4599914550781,283.7799987792969,284.25,73632600,282.21150360107424,273.02160095214845,280.6973549503182,53.46849096414841,3.9958607140596314,-0.07461741186051507
2020-05-07,287.75,289.7799987792969,287.1300048828125,287.67999267578125,75250400,282.8940032958984,272.5452008056641,281.36236806702897,55.68997960177238,4.0266308133443545,0.02197124643160775
2020-05-08,291.0899963378906,292.95001220703125,289.8599853515625,292.44000244140625,76452400,283.6060028076172,272.4438006591797,282.4173808645887,58.640962654181756,4.384566789091991,0.015973337018806655
2020-05-11,290.3399963378906,294.0,289.8800048828125,292.5,79514200,284.44800262451173,272.3686004638672,283.37763030605646,58.67831803553331,4.619820515060269,0.04004844844635347
2020-05-12,293.7900085449219,294.239990234375,286.5199890136719,286.6700134277344,95870800,284.59200286865234,271.9202008056641,283.69119060335913,53.61124350092154,4.286418431178788,0.20570665365431573
2020-05-13,286.05999755859375,287.19000244140625,278.9599914550781,281.6000061035156,144721100,284.78400268554685,271.5474011230469,283.4920301748026,49.59993162433806,3.5719128702948524,0.5095430516904
2020-05-14,278.95001220703125,285.1099853515625,272.989990234375,284.9700012207031,121977900,285.07750244140624,270.9896014404297,283.6327893220312,52.16210199959729,3.240241025727869,-0.15715192877887196
2020-05-15,282.3699951171875,286.3299865722656,281.3399963378906,286.2799987792969,111146300,285.0595016479492,270.66600158691404,283.88490450843744,53.15895102827178,3.047959573539231,-0.088799692403296
2020-05-18,293.04998779296875,296.75,292.70001220703125,295.0,119703800,285.73000183105466,270.6168017578125,284.9434850314434,59.24662792206962,3.5581897630938215,0.0769931162800741
2020-05-19,294.3500061035156,296.2099914550781,291.95001220703125,291.9700012207031,95189300,286.67650146484374,270.9716015625,285.6126770494681,56.49888890811779,3.6756842851873444,-0.20479299738187096
2020-05-20,295.82000732421875,297.8699951171875,295.57000732421875,296.92999267578125,85861700,287.56800079345703,271.1418011474609,286.6905166329265,59.78668501463839,4.121519091959897,-0.09799000517915357
2020-05-21,296.7900085449219,297.6700134277344,293.69000244140625,294.8800048828125,78293900,288.3580017089844,271.5522015380859,287.47046789482044,57.84090110653869,4.26031919820349,-0.08813941489628085
2020-05-22,294.57000732421875,295.6300048828125,293.2200012207031,295.44000244140625,63958200,288.9815017700195,272.49880157470704,288.2294711849715,58.24071942079506,4.365187243972116,-0.18310111004816465
2020-05-26,301.92999267578125,302.19000244140625,295.4599914550781,299.0799865722656,88951400,289.5830017089844,273.094001159668,289.262853602809,60.84033073914737,4.687972199170247,0.3907739742519334
2020-05-27,302.1199951171875,303.57000732421875,296.8699951171875,303.5299987792969,104817400,290.47300109863284,274.3676010131836,290.62162933390306,63.80673015687958,5.242428938998387,0.17836706336269015
2020-05-28,304.6499938964844,306.8399963378906,302.239990234375,302.9700012207031,90405200,290.96100158691405,275.3710009765625,291.79766475169356,63.15834809776515,5.572417417790746,-0.13749816347285848
2020-05-29,302.4599914550781,304.9599914550781,299.4700012207031,304.32000732421875,119090800,291.6530014038086,276.6574011230469,292.9902688062198,64.10530252565604,5.875144861936519,0.31730033228177135
2020-06-01,303.6199951171875,306.2099914550781,303.05999755859375,305.54998779296875,55758300,292.79100036621094,277.95820098876953,294.1864325192435,64.98828192972185,6.143489365689675,-0.5318001054657455
2020-06-02,306.54998779296875,308.1300048828125,305.1000061035156,308.0799865722656,74267200,294.0164993286133,279.5438006591797,295.5096281433409,66.79752735645759,6.485542775631757,0.33194878610000655
2020-06-03,310.239990234375,313.2200012207031,309.94000244140625,312.17999267578125,92567600,295.31599884033204,281.32840057373045,297.0972819083352,69.54417705988115,7.0066900335519335,0.24641295215115155
2020-06-04,311.1099853515625,313.0,309.0799865722656,311.3599853515625,75794400,296.67149810791017,282.69260040283206,298.455634617214,68.32675393298881,7.269734280605235,-0.1811994693607698
2020-06-05,317.2300109863281,321.2699890136719,317.1600036621094,319.3399963378906,150524700,298.25449829101564,284.1436004638672,300.4446214477546,73.23683524374263,8.029559176429814,0.9859607042208922
2020-06-08,320.2200012207031,323.4100036621094,319.6300048828125,323.20001220703125,73641200,299.79249877929686,285.3836004638672,302.6118015200667,75.23659044022516,8.841280127945424,-0.5107699932303469
2020-06-09,320.29998779296875,323.2799987792969,319.3599853515625,320.7900085449219,77479200,301.20699920654295,286.7310006713867,304.34305933195765,71.63749744695137,9.184237502919643,0.052117564624150514
2020-06-10,321.4200134277344,322.3900146484375,318.2200012207031,319.0,95000800,302.82349853515626,287.87800079345703,305.73895844319975,68.99740693431421,9.205479921291214,0.22614585592004044
2020-06-11,311.4599914550781,312.1499938964844,300.010009765625,300.6099853515625,209243600,303.7739974975586,288.7352005004883,305.2504848154248,49.0126703067965,7.650207372034117,1.2025456627733662
2020-06-12,308.239990234375,309.0799865722656,298.6000061035156,304.2099914550781,194678900,304.73599700927736,289.89640045166016,305.15139020967746,51.94689240717214,6.63168711666259,-0.06960643001745337
2020-06-15,298.0199890136719,308.2799987792969,296.739990234375,307.04998779296875,135782700,305.7744964599609,291.00080017089846,305.3322090271338,54.18675313177737,5.984678794061836,-0.30252996087403417
2020-06-16,315.4800109863281,315.6400146484375,307.6700134277344,312.9599914550781,137627500,306.67249603271483,292.2961999511719,306.0586644964618,58.51981485390434,5.881015257445313,0.013586414175001726
2020-06-17,314.07000732421875,314.3900146484375,310.8599853515625,311.6600036621094,83398900,307.65699615478513,293.2322003173828,306.5921253693806,57.23742492756344,5.629074540059378,-0.3940244500554032
2020-06-18,310.010009765625,312.29998779296875,309.510009765625,311.7799987792969,80828700,308.3994964599609,294.1652001953125,307.08620855127737,57.330373981589744,5.377108351569063,-0.030818152277787836
2020-06-19,314.1700134277344,314.3800048828125,306.5299987792969,308.6400146484375,135549600,309.0874969482422,294.85740051269534,307.23419008434024,54.02138442334304,4.8679382920101375,0.6769983928975722
2020-06-22,307.989990234375,311.04998779296875,306.75,310.6199951171875,74649400,309.84649658203125,295.50580017089845,307.5566477065162,55.75553846466739,4.571487960324248,-0.4492835095050077
2020-06-23,313.489990234375,314.5,311.6099853515625,312.04998779296875,68471200,310.49499664306643,296.2335998535156,307.9845848576069,57.01646984357259,4.401203065358288,-0.08276288891806227
2020-06-24,309.8399963378906,310.510009765625,302.1000061035156,304.0899963378906,132813500,310.5229965209961,296.639599609375,307.6136716652529,48.69695802391371,3.5826477402322325,0.9396987346504808
2020-06-25,303.4700012207031,307.6400146484375,301.2799987792969,307.3500061035156,89468000,310.7419967651367,297.2313995361328,307.5885606593732,51.798979058783225,3.16055933016645,-0.3263636603206752
2020-06-26,306.1600036621094,306.3900146484375,299.4200134277344,300.04998779296875,127961000,310.5284957885742,297.65039916992185,306.8706013387632,45.20724875048658,2.211507869243178,0.4302432154513345
2020-06-29,301.4100036621094,304.6099853515625,298.92999267578125,304.4599914550781,79773300,310.4739959716797,298.00679870605467,306.64101944507894,49.3966965506784,1.7945418273861833,-0.3765811458178664
2020-06-30,303.989990234375,310.20001220703125,303.82000732421875,308.3599853515625,113394800,310.48799591064454,298.5421984863281,306.8047304837917,52.83145216711335,1.7585190361649552,0.4214630709773821
2020-07-01,309.57000732421875,311.8900146484375,309.07000732421875,310.5199890136719,72396500,310.4049957275391,299.29179809570314,307.15856462949455,54.66676023615293,1.882563933055394,-0.36155361621520565
2020-07-02,314.239990234375,315.70001220703125,311.510009765625,312.2300109863281,69344200,310.44849700927733,299.9543981933594,307.64155952062157,56.12232638890226,2.0947083950127876,-0.0421608779429945
2020-07-06,316.3699951171875,317.67999267578125,315.55999755859375,317.04998779296875,61713800,310.33399658203126,300.71379821777344,308.53760030846416,60.01902251452329,2.621546697132885,-0.11003660003287952
2020-07-07,315.3800048828125,317.5199890136719,313.3699951171875,313.7799987792969,82910000,309.86299591064454,301.32999816894534,309.0368763533054,56.362017899254006,2.7435827481633623,0.3434596475990783
2020-07-08,314.6099853515625,316.29998779296875,312.70001220703125,316.17999267578125,54638600,309.6324951171875,301.91259826660155,309.7171731459221,58.36705428223826,2.9993816431556297,-0.34098902424315525
2020-07-09,316.8399963378906,317.1000061035156,310.67999267578125,314.3800048828125,83354200,309.4014953613281,302.48559814453125,310.1612523589593,56.27850718644163,3.0220241256260465,0.5255551935810947
2020-07-10,314.30999755859375,317.8800048828125,312.760009765625,317.5899963378906,57550400,310.25049591064453,302.9731982421875,310.8687517855242,59.089927305464876,3.261392635366917,-0.30956808415172843
2020-07-13,320.1300048828125,322.7099914550781,314.1300048828125,314.8399963378906,102997500,310.78199615478513,303.46039794921876,311.2469655524162,55.78068828868964,3.1923919790628474,0.7896921654758264
2020-07-14,313.29998779296875,319.760009765625,312.0,318.9200134277344,93657000,311.37549743652346,304.182998046875,311.9777320167322,59.412481801463926,3.4274225491932384,-0.09068666715211537
2020-07-15,322.4100036621094,323.0400085449219,319.2699890136719,321.8500061035156,87196500,311.8199981689453,304.94859802246094,312.91794859642584,61.83655629959146,3.8062359723013515,-0.06898042858515652
2020-07-16,319.7900085449219,321.2799987792969,319.0899963378906,320.7900085449219,54622500,312.27649841308596,305.6405981445312,313.6676685915207,60.43040521434638,3.9750929974435394,-0.373570040081884
2020-07-17,321.8800048828125,322.57000732421875,319.739990234375,321.7200012207031,62774900,312.77349853515625,306.38999816894534,314.4345574133476,61.26269664300081,4.136275632332968,0.14924985125177348
2020-07-20,321.42999267578125,325.1300048828125,320.6199951171875,324.32000732421875,56308800,313.5574981689453,307.12279846191404,315.37602883343055,63.56973928134636,4.422829173540151,-0.10300454481010723
2020-07-21,326.45001220703125,326.92999267578125,323.94000244140625,325.010009765625,57292200,314.27699890136716,307.7741986083984,316.2935508269729,64.17944392580192,4.651977251879657,0.01746441053618608
2020-07-22,324.6199951171875,327.20001220703125,324.5,326.8599853515625,57792900,315.0174987792969,308.4613983154297,317.29987792455285,65.83062358555193,4.926071636330107,0.008739409553132793
2020-07-23,326.4700012207031,327.2300109863281,321.4800109863281,322.9599914550781,75738000,315.96099853515625,309.18719787597655,317.83893635603147,59.59403088698477,4.773569756207564,0.31050699999480913
2020-07-24,320.95001220703125,321.989990234375,319.25,320.8800048828125,73766600,316.6374984741211,309.9727978515625,318.1285619300106,56.51869318915242,4.433763716087981,-0.02602920594681668
2020-07-27,321.6300048828125,323.4100036621094,320.7699890136719,323.2200012207031,48293000,317.79599914550784,310.7377978515625,318.6134609100766,59.07724515350627,4.303673065272335,-0.3453270179186786
2020-07-28,322.42999267578125,323.6400146484375,320.8500061035156,321.1700134277344,57495000,318.6315002441406,311.43559814453124,318.8569421022345,55.97005272167866,3.989173693652617,0.19054521359203203
2020-07-29,322.1199951171875,325.7300109863281,322.0799865722656,325.1199951171875,48454200,319.46950073242186,312.037998046875,319.4534233417538,60.30255645462705,4.012408637626038,-0.15724497782415858
2020-07-30,321.8999938964844,324.4100036621094,319.6400146484375,323.9599914550781,61861700,320.14150085449216,312.6777978515625,319.88262030492757,58.482577986211744,3.8923512943300693,0.27670459939489245
2020-07-31,325.8999938964844,326.6300048828125,321.3299865722656,326.5199890136719,84986800,320.8559997558594,313.2695977783203,320.51475065814134,61.26127218657606,3.958148322982197,0.37381934217779333
2020-08-03,328.32000732421875,329.6199951171875,327.7300109863281,328.7900085449219,53077900,321.44300079345703,313.9477978515625,321.3028704568823,63.58842331166957,4.145675777291103,-0.3754571298131004
2020-08-04,327.8599853515625,330.05999755859375,327.8599853515625,330.05999755859375,41917900,322.2570007324219,314.64019775390625,322.1368825618072,64.86026418695928,4.346664492985099,-0.2102569996175433
2020-08-05,331.4700012207031,332.3900146484375,331.17999267578125,332.1099853515625,42697700,323.0535003662109,315.30079772949216,323.0867018751172,66.87179719706035,4.618131436139038,0.018603031163297867
2020-08-06,331.4800109863281,334.4599914550781,331.1300048828125,334.3299865722656,43679400,324.0509994506836,315.91679748535154,324.1574908938933,68.94502255292987,4.955285048111875,0.02299187075650444
2020-08-07,333.2799987792969,334.8800048828125,332.29998779296875,334.57000732421875,57308300,324.9,316.5487976074219,325.14915912535287,69.16967286726107,5.1821132080969505,0.31202122739781224
2020-08-10,335.05999755859375,335.7699890136719,332.9599914550781,335.57000732421875,44282100,325.9365005493164,317.1737976074219,326.14162085857816,70.13888258289518,5.380544237052845,-0.2273004084923126
2020-08-11,336.8500061035156,337.5400085449219,332.010009765625,332.79998779296875,69601100,326.6304992675781,317.7187976074219,326.77575104280584,64.12525858809451,5.253723180470672,0.571766018323431
2020-08-12,335.44000244140625,338.2799987792969,335.4100036621094,337.44000244140625,53774400,327.40999908447264,318.3059979248047,327.7913940331487,68.93066946067371,5.464634083246381,-0.2273915211110169
2020-08-13,336.6099853515625,338.25,335.8299865722656,336.8299865722656,41816100,328.21199798583984,318.7989978027344,328.65221237020745,67.64774369333617,5.5189404011791225,-0.2223790502543962
2020-08-14,336.4100036621094,337.4200134277344,335.6199951171875,336.8399963378906,47260400,328.9679977416992,319.30859802246096,329.4320013195106,67.65838067110693,5.499392678285346,0.13019626411836582
2020-08-17,337.94000244140625,338.3399963378906,336.8500061035156,337.9100036621094,35481000,329.6474975585937,319.6799981689453,330.23943011404384,68.83785513930536,5.506763078767392,-0.24924461071002357
2020-08-18,338.3399963378906,339.1000061035156,336.6099853515625,338.6400146484375,38733900,330.32899780273436,319.9887982177734,331.0394857839861,69.65105575728722,5.508016968894651,0.09168005411346924
2020-08-19,339.04998779296875,339.6099853515625,336.6199951171875,337.2300109863281,68054200,330.84749908447264,320.3175982666016,331.62905961278057,66.06499775007822,5.333751012684843,0.7569674109759152
2020-08-20,335.3599853515625,338.79998779296875,335.2200012207031,338.2799987792969,42207800,331.6134994506836,320.7031982421875,332.26248239054405,67.4105939285758,5.22019407876661,-0.3797914015593453
2020-08-21,337.9200134277344,339.7200012207031,337.54998779296875,339.4800109863281,55106600,332.5434997558594,321.4805987548828,332.949866066333,68.9270686839058,5.167463049291655,0.3056022820426556
2020-08-24,342.1199951171875,343.0,339.45001220703125,342.9200134277344,48588700,333.52850036621095,322.25479919433593,333.899403910276,72.83011975332026,5.3416772460341235,-0.1182780284031314
2020-08-25,343.5299987792969,344.2099914550781,342.2699890136719,344.1199951171875,38463400,334.6759994506836,322.99619934082034,334.8727935490295,74.05441463507762,5.513021070605987,-0.2083879585171038
2020-08-26,344.760009765625,347.8599853515625,344.1700134277344,347.57000732421875,50790200,335.79850006103516,323.68839965820314,336.08205200380945,77.23107979969971,5.859653005853033,0.32048128870562675
2020-08-27,348.510009765625,349.8999938964844,346.5299987792969,348.3299865722656,58034100,337.01699981689455,324.42179931640624,337.24852196271,77.8737405159377,6.125079185667403,0.14262397076601396
2020-08-28,349.44000244140625,350.7200012207031,348.1499938964844,350.5799865722656,48588900,338.2199996948242,325.19779907226564,338.5181852588582,79.70053379227926,6.442719877138302,-0.16275258856430963
2020-08-31,350.3500061035156,351.29998779296875,349.05999755859375,349.30999755859375,66099200,339.2459991455078,326.0111987304688,339.54597690645204,75.89181864811091,6.5168526927027415,0.3603765469068039
2020-09-01,350.2099914550781,352.7099914550781,349.239990234375,352.6000061035156,54908700,340.3729995727539,326.8507989501953,340.78921778236287,78.7278463532888,6.763118655002529,-0.16929856942292798
2020-09-02,354.6700134277344,358.75,353.42999267578125,357.70001220703125,69540000,341.65250091552736,327.76379943847655,342.3997696323313,82.21961548529934,7.285827589221526,0.2664659698736265
2020-09-03,355.8699951171875,356.3800048828125,342.5899963378906,345.3900146484375,148011100,342.20550231933595,328.5897998046875,342.6845548719605,57.62988504867644,6.6303338995141985,1.1284311187805578
2020-09-04,346.1300048828125,347.8299865722656,334.8699951171875,342.57000732421875,139156300,342.6055023193359,329.29419982910156,342.67364558169936,53.66996352398142,5.816253257503661,-0.05982524283651702
2020-09-08,336.7099914550781,342.6400146484375,332.8800048828125,333.2099914550781,114465300,342.4875015258789,329.95739990234375,341.77234518868784,43.087218798120425,4.365490767706319,-0.1774335764891708
2020-09-09,337.54998779296875,342.4599914550781,336.6099853515625,339.7900085449219,91462300,342.8370025634766,330.66400024414065,341.5835512226149,50.47962858659036,3.7040059550297997,-0.20096046574813498
2020-09-10,341.82000732421875,342.5299987792969,332.8500061035156,333.8900146484375,90569500,342.6595031738281,331.17460083007813,340.85083345364563,44.85382077411714,2.6728829453211915,-0.009761398958915257
2020-09-11,335.82000732421875,336.9700012207031,331.0,334.05999755859375,84680200,342.52100372314453,331.64540100097656,340.2040871779264,45.04385131829707,1.848122723193569,-0.06502520164072889
2020-09-14,337.489990234375,340.3800048828125,334.2200012207031,338.4599914550781,65605700,342.6020034790039,332.17000061035156,340.0379828233694,49.860242073684994,1.5318784984747822,-0.22525336501330895
2020-09-15,341.1199951171875,342.0199890136719,338.4700012207031,340.1700134277344,52920900,342.71500396728516,332.63240112304686,340.05055716664225,51.63433706335523,1.4030635111323022,-0.19334905351211862
2020-09-16,341.510009765625,343.05999755859375,338.5199890136719,338.82000732421875,82096000,342.72400360107423,333.1332012939453,339.9333619435543,50.126411256150675,1.1784579656561505,0.5512963687314463
2020-09-17,333.55999755859375,337.70001220703125,332.989990234375,335.8399963378906,91523300,342.65450286865234,333.5264013671875,339.54351760015777,46.87235568270021,0.7513335654118123,0.11483263496394458
2020-09-18,335.3699951171875,335.489990234375,327.9700012207031,330.6499938964844,105877900,342.2730026245117,333.85180114746095,338.69651534266507,41.784780311782846,-0.005887553358036257,0.15684093558689427
2020-09-21,325.70001220703125,327.1300048828125,321.7300109863281,326.9700012207031,99450800,341.64750213623046,334.0394012451172,337.57970447390676,38.58665631513853,-0.8926455373185718,-0.06070294178482949
2020-09-22,328.57000732421875,330.8999938964844,325.8599853515625,330.29998779296875,63612100,341.01650085449216,334.3486010742188,336.8863981233412,42.84929916859873,-1.3115863903568652,-0.36036613079030033
2020-09-23,330.8999938964844,331.20001220703125,322.1000061035156,322.6400146484375,93112200,339.9425018310547,334.4230010986328,335.52959969715994,36.562599460786295,-2.2359215387072027,0.4637498211818192
2020-09-24,321.2200012207031,326.79998779296875,319.79998779296875,323.5,76681300,338.73900146484374,334.4560009765625,334.38392353552564,37.668297332408045,-2.8660323358518554,-0.17646344947278658
2020-09-25,322.5799865722656,329.5799865722656,321.6400146484375,328.7300109863281,71069400,337.7590026855469,334.61480102539065,333.8454556736973,44.054629190387665,-2.909838695550377,-0.07318472691516709
2020-09-28,333.2200012207031,334.9599914550781,332.1499938964844,334.19000244140625,64584600,336.9395034790039,334.8642010498047,333.8782696515743,49.83334911137524,-2.4754444886919487,-0.09124602149448291
2020-09-29,333.9700012207031,334.7699890136719,331.6199951171875,332.3699951171875,51304000,336.0925033569336,335.02520080566404,333.7346244578232,48.05162117395346,-2.252082722986245,-0.20563106375204
2020-09-30,333.0899963378906,338.2900085449219,332.8800048828125,334.8900146484375,104081100,335.2070037841797,335.2228009033203,333.8446616188341,50.680987754815504,-1.8503922291514527,1.0287131607671918
2020-10-01,337.69000244140625,338.739990234375,335.010009765625,337.0400085449219,88698700,334.1740036010742,335.4264013671875,334.1489803736996,52.87263330066104,-1.3430808792290918,-0.1477924426240691
2020-10-02,331.70001220703125,337.010009765625,331.19000244140625,333.8399963378906,89431100,333.59650268554685,335.64400146484377,334.1195533226702,49.356998309578266,-1.185580585927994,0.008257167241459085
2020-10-05,336.05999755859375,339.9599914550781,336.010009765625,339.760009765625,45713100,333.4560028076172,336.0216015625,334.65673965057067,55.281066093876426,-0.5764202469591169,-0.4888456029278405
2020-10-06,339.9100036621094,342.1700134277344,334.3800048828125,334.92999267578125,90128900,333.54200286865233,336.25580139160155,334.68276374820977,50.128797170662914,-0.477889490011421,0.9716208264151851
2020-10-07,338.1199951171875,341.6300048828125,338.0899963378906,340.760009765625,56999600,333.5905029296875,336.64760131835936,335.2615490832017,55.517864235669954,0.06982559442246838,-0.36757688155519486
2020-10-08,342.8500061035156,343.8500061035156,341.8599853515625,343.7799987792969,45242500,334.08500213623046,337.02080139160154,336.0728300066393,58.046861830271084,0.7390621705604872,-0.20626635976392815
2020-10-09,345.55999755859375,347.3500061035156,344.8900146484375,346.8500061035156,59528600,334.72450256347656,337.4786016845703,337.09922773015137,60.50509242080426,1.499871329631219,0.31576725424103436
2020-10-12,349.5899963378906,354.0199890136719,349.05999755859375,352.42999267578125,80388500,335.4230026245117,337.9968017578125,338.5593005821161,64.56880003815363,2.5239814648145966,0.35041811834983516
2020-10-13,352.2799987792969,352.4700012207031,349.0899963378906,350.1300048828125,73255500,335.92100219726564,338.4236016845703,339.66127242027767,61.748565142125784,3.1141088241110424,-0.08873159718118884
2020-10-14,350.75,351.92999267578125,347.1400146484375,347.92999267578125,57727900,336.3765014648437,338.78100158691404,340.44876958746846,59.0899209552634,3.365471350359485,-0.2119649719133717
2020-10-15,343.7099914550781,348.0199890136719,343.1300048828125,347.5,60357700,336.9595016479492,339.0888018798828,341.1203153410429,58.55922071070895,3.4897534426529546,0.04555509554305637
2020-10-16,348.9599914550781,350.75,347.1000061035156,347.2900085449219,89501900,337.79150238037107,339.34800231933593,341.70790516998375,58.28391839259338,3.530604727176865,0.48285802805607236
2020-10-19,348.6499938964844,349.3299865722656,341.0400085449219,342.010009765625,68425600,338.5435028076172,339.4968023681641,341.7366770362353,51.702184014403244,3.101179423800943,-0.23548438636498215
2020-10-20,343.4599914550781,346.8800048828125,342.6400146484375,343.3800048828125,60051900,339.1975036621094,339.65300231933594,341.893184450195,53.179579607501815,2.83868138151513,-0.122376712809241
2020-10-21,343.3299865722656,345.6700134277344,342.3999938964844,342.7300109863281,63575000,340.2020034790039,339.85160278320313,341.972882215541,52.36120177856549,2.5488195118393264,0.058667585871554406
2020-10-22,342.9599914550781,345.239990234375,340.6499938964844,344.6099853515625,55399300,341.257502746582,339.99500244140626,342.2240348951621,54.54023319178591,2.4426428452249525,-0.12859929217459698
2020-10-23,345.92999267578125,345.989990234375,343.1300048828125,345.7799987792969,49143900,342.1100021362305,340.1740026855469,342.56269812222257,55.8924285548115,2.42495401695345,-0.11291478412182099
2020-10-26,342.1300048828125,342.9800109863281,335.6199951171875,339.3900146484375,91473000,342.37000274658203,340.2250030517578,342.2605377913859,47.57018052171801,1.8737181209233995,0.8613296868990861
2020-10-27,339.760009765625,340.1199951171875,337.989990234375,338.2200012207031,65994100,342.6625030517578,340.2312030029297,341.8757247846542,46.21333399947719,1.327150827850744,-0.2785401156625452
2020-10-28,332.1000061035156,338.25,326.1300048828125,326.6600036621094,127094300,342.2510025024414,339.9916027832031,340.426608487269,35.45348003376341,-0.038360683679229624,0.9258433708467879
2020-10-29,326.9100036621094,333.3999938964844,325.0899963378906,329.9800109863281,90597700,341.8980026245117,339.84660278320314,339.4316944395603,39.78936979138919,-0.8429248371205063,-0.2871615800236518
2020-10-30,328.2799987792969,329.69000244140625,322.6000061035156,326.5400085449219,120287300,341.53300323486326,339.61180297851564,338.20391483054715,37.01486213369151,-1.7380915357166487,0.3277080985499632
2020-11-02,330.20001220703125,332.3599853515625,327.239990234375,330.20001220703125,86068300,341.0550033569336,339.4262030029297,337.4416383902123,41.67482414877218,-2.127659551192437,-0.28447724739020663
2020-11-03,333.69000244140625,338.25,330.2900085449219,336.0299987792969,93294200,341.11000366210936,339.28840270996096,337.30719652250605,48.24352790370646,-1.9435596709293463,0.08395541680270213
2020-11-04,340.8599853515625,347.94000244140625,339.5899963378906,343.5400085449219,126959700,341.2490036010742,339.2768029785156,337.900797667498,55.23710568427027,-1.1780839467311353,0.3608530862583097
2020-11-05,349.239990234375,352.19000244140625,348.8599853515625,350.239990234375,82039700,341.57200317382814,339.33020263671875,339.0759588643434,60.38062275955375,-0.03045532209830526,-0.3538130603648244
2020-11-06,349.92999267578125,351.510009765625,347.6499938964844,350.1600036621094,74973000,341.7375030517578,339.36680297851564,340.13158217841635,60.29155374328343,0.8626502876993527,-0.0861375651056745
2020-11-09,363.9700012207031,364.3800048828125,354.05999755859375,354.55999755859375,172304200,341.84400329589846,339.4464031982422,341.5057169765285,63.48270465803108,1.903542796659849,1.2982166913422164
2020-11-10,353.489990234375,355.17999267578125,350.510009765625,354.0400085449219,85552000,342.0395034790039,339.54100341796874,342.6994590306612,62.8399766265878,2.6558834701489786,-0.503482793803053
2020-11-11,356.3999938964844,357.55999755859375,355.05999755859375,356.6700134277344,58649000,342.47650451660155,339.6224035644531,344.02998802085864,64.78212344163236,3.4248586497719202,-0.314463717972695
2020-11-12,355.5799865722656,356.7200012207031,351.260009765625,353.2099914550781,67546200,342.76200408935546,339.53260314941406,344.9042740622129,60.315857586731525,3.712289204082026,0.1517025013214206
2020-11-13,355.2699890136719,358.8999938964844,354.7099914550781,358.1000061035156,62892200,343.30250396728513,339.78680297851565,346.1610104470989,64.08451856360142,4.285265431361779,-0.06890098924884003
2020-11-16,360.9800109863281,362.7799987792969,359.5899963378906,362.5700073242187,74541100,344.3305038452148,340.18680297851563,347.7237720544436,67.1550971561546,5.041924790211283,0.18522010678589718
2020-11-17,359.9700012207031,361.9200134277344,358.3399963378906,360.6199951171875,66111000,345.19250335693357,340.7350030517578,348.9519837747049,64.56193637596436,5.421734712507259,-0.11309331362161279
2020-11-18,360.9100036621094,361.5,356.239990234375,356.2799987792969,70591300,345.87000274658203,341.06480285644534,349.6498899656184,59.092765478453046,5.311309904303357,0.06776935759555891
2020-11-19,355.6000061035156,358.17999267578125,354.1499938964844,357.7799987792969,59940900,346.52850341796875,341.5426025390625,350.4241860431116,60.34316717026578,5.283925112641612,-0.15087411621545432
2020-11-20,357.5,357.7200012207031,355.25,355.3299865722656,70417300,347.00600280761716,341.96800231933594,350.89140514112626,57.26427236265194,5.006811551517899,0.1747788238081176
2020-11-23,357.2799987792969,358.82000732421875,354.8699951171875,357.4599914550781,63230600,347.90950164794924,342.34800231933593,351.51698479007405,59.21271910003416,4.902557025032593,-0.10205872704576857
2020-11-24,360.2099914550781,363.80999755859375,359.2900085449219,363.2200012207031,62415900,349.15950164794924,342.80900207519534,352.6315577834673,63.9935661492604,5.224494490998097,-0.01288458436263451
2020-11-25,363.1300048828125,363.1600036621094,361.4800109863281,362.6600036621094,45330900,350.9595016479492,343.28580200195313,353.5866478671475,63.21773603680791,5.372514130701518,-0.2737283288392861
2020-11-27,363.8399963378906,364.1799926757813,362.5799865722656,363.6700134277344,28514100,352.64400177001954,343.84240234375,354.5469683967272,64.0639587446189,5.507829281223337,-0.37097873635864276
2020-11-30,362.8299865722656,363.1199951171875,359.1700134277344,362.05999755859375,83872700,354.4200012207031,344.47060241699216,355.2624949835716,61.62992214285694,5.422643825191017,1.9414465124271851
2020-12-01,365.5700073242187,367.6799926757813,364.9299926757813,366.0199890136719,74231400,356.2110000610352,345.25160217285156,356.28701822453354,65.13833162160766,5.610003326708181,-0.11495158734606137
2020-12-02,364.8200073242187,366.9599914550781,364.2000122070313,366.7900085449219,45927000,357.7490005493164,345.9814025878906,357.28730301695145,65.79330091260908,5.7542893565811255,-0.3812995578690419
2020-12-03,366.6799926757813,368.19000244140625,365.5,366.69000244140625,62882000,358.9065002441406,346.86240234375,358.18279820023287,65.62086640562804,5.793780324929514,0.36917281773248845
2020-12-04,367.3200073242187,369.8500061035156,367.2200012207031,369.8500061035156,50749900,359.88700103759766,347.78940246582033,359.2939608576884,68.43588866426342,6.010774619901497,-0.1929343850386438
2020-12-07,369.0199890136719,369.6199951171875,367.7200012207031,369.0899963378906,48944300,360.83350067138673,348.5966021728516,360.2269166177076,67.01463104270408,6.05165797944619,-0.035578395228365034
2020-12-08,367.7200012207031,370.7799987792969,367.6700134277344,370.1700134277344,42458900,361.61400146484374,349.31620239257813,361.17387821866254,68.03068861218779,6.1008795477442845,-0.13250572589658038
2020-12-09,370.8800048828125,371.0499877929687,365.9500122070313,366.8500061035156,74098300,362.25450134277344,350.0058026123047,361.7144618267438,61.73528571868234,5.805073872567277,0.7451771006785386
2020-12-10,365.3699951171875,367.8599853515625,364.4299926757813,366.7300109863281,57735400,362.75750122070315,350.6426025390625,362.1921331752756,61.51372137061977,5.4975903413843525,-0.22082692855301678
2020-12-11,364.8999938964844,366.739990234375,363.260009765625,366.2999877929687,57698600,363.41200103759763,351.2278021240234,362.58335742457973,60.67333829654764,5.15972999421939,-0.00063739057839729
2020-12-14,368.6400146484375,369.7999877929687,364.4700012207031,364.6600036621094,69216200,363.74000091552733,351.8442022705078,362.7811332567254,57.4498461621575,4.705399307292623,0.1996166284797205
2020-12-15,367.3999938964844,369.5899963378906,365.9200134277344,369.5899963378906,63865300,364.09100036621095,352.4408020019531,363.42959640731254,63.69430479723196,4.689095201275109,-0.07730704661625454
2020-12-16,369.8200073242187,371.1600036621094,368.8699951171875,370.1700134277344,58420500,364.5685012817383,353.1456024169922,364.071540885448,64.35704985964196,4.669153516248571,-0.08525443394143617
2020-12-17,371.94000244140625,372.4599914550781,371.0499877929687,372.239990234375,64119500,365.3665008544922,353.7752020263672,364.8494884424886,66.69376945353086,4.765446317213389,0.09755137323371077
2020-12-18,370.9700012207031,371.1499938964844,367.0199890136719,369.1799926757813,136542300,365.9365005493164,354.2832019042969,365.26191741708794,60.39081548711618,4.5424799450078694,1.1294972668221055
2020-12-21,364.9700012207031,378.4599914550781,362.0299987792969,367.8599853515625,96386700,366.56300048828126,354.7034014892578,365.5093524584665,57.85095787636505,4.210725309068607,-0.2940890844815123
2020-12-22,368.2099914550781,368.3299865722656,366.0299987792969,367.239990234375,47949000,367.05200042724607,354.9996014404297,365.67417510379113,56.645911783109014,3.8533598122001536,-0.5025351007971017
2020-12-23,368.2799987792969,369.6199951171875,367.2200012207031,367.5700073242187,46201400,367.2695007324219,355.3484014892578,365.85473055335564,57.15747697698998,3.555785816838352,-0.03644705833281192
2020-12-24,368.0799865722656,369.0299987792969,367.4500122070313,369.0,26457900,367.5865005493164,355.76980163574217,366.15428002446464,59.39336475340165,3.3961955117956677,-0.42733553528680945
2020-12-28,371.739990234375,372.5899963378906,371.0700073242187,372.1700134277344,39000400,368.0115005493164,356.26320190429686,366.72720701525225,63.892088307611715,3.485335853797551,0.4740550081450152
2020-12-29,373.80999755859375,374.0,370.8299865722656,371.4599914550781,53680500,368.48150024414065,356.7466015625,367.1779483904738,62.229129847592496,3.4588162965352467,0.3764089599081035
2020-12-30,372.3399963378906,373.1000061035156,371.5700073242187,371.989990234375,49455300,368.7800003051758,357.346201171875,367.6362380898929,63.003210338324465,3.440901260600924,-0.07871014614245397
2020-12-31,371.7799987792969,374.6600036621094,371.2300109863281,373.8800048828125,78520700,369.13450012207034,357.956201171875,368.23088254636144,65.70259846954517,3.538423113113481,0.5877105183873115
2021-01-04,375.30999755859375,375.4500122070313,364.8200073242187,368.7900085449219,110210800,369.23950042724607,358.4774011230469,368.28413264146246,54.22746862553945,3.168465618889968,0.4035891172646193
2021-01-05,368.1000061035156,372.5,368.0499877929687,371.3299865722656,66426200,369.3134994506836,359.0118011474609,368.57421396820564,58.15496812843057,3.0451243407663355,-0.3972804843082529
2021-01-06,369.7099914550781,376.9800109863281,369.1199951171875,373.5499877929687,107997700,369.5364990234375,359.56720092773435,369.04809718961167,61.281998350703965,3.090881279035898,0.6258298683350847
2021-01-07,376.1000061035156,379.8999938964844,375.9100036621094,379.1000061035156,68766800,369.9829986572266,360.36140075683596,370.0054218480787,67.76705841512671,3.5342435172219666,-0.36325681009873356
2021-01-08,380.5899963378906,381.489990234375,377.1000061035156,381.260009765625,71677200,370.70349884033203,361.2222009277344,371.0772873640355,69.88142480596804,4.013638799191597,0.04232274876830089
2021-01-11,377.8500061035156,380.5799865722656,377.7200012207031,378.69000244140625,51034700,371.30149841308594,362.26280090332034,371.8023078475946,64.46320342087913,4.138479090549879,-0.28799255551277114
2021-01-12,378.8900146484375,379.8599853515625,376.3599853515625,378.7699890136719,52547700,371.9249984741211,363.2386004638672,372.46589653007817,64.55531485119323,4.195506975976571,0.029646495423701902
2021-01-13,378.69000244140625,380.8599853515625,377.8500061035156,379.7900085449219,45303600,372.6814987182617,364.3036004638672,373.16343100768233,65.77366394629594,4.273743977296874,-0.13785760366295763
2021-01-14,380.5899963378906,381.1300048828125,378.1000061035156,378.4599914550781,49989100,373.12499847412107,365.2688000488281,373.6678653360057,62.74511924484406,4.180238908744968,0.10342445191993566
2021-01-15,376.7200012207031,377.5799865722656,373.7000122070313,375.7000122070313,107160000,373.40149841308596,366.0622003173828,373.86140313324626,56.891033794169275,3.8391726169157323,1.1436673194756457
2021-01-19,378.3399963378906,379.2300109863281,376.75,378.6499938964844,51233300,373.7219985961914,366.76440002441404,374.3174593964118,61.07167600876391,3.763530356471165,-0.5218990294886152
2021-01-20,381.1099853515625,384.7900085449219,380.69000244140625,383.8900146484375,61836100,374.4574996948242,367.4374005126953,375.2291313251761,67.16330213155902,4.079384595806118,0.2069513382897452
2021-01-21,384.489990234375,384.9500122070313,383.25,384.239990234375,47840100,375.27649993896483,368.11900024414064,376.0873083641475,67.5287754087671,4.308278310450362,-0.22634027695795822
2021-01-22,382.25,384.1300048828125,381.8399963378906,382.8800048828125,52860500,376.0585006713867,368.685400390625,376.73423184211555,64.52342756755311,4.33002494418713,0.10494125221310147
2021-01-25,383.6700134277344,384.7699890136719,378.4599914550781,384.3900146484375,70402000,376.89950103759764,369.29240051269534,377.4633540141462,66.3159334759078,4.4181745109631265,0.33184513956546
2021-01-26,385.4100036621094,385.8500061035156,383.5400085449219,383.7900085449219,42665300,377.6390014648438,369.83480041503907,378.06589254088675,64.91244925694227,4.389024260026133,-0.39397602340842586
2021-01-27,380.2200012207031,380.3200073242187,372.010009765625,374.4100036621094,123351100,377.7510009765625,370.2588006591797,377.7177126476699,47.85977840232266,3.5679058760758835,1.8911340128863503
2021-01-28,376.3599853515625,381.9299926757813,375.8900146484375,377.6300048828125,94198100,378.0595016479492,370.64940063476564,377.70935952720725,52.4753064436961,3.1407858051045423,-0.23634162970577477
2021-01-29,375.6300048828125,376.6700134277344,368.2699890136719,370.0700073242187,126765100,377.96350250244143,370.7994006347656,376.98180217454166,42.878289244878886,2.1672784137137455,0.34572884166453455
2021-02-01,373.7200012207031,377.3399963378906,370.3800048828125,376.2300109863281,75817600,378.0810028076172,371.1116009521484,376.9102030137594,50.777582357483475,1.8712569215534813,-0.40190478294104603
2021-02-02,379.6499938964844,383.2200012207031,376.3200073242187,381.5499877929687,64450700,378.71900177001953,371.6170007324219,377.35208727844605,56.38698467211413,2.0423920000596354,-0.14992429198497448
2021-02-03,382.44000244140625,383.7000122070313,380.4800109863281,381.8500061035156,52427100,379.24500274658203,372.09840087890626,377.78046049988126,56.68676078091567,2.1771301518666064,-0.18655499474792359
2021-02-04,382.9599914550781,386.239990234375,381.9700012207031,386.19000244140625,47142600,379.8770034790039,372.7156011962891,378.581369256217,60.87613312750306,2.604094164973162,-0.10079710683978327
2021-02-05,388.2000122070313,388.4700012207031,386.1400146484375,387.7099914550781,48669800,380.30750274658203,373.3206011962891,379.4507618465847,62.253166887882436,3.0301865277288016,0.0323953282169418
2021-02-08,389.2699890136719,390.55999755859375,388.3500061035156,390.510009765625,38365200,380.770002746582,373.8664013671875,380.50402355316,64.71679923217232,3.552850819301966,-0.21172472457252756
2021-02-09,389.6099853515625,390.8900146484375,389.1700134277344,390.25,35551100,381.3480026245117,374.4182012939453,381.43221178619234,64.29713642695316,3.9011157864470647,-0.07335032790132723
2021-02-10,392.1199951171875,392.2799987792969,387.5,390.0799865722656,59154400,381.9135025024414,374.94640075683594,382.255809384866,64.00487282283153,4.115953469759177,0.6639260107282194
2021-02-11,391.239990234375,391.69000244140625,388.1000061035156,390.7099914550781,42913300,382.4595016479492,375.51940063476565,383.06096958202903,64.64617815170973,4.287624939133934,-0.27455438648688857
2021-02-12,389.8500061035156,392.8999938964844,389.7699890136719,392.6400146484375,50593300,383.1685028076172,376.05180114746094,383.97325958835364,66.60888464046062,4.5272255195772,0.1789654955456701
2021-02-16,393.9599914550781,394.1700134277344,391.5299987792969,392.2999877929687,50972400,383.9985015869141,376.5620007324219,384.7662813221265,65.91460248841398,4.636229809008739,0.007493087029310175
2021-02-17,390.4200134277344,392.6600036621094,389.3299865722656,392.3900146484375,52290600,384.68550262451174,377.0760009765625,385.4923511627275,66.01560378363584,4.675979131831355,0.025861054217576562
2021-02-18,389.5899963378906,391.5199890136719,387.739990234375,390.7200012207031,59712800,385.027001953125,377.49340087890624,385.99022259682044,62.32615504115894,4.520613807820951,0.14194138143375667
2021-02-19,392.0700073242187,392.3800048828125,389.5499877929687,390.0299987792969,83241000,385.3165023803711,377.9122009277344,386.37496318562773,60.8138726703546,4.292328942597237,0.39402272209643496
2021-02-22,387.05999755859375,389.6199951171875,386.739990234375,387.0299987792969,67414200,385.5240020751953,378.2494006347656,386.43734752788197,54.609651522999805,3.8252416100988853,-0.19013226655133886
2021-02-23,384.6600036621094,388.9500122070313,380.2000122070313,387.5,107284100,385.67950134277345,378.6624005126953,386.5385525252265,55.37771798252552,3.4531904742078723,0.5914169418312463
2021-02-24,386.3299865722656,392.2300109863281,385.2699890136719,391.7699890136719,72433900,386.07850036621096,379.1632000732422,387.0367845717451,61.715918451038185,3.462970725250443,-0.3248403071843824
2021-02-25,390.4100036621094,391.8800048828125,380.7799987792969,382.3299865722656,146670500,386.47449951171876,379.48380004882813,386.5885180956042,46.119394305767464,2.6781206334451326,1.0248875181372257
2021-02-26,384.3500061035156,385.5799865722656,378.2300109863281,380.3599853515625,152701600,386.6109985351562,379.7977996826172,385.9953245009335,43.64081645497163,1.8755386050692664,0.04112006163475268
2021-03-01,385.5899963378906,390.9200134277344,380.5700073242187,389.5799865722656,105348800,387.5864974975586,380.1975994873047,386.33672088867945,55.653226833569626,1.9608600351434688,-0.3101002216086799
2021-03-02,389.8200073242187,390.0700073242187,386.0,386.5400085449219,79595300,388.1019973754883,380.5249993896484,386.3560816178454,51.73764526350689,1.7628559564089983,-0.2444593578664399
2021-03-03,385.7900085449219,386.8299865722656,381.30999755859375,381.4200134277344,119940200,388.0954986572266,380.70859985351564,385.8859798854539,45.8825106396912,1.1792023702014376,0.5068754059598997
2021-03-04,381.2200012207031,384.0,371.8800048828125,376.7000122070313,183433000,387.83799896240237,380.85900024414065,385.0111258208422,41.248129645339475,0.33196140191773793,0.5293704696173593
2021-03-05,380.4599914550781,384.760009765625,372.6400146484375,383.6300048828125,152039600,387.70999908447266,381.1744006347656,384.87959049341083,49.33897468821839,0.21720551313200076,-0.17114368734088192
2021-03-08,384.6600036621094,387.6799926757813,381.4200134277344,381.7200012207031,123149200,387.4104995727539,381.4640008544922,384.57867722934344,47.40143852936861,-0.027543187744583975,-0.1900189161244834
2021-03-09,385.8500061035156,389.9100036621094,385.30999755859375,387.1700134277344,113633600,387.2434997558594,381.8560009765625,384.82547115299974,53.06517290064145,0.21577482310095775,-0.0772688738538293
2021-03-10,389.69000244140625,391.3999938964844,388.1700134277344,389.5799865722656,109899400,387.20999908447266,382.2676007080078,385.27828214531075,55.354491292574274,0.5961981898730073,-0.03286175919798373
2021-03-11,392.2300109863281,395.6499938964844,391.739990234375,393.5299987792969,86245000,387.3824996948242,382.6948004150391,386.0641599199761,58.893580750057446,1.202557092721122,-0.21523684387721864
2021-03-12,392.0700073242187,394.2099914550781,391.2000122070313,394.05999755859375,64653600,387.55,383.14680053710936,386.8256682665111,59.35910058498225,1.706199359765776,-0.2503495854832164
2021-03-15,394.3299865722656,396.69000244140625,392.0299987792969,396.4100036621094,73427200,387.7384994506836,383.63520080566406,387.73846211371097,61.44406472430333,2.2688118865368665,0.13570164693071995
2021-03-16,397.0700073242187,397.8299865722656,395.0799865722656,395.9100036621094,73722500,387.91900024414065,384.07580078125,388.51670416593936,60.730184133539794,2.643863730741714,0.004021670443650205
2021-03-17,394.5299987792969,398.1199951171875,393.2999877929687,397.260009765625,97959300,388.1625,384.64520080566405,389.349399937338,62.01347645872808,3.015271061601595,0.328757163688155
2021-03-18,394.4800109863281,396.7200012207031,390.75,391.4800109863281,115349100,388.20050048828125,385.04820129394534,389.55231527533704,53.893092978216394,2.8108151240510324,0.1775206641942113
2021-03-19,389.8800048828125,391.5700073242187,387.1499938964844,389.4800109863281,113624500,388.1730010986328,385.3668017578125,389.5454291525743,51.38571505765135,2.459052607462411,-0.014951135292776474
2021-03-22,390.0299987792969,394.0700073242187,389.9700012207031,392.5899963378906,73778600,388.4510009765625,385.6366015625,389.83538793212824,54.899544276016236,2.4035218021974742,-0.35068053104744135
2021-03-23,391.9100036621094,393.4599914550781,388.6600036621094,389.5,90686600,388.5510009765625,385.8014013671875,389.8034462243065,50.95844631068368,2.086128764825446,0.2291721447682662
2021-03-24,391.0,392.75,387.4700012207031,387.5199890136719,97588600,388.3385009765625,385.97800109863283,389.58597410900796,48.5531941384005,1.655735864672181,0.07610826737357002
2021-03-25,385.9800109863281,390.5499877929687,383.8999938964844,389.7000122070313,116128600,388.7070022583008,386.1966015625,389.59683488024825,51.27985549154901,1.4735696493252703,0.1899812068212885
2021-03-26,390.9299926757813,396.4100036621094,390.2900085449219,395.9800109863281,114409100,389.4880035400391,386.5204016113281,390.2047564141606,58.15932019954182,1.8150225781075733,-0.014806860669981381
2021-03-29,394.3999938964844,396.75,392.80999755859375,395.7799987792969,108107600,389.7980041503906,386.8668017578125,390.7357318775069,57.87900364159736,2.0459032712865906,-0.055078660700940696
2021-03-30,394.4200134277344,395.4500122070313,393.0199890136719,394.7300109863281,76262200,390.20750427246094,387.2474017333984,391.11613941168036,56.343724280701835,2.1197178562893555,-0.29457133448527206
2021-03-31,395.3399963378906,398.0,395.30999755859375,396.3299865722656,112734200,390.9530029296875,387.60100158691404,391.6126962841171,58.164775890838904,2.2810268473344877,0.47824479230864037
2021-04-01,398.3999938964844,400.6700134277344,398.1799926757813,400.6099853515625,99682900,392.14850158691405,387.9354010009766,392.46958095720714,62.652739199726035,2.7228383315749625,-0.11577054700348255
2021-04-05,403.4599914550781,406.94000244140625,403.3800048828125,406.3599853515625,91684800,393.2850006103516,388.3778009033203,393.7924766138124,67.67055115185069,3.496646892372212,-0.08023542653755056
2021-04-06,405.760009765625,407.239990234375,405.3999938964844,406.1199951171875,62021000,394.50500030517577,388.8426007080078,394.9665259950862,67.2643408563142,4.043914812848641,-0.3235410885992007
2021-04-07,405.94000244140625,406.9599914550781,405.4500122070313,406.5899963378906,55836300,395.4759994506836,389.2866003417969,396.0735231705914,67.67360024526798,4.464094451194285,-0.0997194498637558
2021-04-08,407.9299926757813,408.5799865722656,406.9299926757813,408.5199890136719,57863100,396.4229995727539,389.78119995117186,397.2589008699324,69.36718090677428,4.896381681001003,0.036298966801167065
2021-04-09,408.3900146484375,411.6700134277344,408.260009765625,411.489990234375,61104600,397.3209991455078,390.5227996826172,398.614242714165,71.81434104463808,5.416192209925555,0.05602015792448034
2021-04-12,410.8500061035156,411.9299926757813,410.2000122070313,411.6400146484375,56704900,398.2,391.2029998779297,399.854792422191,71.9362990638233,5.773695942712777,-0.07200276247614745
2021-04-13,411.5299987792969,413.5299987792969,411.1199951171875,412.8599853515625,56551000,399.02249908447266,392.05879943847657,401.09338222498826,72.96088135747223,6.0853139553427695,-0.002714051166654019
2021-04-14,412.8299865722656,413.9599914550781,410.8699951171875,411.4500122070313,61659900,399.79949951171875,392.7631994628906,402.0797279375638,69.78957233973861,6.147634324587784,0.09034146168944845
2021-04-15,413.739990234375,416.1600036621094,413.69000244140625,415.8699951171875,60229800,400.72999877929686,393.449599609375,403.39308671657557,73.65533823835098,6.478993543187187,-0.023193355811475524
2021-04-16,417.25,417.9100036621094,415.7300109863281,417.260009765625,82037300,402.01899871826174,394.15779968261717,404.71374605458027,74.74962218584366,6.775655141758023,0.36207159910874687
2021-04-19,416.260009765625,416.739990234375,413.7900085449219,415.2099914550781,78498500,403.30549774169924,394.73819946289063,405.7133884736753,70.12343071864838,6.767332652711389,-0.043136475725066514
2021-04-20,413.9100036621094,415.0899963378906,410.5899963378906,412.1700134277344,81851800,404.2844985961914,395.22739990234373,406.3283051359667,63.81614433807109,6.441186214351546,0.042718013720007386
2021-04-21,411.510009765625,416.2900085449219,411.3599853515625,416.0700073242187,66793000,405.61299896240234,395.7385998535156,407.2560862967526,67.81561713487025,6.423365170748127,-0.18397640613889976
2021-04-22,415.8900146484375,416.7799987792969,411.1300048828125,412.2699890136719,97582800,406.85049896240236,396.1789996337891,407.7336008412211,60.76760751436334,6.033066708157662,0.46097345530220224
2021-04-23,412.8699951171875,418.25,412.7900085449219,416.739990234375,73209200,408.2024978637695,396.71219970703123,408.5913522119977,65.33189981052661,6.01510571139039,-0.24977352566230937
2021-04-26,417.44000244140625,418.2200012207031,416.80999755859375,417.6099853515625,52182400,409.28399658203125,397.2501995849609,409.45026965386097,66.15715706493908,6.001886812030534,-0.28721526802642294
2021-04-27,417.9299926757813,418.1400146484375,416.2999877929687,417.5199890136719,51303100,410.37099609375,397.74779907226565,410.21881435479537,65.98218098598653,5.915953358944989,-0.01685050898387197
2021-04-28,417.80999755859375,419.010009765625,416.8999938964844,417.3999938964844,51238900,411.50449523925784,398.24979919433594,410.9027362159086,65.73254584602329,5.771636047504671,-0.0012513863684651128
2021-04-29,420.3200073242187,420.7200012207031,416.44000244140625,420.05999755859375,78544300,412.69099578857424,398.8031988525391,411.77485634378337,68.57118628112505,5.804987323011687,0.532903711828318
2021-04-30,417.6300048828125,418.5400085449219,416.3399963378906,417.2999877929687,85527000,413.5254959106445,399.33479858398437,412.3010593389439,62.761717384699985,5.5447918188375525,0.08890142250933541
2021-05-03,419.4299926757813,419.8399963378906,417.6700134277344,418.2000122070313,68128300,414.117497253418,399.89819885253905,412.86286437399986,63.837637238225504,5.349543250947249,-0.20342932641154254
2021-05-04,416.0700073242187,416.6000061035156,411.6700134277344,415.6199951171875,101591200,414.59249725341795,400.4699987792969,413.1254482543034,58.60989465650316,4.9297939412913365,0.4911747394254664
2021-05-05,417.3800048828125,417.6300048828125,415.1499938964844,415.75,60162200,415.0504974365234,401.03499877929687,413.37540556341736,58.79301222943153,4.555121293992727,-0.40780106938396243
2021-05-06,415.8299865722656,419.2099914550781,413.6799926757813,419.0700073242187,74321400,415.57799835205077,401.5809991455078,413.91774858825556,63.262953258319854,4.474508023038425,0.23535043598804561
2021-05-07,419.8900146484375,422.8200073242187,419.1600036621094,422.1199951171875,67733800,416.10949859619143,402.3767993164063,414.6989149243443,66.82341518047701,4.603661802521458,-0.08863665108568997
2021-05-10,422.5,422.739990234375,417.80999755859375,417.94000244140625,81852400,416.4244979858398,403.12839965820314,415.0075899259693,58.46102153208971,4.318940569546726,0.2084424615184739
2021-05-11,413.1000061035156,415.2699890136719,410.05999755859375,414.2099914550781,116888000,416.49199829101565,403.6209997558594,414.9316281668368,52.18522604598322,3.749098948568303,0.42803387561024486
2021-05-12,411.2300109863281,412.5899963378906,404.0,405.4100036621094,134811000,416.1899978637695,403.99839965820314,414.0248067854342,41.002061450887176,2.557923735558404,0.15333481623434397
2021-05-13,407.0700073242187,412.3500061035156,407.0199890136719,410.2799987792969,106394000,415.910498046875,404.5755993652344,413.6681584038973,47.68373179570001,1.9840063132259047,-0.2107914042622635
2021-05-14,413.2099914550781,417.489990234375,413.1799926757813,416.5799865722656,82201600,415.87649688720705,405.3731988525391,413.9454753723133,54.813179067625185,2.0143092813421504,-0.22738500291369812
2021-05-17,415.3900146484375,416.3900146484375,413.3599853515625,415.5199890136719,65129200,415.8919967651367,406.01099853515626,414.0954290524427,53.49230843544381,1.9305376217010348,-0.2076893880411087
2021-05-18,415.7999877929687,416.05999755859375,411.7699890136719,411.94000244140625,59810200,415.8804962158203,406.61539855957034,413.8901503275821,49.18168657431892,1.5573211518675976,-0.08166843750575781
2021-05-19,406.9200134277344,411.0499877929687,405.3299865722656,410.8599853515625,106467100,415.6199951171875,407.08919799804687,413.6015631870088,47.926922591648,1.1610126267185592,0.7800826614858336
2021-05-20,411.7999877929687,416.6300048828125,411.6700134277344,415.2799987792969,78022200,415.77049560546874,407.6031982421875,413.7614141957982,53.19038297601809,1.1898772451052082,-0.26717079736369265
2021-05-21,416.8699951171875,418.2000122070313,414.4500122070313,414.94000244140625,76578700,415.6804962158203,408.03139831542967,413.8736606953799,52.74870549803835,1.1718099049768966,-0.01850114454603946
2021-05-24,417.3399963378906,420.3200073242187,417.0799865722656,419.1700134277344,51376700,415.7584976196289,408.5335986328125,414.3780752413184,57.47938585937225,1.4817373963216482,-0.3290993448569902
2021-05-25,420.3299865722656,420.7099914550781,417.6199951171875,418.239990234375,57451400,415.79449768066405,408.97019836425784,414.74587666922855,56.14836765211104,1.633482299798743,0.11823842325412093
2021-05-26,418.8699951171875,419.6099853515625,417.760009765625,419.0700073242187,43088600,415.8779983520508,409.4333984375,415.15769863637047,57.103087283446115,1.7999677635384046,-0.24999912969918925
2021-05-27,420.1700134277344,420.7200012207031,418.989990234375,419.2900085449219,56707700,415.83949890136716,409.8739984130859,415.5512519609944,57.368027723144984,1.9274425944612972,0.3160720004827262
2021-05-28,420.9700012207031,421.25,419.7900085449219,420.0400085449219,58520200,415.9764999389648,410.4451983642578,415.97875258803515,58.31326524027524,2.0651799395494663,0.03196214976096723
2021-06-01,422.5700073242187,422.7200012207031,419.2000122070313,419.6700134277344,54216600,416.05,411.04899841308594,416.3303012394351,57.63436424470853,2.1200437197767883,-0.07354041852215132
2021-06-02,420.3699951171875,421.2300109863281,419.2900085449219,420.3299865722656,49097100,416.2854995727539,411.60379821777343,416.7112236520856,58.56111323038843,2.191515550917188,-0.0944267991722092
2021-06-03,417.8500061035156,419.989990234375,416.2799987792969,418.7699890136719,58138800,416.4364990234375,412.1891979980469,416.90729654366527,55.47219723086617,2.098093213935215,0.18415955321190047
2021-06-04,420.75,422.9200134277344,418.8399963378906,422.6000061035156,55938800,416.61299896240234,412.89079833984374,417.4494593588891,60.92210786106596,2.306517609917705,-0.037840478303645786
2021-06-07,422.5899963378906,422.7799987792969,421.19000244140625,422.19000244140625,51555000,416.61649932861326,413.54059814453126,417.90093965246217,60.074451862959656,2.4108211310471575,-0.07836778765365005
2021-06-08,423.1099853515625,423.2099914550781,420.3200073242187,422.2799987792969,47134300,416.8334991455078,414.0665979003906,418.3179929026369,60.20533730117468,2.4722458639455454,-0.0857472602075453
2021-06-09,423.1799926757813,423.260009765625,421.4100036621094,421.6499938964844,48436300,417.20549926757815,414.58399780273436,418.6353263306224,58.75330425151558,2.4419401128701566,0.027623195846761206
2021-06-10,422.9599914550781,424.6300048828125,421.5499877929687,423.6099853515625,51020100,418.1154983520508,415.1615972900391,419.1091033802357,61.8370488704268,2.5467205081549764,0.05334428930368329
2021-06-11,424.2000122070313,424.4299926757813,422.8200073242187,424.30999755859375,45570800,418.81699829101564,415.7211975097656,419.6044266353174,62.90378011905467,2.6556323841309677,-0.10680692511382772
2021-06-14,424.4299926757813,425.3699951171875,423.1000061035156,425.260009765625,42358500,419.2509994506836,416.21419799804687,420.1430536001086,64.35978115503991,2.7864830341416678,-0.07049031397298267
2021-06-15,425.4200134277344,425.4599914550781,423.5400085449219,424.4800109863281,51508500,419.6990005493164,416.5765985107422,420.5560971607009,62.20114317441441,2.795024432421087,0.2160133149190835
2021-06-16,424.6300048828125,424.8699951171875,419.9200134277344,422.1099853515625,80386100,420.2074996948242,416.8963983154297,420.7040865122115,56.04963190426816,2.5808024068476243,0.5606375646737918
2021-06-17,421.6700134277344,423.0199890136719,419.3200073242187,421.9700012207031,90949700,420.76300048828125,417.2039984130859,420.82464981778213,55.699248732194185,2.3723869586306705,0.1314107787291583
2021-06-18,417.0899963378906,417.8299865722656,414.7000122070313,414.9200134277344,118676300,420.7450012207031,417.3319989013672,420.26230349492045,41.59606978133542,1.619670564621174,0.30485642063690155
2021-06-21,416.7999877929687,421.05999755859375,415.9299926757813,420.8599853515625,72822000,421.04100036621094,417.51939880371094,420.3192255765054,52.50733127502486,1.4853216280288848,-0.3863812741044337
2021-06-22,420.8500061035156,424.0,420.0799865722656,423.1099853515625,57700300,421.23799896240234,417.7487982177734,420.5850122217489,55.87047158389368,1.5426229269605187,-0.20765290708851725
2021-06-23,423.19000244140625,424.0499877929687,422.510009765625,422.6000061035156,49445400,421.45599975585935,417.9435986328125,420.7769164009648,54.92115139939935,1.5292552533224466,-0.14306511404620081
2021-06-24,424.8900146484375,425.5499877929687,424.6199951171875,425.1000061035156,45110300,421.7574996948242,418.2165985107422,421.18863922977914,58.63195181269603,1.7007847938816099,-0.08767448539196776
2021-06-25,425.8999938964844,427.0899963378906,425.5499877929687,426.6099853515625,58129500,422.1234985351563,418.4313983154297,421.7049579080442,60.734387920453656,1.936246057196513,0.28860814492477327
2021-06-28,427.1700134277344,427.6499938964844,425.8900146484375,427.4700012207031,53159600,422.4949981689453,418.63559814453123,422.25400965210696,61.92141001856051,2.1672640273354205,-0.0854970367885497
2021-06-29,427.8800048828125,428.55999755859375,427.1300048828125,427.7000122070313,35970500,422.89649810791013,418.8853985595703,422.7726765620998,62.25010192804822,2.341911301683126,-0.32334893415300336
2021-06-30,427.2099914550781,428.7799987792969,427.1799926757813,428.05999755859375,64827900,423.2829986572266,419.2031982421875,423.27623094271826,62.791444151348664,2.4807715440837796,0.8022518452620897
2021-07-01,428.8699951171875,430.6000061035156,428.7999877929687,430.4299926757813,53441000,423.86599884033205,419.49039794921873,423.9575415839624,66.22539233398678,2.750353720052715,-0.1756481391499648
2021-07-02,431.6700134277344,434.1000061035156,430.5199890136719,433.7200012207031,57697700,424.42199859619143,419.91939819335937,424.88729964460435,70.32030475977382,3.192672588340656,0.07965232686514101
2021-07-06,433.7799987792969,434.010009765625,430.010009765625,432.9299926757813,68710400,424.95899810791013,420.2431982421875,425.65327040947835,68.18260197795031,3.439814352352073,0.19086896011452792
2021-07-07,433.6600036621094,434.760009765625,431.510009765625,434.4599914550781,63549500,425.56799774169923,420.5801983642578,426.4920057471545,70.0796454888123,3.7162949606541815,-0.07511090024217582
2021-07-08,428.7799987792969,431.7300109863281,427.5199890136719,430.9200134277344,97595200,426.03149871826173,420.84819885253904,426.9137207643526,61.01513468541523,3.6081684725483,0.5357351356029552
2021-07-09,432.5299987792969,435.8399963378906,430.7099914550781,435.5199890136719,76238600,426.6269989013672,421.2105987548828,427.73336535952586,66.99011093402108,3.8492848779242195,-0.2188283850025411
2021-07-12,435.4299926757813,437.3500061035156,434.9700012207031,437.0799865722656,52889600,427.26549835205077,421.5509985351562,428.62351976073916,68.73989193038447,4.118771497888019,-0.3062621821492
2021-07-13,436.239990234375,437.8399963378906,435.30999755859375,435.5899963378906,52911300,427.78199768066406,421.9167987060547,429.2869937204679,65.18573667321125,4.164110551836757,0.0004102886011616569
2021-07-14,437.3999938964844,437.9200134277344,434.9100036621094,436.239990234375,64130400,428.36999664306643,422.27759826660156,429.9491838646495,66.01134129702493,4.2040297163100036,0.21203599231166126
2021-07-15,434.80999755859375,435.5299987792969,432.7200012207031,434.75,55126400,429.00199737548826,422.66019836425784,430.4064044489686,62.360576494220155,4.0685366245789965,-0.14040143208213263
2021-07-16,436.010009765625,436.05999755859375,430.9200134277344,431.3399963378906,75874700,429.47049713134766,422.9719982910156,430.4953179621993,54.879993350280586,3.6439928944838016,0.3763768357810413
2021-07-19,426.19000244140625,431.4100036621094,421.9700012207031,424.9700012207031,147987000,429.9729965209961,423.0899981689453,429.96909732015206,44.21097696099964,2.7616984197391616,0.9504129835109727
2021-07-20,425.6799926757813,432.4200134277344,424.8299865722656,431.05999755859375,99608200,430.48299713134764,423.26879821777345,430.07299258095605,53.51526786364794,2.524781391896397,-0.3269124990708643
2021-07-21,432.3399963378906,434.7000122070313,431.010009765625,434.5499877929687,64724400,431.054997253418,423.6009979248047,430.4993730773382,57.85327462981971,2.5887939797544277,-0.3502101232629442
2021-07-22,434.739990234375,435.7200012207031,433.69000244140625,435.4599914550781,47878500,431.69799652099607,424.0259979248047,430.9718129228372,58.92952479692222,2.682037251210261,-0.2602712423753638
2021-07-23,437.5199890136719,440.2999877929687,436.7900085449219,439.94000244140625,63766600,432.43999633789065,424.71659790039064,431.82592621032,63.82682419903043,3.081906363069834,0.33184205854402293
2021-07-26,439.30999755859375,441.0299987792969,439.260009765625,441.0199890136719,43719200,433.1604965209961,425.33139770507813,432.70155123921063,64.91299272774,3.4462254637323326,-0.31438715565829134
2021-07-27,439.9100036621094,439.94000244140625,435.989990234375,439.010009765625,67397100,433.7374969482422,425.7799981689453,433.30235681315486,61.22814473260696,3.532047206985794,0.5415904225145931
2021-07-28,439.6799926757813,440.2999877929687,437.30999755859375,438.8299865722656,52472400,434.2939956665039,426.2461981201172,433.82879774259396,60.894726610442675,3.544674389756949,-0.22144424611741453
2021-07-29,439.8200073242187,441.7999877929687,439.80999755859375,440.6499938964844,47435300,434.9234954833984,426.8203979492188,434.47843547153593,63.0834389986669,3.659358101384214,-0.09599522796746485
2021-07-30,437.9100036621094,440.05999755859375,437.7699890136719,438.510009765625,68951200,435.32749633789064,427.3733984375,434.86239492811586,58.908470374250236,3.5367969407799364,0.4535841451408551
2021-08-02,440.3399963378906,440.9299926757813,437.2099914550781,437.5899963378906,58783300,435.52099609375,427.81959838867186,435.12216649095154,57.15710650159042,3.327076476660693,-0.14746516376799823
2021-08-03,438.44000244140625,441.2799987792969,436.1000061035156,441.1499938964844,58053900,435.93199615478517,428.34379821777344,435.6962452914785,61.879841296140306,3.4088385795130307,-0.012408286026813764
2021-08-04,439.7799987792969,441.1199951171875,438.7300109863281,438.9800109863281,46732200,436.15799713134766,428.7399981689453,436.00898488146413,57.70428695691951,3.2609459939915837,-0.19502048957951146
2021-08-05,440.2200012207031,441.8500061035156,439.8800048828125,441.760009765625,38969700,436.6999969482422,429.2103985595703,436.5567015370985,61.30654966094681,3.3296802413590285,-0.1661060253957657
2021-08-06,442.1000061035156,442.94000244140625,441.7999877929687,442.489990234375,46930000,437.04849700927736,429.6787982177734,437.12177665112483,62.21653036987417,3.403818845876401,0.20426895767737507
2021-08-09,442.4599914550781,442.7999877929687,441.30999755859375,442.1300048828125,41222600,437.3009979248047,430.13559814453123,437.59875076842843,61.44904843527164,3.3943979085972273,-0.12161517153206902
2021-08-10,442.6099853515625,443.44000244140625,441.8800048828125,442.6799926757813,43339300,437.6554977416992,430.5883978271484,438.0826785691287,62.215922588735125,3.392207905226769,0.051348046945122405
2021-08-11,443.8200073242187,443.8800048828125,442.6199951171875,443.7799987792969,44034300,438.0324981689453,431.0705975341797,438.6252804939066,63.76832441596709,3.4395842253141495,0.01603625346971449
2021-08-12,443.6199951171875,445.260009765625,442.6600036621094,445.1099853515625,38909400,438.5504974365234,431.56619750976563,439.24287143273096,65.60819444271254,3.5436006787221572,-0.11638427316887068
2021-08-13,445.5899963378906,445.94000244140625,445.0700073242187,445.9200134277344,39470300,439.2794982910156,432.10919799804685,439.87878971796937,66.71676108708144,3.6493297616427185,0.014415539689637935
2021-08-16,444.5299987792969,447.1099853515625,442.8699951171875,446.9700012207031,73740000,440.37949829101564,432.59659790039063,440.5541431944202,68.14989432717707,3.774337844148988,0.8682401704572806
2021-08-17,444.239990234375,444.9599914550781,440.8500061035156,444.0400085449219,92673900,441.028498840332,433.0335980224609,440.88613037065846,60.34178146150369,3.5955346429830684,0.2567656631407649
2021-08-18,442.9599914550781,444.6300048828125,438.9200134277344,439.1799926757813,89351900,441.25999908447267,433.3715979003906,440.72364106638446,50.0902268387572,3.0267783374887927,-0.03584612280264454
2021-08-19,436.2699890136719,441.1400146484375,436.1199951171875,439.8599853515625,92812200,441.47999877929686,433.73579772949216,440.6413881411633,51.33597669247464,2.60092277498444,0.03872665270688147
2021-08-20,440.2300109863281,443.7099914550781,439.7099914550781,443.3599853515625,72008700,441.6509979248047,434.1307977294922,440.9003021612013,57.25056021999877,2.516837388122269,-0.22414617905835654
2021-08-23,445.1600036621094,448.2300109863281,443.44000244140625,447.260009765625,54973000,441.96299896240237,434.5897979736328,441.50598859971785,62.69187166833545,2.7333896748862685,-0.23657835789286574
2021-08-24,447.9700012207031,448.5400085449219,447.4200134277344,447.9700012207031,38744700,442.41099853515624,435.0439978027344,442.1216088493355,63.60019953753494,2.9285409025294484,-0.29520491877830934
2021-08-25,448.1700134277344,449.4599914550781,447.7699890136719,448.9100036621094,40529700,442.9149993896484,435.53259765625,442.76812264102824,64.8213763904557,3.1230494277463094,0.046070817427932065
2021-08-26,448.6099853515625,448.8599853515625,446.1600036621094,446.260009765625,57829600,443.1955001831055,436.0155981445312,443.10068331956126,58.82934412975501,3.0284563155585147,0.4268450050210093
2021-08-27,447.1199951171875,450.6499938964844,447.05999755859375,450.25,77235100,443.7824996948242,436.58119812011716,443.7815706224602,64.1959498980132,3.2381223994577226,0.3355634484762129
2021-08-30,450.9700012207031,453.0700073242187,450.7099914550781,452.2300109863281,48357400,444.5145004272461,437.32739807128905,444.58618399044764,66.52767946584879,3.5234386133940347,-0.37389347589373223
2021-08-31,452.1300048828125,452.489990234375,450.9200134277344,451.55999755859375,59300200,445.0350006103516,437.9413983154297,445.25035671122345,64.98540231151864,3.653375446449104,0.2262900817661826
2021-09-01,452.55999755859375,453.1099853515625,451.5499877929687,451.7999877929687,48721400,445.6759994506836,438.5151983642578,445.8741310999611,65.29574217032693,3.732688420428758,-0.17839400204383793
2021-09-02,453.3200073242187,454.0499877929687,451.9100036621094,453.19000244140625,42501000,446.2474990844727,439.12699829101564,446.57088075152734,67.11381947093926,3.863174814499814,-0.1276728501233544
2021-09-03,451.9800109863281,453.6300048828125,451.5499877929687,453.0799865722656,47170500,446.77699890136716,439.6865979003906,447.19079559159763,66.8154686462267,3.9126067654274834,0.10986800310580924
2021-09-07,452.7099914550781,452.80999755859375,450.739990234375,451.4599914550781,51671500,447.24349822998045,440.18359802246096,447.59738567383386,62.41548850779458,3.7775170109036367,0.09541980687081963
2021-09-08,450.8900146484375,451.6700134277344,448.8599853515625,450.9100036621094,56181900,447.6549987792969,440.65239807128904,447.91287310128865,60.94805782260397,3.5847551626393397,0.08728989868689707
2021-09-09,450.7000122070313,452.5700073242187,448.7200012207031,448.9800109863281,57970400,447.9149993896484,441.077998046875,448.01450528081625,55.97475696157016,3.2389194821689102,0.03183409603448806
2021-09-10,451.0400085449219,451.489990234375,445.30999755859375,445.44000244140625,89948200,447.93150024414064,441.42559814453125,447.76931453420576,48.20495612591148,2.648660994089539,0.5516228972027104
2021-09-13,448.6400146484375,448.9200134277344,444.1099853515625,446.5799865722656,83738600,447.96449890136716,441.74859802246095,447.65604520449716,50.583801333153104,2.246962496841263,-0.06903528919978386
2021-09-14,448.1199951171875,448.3399963378906,443.2200012207031,444.1700134277344,78197100,447.8244995117187,441.95759826660156,447.3240421781388,45.795326410292894,1.714386471834132,-0.06617617204013437
2021-09-15,444.6199951171875,448.4100036621094,443.44000244140625,447.8800048828125,78792200,448.0164993286133,442.2565985107422,447.37699100715537,53.148204755332095,1.5735426199192943,0.007610256646346292
2021-09-16,447.3200073242187,448.3599853515625,444.0199890136719,447.1700134277344,77786700,448.41600036621094,442.5107989501953,447.3572788567343,51.70276721192616,1.3886252680719053,-0.012761415470059267
2021-09-17,444.9200134277344,445.3699951171875,441.0199890136719,441.3999938964844,118425000,448.49300079345704,442.7203985595703,446.78991838432955,41.76235199498219,0.7676357532419615,0.522432498100575
2021-09-20,434.8800048828125,436.55999755859375,428.8599853515625,434.0400085449219,166445500,448.027001953125,442.6907989501953,445.5756412567669,33.037115464249624,-0.31476381779782514,0.40549292801351067
2021-09-21,436.5299987792969,437.9100036621094,433.0700073242187,433.6300048828125,92526100,447.3455017089844,442.6217993164062,444.43796160210456,32.62815600413711,-1.191917462538072,-0.444105728301456
2021-09-22,436.0499877929687,440.0299987792969,433.75,437.8599853515625,102350100,446.84000091552736,442.66719909667967,443.8114876734815,40.773831175137296,-1.5281286572058548,0.10617544671179258
2021-09-23,439.8500061035156,444.8900146484375,439.6000061035156,443.1799926757813,76396000,446.5535003662109,442.8059991455078,443.75134529274817,49.10790814397354,-1.3497393661138517,-0.2535815793047589
2021-09-24,441.44000244140625,444.6700134277344,441.2099914550781,443.9100036621094,62094800,446.43600006103514,442.98919921875,443.7664556136397,50.14461925550978,-1.1363595366780714,-0.18719828263259852
2021-09-27,442.80999755859375,444.0499877929687,441.8999938964844,442.6400146484375,61371100,446.05550079345704,443.21519958496094,443.6591755217157,48.301214296975715,-1.0575413063113501,-0.011654760140945797
2021-09-28,439.69000244140625,440.0400085449219,432.94000244140625,433.7200012207031,130436300,445.13000030517577,443.39019958496095,442.71258749304786,37.79244930595177,-1.6953054014693407,1.125370084616375
2021-09-29,435.19000244140625,437.0400085449219,433.8500061035156,434.4500122070313,82329200,444.27450103759764,443.4579998779297,441.92567556104626,38.962854967234705,-2.1174239112852433,-0.36881680943111694
2021-09-30,436.0199890136719,436.7699890136719,428.7799987792969,429.1400146484375,140506000,443.1415023803711,443.34980041503906,440.70799356936925,33.958065008144175,-2.847602903293364,0.7066362845746101
2021-10-01,430.9800109863281,436.0299987792969,427.2300109863281,434.239990234375,129240100,442.19400177001955,443.325400390625,440.09199325175075,41.703345895670125,-2.9803934867201747,-0.08018091754088796
2021-10-04,433.0,433.9599914550781,426.3599853515625,428.6400146484375,128570000,440.9720031738281,443.09940063476563,439.00132862286375,36.624225040397846,-3.497188794132569,-0.0051849232552435565
2021-10-05,430.239990234375,435.489990234375,429.3900146484375,433.1000061035156,90682500,440.05400390625,442.9410009765625,438.43929790673536,42.61831829232665,-3.5064486050148957,-0.29468382982033137
2021-10-06,429.2699890136719,435.1199951171875,427.5400085449219,434.8999938964844,113032200,439.2535034179688,442.8588006591797,438.1022213343305,44.883996100938795,-3.3301551445289874,0.24646100405260118
2021-10-07,438.3900146484375,441.6799926757813,438.2000122070313,438.6600036621094,72437500,438.7375030517578,442.85540100097654,438.1553434607857,49.38023234979465,-2.8541392025084065,-0.35914279293864937
2021-10-08,439.4800109863281,439.8900146484375,437.19000244140625,437.8599853515625,74557400,438.35850219726564,442.79960083007813,438.12721411705013,48.47413040032127,-2.512485560997277,0.029265228645384056
2021-10-11,437.1600036621094,440.260009765625,434.6199951171875,434.69000244140625,65233300,437.76400299072264,442.72320068359375,437.79986062413167,44.95418639514045,-2.469052022036692,-0.12505935024558257
2021-10-12,435.6700134277344,436.1000061035156,432.7799987792969,433.6199951171875,71181200,437.2365020751953,442.6438006591797,437.4017781948989,43.798086458143146,-2.4922422607142494,0.09117889176233618
2021-10-13,434.7099914550781,436.0499877929687,431.5400085449219,435.1799926757813,72974000,436.60150146484375,442.52440063476564,437.19017957403054,45.97934397573316,-2.357565380238043,0.025186425629239118
2021-10-14,439.0799865722656,442.6600036621094,438.5799865722656,442.5,70236800,436.36800079345704,442.59480041503906,437.6958767574562,54.83686513408859,-1.641250255651073,-0.03750924986981663
2021-10-15,444.75,446.260009765625,444.0899963378906,445.8699951171875,66260200,436.5915008544922,442.6770001220703,438.4743642202877,58.23229957234987,-0.7924994762627762,-0.05661704405667689
2021-10-18,443.9700012207031,447.5499877929687,443.2699890136719,447.19000244140625,62213200,437.2490005493164,442.77100036621096,439.3044250032514,59.51617979743322,-0.013192731775689026,-0.061077388839756
2021-10-19,448.9200134277344,450.7099914550781,448.2699890136719,450.6400146484375,46996800,438.09950103759763,442.94120056152343,440.3840049694596,62.73989722479843,0.872740223944902,-0.24458475050310868
2021-10-20,451.1300048828125,452.7300109863281,451.010009765625,452.4100036621094,49571600,438.827001953125,443.13580078125,441.5293381782834,64.310098935035,1.698097187791575,0.054786708882306856
2021-10-21,451.7699890136719,453.8299865722656,451.30999755859375,453.5899963378906,41305400,439.34750213623045,443.3320007324219,442.6779722887222,65.35820494177727,2.419523316647826,-0.16675273745451025
2021-10-22,453.1300048828125,454.6700134277344,451.0499877929687,453.1199951171875,58845100,439.80800170898436,443.49220092773436,443.67245065333793,64.54513531246889,2.9196773280130515,0.42463455141458506
2021-10-25,454.2799987792969,455.8999938964844,452.3900146484375,455.5499877929687,45214500,440.45350036621096,443.68480041503904,444.8036446666361,66.84185756458325,3.4721087774012176,-0.2316352593503962
2021-10-26,457.2000122070313,458.489990234375,455.55999755859375,455.9599914550781,56075100,441.5654998779297,443.8646002197266,445.86615388458296,67.22760959467178,3.898064093672474,0.24020170520518858
2021-10-27,456.4500122070313,457.1600036621094,453.8599853515625,453.94000244140625,72438000,442.5399993896484,444.06260009765623,446.63509184237563,63.31920567146645,4.0262286612425555,0.2918033137702831
2021-10-28,455.4599914550781,458.3999938964844,455.4500122070313,458.3200073242187,51437900,443.9989990234375,444.445400390625,447.7479409358845,67.70365821991555,4.430161647440684,-0.28990447002954256
2021-10-29,455.8699951171875,459.55999755859375,455.55999755859375,459.25,70162400,445.24949951171874,444.83320068359376,448.8433751324669,68.56288719277009,4.770334637573455,0.3640214705499252
2021-11-01,460.2999877929687,460.7000122070313,458.2000122070313,460.0400085449219,48433600,446.81949920654296,445.16680114746094,449.90972117174834,69.30983750341989,5.045509774308584,-0.30969294094842825
2021-11-02,460.2200012207031,462.2300109863281,460.0799865722656,461.8999938964844,48908400,448.2594985961914,445.4596008300781,451.0516519074375,71.05367083192101,5.351979043108258,0.009803111889266969
2021-11-03,461.2999877929687,465.1499938964844,460.8299865722656,464.7200012207031,52509800,449.75049896240233,445.79460083007814,452.35339946108184,73.51117299400647,5.756056928651276,0.07363561269638752
2021-11-04,465.3599853515625,467.0,464.989990234375,466.9100036621094,52847100,451.16299896240236,446.15460083007815,453.73974271832253,75.26728137260537,6.181747125714196,0.006423562839698471
2021-11-05,469.2799987792969,470.6499938964844,466.9200134277344,468.5299987792969,66390600,452.6964996337891,446.6000006103516,455.14833853365343,76.50797033455325,6.574048205402789,0.25627707102187247
2021-11-08,469.7000122070313,470.2300109863281,468.2000122070313,468.9299926757813,50405200,454.4084991455078,446.9736004638672,456.4608770233799,76.81720009974019,6.838397017922205,-0.24077806195455376
2021-11-09,469.3200073242187,469.5700073242187,465.8800048828125,467.3800048828125,51149100,456.09649963378905,447.2766003417969,457.5007939623735,72.81724959109349,6.843931710708603,0.014758397943069435
2021-11-10,465.5799865722656,467.3800048828125,462.0400085449219,463.6199951171875,69429700,457.51849975585935,447.51780029296873,458.0835750247367,64.09787820214204,6.470330685739725,0.35739827289238724
2021-11-11,465.2099914550781,465.2900085449219,463.75,463.7699890136719,34848500,458.58199920654295,447.7572003173828,458.62513826177815,64.281621681444,6.115852692839951,-0.4980750312906437
2021-11-12,465.1199951171875,467.8599853515625,464.1099853515625,467.2699890136719,53466700,459.65199890136716,448.03880004882814,459.4484573810061,68.35185429402233,6.047633721846239,0.5342611590168873
2021-11-15,468.6400146484375,468.80999755859375,466.2300109863281,467.4299926757813,46980500,460.66399841308595,448.32580017089845,460.2086035995561,68.52841444118252,5.938030732183563,-0.12131289194956862
2021-11-16,467.1499938964844,470.489990234375,467.0700073242187,469.2799987792969,48857500,461.5959976196289,448.6822003173828,461.07254599762666,70.5726172142617,5.932068412560966,0.03995274635221002
2021-11-17,469.0,469.19000244140625,467.4800109863281,468.1400146484375,47858300,462.3824981689453,449.02680053710935,461.7456382500848,67.65636978594986,5.76885625526603,-0.02045131249040577
2021-11-18,469.239990234375,470.010009765625,466.3399963378906,469.7300109863281,50625600,463.1894989013672,449.4418005371094,462.5060547011556,69.54656407211488,5.702078845533151,0.05782278100141469
2021-11-19,469.6099853515625,470.94000244140625,468.5,468.8900146484375,57315600,463.9779998779297,449.91080078125,463.11405088661104,67.30859460247126,5.51777115174508,0.13214658196643603
2021-11-22,470.8900146484375,473.5400085449219,467.3500061035156,467.5700073242187,72762000,464.57900085449216,450.3306011962891,463.53842769019275,63.83240604835596,5.205190224460694,0.2694973096329796
2021-11-23,467.2200012207031,469.1000061035156,464.4500122070313,468.19000244140625,73206500,465.1905014038086,450.8110009765625,463.98143480935596,64.75317241742954,4.950430530387166,0.006108957972568163
2021-11-24,466.05999755859375,469.5700073242187,465.19000244140625,469.44000244140625,61858800,465.9655014038086,451.24220092773436,464.50129839336074,66.59942131306727,4.794132416450566,-0.15500945954252698
2021-11-26,462.3399963378906,463.8999938964844,457.7699890136719,458.9700012207031,112669600,465.9980010986328,451.47820068359374,463.97450818644097,45.229149757526436,3.781828868934724,0.8213997038416523
2021-11-29,464.0700073242187,466.55999755859375,461.7300109863281,464.6000061035156,86268800,466.26550140380857,451.94220092773435,464.0340794166386,53.811732186303225,3.3947329876701815,-0.2343205265661722
2021-11-30,462.0,464.0299987792969,455.2999877929687,455.55999755859375,148559600,466.0415008544922,452.37260070800784,463.2270240015867,42.33927033105507,2.33162604021652,0.7220547868986238
2021-12-01,461.6400146484375,464.6700134277344,450.2900085449219,450.5,131939200,465.471501159668,452.7100006103516,462.0149264776261,37.51776394287169,1.0684897258254864,-0.11187698405219182
2021-12-02,450.7300109863281,459.0700073242187,450.30999755859375,457.3999938964844,127637800,465.10550079345705,453.10080078125,461.57540908894595,46.469791226751084,0.6171033547164484,-0.032601380029589344
2021-12-03,459.1700134277344,460.2999877929687,448.9200134277344,453.4200134277344,137331600,464.4310012817383,453.30560119628905,460.79870474025915,42.672050886558644,-0.061070772345772184,0.07594772081624712
2021-12-06,456.1300048828125,460.7900085449219,453.55999755859375,458.7900085449219,98977500,463.94400177001955,453.6032012939453,460.60740034070324,48.75712244069104,-0.16333213579730455,-0.2792809520896866
2021-12-07,464.4100036621094,468.8800048828125,458.6499938964844,468.2799987792969,95484700,463.9115020751953,454.1160009765625,461.3381240015217,57.36905799908078,0.5154461552469343,-0.035288828269051
2021-12-08,468.7000122070313,470.0,466.8299865722656,469.5199890136719,72238800,464.0185012817383,454.8320007324219,462.1173492407741,58.3539270717288,1.1402950782630796,-0.24345156868063678
2021-12-09,468.1499938964844,469.6300048828125,466.1400146484375,466.3500061035156,61272600,464.1550018310547,455.4700006103516,462.52045941817806,54.864392656468524,1.3639781324853288,-0.15180484725659893
2021-12-10,469.2300109863281,470.8999938964844,466.510009765625,470.739990234375,77159800,464.50350189208984,456.3020001220703,463.3032718768635,58.56017216255935,1.873882642585727,0.25928718546299656
2021-12-13,470.19000244140625,470.55999755859375,466.2699890136719,466.5700073242187,87724700,464.4685028076172,456.9486004638672,463.6143895385164,54.03420367516053,1.9193774808275634,0.13692233520563812
2021-12-14,463.0899963378906,465.739990234375,460.25,463.3599853515625,97264100,464.26500244140624,457.6429998779297,463.5901605683303,50.78059456172427,1.6770782083455629,0.10874246363908902
2021-12-15,463.4200134277344,470.8599853515625,460.739990234375,470.6000061035156,116899300,464.3310028076172,458.3929998779297,464.2577649050146,57.060714313274865,2.045682106604147,0.20187510088511584
2021-12-16,472.5700073242187,472.8699951171875,464.7999877929687,466.4500122070313,116568600,464.2465026855469,459.0240002441406,464.4665503623495,52.89456401042674,1.980108073821043,-0.002828930541072583
2021-12-17,461.5499877929687,464.739990234375,458.05999755859375,459.8699951171875,135511600,463.75350189208984,459.44820007324216,464.0287831961436,47.031185836789824,1.3812654247433898,0.16250516863031716
2021-12-20,454.4800109863281,455.3999938964844,451.1400146484375,454.9800109863281,107134800,463.05800170898436,459.7906005859375,463.16699536663737,43.198764075253955,0.5062615903861456,-0.20940495131044135
2021-12-21,458.6099853515625,463.2099914550781,456.30999755859375,463.05999755859375,69806300,462.83250122070314,460.3580004882813,463.15680509920463,50.39203840395964,0.45950524626545075,-0.3484255349335603
2021-12-22,462.7900085449219,467.80999755859375,462.5799865722656,467.69000244140625,58890200,462.8075012207031,461.0394006347656,463.5885381794143,53.987849457522124,0.7869813747569765,-0.15637700322177228
2021-12-23,468.75,472.19000244140625,468.6400146484375,470.6000061035156,56439700,462.8655014038086,461.7478009033203,464.2562970293287,56.13970824069863,1.2667195866521297,-0.04161133770983971
2021-12-27,472.05999755859375,477.30999755859375,472.010009765625,477.260009765625,56808600,463.7800018310547,462.4430010986328,465.49474586135693,60.67285023529194,2.1594296506510204,0.006536179320584701
2021-12-28,477.7200012207031,478.80999755859375,476.05999755859375,476.8699951171875,47274600,464.3935012817383,463.0630010986328,466.5781029333408,60.279941429173185,2.803125202904141,-0.16782670229507501
2021-12-29,476.9800109863281,478.55999755859375,475.9200134277344,477.4800109863281,54503000,465.489501953125,463.66880126953123,467.61637989076814,60.70852995561353,3.324162867844109,0.15290240425090862
2021-12-30,477.9299926757813,479.0,475.6700134277344,476.1600036621094,55329000,466.77250213623046,464.1792010498047,468.4300583451816,59.21946035657587,3.5892013331118733,0.01515512907546368
2021-12-31,475.6400146484375,476.8599853515625,474.6700134277344,474.9599914550781,65237400,467.65050201416017,464.63020080566406,469.0519567366003,57.83072989911155,3.660222503537227,0.17908149433389364
2022-01-03,476.2999877929687,477.8500061035156,473.8500061035156,477.7099914550781,72668200,468.86500091552733,465.1126007080078,469.8765314716934,60.1377281983516,3.8935271526906376,0.1139039875899408
2022-01-04,479.2200012207031,479.9800109863281,475.5799865722656,477.5499877929687,71178700,469.80299987792966,465.60120056152346,470.6073368356244,59.93228397642024,4.019181190774248,-0.02049727391073397
2022-01-05,477.1600036621094,477.9800109863281,468.2799987792969,468.3800048828125,104538900,469.8080001831055,465.8578009033203,470.39520998297564,49.49611083057418,3.3403168438384228,0.4686823445778021
2022-01-06,467.8900146484375,470.8200073242187,465.4299926757813,467.94000244140625,86858900,469.7290008544922,466.0974011230469,470.16138069330236,49.05471074835583,2.73527686907471,-0.16912364679559477
2022-01-07,467.9500122070313,469.2000122070313,464.6499938964844,466.0899963378906,85111600,469.71600036621095,466.34040100097656,469.7736298023108,47.150772303930495,2.0824926199727543,-0.020116533826700533
2022-01-10,462.7000122070313,465.739990234375,456.6000061035156,465.510009765625,119362000,469.4545013427734,466.4842010498047,469.36757075119783,46.54090344968891,1.5010531242281786,0.40241753180530027
2022-01-11,465.2300109863281,469.8500061035156,462.0499877929687,469.75,74303100,469.6135009765625,466.6942010498047,469.4039925844171,51.48157454218883,1.3666361804556004,-0.377497863641695
2022-01-12,471.5899963378906,473.2000122070313,468.94000244140625,471.0199890136719,67605400,469.99650115966796,466.9138006591797,469.55789700625087,52.88611117899352,1.347059223542601,-0.09014024986844427
2022-01-13,472.19000244140625,472.8800048828125,463.44000244140625,464.5299987792969,91173100,469.69300079345703,466.9664007568359,469.0790495560648,45.618435722851444,0.7986500309278881,0.3486067680984064
2022-01-14,461.19000244140625,465.0899963378906,459.8999938964844,464.7200012207031,95890900,469.60650024414065,466.9664007568359,468.66390209555414,45.85303562520583,0.3750401741376663,0.05174552581847047
2022-01-18,459.739990234375,459.9599914550781,455.30999755859375,456.489990234375,109709100,469.4375,466.75800048828125,467.504481918299,38.17159974891055,-0.6176469453239974,0.14410335078719672
2022-01-19,458.1300048828125,459.6099853515625,451.4599914550781,451.75,109357600,469.27599945068357,466.42240051269533,466.0040550689372,34.57870303962922,-1.7664734314583939,-0.0032039274773013604
2022-01-20,453.75,458.739990234375,444.5,446.75,122379700,468.4604995727539,465.9788006591797,464.1703355385622,31.238507528589096,-3.0452808102650124,0.11907814363153535
2022-01-21,445.55999755859375,448.05999755859375,437.9500122070313,437.9800109863281,202271200,466.975,465.39080078125,461.6760189145399,26.418149372222615,-4.712091631671228,0.6528166027535613
2022-01-24,432.0299987792969,440.3800048828125,420.760009765625,439.8399963378906,251783900,465.43699951171874,464.9152008056641,459.59639771676376,28.923175198412082,-5.815923596104994,0.24478373589517433
2022-01-25,433.05999755859375,439.7200012207031,427.1499938964844,434.4700012207031,167997300,463.29749908447263,464.3292010498047,457.2034075742818,26.154701975545578,-7.042846556549819,-0.33277187302285804
2022-01-26,440.7200012207031,444.0400085449219,428.8599853515625,433.3800048828125,186391100,461.1229995727539,463.6514013671875,454.9345120798562,25.618674747862983,-8.010801899447472,0.10948866440115412
2022-01-27,438.260009765625,441.5899963378906,429.4500122070313,431.239990234375,149878300,458.8109985351563,462.9276013183594,452.6778909517151,24.554660604180143,-8.848593699605033,-0.19589347345447283
2022-01-28,432.6799926757813,442.0,427.8200073242187,441.9500122070313,164457400,457.10049896240236,462.38100158691407,451.65618821412613,38.35388695327068,-8.549783884820215,0.09727292076304583
2022-01-31,441.239990234375,450.2799987792969,439.80999755859375,449.9100036621094,152251400,455.8479995727539,462.0164013671875,451.48988492345785,46.22616231728696,-7.583255123147012,-0.074219828356766
2022-02-01,450.6799926757813,453.6300048828125,446.94000244140625,452.9500122070313,123155400,454.61000061035156,461.68080139160156,451.6289446647506,48.90953691288419,-6.4970765783876345,-0.19110497506098467
2022-02-02,455.5,458.1199951171875,453.0499877929687,457.3500061035156,117361000,453.6000015258789,461.45000122070314,452.1738076589187,52.596609049797124,-5.221044569202661,-0.04704950006252262
2022-02-03,450.9500122070313,452.9700012207031,445.7099914550781,446.6000061035156,118024400,452.51100158691406,461.03060119628907,451.642969415547,44.20322939031293,-5.019355165206434,0.005652644404870344
2022-02-04,446.3500061035156,452.7799987792969,443.8299865722656,448.7000122070313,118454400,451.5490020751953,460.64080139160154,451.3626877766407,46.01558855955795,-4.636613918316868,0.003643314433286582
2022-02-07,449.510009765625,450.989990234375,445.8500061035156,447.260009765625,84472900,450.60750274658204,460.19720153808595,450.97195653749634,44.93770111826631,-4.398778504617383,-0.2868741051408812
2022-02-08,446.7300109863281,451.9200134277344,445.2200012207031,450.94000244140625,81012000,449.8790023803711,460.0366015625,450.96891329024965,48.27241835831209,-3.8687510182706433,-0.04097053611276513
2022-02-09,455.2200012207031,457.8800048828125,455.010009765625,457.5400085449219,92589900,449.2685028076172,459.8954016113281,451.59473188593273,53.68950927467176,-2.882902774063041,0.14291586431639747
2022-02-10,451.3399963378906,457.7099914550781,447.2000122070313,449.3200073242187,140103700,448.18350372314455,459.7706018066406,451.3780914514838,47.07701784686414,-2.733387548781934,0.5131639628080384
2022-02-11,449.4100036621094,451.6099853515625,438.94000244140625,440.4599914550781,153214600,446.9800033569336,459.5698016357422,450.33827240420703,41.188583405780946,-3.2918781675526816,0.09357996969387683
2022-02-14,439.9200134277344,441.6000061035156,435.3399963378906,439.0199890136719,123006300,445.695002746582,459.20220153808594,449.2603406527275,40.30616254971231,-3.8067997511740828,-0.19716332516613955
2022-02-15,443.7300109863281,446.2799987792969,443.1799926757813,446.1000061035156,88482700,445.1755035400391,459.05580139160156,448.9593564099454,46.38777197831355,-3.60205832090503,-0.2806652992570299
2022-02-16,443.9299926757813,448.05999755859375,441.94000244140625,446.6000061035156,84863600,444.91800384521486,458.81200134277344,448.73465638076163,46.79998448808921,-3.3607132308548557,-0.04090178080008855
2022-02-17,443.2200012207031,446.5700073242187,436.4200134277344,437.05999755859375,102259100,444.43350372314455,458.1876013183594,447.6227841119837,40.414955679223304,-3.894352793734072,0.20498187679994717
2022-02-18,437.3299865722656,438.6600036621094,431.8200073242187,434.2300109863281,132642900,444.24600372314455,457.4818017578125,446.34728190954036,38.727036263710566,-4.493820294133684,0.2971256347845814
2022-02-22,431.8900146484375,435.5,425.8599853515625,429.5700073242187,124391800,443.7325042724609,456.74620178222654,444.74944623474784,36.056607308521805,-5.284015120265963,-0.062205364930953744
2022-02-23,432.6600036621094,433.260009765625,421.3500061035156,421.9500122070313,132578000,443.1065048217773,455.77040222167966,442.5780715654415,32.152396707832835,-6.4507597925923505,0.06580980418323401
2022-02-24,411.0199890136719,428.760009765625,410.6400146484375,428.2999877929687,213942900,442.85250396728514,455.0050018310547,441.21825406330123,38.1614962082638,-6.784812297758037,0.6137134366184436
2022-02-25,429.6099853515625,437.8399963378906,427.8599853515625,437.75,121804500,443.1780044555664,454.49280212402346,440.8879441525106,45.84808581844882,-6.215367420073221,-0.4306681829590979
2022-02-28,432.0299987792969,438.2000122070313,430.7000122070313,436.6300048828125,145615000,442.9120040893555,453.8134020996094,440.4824261268251,45.1320605857886,-5.787735090265983,0.19548128353221772
2022-03-01,435.0400085449219,437.1700134277344,427.1099853515625,429.9800109863281,137785900,441.9155044555664,453.0840020751953,439.48219611344445,41.034322580569665,-5.917222264179088,-0.0537657521546544
2022-03-02,432.3699951171875,439.7200012207031,431.5700073242187,437.8900146484375,117726500,441.1625045776367,452.6444024658203,439.3305597834438,47.17781730210155,-5.320242153724166,-0.14558383695283772
2022-03-03,440.4700012207031,441.1099853515625,433.7999877929687,435.7099914550781,105501700,440.0805038452148,452.2590020751953,438.9857437521709,45.76268574802763,-4.965798137838306,-0.10384068157976323
2022-03-04,431.75,433.3699951171875,427.8800048828125,432.1700134277344,113978200,439.35900421142577,451.6412023925781,438.336626578415,43.48186442834825,-4.913900952213396,0.08034467691041947
2022-03-07,431.5499877929687,432.2999877929687,419.3599853515625,419.4299926757813,137896600,437.89550323486327,450.67600219726563,436.5359947781642,36.442381475698696,-5.833539844518214,0.2098506556516948
2022-03-08,419.6199951171875,427.2099914550781,415.1199951171875,416.25,164772700,436.34500274658205,449.5890020751953,434.6039952754819,34.92260437786918,-6.741250189041352,0.19490038188033632
2022-03-09,425.1400146484375,429.510009765625,422.8200073242187,427.4100036621094,116990800,435.1685028076172,448.592001953125,433.9188532170655,43.78318679119635,-6.485339196017549,-0.289986751446083
2022-03-10,422.5199890136719,426.4299926757813,420.44000244140625,425.4800109863281,93972700,433.5655029296875,447.5642022705078,433.11515395699524,42.70040703604596,-6.364891660565263,-0.1967513684836757
2022-03-11,428.1199951171875,428.7699890136719,419.5299987792969,420.0700073242187,95636300,432.1030029296875,446.41600219726564,431.87275903958795,39.734057935088614,-6.62955679916189,0.01770301374760974
2022-03-14,420.8900146484375,424.5499877929687,415.7900085449219,417.0,95729200,430.9300033569336,445.23280212402346,430.45630579772245,38.115892661645255,-7.006265890317309,0.000971388479060753
2022-03-15,419.7699890136719,426.8399963378906,418.4200134277344,426.1700134277344,106219100,430.2875045776367,444.2570025634766,430.04808747677123,45.28378169143504,-6.490053812054953,0.10957889546763155
2022-03-16,429.8900146484375,435.6799926757813,424.7999877929687,435.6199951171875,144954800,429.7635040283203,443.41520263671873,430.57874534728705,51.51617301059936,-5.2578087292200735,0.3646773508719241
2022-03-17,433.5899963378906,441.0700073242187,433.19000244140625,441.0700073242187,102676900,429.4870040893555,442.68560302734375,431.5779131546139,54.71949843399073,-3.7976976907774542,-0.2916626424237072
2022-03-18,438.0,444.8599853515625,437.2200012207031,444.5199890136719,106345500,429.86000366210936,442.2084027099609,432.8104918078575,56.671077089036686,-2.3352452302659685,0.03572955552806922
2022-03-21,444.3399963378906,446.4599914550781,440.6799926757813,444.3900146484375,88349800,430.36800384521484,441.7374029541016,433.91330350696035,56.57215275519228,-1.1732049871458798,-0.1692191959227236
2022-03-22,445.8599853515625,450.5799865722656,445.8599853515625,449.5899963378906,74650400,431.36900329589844,441.40740295410154,435.40632187181086,59.60985936044737,0.16540861431076337,-0.15505864189845364
2022-03-23,446.9100036621094,448.489990234375,443.7099914550781,443.7999877929687,79426100,432.4615020751953,440.97320251464845,436.2057186262068,54.99691784062701,0.750413932503136,0.06397420509468144
2022-03-24,445.94000244140625,450.5,444.760009765625,450.489990234375,64736900,433.5710021972656,440.58800231933594,437.56612544603234,58.94974202011044,1.7338751152161649,-0.18494172570477463
2022-03-25,451.1600036621094,452.9800109863281,448.4299926757813,452.69000244140625,77101300,434.31800231933596,440.2214025878906,439.006494683687,60.18814268195823,2.6601334245668795,0.19099462593976546
2022-03-28,452.05999755859375,455.9100036621094,450.05999755859375,455.9100036621094,68529800,435.2820022583008,440.0490026855469,440.61635268163195,61.9953089841651,3.6123856626091992,-0.11117192576519463
2022-03-29,460.0199890136719,462.0700073242187,457.1799926757813,461.5499877929687,86581500,436.8605010986328,439.9856024169922,442.610032216045,64.99274720413848,4.767198706698252,0.26341387250510007
2022-03-30,460.3399963378906,461.2000122070313,456.4700012207031,458.7000122070313,79666900,437.9010009765625,440.0298028564453,444.1424112628056,62.31804877600938,5.3902912306055555,-0.07986232624752398
2022-03-31,457.8900146484375,458.760009765625,451.1600036621094,451.6400146484375,121699900,438.69750213623047,440.02760314941406,444.85646872810383,56.15307074821642,5.253850625225084,0.5276093333617851
2022-04-01,453.30999755859375,453.4599914550781,449.1400146484375,452.9200134277344,89048800,439.7350021362305,440.15100341796875,445.6244253661639,56.98394997819155,5.189187938158909,-0.2682919213573717
2022-04-04,453.1300048828125,456.9100036621094,452.260009765625,456.7999877929687,59601000,441.60350189208987,440.52740295410155,446.6887646449072,59.48986529447277,5.38890386844588,-0.33069283359236734
2022-04-05,455.2200012207031,457.8299865722656,449.8200073242187,451.0299987792969,74214500,443.3425018310547,440.7512030029297,447.1022155148491,54.41328113608639,5.023680429620583,0.24518883911343758
2022-04-06,446.8900146484375,448.9299926757813,443.4700012207031,446.5199890136719,106898000,444.2980010986328,440.99220275878906,447.0467653718798,50.76663077294289,4.320513931521077,0.44039237615290805
2022-04-07,445.5899963378906,450.69000244140625,443.5299987792969,448.7699890136719,78097200,445.4625,441.30000244140626,447.21088190919335,52.47773346989644,3.8998505619955495,-0.26942318846002733
2022-04-08,447.9700012207031,450.6300048828125,445.94000244140625,447.5700073242187,79272700,446.8375,441.6266027832031,447.24508432967195,51.450700014240944,3.430103222473633,0.01505175601686104
2022-04-11,444.1099853515625,445.0,439.3900146484375,439.9200134277344,89770500,447.9835006713867,441.5860028076172,446.5474585294874,45.35645664522305,2.4127221388269504,0.13242642170633778
2022-04-12,443.0799865722656,445.75,436.6499938964844,438.2900085449219,84363600,448.5895004272461,441.3536029052734,445.76103472143353,44.15631144263258,1.458104408693373,-0.06023025381389213
2022-04-13,438.0299987792969,444.1099853515625,437.8399963378906,443.30999755859375,74070400,448.97400054931643,441.1608026123047,445.52760261068687,48.66172337368046,1.094022924252613,-0.12200996638360617
2022-04-14,443.5499877929687,444.7300109863281,437.6799926757813,437.7900085449219,97869500,448.81000061035155,440.7696026611328,444.7906888901378,44.41806714890095,0.3559653963295091,0.3213037866678188
2022-04-18,436.80999755859375,439.75,435.6099853515625,437.9700012207031,66002500,448.4825012207031,440.59700256347656,444.14109958828686,44.587758509049934,-0.211982999232589,-0.3256070583787595
2022-04-19,437.8599853515625,445.7999877929687,437.6799926757813,445.0400085449219,77821000,448.51500091552737,440.5238024902344,444.22670996510925,50.925463320740505,-0.09055186448767927,0.17906139918942454
2022-04-20,446.9200134277344,447.5700073242187,443.4800109863281,444.7099914550781,65224400,448.27100067138673,440.4728021240234,444.2727367736777,50.634342868533174,-0.020707730592562257,-0.16186633427995012
2022-04-21,448.5400085449219,450.010009765625,437.1000061035156,438.05999755859375,85417300,447.98400115966797,440.2152020263672,443.6810473246221,45.04622417783629,-0.49623440112827666,0.30959119593281037
2022-04-22,436.9100036621094,438.0799865722656,425.44000244140625,426.0400085449219,132471800,446.7615020751953,439.5852020263672,442.0009483932221,37.08037516035622,-1.8220024614577142,0.5508778666616716
2022-04-25,423.6700134277344,428.69000244140625,418.8399963378906,428.510009765625,119647700,445.55250244140626,439.1690020751953,440.7160970953557,39.44992654884159,-2.6429089360020726,-0.09680626367272127
2022-04-26,425.8299865722656,426.0400085449219,416.0700073242187,416.1000061035156,103996300,443.56200256347654,438.6818023681641,438.3717074770852,32.77199053925065,-4.245922461058342,-0.13081237666917123
2022-04-27,417.239990234375,422.9200134277344,415.010009765625,417.2699890136719,122030000,441.3480026245117,438.2468023681641,436.36202000437913,33.90788503652658,-5.360126187730316,0.17340713083061599
2022-04-28,422.2900085449219,429.6400146484375,417.6000061035156,427.80999755859375,105449100,439.80350189208986,437.8810021972656,435.5475416762091,43.21596528589232,-5.331195363872951,-0.13587560435958368
2022-04-29,423.5899963378906,425.8699951171875,411.2099914550781,412.0,145491100,437.82150115966795,437.18900207519533,433.3049186594273,35.206420045573665,-6.508970787304122,0.37972822906975967
2022-05-02,412.0700073242187,415.9200134277344,405.0199890136719,414.4800109863281,158312500,435.89950103759764,436.73740234375,431.5120703096083,37.17346038391379,-7.1597173704299735,0.08812497809144348
2022-05-03,415.010009765625,418.9299926757813,413.3599853515625,416.3800048828125,100028200,433.87850189208984,436.3804022216797,430.070921221342,38.70865599185115,-7.436402874066232,-0.3681598105013818
2022-05-04,417.0799865722656,429.6600036621094,413.7099914550781,429.05999755859375,144247900,432.7800018310547,436.37020202636717,429.97464277727073,47.86462943043401,-6.55692454666405,0.4420723356013605
2022-05-05,424.5499877929687,425.0,409.44000244140625,413.80999755859375,172929100,431.1445022583008,436.20740173339846,428.4351527564444,40.10502331126931,-7.009676004720291,0.19883270397697306
2022-05-06,411.1000061035156,414.7999877929687,405.7300109863281,411.3399963378906,151770800,429.2730026245117,435.8682019042969,426.807042621344,39.002150235864974,-7.481550594823659,-0.12235245542826512
2022-05-09,405.1000061035156,406.4100036621094,396.5,398.1700134277344,155586100,426.8030029296875,435.07660217285155,424.0797065076669,33.683338504959565,-8.816590000474662,0.025138564203391
2022-05-10,404.489990234375,406.0799865722656,394.8200073242187,399.0899963378906,132497200,424.7615020751953,434.32580200195315,421.69973411054536,34.356772790146124,-9.688698134570814,-0.1483995035546235
2022-05-11,398.0700073242187,404.0400085449219,391.9599914550781,392.75,142361000,422.48450164794923,433.5812017822266,418.94261657620774,31.948957385312525,-10.767315917474207,0.07444534676959202
2022-05-12,389.3699951171875,395.7999877929687,385.1499938964844,392.3399963378906,125090800,419.9360015869141,432.67020141601563,416.409033696368,31.793777165014546,-11.522389219945978,-0.12131271907334173
2022-05-13,396.7099914550781,403.1799926757813,395.6099853515625,401.7200012207031,104174400,418.13250122070315,431.99040161132814,415.01007822249517,39.083554156567416,-11.234399090547697,-0.16720973884570245
2022-05-16,399.9800109863281,403.9700012207031,397.6000061035156,400.0899963378906,78622400,416.2385009765625,431.34880126953124,413.589118043009,38.31715672146518,-11.010767337761479,-0.2452809903392772
2022-05-17,406.5299987792969,408.5700073242187,402.5799865722656,408.3200073242187,83029700,414.40250091552736,431.1266015625,413.0872979745528,44.26035702796524,-10.053553352050812,0.05605654368220758
2022-05-18,403.5,403.7999877929687,390.5499877929687,391.8599853515625,117674500,411.76000061035154,430.63880126953126,411.06564915331563,36.65377762495546,-10.502079151924761,0.4172579209608127
2022-05-19,388.6199951171875,394.1400146484375,387.1099853515625,389.4599914550781,98510700,409.33000030517576,429.87980102539063,409.0079674677692,35.69062944661877,-10.925258945255791,-0.16285431423120555
2022-05-20,393.25,397.0299987792969,380.5400085449219,389.6300048828125,131432200,407.50950012207034,429.1628009033203,407.16244722158285,35.81928740965495,-11.118743365222826,0.3341921232921905
2022-05-23,392.8299865722656,397.7300109863281,390.3800048828125,396.9200134277344,76414900,405.9300003051758,428.6998010253906,406.18697733645445,41.24705850894448,-10.56208525346284,-0.4185983343503342
2022-05-24,392.55999755859375,395.1499938964844,386.9599914550781,393.8900146484375,91448800,404.8195007324219,428.2376013183594,405.0158380328338,39.74262620209605,-10.247300763640794,0.19674042627812116
2022-05-25,392.30999755859375,399.4500122070313,391.8900146484375,397.3699951171875,91472900,403.82450103759766,427.66160095214843,404.287662517058,42.343658735321895,-9.606291103012211,0.00026353544278334695
2022-05-26,398.6700134277344,407.0400085449219,398.4500122070313,405.30999755859375,82168300,402.69950103759766,427.0554010009766,404.385027759109,47.872464007650905,-8.361211645906053,-0.10171974431771591
2022-05-27,407.9100036621094,415.3800048828125,407.7000122070313,415.260009765625,84768700,402.8625015258789,426.53920104980466,405.42074033115813,53.845387898082414,-6.496704412046483,0.03164724108932515
2022-05-31,413.5499877929687,416.4599914550781,410.0299987792969,412.9299926757813,95937000,402.7850006103516,425.9074011230469,406.13590722112224,52.33316110429226,-5.147741937847229,0.1317502804690882
2022-06-01,415.1700134277344,416.239990234375,406.9299926757813,409.5899963378906,86585800,402.4455001831055,425.2114007568359,406.4648680893859,50.15853388326428,-4.298637235011768,-0.09747229952989978
2022-06-02,409.4200134277344,417.44000244140625,407.0400085449219,417.3900146484375,79609600,401.8620010375977,424.56740112304686,407.50535823786703,54.87443626749722,-2.9621732608946445,-0.08056979319934676
2022-06-03,412.3999938964844,414.0400085449219,409.510009765625,410.5400085449219,71874300,401.69850158691406,423.90220153808593,407.79437255282465,50.36728095162095,-2.4277683747768037,-0.09716541723611227
2022-06-06,414.7799987792969,416.6099853515625,410.5499877929687,411.7900085449219,57508900,401.72100219726565,423.1282019042969,408.1749093139768,51.15568744390657,-1.8816931121514813,-0.19986838132684426
2022-06-07,408.1000061035156,416.2200012207031,407.6099853515625,415.739990234375,59272400,402.59950103759763,422.38920166015623,408.89539321115757,53.66065315144472,-1.1173143173501217,0.030664818836736663
2022-06-08,413.9299926757813,415.8200073242187,410.3800048828125,411.2200012207031,64350000,403.2060012817383,421.49540161132813,409.1167844501619,50.47090872246491,-0.8662780396949756,0.08566550367456016
2022-06-09,409.3399963378906,411.739990234375,401.44000244140625,401.44000244140625,86289800,403.64050140380857,420.2932019042969,408.38566235408996,44.330606954313296,-1.4398959237586837,0.340944832944833
2022-06-10,394.8800048828125,395.7799987792969,389.75,389.7999877929687,132893900,403.5135009765625,418.91520141601563,406.61559811017366,38.35037992663107,-2.801450751618347,0.5400881680105876
2022-06-13,379.8500061035156,381.80999755859375,373.2999877929687,375.0,170004900,402.17750091552733,417.38240112304686,403.6045887663476,32.370924759418045,-5.016896429276642,0.2792528475723868
2022-06-14,376.8500061035156,377.94000244140625,370.5899963378906,373.8699951171875,104011800,400.8665008544922,415.80140075683596,400.77272270452283,31.961175354613673,-6.785614698101881,-0.38818351706333165
2022-06-15,377.3599853515625,383.8999938964844,372.1199951171875,379.2000122070313,125666800,399.41050109863284,414.2494012451172,398.7181788476189,36.07162964900119,-7.668847138611625,0.2081975314339335
2022-06-16,370.510009765625,370.94000244140625,364.0799865722656,366.6499938964844,134473300,398.1500015258789,412.5618011474609,395.6640659951299,31.279837703701034,-9.274585159355297,0.07007817498336877
2022-06-17,365.510009765625,369.3800048828125,362.1700134277344,365.8599853515625,111113900,396.9700012207031,410.94860107421874,392.82558212431394,31.000663496536177,-10.489969359711154,-0.1737103201899559
2022-06-21,371.8900146484375,376.5299987792969,371.80999755859375,375.0700073242187,76811900,396.24200134277345,409.4746014404297,391.1345750004954,37.953206790453734,-10.58794703043668,-0.3087102513726906
2022-06-22,370.6199951171875,378.7200012207031,370.1799926757813,374.3900146484375,90059400,395.1155014038086,408.01100158691406,389.53985496696606,37.65155220993448,-10.598294227729127,0.17246676621721369
2022-06-23,376.6400146484375,378.8299865722656,372.8900146484375,378.05999755859375,79292100,394.3240005493164,406.77380126953125,388.44653521378774,40.40462985159503,-10.192860554965932,-0.11955775854602624
2022-06-24,381.3999938964844,390.0899963378906,381.3699951171875,390.0799865722656,98050300,393.9595001220703,405.8096008300781,388.60210200983323,48.43559172545329,-8.800195613049823,0.2365708563652622
2022-06-27,391.0499877929687,391.3599853515625,387.44000244140625,388.5899963378906,66009600,393.12350006103514,404.71520080566404,388.6009490886958,47.57965750724599,-7.727648846905595,-0.3267781944573347
2022-06-28,390.2300109863281,393.1600036621094,380.5299987792969,380.6499938964844,86548900,391.39299926757815,403.5724005126953,387.84371526086613,43.198706290796665,-7.432660562808962,0.31115625605972475
2022-06-29,381.2300109863281,382.2699890136719,378.4200134277344,380.3399963378906,65676000,389.7634994506836,402.41980041503905,387.1290753634399,43.032111245624876,-7.141570851306994,-0.2411688652311006
2022-06-30,376.239990234375,380.6600036621094,372.55999755859375,377.25,112508300,388.14649963378906,401.06400024414063,386.1882110431123,41.321498222750144,-7.078619123081012,0.71308088190511
2022-07-01,376.55999755859375,381.7000122070313,373.7999877929687,381.239990234375,74839700,386.33899841308596,399.7946002197266,385.71695191847067,44.395255171014,-6.630340125026976,-0.3348072986615209
2022-07-05,375.8800048828125,381.9800109863281,372.8999938964844,381.9599914550781,81438000,384.9099975585938,398.67260009765624,385.3591461600523,44.95559280141232,-6.146128959372675,0.08816577297877992
2022-07-06,382.1099853515625,385.8699951171875,379.6000061035156,383.25,70426200,383.48299713134764,397.8167999267578,385.1582750971902,46.005453960979466,-5.593813216779381,-0.13521697487659323
2022-07-07,385.1199951171875,389.8299865722656,383.2699890136719,388.989990234375,64525900,382.14549713134767,397.0263995361328,385.52320034835066,50.527030612171316,-4.639449089592006,-0.08377990009399916
2022-07-08,387.2699890136719,390.6400146484375,385.6600036621094,388.6700134277344,72397800,381.0179977416992,396.47779968261716,385.8228968321015,50.27428829415261,-3.864381907971051,0.12199597370978155
2022-07-11,385.8500061035156,386.8699951171875,383.5,384.2300109863281,58366900,380.1574981689453,395.81700012207034,385.6711934182183,46.777715390822955,-3.567285229286483,-0.19380285036285638
2022-07-12,383.6499938964844,386.1600036621094,378.989990234375,380.8299865722656,62219200,379.70899810791013,394.87739990234377,385.21012609955613,44.240263198821594,-3.565091371845881,0.06600144945165831
2022-07-13,375.1000061035156,381.9200134277344,374.6600036621094,378.8299865722656,84224600,379.90049743652344,394.21399963378906,384.6024937636237,42.77053774596433,-3.682288875311599,0.3536753928047933
2022-07-14,373.6099853515625,379.0499877929687,371.0400085449219,377.9100036621094,89704800,380.10249786376954,393.4825994873047,383.9651137539557,42.07805553187056,-3.8055358252722726,0.06506650076106024
2022-07-15,382.5499877929687,385.25,380.5400085449219,385.1300048828125,79060400,380.3989974975586,392.8575994873047,384.07605576622774,49.04994882967279,-3.2827743829885208,-0.11866031695070944
2022-07-18,388.3800048828125,389.0899963378906,380.6600036621094,381.9500122070313,63203600,381.16399841308595,391.91539978027345,383.87357542725664,46.40079860616952,-3.0894675475523172,-0.20056564348270434
2022-07-19,386.0799865722656,392.8699951171875,385.3900146484375,392.2699890136719,78506000,382.48449859619143,391.484599609375,384.6732338640581,54.91159473677182,-2.079562702762871,0.2421127910435481
2022-07-20,392.4700012207031,396.260009765625,391.0299987792969,394.7699890136719,71843800,383.46949768066406,391.1531994628906,385.6348295925927,56.70506797824036,-1.0651977935658579,-0.08486230351820245
2022-07-21,394.1600036621094,398.8399963378906,391.6300048828125,398.7900085449219,64903900,384.68949737548826,391.16559936523436,386.8877037785288,59.49510745737208,0.06235687332429052,-0.09659706195941753
2022-07-22,398.9200134277344,400.1799926757813,392.75,395.0899963378906,72197300,385.54099731445314,391.0855993652344,387.668874498468,55.92300842840363,0.649900360801837,0.1123722919578023
2022-07-25,395.75,396.4700012207031,393.2099914550781,395.5700073242187,53631500,385.8154983520508,391.1419995117187,388.4213633390157,56.28966466735223,1.1411116577542657,-0.25715366087097435
2022-07-26,393.8399963378906,394.05999755859375,389.9500122070313,390.8900146484375,52946400,385.9304992675781,391.11299987792967,388.6564729875321,51.768106767034325,1.139626942965208,-0.012774209186765195
2022-07-27,394.3599853515625,402.8800048828125,394.0499877929687,401.0400085449219,82342100,386.95,391.0994000244141,389.8358573263311,59.38756001622073,1.9351626260498165,0.5551973316410559
2022-07-28,401.8900146484375,406.7999877929687,398.1499938964844,406.0700073242187,73966600,388.2365005493164,391.2190002441406,391.38196684993943,62.54534182824281,2.937645897173411,-0.10171589017039884
2022-07-29,407.5799865722656,413.0299987792969,406.7699890136719,411.989990234375,87003700,389.97350006103517,391.29239990234373,393.3446357436952,65.9053936369088,4.161839166275001,0.1762565806728984
2022-08-01,409.1499938964844,413.4100036621094,408.3999938964844,410.7699890136719,69997500,391.45,391.67059997558596,395.00419319797874,64.6188519310794,4.976214545643018,-0.19546525032843431
2022-08-02,409.1199951171875,413.0,406.8200073242187,408.05999755859375,63435400,392.75500030517577,392.04260009765625,396.2476031370849,61.73592769463626,5.341367281829491,-0.09374763384406581
2022-08-03,410.2999877929687,415.6799926757813,410.0,414.4500122070313,67820600,394.3150009155273,392.53900024414065,397.98116590565127,65.62974331237331,6.076330083767402,0.06912859381354886
2022-08-04,414.3699951171875,415.0899963378906,412.44000244140625,414.1700134277344,45656600,395.5740020751953,392.8840002441406,399.5229609077544,65.31609469905237,6.560573629002533,-0.3268033606308408
2022-08-05,409.6600036621094,414.1499938964844,409.6000061035156,413.4700012207031,56814900,396.8140014648437,393.2755999755859,400.8512504613686,64.48634974623822,6.809360918537493,0.2443962099674526
2022-08-08,415.25,417.6199951171875,411.8299865722656,412.989990234375,53886100,398.2520004272461,393.5879998779297,402.0073209159406,63.88701801159701,6.888388705804687,-0.05154985751977037
2022-08-09,412.2200012207031,412.75,410.2200012207031,411.3500061035156,44931800,399.7780014038086,393.70880004882815,402.89710045761444,61.77458724720112,6.740979962246854,-0.1661708678119218
2022-08-10,418.7799987792969,420.1400146484375,416.7200012207031,419.989990234375,68665700,401.83600158691405,393.80339965820315,404.52499472206785,67.81283086332516,7.237898000243035,0.5282205475854518
2022-08-11,422.989990234375,424.9500122070313,419.2099914550781,419.989990234375,59489700,403.9400009155273,393.944599609375,405.9978514375257,67.81283086332516,7.544738081291371,-0.1336329492017121
2022-08-12,422.0299987792969,427.2099914550781,421.0299987792969,427.1000061035156,61694500,406.0385009765625,394.2947998046875,408.00758045333424,72.02963621332768,8.266340686132082,0.03706187793853388
2022-08-15,424.7699890136719,429.4100036621094,424.7099914550781,428.8599853515625,54048300,408.3839996337891,394.52419921875,409.99352377697505,72.97350612312711,8.87789274462773,-0.12393649352859659
2022-08-16,427.7300109863281,431.7300109863281,426.8800048828125,429.7000122070313,59289000,410.25550079345703,394.9073992919922,411.8703321988852,73.43429885032984,9.322867095228673,0.09696327174027686
2022-08-17,425.9100036621094,429.5,424.5400085449219,426.6499938964844,63563400,411.84950103759763,395.20459899902346,413.277919027228,68.8446440198451,9.321943919556361,0.07209431766432228
2022-08-18,426.8599853515625,428.6099853515625,425.5,427.8900146484375,49023200,413.30450134277345,395.4475994873047,414.6695471816289,69.6744953591067,9.313906688976829,-0.22875113666040525
2022-08-19,424.9800109863281,425.260009765625,421.2200012207031,422.1400146484375,68016900,414.6570022583008,395.6659997558594,415.38102027370593,61.49492599889636,8.742778867993138,0.3874430881704989
2022-08-22,417.0499877929687,417.2300109863281,412.3999938964844,413.3500061035156,77695600,415.54600219726564,395.9041998291016,415.1875903527354,51.534828713415365,7.494483980527832,0.1422984581773059
2022-08-23,412.8999938964844,415.4200134277344,411.7699890136719,412.3500061035156,49105200,416.6190017700195,396.3552001953125,414.9173442337621,50.53209189740897,6.351295860940752,-0.3679796539314968
2022-08-24,412.1099853515625,415.1099853515625,411.3900146484375,413.6700134277344,49177800,417.25050201416013,397.1286004638672,414.79855082366424,51.86353121009321,5.488555942843675,0.001478458493194168
2022-08-25,415.239990234375,419.55999755859375,414.0899963378906,419.510009765625,50942300,417.9225021362305,398.0414007568359,415.24726119908905,57.334850052964605,5.215941117239311,0.03588001089922699
2022-08-26,419.3900146484375,419.9599914550781,405.25,405.30999755859375,103087000,417.58850250244143,398.5636004638672,414.3008551380895,44.184237395279965,3.810148572205037,1.023603174572016
2022-08-29,402.2000122070313,405.8399963378906,401.2000122070313,402.6300048828125,65370800,417.18150329589844,399.28320068359375,413.1893455899679,42.21618843887166,2.4515350705095216,-0.3658676651760163
2022-08-30,403.8500061035156,404.1000061035156,396.0,398.2099914550781,85652400,416.68900299072266,399.9302008056641,411.7627404342641,39.1212241993849,1.0065629074757112,0.3102547314703201
2022-08-31,399.9299926757813,401.239990234375,395.0400085449219,395.1799926757813,76029700,415.72550201416016,400.3324005126953,410.1834311239324,37.112587477853346,-0.378717896753642,-0.11234594710714474
2022-09-01,392.8900146484375,396.7799987792969,390.0400085449219,396.4200134277344,78740100,414.83800201416017,400.77300048828124,408.8726294385802,38.50416011965565,-1.3608169523701577,0.03564922655225522
2022-09-02,400.2799987792969,401.55999755859375,390.3299865722656,392.239990234375,99632100,413.77650146484376,401.05660034179687,407.2885685619892,35.641117030537444,-2.448209037552772,0.2653285936898735
2022-09-06,393.1300048828125,394.1199951171875,388.4200134277344,390.760009765625,76637400,412.6650024414063,401.07020080566406,405.71442010519263,34.65848309966381,-3.3903157053590576,-0.2307960988476605
2022-09-07,390.4299926757813,398.5899963378906,390.2000122070313,397.7799987792969,70964200,411.9865020751953,401.2540008544922,404.9587609312978,42.72474978640694,-3.529798265024283,-0.07402651968882035
2022-09-08,395.3900146484375,400.8599853515625,394.1199951171875,400.3800048828125,80821700,411.00600280761716,401.64860107421873,404.52268892668013,45.41256065011383,-3.391445957187841,0.13890806913908693
2022-09-09,402.739990234375,407.510009765625,402.4599914550781,406.6000061035156,76706900,410.33650360107424,402.1738012695312,404.72052865780734,51.30042344011301,-2.7482188840725144,-0.050912069407102245
2022-09-12,408.7799987792969,411.7300109863281,408.4599914550781,410.9700012207031,69256300,409.5300033569336,402.8482012939453,405.31571652094027,54.974894745151936,-1.8643437161971974,-0.09713076659335729
2022-09-13,401.8299865722656,403.1000061035156,391.9200134277344,393.1000061035156,122947100,407.74200439453125,403.0854016113281,404.1523155288046,41.26392017645618,-2.576129520330369,0.7752478835860419
2022-09-14,394.4700012207031,396.2000122070313,391.1199951171875,394.6000061035156,85023700,405.9870040893555,403.33820190429685,403.2425717740152,42.55894424757038,-2.9847807398611508,-0.3084529850643082
2022-09-15,392.9599914550781,395.9599914550781,388.7799987792969,390.1199951171875,87633800,404.16050415039064,403.4756018066406,401.992802568603,39.740686243518425,-3.6283142727064615,0.030698499359590237
2022-09-16,384.1400146484375,386.25,382.1099853515625,385.55999755859375,103084800,402.04400329589845,403.407001953125,400.4277735200307,37.051240018722666,-4.454919389749932,0.17631324899753298
2022-09-19,382.260009765625,388.5499877929687,382.1799926757813,388.5499877929687,73278500,400.364501953125,403.4046014404297,399.2965558317391,39.922226673957404,-4.81325842982244,-0.2891435012727386
2022-09-20,385.05999755859375,386.1199951171875,381.2000122070313,384.0899963378906,77274900,398.90150146484376,403.40180114746096,397.8483120704202,37.19701041762048,-5.394939236212338,0.05453714254522124
2022-09-21,386.1099853515625,389.30999755859375,377.3800048828125,377.3900146484375,106746600,397.1535018920898,403.3330017089844,395.8999027921361,33.497663942720635,-6.3236627465173,0.38138774686217647
2022-09-22,376.5799865722656,378.2999877929687,373.44000244140625,374.2200012207031,89472600,395.1810012817383,403.2408020019531,393.83515026152344,31.88205783311527,-7.232109157697835,-0.16182248427584578
2022-09-23,370.5799865722656,370.6199951171875,363.2900085449219,367.9500122070313,122346900,392.6030014038086,403.0416021728516,391.36989901823847,28.91184770607765,-8.361607786833645,0.3674230993622629
2022-09-26,366.4100036621094,370.2099914550781,363.0299987792969,364.30999755859375,92581200,390.5530014038086,402.62520202636716,388.79276554589137,27.320550465845088,-9.4416251715096,-0.2432893681817847
2022-09-27,368.0199890136719,370.3999938964844,360.8699951171875,363.3800048828125,108294100,388.5905014038086,402.2538018798828,386.37250262559814,26.91298404439324,-10.25438322000457,0.1697202023737001
2022-09-28,364.3800048828125,372.2999877929687,362.6000061035156,370.5299987792969,110802200,387.20650177001954,401.8190020751953,384.8636927354742,34.94789603846179,-10.20393051731088,0.02316007981967627
2022-09-29,366.80999755859375,367.1099853515625,359.70001220703125,362.7900085449219,112952300,385.5870025634766,401.1794024658203,382.76143709827875,30.977719960843046,-10.665553056491774,0.019404849362196774
2022-09-30,361.7999877929687,365.9100036621094,357.0400085449219,357.17999267578125,153711200,383.62500152587893,400.3472021484375,380.3251090580409,28.454537674434377,-11.353201006305824,0.3608505537293176
2022-10-03,361.0799865722656,368.5499877929687,359.2099914550781,366.6099853515625,89756500,382.34350128173827,399.77760192871096,379.01890680028106,37.64804454388555,-11.010325186510272,-0.4160705270663426
2022-10-04,372.3999938964844,378.0,366.5700073242187,377.9700012207031,103602800,381.70400085449216,399.4256018066406,378.91901103079744,46.557271093198,-9.710004401536594,0.1542651507133188
2022-10-05,373.3900146484375,379.4599914550781,370.9500122070313,377.0899963378906,88065700,380.66950073242185,399.1496014404297,378.7448191552825,46.00884004208628,-8.6507790546558,-0.14996795453404732
2022-10-06,375.6199951171875,378.7200012207031,372.6799926757813,373.2000122070313,82333500,379.3105010986328,398.5928015136719,378.21674230306814,43.56581566896468,-8.03262939383876,-0.06509004073095426
2022-10-07,368.9700012207031,373.2900085449219,360.94000244140625,362.7900085449219,107789500,377.1200012207031,397.7272015380859,376.74752956419707,37.78379282759733,-8.287211810474162,0.3091815603612138
2022-10-10,363.9599914550781,364.2099914550781,357.6700134277344,360.0199890136719,76042800,374.57250061035154,396.6878015136719,375.154430464147,36.399444619231474,-8.613200027590494,-0.29452497692261304
2022-10-11,358.239990234375,363.0299987792969,355.7099914550781,357.739990234375,92482800,372.8044998168945,395.62720153808596,373.49591234702586,35.254483817742084,-8.952328020231391,0.21619403809433635
2022-10-12,358.1700134277344,359.82000732421875,356.29998779296875,356.55999755859375,76991800,370.9024993896484,394.5972015380859,371.8829680814609,34.64706025713781,-9.21013622768777,-0.16750141647960481
2022-10-13,349.2099914550781,367.510009765625,348.1099853515625,365.9700012207031,147254500,369.6949996948242,393.6276013183594,371.3198283804363,43.07084354933397,-8.556508334812236,0.912599783353552
2022-10-14,368.5499877929687,370.260009765625,356.9599914550781,357.6300048828125,123737000,368.29850006103516,392.4968011474609,370.0160356663769,38.352432977400234,-8.612195496011452,-0.15970649453836727
2022-10-17,364.010009765625,367.9800109863281,357.2799987792969,366.8200073242187,93168200,367.21200103759764,391.56380126953127,369.7116520147428,45.444680791504084,-7.824574752382887,-0.2470465584263397
2022-10-18,375.1300048828125,375.4500122070313,367.5199890136719,371.1300048828125,97162900,366.5640014648437,390.7266015625,369.84673324027324,48.4405465321182,-6.774506561077999,0.042876217421824236
2022-10-19,368.989990234375,371.8500061035156,365.5499877929687,368.5,79746900,366.1195007324219,389.8696014404297,369.71847293167576,46.75336304863782,-6.084402167532687,-0.179245370403724
2022-10-20,368.0299987792969,372.6700134277344,364.6099853515625,365.4100036621094,88283100,365.6790008544922,388.7780017089844,369.3081425250504,44.779928313424136,-5.720879605042171,0.10704115144287751
2022-10-21,365.1199951171875,374.7999877929687,363.5400085449219,374.2900085449219,131038400,365.9960006713867,387.8640020751953,369.7826059555144,51.159999119992314,-4.662496813521386,0.48429767418679237
2022-10-24,375.8900146484375,380.05999755859375,373.1099853515625,378.8699951171875,85436900,366.72400054931643,386.89940185546874,370.64807158995944,54.10528141811883,-3.4147906056987267,-0.34800104396879084
2022-10-25,378.7900085449219,385.25,378.6700134277344,384.9200134277344,78846300,367.8010009765625,386.0206024169922,372.007304145938,57.731433012352454,-1.915705471028275,-0.07713997113659321
2022-10-26,381.6199951171875,387.5799865722656,381.3500061035156,382.0199890136719,104087300,368.37550048828126,385.067001953125,372.9608931809603,55.46906256220279,-0.9507181481657199,0.32012916268740566
2022-10-27,383.0700073242187,385.0,379.3299865722656,379.9800109863281,81971800,369.23500061035156,384.1336022949219,373.6293805909953,53.86985187911038,-0.3465728444214733,-0.21247068566482175
2022-10-28,379.8699951171875,389.5199890136719,379.6799926757813,389.0199890136719,100302000,370.8270004272461,383.35620178222655,375.0951528217264,59.449170539693604,0.8518477671824485,0.22361592645275574
2022-10-31,386.44000244140625,388.3999938964844,385.260009765625,386.2099914550781,96631300,371.8070007324219,382.6376013183594,376.15370888204563,57.13588866392545,1.556914278526392,-0.036596478634523755
2022-11-01,390.1400146484375,390.3900146484375,383.2900085449219,384.5199890136719,85407600,372.13450012207034,382.0610009765625,376.95049746601006,55.73130364967695,1.9567591934725215,-0.11614973616209245
2022-11-02,383.8999938964844,388.6300048828125,374.760009765625,374.8699951171875,126990400,372.0235000610352,381.31140075683595,376.75235438516984,48.41278036309941,1.477928668500283,0.4868747043588626
2022-11-03,371.4700012207031,374.2000122070313,368.7900085449219,371.010009765625,87100100,371.9139999389648,380.45820068359376,376.20546442140363,45.820808367646094,0.7780149964629004,-0.3141205949426098
2022-11-04,377.0,378.8699951171875,370.0,376.3500061035156,103505200,372.59199981689454,379.5950006103516,376.2192302958905,49.82314575987273,0.6467659299808588,0.18834765976158474
2022-11-07,377.7099914550781,380.5700073242187,375.5299987792969,379.9500122070313,68286900,373.5885009765625,379.0878009033203,376.5745428588563,52.377272265056185,0.8237448869494415,-0.3402563349474229
2022-11-08,381.1099853515625,385.1199951171875,377.7200012207031,382.0,84641100,374.80150146484374,378.6752008056641,377.09125306277474,53.8188447604767,1.1165479975525159,0.23949249416798835
2022-11-09,379.9299926757813,381.1400146484375,373.6099853515625,374.1300048828125,78495500,375.6800018310547,378.19360107421875,376.8092294265879,47.83260478071998,0.7054220720379476,-0.07260775202590708
2022-11-10,388.0499877929687,395.0400085449219,385.6400146484375,394.69000244140625,141455800,377.11600189208986,378.1838012695313,378.5121601899039,60.266557791117286,2.015389632824167,0.8020880177844589
2022-11-11,395.5899963378906,399.3500061035156,393.6099853515625,398.510009765625,93839900,379.16000213623045,378.22560119628906,380.41671729235355,62.075225944307974,3.3234800196134415,-0.336613274252452
2022-11-14,396.6600036621094,400.1799926757813,394.8299865722656,395.1199951171875,71903500,380.5750015258789,378.2832012939453,381.81702946614723,59.48731612218874,4.040034225118745,-0.23376410247666501
2022-11-15,401.1499938964844,402.30999755859375,394.489990234375,398.489990234375,93194500,381.94300079345703,378.4378009033203,383.4049304916927,61.218212360205,4.824228335929888,0.2961051965481514
2022-11-16,396.7799987792969,397.7799987792969,394.7900085449219,395.4500122070313,68508500,383.2905014038086,378.391201171875,384.55208113124877,58.778576873047044,5.141143100498937,-0.2648868763714597
2022-11-17,390.4599914550781,394.9500122070313,390.1400146484375,394.239990234375,74496300,384.73200073242185,378.2684008789063,385.4747391410703,57.79135521886149,5.234323649274188,0.08740229314610604
2022-11-18,397.739990234375,397.80999755859375,393.0400085449219,396.0299987792969,92922500,385.8190002441406,378.0570007324219,386.4800019637585,58.89131232476718,5.390470645211224,0.24734382781426723
2022-11-21,394.6400146484375,395.8200073242187,392.6600036621094,394.5899963378906,51243200,386.6050003051758,377.7294006347656,387.2523823803425,57.5910758623543,5.336506180659853,-0.448538298044069
2022-11-22,396.6300048828125,400.0700073242187,395.1499938964844,399.8999938964844,60429000,387.35399932861327,377.865400390625,388.4569168104513,61.009642877833656,5.657000993099643,0.17925890654760046
2022-11-23,399.5499877929687,402.9299926757813,399.30999755859375,402.4200134277344,68261600,388.3740005493164,378.02180053710936,389.7867355359068,62.55242572763339,6.044660868665289,0.12961657482334643
2022-11-25,401.8299865722656,402.9100036621094,401.5400085449219,402.3299865722656,30545400,389.49149932861326,378.26600036621096,390.98133087270287,62.45734686479087,6.2723163397557755,-0.5525244061082659
2022-11-28,399.0899963378906,400.80999755859375,395.1099853515625,395.9100036621094,67881600,389.8360000610352,378.47300048828123,391.4507282812178,55.92872902483031,5.8670641109993085,1.2223182541397395
2022-11-29,396.0499877929687,397.2999877929687,393.2999877929687,395.2300109863281,52310000,390.28700103759763,378.6066009521484,391.81065996741876,55.26973699825403,5.4284532441221245,-0.2293935322679489
2022-11-30,395.489990234375,407.6799926757813,393.4800109863281,407.6799926757813,144566700,391.44500122070315,379.0784008789062,393.3220249872628,63.70251874943812,6.016110469013768,1.7636532211814187
2022-12-01,408.7699890136719,410.0,404.75,407.3800048828125,76398200,393.07050170898435,379.67820068359373,394.6608802154104,63.392401327003014,6.384035360085079,-0.47153666784951165
2022-12-02,402.25,407.8599853515625,402.1400146484375,406.9100036621094,85342700,394.8655014038086,380.3320007324219,395.8274634008103,62.87594432671226,6.562050087790453,0.11707736569709759
2022-12-05,403.9500122070313,404.9299926757813,398.1700134277344,399.5899963378906,77289800,396.02750091552736,380.96480041503906,396.18579987100844,55.31712785160595,6.042806910268212,-0.09435956443843474
2022-12-06,399.4200134277344,399.989990234375,391.6400146484375,393.8299865722656,77972200,396.72149963378905,381.5552001953125,395.9614366996996,50.202746103234354,5.107640600019806,0.008829108109996486
2022-12-07,392.94000244140625,395.6400146484375,391.9700012207031,393.1600036621094,65927900,397.27949981689454,382.15080017089844,395.69463355326246,49.6279876428827,4.2633077817782805,-0.15446915695594066
2022-12-08,395.1400146484375,397.3599853515625,393.2699890136719,396.239990234375,60737900,398.38499908447267,382.665,395.74657228479697,52.32991463631718,3.7989056959660843,-0.07872236185287262
2022-12-09,394.94000244140625,397.6199951171875,393.1499938964844,393.2799987792969,81447700,398.3144989013672,383.2747998046875,395.5116605223684,49.577611731758566,3.1556408608537936,0.34096997097364246
2022-12-12,394.1099853515625,398.9500122070313,393.4100036621094,398.9500122070313,75405800,398.3364990234375,384.1102001953125,395.83912258757437,54.51290246472593,3.06800548443573,-0.07418134582069225
2022-12-13,410.2200012207031,410.489990234375,399.0700073242187,401.9700012207031,123782500,398.67899932861326,384.8174005126953,396.4230157907295,56.930927576687075,3.2052930682822307,0.6415514456447646
2022-12-14,401.6099853515625,405.5,396.30999755859375,399.3999938964844,108111300,398.72449951171876,385.2460003662109,396.7065375150871,54.28623042245162,3.071312179981703,-0.12660271039928905
2022-12-15,394.2999877929687,395.25,387.8900146484375,389.6300048828125,117705900,398.4334991455078,385.4968005371094,396.03258202629905,45.61166021783585,2.151968346974911,0.08874742973213712
2022-12-16,385.1799926757813,386.5799865722656,381.0400085449219,383.2699890136719,119858000,397.88499908447267,385.69820007324216,394.81709697747743,41.016832740951315,0.8998091680555262,0.01828370540474178
2022-12-19,383.4700012207031,383.8200073242187,378.2799987792969,380.0199890136719,79878100,397.0844985961914,386.0427996826172,393.4078485999721,38.86240069921631,-0.350740720477404,-0.3335605466468654
2022-12-20,379.2300109863281,382.2300109863281,377.8500061035156,380.5400085449219,74427200,396.38199920654296,386.4532000732422,392.18234002330064,39.41078746285057,-1.285036189393736,-0.06824023105206556
2022-12-21,383.25,387.4100036621094,382.69000244140625,386.2300109863281,78167400,395.69850006103513,387.02300048828124,391.61545154358896,45.20261832422605,-1.5484864481830414,0.05025313326310821
2022-12-22,383.0499877929687,386.2099914550781,374.7699890136719,380.7200012207031,100120900,394.6134994506836,387.5062005615234,390.57778960807605,41.104928692041234,-2.1767917154531915,0.28085237579860656
2022-12-23,379.6499938964844,383.05999755859375,378.0299987792969,382.9100036621094,59857300,393.64250030517576,387.8450006103516,389.8475242798888,43.3048068230598,-2.4695458843366964,-0.40214980089072316
2022-12-27,382.7900085449219,383.1499938964844,379.6499938964844,381.3999938964844,51638200,392.91699981689453,388.320400390625,389.0429975767074,42.136130720547904,-2.7912253326077234,-0.13731157269038197
2022-12-28,381.3299865722656,383.3900146484375,376.4200134277344,376.6600036621094,70911500,391.9884994506836,388.5172003173828,387.8636648229362,38.61340721460543,-3.3895634337660567,0.37323725459059376
2022-12-29,379.6300048828125,384.3500061035156,379.0799865722656,383.44000244140625,66970900,390.77649993896483,388.7634002685547,387.44236364374285,45.617043310331546,-3.2788647393591646,-0.05557067612446498
2022-12-30,380.6400146484375,382.5799865722656,378.4299926757813,382.4299926757813,84022200,389.5289993286133,389.0420001220703,386.96499498012747,44.797106011882384,-3.2353395926872395,0.25460759822549783
2023-01-03,384.3699951171875,386.4299926757813,377.8299865722656,380.8200073242187,74850700,388.22449951171876,389.3502001953125,386.37975806051713,43.456236078916824,-3.2928006073260576,-0.10915567552384964
2023-01-04,383.1799926757813,385.8800048828125,380.0,383.760009765625,85934100,387.4330001831055,389.53960021972654,386.13025822290837,46.59957942356355,-3.0657650182576504,0.1480734315109946
2023-01-05,381.7200012207031,381.8399963378906,378.760009765625,379.3800048828125,76970500,386.7105010986328,389.54980041503904,385.48737695242306,42.78368071391603,-3.2023527380636665,-0.10430783588819803
2023-01-06,382.6099853515625,389.25,379.4100036621094,388.0799865722656,104189600,386.4565002441406,389.61299987792967,385.7342921543128,51.31202927864725,-2.5788562272081776,0.3536302869281087
2023-01-09,390.3699951171875,393.7000122070313,387.6700134277344,387.8599853515625,73978100,386.0375,389.7297998046875,385.93673912547945,51.1045874424668,-2.0785230898451914,-0.2899665609619386
2023-01-10,387.25,390.6499938964844,386.2699890136719,390.5799865722656,65358100,385.9024993896484,389.9417993164063,386.37895316803053,53.60208086406469,-1.4458571658740311,-0.11652097039529263
2023-01-11,392.2300109863281,395.6000061035156,391.3800048828125,395.5199890136719,68881100,385.73099822998046,390.07179931640627,387.24952801047255,57.816357706796694,-0.5396274618428265,0.05390303573696298
2023-01-12,396.6700134277344,398.489990234375,392.4200134277344,396.9599914550781,90157700,385.4804977416992,390.28679931640625,388.17433405281594,58.98580197662516,0.29140315586465704,0.3088887953299235
2023-01-13,393.6199951171875,399.1000061035156,393.3399963378906,398.5,63903900,385.435498046875,390.5663995361328,389.15773080969063,60.25481070684668,1.0620243709755073,-0.29119864415352215
2023-01-17,398.4800109863281,400.2300109863281,397.05999755859375,397.7699890136719,62677300,385.84249725341795,391.0243994140625,389.97794587673644,59.31788109752893,1.5954500947772203,-0.019194446661314868
2023-01-18,399.010009765625,400.1199951171875,391.2799987792969,391.489990234375,99632300,386.2534973144531,391.4339990234375,390.12195010127346,51.8487756678517,1.4942259006064091,0.5896074017227928
2023-01-19,389.3599853515625,391.0799865722656,387.260009765625,388.6400146484375,86958900,386.6844985961914,391.67979919433594,389.98081339147956,48.84303265835296,1.1705425005902725,-0.12720172072711355
2023-01-20,390.1000061035156,396.0400085449219,388.3800048828125,395.8800048828125,91806400,387.4514984130859,391.99839904785154,390.5426411525589,55.84576085100869,1.4811539580139765,0.055744725381760896
2023-01-23,396.7200012207031,402.6499938964844,395.7200012207031,400.6300048828125,84178800,388.17149810791017,392.3709991455078,391.5033424602021,59.73962345942772,2.0865486445081842,-0.08308353230275889
2023-01-24,398.8800048828125,401.1499938964844,397.6400146484375,400.2000122070313,59524900,389.14549865722654,392.8923992919922,392.3315967218049,59.230403937846056,2.5027809786563466,-0.2928754033081964
2023-01-25,395.9500122070313,400.7000122070313,393.55999755859375,400.3500061035156,84800300,390.0174987792969,393.0055993652344,393.09525475815826,59.360537026118635,2.8123325372822023,0.4246189409810013
2023-01-26,403.1300048828125,404.9200134277344,400.0299987792969,404.75,72287400,391.1849990844727,393.1303991699219,394.20523049547654,63.08308185673098,3.3738059776654836,-0.1475572610002559
2023-01-27,403.6600036621094,408.1600036621094,403.44000244140625,405.6799926757813,68346200,392.63599853515626,393.34159912109374,395.2980649888389,63.83707545591772,3.8494463398210996,-0.05452125819990761
2023-01-30,402.7999877929687,405.1300048828125,400.2799987792969,400.5899963378906,74202000,393.49349822998045,393.38359924316404,395.80205845065336,56.97790885270717,3.7721911169509212,0.08567850151142276
2023-01-31,401.1300048828125,406.5299987792969,400.7699890136719,406.4800109863281,86811800,394.6959991455078,393.60419921875,396.8190063111938,62.05831643019623,4.138534306122267,0.16993881566534585
2023-02-01,405.2099914550781,413.6700134277344,402.3500061035156,410.7999877929687,101459200,396.1949981689453,393.9353991699219,398.1505283570771,65.29533110345368,4.723006073596821,0.16872591053289998
2023-02-02,414.8599853515625,418.30999755859375,412.8800048828125,416.7799987792969,101654500,397.8459976196289,394.3503991699219,399.9247636353838,69.21118351939286,5.6041400319396075,0.0019249116886392859
2023-02-03,411.5899963378906,416.9700012207031,411.0899963378906,412.3500061035156,94736800,399.49449768066404,394.7055993652344,401.10812006092016,63.495513359654616,5.877232577508323,-0.06805109463919456
2023-02-06,409.7900085449219,411.2900085449219,408.1000061035156,409.8299865722656,60295300,400.5819976806641,394.90419921875,401.93877401438164,60.437878132133555,5.823189765104814,-0.3635493282441459
2023-02-07,408.8699951171875,416.489990234375,407.5700073242187,415.19000244140625,90990700,401.94849853515626,395.15959899902344,403.20079576933637,64.36819291606619,6.14206700688419,0.5090844560023751
2023-02-08,413.1300048828125,414.5299987792969,409.9299926757813,410.6499938964844,76227500,402.9519989013672,395.3259991455078,403.91024321001714,59.019828621964,5.959738614302921,-0.16224954858023954
2023-02-09,414.4100036621094,414.5700073242187,405.80999755859375,407.0899963378906,78694900,403.53049926757814,395.54959899902343,404.2130768412432,55.15015685270746,5.4649830756770825,0.032368895739726566
2023-02-10,405.8599853515625,408.44000244140625,405.010009765625,408.0400085449219,70769700,404.0845001220703,395.8057989501953,404.57754652730785,55.97961446242516,5.090859532577497,-0.1007079238934162
2023-02-13,408.7200012207031,412.9700012207031,408.239990234375,412.8299865722656,64913500,404.8009994506836,395.908798828125,405.3634931982562,59.99675905719751,5.121833812585862,-0.08275010350474854
2023-02-14,411.239990234375,415.0499877929687,408.510009765625,412.6400146484375,88389300,405.54450073242185,396.0139990234375,406.0564952411306,59.76381987125066,5.0725784789242425,0.3616474231092146
2023-02-15,410.3500061035156,414.05999755859375,409.4700012207031,413.9800109863281,61555700,406.6690017700195,396.15539916992185,406.8111157882923,60.916495562407796,5.083075250400839,-0.30358425737051886
2023-02-16,408.7900085449219,412.9100036621094,408.1400146484375,408.2799987792969,76431500,407.6510009765625,396.32919921875,406.9510094064832,53.849584798372604,4.578670604695958,0.24166405385691325
2023-02-17,406.05999755859375,407.510009765625,404.0499877929687,407.260009765625,89257800,408.2200012207031,396.59779968261716,406.98043801211577,52.67203525646133,4.049936552358531,0.16781431739531483
2023-02-21,403.05999755859375,404.1600036621094,398.8200073242187,399.0899963378906,82655900,408.143000793457,396.7163995361328,406.2289673764753,44.31326257412514,2.93779414045315,-0.07396440423133888
2023-02-22,399.5199890136719,401.1300048828125,397.0199890136719,398.5400085449219,83742300,408.06000061035155,396.76239990234376,405.496685582994,43.80924790593824,1.989104687350789,0.013143647337939601
2023-02-23,401.55999755859375,402.2000122070313,396.25,400.6600036621094,96242400,408.07550048828125,396.91,405.03604920957645,46.34265578281398,1.3922780347260186,0.14926864917729743
2023-02-24,395.4200134277344,397.25,393.6400146484375,396.3800048828125,108194400,407.65700073242186,396.8585998535156,404.2116640355989,42.20549206490521,0.5673879850649541,0.12418642926610302
2023-02-27,399.8699951171875,401.2900085449219,396.75,397.7300109863281,80444700,407.2595016479492,396.77380004882815,403.5943637451922,43.906518089242226,0.022333441764089912,-0.2564800026618753
2023-02-28,397.2300109863281,399.2799987792969,396.1499938964844,396.260009765625,96438600,407.0430023193359,396.71100036621095,402.89585384237625,42.441699637966316,-0.5222231603854652,0.19881856728908187
2023-03-01,395.4100036621094,396.69000244140625,393.3800048828125,394.739990234375,99706800,406.4560012817383,396.8132000732422,402.1191049273285,40.92142615184049,-1.064173929116464,0.03388891999676469
2023-03-02,392.6799926757813,398.69000244140625,392.3299865722656,397.80999755859375,85127800,405.8065017700195,397.10400024414065,401.70871374935376,45.19164969609046,-1.2317510248612962,-0.14621871326729974
2023-03-03,399.7099914550781,404.4500122070313,399.0299987792969,404.19000244140625,90120000,405.177001953125,397.5874005126953,401.94502695812065,52.82323930845185,-0.8400603140682392,0.05864359233998773
2023-03-06,405.0499877929687,407.4500122070313,404.010009765625,404.4700012207031,72795900,404.7830017089844,398.0660003662109,402.1855006974142,53.131677041175536,-0.5012707056788486,-0.19223368841544608
2023-03-07,404.4200134277344,404.6700134277344,397.6300048828125,398.2699890136719,108310600,404.2050018310547,398.30679992675783,401.8125948227721,45.96542962510144,-0.7247126335053053,0.4878667617269654
2023-03-08,398.3900146484375,399.7099914550781,396.5899963378906,398.9200134277344,74746600,403.3915023803711,398.6708001708984,401.53711088038756,46.775957469258444,-0.8396613401278046,-0.3098865669657448
2023-03-09,399.739990234375,401.4800109863281,390.5299987792969,391.55999755859375,111945300,402.43700256347654,398.84380004882814,400.5869096116453,39.543229417638045,-1.5072758509443815,0.49766410779888326
2023-03-10,390.989990234375,393.1600036621094,384.3200073242187,385.9100036621094,189253000,401.3780029296875,398.93400024414063,399.1891090450228,35.06133327674554,-2.463870483914036,0.6905845980134941
2023-03-13,381.80999755859375,390.3900146484375,380.6499938964844,385.3599853515625,157790000,400.2440017700195,399.1079998779297,397.87204964564563,34.64961333842025,-3.2291370218807174,-0.1662483553761367
2023-03-14,390.5,393.4500122070313,387.0499877929687,391.7300109863281,149752400,399.18900299072266,399.27380004882815,397.2870935828535,42.99816307969349,-3.2837553468946226,-0.05093858926421191
2023-03-15,385.8900146484375,389.489990234375,383.7099914550781,389.2799987792969,172996900,398.0210021972656,399.4108001708984,396.5245131253719,40.83727920592408,-3.4845683377439514,0.1552195490689965
2023-03-16,386.8200073242187,396.4700012207031,386.2900085449219,396.1099853515625,143254200,397.1275009155273,399.7165997314453,396.485034289771,48.59327783872584,-3.057348038909595,-0.17192620214581877
2023-03-17,393.2200012207031,394.3999938964844,388.5499877929687,389.989990234375,140553400,396.21300048828124,399.8411993408203,395.86645866544757,43.13634243463798,-3.1759944461636564,-0.018853199417538935
2023-03-20,390.7999877929687,394.1700134277344,390.0700073242187,393.739990234375,93055800,395.53699951171876,400.1283990478516,395.6639378624883,47.059414056147325,-2.9336120649961686,-0.33793277145910383
2023-03-21,397.239990234375,399.4100036621094,395.5799865722656,398.9100036621094,91524200,395.5279998779297,400.3449993896484,395.9730869862617,51.97837510802732,-2.2978571389061244,-0.016458941839197605
2023-03-22,398.7300109863281,402.489990234375,392.0700073242187,392.1099853515625,111746600,395.20649871826174,400.42999938964846,395.6051725448618,45.933131714322414,-2.3160237470683,0.22095139864647817
2023-03-23,395.0899963378906,399.2900085449219,390.3500061035156,393.1700134277344,119351300,394.83199920654295,400.4817999267578,395.3732526289449,46.96855171437272,-2.2193027673632173,0.06805307723009024
2023-03-24,391.8399963378906,395.8399963378906,389.3999938964844,395.75,107682400,394.80049896240234,400.48640014648436,395.40913333095017,49.503290303093976,-1.9124221277285187,-0.09776935818880905
2023-03-27,398.1199951171875,398.9200134277344,395.55999755859375,396.489990234375,74010400,394.7384979248047,400.4770001220703,395.5120720836573,50.23795827307611,-1.5911640337884592,-0.3126973395838132
2023-03-28,395.7699890136719,396.489990234375,393.69000244140625,395.6000061035156,62871700,394.7054977416992,400.41900024414065,395.5204467522152,49.30879219220283,-1.3923290585616428,-0.15050182136564594
2023-03-29,399.9299926757813,401.6000061035156,398.6799926757813,401.3500061035156,77497900,395.03599853515624,400.4906005859375,396.0756428809105,55.08830319956092,-0.7619902140556292,0.23263566914844036
2023-03-30,404.0899963378906,404.3500061035156,401.760009765625,403.7000122070313,69840000,395.33049926757815,400.73480102539065,396.801773292922,57.23435081652874,-0.07198647048346629,-0.09881429045174128
2023-03-31,404.6600036621094,409.7000122070313,404.5499877929687,409.3900146484375,112062600,395.5904998779297,401.1498010253906,398.00065342201873,61.97247168059909,0.9233384404100775,0.6045618556701031
2023-04-03,408.8500061035156,411.3699951171875,408.44000244140625,410.9500122070313,67391100,395.9145004272461,401.451201171875,399.233925687258,63.17702515985493,1.817073279084525,-0.39862987294601415
2023-04-04,411.6199951171875,411.9200134277344,407.239990234375,408.6700134277344,66601500,396.4345016479492,401.61200134277345,400.13260071016055,60.176809158978365,2.3147052497363916,-0.011716680689289882
2023-04-05,407.9100036621094,408.7000122070313,405.8800048828125,407.6000061035156,65200200,396.8685012817383,401.76000122070315,400.84378217619434,58.76635516318687,2.5928527307967784,-0.021040066665165225
2023-04-06,406.7699890136719,409.4800109863281,405.6799926757813,409.19000244140625,63743300,397.75000152587893,401.9368011474609,401.6386602966907,60.25703405310122,2.908063681877536,-0.022345023481523008
2023-04-10,406.6099853515625,409.69000244140625,405.9700012207031,409.6099853515625,63681000,398.93500061035155,402.0340008544922,402.39783411144043,60.661581486066986,3.15538641208866,-0.0009773576203302436
2023-04-11,410.260009765625,411.1799926757813,408.9200134277344,409.7200012207031,59297900,400.1530014038086,402.11480102539065,403.09518335994164,60.77422058193862,3.321975157090435,-0.06882900708217521
2023-04-12,411.8699951171875,412.1700134277344,407.44000244140625,408.0499877929687,86420400,400.9690002441406,402.26400085449217,403.5670694964204,58.0566935666321,3.281415693473832,0.4573939380652603
2023-04-13,409.1799926757813,413.8399963378906,407.989990234375,413.4700012207031,85814800,402.1785003662109,402.4038006591797,404.510205851114,63.725831470539816,3.6446090288245614,-0.007007604685930646
2023-04-14,412.80999755859375,415.0899963378906,410.05999755859375,412.4599914550781,78161500,402.9960006713867,402.4370007324219,405.26732828958677,62.04293806830385,3.8070576261711153,-0.08918391699333916
2023-04-17,412.3699951171875,413.9599914550781,411.0899963378906,413.94000244140625,66436400,404.1935012817383,402.38020080566406,406.0932972564267,63.561476936435255,4.0090104506235775,-0.1500111947698035
2023-04-18,415.5799865722656,415.7200012207031,412.7799987792969,414.2099914550781,63560000,405.2170013427734,402.41740051269534,406.8663157515364,63.84563494422697,4.143086454340789,-0.04329554280484793
2023-04-19,412.2200012207031,415.0799865722656,412.1600036621094,414.1400146484375,55227300,405.97850189208987,402.50360107421875,407.55904897981264,63.70696614081795,4.1953349005485165,-0.13109974826935178
2023-04-20,411.2099914550781,413.7000122070313,410.2699890136719,411.8800048828125,75840400,406.96700286865234,402.43740112304687,407.97056858962213,59.23243031991825,4.0081745292307005,0.37324113255581937
2023-04-21,412.19000244140625,412.6799926757813,410.1700134277344,412.2000122070313,73457400,407.9185028076172,402.4684014892578,408.3733727436611,59.66443012299997,3.841389357859782,-0.03142124777822897
2023-04-24,411.989990234375,413.0700073242187,410.6000061035156,412.6300048828125,64332100,408.7625030517578,402.57920166015623,408.7787662807231,60.27359356408439,3.701242108182896,-0.1242257417224133
2023-04-25,410.5799865722656,411.1600036621094,406.0199890136719,406.0799865722656,97766700,409.2420028686523,402.5400012207031,408.5217396418224,48.30586707339254,3.0267521515186218,0.5197187718106513
2023-04-26,406.7200012207031,407.8399963378906,403.7799987792969,404.3599853515625,80447000,409.6800018310547,402.37060119628904,408.1253820903691,45.737663368058534,2.326604627676886,-0.17715336612568489
2023-04-27,407.0,412.69000244140625,406.739990234375,412.4100036621094,92968400,410.2330017089844,402.3660009765625,408.5334412876777,57.20526763184212,2.3937086878709692,0.15564781781794235
2023-04-28,411.489990234375,415.94000244140625,411.4299926757813,415.9299926757813,89433100,410.84450073242186,402.4050006103516,409.2378747532114,61.078656923130296,2.6998012069157085,-0.03802689946261306
2023-05-01,415.4700012207031,417.6199951171875,415.2699890136719,415.510009765625,62122300,411.15050048828124,402.54960083007813,409.83522094486983,60.376484692310704,2.8753474075575127,-0.30537686829596644
2023-05-02,414.7699890136719,414.8200073242187,407.8200073242187,410.8399963378906,103998500,411.1449996948242,402.62120056152344,409.93091383944324,53.07050314893881,2.607579429123632,0.674092878080818
2023-05-03,411.3599853515625,413.8699951171875,407.7699890136719,408.0199890136719,91531800,411.1124984741211,402.79980041503904,409.7489209988936,49.19896532033452,2.1431158483147215,-0.11987384433429327
2023-05-04,406.9299926757813,407.2699890136719,403.739990234375,405.1300048828125,94901900,410.98899841308594,402.93160034179687,409.3090242259335,45.53301468588198,1.5242568631871336,0.03681889791307502
2023-05-05,408.9100036621094,413.7200012207031,408.6400146484375,412.6300048828125,87891800,411.16099853515624,403.17100036621093,409.62530809801723,54.920695926134414,1.6203159846605217,-0.07386680350972952
2023-05-08,412.9700012207031,413.239990234375,411.2799987792969,412.739990234375,50046800,411.3174987792969,403.4982000732422,409.9219444919561,55.04306732826819,1.685884600929171,-0.430586243540353
2023-05-09,411.1300048828125,412.0899963378906,410.69000244140625,410.9299926757813,49220100,411.3779983520508,403.76219970703124,410.0179490808918,52.516525215664814,1.573656394175714,-0.016518538647825598
2023-05-10,413.8800048828125,414.5400085449219,408.8699951171875,412.8500061035156,96142900,411.6179992675781,404.09399963378905,410.2876687973322,54.88234362370519,1.6209583700807002,0.9533259786144279
2023-05-11,411.9500122070313,412.4299926757813,409.9700012207031,412.1300048828125,70157100,411.5509994506836,404.4417999267578,410.46312937690175,53.79982976354878,1.582109867840984,-0.27028308902685483
2023-05-12,413.4200134277344,413.6400146484375,409.0700073242187,411.5899963378906,70481500,411.5074996948242,404.71739990234374,410.5704500398531,52.95616592638128,1.4905656603051511,0.004623908342847649
2023-05-15,412.2200012207031,413.4299926757813,410.2300109863281,413.010009765625,54289400,411.4610000610352,404.8938000488281,410.80278906135516,54.956476322979896,1.5151339117666112,-0.22973546249725108
2023-05-16,411.8599853515625,412.8200073242187,410.239990234375,410.25,57705500,411.26300048828125,405.00940002441405,410.75014248408326,50.46501237794786,1.2969443393088795,0.06292388569407659
2023-05-17,412.3500061035156,415.8599853515625,410.6400146484375,415.2300109863281,87287000,411.31750030517577,405.3486004638672,411.1767966271542,57.253512613726194,1.5084839342777627,0.5126287788858948
2023-05-18,414.8999938964844,419.6700134277344,414.6700134277344,419.2300109863281,97177200,411.68500061035155,405.7548004150391,411.943769423266,61.783780420402834,1.9761177031647321,0.11330667797037353
2023-05-19,420.1700134277344,420.7200012207031,417.3500061035156,418.6199951171875,103793300,412.00599975585936,406.29600036621093,412.5796004417347,60.726793488392175,2.2713153421827315,0.06808284247745355
2023-05-22,418.6400146484375,420.3900146484375,417.3500061035156,418.7900085449219,60745400,412.31399993896486,406.9536004638672,413.1710678801335,60.927422610814205,2.4902739328887264,-0.4147464239021208
2023-05-23,417.0799865722656,418.7200012207031,413.6799926757813,414.0899963378906,86383500,412.7145004272461,407.52820068359375,413.2585848761104,52.88429792607066,2.2585137474633825,0.4220582957721901
2023-05-24,412.4200134277344,412.8200073242187,409.8800048828125,411.0899963378906,89213700,413.0510009765625,407.915400390625,413.0520526343752,48.48460089247664,1.8118809668883955,0.03276320130580501
2023-05-25,414.739990234375,416.1600036621094,412.4100036621094,414.6499938964844,90961600,413.1630004882812,408.42280029296876,413.2042375164808,53.43529417721996,1.725295192287149,0.01959228235125332
2023-05-26,415.3299865722656,420.7699890136719,415.25,420.0199890136719,93830000,413.3675003051758,408.90100036621095,413.8533567066895,59.72303414485918,2.0661715298846843,0.03153418585425061
2023-05-30,422.0299987792969,422.5799865722656,418.739990234375,420.1799926757813,72216000,413.6009994506836,409.5048004150391,414.4558934656506,59.896797215661394,2.3224575961492064,-0.2303527656399872
2023-05-31,418.2799987792969,419.2200012207031,416.2200012207031,417.8500061035156,110811800,413.95149993896484,409.98700073242185,414.7791422883044,56.10119225246265,2.310916894766592,0.5344494294893098
2023-06-01,418.0899963378906,422.9200134277344,416.7900085449219,421.8200073242187,88865000,414.64150085449216,410.44520080566406,415.4497008631534,60.67396361676725,2.592235053514173,-0.19805471980420852
2023-06-02,424.5,428.739990234375,423.9500122070313,427.9200134277344,91426200,415.78100128173827,411.1614013671875,416.6373496788278,66.45583084102158,3.2697100516337514,0.028821245709784504
2023-06-05,428.2799987792969,429.6199951171875,426.3699951171875,427.1000061035156,65460200,416.50450134277344,411.84000122070313,417.63379314784567,65.07084126613634,3.6978199638794536,-0.2840104915221239
2023-06-06,426.6700134277344,428.5799865722656,425.989990234375,428.0299987792969,64022200,417.26900177001954,412.48560119628905,418.62390796988865,65.93786650378429,4.06528076426099,-0.02196754669249401
2023-06-07,428.44000244140625,429.6199951171875,426.1099853515625,426.5499877929687,85373300,418.0500015258789,413.08680114746096,419.3787727149439,63.247228885397845,4.188785862354109,0.3334952563329594
2023-06-08,426.6199951171875,429.6000061035156,425.8200073242187,429.1300048828125,61952800,418.86400146484374,413.75740112304686,420.3074614928362,65.86237494511397,4.443626993527346,-0.2743304991138916
2023-06-09,429.9599914550781,431.989990234375,428.8699951171875,429.8999938964844,85742800,419.7525009155273,414.3284008789062,421.22103600746937,66.62562291495543,4.654072849599629,0.38400201443679705
2023-06-12,430.9200134277344,433.8800048828125,430.1700134277344,433.7999877929687,76104300,420.8630004882813,414.930400390625,422.41903141561215,70.25334919479725,5.0770248385541095,-0.11241177101750821
2023-06-13,435.3200073242187,437.3299865722656,434.6300048828125,436.6600036621094,95899700,422.04550018310545,415.4758001708984,423.77531448670715,72.60504494174677,5.578689060617421,0.2601088243371268
2023-06-14,437.010009765625,439.05999755859375,433.5899963378906,437.1799926757813,100612100,423.39199981689455,416.0003997802734,425.0519505047142,73.02263769305212,5.9496366310098665,0.04913883985038536
2023-06-15,436.3299865722656,443.8999938964844,436.2300109863281,442.6000061035156,110303100,424.76049957275393,416.6789996337891,426.7231938950763,76.96426308468786,6.604828686025371,0.09632042269269792
2023-06-16,443.0199890136719,443.6099853515625,438.9700012207031,439.4599914550781,114165800,425.7719985961914,417.31619934082033,427.9362222341241,70.53452064307687,6.79240159266044,0.035018961389117864
2023-06-20,437.4500122070313,438.3699951171875,435.0299987792969,437.1799926757813,76160400,426.6999984741211,417.8759991455078,428.81658132380574,66.20927369229642,6.680073892186613,-0.33289654169637495
2023-06-21,436.1600036621094,436.989990234375,434.3299865722656,434.94000244140625,76982300,427.5074981689453,418.3825994873047,429.39976428738674,62.17538538408529,6.337252981185031,0.01079169752259701
2023-06-22,433.9500122070313,436.6199951171875,433.6000061035156,436.510009765625,70637200,428.62849884033204,418.9183996582031,430.07693052340943,63.83838848299554,6.121684441663547,-0.08242284265344113
2023-06-23,432.9299926757813,435.05999755859375,432.4700012207031,433.2099914550781,92074500,429.73449859619143,419.4215997314453,430.37531727880645,58.06014283152641,5.6197796016909365,0.30348456620590847
2023-06-26,432.6199951171875,434.6099853515625,431.19000244140625,431.44000244140625,72823600,430.5739990234375,419.7809997558594,430.47671586572073,55.17545442579495,5.021310536784881,-0.20907960401631287
2023-06-27,432.3500061035156,436.80999755859375,431.8800048828125,436.1700134277344,72813700,431.3815002441406,420.2552001953125,431.0189346811506,60.78298449582605,4.872524418895637,-0.00013594494092572518
2023-06-28,435.0499877929687,437.44000244140625,434.4100036621094,436.3900146484375,75636000,432.19200134277344,420.70420043945313,431.53046610660647,61.02719537130782,4.717976709734842,0.03876056291604457
2023-06-29,435.9599914550781,438.2799987792969,435.5400085449219,438.1099853515625,67882300,433.20500030517576,421.1822003173828,432.15708698707846,62.96870692850637,4.680331846000797,-0.10251335342958379
2023-06-30,441.44000244140625,444.2999877929687,441.1099853515625,443.2799987792969,104964000,434.2779998779297,421.765,433.2164119196707,68.11118048526399,5.0099236154187,0.5462646374680882
2023-07-03,442.9200134277344,444.0799865722656,442.6300048828125,443.7900085449219,32793400,435.0714996337891,422.4032000732422,434.22342112207554,68.57479057060962,5.251742178284076,-0.6875747875462064
2023-07-05,441.9100036621094,443.8900146484375,441.8999938964844,443.1300048828125,58418400,435.8729995727539,423.0217999267578,435.0716671945267,67.21296949121756,5.3287023877877004,0.7814072343825282
2023-07-06,439.4200134277344,440.1000061035156,437.05999755859375,439.6600036621094,80658300,436.45449981689455,423.56239990234377,435.50865162001077,60.419373085844725,5.051463680900724,0.38070025882256275
2023-07-07,438.6300048828125,442.6400146484375,438.2999877929687,438.5499877929687,86134200,437.0544998168945,424.2117999267578,435.798302684102,58.38635036586763,4.688139055677198,0.06789009934501467
2023-07-10,438.1799926757813,439.8399963378906,437.5899963378906,439.6600036621094,62443500,437.58099975585935,424.91780029296876,436.1660837296265,59.84156638080532,4.43860519863091,-0.2750440591542036
2023-07-11,440.4500122070313,442.9700012207031,439.44000244140625,442.4599914550781,64463800,438.20899963378906,425.5188000488281,436.76550351300284,63.32548258558058,4.415879918633436,0.03235404805944575
2023-07-12,446.3900146484375,447.4800109863281,444.9100036621094,446.0199890136719,91924500,438.8199996948242,426.12059997558595,437.64688308449513,67.21939473939125,4.631740203439051,0.4259863675427138
2023-07-13,447.8999938964844,450.3800048828125,447.4500122070313,449.55999755859375,72425200,439.4649993896484,426.8015997314453,438.78146541536165,70.56604034942916,5.030471989096043,-0.21212299223819553
2023-07-14,450.4800109863281,451.3599853515625,448.489990234375,449.2799987792969,69815800,440.0699996948242,427.5703997802734,439.78132573573646,69.95767476952363,5.263205286187144,-0.03602889601961745
2023-07-17,449.1300048828125,451.9299926757813,449.0799865722656,450.8399963378906,52680200,440.481999206543,428.42679992675784,440.83453245975113,71.43525703685825,5.510010890733952,-0.24544014392157654
2023-07-18,450.5,454.8599853515625,450.0499877929687,454.19000244140625,80668200,441.2184997558594,429.4079998779297,442.10648198181354,74.35248146991755,5.907821912346151,0.5312812024251996
2023-07-19,455.010009765625,456.4299926757813,454.1099853515625,455.2000122070313,65891700,442.1195007324219,430.25940002441405,443.35348486040573,75.17563772073174,6.232742187934377,-0.18317627020312832
2023-07-20,454.1700134277344,455.1000061035156,451.44000244140625,452.1799926757813,70591600,442.98150024414065,431.0482000732422,444.19410465234625,68.13405879819726,6.17536771545582,0.07132764824704774
2023-07-21,453.9599914550781,454.1700134277344,452.1700134277344,452.1799926757813,71275600,443.76499938964844,431.8732000732422,444.95466541648295,68.13405879819726,6.0600416448192505,0.009689538132015674
2023-07-24,453.3699951171875,455.0400085449219,452.2999877929687,454.2000122070313,54023400,444.8145004272461,432.7002001953125,445.8351746346304,70.29265752660669,6.061767316815519,-0.24204917250784275
2023-07-25,453.9200134277344,456.739990234375,453.8699951171875,455.44000244140625,55191200,446.0145004272461,433.5664001464844,446.7499201400376,71.5659586906523,6.09295596950551,0.021616558750467307
2023-07-26,454.4700012207031,456.989990234375,453.3800048828125,455.510009765625,71052900,446.98150024414065,434.4448004150391,447.58421439009356,71.63986568040703,6.053540757795702,0.28739545434779457
2023-07-27,459.0199890136719,459.44000244140625,451.5499877929687,452.489990234375,92194400,447.7864990234375,435.2344000244141,448.051431137168,63.92119097839451,5.712760435498296,0.2975459129746991
2023-07-28,455.8800048828125,457.7799987792969,452.489990234375,456.9200134277344,80011800,448.7270004272461,436.16780029296876,448.89605802198383,69.1687779604251,5.734056786040469,-0.1321403469191187
2023-07-31,457.4100036621094,458.1600036621094,456.0499877929687,457.7900085449219,62040400,449.45250091552737,437.0190002441406,449.7431009289303,70.0888792467295,5.754797904377142,-0.2246093701179076
2023-08-01,456.2699890136719,457.25,455.489990234375,456.4800109863281,55291500,450.08700103759764,437.7640002441406,450.3847114105872,66.85362643259168,5.600965096070752,-0.10878234182887281
2023-08-02,453.25,453.5199890136719,449.3500061035156,450.1300048828125,93933400,450.43700103759767,438.39420043945313,450.36045364603723,53.87244705881338,4.9100589605523055,0.698875957425644
2023-08-03,448.0400085449219,450.7900085449219,447.3699951171875,448.8399963378906,64276100,450.89600067138673,438.9952001953125,450.2156481881185,51.67716179643679,4.209888982297002,-0.3157268873478444
2023-08-04,450.7200012207031,452.8999938964844,446.2699890136719,446.80999755859375,100128900,451.30900115966796,439.64960021972655,449.89130050911615,48.338982663935774,3.4514095926397204,0.5577936433604405
2023-08-07,448.7099914550781,450.8699951171875,447.989990234375,450.7099914550781,58357500,451.8615005493164,440.44200012207034,449.96927107539824,54.42941870726954,3.1289376797487307,-0.4171762598011164
2023-08-08,448.0799865722656,450.7000122070313,445.2699890136719,448.75,71361300,452.1760009765625,441.12400024414063,449.8531500205984,51.16480577608438,2.6842787409846096,0.22282997044081743
2023-08-09,449.0299987792969,449.2000122070313,444.9599914550781,445.75,78789600,452.1625015258789,441.6386004638672,449.4623738281604,46.561433449598105,2.0659929201182763,0.10409423595141898
2023-08-10,448.19000244140625,451.7000122070313,444.7000122070313,445.9100036621094,93005500,451.98000183105466,442.15320068359375,449.1240528599651,46.836168705933524,1.5708006982389406,0.1804286352513529
2023-08-11,443.9700012207031,446.7000122070313,443.3500061035156,445.6499938964844,68690900,451.7985015869141,442.7092004394531,448.79319010153836,46.41853509200165,1.144187201807938,-0.26143185080452236
2023-08-14,444.7000122070313,448.1099853515625,444.3800048828125,448.1099853515625,47867400,451.66200103759763,443.235,448.72812298249306,50.8811639894413,0.9931453226524809,-0.30314786965959106
2023-08-15,446.2699890136719,446.6400146484375,442.2999877929687,442.8900146484375,75707500,451.09700164794924,443.5344000244141,448.17211266496395,42.74561427607603,0.4470818532910812,0.5816087775814021
2023-08-16,442.4599914550781,444.1799926757813,439.5299987792969,439.6400146484375,80107200,450.31900177001955,443.7852001953125,447.35953190148524,38.606647551027834,-0.24509986034871645,0.05811445365386514
2023-08-17,441.1600036621094,441.4299926757813,435.75,436.2900085449219,95711300,449.5245025634766,443.950400390625,446.3052915818125,34.859752004390955,-1.0518512640751396,0.19479023109033888
2023-08-18,433.3699951171875,437.5700073242187,433.010009765625,436.5,98852000,448.7405029296875,444.14940063476564,445.37145428830655,35.28374975161432,-1.6551830880816283,0.03281430719256773
2023-08-21,437.5499877929687,440.1099853515625,435.3200073242187,439.3399963378906,68719000,447.9975021362305,444.35360046386717,444.79702972160027,40.88768312983671,-1.8824640618381068,-0.30482944199409223
2023-08-22,441.1799926757813,441.1799926757813,437.5700073242187,438.1499938964844,64994200,447.13300170898435,444.5186004638672,444.16397869063684,39.350094518867884,-2.134009588604613,-0.054203349874125006
2023-08-23,439.25,443.6700134277344,439.1000061035156,443.0299987792969,68441000,446.50900115966795,444.70320068359376,444.05598060384256,47.987997357396594,-1.9174820808770505,0.05303242443171863
2023-08-24,444.69000244140625,445.2200012207031,436.8599853515625,436.8900146484375,88517300,445.72900238037107,444.70780090332033,443.37350765570875,40.225352457869846,-2.215785678357065,0.29333732704080884
2023-08-25,438.6799926757813,441.2999877929687,435.0,439.9700012207031,102325100,444.88150177001955,444.76360107421874,443.0493641857082,45.02905955190065,-2.1785512697249487,0.1559898460526925
2023-08-28,442.239990234375,443.3999938964844,439.9700012207031,442.760009765625,61595400,444.1300018310547,444.7668011474609,443.0218066218908,49.02533375024792,-1.9019874329428035,-0.3980421226072586
2023-08-29,442.6499938964844,449.4500122070313,442.4599914550781,449.1600036621094,83081900,443.7640014648438,444.96080139160154,443.60639681619733,56.78609517582013,-1.153090470126756,0.34883286738944785
2023-08-30,449.510009765625,451.6700134277344,448.7799987792969,451.010009765625,69053900,443.80800170898436,445.2374017333984,444.31150281138093,58.741521404091486,-0.40562836883515274,-0.1688454404629649
2023-08-31,451.6499938964844,452.8299865722656,450.1600036621094,450.3500061035156,66084600,443.8835021972656,445.5456018066406,444.8865983630128,57.73774811662539,0.131962767322932,-0.0429997436784888
2023-09-01,453.1700134277344,453.6700134277344,449.6799926757813,451.19000244140625,58944100,444.1025024414063,445.8392016601563,445.48692256095507,58.7049217916365,0.6186568095881739,-0.10805089234102949
2023-09-05,450.7300109863281,451.05999755859375,449.1700134277344,449.239990234375,55166200,444.0290023803711,446.1598016357422,445.84435757747127,55.5279864273557,0.8373630562768426,-0.06409292872399441
2023-09-06,448.3999938964844,448.510009765625,443.80999755859375,446.2200012207031,70758500,443.9025024414062,446.4554016113281,445.880133162541,50.93104307212684,0.7582607008109221,0.28264227008566833
2023-09-07,443.1099853515625,445.5499877929687,442.75,444.8500061035156,70355400,443.85750274658204,446.6290014648437,445.7820258235862,48.95125195975829,0.5783574135242588,-0.0056968420755103555
2023-09-08,444.8999938964844,447.1099853515625,444.5299987792969,445.5199890136719,61659700,443.83800201416017,446.8116009521484,445.7570699369277,49.97537013237469,0.48426250704687845,-0.12359676727017399
2023-09-11,448.239990234375,448.7699890136719,446.4700012207031,448.4500122070313,60180100,443.9780029296875,447.0184014892578,446.01354062931847,54.293856676963834,0.6387568093391565,-0.023996224438328384
2023-09-12,446.9500122070313,448.5299987792969,445.3900146484375,445.989990234375,67565400,443.87200317382815,447.0726013183594,446.01129773456194,50.362792777436866,0.5562790049478394,0.12271996889337178
2023-09-13,446.2200012207031,447.7099914550781,445.0799865722656,446.510009765625,60199300,444.0530029296875,447.12700134277344,446.0587941184727,51.167674691796776,0.5268033201831486,-0.10902177741861963
2023-09-14,449.0700073242187,451.0799865722656,447.7200012207031,450.3599853515625,83430800,444.58900146484376,447.27160095214845,446.468431378767,56.75818837067405,0.8048269378903115,0.385909802937908
2023-09-15,447.1400146484375,447.4800109863281,442.9200134277344,443.3699951171875,111848900,444.94300079345703,447.34580078125,446.1733422109975,46.376938152162104,0.45587383405961646,0.34061881223720736
2023-09-18,443.0499877929687,444.9700012207031,442.55999755859375,443.6300048828125,55752200,445.2995010375977,447.44740112304686,445.93111960831317,46.766970021623194,0.19802390399638625,-0.5015400240860661
2023-09-19,442.6799926757813,443.2900085449219,439.94000244140625,442.7099914550781,66514600,445.468000793457,447.50840087890623,445.62434549848126,45.50571299365477,-0.07964333919426281,0.193039915913632
2023-09-20,444.010009765625,444.44000244140625,438.4299926757813,438.6400146484375,82562600,445.4925018310547,447.43200134277345,444.9591711318104,40.32466531283483,-0.6209517981873773,0.24127033764015726
2023-09-21,435.7000122070313,435.9700012207031,431.2300109863281,431.3900146484375,104095800,444.9105026245117,447.13940185546875,443.66687051434633,33.09600257075931,-1.616325071778192,0.26081058493797427
2023-09-22,432.4500122070313,434.1000061035156,429.989990234375,430.4200134277344,100829700,444.5870025634766,446.75660217285156,442.40526507752617,32.262692261609544,-2.4551352829748794,-0.031375905656136016
2023-09-25,429.1700134277344,432.2699890136719,428.7200012207031,432.2300109863281,70874500,444.2000030517578,446.4156024169922,441.43619325931684,35.52491441020241,-2.9399567510847646,-0.29708706859189304
2023-09-26,429.0899963378906,429.8200073242187,425.0199890136719,425.8800048828125,96168400,443.3560028076172,445.9164025878906,439.9546515091736,30.056037362379087,-3.7928520434617212,0.35688294097312845
2023-09-27,427.0899963378906,427.6700134277344,422.2900085449219,426.0499877929687,104705800,442.2005020141602,445.35360229492187,438.63039782191595,30.365072631767035,-4.404291575500054,0.08877552293684832
2023-09-28,425.4800109863281,430.25,424.8699951171875,428.5199890136719,92258300,441.0760009765625,444.8200018310547,437.6675017449403,34.86832854823204,-4.636111150510999,-0.11888071147921131
2023-09-29,431.6700134277344,431.8500061035156,425.9100036621094,427.4800109863281,115111300,439.9325012207031,444.3260021972656,436.6972645298344,33.87500540615564,-4.847864208321823,0.24770671039895586
2023-10-02,426.6199951171875,428.6000061035156,424.4599914550781,427.30999755859375,83798600,438.7385009765625,443.8286022949219,435.80323910400193,33.705957484389074,-4.972083610148729,-0.2720210787298901
2023-10-03,425.05999755859375,427.3699951171875,420.1799926757813,421.5899963378906,103760600,437.35600128173826,443.17640197753906,434.44959693580086,28.54472011349388,-5.469040975509131,0.2382140035752387
2023-10-04,422.0700073242187,425.4299926757813,420.55999755859375,424.6600036621094,87453000,436.2780014038086,442.5608020019531,433.5172547192588,34.35475096195769,-5.551168914238303,-0.15716562934292977
2023-10-05,424.3599853515625,425.3699951171875,421.1700134277344,424.5,70142700,435.2605010986328,441.94060180664064,432.65846855551985,34.1986776588102,-5.5650168060691385,-0.19793832115536347
2023-10-06,421.9700012207031,431.1300048828125,420.6000061035156,429.5400085449219,113273300,434.4615020751953,441.4816021728516,432.36147236403434,42.98517262122281,-5.1103953353323845,0.6148979152499119
2023-10-09,427.5799865722656,432.8800048828125,427.010009765625,432.2900085449219,80374400,433.6535018920898,440.9890020751953,432.35466628602364,47.13327578289245,-4.476599079509185,-0.2904382586187566
2023-10-10,432.94000244140625,437.2200012207031,432.5299987792969,434.5400085449219,78607300,433.0810028076172,440.5240020751953,432.56279412020444,50.31816183076638,-3.7495325078014616,-0.02198585619301663
2023-10-11,435.6400146484375,436.5799865722656,433.1799926757813,436.3200073242187,62451700,432.5715026855469,440.1208020019531,432.9206239491582,52.74362014979909,-2.995169536088781,-0.20552289672842095
2023-10-12,436.9500122070313,437.3399963378906,431.2300109863281,433.6600036621094,81154200,431.7365036010742,439.79140197753907,432.99104106467735,48.90154419154362,-2.582205453962672,0.2994714315222804
2023-10-13,435.2099914550781,436.4500122070313,429.8800048828125,431.5,95143100,431.1430038452148,439.44460205078127,432.8490371537557,45.97297457326474,-2.4015392378331057,0.17237431950533666
2023-10-16,433.8200073242187,437.1400146484375,433.5700073242187,436.0400085449219,75433200,430.7635040283203,439.2292022705078,433.15293919100964,52.42241766425501,-1.8704577402696145,-0.20716058232283796
2023-10-17,432.80999755859375,438.1400146484375,432.4500122070313,436.0199890136719,75324700,430.42900390625,438.9354022216797,433.4259915550727,52.392717148064975,-1.434649489796584,-0.0014383587067763326
2023-10-18,434.19000244140625,435.1799926757813,429.0899963378906,430.2099914550781,93559800,430.007502746582,438.5646020507813,433.1197058312637,44.5109971305339,-1.5403305860967293,0.24208659310956437
2023-10-19,430.9500122070313,432.8200073242187,425.7300109863281,426.4299926757813,121323000,429.7595016479492,438.1782019042969,432.4825902926463,40.2667819242726,-1.9071139050666943,0.296742831857272
2023-10-20,425.9800109863281,426.5400085449219,421.0799865722656,421.19000244140625,123919900,429.2980010986328,437.6838018798828,431.40710573538536,35.24911536991371,-2.5907511804484216,0.021404844918111232
2023-10-23,419.6099853515625,424.4500122070313,417.7999877929687,420.4599914550781,92035100,428.7095001220703,437.1800018310547,430.36452342297514,34.60220772227686,-3.155074695050587,-0.25730169246424506
2023-10-24,422.6499938964844,424.8200073242187,420.739990234375,423.6300048828125,78564200,428.5970001220703,436.6904022216797,429.7231407048644,39.771296233088535,-3.308374671571528,-0.14636698390070746
2023-10-25,421.8900146484375,421.9200134277344,417.0199890136719,417.5499877929687,94223200,428.1720001220703,436.1836016845703,428.5637928084934,34.18952172135559,-3.8757948236301445,0.19931470058881784
2023-10-26,416.4500122070313,417.3299865722656,411.6000061035156,412.5499877929687,115156800,427.37350006103514,435.6418011474609,427.03866852130056,30.409752257202427,-4.675046568705966,0.22217033596821167
2023-10-27,414.19000244140625,414.6000061035156,409.2099914550781,410.6799926757813,107367700,426.5334991455078,435.1296008300781,425.4806993931559,29.113407608984943,-5.39713747156145,-0.06763907993275253
2023-10-30,413.55999755859375,416.6799926757813,412.2200012207031,415.5899963378906,86562700,425.94749908447267,434.7114007568359,424.5387276736068,36.73893872175713,-5.509691163470109,-0.19377336014462454
2023-10-31,416.1799926757813,418.5299987792969,414.2099914550781,418.2000122070313,79665200,425.7779998779297,434.2886010742188,423.9350404863139,40.40867658840566,-5.32687935801448,-0.0796821263662062
2023-11-01,419.2000122070313,423.5,418.6499938964844,422.6600036621094,98068100,425.67799987792966,433.97880126953123,423.8136084078182,46.1565478046134,-4.767162763500096,0.23100299754472475
2023-11-02,426.5799865722656,430.9200134277344,426.55999755859375,430.760009765625,94938900,425.9910003662109,433.7334014892578,424.47517044189505,54.70206588230517,-3.628157391865102,-0.03190843913566188
2023-11-03,433.1400146484375,436.2900085449219,433.010009765625,434.69000244140625,100167800,426.24850006103514,433.6894012451172,425.4480115847056,58.17083779962502,-2.380924053719923,0.05507647550161199
2023-11-06,435.4700012207031,436.1499938964844,433.6799926757813,435.69000244140625,67831700,426.4184997558594,433.60380126953123,426.42343928534376,59.0305448327707,-1.2968418195181926,-0.3228193091991638
2023-11-07,435.69000244140625,437.5899963378906,434.510009765625,436.9299926757813,64256100,426.53799896240236,433.48720092773436,427.4240634177664,60.12494354336463,-0.3337942176775641,-0.0527128171636565
2023-11-08,437.5499877929687,438.0899963378906,434.8699951171875,437.25,61746000,426.5844985961914,433.2490008544922,428.3598669017886,60.418796937563656,0.4500618292027525,-0.0390639954805847
2023-11-09,438.4299926757813,438.4700012207031,433.3999938964844,433.8399963378906,83174400,426.59349822998047,432.9056005859375,428.8817839909412,55.70767801146607,0.7870420657732211,0.34704110387717413
2023-11-10,435.9800109863281,440.9299926757813,433.8299865722656,440.6099853515625,89462200,427.0489974975586,432.71080017089844,429.9987555490956,62.03666438306625,1.5821448839401455,0.07559778008618045
2023-11-13,439.2300109863281,441.3299865722656,438.4200134277344,440.19000244140625,52236100,427.2564971923828,432.4908001708984,430.96935049122044,61.450045205353675,2.153555636007866,-0.4161098206840431
2023-11-14,446.3200073242187,450.05999755859375,446.0899963378906,448.7300109863281,97176900,427.8919982910156,432.4806005859375,432.660841966945,68.06322395164884,3.25795442100042,0.8603398798914927
2023-11-15,450.1099853515625,451.3800048828125,448.7999877929687,449.6799926757813,77327600,428.8654983520508,432.54980041503904,434.28171346302463,68.70633276450056,4.161878453745885,-0.2042594484903305
2023-11-16,449.2200012207031,450.55999755859375,448.1199951171875,450.2300109863281,66665800,430.0554992675781,432.6574005126953,435.8005989414345,69.09437369183654,4.866528333761096,-0.13787832546206014
2023-11-17,450.239990234375,451.4200134277344,449.2900085449219,450.7900085449219,83133200,431.5354995727539,432.76280090332034,437.22816176081426,69.50893365386591,5.407817608147866,0.2470142111847453
2023-11-20,450.5299987792969,455.1300048828125,450.5199890136719,454.260009765625,69936200,433.2255004882812,432.8790008544922,438.8502425231772,72.01399778356597,6.047086309582198,-0.15874524257456712
2023-11-21,453.1799926757813,454.1300048828125,451.9599914550781,453.2699890136719,49244600,434.7074996948242,433.0246008300781,440.22355171274813,70.24088817373567,6.400049177392532,-0.29586394456661924
2023-11-22,454.9800109863281,456.3800048828125,453.8900146484375,455.0199890136719,59394900,436.58099975585935,433.1948004150391,441.632736217598,71.57325622911955,6.743253143028653,0.20612006189511134
2023-11-24,455.0700073242187,455.5,454.7300109863281,455.2999877929687,29737400,438.7184997558594,433.29360046386716,442.93437922477614,71.79087513976934,6.957635034191355,-0.4993273833275248
2023-11-27,454.6499938964844,455.489990234375,454.0799865722656,454.4800109863281,50506000,440.9085006713867,433.51580078125,444.0339632020668,70.09845541063994,6.980897510963587,0.69839999461957
2023-11-28,454.0799865722656,456.2699890136719,453.5,454.9299926757813,62115000,442.87550048828126,433.7418005371094,445.0716802948015,70.50932267100227,6.955464685816025,0.22985387874707963
2023-11-29,457.1499938964844,458.3200073242187,454.2000122070313,454.6099853515625,63146000,444.6959991455078,433.97980041503905,445.98009030020734,69.77504922155656,6.830746478588196,0.016598245190372785
2023-11-30,455.4800109863281,456.760009765625,453.3399963378906,456.3999938964844,79752700,446.38299865722655,434.335,446.97246207128137,71.55920543419745,6.797982223191582,0.262988946251544
2023-12-01,455.7699890136719,459.6499938964844,455.1600036621094,459.1000061035156,89183400,447.7999984741211,434.8891998291016,448.1274662648275,74.04770908369105,6.910227928804261,0.11824928811187574
2023-12-04,455.6000061035156,459.1199951171875,454.3399963378906,456.69000244140625,72430900,448.8999984741211,435.414599609375,448.9429459006921,68.30293956054898,6.727169680340467,-0.18784325334086838
2023-12-05,455.260009765625,457.5899963378906,454.8699951171875,456.6000061035156,69793500,449.94549865722655,435.90199951171877,449.6721897295324,68.09049808337215,6.499905878318145,-0.03641263604345657
2023-12-06,458.80999755859375,458.8399963378906,454.30999755859375,454.760009765625,69124700,450.8369995117188,436.479599609375,450.1567440186841,63.72638491001662,6.100996856864128,-0.009582554249321196
2023-12-07,456.9100036621094,458.8999938964844,456.2900085449219,458.2300109863281,66995400,451.88600006103513,437.1232000732422,450.92562658703116,67.90424968070869,5.995743483224146,-0.030803750323690426
2023-12-08,457.4599914550781,460.75,457.2099914550781,460.2000122070313,83194400,453.20400085449216,437.75680053710937,451.80890140798357,70.01569153645283,6.002103547314732,0.24179272009720076
2023-12-11,459.69000244140625,462.1700134277344,459.4700012207031,461.989990234375,65002200,454.2730010986328,438.44700012207034,452.77852891525896,71.82911006336113,6.081476733073373,-0.21867096823824683
2023-12-12,461.6300048828125,464.2000122070313,460.6000061035156,464.1000061035156,68327600,455.46850128173827,439.18280029296875,453.8567648379501,73.83774877382953,6.242679478051343,0.051158268489374104
2023-12-13,464.489990234375,470.760009765625,464.1199951171875,470.5,93278000,456.5570007324219,440.16100036621094,455.4418348533834,78.78000318115349,6.808377102149109,0.36515844256201
2023-12-14,472.5,473.7300109863281,469.25,472.010009765625,119026000,457.6735015869141,441.1080004882813,457.0197562735969,79.75189782537464,7.294455767835075,0.2760350779390639
2023-12-15,469.489990234375,470.7000122070313,467.4299926757813,469.3299865722656,141553700,458.6285003662109,442.00460021972657,458.19215915918437,73.33223422216837,7.378367906234587,0.1892670508964427
2023-12-18,470.9800109863281,472.9800109863281,469.8900146484375,471.9700012207031,70375300,459.6875,442.8532000732422,459.5043345936147,75.4303198772619,7.5706265290014585,-0.5028367326322095
2023-12-19,472.5299987792969,474.9200134277344,472.4500122070313,474.8399963378906,55761800,460.7164993286133,443.7041998291016,460.9648738073553,77.50251242548923,7.863927037338044,-0.20765097981820324
2023-12-20,473.9599914550781,475.8999938964844,467.8200073242187,468.260009765625,102921000,461.46600036621095,444.37859985351565,461.6596486605238,64.14509264012844,7.479204267024045,0.8457259270683515
2023-12-21,471.3299865722656,472.9800109863281,468.8399963378906,472.7000122070313,86667500,462.3500015258789,445.1061999511719,462.7111118554293,68.13582299359342,7.446738425015269,-0.15792209558787806
2023-12-22,473.8599853515625,475.3800048828125,471.7000122070313,473.6499938964844,67160400,463.2675018310547,445.9059997558594,463.7529101450536,68.9325796171776,7.412221123169729,-0.22507975884847264
2023-12-26,474.0700073242187,476.5799865722656,473.989990234375,475.6499938964844,55387000,464.3260009765625,446.78899963378905,464.88596574042793,70.59936299672927,7.460252056217598,-0.17530270814348936
2023-12-27,475.44000244140625,476.6600036621094,474.8900146484375,476.510009765625,68000300,465.4050018310547,447.5983996582031,465.9930175523515,71.31210732064612,7.481471266186929,0.2277303338328489
2023-12-28,476.8800048828125,477.5499877929687,476.260009765625,476.69000244140625,77158100,466.5090026855469,448.4117999267578,467.01177801797576,71.46800591673562,7.4271954616248195,0.13467293526646196
2023-12-29,476.489990234375,477.0299987792969,473.2999877929687,475.30999755859375,122283100,467.45450286865236,449.3138000488281,467.80208464089174,68.39895903834228,7.189945419403045,0.5848381440185801
2024-01-02,472.1600036621094,473.6700134277344,470.489990234375,472.6499938964844,123623700,468.13200225830076,450.2382000732422,468.2637902842815,62.80082253142094,6.709935032429655,0.010963084841650206
2024-01-03,470.4299926757813,471.19000244140625,468.1700134277344,468.7900085449219,103585900,468.73700256347655,451.1902001953125,468.3139063091044,55.67925621898093,5.949472962939183,-0.1620870431802316
2024-01-04,468.2999877929687,470.9599914550781,467.0499877929687,467.2799987792969,84232200,469.2710021972656,452.12660034179686,468.2154389253132,53.14053565298796,5.165412466075566,-0.18683720467747056
2024-01-05,467.489990234375,470.44000244140625,466.4299926757813,467.9200134277344,86118900,469.9290023803711,453.0124005126953,468.18730316363906,54.09589733763744,4.543310254264895,0.022398797609465282
2024-01-08,468.4299926757813,474.75,468.2999877929687,474.6000061035156,74879100,470.7475021362305,454.15340087890627,468.79803677696066,62.65412595279015,4.537009529640613,-0.13051490439380897
2024-01-09,471.8699951171875,474.9299926757813,471.3500061035156,473.8800048828125,65931400,471.4315017700195,455.38000122070315,469.28203373942273,61.326958454902545,4.422933257361592,-0.11949529307911022
2024-01-10,474.1600036621094,477.4500122070313,473.8699951171875,476.55999755859375,67310600,472.16000213623045,456.6976013183594,469.9751731507724,64.35370153652732,4.496942052278143,0.02091871247994126
2024-01-11,477.5899963378906,478.1199951171875,472.260009765625,476.3500061035156,77940700,472.77250213623046,457.91280151367187,470.5823000986527,63.93148550095545,4.4869274928785785,0.15792609187854523
2024-01-12,477.8399963378906,478.6000061035156,475.2300109863281,476.6799926757813,58026400,473.08150177001954,459.08240112304685,471.16303272504587,64.32755680222118,4.454271966431406,-0.25550578837500815
2024-01-16,475.260009765625,476.6099853515625,473.05999755859375,474.9299926757813,85014900,473.22750091552734,460.1278009033203,471.5217908155921,60.531332891104185,4.238325078571904,0.4651072615223415
2024-01-17,471.8200073242187,472.7900085449219,469.8699951171875,472.2900085449219,68843900,473.37550201416013,460.9584008789063,471.5949544088616,55.235647640821114,3.8102388958376423,-0.19021371547811028
2024-01-18,474.010009765625,477.05999755859375,472.4200134277344,476.489990234375,91856200,473.60150146484375,461.7944006347656,472.06114829700573,61.07075291875163,3.76646348691861,0.334267814577617
2024-01-19,477.6499938964844,482.7200012207031,476.5400085449219,482.4299926757813,110834500,473.98100128173826,462.7292004394531,473.04865728546054,67.5193471463009,4.1630902019014115,0.20660880811529325
2024-01-22,484.010009765625,485.2200012207031,482.7799987792969,483.4500122070313,75844900,474.7405014038086,463.65960083007815,474.0392625160863,68.48476676285992,4.507764084202449,-0.31569231602073367
2024-01-23,484.010009765625,485.1099853515625,482.8900146484375,484.8599853515625,49945300,475.34850006103517,464.6118005371094,475.0698075480364,69.82011926617626,4.838913683469798,-0.34148110156384937
2024-01-24,487.80999755859375,488.7699890136719,484.8800048828125,485.3900146484375,81765000,475.9355010986328,465.64280090332034,476.0526844147413,70.32907522088678,5.085498599074242,0.6370909775294171
2024-01-25,487.5799865722656,488.30999755859375,485.3900146484375,488.0299987792969,72525000,476.55450134277345,466.591201171875,477.19338102088943,72.79041059407167,5.431334533715187,-0.11300678774536788
2024-01-26,487.5899963378906,489.1199951171875,486.5400085449219,487.4100036621094,76641600,477.09950103759763,467.53560119628906,478.16639270100563,71.29462908265357,5.5909347633737525,0.05676111685625651
2024-01-29,487.7300109863281,491.4200134277344,487.1700134277344,491.2699890136719,61322800,477.82850036621096,468.38640075683594,479.41435425459287,74.77064819116038,5.960182381454558,-0.19987578547420726
2024-01-30,490.55999755859375,491.6199951171875,490.1099853515625,490.8900146484375,58618400,478.6075012207031,469.2106011962891,480.5072742921019,73.82296365658613,6.151245296610796,-0.044101052137214825
2024-01-31,488.6199951171875,489.0799865722656,482.8599853515625,482.8800048828125,126011100,479.1190017700195,469.86360107421876,480.73324863407436,57.32766062191676,5.591863664257573,1.1496850818173132
2024-02-01,484.6300048828125,489.2300109863281,483.7999877929687,489.2000122070313,91891600,480.139501953125,470.6318011474609,481.53960706959407,64.1367322160705,5.59403688797255,-0.270765829359477
2024-02-02,489.6499938964844,496.0499877929687,489.2999877929687,494.3500061035156,99228200,481.4930023193359,471.43360107421876,482.7596450728247,68.54176919778723,5.9428155719363644,0.07983972419677099
2024-02-05,493.7000122070313,494.3800048828125,490.2300109863281,492.5499877929687,75757100,482.72450103759763,472.21920104980467,483.69205866521935,65.51289401721877,6.00475962637222,-0.23653658939696576
2024-02-06,493.5199890136719,494.3200073242187,492.0499877929687,493.9800109863281,55918600,483.6935012817383,472.9984014892578,484.67186364818207,66.76926209476461,6.098936908077178,-0.26186984454262374
2024-02-07,496.2900085449219,498.5299987792969,495.3599853515625,498.1000061035156,70556500,484.9045013427734,473.8544018554687,485.9507343582138,70.14393030696534,6.431879552287455,0.2617715751109648
2024-02-08,498.1000061035156,498.7099914550781,497.260009765625,498.3200073242187,52343600,485.9925018310547,474.73120178222655,487.1287603549762,70.31727396288252,6.636984233564817,-0.2581321352391346
2024-02-09,498.8399963378906,501.6499938964844,498.489990234375,501.2000122070313,63979400,487.2350021362305,475.65660217285154,488.46887957898144,72.56303815169902,6.95178761571799,0.22229651762584157
2024-02-12,501.1700134277344,503.5,500.239990234375,500.9800109863281,56502300,488.4500030517578,476.58400268554686,489.6604159034907,72.11419184154096,7.101655836372004,-0.11686730416352764
2024-02-13,494.5299987792969,497.0899963378906,490.7200012207031,494.0799865722656,113099200,489.40750274658205,477.3376025390625,490.08132739575495,59.651454094705386,6.587714109137323,1.0016742681271382
2024-02-14,496.7900085449219,499.0700073242187,494.3999938964844,498.5700073242187,68387800,490.72150268554685,478.12700256347654,490.8897731032277,64.01013733890059,6.468157840272966,-0.39532905626211323
2024-02-15,499.2900085449219,502.2000122070313,498.7999877929687,502.010009765625,61683000,491.99750366210935,479.0334027099609,491.94884326155125,66.95539361366276,6.575193347568074,-0.098040878636248
2024-02-16,501.7000122070313,502.8699951171875,498.75,499.510009765625,75532900,492.85150451660155,479.8916027832031,492.6689543571773,62.92513427695888,6.384691897755772,0.2245335019373247
2024-02-20,497.7200012207031,498.4100036621094,494.4500122070313,496.760009765625,71736700,493.5170043945312,480.73160278320313,493.0585786817914,58.73685635207475,5.943305384110715,-0.05025889380653992
2024-02-21,495.4200134277344,497.3699951171875,493.55999755859375,497.2099914550781,59293400,494.134504699707,481.5112023925781,493.45395132686633,59.21521796215833,5.565655738856776,-0.17345793715071922
2024-02-22,504.010009765625,508.489990234375,503.0199890136719,507.5,76402500,495.24000396728513,482.4572021484375,494.79167024811716,68.27310913903149,6.027205493436668,0.2885498217339535
2024-02-23,509.2699890136719,510.1300048828125,507.1000061035156,507.8500061035156,61321800,496.2310043334961,483.3744024658203,496.0353212819646,68.52913404300922,6.348053161340204,-0.19738490232649453
2024-02-26,508.2999877929687,508.75,505.8599853515625,505.989990234375,50386700,497.1600036621094,484.2122021484375,496.983384991718,65.50397596090767,6.37870971886781,-0.17832320642903499
2024-02-27,506.7000122070313,507.1600036621094,504.75,506.9299926757813,48854500,497.94300384521483,484.9408020019531,497.9306809616288,66.31331068981946,6.405022490389172,-0.030408818200040932
2024-02-28,505.3299865722656,506.8599853515625,504.9599914550781,506.260009765625,56506600,498.71150360107424,485.6258020019531,498.7239503715332,65.14023009756588,6.299200270225185,0.15663040252177374
2024-02-29,508.0700073242187,509.739990234375,505.3500061035156,508.0799865722656,83924800,499.97150268554685,486.40080200195314,499.6150014382696,66.85547354768127,6.289688700310478,0.48522119540018327
2024-03-01,508.9800109863281,513.2899780273438,508.55999755859375,512.8499755859375,76844800,501.1540008544922,487.2184014892578,500.8754751666189,70.89724347402894,6.591071195623954,-0.08436123767944637
2024-03-04,512.030029296875,514.2000122070312,512.0,512.2999877929688,49799300,502.05149993896487,487.96760131835936,501.96352398817606,69.83973775537645,6.708211489713904,-0.35194964395769135
2024-03-05,510.239990234375,510.7000122070313,504.9100036621094,507.1799926757813,72855600,502.78300018310546,488.7460009765625,502.46033052985274,60.75455989946964,6.3151085598980785,0.46298441945971125
2024-03-06,510.5499877929687,512.0700073242188,508.4200134277344,509.75,68382400,503.5714996337891,489.48700073242185,503.15458476510486,63.33299258408247,6.140169714140768,-0.0613981629414897
2024-03-07,513.1400146484375,515.8900146484375,509.80999755859375,514.8099975585938,58652100,504.406999206543,490.31020080566407,504.26462407877045,67.81634236932204,6.33678244975556,-0.14229246121809125
2024-03-08,515.4600219726562,518.219970703125,511.1300048828125,511.7200012207031,86532500,505.0769989013672,491.03160095214844,504.97465999704974,62.76897910084493,6.1721142874595785,0.4753521186794676
2024-03-11,510.4800109863281,511.8800048828125,508.5,511.2799987792969,62557200,505.5809982299805,491.72700073242186,505.5751684525018,62.06066090041434,5.937663375378065,-0.27706699794874756
2024-03-12,513.4500122070312,517.3800048828125,510.8599853515625,516.780029296875,73114400,506.3709991455078,492.52880126953124,506.64229805672784,67.06388947073378,6.12505995705402,0.1687607501614523
2024-03-13,517.1099853515625,517.2899780273438,514.489990234375,515.969970703125,55104100,507.46549835205076,493.34200073242187,507.5306478325752,65.68986344283115,6.1374593288707615,-0.24633040823695473
2024-03-14,516.969970703125,517.1300048828125,511.8200073242187,514.9500122070312,110171800,508.2844985961914,494.1880010986328,508.2372539634758,63.91422515935842,5.995867169450548,0.9993394320930749
2024-03-15,510.2099914550781,511.7000122070313,508.1199951171875,509.8299865722656,107646300,508.6754974365234,495.0088006591797,508.3889427833605,55.765395386524354,5.4081690774510776,-0.0229232888997003
2024-03-18,514.0,515.47998046875,512.4400024414062,512.8599853515625,88893300,509.34299621582034,495.920400390625,508.8147563612845,59.08959077423797,5.127799602267771,-0.17420942475496137
2024-03-19,512.1500244140625,516.0,511.1199951171875,515.7100219726562,60755300,510.2904968261719,496.87620056152343,509.4714483242723,61.983526562556314,5.077053794023129,-0.3165367918617039
2024-03-20,515.77001953125,520.6199951171875,515.0800170898438,520.47998046875,69594600,511.4539962768555,497.79380004882813,510.5198799570797,66.28245184068487,5.3599470289157125,0.14549018768732935
2024-03-21,523.3900146484375,524.1099853515625,521.9099731445312,522.2000122070312,60256100,512.188996887207,498.7602001953125,511.6322735046941,67.70081104074256,5.657715519376211,-0.13418426142258166
2024-03-22,522.1099853515625,522.6099853515625,520.969970703125,521.2100219726562,79070800,512.8569976806641,499.65320068359375,512.5444400254524,65.98043049962344,5.747560950249863,0.312245565179293
2024-03-25,519.7999877929688,520.9500122070312,519.6099853515625,519.77001953125,48512100,513.5459991455078,500.52160095214845,513.232590454576,63.45456331265495,5.63758140987909,-0.38647262959271944
2024-03-26,521.22998046875,521.5800170898438,518.4000244140625,518.8099975585938,65463700,514.1399993896484,501.3642010498047,513.7637720835301,61.75715899184346,5.410586211942189,0.349430348304856
2024-03-27,521.7100219726562,523.2100219726562,519.489990234375,523.1699829101562,82999800,514.985498046875,502.32900085449216,514.6596016860659,66.18165073642243,5.518886968532911,0.26787517356947443
2024-03-28,523.2100219726562,524.6099853515625,522.780029296875,523.0700073242188,96294900,515.7349990844726,503.34460083007815,515.4605926992233,65.99310989224485,5.532869429450443,0.16018231369232216
2024-04-01,523.8300170898438,524.3800048828125,520.969970703125,522.1599731445312,62477500,516.2004989624023,504.25800048828125,516.0986289321098,64.20022329799534,5.40817638672479,-0.35118578450156757
2024-04-02,518.239990234375,518.97998046875,516.47998046875,518.8400268554688,74230300,516.5275009155273,504.986201171875,516.3597144486201,58.00859844831439,4.9840117474365115,0.18811252050738259
2024-04-03,517.719970703125,520.9500122070312,517.6699829101562,519.4099731445312,59155800,517.1389999389648,505.705400390625,516.6502152768021,58.744196718984945,4.640356970512585,-0.2030774495051212
2024-04-04,523.52001953125,523.8699951171875,512.760009765625,513.0700073242188,96858100,517.3050003051758,506.2696008300781,516.3092430908417,48.55476709512936,3.8124779548290917,0.6373390267733678
2024-04-05,514.4600219726562,520.4400024414062,514.010009765625,518.4299926757812,74546500,517.4860000610352,506.930400390625,516.5112192417884,55.57112299510735,3.5479849312151828,-0.23035347585798194
2024-04-08,519.1500244140625,520.1799926757812,517.8900146484375,518.719970703125,48401800,517.8359985351562,507.54419982910156,516.7215765238204,55.921375042265815,3.3234603259356845,-0.3507166667784537
2024-04-09,520.5,520.75,514.3499755859375,519.3200073242188,68049200,518.2379989624023,508.1823999023438,516.9690461238583,56.682362429375516,3.157542712360282,0.4059229202219752
2024-04-10,513.47998046875,516.1599731445312,512.0900268554688,514.1199951171875,82652800,518.104997253418,508.63940002441404,516.6977079327469,48.81679632986213,2.5767510987433297,0.2146035515479976
2024-04-11,515.6799926757812,519.47998046875,512.0800170898438,518.0,70099000,518.2064987182617,509.1815997314453,516.8217357486758,53.95144402504893,2.4018663083704723,-0.15188596151612532
2024-04-12,514.3699951171875,515.8200073242188,509.0799865722656,510.8500061035156,92561100,518.001498413086,509.7409997558594,516.2529995919939,44.99379757630835,1.6671067309130194,0.3204339576884121
2024-04-15,515.1300048828125,515.2999877929688,503.5799865722656,504.4500122070313,92101400,517.7324996948242,510.0459997558594,515.1289055553308,38.78616187993826,0.561901204343144,-0.004966449188698041
2024-04-16,504.94000244140625,506.5,502.2099914550781,503.5299987792969,73484000,517.266000366211,510.229599609375,514.0242477671371,37.975067456949965,-0.38379537856462775,-0.20214024976819023
2024-04-17,506.0499877929687,506.2200012207031,499.1199951171875,500.5499877929687,75910300,516.5079986572266,510.389599609375,512.7409849124545,35.393261619479006,-1.3580736874039303,0.03301807196124318
2024-04-18,501.9800109863281,504.1300048828125,498.55999755859375,499.5199890136719,74548100,515.4599990844727,510.5003991699219,511.48184244590374,34.51969603599065,-2.1880856703141944,-0.017944863872228156
2024-04-19,499.44000244140625,500.4599914550781,493.8599853515625,495.1600036621094,102212600,514.1079986572265,510.44159912109376,509.92738160935187,31.02853990027201,-3.1612496089546767,0.3710959769598421
2024-04-22,497.8299865722656,502.3800048828125,495.4299926757813,499.7200012207031,67961000,513.0334976196289,510.46959899902345,508.95525014376625,38.08172704292312,-3.52391386265748,-0.3351015432539628
2024-04-23,501.7799987792969,506.0899963378906,499.5299987792969,505.6499938964844,64633600,512.3274963378906,510.5585986328125,508.6404638345013,45.83849720830111,-3.294846111648269,-0.04896043318962351
2024-04-24,506.55999755859375,507.3699951171875,503.1300048828125,505.4100036621094,55928100,511.6574966430664,510.64719848632814,508.3328009609402,45.58958179279116,-3.0969734922419434,-0.13469000643628082
2024-04-25,499.1799926757813,504.2699890136719,497.489990234375,503.489990234375,69122400,510.67349700927736,510.8353985595703,507.8715808917435,43.55195583243132,-3.059815405834115,0.23591539852060062
2024-04-26,506.3500061035156,509.8800048828125,505.7000122070313,508.260009765625,64306100,509.93299713134763,511.0291986083984,507.90857411782747,49.58106440150905,-2.615318875177479,-0.069677846834022
2024-04-29,510.0899963378906,510.75,507.25,510.05999755859375,46415400,509.32799835205077,511.1901983642578,508.1134715883766,51.67845401037123,-2.0936736340538005,-0.27821155380282736
2024-04-30,508.55999755859375,509.55999755859375,501.9800109863281,501.9800109863281,77483600,508.48499755859376,511.2395983886719,507.52933248341964,43.02595231288525,-2.3056750248748585,0.6693511205332714
2024-05-01,501.3800048828125,508.19000244140625,499.8699951171875,500.3500061035156,80242800,507.531999206543,511.3113983154297,506.84558711390497,41.51584097054518,-2.575526361328002,0.0356101162052358
2024-05-02,504.1499938964844,505.8900146484375,499.5499877929687,505.0299987792969,62550200,507.1299987792969,511.4677984619141,506.6726739391804,47.2413381032883,-2.38426487174803,-0.22048831795500656
2024-05-03,511.1600036621094,512.5499877929688,508.55999755859375,511.2900085449219,72756700,506.7729995727539,511.5435986328125,507.11242009210815,53.761958304341505,-1.7078710183036492,0.16317293949499767
2024-05-06,513.75,516.6099853515625,513.2999877929688,516.5700073242188,47264700,506.6655014038086,511.7179986572266,508.0131426856425,58.42887844448355,-0.7372734126320211,-0.3503732302317175
2024-05-07,517.5599975585938,518.5700073242188,516.4500122070312,517.1400146484375,52561300,506.5565017700195,511.9409991455078,508.88236858686105,58.91103429810818,0.07703895286186935,0.11206249061138651
2024-05-08,515.260009765625,517.739990234375,515.1400146484375,517.1900024414062,42047200,506.71000213623046,512.1461993408203,509.67357181110344,58.95599298982877,0.7181426648347724,-0.20003500674450592
2024-05-09,517.3800048828125,520.2100219726562,516.7100219726562,520.1699829101562,43643700,506.8185012817383,512.4243988037109,510.67323001101323,61.64993764155507,1.4499671755419286,0.037969234574478206
2024-05-10,521.8099975585938,522.6400146484375,519.5900268554688,520.8400268554688,52233200,507.31800231933596,512.679599609375,511.64149637715184,62.249910295817216,2.060260914034984,0.1968096197160185
2024-05-13,522.5599975585938,522.6699829101562,519.739990234375,520.9099731445312,36716400,508.14100036621096,512.8407995605469,512.5242084502356,62.31618782155911,2.520512283046912,-0.29706776532933077
2024-05-14,521.1099853515625,523.8300170898438,520.5599975585938,523.2999877929688,57535900,509.1294998168945,513.0607995605469,513.5504731495436,64.60302387144387,3.0430407374694823,0.5670354392042793
2024-05-15,525.8300170898438,530.0800170898438,525.1799926757812,529.780029296875,59504900,510.5910018920898,513.5128002929688,515.0961451635751,69.93098772488477,3.934676988539991,0.03422211175978829
2024-05-16,529.8800048828125,531.52001953125,528.5399780273438,528.6900024414062,50244800,512.0495025634766,513.8916003417969,516.3907982376543,68.07478469547745,4.5014590658536235,-0.1556191170811143
2024-05-17,528.8099975585938,529.52001953125,527.3200073242188,529.4500122070312,59187600,513.7640029907227,514.1844006347657,517.6345329014044,68.69864254659954,4.954847978774865,0.17798458745979673
2024-05-20,529.5700073242188,531.5599975585938,529.1699829101562,530.0599975585938,37764200,515.2810028076171,514.5512005615234,518.8179104878034,69.21854971397624,5.302261508638026,-0.3619575721941758
2024-05-21,529.280029296875,531.52001953125,529.0700073242188,531.3599853515625,33437000,516.566502380371,514.9528002929687,520.0123938081614,70.34888732712004,5.61772969348408,-0.11458471250549462
2024-05-22,530.6500244140625,531.3800048828125,527.5999755859375,529.8300170898438,48390000,517.7875030517578,515.2138000488281,520.947405549274,67.22030621679693,5.678822914938792,0.4471992104554834
2024-05-23,532.9600219726562,533.0700073242188,524.719970703125,525.9600219726562,57211200,518.9110046386719,515.4136010742187,521.4247975895961,59.95687461980686,5.353254484622653,0.18229386236825795
2024-05-24,527.8499755859375,530.27001953125,526.8800048828125,529.4400024414062,41291100,519.970004272461,515.7034008789062,522.1881504326257,63.75002569471962,5.314779034051639,-0.2782689403473446
2024-05-28,530.27001953125,530.510009765625,527.1099853515625,529.8099975585938,36269600,520.9575042724609,516.1030010986328,522.9140406350988,64.13898008684941,5.253582447835129,-0.12161216339598602
2024-05-29,525.6799926757812,527.3099975585938,525.3699951171875,526.0999755859375,45190300,522.1635025024414,516.3678009033204,523.2174630113691,57.479104136177625,4.849810350298753,0.245955290380925
2024-05-30,524.52001953125,525.2000122070312,521.3300170898438,522.6099853515625,46377600,523.2765014648437,516.5058001708984,523.1596079961494,52.00832285074244,4.199792416434889,0.026273337419755904
2024-05-31,523.5900268554688,527.5,518.3599853515625,527.3699951171875,90785800,524.3935012817383,516.6436004638672,523.560597245772,57.89465670106257,4.022374102928325,0.9575355343959153
2024-06-03,529.02001953125,529.3099975585938,522.5999755859375,527.7999877929688,46835700,525.2190002441406,516.7555999755859,523.9643487264574,58.39113777856209,3.871833539668728,-0.4841076467905774
2024-06-04,526.4600219726562,529.1500244140625,524.9600219726562,528.3900146484375,34632700,525.8100006103516,516.8991998291016,524.3858407190269,59.10373566819077,3.7568328641646076,-0.2605491110413638
2024-06-05,530.77001953125,534.6900024414062,528.72998046875,534.6699829101562,47610400,526.6864990234375,517.1971990966797,525.3652828324678,65.81448699564535,4.124885838830892,0.3747238881172996
2024-06-06,534.97998046875,535.4199829101562,532.6799926757812,534.6599731445312,30808500,527.5599975585938,517.5141986083985,526.2504914336166,65.79595433213477,4.365440685669569,-0.35290398736410533
2024-06-07,533.6599731445312,536.8900146484375,532.5399780273438,534.010009765625,43224500,528.2519989013672,517.7309991455078,526.9894931795221,64.52539005414258,4.452312040451943,0.4030056640212929
2024-06-10,533.1799926757812,535.989990234375,532.5700073242188,535.6599731445312,35686100,528.9929962158203,517.9827984619141,527.8152531761897,66.30425358795998,4.601256054733085,-0.17440109197330222
2024-06-11,534.0700073242188,537.010009765625,532.0499877929688,536.9500122070312,36383400,529.7949981689453,518.2785992431641,528.6852302267461,67.6693178914258,4.768423215583198,0.019539820826596443
2024-06-12,541.6300048828125,544.1199951171875,540.2999877929688,541.3599853515625,63251300,530.697998046875,518.728998413086,529.8923497624429,71.86533747269073,5.196846362074098,0.738465893786727
2024-06-13,543.1500244140625,543.3300170898438,539.5900268554688,542.4500122070312,44760900,531.3314971923828,519.1897991943359,531.0883176143085,72.80484468603295,5.5602359113329385,-0.29233233150939186
2024-06-14,540.8800048828125,542.8099975585938,539.8499755859375,542.780029296875,40089900,532.0359985351563,519.7839996337891,532.2018139650291,73.0977524537069,5.8079044609525,-0.1043544700843817
2024-06-17,542.0800170898438,548.530029296875,541.6099853515625,547.0999755859375,55839500,532.9184967041016,520.3573992919922,533.6206865003537,76.64396713505937,6.280370926466276,0.39285705377164826
2024-06-18,547.1599731445312,548.6199951171875,546.72998046875,548.489990234375,41376400,533.8399963378906,520.9527996826172,535.0368106654986,77.66420982834099,6.689850141471084,-0.2590119897205383
2024-06-20,549.4400024414062,550.1199951171875,545.1799926757812,547.0,70328200,534.6219970703125,521.5063995361328,536.1761620306892,73.93592850720955,6.815569961977985,0.6997177134791814
2024-06-21,544.4000244140625,545.6500244140625,543.02001953125,544.510009765625,64338600,535.3559967041016,522.1141998291016,536.9698618149688,68.05623645041632,6.637766384282827,-0.08516640551016519
2024-06-24,544.3300170898438,546.9500122070312,542.6199951171875,542.739990234375,45528700,536.1949951171875,522.608999633789,537.5193978549122,64.15082840327628,6.281619386338889,-0.2923579313196122
2024-06-25,543.989990234375,545.2000122070312,542.4400024414062,544.8300170898438,37936200,536.9644958496094,523.2885998535156,538.215647305858,66.58890679458378,6.097727221020364,-0.16676294293489602
2024-06-26,543.6900024414062,546.239990234375,543.030029296875,545.510009765625,38550600,537.7494964599609,524.1097998046876,538.9103484925025,67.36652936419623,5.938406823798687,0.01619561263384317
2024-06-27,545.3699951171875,546.9600219726562,544.6099853515625,546.3699951171875,35041500,538.7629974365234,524.9665997314453,539.6207910281868,68.36920347553368,5.814511818991264,-0.09102582060979592
2024-06-28,547.1599731445312,550.280029296875,542.9500122070312,544.219970703125,76144500,539.8434967041015,525.8399993896485,540.0588081400856,63.14552834212172,5.479668921008965,1.172980608706819
2024-07-01,545.6300048828125,545.8800048828125,542.52001953125,545.3400268554688,40297800,540.7419982910156,526.7564001464843,540.5617813510745,64.66034152350912,5.244230458434799,-0.4707720189902094
2024-07-02,543.7000122070312,549.010009765625,543.6500244140625,549.010009765625,40434800,541.8024993896485,527.8334002685547,541.3663745334127,69.13665784695631,5.292768983912765,0.0033996893130643357
2024-07-03,548.6900024414062,551.8300170898438,548.6500244140625,551.4600219726562,32789900,542.9559997558594,528.8682006835937,542.3276742895312,71.7126230281595,5.465923856755126,-0.18906733803555353
2024-07-05,551.77001953125,555.0499877929688,551.1199951171875,554.6400146484375,41488400,543.9545013427735,529.8480010986328,543.5002781332365,74.66797674642947,5.792971405263643,0.26527985751710137
2024-07-08,555.4400024414062,556.25,554.1900024414062,555.280029296875,36110500,544.9855041503906,530.8454016113282,544.6221591964402,75.22890898686747,6.034243771004526,-0.12962418410929322
2024-07-09,556.260009765625,557.1799926757812,555.52001953125,555.8200073242188,27289700,546.0760040283203,531.892001953125,545.6886209228953,75.71745512180053,6.197583686276175,-0.24427244153362593
2024-07-10,557.0700073242188,561.6699829101562,556.77001953125,561.3200073242188,38701200,547.3590057373046,532.9532019042969,547.177324389688,80.03634219599743,6.693675258796361,0.4181614308695223
2024-07-11,561.4400024414062,562.3300170898438,555.8300170898438,556.47998046875,53054200,548.3355041503906,533.8816015625,548.0632916353129,68.49158893514817,6.619970784308407,0.3708670532179881
2024-07-12,557.6300048828125,563.6699829101562,557.1500244140625,559.989990234375,53084400,549.2670043945312,535.0418011474609,549.1991676923665,71.68172663616193,6.766784629938343,0.0005692292033430135
2024-07-15,562.030029296875,564.8400268554688,559.6300048828125,561.530029296875,40584300,550.2210052490234,536.2654016113281,550.3735354642245,72.9746203553647,6.927547486856952,-0.2354759590388137
2024-07-16,562.8699951171875,565.1599731445312,562.0999755859375,564.8599853515625,36475300,551.3250030517578,537.4620013427734,551.7531973582567,75.57167557478988,7.240192402060643,-0.10124604834874573
2024-07-17,558.7999877929688,560.510009765625,556.6099853515625,556.9400024414062,57119000,551.8170043945313,538.3750012207031,552.2471787947471,60.64467694671964,6.770839298323722,0.5659638166101444
2024-07-18,558.510009765625,559.52001953125,550.4299926757812,552.6599731445312,56270400,552.025503540039,539.0968005371094,552.2864925423456,54.392133525647466,5.984525107345348,-0.01485670267336614
2024-07-19,552.4199829101562,554.0800170898438,547.9099731445312,548.989990234375,65509100,552.1250030517579,539.7338000488281,551.9725399415865,49.66382131136138,5.007505094716294,0.16418401148738937
2024-07-22,553.0,555.27001953125,551.02001953125,554.6500244140625,43346700,552.6320037841797,540.4830004882813,552.2275384627748,56.0144890043202,4.636480687819926,-0.3383102500263322
2024-07-23,554.5399780273438,556.739990234375,553.280029296875,553.780029296875,34439600,553.1840057373047,541.1552014160156,552.3753947326891,54.86859245980859,4.223553343292792,-0.20548507729538812
2024-07-24,548.8599853515625,549.1699829101562,540.2899780273438,541.22998046875,74515300,553.00400390625,541.5630004882812,551.313926707552,41.63640743949202,2.8507596102282378,1.1636517265008886
2024-07-25,541.3499755859375,547.4600219726562,537.4500122070312,538.4099731445312,61158300,552.6490020751953,541.9130004882812,550.0849787491691,39.340586164765746,1.5177638264340203,-0.17925177782280954
2024-07-26,542.280029296875,547.1900024414062,541.489990234375,544.4400024414062,53763800,552.5525024414062,542.33580078125,549.5473619579535,46.17502040859115,0.937125434591735,-0.12090754648183488
2024-07-29,546.02001953125,547.0499877929688,542.719970703125,544.760009765625,39515800,552.5795043945312,542.635400390625,549.0914236539222,46.51939086394527,0.4970574732901696,-0.2650110297263214
2024-07-30,546.260009765625,547.3400268554688,538.52001953125,542.0,46853600,552.4125030517578,542.9016003417969,548.4160499725963,43.90999039096073,-0.07356130929849769,0.18569281148300165
2024-07-31,548.97998046875,553.5,547.5800170898438,550.8099975585938,65663400,552.5025024414062,543.3288000488282,548.6440449807865,52.97704948373912,0.18300282650193367,0.4014590127546229
2024-08-01,552.5700073242188,554.8699951171875,539.4299926757812,543.010009765625,76428700,552.0800018310547,543.5878002929687,548.1074701983902,45.90219934746444,-0.24029213692836038,0.163946734406077
2024-08-02,535.75,536.989990234375,528.5999755859375,532.9000244140625,82789100,550.9930023193359,543.6186010742188,546.6591420284542,38.68997519603991,-1.3756896760718291,0.08322004691954721
2024-08-05,511.6400146484375,523.5800170898438,510.2699890136719,517.3800048828125,146267400,549.0980010986328,543.3696008300781,543.8706527764883,30.712327230195314,-3.487633013494019,0.7667470717763569
2024-08-06,519.219970703125,529.75,517.8699951171875,522.1500244140625,84826300,547.414501953125,543.2934008789063,541.8020215038763,35.13895434398407,-4.7220299903091245,-0.42006010908787605
2024-08-07,528.469970703125,531.5900268554688,518.0499877929688,518.6599731445312,70698300,545.2815002441406,543.0778002929687,539.5980168982244,33.45483748738798,-5.913746469539319,-0.16655211885936316
2024-08-08,523.9099731445312,531.2899780273438,521.8400268554688,530.6500244140625,63276600,543.9900024414062,543.0946008300781,538.745827137828,43.477412993929384,-5.823563023280826,-0.10497706451215938
2024-08-09,529.8099975585938,534.510009765625,528.5599975585938,532.989990234375,45619600,542.6400024414063,543.2324011230469,538.1976521946419,45.21171106531207,-5.499877146406334,-0.2790447021489777
2024-08-12,534.2100219726562,535.72998046875,530.9500122070312,533.27001953125,42542100,541.227001953125,543.4456018066406,537.7283538457475,45.42751238719661,-5.161261918375999,-0.06746003910599829
2024-08-13,536.530029296875,542.280029296875,536.280029296875,542.0399780273438,52333100,540.0860015869141,543.7390014648438,538.1389847201852,51.82704689223538,-4.137549458910371,0.23014848820345013
2024-08-14,542.8499755859375,544.9600219726562,540.1199951171875,543.75,42446900,539.4265014648438,544.0580017089844,538.6733671277866,52.984763062590424,-3.1519319676765463,-0.18890912252475012
2024-08-15,549.5,553.3599853515625,548.8800048828125,553.0700073242188,60846800,539.4470031738281,544.5516015625,540.044475717923,58.796807691413576,-1.6003287111575446,0.433480419064761
2024-08-16,551.4199829101562,555.02001953125,551.260009765625,554.3099975585938,44430700,539.713003540039,544.9444018554688,541.4030968456059,59.51391279302365,-0.2675311699898657,-0.26979397437498764
2024-08-19,554.72998046875,559.6099853515625,553.8599853515625,559.6099853515625,39121800,539.9610015869141,545.4434020996093,543.1370862271256,62.51674158757064,1.2025232650647695,-0.11948720141703817
2024-08-20,559.1500244140625,560.8400268554688,557.3300170898438,558.7000122070312,33732300,540.2070007324219,545.9372021484374,544.6192696537832,61.67098759198472,2.2679808962126344,-0.1377620661625999
2024-08-21,559.77001953125,562.1099853515625,554.72998046875,560.6199951171875,41514600,541.1765014648438,546.4364025878906,546.1431482693456,62.81407587658869,3.23005624226721,0.2307076600172535
2024-08-22,562.5599975585938,563.1799926757812,554.97998046875,556.219970703125,56121500,542.0670013427734,546.8218017578125,547.1028456439913,58.507740242233474,3.5960101214757287,0.351849710704186
2024-08-23,559.530029296875,563.0900268554688,557.2899780273438,562.1300048828125,50639400,542.9515014648438,547.2372021484375,548.5340036667361,62.25120370154041,4.313201669417936,-0.09768270627121511
2024-08-26,563.1799926757812,563.9099731445312,559.0499877929688,560.7899780273438,35788600,543.7529998779297,547.6040014648438,549.7012393201273,60.90936965172328,4.719053854754975,-0.29326571799823853
2024-08-27,559.489990234375,562.0599975585938,558.3200073242188,561.5599975585938,32693900,544.7309997558593,547.9796008300781,550.830644866648,61.423936596066305,5.044676881603095,-0.08647166974958509
2024-08-28,561.2100219726562,561.6500244140625,555.0399780273438,558.2999877929688,41066000,545.1054992675781,548.2036010742188,551.5420108596309,57.94620506770972,4.982247683367518,0.25607529233282045
2024-08-29,560.3099975585938,563.6799926757812,557.1799926757812,558.3499755859375,38715200,545.8724975585938,548.40080078125,552.1903884526124,57.985486515832065,4.880545797199034,-0.057244435786295234
2024-08-30,560.77001953125,564.2000122070312,557.1400146484375,563.6799926757812,62700100,547.4114959716796,548.7344006347656,553.2846364738666,62.05536971139918,5.170432625206104,0.6195215315948257
2024-09-03,560.469970703125,560.8099975585938,549.510009765625,552.0800170898438,60600100,549.1464965820312,548.88580078125,553.1699108182454,50.573367285676646,4.413275447983551,-0.033492769549011925
2024-09-04,550.2000122070312,554.4299926757812,549.4600219726562,550.9500122070312,47224900,550.5864959716797,549.0500012207032,552.9584919028916,49.61038392476657,3.6796245583913105,-0.22071250707507084
2024-09-05,550.8900146484375,553.7999877929688,547.0999755859375,549.6099853515625,44264300,552.1339965820313,549.1456005859375,552.6395865170508,48.4326345791596,2.955997080258612,-0.0626915038464878
2024-09-06,549.9400024414062,551.5999755859375,539.4400024414062,540.3599853515625,68493800,552.6194946289063,549.0426000976563,551.4701006917662,41.16744272184611,1.6174741605791496,0.5473824278255841
2024-09-09,544.6500244140625,547.7100219726562,542.6799926757812,546.4099731445312,40445800,553.290493774414,549.0433996582032,550.9881837825058,46.789599714288556,1.0329612222569722,-0.4094969179692176
2024-09-10,548.3599853515625,549.1500244140625,543.3800048828125,548.7899780273438,36394600,554.0664916992188,549.1347998046875,550.7788308534427,48.85999853449052,0.753095791462556,-0.10016367583284291
2024-09-11,548.7000122070312,555.3599853515625,539.9600219726562,554.4199829101562,75248600,554.6854919433594,549.3163989257813,551.1256072397964,53.47198106819417,0.9743629142102463,1.0675759590708513
2024-09-12,555.010009765625,559.4000244140625,552.739990234375,559.0900268554688,51819600,555.4524932861328,549.5179992675781,551.8841233936699,56.94086004326563,1.5091556138328315,-0.31135462985357865
2024-09-13,559.7100219726562,563.030029296875,559.4500122070312,562.010009765625,39310500,555.8994934082032,549.7289990234375,552.8484935243323,58.99917219247953,2.143887498235131,-0.2413970775536669
2024-09-16,561.739990234375,563.1099853515625,559.9000244140625,562.8400268554688,36656100,556.3259948730469,549.8929992675781,553.8000681272977,59.59048989375323,2.682964981805867,-0.06752394398443162
2024-09-17,565.0999755859375,566.5800170898438,560.7899780273438,563.0700073242188,49321000,556.4989959716797,550.048798828125,554.6829194793854,59.763645074024936,3.093090056392043,0.3455059321640872
2024-09-18,563.739990234375,568.6900024414062,560.8300170898438,561.4000244140625,59044900,556.6339965820313,550.1603991699219,555.3226437588785,57.82597158551871,3.2459462210680385,0.19715536992356197
2024-09-19,571.010009765625,572.8800048828125,568.0800170898438,570.97998046875,75315500,557.1519958496094,550.3535986328125,556.8138186836281,64.86374341742732,4.092927502927978,0.2755631731106327
2024-09-20,567.8400268554688,569.3099975585938,565.1699829101562,568.25,77503100,557.7534973144532,550.5889990234375,557.9029788089969,61.70377641547598,4.492097558126829,0.02904581394268102
2024-09-23,569.3400268554688,570.3300170898438,568.0999755859375,569.6699829101562,44116900,558.1304962158204,550.7825988769531,559.0236458662501,62.7210835267409,4.866920624883392,-0.43077244652149393
2024-09-24,570.47998046875,571.3599853515625,567.5999755859375,571.2999877929688,46805700,558.6559967041015,550.977998046875,560.1928212878424,63.90635371034189,5.235150817411181,0.0609471653720004
2024-09-25,571.1400146484375,571.8900146484375,568.9099731445312,570.0399780273438,38428600,559.0799957275391,551.0815979003906,561.1306457392235,62.25848607721267,5.363476818089225,-0.17897606488098672
2024-09-26,574.3800048828125,574.7100219726562,569.9000244140625,572.2999877929688,48336000,559.779995727539,551.3887976074219,562.194392601485,64.04912821020804,5.58318056837868,0.2578131912169581
2024-09-27,573.3900146484375,574.219970703125,570.4199829101562,571.469970703125,42100900,560.4359954833984,551.7649975585938,563.0777809921174,62.86937804163167,5.625474957382835,-0.1289949520026481
2024-09-30,570.4199829101562,574.3800048828125,568.0800170898438,573.760009765625,63557400,560.9399963378906,552.2603979492187,564.0951361134038,64.79605413685532,5.777184788997147,0.5096446869306832
2024-10-01,573.4000244140625,574.0599975585938,566.0,568.6199951171875,72668800,561.7669952392578,552.5397973632812,564.526075066145,57.5747639005094,5.4201792459250555,0.14335702844987375
2024-10-02,567.7100219726562,569.9000244140625,565.27001953125,568.8599853515625,38097800,562.6624938964844,552.841396484375,564.938828426661,57.81118025337935,5.097850144027575,-0.47573373992690127
2024-10-03,567.3599853515625,569.7999877929688,565.489990234375,567.8200073242188,40846500,563.5729949951171,553.3731970214844,565.2132264169046,56.34586663607877,4.704256729886424,0.0721485230118275
2024-10-04,572.3499755859375,573.3599853515625,568.0999755859375,572.97998046875,42939100,565.2039947509766,554.0645971679687,565.9529172789851,61.552899341254,4.753897847375015,0.051230827610688756
2024-10-07,571.2999877929688,571.9600219726562,566.6300048828125,567.7999877929688,49964700,566.2734954833984,554.531796875,566.1288287565073,54.52211155876581,4.325396197796749,0.1636177749417198
2024-10-08,570.4199829101562,573.780029296875,569.530029296875,573.1699829101562,37398700,567.4924957275391,555.0999963378906,566.7994148663787,59.665628740377265,4.368758946674234,-0.25149755727543643
2024-10-09,573.1599731445312,577.7100219726562,572.5499877929688,577.1400146484375,37912200,568.6284973144532,555.8027966308593,567.7842338932414,62.99755299199458,4.669643872105894,0.013730423784783952
2024-10-10,575.77001953125,577.5800170898438,574.489990234375,576.1300048828125,44138100,569.4804962158203,556.3091967773438,568.5790692255815,61.60330471580665,4.771594030418555,0.16421890578758291
2024-10-11,576.0499877929688,580.3300170898438,575.9099731445312,579.5800170898438,42268000,570.3589965820313,557.0405969238282,569.6267785459875,64.49397299602839,5.072307019624304,-0.042369290930058146
2024-10-14,581.219970703125,585.27001953125,580.72998046875,584.3200073242188,36217200,571.4329956054687,558.0689965820312,571.0261336677238,68.05259231486575,5.628223174939308,-0.1431532128324028
2024-10-15,584.5900268554688,584.9000244140625,578.5399780273438,579.780029296875,54203600,572.2684967041016,559.3169970703125,571.8598380133573,61.676425955724845,5.637467235469899,0.49662591254983823
2024-10-16,579.780029296875,582.8300170898438,578.9600219726562,582.2999877929688,30725400,573.3134948730469,560.5199963378906,572.8541379923679,63.708963864973654,5.781487422349301,-0.4331483517699931
2024-10-17,585.9099731445312,586.1199951171875,582.1599731445312,582.3499755859375,34393700,573.8819946289062,561.7937963867188,573.7585034774697,63.750034886117675,5.832425484758346,0.11938982079972926
2024-10-18,584.0700073242188,585.3900146484375,582.5800170898438,584.5900268554688,37416800,574.6989959716797,562.8725964355468,574.7900771325172,65.62731168315743,5.984561384388826,0.0878969113529513
2024-10-21,583.8499755859375,584.8499755859375,580.5999755859375,583.6300048828125,36439000,575.3969970703125,563.8853967285156,575.6319750134977,64.09532506450545,5.958973098424394,-0.02613264629791967
2024-10-22,581.0499877929688,584.5,580.3800048828125,583.3200073242188,34183800,575.997998046875,564.886396484375,576.3641685668997,63.579209135945106,5.8462876207190675,-0.06188973352726479
2024-10-23,581.260009765625,581.7100219726562,574.4199829101562,577.989990234375,49314600,576.3954986572265,565.6053967285156,576.5190087257068,55.32959871387791,5.266190368959883,0.4426307198146491
2024-10-24,579.97998046875,580.0599975585938,576.5700073242188,579.239990234375,34979900,576.7424987792969,566.3151965332031,576.7781498217705,56.74702473195078,4.851399754402564,-0.29067862255802546
2024-10-25,581.510009765625,584.4600219726562,578.0800170898438,579.0399780273438,47268200,577.1209991455078,566.8345959472656,576.9935620318251,56.43843131792861,4.4551793560614215,0.35129603000580323
2024-10-28,582.5800170898438,582.7100219726562,580.52001953125,580.8300170898438,30174700,577.4744995117187,567.3649963378906,577.3589387040174,58.60789203506804,4.236774133218091,-0.36162790205677386
2024-10-29,579.8499755859375,582.9099731445312,578.4299926757812,581.77001953125,42899700,578.1320007324218,567.8081970214844,577.7790416399444,59.74173901505569,4.092362553572912,0.4217109035052544
2024-10-30,581.2899780273438,583.3200073242188,579.2899780273438,580.010009765625,41435800,578.689501953125,568.2343969726562,577.9915147947711,56.614675481003964,3.792183328347164,-0.03412378175138753
2024-10-31,575.5599975585938,575.6300048828125,568.4400024414062,568.6400146484375,60182500,578.730502319336,568.3947973632812,577.1008957332156,41.50158169191256,2.6067762527583227,0.45242761090651085
2024-11-01,571.3200073242188,575.5499877929688,570.6199951171875,571.0399780273438,45667500,578.6335021972657,568.6911975097656,576.5236654755134,44.84825001189726,1.83978173370258,-0.24118306816765667
2024-11-04,571.1799926757812,572.5,567.8900146484375,569.8099975585938,38217000,578.7340026855469,568.8447973632813,575.8842685310449,43.475500116701596,1.1197758282889936,-0.16314665790770244
2024-11-05,570.739990234375,576.739990234375,570.52001953125,576.7000122070312,39478300,578.9105041503906,569.162998046875,575.9619584049483,52.285962456315346,1.0925384575037924,0.03300363712483967
2024-11-06,589.2000122070312,591.9299926757812,585.3900146484375,591.0399780273438,68182000,579.605502319336,569.75259765625,577.3979602737479,64.63953547558913,2.2026769537225164,0.7270753806521557
2024-11-07,593.0800170898438,596.6500244140625,593.0,595.6099853515625,47233200,580.5795013427735,570.4987976074219,579.1324388525874,67.52520321375158,3.4119008389743612,-0.30724824733800715
2024-11-08,596.1699829101562,599.6400146484375,596.1699829101562,598.1900024414062,46444900,581.5100006103515,571.2955981445313,580.9474449086654,69.06029686226216,4.5262297381310646,-0.016689531939398594
2024-11-11,599.8099975585938,600.1699829101562,597.0,598.760009765625,37586800,582.2320007324219,571.9971984863281,582.6438796569472,69.4044010272404,5.393169149509049,-0.19072277042258678
2024-11-12,598.6799926757812,599.2899780273438,594.3699951171875,596.9000244140625,43006100,583.0880004882813,572.8935986328125,584.0016077290534,66.79389715579153,5.862559667136225,0.14418093586046155
2024-11-13,597.3699951171875,599.22998046875,594.9600219726562,597.1900024414062,47388600,583.8325012207031,573.8183984375,585.257645320706,67.00227978701227,6.186638124243245,0.10190414848126195
2024-11-14,597.3200073242188,597.8099975585938,592.6500244140625,593.3499755859375,38904100,584.3825012207031,574.6931982421875,586.0283434412042,61.49848910161514,6.063715820124571,-0.17904095077719118
2024-11-15,589.719970703125,590.2000122070312,583.8599853515625,585.75,75988800,584.4404998779297,575.6009985351562,586.0018345420419,52.335604939516436,5.2920411383029204,0.9532337208674664
2024-11-18,586.219970703125,589.489990234375,585.3400268554688,588.1500244140625,37001700,584.6665008544921,576.4357995605469,586.2064240536629,54.634310829779565,4.818599490267616,-0.513063767292022
2024-11-19,584.7100219726562,591.0399780273438,584.030029296875,590.2999877929688,49412000,585.0154998779296,577.2659997558594,586.5962872669301,56.65113101932218,4.564263659608287,0.33539810333038744
2024-11-20,590.3800048828125,590.7899780273438,584.6300048828125,590.5,50032600,585.641000366211,577.9876000976562,586.9680694319843,56.84335054905789,4.32893868447195,0.012559702096656578
2024-11-21,593.4000244140625,595.1199951171875,587.4500122070312,593.6699829101562,46750300,586.3625,578.67919921875,587.606346906096,59.87981219046505,4.348110760209806,-0.06560322669619412
2024-11-22,593.6599731445312,596.1500244140625,593.1500244140625,595.510009765625,38226400,587.186001586914,579.34919921875,588.3590767022416,61.570027671026025,4.4603632665921396,-0.18232824174390327
2024-11-25,599.52001953125,600.8599853515625,595.2000122070312,597.530029296875,42441400,588.0210021972656,580.0429992675781,589.2325007588734,63.3933169849048,4.658621195548676,0.1102641106669735
2024-11-26,598.7999877929688,601.3300170898438,598.0700073242188,600.6500244140625,45621300,588.9650024414062,580.794599609375,590.3198839641294,66.0708882241755,5.009750280910794,0.0749244841122112
2024-11-27,600.4600219726562,600.8499755859375,597.280029296875,598.8300170898438,34000200,589.9060028076171,581.5431994628906,591.130372833245,63.16831072968216,5.0825744754203015,-0.25472969862761474
2024-11-29,599.6599731445312,603.3499755859375,599.3800048828125,602.5499877929688,30177400,591.6015014648438,582.174599609375,592.2179552103615,66.41588201322486,5.378459191306206,-0.11243463273745447
2024-12-02,602.969970703125,604.3200073242188,602.469970703125,603.6300048828125,31746000,593.2310028076172,582.8821997070313,593.3048170839282,67.31690530583188,5.635139928112494,0.051979295764379874
2024-12-03,603.3900146484375,604.1599731445312,602.3400268554688,603.9099731445312,26906600,594.936001586914,583.5669995117188,594.3148319468428,67.55987241214709,5.794358601153476,-0.1524412524412524
2024-12-04,605.6300048828125,607.9099731445312,604.9500122070312,607.6599731445312,42787600,596.483999633789,584.29419921875,595.5857977751941,70.70164467443053,6.152215298252258,0.5902269331688137
2024-12-05,607.6599731445312,608.47998046875,606.2999877929688,606.6599731445312,28762200,597.2649993896484,585.0265991210938,596.6404811437025,68.78844175566283,6.282704558962109,-0.3277912292346381
2024-12-06,607.4400024414062,609.0700073242188,607.02001953125,607.8099975585938,31241500,597.875,585.7367993164063,597.7042446117873,69.8005394759637,6.405081801278698,0.08619994298071765
2024-12-09,607.6900024414062,607.8599853515625,604.0800170898438,604.6799926757812,34742700,598.1994995117187,586.4009997558594,598.368601570263,63.74216080269817,6.178282022683675,0.11206888273610427
2024-12-10,605.3699951171875,605.7999877929688,602.1300048828125,602.7999877929688,37234500,598.401498413086,586.9817993164063,598.7906383533779,60.35371688032622,5.780210216635055,0.0717215415036827
2024-12-11,605.780029296875,608.4299926757812,605.5,607.4600219726562,28677700,598.9294982910156,587.7585998535156,599.6162939361662,65.28048357534622,5.7741998733339415,-0.22980837663994413
2024-12-12,606.5800170898438,607.1599731445312,604.3300170898438,604.3300170898438,31543800,599.2864990234375,588.4680004882813,600.0652199508022,59.89652463263262,5.4540010681490685,0.09994176659913445
2024-12-13,606.4000244140625,607.1300048828125,602.8099975585938,604.2100219726562,35904700,599.8295013427735,589.19580078125,600.4599630005026,59.693266951293545,5.1314069400018525,0.138249037845789
2024-12-16,606.0,607.780029296875,605.2100219726562,606.7899780273438,43695200,600.8815002441406,589.8720007324218,601.0628215744875,62.62960748406177,5.025993140944138,0.216977164549488
2024-12-17,604.1900024414062,605.1699829101562,602.8900146484375,604.2899780273438,55773500,601.6884979248047,590.6018005371094,601.3701698080929,58.204746730691205,4.686697507597614,0.2764216664530659
2024-12-18,603.97998046875,606.4099731445312,585.8900146484375,586.280029296875,108248700,601.4875,590.8640014648438,599.9330135689293,37.597007544593545,2.930766870407183,0.9408625960357517
2024-12-19,591.3599853515625,593.0,585.8499755859375,586.0999755859375,85919500,601.2674987792968,591.0432006835938,598.6155813800729,37.454234194303254,1.5072754270588575,-0.2062768421237391
2024-12-20,581.77001953125,595.75,580.9099731445312,591.1500244140625,125716700,601.1415008544922,591.3436010742188,597.9045759547386,43.89016075199229,0.7776803232369502,0.46319170851785674
2024-12-23,590.8900146484375,595.2999877929688,587.6599731445312,594.6900024414062,57635800,601.1005004882812,591.64580078125,597.598426096326,47.934545825338,0.4795891834125996,-0.5415422135643078
2024-12-24,596.0599975585938,601.3400268554688,595.469970703125,601.2999877929688,33160100,601.2889984130859,591.985400390625,597.9509557817205,54.525735002238676,0.767868869049039,-0.4246614083607758
2024-12-26,599.5,602.47998046875,598.0800170898438,601.3400268554688,41219100,601.3234985351562,592.4166003417969,598.2737244554108,54.563257297088704,0.9881723785185841,0.2430330427230316
2024-12-27,597.5399780273438,597.780029296875,590.760009765625,595.010009765625,64969300,601.1324981689453,592.67080078125,597.9628944849551,47.842160460556045,0.6445549912662045,0.5761940459641284
2024-12-30,587.8900146484375,591.739990234375,584.4099731445312,588.219970703125,56578800,600.4159973144531,592.7882006835938,597.0349969819237,41.88246375285717,-0.17366180420219735,-0.1291456118505202
2024-12-31,589.9099731445312,590.6400146484375,584.4199829101562,586.0800170898438,57052700,599.5384979248047,592.8180004882812,595.9916655636304,40.183523294789985,-0.9834443475324406,0.008375928793116882
2025-01-02,589.3900146484375,591.1300048828125,580.5,584.6400146484375,50204000,598.575,592.8382006835938,594.9105559526596,39.03601722714094,-1.721554006749102,-0.12004164570651343
2025-01-03,587.530029296875,592.5999755859375,586.4299926757812,591.9500122070312,37888500,597.789501953125,593.01080078125,594.6285994054568,47.26825339275934,-1.6970924928373279,-0.2453091387140467
2025-01-06,596.27001953125,599.7000122070312,593.5999755859375,595.3599853515625,47679400,597.2245025634766,593.3582006835937,594.6982552098478,50.618141710144364,-1.386566753965667,0.25841350277788777
2025-01-07,597.4199829101562,597.75,586.780029296875,588.6300048828125,60393100,596.2655029296875,593.5460009765625,594.120326607273,44.596603040431724,-1.6643405657019912,0.26664974810924624
2025-01-08,588.7000122070312,590.5800170898438,585.2000122070312,589.489990234375,47304700,595.5060028076172,593.7550012207031,593.6793421908066,45.488978333354595,-1.7943999563598254,-0.21672012200069213
2025-01-10,585.8800048828125,585.9500122070312,578.5499877929688,580.489990234375,73105000,594.3905029296875,593.7482006835937,592.4232134330512,38.50007738442082,-2.5937980549508666,0.5454066932038466
2025-01-13,575.77001953125,581.75,575.3499755859375,581.3900146484375,47910100,593.0870025634765,593.7406005859375,591.3724325964213,39.5011062484278,-3.1187513350049585,-0.34463990151152457
2025-01-14,584.3599853515625,585.0,578.3499755859375,582.1900024414062,48420600,591.9800018310547,593.7842004394531,590.4979154388008,40.4292575900604,-3.4306815015911525,0.010655373292896453
2025-01-15,590.3300170898438,593.9400024414062,589.2000122070312,592.780029296875,56900200,591.4085021972656,594.2670007324218,590.7152596157603,51.119860221134836,-2.791186680655869,0.17512381093997176
2025-01-16,594.1699829101562,594.3499755859375,590.9299926757812,591.6400146484375,43319700,590.6510040283204,594.6790014648437,590.8033315236343,50.07798884326459,-2.3492909190501905,-0.23867227180220807
2025-01-17,596.9600219726562,599.3599853515625,595.6099853515625,597.5800170898438,58070600,590.3155059814453,595.2344018554687,591.4487301489876,55.20130003566671,-1.5024573963233934,0.34051251509128644
2025-01-21,600.6699829101562,603.0599975585938,598.6699829101562,603.0499877929688,42532900,591.15400390625,595.7614013671875,592.5536118293668,59.33952564514411,-0.38551087774021653,-0.267565687284099
2025-01-22,605.9199829101562,607.8200073242188,605.3599853515625,606.4400024414062,48196000,592.1710052490234,596.0694018554688,593.8761252209896,61.70076549713656,0.7644114763269272,0.1331463408326261
2025-01-23,605.7999877929688,609.75,605.52001953125,609.75,41152100,593.1010040283203,596.3522021484375,595.3879228189905,63.9048454822854,1.9206819410101161,-0.14615113287409742
2025-01-24,609.8099975585938,610.780029296875,606.7999877929688,607.969970703125,34604700,593.7650024414063,596.5478015136719,596.58621309367,61.843662175700906,2.662707096882855,-0.15910245163673298
2025-01-27,594.8099975585938,599.6900024414062,594.6400146484375,599.3699951171875,70361100,593.6685028076172,596.5600012207032,596.8513351911479,52.95660956139707,2.5276836583392424,1.0332816062557977
2025-01-28,600.6199951171875,605.3699951171875,597.25,604.52001953125,44433300,593.8275024414063,596.7124011230469,597.5816860806814,56.94655715453457,2.8039187106495547,-0.3684962287400282
2025-01-29,603.719970703125,604.1300048828125,599.219970703125,601.8099975585938,37177400,594.1675018310547,596.8048010253906,597.9843824119112,54.33501766297493,2.7722046061149967,-0.1632986971483099
2025-01-30,603.9600219726562,606.5999755859375,600.719970703125,605.0399780273438,39281300,595.0085021972657,597.0386010742187,598.6563438990952,56.873560501714884,2.9734275575495985,0.05659083206464133
2025-01-31,607.5,609.9600219726562,601.0499877929688,601.8200073242188,66566900,595.7955017089844,597.3600012207031,598.9576451776784,53.670441470962196,2.8403318929536,0.6946205955505547
2025-02-03,592.6699829101562,600.2899780273438,590.489990234375,597.77001953125,65857200,596.452001953125,597.5524011230468,598.8445379732566,49.866303064221135,2.3806102589397824,-0.01066145486720882
2025-02-04,597.8300170898438,602.2999877929688,597.280029296875,601.780029296875,33457800,596.9435028076172,597.782001953125,599.1241085755059,53.389080544134394,2.313186848819896,-0.491964432134983
2025-02-05,600.6400146484375,604.3699951171875,598.5800170898438,604.219970703125,30653100,597.3865020751953,598.0564013671875,599.6094287781364,55.44077081843826,2.428640336560079,-0.08382798629915889
2025-02-06,605.989990234375,606.4500122070312,602.6300048828125,606.3200073242188,35771500,598.2710021972656,598.3094018554688,600.2485314968109,57.18750501277328,2.658942824232213,0.16697821753754116
2025-02-07,606.8900146484375,608.1300048828125,600.0499877929688,600.77001953125,50788500,598.8350036621093,598.4146020507812,600.2981970239003,51.44760701200366,2.3663438345164423,0.41980347483331704
2025-02-10,604.030029296875,605.5,602.739990234375,604.8499755859375,26048700,600.0530029296875,598.5610009765625,600.7316997440944,55.02161122611064,2.4355993103607716,-0.4871142089252488
2025-02-11,602.5499877929688,605.8599853515625,602.4299926757812,605.3099975585938,30056700,601.2490020751953,598.6542004394531,601.1677281073801,55.42007744090589,2.4988000905606214,0.15386564396687752
2025-02-12,599.2000122070312,604.5499877929688,598.510009765625,603.3599853515625,45076100,602.3075012207031,598.7447998046875,601.376514511588,53.26590551291441,2.3642834876997085,0.49970222945300047
2025-02-13,604.47998046875,609.9400024414062,603.2000122070312,609.72998046875,40921300,603.1549987792969,598.8883996582031,602.1720826979844,58.88766008733034,2.7400973439495147,-0.0921730140806325
2025-02-14,609.9400024414062,610.989990234375,609.0700073242188,609.7000122070312,26910400,604.0579986572266,599.0097998046875,602.8890283655127,58.851792275735846,3.000921588293636,-0.34238648332286614
2025-02-18,610.8800048828125,611.489990234375,608.3800048828125,611.489990234375,26749000,604.7534973144532,599.1614001464844,603.7081675911186,60.403150338193676,3.3138628008493924,-0.005997681193887883
2025-02-19,610.0800170898438,613.22998046875,609.5599975585938,612.9299926757812,31011100,605.2474975585938,599.2668005371094,604.5864366468007,61.655608383706266,3.636151833923009,0.1593367976372948
2025-02-20,611.5399780273438,611.6799926757812,607.02001953125,610.3800048828125,36554000,605.4444976806641,599.341201171875,605.1382050502305,58.14810823005687,3.643802029240419,0.1787392256321123
2025-02-21,610.1599731445312,610.2999877929688,599.469970703125,599.9400024414062,76519800,604.9539978027344,599.1838012695313,604.6431381351043,46.48777302622117,2.775450254983866,1.093335886633474
2025-02-24,602.02001953125,603.030029296875,596.489990234375,597.2100219726562,50737200,604.4160003662109,599.0344018554688,603.9352223101092,44.00292076325356,1.8457123858514706,-0.33694024291751934
2025-02-25,597.1500244140625,597.8900146484375,589.5599975585938,594.239990234375,58266500,604.1595001220703,598.8632019042968,603.011866874325,41.40964010704181,0.8593259122711743,0.14839801959903198
2025-02-26,595.9299926757812,599.5800170898438,591.8599853515625,594.5399780273438,43321600,603.660498046875,598.6048010253907,602.2050203174697,41.782844010625716,0.10065375933504583,-0.256492152437507
2025-02-27,596.8499755859375,598.02001953125,584.6500244140625,585.0499877929688,74196700,602.8224975585938,598.2192004394532,600.5712076960887,34.33255665916566,-1.2519308094890675,0.7126952836460334
2025-02-28,585.5599975585938,594.719970703125,582.4400024414062,594.1799926757812,88744100,602.2794982910157,598.0185998535156,599.9625205512975,44.57235453123383,-1.5690615686627325,0.19606532365994722
2025-03-03,596.1799926757812,597.3400268554688,579.9000244140625,583.77001953125,74249200,601.3769989013672,597.5582006835938,598.4203775970072,37.409495417753455,-2.630070003263768,-0.16333367514009378
2025-03-04,579.7100219726562,585.3900146484375,572.25,576.8599853515625,109648200,600.3314971923828,597.0096008300782,596.3670069069649,33.55479450949949,-3.9825999079174608,0.47675934555523836
2025-03-05,576.6900024414062,584.8800048828125,573.0800170898438,583.0599975585938,71230500,599.3954956054688,596.9452001953125,595.0996726833105,39.571360502771384,-4.5023007123369325,-0.3503723727338889
2025-03-06,575.47998046875,580.1699829101562,570.1199951171875,572.7100219726562,80094900,597.8199981689453,596.6774011230468,592.9673249965815,34.03151357308879,-5.683804515106999,0.12444669067323688
2025-03-07,570.9000244140625,577.3900146484375,565.6300048828125,575.9199829101562,81158800,596.2999969482422,596.3728002929688,591.3437686073981,36.978321661240834,-6.2886461716634585,0.013282993049495095
2025-03-10,567.5900268554688,569.5399780273438,555.5900268554688,560.5800170898438,99326600,594.2904968261719,595.6906005859375,588.4138875104882,30.066305728704734,-7.914560456094023,0.22385496089148682
2025-03-11,559.4000244140625,564.02001953125,552.02001953125,555.9199829101562,88102100,591.8439971923829,594.7830004882812,585.3192299295042,28.333660624119844,-9.469971121123308,-0.11300598228470515
2025-03-12,562.1699829101562,563.1099853515625,553.6900024414062,558.8699951171875,69588200,589.5219970703125,593.9335998535156,582.800255185474,31.04278326030702,-10.345349202609555,-0.2101414154713679
2025-03-13,558.489990234375,559.1099853515625,549.6799926757812,551.4199829101562,74079400,586.9249969482422,593.0617993164062,579.81165782592,28.14882919365202,-11.507593981513082,0.06453967770397862
2025-03-14,556.1099853515625,563.8300170898438,551.489990234375,562.8099975585938,62660300,584.5789978027344,592.5535998535156,578.1924520861746,37.70981327943835,-11.3784387909609,-0.15414676684746365
2025-03-17,562.7899780273438,569.7100219726562,562.3499755859375,567.1500244140625,49008700,582.4514984130859,592.175,577.1407923078782,40.93497823382913,-10.801367040195032,-0.2178668151923946
2025-03-18,564.7999877929688,565.02001953125,559.0599975585938,561.02001953125,66041400,579.9279998779297,591.7026000976563,575.605480614866,37.94645525816362,-10.715156034774395,0.3475444155833556
2025-03-19,562.8300170898438,570.9500122070312,561.6300048828125,567.1300048828125,66556000,577.6380004882812,591.2061999511719,574.7982924499086,42.45593658663607,-10.03809552060477,0.007792081936482287
2025-03-20,563.3300170898438,570.5700073242188,562.5999755859375,565.489990234375,62958200,575.3934997558594,590.6088000488281,573.9117874770006,41.58243803657734,-9.524068132220691,-0.05405673417873669
2025-03-21,559.280029296875,564.8900146484375,558.030029296875,563.97998046875,83763000,573.5954986572266,590.1157995605469,572.9659010952624,40.751095948885784,-9.133260351887316,0.33045417435695423
2025-03-24,570.7999877929688,575.1500244140625,570.2000122070312,574.0800170898438,58766800,572.438998413086,589.8076000976563,573.0720073804606,48.209528391433984,-7.917288253910556,-0.29841576829865213
2025-03-25,575.2999877929688,576.4099731445312,573.6900024414062,575.4600219726562,38355700,571.5,589.7070007324219,573.2994373416221,49.15139338012586,-6.764292194998916,-0.3473236589366785
2025-03-26,575.1900024414062,576.3300170898438,567.1900024414062,568.5900268554688,51848300,570.2025024414063,589.4510009765625,572.8509220572266,44.78491759690753,-6.331895551980551,0.35177561614049546
2025-03-27,567.1799926757812,570.9000244140625,564.9400024414062,567.0800170898438,42164200,569.30400390625,589.1488012695313,572.301312060333,43.86256441187091,-6.041421518930747,-0.1867775799785143
2025-03-28,565.530029296875,566.27001953125,555.0700073242188,555.6599731445312,71662700,567.3780029296875,588.4064001464844,570.7164226397804,37.561907724231084,-6.655994696435982,0.6996100957684481
2025-03-31,549.8300170898438,560.7100219726562,546.8699951171875,559.3900146484375,95328200,566.1590026855469,587.7614001464843,569.6377171167953,40.5649734066868,-6.764092938369913,0.330234557168513
2025-04-01,557.4500122070312,562.9400024414062,553.6799926757812,560.969970703125,54609600,565.364501953125,587.02919921875,568.8122174583506,41.840966757764306,-6.645665232521196,-0.4271411817279672
2025-04-02,555.0499877929688,567.4199829101562,554.8099975585938,564.52001953125,76014500,564.4375030517579,586.2585998535156,568.4034367033886,44.7130849621125,-6.193951137860267,0.3919622190970087
2025-04-03,545.1099853515625,547.969970703125,536.7000122070312,536.7000122070312,125986000,562.6370025634766,584.8638000488281,565.3840629418307,31.559955174993377,-7.988717589412772,0.6573943129271389
2025-04-04,523.6699829101562,525.8699951171875,505.05999755859375,505.2799987792969,217965100,559.1050033569336,582.774400024414,559.6598663549228,23.243619117877714,-11.810273942107528,0.7300739764735764
2025-04-07,489.19000244140625,523.1699829101562,481.7999877929687,504.3800048828125,256611400,556.295002746582,580.7026007080078,554.3951176432932,23.05620540413001,-14.741575168102372,0.17730499056959115
2025-04-08,521.8599853515625,524.97998046875,489.1600036621094,496.4800109863281,165816600,553.3230041503906,578.6448010253906,548.8793931997727,21.42331804639109,-17.500382477440553,-0.35382216066784256
2025-04-09,493.44000244140625,548.6199951171875,493.0499877929687,548.6199951171875,241867300,552.8105041503907,577.5268005371094,548.8546886204789,47.73337038788545,-15.303091664033786,0.4586434651295468
2025-04-10,532.1699829101562,533.5,509.3200073242187,524.5800170898438,162331200,551.468505859375,575.9822009277344,546.5428151413707,40.928743816467495,-15.324892360394415,-0.32884188974698114
2025-04-11,523.010009765625,536.4299926757812,520.0700073242188,533.9400024414062,97866300,550.0250061035156,574.5602014160156,545.3425472651836,44.260484353758315,-14.420664531943885,-0.3971195925367397
2025-04-14,544.0499877929688,544.280029296875,533.8599853515625,539.1199951171875,68034000,548.6235046386719,573.306201171875,544.7499232510887,46.07323470153521,-13.134667079312749,-0.30482709574184375
2025-04-15,539.6699829101562,543.22998046875,536.8099975585938,537.6099853515625,56892900,547.4530029296875,572.1030004882813,544.0699291654196,45.60759789797188,-12.097893021326058,-0.16375782696886854
2025-04-16,531.6799926757812,537.8900146484375,520.2899780273438,525.6599731445312,83484800,545.3795013427734,570.5805993652343,542.3166000205731,41.99078636266446,-12.101015254275467,0.46740278663945767
2025-04-17,527.6400146484375,531.1699829101562,523.9099731445312,526.4099731445312,79868100,543.4255004882813,569.0243994140625,540.8016831752358,42.30005910569261,-11.90572908061165,-0.0433216585534133
2025-04-21,521.1599731445312,521.7000122070312,508.4599914550781,513.8800048828125,69368100,540.9205017089844,567.1755993652343,538.2377138140527,38.5976926504973,-12.616590896133403,-0.13146675581364775
2025-04-22,520.1400146484375,529.2999877929688,519.1900024414062,527.25,75948100,538.5790008544922,565.7051989746094,537.1912648793809,44.209052571108806,-11.963202783320526,0.0948562812013014
2025-04-23,540.4299926757812,545.4299926757812,533.8800048828125,535.4199829101562,90590700,536.5769989013672,564.3165991210938,537.0225713585024,47.37394417054085,-10.663219696023702,0.19279744983745473
2025-04-24,536.719970703125,547.4299926757812,535.4500122070312,546.6900024414062,64150400,535.4819976806641,563.14419921875,537.9432790806837,51.464156804894245,-8.624163357944667,-0.2918655005425502
2025-04-25,546.6500244140625,551.0499877929688,543.6900024414062,550.6400146484375,61119600,534.6599975585938,562.0897998046875,539.1524919918984,52.84743285718639,-6.613230343128748,-0.047245223724248
2025-04-28,551.3900146484375,553.5499877929688,545.02001953125,550.8499755859375,47613800,534.4194976806641,560.9121997070313,540.2665380484735,52.92423413088999,-4.9455995548185,-0.22097330479911514
2025-04-29,548.9099731445312,555.4500122070312,548.5499877929688,554.3200073242188,47775100,534.1659973144531,559.804599609375,541.6049636937826,54.25049544795997,-3.3058794588741875,0.00338767332160006
2025-04-30,547.5700073242188,556.52001953125,541.52001953125,554.5399780273438,93101500,533.8444976806641,558.6655993652344,542.8368698207884,54.338316716356275,-1.9659771115589137,0.9487452668858882
2025-05-01,560.3699951171875,564.0700073242188,557.8599853515625,558.469970703125,63186100,533.5419952392579,557.5763989257813,544.3257365714871,55.96471065032835,-0.580288083411233,-0.3213202794799225
2025-05-02,564.72998046875,568.3800048828125,562.3800048828125,566.760009765625,60717300,535.0449951171875,556.7039990234375,546.4623340185478,59.26105887778851,1.1732923405894553,-0.03907188448092225
2025-05-05,562.5700073242188,566.6500244140625,561.7000122070312,563.510009765625,38659200,537.9564956665039,555.9753991699218,548.0859221849362,57.44554306074529,2.274550025027793,-0.3632918459812936
2025-05-06,557.9299926757812,563.3499755859375,556.9600219726562,558.7999877929688,48264700,540.6774948120117,555.2071984863281,549.1063093857011,54.82418083683184,2.735709705614795,0.24846608310570306
2025-05-07,560.1500244140625,563.8200073242188,556.0399780273438,561.1500244140625,55588000,543.9109954833984,554.5453991699219,550.2533298645927,55.90534836422713,3.2533082774940567,0.15173201118001356
2025-05-08,565.239990234375,570.3099975585938,561.7000122070312,565.0599975585938,65130800,544.7329956054688,553.9557995605469,551.6634886925929,57.71844813797445,3.9336661755102114,0.17167014463553287
2025-05-09,566.47998046875,567.5,562.760009765625,564.3400268554688,37603400,546.72099609375,553.5416003417969,552.8707780414381,57.25162823518884,4.364448447774976,-0.4226479637897892
2025-05-12,581.469970703125,583.0,577.0399780273438,582.989990234375,78993600,549.1734954833985,553.3178002929687,555.7392744407655,65.12109642988469,6.139964988205406,1.100703659775446
2025-05-13,583.4099731445312,589.0800170898438,582.8400268554688,586.8400268554688,67947200,551.5594970703125,553.3792004394531,558.7012508612135,66.49242148587662,7.7681935182798725,-0.13983917684470637
2025-05-14,587.8099975585938,588.97998046875,585.5399780273438,587.5900268554688,66283500,554.0584991455078,553.5938012695312,561.4525628606664,66.76653741022312,9.01517377952598,-0.024485188499305366
2025-05-15,585.5599975585938,590.969970703125,585.0999755859375,590.4600219726562,71268100,557.2985015869141,553.7418017578125,564.2151780141892,67.85039311246959,10.118361072989842,0.07520121900623833
2025-05-16,591.25,594.5,589.280029296875,594.2000122070312,76052100,560.6880035400391,554.1716015625,567.0708765087455,69.25744411203449,11.165719443283592,0.06712680708479679
2025-05-19,588.0999755859375,595.5399780273438,588.0999755859375,594.8499755859375,68168500,564.7365020751953,554.5502014160156,569.7165049922876,69.50721074955365,11.910903627520156,-0.10366051693510103
2025-05-20,593.0900268554688,594.0499877929688,589.5999755859375,592.8499755859375,60614500,568.0165008544922,555.1956005859375,571.9196926678733,67.68494248652254,12.199456437078425,-0.1108136455987736
2025-05-21,588.4400024414062,592.5800170898438,581.8200073242188,582.8599853515625,95197700,570.3885009765625,555.7344006347656,572.9616253044151,59.319318255905145,11.489583133140286,0.5705433518382566
2025-05-22,582.6599731445312,586.6199951171875,581.4099731445312,583.0900268554688,70860400,572.2085021972656,556.2188012695312,573.926234975944,59.443624014186085,10.820830059048717,-0.2556500839831214
2025-05-23,575.97998046875,581.8099975585938,575.5999755859375,579.1099853515625,76029000,573.6320007324218,556.7726013183594,574.4199254879077,56.24158469841222,9.856067729359893,0.07294059869828562
2025-05-27,586.0700073242188,591.3099975585938,578.4299926757812,591.1500244140625,72588500,575.6470031738281,557.3394018554687,576.0132682427795,62.77424242952373,9.948338903628041,-0.045252469452445765
2025-05-28,591.5599975585938,592.77001953125,586.989990234375,587.72998046875,68445500,577.3175018310546,557.7510009765625,577.1291455976339,60.032641456174275,9.634435732233442,-0.05707515653305961
2025-05-29,593.0599975585938,593.2000122070312,586.0700073242188,590.0499877929688,69973300,579.0930023193359,558.3316003417968,578.3597019971895,61.26839154681422,9.46377786903031,0.022321409004244286
2025-05-30,588.9299926757812,591.1300048828125,583.239990234375,589.3900146484375,90601200,580.6390045166015,558.7768005371094,579.410207963975,60.69349599351555,9.169574815173064,0.2947967296097225
2025-06-02,587.760009765625,592.7899780273438,585.0599975585938,592.7100219726562,61630500,581.9365051269531,559.321201171875,580.6768569171828,62.594926445175176,9.09942115707247,-0.31976066542165005
2025-06-03,592.3400268554688,597.0800170898438,591.8499755859375,596.0900268554688,63606200,583.5655059814453,559.9634020996094,582.1447778636863,64.47886127511626,9.210390376767123,0.03205717948093878
2025-06-04,596.9600219726562,597.9500122070312,595.489990234375,595.9299926757812,57314200,585.422006225586,560.4004016113281,583.4576554648381,64.31369592814767,9.179604100065376,-0.09892117435092806
2025-06-05,597.6300048828125,599.0,591.0499877929688,593.0499877929688,92278700,587.0170043945312,560.7522009277344,584.3712109246601,61.27191329270803,8.821128945615328,0.6100495165247006
2025-06-06,598.6599731445312,600.8300170898438,596.8599853515625,599.1400146484375,66588700,588.7210052490234,561.3632006835937,585.777763660258,65.03754072334868,8.92556076526455,-0.278395772805642
2025-06-09,599.719970703125,601.25,598.489990234375,599.6799926757812,53016400,590.488003540039,562.0152001953124,587.1017854712602,65.35915942350498,8.948739945059742,-0.2038228708474561
2025-06-10,600.219970703125,603.469970703125,599.0900268554688,603.0800170898438,66247000,591.4925048828125,562.9636010742188,588.6235218158872,67.39310529394655,9.136147347501833,0.2495567409329944
2025-06-11,604.1900024414062,605.0599975585938,599.27001953125,601.3599853515625,73658200,592.2185028076171,563.8030004882812,589.8365183430944,65.30414201656228,9.04165036063489,0.11187223572388194
2025-06-12,600.010009765625,603.75,599.52001953125,603.75,64129000,593.0265014648437,564.6586010742187,591.1616118342283,66.84212257197683,9.055231948456367,-0.12937052493816026
2025-06-13,598.5,601.8499755859375,595.47998046875,597.0,89506000,593.3535003662109,565.3082006835938,591.7176488023971,58.90096978220579,8.424217728675785,0.39571800589436923
2025-06-16,600.4000244140625,604.4500122070312,600.219970703125,602.6799926757812,79984100,593.7774993896485,566.6278002929688,592.7616815522432,62.89568998318657,8.286935716047651,-0.10638281232543068
2025-06-17,600.2100219726562,601.75,596.760009765625,597.530029296875,82209400,593.9115020751954,568.4728009033203,593.2158099088748,57.443892661074166,7.674117280303335,0.027821779578691253
2025-06-18,598.4400024414062,601.219970703125,596.469970703125,597.4400024414062,76605000,594.1410034179687,570.3340008544922,593.618113959592,57.3503074573146,7.099352918753425,-0.06817225280807304
2025-06-20,598.3800048828125,599.4600219726562,592.8599853515625,594.280029296875,94051400,594.7120056152344,572.2900012207032,593.6811535155238,54.023396282681816,6.316057023744406,0.2277449252659749
2025-06-23,595.0399780273438,600.5399780273438,591.8900146484375,600.1500244140625,87426000,595.5650054931641,573.3206018066406,594.2972364582417,58.80416562027687,6.098647519638462,-0.0704444590936445
2025-06-24,604.3300170898438,607.8499755859375,603.4099731445312,606.780029296875,67735300,596.9485076904297,574.9646020507812,595.4860738714449,63.42958942650419,6.387701459840969,-0.22522704916157665
2025-06-25,607.9099731445312,608.6099853515625,605.5399780273438,607.1199951171875,62114800,597.7470062255859,576.4282019042969,596.5940663710394,63.654935380131924,6.568493684014925,-0.08297741354950816
2025-06-26,608.989990234375,612.3099975585938,608.3699951171875,611.8699951171875,78548400,598.9540069580078,577.8832019042969,598.0489167278154,66.73883622408789,7.01420276353565,0.26456818664794857
2025-06-27,612.8800048828125,616.3900146484375,610.8300170898438,614.9099731445312,86258400,600.1970062255859,579.4292016601562,599.6547316246455,68.57651990823766,7.525976468890917,0.0981560413706708
2025-06-30,617.3800048828125,619.219970703125,615.0399780273438,617.8499755859375,92502500,601.620004272461,581.2730017089843,601.3876120019114,70.28634365633246,8.075702769336772,0.07238831232668352
2025-07-01,616.3599853515625,618.8300170898438,615.52001953125,617.6500244140625,70030100,602.8670043945312,583.097802734375,602.936413184021,70.00734531606017,8.39841869165241,-0.24293829896489283
2025-07-02,617.239990234375,620.489990234375,616.6099853515625,620.4500122070312,66510400,604.0850036621093,585.2292028808594,604.6043749957363,71.70134501921476,8.778911176191741,-0.05025981685018299
2025-07-03,622.4500122070312,626.280029296875,622.4299926757812,625.3400268554688,51065800,605.5555053710938,587.1910034179688,606.5791989823775,74.41877558275146,9.367059890436167,-0.2322133079939378
2025-07-07,623.3599853515625,624.030029296875,617.8699951171875,620.6799926757812,74814500,606.9370056152344,588.8962036132813,607.9221317150826,67.74273436497461,9.349372425547926,0.4650607647388272
2025-07-08,621.3499755859375,622.1099853515625,619.52001953125,620.3400268554688,59024600,607.9970062255859,590.3692041015624,609.1047883951194,67.26862354423422,9.201849389892004,-0.21105400691042508
2025-07-09,622.77001953125,624.719970703125,620.9099731445312,624.0599975585938,66113300,609.2160064697266,591.8376037597657,610.529094029736,69.76237819420692,9.27815408311858,0.12009738312500207
2025-07-10,624.2000122070312,626.8699951171875,623.010009765625,625.8200073242188,57529000,610.3530059814453,593.3370043945313,611.9853714863534,70.89232303003868,9.37260265218515,-0.12984225564296448
2025-07-11,622.739990234375,624.8599853515625,621.530029296875,623.6199951171875,63670200,611.4660064697266,594.7230041503906,613.0934308797662,67.49694284487799,9.164290982919283,0.10674963931234682
2025-07-14,623.1599731445312,625.1599731445312,621.7999877929688,624.8099975585938,51898500,612.5190063476563,596.1284045410156,614.2092943729879,68.37914923234794,8.991576439841197,-0.18488555085424574
2025-07-15,627.52001953125,627.8599853515625,622.0599975585938,622.1400146484375,74317300,613.7760070800781,597.4018054199219,614.9646010658878,64.1706455894182,8.540800580609812,0.43197394915074616
2025-07-16,623.739990234375,624.72998046875,618.0499877929688,624.219970703125,88987500,614.8530059814453,598.5510046386719,615.8460648408627,65.92981963214851,8.256219970695838,0.1973995287772834
2025-07-17,624.4000244140625,628.4000244140625,624.1799926757812,628.0399780273438,68885700,616.3785034179688,599.8416040039062,617.0073899062419,68.94552390830452,8.243899906504907,-0.22589464812473659
2025-07-18,629.2999877929688,629.469970703125,626.4600219726562,627.5800170898438,65621600,617.8855041503906,601.2172045898437,618.0143067808706,68.16316593854711,8.103607816679983,-0.047384290208272506
2025-07-21,628.77001953125,631.5399780273438,628.3400268554688,628.77001953125,63375000,619.6100036621094,602.5696044921875,619.0386603761448,69.13888030403345,7.996272524346068,-0.03423567849610498
2025-07-22,629.0999755859375,629.72998046875,626.1900024414062,628.8599853515625,60046300,621.0455017089844,603.8456042480469,619.9740246595179,69.21569363051407,7.828229069871895,-0.05252386587771207
2025-07-23,631.5499877929688,634.2100219726562,629.72998046875,634.2100219726562,70511000,622.4170013427735,605.2430041503907,621.3298339274359,73.44807505637111,8.034144053150385,0.17427718277395954
2025-07-24,634.5999755859375,636.1500244140625,633.989990234375,634.4199829101562,71307100,623.7820007324219,606.2716040039063,622.576514782933,73.60146668463621,8.120665279472178,0.011290436953099503
2025-07-25,635.0900268554688,637.5800170898438,634.8400268554688,637.0999755859375,56865400,625.0434997558593,607.2768029785157,623.9597015260763,75.54359554120782,8.309697960504877,-0.20252821949006483
2025-07-28,637.47998046875,638.0399780273438,635.5399780273438,636.9400024414062,54917100,626.1450012207031,608.2638024902344,625.1959206608697,75.18800926845161,8.350341685277272,-0.03426160723392435
2025-07-29,638.3499755859375,638.6699829101562,634.3400268554688,635.260009765625,60556300,627.0155029296875,609.1598022460937,626.154405337513,71.38772679809006,8.15300796063184,0.10268568442252057
2025-07-30,635.9199829101562,637.6799926757812,631.5399780273438,634.4600219726562,80418900,627.8560028076172,609.9650024414062,626.945416445622,69.58413528945036,7.841673304440519,0.32800220621140985
2025-07-31,639.4600219726562,639.8499755859375,630.77001953125,632.0800170898438,103385200,628.4375030517579,610.7096032714844,627.434426030786,64.37338626963484,7.318528403046912,0.28558336410968077
2025-08-01,626.2999877929688,626.3400268554688,619.2899780273438,621.719970703125,140103600,628.2565002441406,611.2870031738281,626.8901921900564,47.6472310318275,5.998812561669297,0.355161086886711
2025-08-04,625.6699829101562,631.219970703125,625.5800170898438,631.1699829101562,73218000,628.7809997558594,612.253203125,627.2977913062564,58.29255156154239,5.65033175019164,-0.4774010089676497
2025-08-05,631.7899780273438,632.6099853515625,627.0399780273438,627.969970703125,68051400,629.1624969482422,613.1508020019531,627.3618083916724,54.268436894817896,5.057642599325504,-0.07056461525854296
2025-08-06,629.0499877929688,633.4400024414062,628.1300048828125,632.780029296875,64357500,629.5984985351563,614.2242028808594,627.8778294302631,58.86518061788461,4.919356427643265,-0.05428102875179641
2025-08-07,636.239990234375,636.97998046875,629.1099853515625,632.25,74205800,629.9199981689453,615.0462023925782,628.2942266273809,58.17131191912832,4.712669979678367,0.1530248999728081
2025-08-08,634.0599975585938,637.6500244140625,633.739990234375,637.1799926757812,64051600,630.597998046875,616.0352026367187,629.1404900605619,62.58858303004062,4.890306281139374,-0.1368383603438006
2025-08-11,637.4600219726562,638.9500122070312,634.6599731445312,635.9199829101562,58742300,631.1534973144531,616.9526025390625,629.7861560462376,60.82073948137645,4.873236435953459,-0.08289098164604791
2025-08-12,638.2899780273438,642.8499755859375,636.7899780273438,642.6900024414062,64730800,632.1809967041015,618.0186022949218,631.0150937981584,66.32454277109565,5.344385705768332,0.1019452762319486
2025-08-13,644.9099731445312,646.1900024414062,642.6799926757812,644.8900146484375,60092800,633.2144989013672,619.0622021484374,632.3365148315183,67.90250866226796,5.828114617941878,-0.07165058982740824
2025-08-14,642.7899780273438,645.6199951171875,642.3400268554688,644.9500122070312,59327500,634.0600006103516,620.0394018554688,633.5378002958529,67.94662008980596,6.14547337582394,-0.012735302731774811
2025-08-15,645.989990234375,646.0900268554688,642.52001953125,643.4400024414062,68592500,634.8529998779297,620.9896020507813,634.4808671668579,65.50658624263399,6.2036257731936075,0.1561670388942733
2025-08-18,642.8599853515625,644.0,642.1799926757812,643.2999877929688,43804900,635.5794982910156,621.9946020507813,635.3207834169638,65.27252107916676,6.167320918571477,-0.36137478587309113
2025-08-19,643.1199951171875,644.1099853515625,638.47998046875,639.8099975585938,69750700,636.1269989013672,622.8080017089844,635.7483276209285,59.5598306673576,5.7901903053011665,0.5923036007387301
2025-08-20,639.4000244140625,639.6599731445312,632.9500122070312,638.1099853515625,88890300,636.3219970703125,623.5766015625,635.9732474047985,56.94537506606105,5.293119018499397,0.2744001135472476
2025-08-21,636.280029296875,637.969970703125,633.8099975585938,635.5499877929688,54805800,636.3784973144532,624.2260009765625,635.9329369655766,53.16100829184626,4.6391389285133755,-0.38344453781796217
2025-08-22,637.760009765625,646.5,637.25,645.3099975585938,84083200,636.7889984130859,625.1050012207031,636.8259903553877,63.201595935006424,4.852469962636633,0.5342025843980016
2025-08-25,644.0399780273438,645.2899780273438,642.3499755859375,642.469970703125,51274300,637.0654968261719,625.8794006347656,637.3635122932675,59.22326575952902,4.737756009873806,-0.3901956633429746
2025-08-26,642.2000122070312,645.510009765625,641.5700073242188,645.1599731445312,51581600,637.5604949951172,626.8426000976563,638.1060323743402,61.68348436573203,4.808475973720192,0.00599325588062638
2025-08-27,644.5700073242188,647.3699951171875,644.4199829101562,646.6300048828125,48341100,638.168994140625,627.7216003417968,638.917839279909,62.99735541381087,4.9263533949018665,-0.06282278952184495
2025-08-28,647.239990234375,649.47998046875,645.3400268554688,648.9199829101562,61519500,639.0109924316406,628.7493994140625,639.8704243875516,65.01014406641377,5.145243030260872,0.27261274567603966
2025-08-29,647.469970703125,647.8400268554688,643.1400146484375,645.0499877929688,74522200,640.1774932861329,629.7015991210938,640.3637161404484,59.1539808464095,4.949384951404568,0.21135899999187258
2025-09-02,637.5,640.489990234375,634.9199829101562,640.27001953125,81983500,640.6324951171875,630.6213989257812,640.3547926538581,52.82451784976783,4.358223632831255,0.10012184288708603
2025-09-03,642.6699829101562,644.2100219726562,640.4600219726562,643.739990234375,70820900,641.42099609375,631.4931982421875,640.6771924234312,56.466145119539824,4.1222034691518274,-0.1361566656705313
2025-09-04,644.4199829101562,649.1500244140625,643.510009765625,649.1199951171875,65219200,642.2379943847657,632.3399975585937,641.4812688704556,61.43659869708295,4.319484887471617,-0.07909670732792151
2025-09-05,651.47998046875,652.2100219726562,643.3300170898438,647.239990234375,85178900,642.9874938964844,633.1423974609374,642.0297185241621,58.905630453449824,4.274853302768861,0.3060402458171827
2025-09-08,648.6199951171875,649.8400268554688,647.22998046875,648.8300170898438,63133100,643.5699951171875,633.8815979003906,642.677366006608,60.39182126184068,4.318009009175626,-0.2588176179781613
2025-09-09,648.969970703125,650.8599853515625,647.219970703125,650.3300170898438,66133900,644.2904968261719,634.5899987792968,643.4061899192972,61.79553282944708,4.422270499845581,0.04753132667332993
2025-09-10,653.6199951171875,654.5499877929688,650.6300048828125,652.2100219726562,78034500,644.7664978027344,635.2771997070313,644.2446501148552,63.539613907964636,4.603532507405816,0.17994704682469953
2025-09-11,654.1799926757812,658.3300170898438,653.5900268554688,657.6300048828125,69934400,645.4034973144531,636.0767993164062,645.5194458070416,68.06579800835755,5.125448300949415,-0.1038015236850367
2025-09-12,657.5999755859375,659.1099853515625,656.9000244140625,657.4099731445312,72780100,646.0264953613281,636.8159985351563,646.6518769820407,67.69837925529445,5.458394629578493,0.040690990413873473
2025-09-15,659.6400146484375,661.0399780273438,659.3400268554688,660.9099731445312,63772400,646.8999938964844,637.5273974609376,648.0097909022779,70.43248093574888,5.936248367056237,-0.1237659744902796
2025-09-16,661.469970703125,661.780029296875,659.2100219726562,660.0,61169000,647.734994506836,638.3137976074219,649.1517155782515,68.80192334860544,6.170395194096955,-0.040823302870834355
2025-09-17,660.010009765625,661.719970703125,654.2999877929688,659.1799926757812,101952200,648.7034942626954,639.0905969238281,650.10678958754,67.29014385073523,6.218111979230002,0.666729879514133
2025-09-18,661.8900146484375,664.8900146484375,660.27001953125,662.260009765625,90459200,649.9109954833984,639.8545971679688,651.26423912831,69.96011301035357,6.430334618860456,-0.11272929863210401
2025-09-19,662.3300170898438,664.5499877929688,660.3699951171875,663.7000122070312,97945600,651.3184967041016,640.612197265625,652.4485984691406,71.14596097131154,6.638197740747387,0.082759962502432
2025-09-22,662.2000122070312,667.2899780273438,662.1699829101562,666.8400268554688,69452200,652.3949981689453,641.4765979003906,653.81921069641,73.59383558689001,6.975889984941546,-0.2909104645844224
2025-09-23,666.719970703125,667.3400268554688,661.97998046875,663.2100219726562,81708900,653.4320007324219,642.2445983886719,654.7135736751001,66.56345803995913,6.871393319684785,0.17647677107420634
2025-09-24,664.510009765625,664.6099853515625,659.6699829101562,661.0999755859375,68082200,654.2290008544921,643.0237976074219,655.3218024285131,62.80752070985402,6.5428934477404255,-0.1667713064305112
2025-09-25,657.9400024414062,659.4099731445312,654.4099731445312,658.0499877929688,89622100,654.8,643.7003979492188,655.5816296060804,57.73619609749625,5.967654995379235,0.3163807867548345
2025-09-26,659.510009765625,662.3699951171875,657.8800048828125,661.8200073242188,69179200,655.4450012207031,644.3759985351562,656.1757608173316,61.83796738650602,5.749704432684553,-0.22810110452667365
2025-09-29,664.3599853515625,665.280029296875,661.8599853515625,663.6799926757812,73499000,656.3765014648437,645.097998046875,656.8904495657554,63.70929108399916,5.6617966474194645,0.062443624673312215
2025-09-30,662.9299926757812,666.6500244140625,661.6099853515625,666.1799926757812,86288000,657.6720001220704,645.8461975097656,657.7751679571865,66.1144673200379,5.727831326799674,0.17400236737914798
2025-10-01,663.1699829101562,669.3699951171875,663.0599975585938,668.4500122070312,72545400,658.9075012207031,646.637998046875,658.791819790505,68.17684836743499,5.895377647020041,-0.15926432412386426
2025-10-02,670.4500122070312,670.5700073242188,666.780029296875,669.219970703125,56896000,659.9125,647.3381970214843,659.7849770202783,68.86895139094896,6.020883531245431,-0.21571870856043251
2025-10-03,669.989990234375,672.6799926757812,668.1599731445312,669.2100219726562,70494400,661.0110015869141,648.0339978027343,660.6826003490762,68.84811585621848,6.049806663963068,0.2390044994375704
2025-10-06,671.6199951171875,672.510009765625,669.4600219726562,671.6099853515625,54623300,662.15,648.7241979980469,661.7233036826464,71.11812786402646,6.1949736424555795,-0.2251398692662112
2025-10-07,672.5399780273438,672.989990234375,667.6699829101562,669.1199951171875,72020100,663.0894989013672,649.3677978515625,662.427750485936,65.76376024920266,6.039478764829141,0.31848679958918624
2025-10-08,670.25,673.2100219726562,669.4199829101562,673.1099853515625,60702200,664.1344970703125,650.1247973632812,663.4451061874242,69.70038366371527,6.1671161441908,-0.15714918474148187
2025-10-09,673.530029296875,673.9400024414062,669.2100219726562,671.1599731445312,66501900,664.8109954833984,650.8587963867187,664.1798554214345,65.72293189531905,6.041279884791379,0.09554348936282375
2025-10-10,672.1300048828125,673.9500122070312,652.8400268554688,653.02001953125,159422600,664.5914978027344,651.2775964355469,663.1170139080835,41.81698340959246,4.42678190175468,1.3972638375745654
2025-10-13,660.6500244140625,665.1300048828125,659.77001953125,663.0399780273438,79560500,664.697998046875,652.1039965820313,663.1096771575369,52.166805215062986,3.910727101038219,-0.5009459135655798
2025-10-14,657.1699829101562,665.8300170898438,653.1699829101562,662.22998046875,88779600,664.8094970703125,652.7251965332031,663.0258965205096,51.37126999526613,3.3972287812608783,0.11587534014994882
2025-10-15,666.8200073242188,670.22998046875,658.9299926757812,665.1699829101562,81702600,665.1089965820313,653.4691967773438,663.2300952242855,54.10692301438467,3.1907305342397194,-0.07971425868104831
2025-10-16,666.8200073242188,668.7100219726562,657.1099853515625,660.6400146484375,110563300,665.0279968261718,654.026396484375,662.9834208837285,49.48742200509336,2.6312175672998137,0.35324090053437707
2025-10-17,659.5,665.760009765625,658.1400146484375,664.3900146484375,96500900,665.0624969482421,654.6691967773437,663.1173821946531,53.06018643252407,2.4620126209247246,-0.1271886783408238
2025-10-20,667.3200073242188,672.2100219726562,667.27001953125,671.2999877929688,60493400,665.2854949951172,655.3515966796875,663.8966779659213,58.83762163326129,2.8526104480188224,-0.3731312350454763
2025-10-21,671.4400024414062,672.989990234375,669.97998046875,671.2899780273438,56249000,665.6894927978516,656.0589965820312,664.6008017812949,58.82632633552112,3.1253275056293432,-0.07016302604912272
2025-10-22,672.0,672.0,663.2999877929688,667.7999877929688,80564000,666.0244934082032,656.5611962890625,664.9054861633591,54.871100966117694,3.0249746687571815,0.4322743515440275
2025-10-23,668.1199951171875,672.7100219726562,667.7999877929688,671.760009765625,65604500,666.709994506836,657.0985961914063,665.5582979350035,58.29736677674276,3.2277771941688798,-0.1856846730549625
2025-10-24,676.4600219726562,678.469970703125,675.6500244140625,677.25,74356500,667.481494140625,657.7445959472657,666.671793369765,62.543136028050895,3.78783221489266,0.13340548285559684
2025-10-27,682.72998046875,685.5399780273438,682.1199951171875,685.239990234375,63339800,668.5594940185547,658.580595703125,668.4401930711565,67.69763634881289,4.820833720311384,-0.1481605508597097
2025-10-28,687.0499877929688,688.9099731445312,684.8300170898438,687.0599975585938,61738100,669.6034942626953,659.4557958984375,670.2135077842457,68.7524663471509,5.720412877539388,-0.02528741802152834
2025-10-29,688.719970703125,689.7000122070312,682.8699951171875,687.3900146484375,85657100,670.5504943847657,660.4073962402343,671.8493655808354,68.95046002286404,6.386347621821869,0.38742688874455156
2025-10-30,683.9000244140625,685.9400024414062,679.8300170898438,679.8300170898438,76335800,671.0809967041016,661.241796875,672.6094276293124,59.62938854764535,6.232235748744301,-0.10882110181175875
2025-10-31,685.0399780273438,685.0800170898438,679.239990234375,682.0599975585938,87164100,671.7234954833984,662.1719970703125,673.5094819082916,61.29164296523163,6.218360378469924,0.14185087468789215
2025-11-03,685.6699829101562,685.7999877929688,679.9400024414062,683.3400268554688,57315000,672.3099975585938,662.93259765625,674.4457242842133,62.25242475239577,6.238735455316601,-0.3424471772208971
2025-11-04,676.1099853515625,679.9600219726562,674.5800170898438,675.239990234375,78427000,672.6159973144531,663.587998046875,674.5213686604192,53.24588749589167,5.537445366772317,0.36835034458693183
2025-11-05,674.97998046875,680.8599853515625,674.1699829101562,677.5800170898438,74402400,672.8394989013672,664.2363989257813,674.8126685108406,55.25969990785795,5.111565583684978,-0.05131651089548239
2025-11-06,676.469970703125,677.3800048828125,668.719970703125,670.3099975585938,85035300,672.7970001220704,664.7099987792968,674.3838427058647,48.29922632994946,4.139703049329455,0.14291071255765941
2025-11-07,667.9099731445312,671.0800170898438,661.2100219726562,670.969970703125,100592400,673.6944976806641,665.1509985351563,674.0587120389371,48.928134673861486,3.3837436160011976,0.18294872835163756
2025-11-10,677.239990234375,682.1799926757812,675.030029296875,681.4400024414062,75842900,674.6144989013671,665.878798828125,674.7616920772675,57.71582248382234,3.5881227329317653,-0.24603747400400033
2025-11-11,679.9500122070312,683.5700073242188,678.72998046875,683.0,58953400,675.6529998779297,666.7333984375,675.5462928318135,58.851888099965805,3.831802783828607,-0.22269058804449726
2025-11-12,684.7899780273438,684.9600219726562,680.9500122070312,683.3800048828125,62312500,676.5635009765625,667.5261987304688,676.2923606461943,59.13987659880708,4.009366714256203,0.05697890198020805
2025-11-13,680.5,680.8599853515625,670.52001953125,672.0399780273438,103457800,677.1334991455078,667.9845983886719,675.8873718253514,48.280465588606866,3.198175438066528,0.6603057171514544
2025-11-14,665.3800048828125,675.6599731445312,663.27001953125,671.9299926757812,96846700,677.510498046875,668.4783984375,675.5104785730114,48.18804460036456,2.5174065134278862,-0.06390141680955908
2025-11-17,669.7000122070312,673.7100219726562,662.1699829101562,665.6699829101562,90456100,677.2289978027344,668.8151977539062,674.5732885098823,43.12769780406298,1.4559781551178048,-0.06598676051946017
2025-11-18,662.0999755859375,665.1199951171875,655.8599853515625,660.0800170898438,114467500,676.6684997558593,669.0101977539063,673.1929769460692,39.17189706694438,0.16185919749807454,0.26544810134418806
2025-11-19,660.780029296875,667.3400268554688,658.75,662.6300048828125,94703000,676.4100006103515,669.2185974121094,672.1869796067114,41.794634324744024,-0.6504783863546209,-0.17266473016358352
2025-11-20,672.9099731445312,675.5599975585938,651.8900146484375,652.530029296875,165293500,675.4485015869141,669.1165979003906,670.3148891010127,35.30205320322223,-2.08520841034408,0.745388213678553
2025-11-21,655.0499877929688,664.5499877929688,650.8499755859375,659.030029296875,123956200,674.5375030517578,669.1489990234375,669.2401405482377,41.59069175376342,-2.6670030626395373,-0.2500842440870331
2025-11-24,662.6900024414062,670.0599975585938,661.5900268554688,668.72998046875,80437900,673.7120025634765,669.3053991699219,669.1915538740008,49.482065230933486,-2.3186466077056593,-0.3510780420826066
2025-11-25,668.6300048828125,676.2100219726562,664.47998046875,675.02001953125,81077100,673.1100036621094,669.6057995605469,669.7466458413578,53.837470855650984,-1.5175249402194595,0.00794650283013354
2025-11-26,677.6300048828125,681.7000122070312,676.719970703125,679.6799926757812,71879600,672.7245025634766,670.0157995605468,670.6926788732077,56.808430549174254,-0.5008360331925132,-0.11344140330623564
2025-11-28,680.8599853515625,683.6699829101562,680.5,683.3900146484375,49212000,672.9025024414062,670.4383996582031,671.901948947039,59.06712342574662,0.597378806692177,-0.3153551216200424
2025-12-01,678.8099975585938,682.989990234375,678.739990234375,680.27001953125,61201200,672.8130035400391,670.7697998046875,672.6989080502972,56.39614880946531,1.2021073037300312,0.2436235064618386
2025-12-02,681.9199829101562,683.8200073242188,679.3300170898438,681.530029296875,62953800,672.7225036621094,671.0635998535156,673.5399672166379,57.23714743773029,1.7627118077414252,0.028636693398168767
2025-12-03,680.5700073242188,684.9099731445312,679.6900024414062,683.8900146484375,57238500,673.1550048828125,671.4771997070312,674.5256860196665,58.83848137410522,2.3701049166186294,-0.09078562374312593
2025-12-04,685.2999877929688,685.3699951171875,681.3400268554688,684.3900146484375,61970300,673.4955047607422,671.9430004882812,675.4651458890733,59.187185563230265,2.8588590057205465,0.08266813421036545
2025-12-05,685.469970703125,688.3900146484375,684.5800170898438,685.6900024414062,79241000,674.2645050048828,672.49580078125,676.4389417512002,60.13284545211162,3.3129091387212384,0.2786931804428896
2025-12-08,686.5900268554688,686.6400146484375,681.5700073242188,683.6300048828125,55231500,674.8975067138672,672.9320007324219,677.1238049065919,57.84555898337675,3.4665621825380413,-0.3029933998813745
2025-12-09,683.1500244140625,685.3900146484375,682.5900268554688,683.0399780273438,58310100,674.977505493164,673.3192004394531,677.6872499657111,57.17474394334065,3.500372969906607,0.055739931017625866
2025-12-10,682.5599975585938,688.969970703125,681.3099975585938,687.5700073242188,85671300,675.206005859375,673.7470007324218,678.6284649522356,60.92172949595985,3.8483424712148917,0.4692360328656613
2025-12-11,685.1400146484375,689.25,682.1699829101562,689.1699829101562,86173700,675.4955047607422,674.1614001464844,679.6324190434661,62.18035499679289,4.204745774295134,0.005864274266878189
2025-12-12,688.1699829101562,688.8800048828125,679.1699829101562,681.760009765625,113160300,675.9815063476562,674.4122009277344,679.8350467312908,53.57427367909547,3.844952831853675,0.31316515363736275
2025-12-15,685.739990234375,685.760009765625,679.25,680.72998046875,90811000,676.4215057373046,674.6426000976562,679.9202785158108,52.48679701595613,3.4370790688583384,-0.19750124381077105
2025-12-16,679.22998046875,681.0800170898438,674.97998046875,678.8699951171875,122030600,677.0815063476563,674.7878002929688,679.8202515254657,50.49362476521359,2.929975960758952,0.34378654568279177
2025-12-17,679.8900146484375,680.4400024414062,671.2000122070312,671.4000244140625,110625200,677.6475067138672,674.8334008789062,679.0183251339034,43.37032112575814,1.9033878175741847,-0.09346344277582841
2025-12-18,677.5999755859375,680.739990234375,674.9000244140625,676.469970703125,108650100,678.3395050048828,674.9006005859375,678.7756247119245,48.66376227846316,1.481829998336707,-0.0178539790210549
2025-12-19,676.5900268554688,681.0900268554688,676.469970703125,680.5900268554688,103599500,679.7425048828125,675.0892016601563,678.9484249160715,52.54574509990966,1.4633281521315666,-0.0464850009341915
2025-12-22,683.9400024414062,685.3599853515625,680.5900268554688,684.8300170898438,69556700,681.032504272461,675.7254016113282,679.5085765516689,56.21518279000968,1.7703891385917814,-0.32860004150599187
2025-12-23,683.9199829101562,688.2000122070312,683.8699951171875,687.9600219726562,64840000,681.9940063476563,676.2238024902343,680.3134761155724,58.7509157308253,2.240475609933469,-0.06781086509279477
2025-12-24,687.9500122070312,690.8300170898438,687.7999877929688,690.3800048828125,39445600,682.7620056152343,676.7868029785157,681.2721931410238,60.64846731548993,2.7762915605419494,-0.3916471314003701
2025-12-26,690.6400146484375,691.6599731445312,689.27001953125,690.3099975585938,41613300,683.293505859375,677.2896032714843,682.1329364188875,60.561672655989824,3.1588671021290793,0.05495416472306158
2025-12-29,687.5399780273438,689.2000122070312,686.0700073242188,687.8499755859375,62559500,683.51650390625,677.8338024902343,682.6774163395589,57.450343257708795,3.2263662197744907,0.5033534951565966
2025-12-30,687.4500122070312,688.5599975585938,686.5800170898438,687.010009765625,47160700,683.8535034179688,678.2862023925782,683.0900442848986,56.38516980221825,3.175476617223694,-0.246146468561929
2025-12-31,687.1400146484375,687.3599853515625,681.7100219726562,681.9199829101562,74144800,683.8730010986328,678.4986022949219,682.9786098682564,50.29917331373611,2.693376049920289,0.5721734410218677
2026-01-02,685.7100219726562,686.8699951171875,679.8200073242188,683.1699829101562,89377200,683.8369995117188,678.7362023925781,682.9968358722468,51.678545380034734,2.3846832857946083,0.20544124469956082
2026-01-05,686.5399780273438,689.4299926757812,686.3800048828125,687.719970703125,71927200,684.0034973144532,679.1346020507813,683.4466582370924,56.41978676977311,2.4786160918497444,-0.19523994933831001
2026-01-06,687.9299926757812,692.3200073242188,687.780029296875,691.8099975585938,69273800,684.3094970703125,679.5356018066407,684.2431667439021,60.20015464323998,2.850233782023338,-0.03689007774527575
2026-01-07,692.1900024414062,693.9600219726562,689.3200073242188,689.5800170898438,75588300,684.6069976806641,679.7822021484375,684.7514382054203,57.28254873839984,2.931015766480982,0.09115278792270676
2026-01-08,688.8200073242188,690.6199951171875,687.489990234375,689.510009765625,64019200,684.9304992675782,679.8676025390625,685.2046354968684,57.18884273113674,2.9553199761157884,-0.15305411022605353
2026-01-09,690.6300048828125,695.3099975585938,689.1799926757812,694.0700073242188,80125500,685.2554992675781,680.007802734375,686.0489566232827,61.595716238298806,3.304443364679173,0.2515854618614415
2026-01-12,690.6799926757812,696.0900268554688,690.6300048828125,695.1599731445312,63976000,685.5549987792969,680.1632019042969,686.9166724824493,62.587069182010005,3.627264451188921,-0.2015525644145746
2026-01-13,695.489990234375,696.0900268554688,691.3499755859375,693.77001953125,78309700,686.1554992675781,680.442001953125,687.5693722013826,60.44429665357467,3.727971117324387,0.22404808053019876
2026-01-14,691.0,691.719970703125,686.0399780273438,690.3599853515625,94676700,686.6369995117187,680.6080017089844,687.8351448823521,55.43032379219016,3.4923628315315227,0.20900348232722132
2026-01-15,694.5700073242188,695.4500122070312,691.25,692.239990234375,77862000,687.3054992675782,680.7860009765625,688.2546539634972,57.522372681568214,3.417942338083094,-0.17760124719175885
2026-01-16,693.6599731445312,694.25,690.0999755859375,691.6599731445312,79289200,688.3184967041016,681.1144006347656,688.5789700759766,56.63905916292619,3.274415604275987,0.018329865659757028
2026-01-20,681.489990234375,684.77001953125,676.5700073242188,677.5800170898438,111623300,688.3739990234375,681.1144006347656,687.531450743964,40.41483099471815,2.0014632289332894,0.407799548992801
2026-01-21,679.6500244140625,688.739990234375,678.1300048828125,685.4000244140625,127844500,688.6144989013671,681.416201171875,687.3284577601638,49.130419454990495,1.605145419654491,0.14532091418189563
2026-01-22,689.8499755859375,691.1300048828125,686.9199829101562,688.97998046875,77112200,688.8219970703125,681.7764013671875,687.485745637172,52.55203602238021,1.5619282980048865,-0.3968281779818451
2026-01-23,688.1500244140625,690.9600219726562,687.1599731445312,689.22998046875,63059600,688.8854949951171,681.9322009277344,687.6518632401795,52.79084267900955,1.5302119970200465,-0.18223575517233326
2026-01-26,690.489990234375,694.1300048828125,689.9199829101562,692.72998046875,60473800,689.0029937744141,682.1268005371094,688.1354934524243,56.120526344575346,1.7671270091029783,-0.041005651796078624
2026-01-27,694.1799926757812,696.530029296875,693.5700073242188,695.489990234375,55506100,689.2619934082031,682.3690002441406,688.835921717372,58.60024148029589,2.1527777034730207,-0.08214631790957405
2026-01-28,697.0499877929688,697.8400268554688,693.9400024414062,695.4199829101562,61172200,689.640493774414,682.8366003417968,689.4629751643039,58.50992075081067,2.42480797429846,0.1020806722144052
2026-01-29,696.3900146484375,697.0599975585938,684.8300170898438,694.0399780273438,97486200,689.9919921875,683.2788000488281,689.8988801988792,56.65614631128248,2.50021810495673,0.5936356711055022
2026-01-30,691.7899780273438,694.2100219726562,687.1199951171875,691.969970703125,101835100,690.4944915771484,683.8047998046875,690.0961269135693,53.89764550127285,2.3656788127432264,0.044610416653844354
2026-02-02,689.5800170898438,696.9299926757812,689.4199829101562,695.4099731445312,79286500,691.1064910888672,684.5113989257812,690.6022075069942,57.592836267197555,2.507727381830705,-0.22142267253628656
2026-02-03,696.2100219726562,696.9600219726562,684.030029296875,689.530029296875,107904600,691.1969940185547,685.0493994140625,690.5000952965066,50.18804013677856,2.1213855562961044,0.3609454320722947
2026-02-04,690.3499755859375,691.4500122070312,681.760009765625,686.1900024414062,105204600,690.9159942626953,685.7225988769532,690.0896102626875,46.528510625386865,1.5280798691157997,-0.025022102857524153
2026-02-05,680.9400024414062,683.6900024414062,675.7899780273438,677.6199951171875,113610800,690.3179931640625,686.0943981933593,688.902027867878,38.72586232230059,0.3621779074941287,0.07990335023373496
2026-02-06,681.4600219726562,692.3099975585938,680.8499755859375,690.6199951171875,89127600,690.3734924316407,686.5321984863281,689.0656437963837,51.90220522602838,0.4816316081324885,-0.21550063902375483
2026-02-09,689.4199829101562,695.8699951171875,688.3400268554688,693.9500122070312,73885200,690.3674926757812,686.9107983398437,689.5308217402549,54.59561991542039,0.8353743994676961,-0.17101773188103353
2026-02-10,694.9500122070312,696.5399780273438,691.6599731445312,692.1199951171875,65185700,690.2154937744141,687.1595983886718,689.7774096809151,52.84428403988082,0.9570191046063883,-0.11774347230568505
2026-02-11,696.3900146484375,697.1400146484375,689.1799926757812,691.9600219726562,76353900,690.1249938964844,687.3309985351563,689.9852775182237,52.68518163517076,1.0286571942014007,0.17132898779947126
2026-02-12,694.239990234375,695.3499755859375,680.3699951171875,681.27001953125,118829000,689.6704956054688,687.3509985351562,689.1552529480357,43.302852975678306,0.22029758594624127,0.5562924749095985
2026-02-13,681.6900024414062,686.280029296875,677.52001953125,681.75,96267500,689.14599609375,687.3553979492187,688.4499907625085,43.786902858079074,-0.3772540650195424,-0.18986526857921893
2026-02-17,680.1400146484375,684.9400024414062,675.780029296875,682.8499755859375,81354700,688.7054962158203,687.3345971679687,687.9166559837875,44.94689460224371,-0.7533747811141893,-0.1549100163606617
2026-02-18,684.02001953125,689.1500244140625,682.8300170898438,686.2899780273438,73570300,689.1409942626954,687.3725964355468,687.76173427365,48.52439146698909,-0.7650546370748543,-0.09568469922450695
2026-02-19,683.8400268554688,686.1799926757812,681.5499877929688,684.47998046875,58649400,689.0949920654297,687.3483959960937,687.4491862922309,46.801105031697205,-0.9098742196432568,-0.20281146060298794
2026-02-20,682.3200073242188,690.0599975585938,681.72998046875,689.4299926757812,100034000,689.1174926757812,687.4643957519531,687.6378345192358,51.83854553819234,-0.6180951499306957,0.7056269970366278
2026-02-23,687.8300170898438,690.0,680.3699951171875,682.3900146484375,90558100,688.7754943847656,687.451396484375,687.1380421505883,45.27266342545056,-0.9440431841042027,-0.0947267928904173
2026-02-24,681.9000244140625,688.3499755859375,680.0,687.3499755859375,73798700,688.506494140625,687.4469958496094,687.1582262872882,50.07094021726434,-0.792990849093826,-0.18506792876617328
2026-02-25,690.1799926757812,693.6799926757812,690.0999755859375,693.1500244140625,56369500,688.3894958496094,687.5265966796875,687.7288737279334,55.03558323036635,-0.2029261120233059,-0.23617218189480305
2026-02-26,693.280029296875,693.2999877929688,684.3499755859375,689.2999877929688,71671000,688.08349609375,687.6773962402344,687.8785036388891,51.38322089210739,-0.045437560023628976,0.27144998625143035
2026-02-27,683.0900268554688,686.8599853515625,681.6400146484375,685.989990234375,83308900,687.6809967041015,687.7825964355469,687.6986452194116,48.408802108651756,-0.1855766756949606,0.16237948403119806
2026-03-02,678.7000122070312,688.6199951171875,678.02001953125,686.3800048828125,87477200,687.401498413086,687.9327966308593,687.5730604254497,48.7849996043856,-0.26214516558275136,0.05003427004797811
2026-03-03,675.0599975585938,682.6099853515625,669.6599731445312,680.3300170898438,105003100,686.6475006103516,688.111396484375,686.8832467744396,43.4875863332101,-0.8017674227334055,0.20034820501799322
2026-03-04,681.6300048828125,687.0900268554688,679.6199951171875,685.1300048828125,79182200,686.4274993896485,688.2845971679687,686.7162713561894,48.28557853577401,-0.8325064336233936,-0.24590607324926594
2026-03-05,682.0800170898438,685.530029296875,675.6099853515625,681.3099975585938,106606500,686.1834991455078,688.2989965820312,686.2013881373707,45.010383686118374,-1.1518323804563124,0.3463442541379249
2026-03-06,673.4099731445312,676.1099853515625,669.760009765625,672.3800048828125,100687000,685.921499633789,688.0499963378907,684.8850659226509,38.44537383896188,-2.10125431999802,-0.05552663299142169
2026-03-09,666.3900146484375,679.9199829101562,662.3900146484375,678.27001953125,102667700,685.3040008544922,687.8561962890625,684.2550615044223,44.22394439968254,-2.3512987813589916,0.019671854360542973
2026-03-10,677.719970703125,683.3599853515625,674.760009765625,677.1799926757812,81505300,684.4654998779297,687.5921960449218,683.5812454255041,43.411726993665695,-2.607360843187962,-0.20612519809053875
2026-03-11,677.5800170898438,680.0800170898438,673.3400268554688,676.3300170898438,68441700,683.6760009765625,687.3125964355469,682.8906522506793,42.752357542254096,-2.8460700740611173,-0.160279147491022
2026-03-12,671.1599731445312,671.6500244140625,665.8699951171875,666.0599975585938,108882200,682.3809997558594,686.876796875,681.2877327561949,35.69721767383815,-3.8199199460522095,0.5908751535978796
2026-03-13,669.27001953125,672.3400268554688,661.3599853515625,662.2899780273438,97200200,681.431997680664,686.3823962402344,679.4784227820186,33.51101625416017,-4.840118185050301,-0.10729026415704312
2026-03-16,668.3800048828125,672.0700073242188,667.1199951171875,669.030029296875,82023100,680.7959991455078,686.1245971679688,678.4833376881954,40.52398567480776,-5.046592850114166,-0.1561426828339859
2026-03-17,672.3900146484375,674.4400024414062,669.7000122070312,670.7899780273438,87128000,680.1929992675781,685.8769970703125,677.7506367681143,42.237239423021265,-5.010454949940254,0.06223734533320502
2026-03-18,668.3599853515625,669.719970703125,661.1900024414062,661.4299926757812,82062600,678.95,685.3511975097656,676.1962897117016,36.25566459849271,-5.671708076710047,-0.05813745294279682
2026-03-19,656.969970703125,662.97998046875,655.1699829101562,659.7999877929688,111272500,677.7160003662109,684.7109973144532,674.6347371480128,35.317648664185384,-6.255177917945389,0.3559465578716736
2026-03-20,656.510009765625,656.6900024414062,644.719970703125,648.5700073242188,163617500,675.6730010986328,683.8907971191406,672.1523819266991,29.629911943922394,-7.536867227896664,0.47042171246264797
2026-03-23,658.0700073242188,662.6199951171875,653.9400024414062,655.3800048828125,134802700,674.3225006103515,683.2081970214844,670.5550126844242,36.32657646785591,-7.911901870872157,-0.17611074609989763
2026-03-24,651.3200073242188,657.030029296875,649.8800048828125,653.1799926757812,96457500,672.6140014648438,682.3903967285156,668.9002488740773,35.16241826667276,-8.291067857002304,-0.2844542431271777
2026-03-25,658.6699829101562,660.8900146484375,654.239990234375,656.8200073242188,90653800,670.7975006103516,681.6235974121093,667.7497496788527,38.66477377387669,-8.203278582362714,-0.06016846797812503
2026-03-26,652.0599975585938,654.8499755859375,644.8200073242188,645.0900268554688,96494400,668.5870025634765,680.6499975585938,665.5916808385305,32.56086311715764,-8.97673809310254,0.064427525376763
2026-03-27,642.5,642.6599731445312,633.1099853515625,634.0900268554688,103649400,665.9920043945312,679.5245983886718,662.5915233163341,28.083484980627034,-10.357918757151083,0.07414938068944932
2026-03-30,640.1099853515625,640.3699951171875,629.280029296875,631.969970703125,99275900,663.2715026855469,678.3191979980469,659.675184972219,27.304199340223064,-11.491122688348696,-0.04219513089318416
2026-03-31,638.9400024414062,651.5399780273438,637.97998046875,650.3400268554688,152534100,661.7720031738281,677.4927990722656,658.7861222944332,42.25618714765556,-10.782589976269833,0.5364665543198299
2026-04-01,653.9000244140625,658.52001953125,653.0,655.239990234375,97841500,660.2775024414062,677.0459985351563,658.4483954315705,45.47749649587897,-9.713712966765229,-0.35855982367221495
2026-04-02,646.4199829101562,658.2000122070312,645.1099853515625,655.8300170898438,68358700,659.0035034179688,676.4545983886719,658.1990260656918,45.869090405818284,-8.718508461255283,-0.3013322567622123
2026-04-06,655.8599853515625,659.719970703125,655.52001953125,658.9299926757812,39105800,658.3310028076172,675.8535986328125,658.2686419333194,47.98295420454592,-7.592142110068721,-0.4279323626692725
2026-04-07,656.6500244140625,659.6099853515625,651.0599975585938,659.219970703125,69980400,657.3785003662109,675.2533984375,658.3592446733009,48.18678215717603,-6.600009062256163,0.7895145988574586
2026-04-08,676.3900146484375,677.0800170898438,671.4600219726562,676.010009765625,93606100,657.3200012207031,674.9189990234376,660.0402699201888,58.36078567904275,-4.408106731351609,0.33760452926819506
2026-04-09,674.8400268554688,681.1599731445312,673.77001953125,679.9099731445312,57134400,657.4989990234375,674.6073986816406,661.9326226082214,60.31028378794267,-2.329461311028126,-0.3896295220076469
2026-04-10,681.3200073242188,682.030029296875,678.4500122070312,679.4600219726562,42253500,658.1690002441406,674.2881994628906,663.6018987381676,59.96147921370657,-0.7102399349012103,-0.2604542972359909
2026-04-13,677.4099731445312,686.2999877929688,676.5800170898438,686.0999755859375,54185800,659.3595001220704,674.1293994140625,665.7445727236695,63.33175375886543,1.0961576130941921,0.2823979078656207
2026-04-14,687.6900024414062,694.5800170898438,687.6599731445312,694.4600219726562,63480500,660.6309997558594,674.1792004394531,668.4793774140493,67.08812266486507,3.165832809887661,0.1715338704974365
2026-04-15,695.260009765625,700.280029296875,694.2000122070312,699.9400024414062,58240400,662.0885009765625,674.2698010253906,671.4756274166547,69.3076630997712,5.18844477855896,-0.08254660880112785
2026-04-16,701.0599975585938,702.780029296875,698.530029296875,701.6599731445312,49972400,664.1,674.5123999023438,674.3503270097858,69.99169844532078,6.851190339692494,-0.14196331069154744
2026-04-17,706.1400146484375,712.3900146484375,705.760009765625,710.1400146484375,70661900,666.6170013427734,674.9914001464844,677.7588686896574,73.16696373457042,8.752305525055249,0.41401853823310475
2026-04-20,708.780029296875,709.9099731445312,706.1400146484375,708.719970703125,43546800,669.6244995117188,675.6133996582031,680.7075450718925,71.79692472546084,10.028762001994778,-0.38373012896624625
2026-04-21,710.280029296875,711.280029296875,702.6400146484375,704.0800170898438,58941400,672.0595001220703,675.8826000976562,682.9334947878879,67.35871106550542,10.544408104497734,0.35351851341545193
2026-04-22,709.1500244140625,711.4500122070312,708.219970703125,711.2100219726562,42518500,674.9610015869141,676.2278002929687,685.6264973769134,70.3879384767312,11.397015462016498,-0.2786309792437913
2026-04-23,709.5,712.3599853515625,702.280029296875,708.4500122070312,56174000,677.5425018310547,676.5544006347657,687.8001654559723,67.76623592639709,11.714960442164852,0.3211660806472476
2026-04-24,710.75,714.469970703125,709.010009765625,713.9400024414062,45182000,680.9850006103516,676.9940002441406,690.2896737402993,70.14802793561296,12.268506750810616,-0.1956777156691708
2026-04-27,713.1699829101562,715.6300048828125,712.2999877929688,715.1699829101562,33135900,685.0389984130859,677.6719995117187,692.6592269945714,70.67090879431836,12.660502935993918,-0.26661281041122575
2026-04-28,711.8200073242188,712.8800048828125,709.25,711.6900024414062,43117400,689.025,678.2707995605468,694.4716817990319,67.09033246799734,12.54573793900363,0.3012291804357208
2026-04-29,711.0,712.2000122070312,708.3699951171875,711.5800170898438,41859200,692.0869995117188,678.845400390625,696.1010470648235,66.974836547012,12.30407721030815,-0.029180794760351958
2026-04-30,714.6300048828125,719.7899780273438,710.4500122070312,718.6599731445312,67240900,695.2579986572266,679.4928002929687,698.2495162152719,70.49586827641838,12.539307296629545,0.6063589366256403
2026-05-01,721.25,724.8699951171875,720.469970703125,720.6500244140625,43049800,698.4989990234375,680.216201171875,700.38289794849,71.41829418839089,12.739456812580329,-0.35976764142062345
2026-05-04,720.0700073242188,722.1199951171875,714.989990234375,718.010009765625,51950600,701.4529998779296,680.7878015136719,702.0616705025029,68.36472690415829,12.540490657252349,0.206755896659218
2026-05-05,721.77001953125,725.0399780273438,721.489990234375,723.77001953125,36933200,704.6805023193359,681.6154016113281,704.1291323147645,71.25272118377062,12.701181876891383,-0.2890707710786786
2026-05-06,728.1599731445312,734.5900268554688,727.8200073242188,733.8300170898438,53288900,707.5715026855469,682.5450024414063,706.9577880076292,75.46543901489191,13.484843670434998,0.44284546153596227
2026-05-07,735.0499877929688,736.1300048828125,729.75,731.5800170898438,51724600,710.1550048828125,683.3136022949219,709.3027622059353,72.8925669000115,13.76566309648274,-0.029355081452234866
2026-05-08,734.9299926757812,738.0800170898438,734.5700073242188,737.6199951171875,47227100,713.0630035400391,684.2800024414063,711.9996415308165,75.32461193486166,14.310626271818364,-0.08695088990538347
2026-05-11,736.4500122070312,740.7899780273438,736.4500122070312,739.2999877929688,44024000,715.7230041503906,685.3462023925781,714.5996745081643,75.97039487099659,14.708524172251146,-0.0678233471883728
2026-05-12,736.8900146484375,738.8400268554688,731.8300170898438,738.1799926757812,54185300,717.9090026855469,686.3822021484375,716.8454190955564,74.56927301638838,14.763304692618021,0.23081273850626927
2026-05-13,738.469970703125,743.9099731445312,735.469970703125,742.3099975585938,44200200,720.0275024414062,687.6218017578125,719.2706170444171,76.30472423257362,14.967440194182586,-0.18427691643305477
2026-05-14,743.6500244140625,749.530029296875,743.5599975585938,748.1699829101562,45307600,722.3530029296875,688.8826013183593,722.022937603059,78.54225195503003,15.42426951611219,0.025054185275179774
2026-05-15,741.7899780273438,743.4600219726562,737.9600219726562,739.1699829101562,60410800,723.8045013427734,690.0398010253906,723.6559895370682,67.93229532209403,14.888460357896179,0.3333480475681785
2026-05-18,739.8300170898438,741.4199829101562,733.3900146484375,738.6500244140625,47843900,725.3010040283203,691.3652014160157,725.0839928586867,67.36610485949579,14.257519623333224,-0.2080240619227025
2026-05-19,734.780029296875,737.6500244140625,731.530029296875,733.72998046875,54255900,726.7835021972656,692.4744006347656,725.9074202501213,62.092468584064285,13.208231842800728,0.1340191748582369
2026-05-20,735.7100219726562,741.8699951171875,733.8900146484375,741.25,45768000,728.2855010986328,693.75580078125,727.3686183215383,66.41950455526987,12.835506714189137,-0.15644197220947398
2026-05-21,738.6400146484375,744.8699951171875,737.030029296875,742.719970703125,43332200,729.9989990234375,695.0835998535156,728.8306518816894,67.20748266502673,12.514474641433026,-0.053220590805803214
2026-05-22,746.239990234375,748.9400024414062,744.47998046875,745.6400146484375,41762000,731.5839996337891,696.6752001953125,730.4315435737607,68.77493999334679,12.353276669624165,-0.03623633233484569
2026-05-26,750.010009765625,752.1300048828125,748.3699951171875,750.5900268554688,41123600,733.3550018310547,698.441201171875,732.3513991243996,71.28100203566284,12.481076649313422,-0.015286624203821653
2026-05-27,750.8800048828125,751.3800048828125,748.219970703125,750.4600219726562,42106300,735.2935028076172,700.0698010253906,734.0760298718526,71.11956035214526,12.428599586916107,0.023896254218988666
2026-05-28,750.25,755.1500244140625,749.22998046875,754.5999755859375,41562600,737.4445007324218,701.7460009765625,736.0306913684321,73.20107623503682,12.5761013267022,-0.0129125570282832
2026-05-29,755.9000244140625,758.0800170898438,754.6900024414062,756.47998046875,55075700,739.3355010986328,703.6470007324219,737.9782427113196,74.11350174816663,12.698319873292348,0.3251264357860191
2026-06-01,755.3599853515625,760.280029296875,754.6900024414062,758.5399780273438,43634900,741.2299987792969,705.6218005371094,739.9365032176077,75.11336068463618,12.813695236425474,-0.2077286353146669
2026-06-02,757.030029296875,760.4000244140625,756.75,759.5700073242188,31581900,743.3079986572266,707.8418005371094,741.8063607515707,75.620420498089,12.840231601748542,-0.27622384834157976
2026-06-03,758.1500244140625,758.7999877929688,753.5700073242188,754.239990234375,51402500,744.8314971923828,709.8190002441406,742.9905159404092,67.90980368065462,12.2895082272222,0.6275936533267472
2026-06-04,752.0999755859375,758.3099975585938,751.469970703125,757.0900268554688,49923000,745.994497680664,711.8972009277344,744.3333265037481,69.6895145294945,11.945331772769123,-0.028782646758426123
2026-06-05,752.3099975585938,752.8200073242188,735.530029296875,737.5499877929688,93989400,746.2929962158203,713.5118005371094,743.6872942455786,49.443288118463,9.980799163607685,0.8826873385012919
2026-06-08,743.3599853515625,745.3400268554688,738.1900024414062,739.219970703125,49319100,746.3729949951172,715.3943994140625,743.261834860583,50.75992683670901,8.461112147398467,-0.47526955167284823
2026-06-09,743.6300048828125,746.9000244140625,722.5900268554688,737.0499877929688,87683500,746.2604949951171,717.4535986328125,742.6702303779531,48.97511579771097,7.000947191468185,0.777881185990823
2026-06-10,733.3900146484375,738.3800048828125,725.3300170898438,725.4299926757812,60341300,745.6229949951172,719.3227990722656,741.0283029777462,40.718574826078154,4.850209257200618,-0.3118283371443886
2026-06-11,728.760009765625,740.0,724.4099731445312,737.760009765625,86330500,745.3954956054688,721.0711987304687,740.7170369575442,50.29429272120259,4.093476236013203,0.4307033491157797
2026-06-12,740.7100219726562,744.4400024414062,735.030029296875,741.75,57079500,745.074496459961,722.8013989257812,740.815414390159,52.943206805568806,3.7722347567879524,-0.33882579158003256
2026-06-15,751.8499755859375,756.6799926757812,751.760009765625,754.8300170898438,60176400,745.8574981689453,724.7813989257812,742.1501384567957,60.39459566351222,4.520981573601375,0.054255906236039264
2026-06-16,754.5499877929688,755.4400024414062,749.8800048828125,750.3300170898438,67093100,746.4414978027344,726.6093994140625,742.929174517086,57.04770180658121,4.697111056020958,0.11494040853224852
2026-06-17,751.2899780273438,752.1500244140625,739.219970703125,740.9600219726562,85945200,746.8029998779297,728.2442004394532,742.7416361795213,50.74213499219188,4.034111911177774,0.2809841846628043
2026-06-18,747.760009765625,748.22998046875,743.8599853515625,746.739990234375,80875700,747.0774993896484,729.6588000488281,743.122431803793,54.111590718029376,3.9297754406693457,-0.05898526037521579
2026-06-22,747.7000122070312,750.1799926757812,743.1300048828125,744.3900146484375,45157614,747.161001586914,730.9484008789062,743.2431539794734,52.53804045241063,3.6157841370832102,-0.44164175395081584
